唯一id	活动id	活动名称	活动描述	提前小时	等级限制	开始显示时间	活动完全结束时间	活动日期范围	活动日期范围	掉落（组）	活动周期(星期几)	任务采集时间	条件处理(不要改动)	是否重复	处理参数	领奖类型	奖励表达式	是否重复	处理参数	领奖类型	奖励表达式	是否重复	处理参数	领奖类型	奖励表达式	是否重复	处理参数	领奖类型	奖励表达式	是否重复	处理参数	领奖类型	奖励表达式	是否重复	处理参数	领奖类型	奖励表达式	是否重复	处理参数	领奖类型	奖励表达式	是否重复	处理参数	领奖类型	奖励表达式	关联其他任务	是否是附属任务
INT	INT	STRING	STRING	INT	INT	STRING	STRING	STRING	STRING	STRING	STRING	STRING	INT	INT	STRING	INT	STRING	INT	STRING	INT	STRING	INT	STRING	INT	STRING	INT	STRING	INT	STRING	INT	STRING	INT	STRING	INT	STRING	INT	STRING	INT	STRING	INT	STRING	INT	STRING	INT	STRING	STRING	INT
id	actId	name	desc	beforeHr	limitLevel	opendate	closedate	fromdate	todate	dropId	dayofweek	timerange	handlerType	repeat1	arg1	awardType1	awardexp1	repeat2	arg2	awardType2	awardexp2	repeat3	arg3	awardType3	awardexp3	repeat4	arg4	awardType4	awardexp4	repeat5	arg5	awardType5	awardexp5	repeat6	arg6	awardType6	awardexp6	repeat7	arg7	awardType7	awardexp7	repeat8	arg8	awardType8	awardexp8	attach_actid	showinpannel
1012	140	vip商店	vip商店	0	20	2015/10/9 0:00	2015/10/15 23:59	2015/10/9 0:00	2015/10/15 23:59	"21401,60|21402,60|21403,60|21404,60|"			1	0	100	3	"0,1302,1"																														1
1016	30	充值返利	充值返利(单次)	0	1	2015/10/1 0:00	2015/10/3 23:59	2015/10/1 0:00	2015/10/3 23:59				5	0	6	3	"1,45001,5;"	0	30	3	"1,200,3;"	0	98	3	"1,94,50000;1,90,200000;"	0	198	3	"1,45157,8;"	0	328	3	"1,45157,20;"	0	648	3	"1,45181,70;1,60204,250;"										0
1017	31	充值返利	充值返利(单次+累计)	0	1	2015/10/1 0:00	2015/10/3 23:59	2015/10/1 0:00	2015/10/3 23:59				1	0	100	3	"1,94,50000;1,90,200000;"	0	300	3	"1,45157,6;"	0	500	3	"1,45157,20;"	0	1000	3	"1,24009,1;1,90,2000000;"																	30	1
1019	120	登陆赠礼	活动期间每日登录游戏均可领取奖励	0	20	2015/10/10 0:00	2015/10/11 23:59	2015/10/10 0:00	2015/10/11 23:59				4	0	1	3	"1,90,30000;1,94,30000;1,50001,20"	0	2	3	"1,90,30000;1,94,30000;1,50001,20"	0																									1
1023	120	登陆赠礼	活动期间每日登录游戏均可领取奖励	0	20	2015/10/23 0:00	2015/10/25 23:59	2015/10/23 0:00	2015/10/25 23:59				4	0	1	3	"1,90,30000;1,94,30000;1,50001,20"	0	2	3	"1,90,30000;1,94,30000;1,50001,20"	0	3	3	"1,90,50000;1,94,50000;1,50001,30"																						1
1024	135	惊喜放送	充值领奖(可选择奖励）	0	1	2015/10/23 0:00	2015/10/25 23:59	2015/10/23 0:00	2015/10/25 23:59				6	1	30	4	"1,1,98,2;2,1,98,2;3,1,98,2;"	1	98	4	"1,1,94,250000;2,1,94,250000;3,1,94,250000;"	1	98	4	"1,1,90,1000000;2,1,90,1000000;3,1,90,1000000;"																						1
1025	32	累充送礼	累充送礼	0	1	2015/10/23 0:00	2015/10/29 23:59	2015/10/23 0:00	2015/10/29 23:59				1	0	500	3	"1,90,500000;1,94,50000;1,50001,100;"	0	1000	3	"1,90,800000;1,200,10;0,1109,1,1,1,2;"	0	2000	3	"1,90,2000000;1,200,30;0,1326,1,1,1,2;"																						1
1027	32	累充送礼	累充送礼	0	1	2015/11/6 0:00	2015/11/12 23:59	2015/11/6 0:00	2015/11/12 23:59				1	0	500	3	"1,90,500000;1,94,50000;1,50001,100;"	0	1000	3	"1,90,800000;1,200,10;0,1181,1,1,1,2;"	0	2000	3	"1,90,2000000;1,200,30;0,1302,1,1,1,2;"																						1
1028	32	累充送礼	累充送礼	0	1	2015/11/13 0:00	2015/11/19 23:59	2015/11/13 0:00	2015/11/19 23:59				1	0	500	3	"1,90,500000;1,94,50000;1,50001,100;"	0	1000	3	"1,90,800000;1,200,10;0,1169,1,1,1,2;"	0	2000	3	"1,90,2000000;1,200,30;0,1314,1,1,1,2;"																						1
1029	147	魔法限购	魔法限购	0	20	2015/10/23 0:00	2015/11/19 23:59	2015/10/23 0:00	2015/11/19 23:59				0	1	"300,80"	0	"1,45265,5;1,45314,5;1,45302,5;1,45338,5;1,45326,5;"	1	"250,70"	0	"1,45013,5;1,45049,5;1,45061,5;1,45109,5;1,45133,5;1,45157,5;1,45169,5;1,45181,5;1,45193,5;1,45205,5;1,45217,5;1,45229,5;"	1	"150,50"	0	"1,34001,5;1,34002,5;1,34003,5;1,34004,5;1,34005,5;1,34006,5;1,34007,5;1,34008,5;1,34009,5;"																						1
1030	146	限时充值	限时充值	0	1	2015/10/24 0:00	2025/10/22 23:59	2015/10/24 0:00	2025/10/22 23:59				5																																		1
1031	120	登陆赠礼	活动期间每日登录游戏均可领取奖励	0	20	2015/11/6 0:00	2015/11/8 23:59	2015/11/6 0:00	2015/11/8 23:59				4	0	1	3	"1,90,30000;1,94,30000;1,50001,20"	0	2	3	"1,90,30000;1,94,30000;1,50001,20"	0	3	3	"1,90,50000;1,94,50000;1,50001,30"																						1
1032	135	惊喜放送	充值领奖(可选择奖励）	0	1	2015/11/6 0:00	2015/11/8 23:59	2015/11/6 0:00	2015/11/8 23:59				6	1	30	4	"1,1,98,2;2,1,98,2;3,1,98,2;"	1	98	4	"1,1,94,250000;2,1,94,250000;3,1,94,250000;"	1	98	4	"1,1,90,1000000;2,1,90,1000000;3,1,90,1000000;"																						1
1034	32	累充送礼	累充送礼	0	1	2015/11/27 0:00	2015/12/3 23:59	2015/11/27 0:00	2015/12/3 23:59				1	0	500	3	"1,90,500000;1,94,50000;1,50001,100;"	0	1000	3	"1,90,800000;1,200,10;0,1109,1,1,1,2;"	0	2000	3	"1,90,2000000;1,200,30;0,1326,1,1,1,2;"																						1
1035	32	累充送礼	累充送礼	0	1	2015/12/4 0:00	2015/12/10 23:59	2015/12/4 0:00	2015/12/10 23:59				1	0	500	3	"1,90,500000;1,94,50000;1,50001,100;"	0	1000	3	"1,90,800000;1,200,10;0,1061,1,1,2,2;"	0	2500	3	"1,90,2000000;1,200,30;0,1350,1,1,2,2;"																						1
1036	140	稀有植物	稀有植物	0	20	2015/11/5 0:00	2015/11/30 23:59	2015/11/5 0:00	2015/11/30 23:59	"21405,100|21401,60|21402,60|21403,60|21404,60|"			1	0	100	3	"0,1338,1"																														1
1037	140	稀有植物	稀有植物	0	20	2015/12/1 0:00	2015/12/31 0:00	2015/12/1 0:00	2015/12/31 0:00	"21406,100|21405,90|21401,60|21402,60|21403,60|21404,60|"			1	0	100	3	"0,1338,1"																														1
1038	147	魔法限购	魔法限购	0	20	2015/11/20 0:00	2015/12/3 23:59	2015/11/20 0:00	2015/12/3 23:59				0	1	"300,80"	0	"1,45265,5;1,45314,5;1,45302,5;1,45338,5;1,45326,5;1,45265,5;1,45314,5;1,45302,5;1,45338,5;1,45326,5;1,45265,5;1,45314,5;1,45302,5;1,45338,5;1,45326,5;1,45265,5;1,45314,5;1,45302,5;1,45338,5;1,45362,3;"	1	"250,70"	0	"1,45013,5;1,45049,5;1,45061,5;1,45109,5;1,45133,5;1,45157,5;1,45169,5;1,45181,5;1,45193,5;1,45205,5;1,45217,5;1,45229,5;"	1	"150,50"	0	"1,34001,5;1,34002,5;1,34003,5;1,34004,5;1,34005,5;1,34006,5;1,34007,5;1,34008,5;1,34009,5;"																						1
1039	135	惊喜放送	充值领奖(可选择奖励）	0	1	2015/11/20 0:00	2015/11/22 23:59	2015/11/20 0:00	2015/11/22 23:59				6	1	30	4	"1,1,98,2;2,1,98,2;3,1,98,2;"	1	98	4	"1,1,94,250000;2,1,94,250000;3,1,94,250000;"	1	98	4	"1,1,90,1000000;2,1,90,1000000;3,1,90,1000000;"																						1
1040	120	登陆赠礼	活动期间每日登录游戏均可领取奖励	0	20	2015/11/27 0:00	2015/11/29 23:59	2015/11/27 0:00	2015/11/29 23:59				4	0	1	3	"1,90,30000;1,94,30000;1,50001,20"	0	2	3	"1,90,30000;1,94,30000;1,50001,20"	0	3	3	"1,90,50000;1,94,50000;1,50001,30"																						1
1041	33	金币豪礼	累充送礼	0	1	2015/11/27 0:00	2015/11/29 23:59	2015/11/27 0:00	2015/11/29 23:59				1	0	6	3	"1,90,20000;1,50001,10"	0	30	3	"1,90,20000;1,50001,10"	0	100	3	"1,90,150000;1,50001,60"	0	200	3	"1,90,560000;1,50001,240"	0	500	3	"1,90,2100000;1,50001,900"														1
1042	120	登陆赠礼	活动期间每日登录游戏均可领取奖励	0	20	2015/12/11 0:00	2015/12/13 23:59	2015/12/11 0:00	2015/12/13 23:59				4	0	1	3	"1,90,30000;1,94,30000;1,50001,20"	0	2	3	"1,90,30000;1,94,30000;1,50001,20"	0	3	3	"1,90,50000;1,94,50000;1,50001,30"																						1
1044	120	登陆赠礼	活动期间每日登录游戏均可领取奖励	0	20	2015/12/18 0:00	2015/12/20 23:59	2015/12/18 0:00	2015/12/20 23:59				4	0	1	3	"1,90,30000;1,94,30000;1,50001,20"	0	2	3	"1,90,30000;1,94,30000;1,50001,20"	0	3	3	"1,90,50000;1,94,50000;1,50001,30"																						1
1045	140	稀有植物	稀有植物	0	20	2016/1/1 0:00	2016/1/31 0:00	2016/1/1 0:00	2016/1/31 0:00	"21407,100|21406,90|21401,60|21402,60|21405,90|21403,60|21404,60|"			1	0	100	3	"0,1338,1"																														1
1046	147	魔法限购	魔法限购	0	20	2015/12/5 0:00	2015/12/18 23:59	2015/12/5 0:00	2015/12/18 23:59				0	1	"300,80"	0	"1,45265,5;1,45314,5;1,45302,5;1,45338,5;1,45326,5;1,45265,5;1,45314,5;1,45302,5;1,45338,5;1,45326,5;1,45265,5;1,45314,5;1,45302,5;1,45338,5;1,45326,5;1,45362,3;1,45350,3;"	1	"250,70"	0	"1,45013,5;1,45049,5;1,45061,5;1,45109,5;1,45133,5;1,45157,5;1,45169,5;1,45181,5;1,45193,5;1,45205,5;1,45217,5;1,45229,5;"	1	"150,50"	0	"1,34001,5;1,34002,5;1,34003,5;1,34004,5;1,34005,5;1,34006,5;1,34007,5;1,34008,5;1,34009,5;"																						1
1047	32	累充送礼	累充送礼	0	1	2015/12/11 0:00	2015/12/17 23:59	2015/12/11 0:00	2015/12/17 23:59				1	0	500	3	"1,90,500000;1,94,50000;1,50001,100;"	0	1000	3	"1,90,800000;1,200,10;0,1157,1,1,1,2;"	0	2000	3	"1,90,2000000;1,200,30;0,1338,1,1,1,2;"																						1
1052	33	金币豪礼	累充返利	0	1	2015/12/24 0:00	2015/12/27 23:59	2015/12/24 0:00	2015/12/27 23:59				1	0	6	3	"1,90,20000;1,50001,10"	0	30	3	"1,90,20000;1,50001,10"	0	100	3	"1,90,150000;1,50001,60"	0	200	3	"1,90,560000;1,50001,240"	0	500	3	"1,90,2100000;1,50001,900"														1
1053	120	登陆赠礼	活动期间每日登录游戏均可领取奖励	0	20	2015/12/24 0:00	2015/12/27 23:59	2015/12/24 0:00	2015/12/27 23:59				4	0	1	3	"1,94,30000;1,200,1;1,169,1"	0	2	3	"1,94,50000;1,200,1;1,169,1"	0	3	3	"1,94,50000;1,200,1;1,169,2"	0	4	3	"1,94,50000;1,200,2;1,169,2"																		1
1054	120	登陆赠礼	活动期间每日登录游戏均可领取奖励	0	20	2016/1/1 0:00	2016/1/5 23:59	2016/1/1 0:00	2016/1/5 23:59				4	0	1	3	"1,94,30000;1,45037,2;1,50001,20"	0	2	3	"1,94,30000;1,45037,2;1,50001,20"	0	3	3	"1,94,50000;1,45037,2;1,50001,30"	0	4	3	"1,94,50000;1,45037,3;1,200,1"	0	5	3	"1,94,80000;1,45037,3;1,200,2"														1
1055	135	惊喜放送	充值领奖(可选择奖励）	0	1	2016/1/1 0:00	2016/1/3 23:59	2016/1/1 0:00	2016/1/3 23:59				6	1	30	4	"1,1,98,2;2,1,98,2;3,1,98,2;"	1	98	4	"1,1,94,250000;2,1,94,250000;3,1,94,250000;"	1	98	4	"1,1,90,1000000;2,1,90,1000000;3,1,90,1000000;"																						1
1056	147	魔法限购	魔法限购	0	20	2015/12/19 0:00	2016/1/14 23:59	2015/12/19 0:00	2016/1/14 23:59				0	1	"300,80"	0	"1,45265,5;1,45314,5;1,45302,5;1,45338,5;1,45326,5;1,45265,5;1,45314,5;1,45302,5;1,45338,5;1,45326,5;1,45265,5;1,45314,5;1,45302,5;1,45338,5;1,45326,5;1,45362,3;1,45350,3;"	1	"250,70"	0	"1,45013,5;1,45049,5;1,45061,5;1,45109,5;1,45133,5;1,45157,5;1,45169,5;1,45181,5;1,45193,5;1,45205,5;1,45217,5;1,45229,5;"	1	"150,50"	0	"1,34001,5;1,34002,5;1,34003,5;1,34004,5;1,34005,5;1,34006,5;1,34007,5;1,34008,5;1,34009,5;"																						1
1057	120	登陆赠礼	活动期间每日登录游戏均可领取奖励	0	20	2016/1/8 0:00	2016/1/10 23:59	2016/1/8 0:00	2016/1/10 23:59				4	0	1	3	"1,94,30000;1,90,30000;1,50001,20"	0	2	3	"1,94,30000;1,90,30000;1,50001,20"	0	3	3	"1,94,50000;1,90,50000;1,50001,30"																						1
1059	33	金币豪礼	累充返利	0	1	2016/1/15 0:00	2016/1/17 23:59	2016/1/15 0:00	2016/1/17 23:59				1	0	6	3	"1,90,20000;1,50001,10"	0	30	3	"1,90,20000;1,50001,10"	0	100	3	"1,90,150000;1,50001,60"	0	200	3	"1,90,560000;1,50001,240"	0	500	3	"1,90,2100000;1,50001,900"														1
1060	135	惊喜放送	充值领奖(可选择奖励）	0	1	2016/1/22 0:00	2016/1/24 23:59	2016/1/22 0:00	2016/1/24 23:59				6	1	30	4	"1,1,98,2;2,1,98,2;3,1,98,2;"	1	98	4	"1,1,94,250000;2,1,94,250000;3,1,94,250000;"	1	98	4	"1,1,90,1000000;2,1,90,1000000;3,1,90,1000000;"																						1
1064	147	魔法限购	魔法限购	0	20	2016/1/29 0:00	2016/2/4 23:59	2016/1/29 0:00	2016/2/4 23:59				0	1	"300,80"	0	"1,45265,5;1,45314,5;1,45302,5;1,45338,5;1,45326,5;1,45265,5;1,45314,5;1,45302,5;1,45338,5;1,45326,5;1,45265,5;1,45314,5;1,45302,5;1,45338,5;1,45326,5;1,45350,3;1,45362,3;1,45374,3;"	1	"250,70"	0	"1,45013,5;1,45049,5;1,45061,5;1,45109,5;1,45133,5;1,45157,5;1,45169,5;1,45181,5;1,45193,5;1,45205,5;1,45217,5;1,45229,5;"	1	"150,50"	0	"1,34001,5;1,34002,5;1,34003,5;1,34004,5;1,34005,5;1,34006,5;1,34007,5;1,34008,5;1,34009,5;"																						1
1065	32	累充送礼	累充送礼	0	1	2016/1/15 0:00	2016/1/21 23:59	2016/1/15 0:00	2016/1/21 23:59				1	0	500	3	"1,90,500000;1,94,50000;1,50001,100;"	0	1000	3	"1,90,800000;1,200,10;0,1205,1,1,1,2;"	0	2500	3	"1,90,2000000;1,200,30;0,1362,1,1,1,2;"																						1
1066	32	累充送礼	累充送礼	0	1	2016/1/22 0:00	2016/1/28 23:59	2016/1/22 0:00	2016/1/28 23:59				1	0	500	3	"1,90,500000;1,94,50000;1,50001,100;"	0	1000	3	"1,90,800000;1,200,10;0,1061,1,1,1,2;"	0	2500	3	"1,90,2000000;1,200,30;0,1350,1,1,1,2;"																						1
1067	32	累充送礼	累充送礼	0	1	2016/1/29 0:00	2016/2/4 23:59	2016/1/29 0:00	2016/2/4 23:59				1	0	500	3	"1,90,500000;1,94,50000;1,50001,100;"	0	1000	3	"1,90,800000;1,200,10;0,1193,1,1,1,2;"	0	2500	3	"1,90,2000000;1,200,30;0,1374,1,1,1,2;"																						1
1074	135	惊喜放送	充值领奖(可选择奖励）	0	1	2016/2/19 0:00	2016/2/21 23:59	2016/2/19 0:00	2016/2/21 23:59				6	1	30	4	"1,1,98,2;2,1,98,2;3,1,98,2;"	1	98	4	"1,1,94,250000;2,1,94,250000;3,1,94,250000;"	1	98	4	"1,1,90,1000000;2,1,90,1000000;3,1,90,1000000;"																						1
1075	135	惊喜放送	充值领奖(可选择奖励）	0	1	2016/2/6 0:00	2016/2/8 23:59	2016/2/6 0:00	2016/2/8 23:59				6	1	30	4	"1,1,45037,10;2,1,45121,10;3,1,45205,10"	1	98	4	"1,0,1049,1,1,1,0;2,0,1061,1,1,1,0;3,0,1193,1,1,1,0"	1	98	4	"1,0,1109,1,1,1,0;2,0,1013,1,1,1,0;3,0,1265,1,1,1,0"																						1
1076	135	惊喜放送	充值领奖(可选择奖励）	0	1	2016/2/12 0:00	2016/2/14 23:59	2016/2/12 0:00	2016/2/14 23:59				6	1	30	4	"1,1,45037,10;2,1,45121,10;3,1,45205,10"	1	98	4	"1,0,1049,1,1,1,0;2,0,1061,1,1,1,0;3,0,1193,1,1,1,0"	1	98	4	"1,0,1109,1,1,1,0;2,0,1013,1,1,1,0;3,0,1265,1,1,1,0"																						1
1077	136	觉醒时刻	累计消耗钻石领奖	0	20	2016/2/26 0:00	2016/2/28 23:59	2016/2/26 0:00	2016/2/28 23:59				2	0	500	3	"1,94,50000;1,90,50000;1,200,1"	0	2000	3	"1,60204,2000;1,45326,10"	0	5000	3	"1,60204,3000;1,45326,20"	0	10000	3	"1,94,200000;0,1326,1,1,1,1"																		1
1078	32	累充送礼	累充送礼	0	1	2016/2/5 0:00	2016/2/11 23:59	2016/2/5 0:00	2016/2/11 23:59				1	0	500	3	"1,90,500000;1,94,50000;1,50001,100;"	0	1000	3	"1,90,800000;1,200,10;0,1205,1,1,1,2;"	0	2500	3	"1,90,2000000;1,200,30;0,1362,1,1,1,2;"																						1
1079	32	累充送礼	累充送礼	0	1	2016/2/12 0:00	2016/2/18 23:59	2016/2/12 0:00	2016/2/18 23:59				1	0	500	3	"1,90,500000;1,94,50000;1,50001,100;"	0	1000	3	"1,90,800000;1,200,10;0,1049,1,1,1,2;"	0	2500	3	"1,90,2000000;1,200,30;0,1386,1,1,1,2;"																						1
1080	32	累充送礼	累充送礼	0	1	2016/2/19 0:00	2016/2/25 23:59	2016/2/19 0:00	2016/2/25 23:59				1	0	500	3	"1,90,500000;1,94,50000;1,50001,100;"	0	1000	3	"1,90,800000;1,200,10;0,1061,1,1,1,2;"	0	2500	3	"1,90,2000000;1,200,30;0,1350,1,1,1,2;"																						1
1081	32	累充送礼	累充送礼	0	1	2016/2/26 0:00	2016/3/3 23:59	2016/2/26 0:00	2016/3/3 23:59				1	0	500	3	"1,90,500000;1,94,50000;1,50001,100;"	0	1000	3	"1,90,800000;1,200,10;0,1193,1,1,1,2;"	0	2500	3	"1,90,2000000;1,200,30;0,1374,1,1,1,2;"																						1
1082	147	魔法限购	魔法限购	0	20	2016/2/5 0:00	2016/2/11 23:59	2016/2/5 0:00	2016/2/11 23:59				0	1	"300,80"	0	"1,45265,5;1,45314,5;1,45302,5;1,45338,5;1,45326,5;1,45265,5;1,45314,5;1,45302,5;1,45338,5;1,45326,5;1,45265,5;1,45314,5;1,45302,5;1,45338,5;1,45326,5;1,45350,3;1,45362,3;1,45374,3;"	1	"250,70"	0	"1,45013,5;1,45049,5;1,45061,5;1,45109,5;1,45133,5;1,45157,5;1,45169,5;1,45181,5;1,45193,5;1,45205,5;1,45217,5;1,45229,5;"	1	"150,50"	0	"1,34001,5;1,34002,5;1,34003,5;1,34004,5;1,34005,5;1,34006,5;1,34007,5;1,34008,5;1,34009,5;"																						1
1083	147	魔法限购	魔法限购	0	20	2016/2/12 0:00	2016/2/18 23:59	2016/2/12 0:00	2016/2/18 23:59				0	1	"300,80"	0	"1,45265,5;1,45314,5;1,45302,5;1,45338,5;1,45326,5;1,45265,5;1,45314,5;1,45302,5;1,45338,5;1,45326,5;1,45265,5;1,45314,5;1,45302,5;1,45338,5;1,45326,5;1,45350,3;1,45362,3;1,45374,3;"	1	"250,70"	0	"1,45013,5;1,45049,5;1,45061,5;1,45109,5;1,45133,5;1,45157,5;1,45169,5;1,45181,5;1,45193,5;1,45205,5;1,45217,5;1,45229,5;"	1	"150,50"	0	"1,34001,5;1,34002,5;1,34003,5;1,34004,5;1,34005,5;1,34006,5;1,34007,5;1,34008,5;1,34009,5;"																						1
1084	140	稀有植物	稀有植物	0	20	2016/2/1 0:00	2016/2/29 0:00	2016/2/1 0:00	2016/2/29 0:00	"21408,100|21407,100|21406,90|21401,60|21402,60|21405,90|21403,60|21404,60|"			1	0	100	3	"0,1338,1"																														1
1085	32	累充送礼	累充送礼	0	1	2016/3/4 0:00	2016/3/10 23:59	2016/3/4 0:00	2016/3/10 23:59				1	0	500	3	"1,90,500000;1,94,50000;1,50001,100;"	0	1000	3	"1,90,800000;1,200,10;0,1049,1,1,1,2;"	0	2500	3	"1,90,2000000;1,200,30;0,1386,1,1,1,2;"																						1
1086	32	累充送礼	累充送礼	0	1	2016/3/11 0:00	2016/3/17 23:59	2016/3/11 0:00	2016/3/17 23:59				1	0	500	3	"1,90,500000;1,94,50000;1,50001,100;"	0	1000	3	"1,90,800000;1,200,10;0,1061,1,1,1,2;"	0	2500	3	"1,90,2000000;1,200,30;0,1350,1,1,1,2;"																						1
1087	32	累充送礼	累充送礼	0	1	2016/3/18 0:00	2016/3/24 23:59	2016/3/18 0:00	2016/3/24 23:59				1	0	500	3	"1,90,500000;1,94,50000;1,50001,100;"	0	1000	3	"1,90,800000;1,200,10;0,1193,1,1,1,2;"	0	2500	3	"1,90,2000000;1,200,30;0,1374,1,1,1,2;"																						1
1088	32	累充送礼	累充送礼	0	1	2016/3/25 0:00	2016/3/31 23:59	2016/3/25 0:00	2016/3/31 23:59				1	0	500	3	"1,90,500000;1,94,50000;1,50001,100;"	0	1000	3	"1,90,800000;1,200,10;0,1205,1,1,1,2;"	0	2500	3	"1,90,2000000;1,200,30;0,1362,1,1,1,2;"																						1
1089	147	魔法限购	魔法限购	0	20	2016/3/4 0:00	2016/3/10 23:59	2016/3/4 0:00	2016/3/10 23:59				0	1	"300,80"	0	"1,45265,5;1,45314,5;1,45302,5;1,45338,5;1,45326,5;1,45265,5;1,45314,5;1,45302,5;1,45338,5;1,45326,5;1,45265,5;1,45314,5;1,45302,5;1,45338,5;1,45326,5;1,45350,3;1,45362,3;1,45374,3;1,45386,3;"	1	"250,70"	0	"1,45013,5;1,45049,5;1,45061,5;1,45109,5;1,45133,5;1,45157,5;1,45169,5;1,45181,5;1,45193,5;1,45205,5;1,45217,5;1,45229,5;"	1	"150,50"	0	"1,34001,5;1,34002,5;1,34003,5;1,34004,5;1,34005,5;1,34006,5;1,34007,5;1,34008,5;1,34009,5;"																						1
1090	147	魔法限购	魔法限购	0	20	2016/3/11 0:00	2016/3/17 23:59	2016/3/11 0:00	2016/3/17 23:59				0	1	"300,80"	0	"1,45265,5;1,45314,5;1,45302,5;1,45338,5;1,45326,5;1,45265,5;1,45314,5;1,45302,5;1,45338,5;1,45326,5;1,45265,5;1,45314,5;1,45302,5;1,45338,5;1,45326,5;1,45350,3;1,45362,3;1,45374,3;1,45386,3;"	1	"250,70"	0	"1,45013,5;1,45049,5;1,45061,5;1,45109,5;1,45133,5;1,45157,5;1,45169,5;1,45181,5;1,45193,5;1,45205,5;1,45217,5;1,45229,5;"	1	"150,50"	0	"1,34001,5;1,34002,5;1,34003,5;1,34004,5;1,34005,5;1,34006,5;1,34007,5;1,34008,5;1,34009,5;"																						1
1091	147	魔法限购	魔法限购	0	20	2016/3/18 0:00	2016/3/24 23:59	2016/3/18 0:00	2016/3/24 23:59				0	1	"300,80"	0	"1,45265,5;1,45314,5;1,45302,5;1,45338,5;1,45326,5;1,45265,5;1,45314,5;1,45302,5;1,45338,5;1,45326,5;1,45265,5;1,45314,5;1,45302,5;1,45338,5;1,45326,5;1,45350,3;1,45362,3;1,45374,3;1,45386,3;"	1	"250,70"	0	"1,45013,5;1,45049,5;1,45061,5;1,45109,5;1,45133,5;1,45157,5;1,45169,5;1,45181,5;1,45193,5;1,45205,5;1,45217,5;1,45229,5;"	1	"150,50"	0	"1,34001,5;1,34002,5;1,34003,5;1,34004,5;1,34005,5;1,34006,5;1,34007,5;1,34008,5;1,34009,5;"																						1
1092	147	魔法限购	魔法限购	0	20	2016/3/25 0:00	2016/3/31 23:59	2016/3/25 0:00	2016/3/31 23:59				0	1	"300,80"	0	"1,45265,5;1,45314,5;1,45302,5;1,45338,5;1,45326,5;1,45265,5;1,45314,5;1,45302,5;1,45338,5;1,45326,5;1,45265,5;1,45314,5;1,45302,5;1,45338,5;1,45326,5;1,45350,3;1,45362,3;1,45374,3;1,45386,3;"	1	"250,70"	0	"1,45013,5;1,45049,5;1,45061,5;1,45109,5;1,45133,5;1,45157,5;1,45169,5;1,45181,5;1,45193,5;1,45205,5;1,45217,5;1,45229,5;"	1	"150,50"	0	"1,34001,5;1,34002,5;1,34003,5;1,34004,5;1,34005,5;1,34006,5;1,34007,5;1,34008,5;1,34009,5;"																						1
1093	140	稀有植物	稀有植物	0	20	2016/3/1 0:00	2016/3/31 0:00	2016/3/1 0:00	2016/3/31 0:00	"21408,100|21407,100|21406,90|21401,60|21402,60|21405,90|21403,60|21404,60|"			1	0	100	3	"0,1338,1"																														1
1094	120	登陆赠礼	活动期间每日登录游戏均可领取奖励	0	20	2016/3/4 0:00	2016/3/6 23:59	2016/3/4 0:00	2016/3/6 23:59				4	0	1	3	"1,94,30000;1,90,30000;1,50001,30"	0	2	3	"1,94,30000;1,90,30000;1,50001,30"	0	3	3	"1,94,30000;1,90,30000;1,50001,30"																						1
1095	120	登陆赠礼	活动期间每日登录游戏均可领取奖励	0	20	2016/3/18 0:00	2016/3/20 23:59	2016/3/18 0:00	2016/3/20 23:59				4	0	1	3	"1,94,30000;1,90,30000;1,50001,30"	0	2	3	"1,94,30000;1,90,30000;1,50001,30"	0	3	3	"1,94,30000;1,90,30000;1,50001,30"																						1
1096	120	登陆赠礼	活动期间每日登录游戏均可领取奖励	0	20	2016/3/25 0:00	2016/3/27 23:59	2016/3/25 0:00	2016/3/27 23:59				4	0	1	3	"1,94,30000;1,90,30000;1,50001,30"	0	2	3	"1,94,30000;1,90,30000;1,50001,30"	0	3	3	"1,94,30000;1,90,30000;1,50001,30"																						1
1097	136	觉醒时刻	累计消耗钻石领奖	0	20	2016/3/4 0:00	2016/3/6 23:59	2016/3/4 0:00	2016/3/6 23:59				2	0	500	3	"1,94,50000;1,90,50000;1,200,1"	0	2000	3	"1,60204,2000;1,45338,10"	0	5000	3	"1,60204,3000;1,45338,20"	0	10000	3	"1,94,200000;0,1338,1,1,1,1"																		1
1098	33	金币豪礼	累充返利	0	1	2016/3/11 0:00	2016/3/13 23:59	2016/3/11 0:00	2016/3/13 23:59				1	0	6	3	"1,90,20000;1,50001,10"	0	30	3	"1,90,20000;1,50001,10"	0	100	3	"1,90,150000;1,50001,60"	0	200	3	"1,90,560000;1,50001,240"	0	500	3	"1,90,2100000;1,50001,900"														1
1099	33	金币豪礼	累充返利	0	1	2016/3/18 0:00	2016/3/20 23:59	2016/3/18 0:00	2016/3/20 23:59				1	0	6	3	"1,90,20000;1,50001,10"	0	30	3	"1,90,20000;1,50001,10"	0	100	3	"1,90,150000;1,50001,60"	0	200	3	"1,90,560000;1,50001,240"	0	500	3	"1,90,2100000;1,50001,900"														1
1101	120	登陆赠礼	活动期间每日登录游戏均可领取奖励	0	20	2016/3/11 0:00	2016/3/13 23:59	2016/3/11 0:00	2016/3/13 23:59				4	0	1	3	"1,94,30000;1,90,30000;1,50001,30"	0	2	3	"1,94,30000;1,90,30000;1,50001,30"	0	3	3	"1,94,30000;1,90,30000;1,50001,30"																						1
1102	135	惊喜放送	充值领奖(可选择奖励）	0	1	2016/3/11 0:00	2016/3/24 23:59	2016/3/11 0:00	2016/3/24 23:59				6	1	30	4	"1,1,98,3;2,1,98,3;3,1,98,3;4,1,98,3;5,1,98,3;6,1,98,3;7,1,98,3;8,1,99,3;9,1,99,3;10,1,99,3;11,1,99,5;12,1,99,5;13,1,99,5;14,1,99,5;"	1	98	4	"1,0,1193,1,1,1,0;2,0,1061,1,1,1,0;3,0,1217,1,1,1,0;4,0,1205,1,1,1,0;5,0,1181,1,1,1,0;6,0,1314,1,1,1,0;7,0,1314,1,1,1,0;8,0,1326,1,1,1,0;9,0,1326,1,1,1,0;10,0,1362,1,1,1,0;11,0,1362,1,1,1,0;12,0,1374,1,1,1,0;13,0,1374,1,1,1,0;14,1,16031,1;"	1	98	4	"1,0,1157,1,1,1,0;2,0,1229,1,1,1,0;3,0,1169,1,1,1,0;4,0,1109,1,1,1,0;5,0,1013,1,1,1,0;6,0,1265,1,1,1,0;7,0,1302,1,1,1,0;8,0,1302,1,1,1,0;9,0,1338,1,1,1,0;10,0,1338,1,1,1,0;11,0,1350,1,1,1,0;12,0,1350,1,1,1,0;13,0,1386,1,1,1,0;14,0,1386,1,1,1,0;"																						1
1103	136	觉醒时刻	累计消耗钻石领奖	0	20	2016/3/28 0:00	2016/3/30 23:59	2016/3/28 0:00	2016/3/30 23:59				2	0	500	3	"1,94,50000;1,90,50000;1,200,1"	0	2000	3	"1,60204,2000;1,45326,10"	0	5000	3	"1,60204,3000;1,45326,20"	0	10000	3	"1,94,200000;0,1326,1,1,1,1"																		1
1103	135	惊喜放送	充值领奖(可选择奖励）	0	1	2016/4/1 0:00	2016/4/7 23:59	2016/4/1 0:00	2016/4/7 23:59				6	1	30	4	"1,1,98,3;2,1,98,3;3,1,98,3;4,1,98,3;5,1,98,3;6,1,98,3;7,1,98,3;8,1,99,3;9,1,99,3;10,1,99,3;11,1,99,5;12,1,99,5;13,1,99,5;14,1,99,5;"	1	98	4	"1,0,1193,1,1,1,0;2,0,1061,1,1,1,0;3,0,1217,1,1,1,0;4,0,1205,1,1,1,0;5,0,1181,1,1,1,0;6,0,1314,1,1,1,0;7,0,1314,1,1,1,0;8,0,1326,1,1,1,0;9,0,1326,1,1,1,0;10,0,1362,1,1,1,0;11,0,1362,1,1,1,0;12,0,1374,1,1,1,0;13,0,1374,1,1,1,0;14,1,16031,1;"	1	98	4	"1,0,1157,1,1,1,0;2,0,1229,1,1,1,0;3,0,1169,1,1,1,0;4,0,1109,1,1,1,0;5,0,1013,1,1,1,0;6,0,1265,1,1,1,0;7,0,1302,1,1,1,0;8,0,1302,1,1,1,0;9,0,1338,1,1,1,0;10,0,1338,1,1,1,0;11,0,1350,1,1,1,0;12,0,1350,1,1,1,0;13,0,1386,1,1,1,0;14,0,1386,1,1,1,0;"																						1
1104	120	登陆赠礼	活动期间每日登录游戏均可领取奖励	0	20	2016/4/1 0:00	2016/4/3 23:59	2016/4/1 0:00	2016/4/3 23:59				4	0	1	3	"1,94,30000;1,90,30000;1,50001,30"	0	2	3	"1,94,30000;1,90,30000;1,50001,30"	0	3	3	"1,94,30000;1,90,30000;1,50001,30"																						1
1105	120	登陆赠礼	活动期间每日登录游戏均可领取奖励	0	20	2016/4/8 0:00	2016/4/10 23:59	2016/4/8 0:00	2016/4/10 23:59				4	0	1	3	"1,94,60000;1,90,60000;1,50001,100"	0	2	3	"1,94,60000;1,90,60000;1,50001,100"	0	3	3	"1,94,60000;1,90,60000;1,50001,100"																						1
1106	33	金币豪礼	累充返利	0	1	2016/4/1 0:00	2016/4/3 23:59	2016/4/1 0:00	2016/4/3 23:59				1	0	6	3	"1,90,20000;1,50001,10"	0	30	3	"1,90,20000;1,50001,10"	0	100	3	"1,90,150000;1,50001,60"	0	200	3	"1,90,560000;1,50001,240"	0	500	3	"1,90,2100000;1,50001,900"														1
1107	140	稀有植物	稀有植物	0	20	2016/4/8 0:00	2016/4/9 0:00	2016/4/8 0:00	2016/4/9 0:00	"21408,100|21407,100|21406,90|21401,60|21402,60|21405,90|21403,60|21404,60|"			1	0	100	3	"0,1338,1"																														1
1108	140	稀有植物	稀有植物	0	20	2016/4/13 0:00	2016/4/15 0:00	2016/4/13 0:00	2016/4/15 0:00	"21408,100|21407,100|21406,90|21401,60|21402,60|21405,90|21403,60|21404,60|"			1	0	100	3	"0,1338,1"																														1
1109	135	惊喜放送	充值领奖(可选择奖励）	0	1	2016/4/8 0:00	2016/4/10 23:59	2016/4/8 0:00	2016/4/10 23:59				6	1	30	4	"1,1,45037,10;2,1,45121,10;3,1,45205,10"	1	98	4	"1,0,1049,1,1,1,0;2,0,1061,1,1,1,0;3,0,1193,1,1,1,0"	1	98	4	"1,0,1109,1,1,1,0;2,0,1013,1,1,1,0;3,0,1265,1,1,1,0"																						1
1110	120	登陆赠礼	活动期间每日登录游戏均可领取奖励	0	20	2016/4/15 0:00	2016/4/17 23:59	2016/4/15 0:00	2016/4/17 23:59				4	0	1	3	"1,94,60000;1,90,60000;1,50001,100"	0	2	3	"1,94,60000;1,90,60000;1,50001,100"	0	3	3	"1,94,60000;1,90,60000;1,50001,100"																						1
1111	136	觉醒时刻	累计消耗钻石领奖	0	20	2016/4/15 0:00	2016/4/17 23:59	2016/4/15 0:00	2016/4/17 23:59				2	0	500	3	"1,94,50000;1,90,50000;1,200,1"	0	2000	3	"1,60204,2000;1,45133,10"	0	5000	3	"1,60204,3000;1,45133,20"	0	10000	3	"1,94,200000;0,1133,1,1,1,1"																		1
1112	32	累充送礼	累充送礼	0	1	2016/4/15 0:00	2016/4/21 23:59	2016/4/15 0:00	2016/4/21 23:59				1	0	500	3	"1,90,500000;1,94,50000;1,50001,100;"	0	1000	3	"1,90,800000;1,200,10;0,1302,1,1,1,2;"	0	2500	3	"1,90,2000000;1,200,30;0,1362,1,1,1,2;"																						1
1113	33	金币豪礼	累充返利	0	1	2016/4/18 0:00	2016/4/19 23:59	2016/4/18 0:00	2016/4/19 23:59				1	0	6	3	"1,90,20000;1,50001,10"	0	30	3	"1,90,20000;1,50001,10"	0	100	3	"1,90,150000;1,50001,60"	0	200	3	"1,90,560000;1,50001,240"	0	500	3	"1,90,2100000;1,50001,900"														1
1114	147	魔法限购	魔法限购	0	20	2016/4/20 0:00	2016/4/21 23:59	2016/4/20 0:00	2016/4/21 23:59				0	1	"300,80"	0	"1,45265,5;1,45314,5;1,45302,5;1,45338,5;1,45326,5;1,45265,5;1,45314,5;1,45302,5;1,45338,5;1,45326,5;1,45265,5;1,45314,5;1,45302,5;1,45338,5;1,45326,5;1,45350,3;1,45362,3;1,45374,3;1,45386,3;"	1	"250,70"	0	"1,45013,5;1,45049,5;1,45061,5;1,45109,5;1,45133,5;1,45157,5;1,45169,5;1,45181,5;1,45193,5;1,45205,5;1,45217,5;1,45229,5;"	1	"150,50"	0	"1,34001,5;1,34002,5;1,34003,5;1,34004,5;1,34005,5;1,34006,5;1,34007,5;1,34008,5;1,34009,5;"																						1
1115	120	登陆赠礼	活动期间每日登录游戏均可领取奖励	0	20	2016/4/22 0:00	2016/4/24 23:59	2016/4/22 0:00	2016/4/24 23:59				4	0	1	3	"1,94,60000;1,91,200;1,50001,500"	0	2	3	"1,94,60000;1,91,200;1,50001,500"	0	3	3	"1,94,60000;1,91,200;1,50001,500"																						1
1116	32	累充送礼	累充送礼	0	1	2016/4/22 0:00	2016/4/28 23:59	2016/4/22 0:00	2016/4/28 23:59				1	0	500	3	"1,90,500000;1,94,50000;1,50001,100;"	0	1000	3	"1,90,800000;1,200,10;0,1061,1,1,1,2;"	0	2500	3	"1,90,2000000;1,200,30;0,1350,1,1,1,2;"																						1
1117	32	累充送礼	累充送礼	0	1	2016/4/29 0:00	2016/5/5 23:59	2016/4/29 0:00	2016/5/5 23:59				1	0	500	3	"1,90,500000;1,94,50000;1,50001,100;"	0	1000	3	"1,90,800000;1,200,10;0,1049,1,1,1,2;"	0	2500	3	"1,90,2000000;1,200,30;0,1386,1,1,1,2;"																						1
1118	135	惊喜放送	充值领奖(可选择奖励）	0	1	2016/4/22 0:00	2016/4/24 23:59	2016/4/22 0:00	2016/4/24 23:59				6	1	30	4	"1,1,45037,10;2,1,45121,10;3,1,45205,10"	1	98	4	"1,0,1013,1,1,1,0;2,0,1049,1,1,1,0;3,0,1133,1,1,1,0"	1	98	4	"1,0,1205,1,1,1,0;2,0,1109,1,1,1,0;3,0,1157,1,1,1,0"																						1
1119	135	惊喜放送	充值领奖(可选择奖励）	0	1	2016/4/29 0:00	2016/5/1 23:59	2016/4/29 0:00	2016/5/1 23:59				6	1	30	4	"1,1,45001,10;2,1,45025,10;3,1,45037,10"	1	98	4	"1,0,1169,1,1,1,0;2,0,1193,1,1,1,0;3,0,1229,1,1,1,0"	1	98	4	"1,0,1181,1,1,1,0;2,0,1217,1,1,1,0;3,0,1265,1,1,1,0"																						1
1120	33	金币豪礼	累充返利	0	1	2016/4/25 0:00	2016/4/26 23:59	2016/4/25 0:00	2016/4/26 23:59				1	0	6	3	"1,90,20000;1,50001,10"	0	30	3	"1,90,20000;1,50001,10"	0	100	3	"1,90,150000;1,50001,60"	0	200	3	"1,90,500000;1,50001,240"	0	500	3	"1,90,1800000;1,50001,900"														1
1121	147	魔法限购	魔法限购	0	20	2016/4/25 0:00	2016/4/26 23:59	2016/4/25 0:00	2016/4/26 23:59				0	1	"300,80"	0	"1,45265,5;1,45314,5;1,45302,5;1,45338,5;1,45326,5;1,45265,5;1,45314,5;1,45302,5;1,45338,5;1,45326,5;1,45265,5;1,45314,5;1,45302,5;1,45338,5;1,45326,5;1,45350,3;1,45362,3;1,45374,3;1,45386,3;"	1	"250,70"	0	"1,45013,5;1,45049,5;1,45061,5;1,45109,5;1,45133,5;1,45157,5;1,45169,5;1,45181,5;1,45193,5;1,45205,5;1,45217,5;1,45229,5;"	1	"150,50"	0	"1,34001,5;1,34002,5;1,34003,5;1,34004,5;1,34005,5;1,34006,5;1,34007,5;1,34008,5;1,34009,5;"																						1
1122	140	稀有植物	稀有植物	0	20	2016/4/27 0:00	2016/4/28 23:59	2016/4/27 0:00	2016/4/28 23:59	"21408,100|21407,100|21406,90|21401,60|21402,60|21405,90|21403,60|21404,60|"			1	0	100	3	"0,1338,1"																														1
1123	120	登陆赠礼	活动期间每日登录游戏均可领取奖励	0	20	2016/4/29 0:00	2016/5/1 23:59	2016/4/29 0:00	2016/5/1 23:59				4	0	1	3	"1,94,60000;1,91,1000;1,50001,200"	0	2	3	"1,94,60000;1,91,1000;1,50001,200"	0	3	3	"1,94,60000;1,91,1000;1,50001,200"																						1
1124	33	金币豪礼(盛开的太阳花)	累充返利	0	1	2016/5/2 0:00	2016/5/3 23:59	2016/5/2 0:00	2016/5/3 23:59				1	0	6	3	"1,94,20000;1,50001,10"	0	30	3	"1,94,20000;1,50001,10"	0	100	3	"1,94,150000;1,50001,60"	0	200	3	"1,94,500000;1,50001,240"	0	500	3	"1,94,1800000;1,50001,900"														1
1125	33	金币豪礼(盛开的太阳花)	累充返利	0	1	2016/5/9 0:00	2016/5/10 23:59	2016/5/9 0:00	2016/5/10 23:59				1	0	6	3	"1,94,20000;1,50001,10"	0	30	3	"1,94,20000;1,50001,10"	0	100	3	"1,94,150000;1,50001,60"	0	200	3	"1,94,500000;1,50001,240"	0	500	3	"1,94,1800000;1,50001,900"														1
1126	147	魔法限购	魔法限购	0	20	2016/5/2 0:00	2016/5/3 23:59	2016/5/2 0:00	2016/5/3 23:59				0	1	"300,80"	0	"1,45265,5;1,45314,5;1,45302,5;1,45338,5;1,45326,5;1,45265,5;1,45314,5;1,45302,5;1,45338,5;1,45326,5;1,45265,5;1,45314,5;1,45302,5;1,45338,5;1,45326,5;1,45350,3;1,45362,3;1,45374,3;1,45386,3;"	1	"250,70"	0	"1,45013,5;1,45049,5;1,45061,5;1,45109,5;1,45133,5;1,45157,5;1,45169,5;1,45181,5;1,45193,5;1,45205,5;1,45217,5;1,45229,5;"	1	"150,50"	0	"1,34001,5;1,34002,5;1,34003,5;1,34004,5;1,34005,5;1,34006,5;1,34007,5;1,34008,5;1,34009,5;"																						1
1127	147	魔法限购	魔法限购	0	20	2016/5/9 0:00	2016/5/10 23:59	2016/5/9 0:00	2016/5/10 23:59				0	1	"300,80"	0	"1,45265,5;1,45314,5;1,45302,5;1,45338,5;1,45326,5;1,45265,5;1,45314,5;1,45302,5;1,45338,5;1,45326,5;1,45265,5;1,45314,5;1,45302,5;1,45338,5;1,45326,5;1,45350,3;1,45362,3;1,45374,3;1,45386,3;"	1	"250,70"	0	"1,45013,5;1,45049,5;1,45061,5;1,45109,5;1,45133,5;1,45157,5;1,45169,5;1,45181,5;1,45193,5;1,45205,5;1,45217,5;1,45229,5;"	1	"150,50"	0	"1,34001,5;1,34002,5;1,34003,5;1,34004,5;1,34005,5;1,34006,5;1,34007,5;1,34008,5;1,34009,5;"																						1
1128	32	累充送礼	累充豪礼	0	1	2016/5/6 0:00	2016/5/12 23:59	2016/5/6 0:00	2016/5/12 23:59				1	0	500	3	"1,90,500000;1,94,50000;1,50001,100;"	0	1000	3	"1,90,800000;1,200,10;0,1061,1,1,1,2;"	0	2500	3	"1,90,2000000;1,200,30;0,1350,1,1,1,2;"																						1
1129	32	累充送礼	累充豪礼	0	1	2016/5/13 0:00	2016/5/19 23:59	2016/5/13 0:00	2016/5/19 23:59				1	0	500	3	"1,90,500000;1,94,50000;1,50001,100;"	0	1000	3	"1,90,800000;1,200,10;0,1193,1,1,1,2;"	0	2500	3	"1,90,2000000;1,200,30;0,1374,1,1,1,2;"																						1
1130	120	登陆赠礼	活动期间每日登录游戏均可领取奖励	0	20	2016/5/6 0:00	2016/5/8 23:59	2016/5/6 0:00	2016/5/8 23:59				4	0	1	3	"1,94,60000;1,91,200;1,50001,200"	0	2	3	"1,94,60000;1,91,200;1,50001,200"	0	3	3	"1,94,60000;1,91,200;1,50001,200"																						1
1131	120	登陆赠礼	活动期间每日登录游戏均可领取奖励	0	20	2016/5/13 0:00	2016/5/15 23:59	2016/5/13 0:00	2016/5/15 23:59				4	0	1	3	"1,94,60000;1,91,200;1,50001,200"	0	2	3	"1,94,60000;1,91,200;1,50001,200"	0	3	3	"1,94,60000;1,91,200;1,50001,200"																						1
1132	135	惊喜放送	充值领奖(可选择奖励）	0	1	2016/5/6 0:00	2016/5/8 23:59	2016/5/6 0:00	2016/5/8 23:59				6	1	30	4	"1,1,45037,10;2,1,45121,10;3,1,45205,10"	1	98	4	"1,0,1013,1,1,1,0;2,0,1049,1,1,1,0;3,0,1133,1,1,1,0"	1	98	4	"1,0,1205,1,1,1,0;2,0,1109,1,1,1,0;3,0,1157,1,1,1,0"																						1
1133	135	惊喜放送	充值领奖(可选择奖励）	0	1	2016/5/13 0:00	2016/5/15 23:59	2016/5/13 0:00	2016/5/15 23:59				6	1	30	4	"1,1,45001,10;2,1,45025,10;3,1,45037,10"	1	98	4	"1,0,1169,1,1,1,0;2,0,1193,1,1,1,0;3,0,1229,1,1,1,0"	1	98	4	"1,0,1181,1,1,1,0;2,0,1217,1,1,1,0;3,0,1265,1,1,1,0"																						1
1134	140	稀有植物	稀有植物	0	20	2016/5/11 0:00	2016/5/12 23:59	2016/5/11 0:00	2016/5/12 23:59	"21408,100|21407,100|21406,90|21401,60|21402,60|21405,90|21403,60|21404,60|"			1	0	100	3	"0,1338,1"																														1
1135	136	觉醒时刻	累计消耗钻石领奖	0	20	2016/5/16 0:00	2016/5/17 23:59	2016/5/16 0:00	2016/5/17 23:59				2	0	500	3	"1,94,50000;1,90,50000;1,200,1"	0	2000	3	"1,60204,2000;1,45169,10"	0	5000	3	"1,60204,3000;1,45169,20"	0	10000	3	"1,94,200000;0,1169,1,1,1,1"																		1
1136	147	魔法限购	魔法限购	0	20	2016/5/16 0:00	2016/5/17 23:59	2016/5/16 0:00	2016/5/17 23:59				0	1	"300,80"	0	"1,45265,5;1,45314,5;1,45302,5;1,45338,5;1,45326,5;1,45265,5;1,45314,5;1,45302,5;1,45338,5;1,45326,5;1,45265,5;1,45314,5;1,45302,5;1,45338,5;1,45326,5;1,45350,3;1,45362,3;1,45374,3;1,45386,3;"	1	"250,70"	0	"1,45013,5;1,45049,5;1,45061,5;1,45109,5;1,45133,5;1,45157,5;1,45169,5;1,45181,5;1,45193,5;1,45205,5;1,45217,5;1,45229,5;"	1	"150,50"	0	"1,34001,5;1,34002,5;1,34003,5;1,34004,5;1,34005,5;1,34006,5;1,34007,5;1,34008,5;1,34009,5;"																						1
1137	147	魔法限购	魔法限购	0	20	2016/5/23 0:00	2016/5/24 23:59	2016/5/23 0:00	2016/5/24 23:59				0	1	"300,80"	0	"1,45265,5;1,45314,5;1,45302,5;1,45338,5;1,45326,5;1,45265,5;1,45314,5;1,45302,5;1,45338,5;1,45326,5;1,45265,5;1,45314,5;1,45302,5;1,45338,5;1,45326,5;1,45350,3;1,45362,3;1,45374,3;1,45386,3;"	1	"250,70"	0	"1,45013,5;1,45049,5;1,45061,5;1,45109,5;1,45133,5;1,45157,5;1,45169,5;1,45181,5;1,45193,5;1,45205,5;1,45217,5;1,45229,5;"	1	"150,50"	0	"1,34001,5;1,34002,5;1,34003,5;1,34004,5;1,34005,5;1,34006,5;1,34007,5;1,34008,5;1,34009,5;"																						1
1138	147	魔法限购	魔法限购	0	20	2016/5/30 0:00	2016/5/31 23:59	2016/5/30 0:00	2016/5/31 23:59				0	1	"300,80"	0	"1,45265,5;1,45314,5;1,45302,5;1,45338,5;1,45326,5;1,45265,5;1,45314,5;1,45302,5;1,45338,5;1,45326,5;1,45265,5;1,45314,5;1,45302,5;1,45338,5;1,45326,5;1,45350,3;1,45362,3;1,45374,3;1,45386,3;"	1	"250,70"	0	"1,45013,5;1,45049,5;1,45061,5;1,45109,5;1,45133,5;1,45157,5;1,45169,5;1,45181,5;1,45193,5;1,45205,5;1,45217,5;1,45229,5;"	1	"150,50"	0	"1,34001,5;1,34002,5;1,34003,5;1,34004,5;1,34005,5;1,34006,5;1,34007,5;1,34008,5;1,34009,5;"																						1
1141	120	登陆赠礼	活动期间每日登录游戏均可领取奖励	0	20	2016/5/20 0:00	2016/5/22 23:59	2016/5/20 0:00	2016/5/22 23:59				4	0	1	3	"1,94,60000;1,91,200;1,50001,200"	0	2	3	"1,94,60000;1,91,200;1,50001,200"	0	3	3	"1,94,60000;1,91,200;1,50001,200"																						1
1142	120	登陆赠礼	活动期间每日登录游戏均可领取奖励	0	20	2016/5/27 0:00	2016/5/29 23:59	2016/5/27 0:00	2016/5/29 23:59				4	0	1	3	"1,94,60000;1,91,200;1,50001,200"	0	2	3	"1,94,60000;1,91,200;1,50001,200"	0	3	3	"1,94,60000;1,91,200;1,50001,200"																						1
1143	135	惊喜放送	充值领奖(可选择奖励）	0	1	2016/5/20 0:00	2016/5/22 23:59	2016/5/20 0:00	2016/5/22 23:59				6	1	30	4	"1,1,45037,10;2,1,45121,10;3,1,45205,10"	1	98	4	"1,0,1013,1,1,1,0;2,0,1049,1,1,1,0;3,0,1133,1,1,1,0"	1	98	4	"1,0,1205,1,1,1,0;2,0,1109,1,1,1,0;3,0,1157,1,1,1,0"																						1
1144	135	惊喜放送	充值领奖(可选择奖励）	0	1	2016/5/27 0:00	2016/5/29 23:59	2016/5/27 0:00	2016/5/29 23:59				6	1	30	4	"1,1,45001,10;2,1,45025,10;3,1,45037,10"	1	98	4	"1,0,1169,1,1,1,0;2,0,1193,1,1,1,0;3,0,1229,1,1,1,0"	1	98	4	"1,0,1181,1,1,1,0;2,0,1217,1,1,1,0;3,0,1265,1,1,1,0"																						1
1145	33	金币豪礼(盛开的太阳花)	累充返利	0	1	2016/5/23 0:00	2016/5/24 23:59	2016/5/23 0:00	2016/5/24 23:59				1	0	6	3	"1,94,20000;1,50001,10"	0	30	3	"1,94,20000;1,50001,10"	0	100	3	"1,94,150000;1,50001,60"	0	200	3	"1,94,500000;1,50001,240"	0	500	3	"1,94,1800000;1,50001,900"														1
1146	140	稀有植物	稀有植物	0	20	2016/5/25 0:00	2016/5/26 23:59	2016/5/25 0:00	2016/5/26 23:59	"21408,100|21407,100|21406,90|21401,60|21402,60|21405,90|21403,60|21404,60|"			1	0	100	3	"0,1338,1"																														1
1147	30	充值返利	充值返利(单次)	0	1	2016/6/1 0:00	2016/6/2 23:59	2016/6/1 0:00	2016/6/2 23:59				5	0	6	3	"1,91,60;"	0	30	3	"1,91,300;"	0	98	3	"1,91,980;"	0	198	3	"1,91,1980;"	0	328	3	"1,91,3280;"	0	648	3	"1,91,6480;"										0
1148	31	充值返利	充值返利(单次+累计)	0	1	2016/6/1 0:00	2016/6/2 23:59	2016/6/1 0:00	2016/6/2 23:59				1	0	100	3	"1,94,50000;1,90,200000;"	0	300	3	"1,45157,6;"	0	500	3	"1,45157,20;"	0	1000	3	"1,24009,1;1,90,2000000;"																	30	1
1149	120	登陆赠礼	活动期间每日登录游戏均可领取奖励	0	20	2016/6/4 0:00	2016/6/5 23:59	2016/6/4 0:00	2016/6/5 23:59				4	0	1	3	"1,94,60000;1,91,200;1,50001,200"	0	2	3	"1,94,60000;1,91,200;1,50001,200"	0	3																								1
1150	120	登陆赠礼	活动期间每日登录游戏均可领取奖励	0	20	2016/6/11 0:00	2016/6/12 23:59	2016/6/11 0:00	2016/6/12 23:59				4	0	1	3	"1,94,60000;1,91,200;1,50001,200"	0	2	3	"1,94,60000;1,91,200;1,50001,200"	0	3																								1
1151	120	登陆赠礼	活动期间每日登录游戏均可领取奖励	0	20	2016/6/18 0:00	2016/6/19 23:59	2016/6/18 0:00	2016/6/19 23:59				4	0	1	3	"1,94,60000;1,91,200;1,50001,200"	0	2	3	"1,94,60000;1,91,200;1,50001,200"	0	3																								1
1152	120	登陆赠礼	活动期间每日登录游戏均可领取奖励	0	20	2016/6/25 0:00	2016/6/26 23:59	2016/6/25 0:00	2016/6/26 23:59				4	0	1	3	"1,94,60000;1,91,200;1,50001,200"	0	2	3	"1,94,60000;1,91,200;1,50001,200"	0	3																								1
1153	135	惊喜放送	充值领奖(可选择奖励）	0	1	2016/6/4 0:00	2016/6/5 23:59	2016/6/4 0:00	2016/6/5 23:59				6	1	30	4	"1,1,45037,10;2,1,45121,10;3,1,45205,10"	1	98	4	"1,0,1013,1,1,1,0;2,0,1049,1,1,1,0;3,0,1133,1,1,1,0"	1	98	4	"1,0,1205,1,1,1,0;2,0,1109,1,1,1,0;3,0,1157,1,1,1,0"																						1
1154	135	惊喜放送	充值领奖(可选择奖励）	0	1	2016/6/11 0:00	2016/6/12 23:59	2016/6/11 0:00	2016/6/12 23:59				6	1	30	4	"1,1,45001,10;2,1,45025,10;3,1,45037,10"	1	98	4	"1,0,1169,1,1,1,0;2,0,1193,1,1,1,0;3,0,1229,1,1,1,0"	1	98	4	"1,0,1181,1,1,1,0;2,0,1217,1,1,1,0;3,0,1265,1,1,1,0"																						1
1155	135	惊喜放送	充值领奖(可选择奖励）	0	1	2016/6/18 0:00	2016/6/19 23:59	2016/6/18 0:00	2016/6/19 23:59				6	1	30	4	"1,1,45037,10;2,1,45121,10;3,1,45205,10"	1	98	4	"1,0,1013,1,1,1,0;2,0,1049,1,1,1,0;3,0,1133,1,1,1,0"	1	98	4	"1,0,1205,1,1,1,0;2,0,1109,1,1,1,0;3,0,1157,1,1,1,0"																						1
1156	135	惊喜放送	充值领奖(可选择奖励）	0	1	2016/6/25 0:00	2016/6/26 23:59	2016/6/25 0:00	2016/6/26 23:59				6	1	30	4	"1,1,45001,10;2,1,45025,10;3,1,45037,10"	1	98	4	"1,0,1169,1,1,1,0;2,0,1193,1,1,1,0;3,0,1229,1,1,1,0"	1	98	4	"1,0,1181,1,1,1,0;2,0,1217,1,1,1,0;3,0,1265,1,1,1,0"																						1
1161	33	金币豪礼(盛开的太阳花)	累充返利	0	1	2016/6/6 0:00	2016/6/7 23:59	2016/6/6 0:00	2016/6/7 23:59				1	0	6	3	"1,94,20000;1,50001,10"	0	30	3	"1,94,20000;1,50001,10"	0	100	3	"1,94,150000;1,50001,60"	0	200	3	"1,94,500000;1,50001,240"	0	500	3	"1,94,1800000;1,50001,900"														1
1162	33	金币豪礼(盛开的太阳花)	累充返利	0	1	2016/6/20 0:00	2016/6/21 23:59	2016/6/20 0:00	2016/6/21 23:59				1	0	6	3	"1,94,20000;1,50001,10"	0	30	3	"1,94,20000;1,50001,10"	0	100	3	"1,94,150000;1,50001,60"	0	200	3	"1,94,500000;1,50001,240"	0	500	3	"1,94,1800000;1,50001,900"														1
1163	147	魔法限购	魔法限购	0	20	2016/6/6 0:00	2016/6/7 23:59	2016/6/6 0:00	2016/6/7 23:59				0	1	"300,80"	0	"1,45265,5;1,45314,5;1,45302,5;1,45338,5;1,45326,5;1,45265,5;1,45314,5;1,45302,5;1,45338,5;1,45326,5;1,45265,5;1,45314,5;1,45302,5;1,45338,5;1,45326,5;1,45350,3;1,45362,3;1,45374,3;1,45386,3;"	1	"250,70"	0	"1,45013,5;1,45049,5;1,45061,5;1,45109,5;1,45133,5;1,45157,5;1,45169,5;1,45181,5;1,45193,5;1,45205,5;1,45217,5;1,45229,5;"	1	"150,50"	0	"1,34001,5;1,34002,5;1,34003,5;1,34004,5;1,34005,5;1,34006,5;1,34007,5;1,34008,5;1,34009,5;"																						1
1164	147	魔法限购	魔法限购	0	20	2016/6/13 0:00	2016/6/14 23:59	2016/6/13 0:00	2016/6/14 23:59				0	1	"300,80"	0	"1,45265,5;1,45314,5;1,45302,5;1,45338,5;1,45326,5;1,45265,5;1,45314,5;1,45302,5;1,45338,5;1,45326,5;1,45265,5;1,45314,5;1,45302,5;1,45338,5;1,45326,5;1,45350,3;1,45362,3;1,45374,3;1,45386,3;"	1	"250,70"	0	"1,45013,5;1,45049,5;1,45061,5;1,45109,5;1,45133,5;1,45157,5;1,45169,5;1,45181,5;1,45193,5;1,45205,5;1,45217,5;1,45229,5;"	1	"150,50"	0	"1,34001,5;1,34002,5;1,34003,5;1,34004,5;1,34005,5;1,34006,5;1,34007,5;1,34008,5;1,34009,5;"																						1
1165	147	魔法限购	魔法限购	0	20	2016/6/20 0:00	2016/6/21 23:59	2016/6/20 0:00	2016/6/21 23:59				0	1	"300,80"	0	"1,45265,5;1,45314,5;1,45302,5;1,45338,5;1,45326,5;1,45265,5;1,45314,5;1,45302,5;1,45338,5;1,45326,5;1,45265,5;1,45314,5;1,45302,5;1,45338,5;1,45326,5;1,45350,3;1,45362,3;1,45374,3;1,45386,3;"	1	"250,70"	0	"1,45013,5;1,45049,5;1,45061,5;1,45109,5;1,45133,5;1,45157,5;1,45169,5;1,45181,5;1,45193,5;1,45205,5;1,45217,5;1,45229,5;"	1	"150,50"	0	"1,34001,5;1,34002,5;1,34003,5;1,34004,5;1,34005,5;1,34006,5;1,34007,5;1,34008,5;1,34009,5;"																						1
1166	147	魔法限购	魔法限购	0	20	2016/6/27 0:00	2016/6/28 23:59	2016/6/27 0:00	2016/6/28 23:59				0	1	"300,80"	0	"1,45265,5;1,45314,5;1,45302,5;1,45338,5;1,45326,5;1,45265,5;1,45314,5;1,45302,5;1,45338,5;1,45326,5;1,45265,5;1,45314,5;1,45302,5;1,45338,5;1,45326,5;1,45350,3;1,45362,3;1,45374,3;1,45386,3;"	1	"250,70"	0	"1,45013,5;1,45049,5;1,45061,5;1,45109,5;1,45133,5;1,45157,5;1,45169,5;1,45181,5;1,45193,5;1,45205,5;1,45217,5;1,45229,5;"	1	"150,50"	0	"1,34001,5;1,34002,5;1,34003,5;1,34004,5;1,34005,5;1,34006,5;1,34007,5;1,34008,5;1,34009,5;"																						1
1167	140	稀有植物	稀有植物	0	20	2016/6/1 0:00	2016/6/3 23:59	2016/6/1 0:00	2016/6/3 23:59	"21408,100|21407,100|21406,90|21401,60|21402,60|21405,90|21403,60|21404,60|"			1	0	100	3	"0,1338,1"																														1
1168	140	稀有植物	稀有植物	0	20	2016/6/8 0:00	2016/6/9 23:59	2016/6/8 0:00	2016/6/9 23:59	"21408,100|21407,100|21406,90|21401,60|21402,60|21405,90|21403,60|21404,60|"			1	0	100	3	"0,1338,1"																														1
1169	140	稀有植物	稀有植物	0	20	2016/6/15 0:00	2016/6/17 23:59	2016/6/15 0:00	2016/6/17 23:59	"21408,100|21407,100|21406,90|21401,60|21402,60|21405,90|21403,60|21404,60|"			1	0	100	3	"0,1338,1"																														1
1170	140	稀有植物	稀有植物	0	20	2016/6/22 0:00	2016/6/23 23:59	2016/6/22 0:00	2016/6/23 23:59	"21408,100|21407,100|21406,90|21401,60|21402,60|21405,90|21403,60|21404,60|"			1	0	100	3	"0,1338,1"																														1
1171	32	累充送礼	累充送礼	0	1	2016/5/30 0:00	2016/6/3 23:59	2016/5/30 0:00	2016/6/3 23:59				1	0	500	3	"1,90,500000;1,94,50000;1,50001,100;"	0	1000	3	"1,90,800000;1,200,10;0,1049,1,1,1,2;"	0	2500	3	"1,90,2000000;1,200,30;0,1386,1,1,1,2;"																						1
1172	32	累充送礼	累充送礼	0	1	2016/6/6 0:00	2016/6/10 23:59	2016/6/6 0:00	2016/6/10 23:59				1	0	500	3	"1,90,500000;1,94,50000;1,50001,100;"	0	1000	3	"1,90,800000;1,200,10;0,1061,1,1,1,2;"	0	2500	3	"1,90,2000000;1,200,30;0,1350,1,1,1,2;"																						1
1173	32	累充送礼	累充送礼	0	1	2016/6/13 0:00	2016/6/17 23:59	2016/6/13 0:00	2016/6/17 23:59				1	0	500	3	"1,90,500000;1,94,50000;1,50001,100;"	0	1000	3	"1,90,800000;1,200,10;0,1193,1,1,1,2;"	0	2500	3	"1,90,2000000;1,200,30;0,1374,1,1,1,2;"																						1
1174	32	累充送礼	累充送礼	0	1	2016/6/20 0:00	2016/6/24 23:59	2016/6/20 0:00	2016/6/24 23:59				1	0	500	3	"1,90,500000;1,94,50000;1,50001,100;"	0	1000	3	"1,90,800000;1,200,10;0,1205,1,1,1,2;"	0	2500	3	"1,90,2000000;1,200,30;0,1362,1,1,1,2;"																						1
1176	136	觉醒时刻	累计消耗钻石领奖	0	20	2016/6/13 0:00	2016/6/14 23:59	2016/6/13 0:00	2016/6/14 23:59				2	0	500	3	"1,94,50000;1,90,50000;1,200,1"	0	2000	3	"1,60204,2000;1,45169,10"	0	5000	3	"1,60204,3000;1,45169,20"	0	10000	3	"1,94,200000;0,1169,1,1,1,1"																		1
1177	147	魔法限购	魔法限购	0	20	2016/7/4 0:00	2016/7/5 23:59	2016/7/4 0:00	2016/7/5 23:59				0	1	"300,80"	0	"1,35001,5;1,35002,5;1,35003,5;1,35004,5;1,35005,5;1,35006,5;1,35007,5;1,35008,5;1,35009,5;"	1	"250,70"	0	"1,90,2000000;1,90,2000000;1,90,2000000;1,90,2000000;"	1	"150,50"	0	"1,34001,5;1,34002,5;1,34003,5;1,34004,5;1,34005,5;1,34006,5;1,34007,5;1,34008,5;1,34009,5;"																						1
1178	147	魔法限购	魔法限购	0	20	2016/7/11 0:00	2016/7/12 23:59	2016/7/11 0:00	2016/7/12 23:59				0	1	"300,80"	0	"1,35001,5;1,35002,5;1,35003,5;1,35004,5;1,35005,5;1,35006,5;1,35007,5;1,35008,5;1,35009,5;"	1	"250,70"	0	"1,90,2000000;1,90,2000000;1,90,2000000;1,90,2000000;"	1	"150,50"	0	"1,34001,5;1,34002,5;1,34003,5;1,34004,5;1,34005,5;1,34006,5;1,34007,5;1,34008,5;1,34009,5;"																						1
1179	147	魔法限购	魔法限购	0	20	2016/7/18 0:00	2016/7/19 23:59	2016/7/18 0:00	2016/7/19 23:59				0	1	"300,80"	0	"1,35001,5;1,35002,5;1,35003,5;1,35004,5;1,35005,5;1,35006,5;1,35007,5;1,35008,5;1,35009,5;"	1	"250,70"	0	"1,90,2000000;1,90,2000000;1,90,2000000;1,90,2000000;"	1	"150,50"	0	"1,34001,5;1,34002,5;1,34003,5;1,34004,5;1,34005,5;1,34006,5;1,34007,5;1,34008,5;1,34009,5;"																						1
1180	147	魔法限购	魔法限购	0	20	2016/7/25 0:00	2016/7/31 23:59	2016/7/25 0:00	2016/7/31 23:59				0	1	"300,80"	0	"1,35001,5;1,35002,5;1,35003,5;1,35004,5;1,35005,5;1,35006,5;1,35007,5;1,35008,5;1,35009,5;"	1	"250,70"	0	"1,90,2000000;1,90,2000000;1,90,2000000;1,90,2000000;"	1	"150,50"	0	"1,34001,5;1,34002,5;1,34003,5;1,34004,5;1,34005,5;1,34006,5;1,34007,5;1,34008,5;1,34009,5;"																						1
1181	120	登陆赠礼(登陆赠礼)	活动期间每日登录游戏均可领取奖励	0	20	2016/7/2 0:00	2016/7/3 23:59	2016/7/2 0:00	2016/7/3 23:59				4	0	1	3	"1,94,60000;1,91,200;1,50001,200"	0	2	3	"1,94,60000;1,91,200;1,50001,200"	0	3																								1
1182	120	登陆赠礼(登陆赠礼)	活动期间每日登录游戏均可领取奖励	0	20	2016/7/9 0:00	2016/7/10 23:59	2016/7/9 0:00	2016/7/10 23:59				4	0	1	3	"1,94,60000;1,91,200;1,50001,200"	0	2	3	"1,94,60000;1,91,200;1,50001,200"	0	3																								1
1183	120	登陆赠礼(登陆赠礼)	活动期间每日登录游戏均可领取奖励	0	20	2016/7/16 0:00	2016/7/17 23:59	2016/7/16 0:00	2016/7/17 23:59				4	0	1	3	"1,94,60000;1,91,200;1,50001,200"	0	2	3	"1,94,60000;1,91,200;1,50001,200"	0	3																								1
1184	120	登陆赠礼(登陆赠礼)	活动期间每日登录游戏均可领取奖励	0	20	2016/7/23 0:00	2016/7/24 23:59	2016/7/23 0:00	2016/7/24 23:59				4	0	1	3	"1,94,60000;1,91,200;1,50001,200"	0	2	3	"1,94,60000;1,91,200;1,50001,200"	0	3																								1
1185	32	累充送礼	累充送礼	0	1	2016/6/27 0:00	2016/7/1 23:59	2016/6/27 0:00	2016/7/1 23:59				1	0	500	3	"1,90,500000;1,94,50000;1,50001,100;"	0	1000	3	"1,90,800000;1,200,10;0,1265,1,1,1,2;"	0	2500	3	"1,90,2000000;1,200,30;0,1386,1,1,1,2;"																						1
1186	32	累充送礼	累充送礼	0	1	2016/7/4 0:00	2016/7/8 23:59	2016/7/4 0:00	2016/7/8 23:59				1	0	500	3	"1,90,500000;1,94,50000;1,50001,100;"	0	1000	3	"1,90,800000;1,200,10;0,1013,1,1,1,2;"	0	2500	3	"1,90,2000000;1,200,30;0,1362,1,1,1,2;"																						1
1187	32	累充送礼	累充送礼	0	1	2016/7/11 0:00	2016/7/15 23:59	2016/7/11 0:00	2016/7/15 23:59				1	0	500	3	"1,90,500000;1,94,50000;1,25009,1;"	0	1000	3	"1,90,800000;1,200,10;1,25008,1;"	0	2500	3	"1,90,2000000;1,200,30;1,25007,1;"																						1
1188	32	累充送礼	累充送礼	0	1	2016/7/18 0:00	2016/7/22 23:59	2016/7/18 0:00	2016/7/22 23:59				1	0	500	3	"1,90,500000;1,94,50000;1,25006,1;"	0	1000	3	"1,90,800000;1,200,10;1,25005,1;"	0	2500	3	"1,90,2000000;1,200,30;1,25004,1;"																						1
1189	135	惊喜放送	充值领奖(可选择奖励）	0	1	2016/7/2 0:00	2016/7/3 23:59	2016/7/2 0:00	2016/7/3 23:59				6	1	30	4	"1,1,45121,10;2,1,45169,10;3,1,45205,10"	1	98	4	"1,0,1265,1,1,1,0;2,0,1229,1,1,1,0;3,0,1133,1,1,1,0"	1	98	4	"1,1,16019,1;2,1,16020,1;3,0,1133,1,1,1,0"																						1
1190	135	惊喜放送	充值领奖(可选择奖励）	0	1	2016/7/9 0:00	2016/7/10 23:59	2016/7/9 0:00	2016/7/10 23:59				6	1	30	4	"1,1,35003,5;2,1,35003,5"	1	98	4	"1,1,35002,15;2,1,35002,15"	1	98	4	"1,1,35001,15;2,1,35001,15"																						1
1191	135	惊喜放送	充值领奖(可选择奖励）	0	1	2016/7/16 0:00	2016/7/17 23:59	2016/7/16 0:00	2016/7/17 23:59				6	1	30	4	"1,1,35003,5;2,1,35003,5"	1	98	4	"1,1,35002,15;2,1,35002,15"	1	98	4	"1,1,35001,15;2,1,35001,15"																						1
1192	135	惊喜放送	充值领奖(可选择奖励）	0	1	2016/7/23 0:00	2016/7/24 23:59	2016/7/23 0:00	2016/7/24 23:59				6	1	30	4	"1,1,35003,5;2,1,35003,5"	1	98	4	"1,1,35002,15;2,1,35002,15"	1	98	4	"1,1,35001,15;2,1,35001,15"																						1
1193	33	金币豪礼(盛开的太阳花)	累充返利	0	1	2016/7/4 0:00	2016/7/5 23:59	2016/7/4 0:00	2016/7/5 23:59				1	0	6	3	"1,94,20000;1,50001,10"	0	30	3	"1,94,20000;1,50001,10"	0	100	3	"1,94,150000;1,50001,60"	0	200	3	"1,94,500000;1,50001,240"	0	500	3	"1,94,1800000;1,50001,900"														1
1194	33	金币豪礼(盛开的太阳花)	累充返利	0	1	2016/7/18 0:00	2016/7/19 23:59	2016/7/18 0:00	2016/7/19 23:59				1	0	6	3	"1,94,20000;1,50001,10"	0	30	3	"1,94,20000;1,50001,10"	0	100	3	"1,94,150000;1,50001,60"	0	200	3	"1,94,500000;1,50001,240"	0	500	3	"1,94,1800000;1,50001,900"														1
1195	140	稀有植物	稀有植物	0	20	2016/6/27 0:00	2016/7/1 23:59	2016/6/27 0:00	2016/7/1 23:59	"21408,100|21407,100|21406,90|21401,60|21402,60|21405,90|21403,60|21404,60|"			1	0	100	3	"0,1338,1"																														1
1196	140	稀有植物	稀有植物	0	20	2016/7/4 0:00	2016/7/8 23:59	2016/7/4 0:00	2016/7/8 23:59	"21408,100|21407,100|21406,90|21401,60|21402,60|21405,90|21403,60|21404,60|"			1	0	100	3	"0,1338,1"																														1
1197	140	稀有植物	稀有植物	0	20	2016/7/11 0:00	2016/7/15 23:59	2016/7/11 0:00	2016/7/15 23:59	"21408,100|21407,100|21406,90|21401,60|21402,60|21405,90|21403,60|21404,60|"			1	0	100	3	"0,1338,1"																														1
1198	140	稀有植物	稀有植物	0	20	2016/7/18 0:00	2016/7/22 23:59	2016/7/18 0:00	2016/7/22 23:59	"21408,100|21407,100|21406,90|21401,60|21402,60|21405,90|21403,60|21404,60|"			1	0	100	3	"0,1338,1"																														1
1199	136	觉醒时刻	累计消耗钻石领奖	0	20	2016/7/11 0:00	2016/7/12 23:59	2016/7/11 0:00	2016/7/12 23:59				2	0	500	3	"1,94,50000;1,90,50000;1,200,1"	0	2000	3	"1,60204,2000;1,45169,10"	0	5000	3	"1,60204,3000;1,45169,20"	0	10000	3	"1,94,200000;0,1169,1,1,1,1"																		1
1220	140	稀有植物	稀有植物	0	20	2016/7/25 0:00	2016/7/29 23:59	2016/7/25 0:00	2016/7/29 23:59	"21408,100|21407,100|21406,90|21401,60|21402,60|21405,90|21403,60|21404,60|"			1	0	100	3	"0,1338,1"																														1
1221	32	累充送礼	累充送礼	0	1	2016/7/25 0:00	2016/7/29 23:59	2016/7/25 0:00	2016/7/29 23:59				1	0	500	3	"1,90,500000;1,94,50000;1,25006,1;"	0	1000	3	"1,90,800000;1,200,10;1,25005,1;"	0	2500	3	"1,90,2000000;1,200,30;1,25004,1;"																						1
1222	120	登陆赠礼(登陆赠礼)	活动期间每日登录游戏均可领取奖励	0	20	2016/7/30 0:00	2016/7/31 23:59	2016/7/30 0:00	2016/7/31 23:59				4	0	1	3	"1,94,60000;1,91,500;1,50001,200"	0	2	3	"1,94,60000;1,91,500;1,50001,200"	0	3																								1
1223	135	惊喜放送	充值领奖(可选择奖励）	0	1	2016/7/30 0:00	2016/7/31 23:59	2016/7/30 0:00	2016/7/31 23:59				6	1	30	4	"1,1,35003,5;2,1,35003,5"	1	98	4	"1,1,35002,15;2,1,35002,15"	1	98	4	"1,1,35001,15;2,1,35001,15"																						1
1224	33	金币豪礼(盛开的太阳花)	累充返利	0	1	2016/8/1 0:00	2016/8/2 23:59	2016/8/1 0:00	2016/8/2 23:59				1	0	6	3	"1,90,20000;1,50001,10"	0	30	3	"1,90,20000;1,50001,10"	0	100	3	"1,90,150000;1,50001,60"	0	200	3	"1,90,500000;1,50001,240"	0	500	3	"1,90,1800000;1,50001,900"														1
1225	33	金币豪礼(盛开的太阳花)	累充返利	0	1	2016/8/4 0:00	2016/8/5 23:59	2016/8/4 0:00	2016/8/5 23:59				1	0	6	3	"1,94,20000;1,50001,10"	0	30	3	"1,94,20000;1,50001,10"	0	100	3	"1,94,150000;1,50001,60"	0	200	3	"1,94,500000;1,50001,240"	0	500	3	"1,94,1800000;1,50001,900"														1
1226	147	魔法限购	魔法限购	0	20	2016/8/1 0:00	2016/8/7 23:59	2016/8/1 0:00	2016/8/7 23:59				0	1	"300,80"	0	"1,35001,5;1,35002,5;1,35003,5;1,35004,5;1,35005,5;1,35006,5;1,35007,5;1,35008,5;1,35009,5;"	1	"250,70"	0	"1,90,2000000;1,90,2000000;1,90,2000000;1,90,2000000;"	1	"150,50"	0	"1,34001,5;1,34002,5;1,34003,5;1,34004,5;1,34005,5;1,34006,5;1,34007,5;1,34008,5;1,34009,5;"																						1
1227	32	累充送礼	累充送礼	0	1	2016/8/1 0:00	2016/8/5 23:59	2016/8/1 0:00	2016/8/5 23:59				1	0	500	3	"1,90,500000;1,94,50000;1,25003,1;"	0	1000	3	"1,90,800000;1,200,10;1,25002,1;"	0	2500	3	"1,90,2000000;1,200,30;1,25001,1;"																						1
1228	140	稀有植物	稀有植物	0	20	2016/8/1 0:00	2016/8/5 23:59	2016/8/1 0:00	2016/8/5 23:59	"21408,100|21407,100|21406,90|21401,60|21402,60|21405,90|21403,60|21404,60|"			1	0	100	3	"0,1338,1"																														1
1229	120	登陆赠礼(登陆赠礼)	活动期间每日登录游戏均可领取奖励	0	20	2016/8/6 0:00	2016/8/7 23:59	2016/8/6 0:00	2016/8/7 23:59				4	0	1	3	"1,94,60000;1,91,200;1,50001,200"	0	2	3	"1,94,60000;1,91,200;1,50001,200"	0	3																								1
1230	135	惊喜放送	充值领奖(可选择奖励）	0	1	2016/8/6 0:00	2016/8/7 23:59	2016/8/6 0:00	2016/8/7 23:59				6	1	30	4	"1,1,35003,5;2,1,35003,5"	1	98	4	"1,1,35002,15;2,1,35002,15"	1	98	4	"1,1,35001,15;2,1,35001,15"																						1
1231	136	觉醒时刻	累计消耗钻石领奖	0	20	2016/8/8 0:00	2016/8/9 23:59	2016/8/8 0:00	2016/8/9 23:59				2	0	500	3	"1,94,50000;1,90,50000;1,200,1"	0	2000	3	"1,60204,2000;1,45169,10"	0	5000	3	"1,60204,3000;1,45169,20"	0	10000	3	"1,94,200000;0,1169,1,1,1,1"																		1
1232	33	金币豪礼(盛开的太阳花)	累充返利	0	1	2016/8/11 0:00	2016/8/12 23:59	2016/8/11 0:00	2016/8/12 23:59				1	0	6	3	"1,90,20000;1,50001,10"	0	30	3	"1,90,20000;1,50001,10"	0	100	3	"1,90,150000;1,50001,60"	0	200	3	"1,90,500000;1,50001,240"	0	500	3	"1,90,1800000;1,50001,900"														1
1233	147	魔法限购	魔法限购	0	20	2016/8/8 0:00	2016/8/14 23:59	2016/8/8 0:00	2016/8/14 23:59				0	1	"300,80"	0	"1,35001,5;1,35002,5;1,35003,5;1,35004,5;1,35005,5;1,35006,5;1,35007,5;1,35008,5;1,35009,5;"	1	"250,70"	0	"1,90,2000000;1,90,2000000;1,90,2000000;1,90,2000000;"	1	"150,50"	0	"1,34001,5;1,34002,5;1,34003,5;1,34004,5;1,34005,5;1,34006,5;1,34007,5;1,34008,5;1,34009,5;"																						1
1234	32	累充送礼	累充送礼	0	1	2016/8/8 0:00	2016/8/12 23:59	2016/8/8 0:00	2016/8/12 23:59				1	0	500	3	"1,90,500000;1,94,50000;1,25009,1;"	0	1000	3	"1,90,800000;1,200,10;1,25008,1;"	0	2500	3	"1,90,2000000;1,200,30;1,25007,1;"																						1
1235	140	稀有植物	稀有植物	0	20	2016/8/8 0:00	2016/8/12 23:59	2016/8/8 0:00	2016/8/12 23:59	"21408,100|21407,100|21406,90|21401,60|21402,60|21405,90|21403,60|21404,60|"			1	0	100	3	"0,1338,1"																														1
1236	120	登陆赠礼(登陆赠礼)	活动期间每日登录游戏均可领取奖励	0	20	2016/8/13 0:00	2016/8/14 23:59	2016/8/13 0:00	2016/8/14 23:59				4	0	1	3	"1,94,60000;1,91,200;1,50001,200"	0	2	3	"1,94,60000;1,91,200;1,50001,200"	0	3																								1
1237	135	惊喜放送	充值领奖(可选择奖励）	0	1	2016/8/13 0:00	2016/8/14 23:59	2016/8/13 0:00	2016/8/14 23:59				6	1	30	4	"1,1,35006,5;2,1,35006,5"	1	98	4	"1,1,35005,15;2,1,35005,15"	1	98	4	"1,1,35004,15;2,1,35004,15"																						1
1238	33	金币豪礼(盛开的太阳花)	累充返利	0	1	2016/8/15 0:00	2016/8/16 23:59	2016/8/15 0:00	2016/8/16 23:59				1	0	6	3	"1,90,20000;1,50001,10"	0	30	3	"1,90,20000;1,50001,10"	0	100	3	"1,90,150000;1,50001,60"	0	200	3	"1,90,500000;1,50001,240"	0	500	3	"1,90,1800000;1,50001,900"														1
1239	33	金币豪礼(盛开的太阳花)	累充返利	0	1	2016/8/18 0:00	2016/8/19 23:59	2016/8/18 0:00	2016/8/19 23:59				1	0	6	3	"1,94,20000;1,50001,10"	0	30	3	"1,94,20000;1,50001,10"	0	100	3	"1,94,150000;1,50001,60"	0	200	3	"1,94,500000;1,50001,240"	0	500	3	"1,94,1800000;1,50001,900"														1
1240	147	魔法限购	魔法限购	0	20	2016/8/15 0:00	2016/8/21 23:59	2016/8/15 0:00	2016/8/21 23:59				0	1	"300,80"	0	"1,35001,5;1,35002,5;1,35003,5;1,35004,5;1,35005,5;1,35006,5;1,35007,5;1,35008,5;1,35009,5;"	1	"250,70"	0	"1,90,2000000;1,90,2000000;1,90,2000000;1,90,2000000;"	1	"150,50"	0	"1,34001,5;1,34002,5;1,34003,5;1,34004,5;1,34005,5;1,34006,5;1,34007,5;1,34008,5;1,34009,5;"																						1
1241	32	累充送礼	累充送礼	0	1	2016/8/15 0:00	2016/8/19 23:59	2016/8/15 0:00	2016/8/19 23:59				1	0	500	3	"1,90,500000;1,94,50000;1,25006,1;"	0	1000	3	"1,90,800000;1,200,10;1,25005,1;"	0	2500	3	"1,90,2000000;1,200,30;1,25004,1;"																						1
1242	140	稀有植物	稀有植物	0	20	2016/8/15 0:00	2016/8/19 23:59	2016/8/15 0:00	2016/8/19 23:59	"21408,100|21407,100|21406,90|21401,60|21402,60|21405,90|21403,60|21404,60|"			1	0	100	3	"0,1338,1"																														1
1243	120	登陆赠礼(登陆赠礼)	活动期间每日登录游戏均可领取奖励	0	20	2016/8/20 0:00	2016/8/21 23:59	2016/8/20 0:00	2016/8/21 23:59				4	0	1	3	"1,94,60000;1,91,200;1,50001,200"	0	2	3	"1,94,60000;1,91,200;1,50001,200"	0	3																								1
1244	135	惊喜放送	充值领奖(可选择奖励）	0	1	2016/8/20 0:00	2016/8/21 23:59	2016/8/20 0:00	2016/8/21 23:59				6	1	30	4	"1,1,35009,5;2,1,35009,5"	1	98	4	"1,1,35008,15;2,1,35008,15"	1	98	4	"1,1,35007,15;2,1,35007,15"																						1
1245	140	稀有植物	稀有植物	0	20	2016/8/22 0:00	2016/8/26 23:59	2016/8/22 0:00	2016/8/26 23:59	"21408,100|21407,100|21406,90|21401,60|21402,60|21405,90|21403,60|21404,60|"			1	0	100	3	"0,1338,1"																														1
1246	147	魔法限购	魔法限购	0	20	2016/8/22 0:00	2016/8/28 23:59	2016/8/22 0:00	2016/8/28 23:59				0	1	"300,80"	0	"1,35001,5;1,35002,5;1,35003,5;1,35004,5;1,35005,5;1,35006,5;1,35007,5;1,35008,5;1,35009,5;"	1	"250,70"	0	"1,90,2000000;1,90,2000000;1,90,2000000;1,90,2000000;"	1	"150,50"	0	"1,34001,5;1,34002,5;1,34003,5;1,34004,5;1,34005,5;1,34006,5;1,34007,5;1,34008,5;1,34009,5;"																						1
1247	32	累充送礼	累充送礼	0	1	2016/8/22 0:00	2016/8/26 23:59	2016/8/22 0:00	2016/8/26 23:59				1	0	500	3	"1,90,500000;1,94,50000;1,50001,100;"	0	1000	3	"1,90,800000;1,200,10;0,1265,1,1,1,2;"	0	2500	3	"1,90,2000000;1,200,30;0,1386,1,1,1,2;"																						1
1248	135	惊喜放送	充值领奖(可选择奖励）	0	1	2016/8/27 0:00	2016/8/28 23:59	2016/8/27 0:00	2016/8/28 23:59				6	1	30	4	"1,1,35003,5;2,1,35003,5"	1	98	4	"1,0,1229,1,1,1,0;2,0,1229,1,1,1,0"	1	98	4	"1,0,1265,1,1,1,0;2,0,1265,1,1,1,0"																						1
1249	120	登陆赠礼(登陆赠礼)	活动期间每日登录游戏均可领取奖励	0	20	2016/8/27 0:00	2016/8/28 23:59	2016/8/27 0:00	2016/8/28 23:59				4	0	1	3	"1,94,60000;1,91,200;1,50001,200"	0	2	3	"1,94,60000;1,91,200;1,50001,200"	0	3																								1
1250	147	魔法限购	魔法限购	0	20	2016/8/29 0:00	2016/9/4 23:59	2016/8/29 0:00	2016/9/4 23:59				0	1	"300,80"	0	"1,35001,5;1,35002,5;1,35003,5;1,35004,5;1,35005,5;1,35006,5;1,35007,5;1,35008,5;1,35009,5;"	1	"250,70"	0	"1,90,2000000;1,90,2000000;1,90,2000000;1,90,2000000;"	1	"150,50"	0	"1,34001,5;1,34002,5;1,34003,5;1,34004,5;1,34005,5;1,34006,5;1,34007,5;1,34008,5;1,34009,5;"																						1
1251	32	累充送礼	累充送礼	0	1	2016/8/29 0:00	2016/9/2 23:59	2016/8/29 0:00	2016/9/2 23:59				1	0	500	3	"1,90,500000;1,94,50000;1,25003,1;"	0	1000	3	"1,90,800000;1,200,10;1,25002,1;"	0	2500	3	"1,90,2000000;1,200,30;1,25001,1;"																						1
1252	140	稀有植物	稀有植物	0	20	2016/8/29 0:00	2016/9/2 23:59	2016/8/29 0:00	2016/9/2 23:59	"21408,100|21407,100|21406,90|21401,60|21402,60|21405,90|21403,60|21404,60|"			1	0	100	3	"0,1338,1"																														1
1253	33	金币豪礼(盛开的太阳花)	累充返利	0	1	2016/8/29 0:00	2016/8/30 23:59	2016/8/29 0:00	2016/8/30 23:59				1	0	6	3	"1,90,20000;1,50001,10"	0	30	3	"1,90,20000;1,50001,10"	0	100	3	"1,90,150000;1,50001,60"	0	200	3	"1,90,500000;1,50001,240"	0	500	3	"1,90,1800000;1,50001,900"														1
1254	33	金币豪礼(盛开的太阳花)	累充返利	0	1	2016/9/1 0:00	2016/9/2 23:59	2016/9/1 0:00	2016/9/2 23:59				1	0	6	3	"1,94,20000;1,50001,10"	0	30	3	"1,94,20000;1,50001,10"	0	100	3	"1,94,150000;1,50001,60"	0	200	3	"1,94,500000;1,50001,240"	0	500	3	"1,94,1800000;1,50001,900"														1
1255	135	惊喜放送	充值领奖(可选择奖励）	0	1	2016/9/3 0:00	2016/9/4 23:59	2016/9/3 0:00	2016/9/4 23:59				6	1	30	4	"1,1,35006,5;2,1,35006,5"	1	98	4	"1,0,1169,1,1,1,0;2,0,1169,1,1,1,0"	1	98	4	"1,0,1193,1,1,1,0;2,0,1193,1,1,1,0"																						1
1256	120	登陆赠礼(登陆赠礼)	活动期间每日登录游戏均可领取奖励	0	20	2016/9/3 0:00	2016/9/4 23:59	2016/9/3 0:00	2016/9/4 23:59				4	0	1	3	"1,94,60000;1,91,200;1,50001,200"	0	2	3	"1,94,60000;1,91,200;1,50001,200"	0	3																								1
1257	136	觉醒时刻	累计消耗钻石领奖	0	20	2016/9/5 0:00	2016/9/6 23:59	2016/9/5 0:00	2016/9/6 23:59				2	0	500	3	"1,94,50000;1,90,50000;1,200,1"	0	2000	3	"1,60204,2000;1,45169,10"	0	5000	3	"1,60204,3000;1,45169,20"	0	10000	3	"1,94,200000;0,1169,1,1,1,1"																		1
1258	33	金币豪礼(盛开的太阳花)	累充返利	0	1	2016/9/8 0:00	2016/9/9 23:59	2016/9/8 0:00	2016/9/9 23:59				1	0	6	3	"1,90,20000;1,50001,10"	0	30	3	"1,90,20000;1,50001,10"	0	100	3	"1,90,150000;1,50001,60"	0	200	3	"1,90,500000;1,50001,240"	0	500	3	"1,90,1800000;1,50001,900"														1
1259	120	登陆赠礼(登陆赠礼)	活动期间每日登录游戏均可领取奖励	0	20	2016/9/10 0:00	2016/9/11 23:59	2016/9/10 0:00	2016/9/11 23:59				4	0	1	3	"1,94,60000;1,91,200;1,50001,200"	0	2	3	"1,94,60000;1,91,200;1,50001,200"	0	3																								1
1260	135	惊喜放送	充值领奖(可选择奖励）	0	1	2016/9/10 0:00	2016/9/11 23:59	2016/9/10 0:00	2016/9/11 23:59				6	1	30	4	"1,1,35006,5;2,1,35006,5"	1	98	4	"1,0,1169,1,1,1,0;2,0,1169,1,1,1,0"	1	98	4	"1,0,1013,1,1,1,0;2,0,1013,1,1,1,0"																						1
1261	147	魔法限购	魔法限购	0	20	2016/9/5 0:00	2016/9/11 23:59	2016/9/5 0:00	2016/9/11 23:59				0	1	"300,80"	0	"1,35001,5;1,35002,5;1,35003,5;1,35004,5;1,35005,5;1,35006,5;1,35007,5;1,35008,5;1,35009,5;"	1	"250,70"	0	"1,90,2000000;1,90,2000000;1,90,2000000;1,90,2000000;"	1	"150,50"	0	"1,34001,5;1,34002,5;1,34003,5;1,34004,5;1,34005,5;1,34006,5;1,34007,5;1,34008,5;1,34009,5;"																						1
1262	32	累充送礼	累充送礼	0	1	2016/9/5 0:00	2016/9/9 23:59	2016/9/5 0:00	2016/9/9 23:59				1	0	500	3	"1,90,500000;1,94,50000;1,50001,100;"	0	1000	3	"1,90,800000;1,200,10;0,1265,1,1,1,2;"	0	2500	3	"1,90,2000000;1,200,30;0,1386,1,1,1,2;"																						1
1263	140	稀有植物	稀有植物	0	20	2016/9/5 0:00	2016/9/9 23:59	2016/9/5 0:00	2016/9/9 23:59	"21408,100|21407,100|21406,90|21401,60|21402,60|21405,90|21403,60|21404,60|"			1	0	100	3	"0,1338,1"																														1
1264	33	金币豪礼(盛开的太阳花)	累充返利	0	1	2016/9/12 0:00	2016/9/13 23:59	2016/9/12 0:00	2016/9/13 23:59				1	0	6	3	"1,90,20000;1,50001,10"	0	30	3	"1,90,20000;1,50001,10"	0	100	3	"1,90,150000;1,50001,60"	0	200	3	"1,90,500000;1,50001,240"	0	500	3	"1,90,1800000;1,50001,900"														1
1265	33	金币豪礼(盛开的太阳花)	累充返利	0	1	2016/9/15 0:00	2016/9/16 23:59	2016/9/15 0:00	2016/9/16 23:59				1	0	6	3	"1,94,20000;1,50001,10"	0	30	3	"1,94,20000;1,50001,10"	0	100	3	"1,94,150000;1,50001,60"	0	200	3	"1,94,500000;1,50001,240"	0	500	3	"1,94,1800000;1,50001,900"														1
1266	120	登陆赠礼(登陆赠礼)	活动期间每日登录游戏均可领取奖励	0	20	2016/9/17 0:00	2016/9/18 23:59	2016/9/17 0:00	2016/9/18 23:59				4	0	1	3	"1,94,60000;1,91,666;1,50001,200"	0	2	3	"1,94,60000;1,91,666;1,50001,200"	0	3																								1
1267	135	惊喜放送	充值领奖(可选择奖励）	0	1	2016/9/17 0:00	2016/9/18 23:59	2016/9/17 0:00	2016/9/18 23:59				6	1	30	4	"1,1,35003,5;2,1,35003,5"	1	98	4	"1,0,1229,1,1,1,0;2,0,1229,1,1,1,0"	1	98	4	"1,0,1265,1,1,1,0;2,0,1265,1,1,1,0"																						1
1268	147	魔法限购	魔法限购	0	20	2016/9/12 0:00	2016/9/18 23:59	2016/9/12 0:00	2016/9/18 23:59				0	1	"300,80"	0	"1,35001,5;1,35002,5;1,35003,5;1,35004,5;1,35005,5;1,35006,5;1,35007,5;1,35008,5;1,35009,5;"	1	"250,70"	0	"1,90,2000000;1,90,2000000;1,90,2000000;1,90,2000000;"	1	"150,50"	0	"1,34001,5;1,34002,5;1,34003,5;1,34004,5;1,34005,5;1,34006,5;1,34007,5;1,34008,5;1,34009,5;"																						1
1269	32	累充送礼	累充送礼	0	1	2016/9/12 0:00	2016/9/16 23:59	2016/9/12 0:00	2016/9/16 23:59				1	0	500	3	"1,90,500000;1,94,50000;1,25009,1;"	0	1000	3	"1,90,800000;1,200,10;1,25008,1;"	0	2500	3	"1,90,2000000;1,200,30;1,25007,1;"																						1
1270	140	稀有植物	稀有植物	0	20	2016/9/12 0:00	2016/9/16 23:59	2016/9/12 0:00	2016/9/16 23:59	"21408,100|21407,100|21406,90|21401,60|21402,60|21405,90|21403,60|21404,60|"			1	0	100	3	"0,1338,1"																														1
1271	140	稀有植物	稀有植物	0	20	2016/9/19 0:00	2016/9/23 23:59	2016/9/19 0:00	2016/9/23 23:59	"21408,100|21407,100|21406,90|21401,60|21402,60|21405,90|21403,60|21404,60|"			1	0	100	3	"0,1338,1"																														1
1272	147	魔法限购	魔法限购	0	20	2016/9/19 0:00	2016/9/25 23:59	2016/9/19 0:00	2016/9/25 23:59				0	1	"300,80"	0	"1,35001,5;1,35002,5;1,35003,5;1,35004,5;1,35005,5;1,35006,5;1,35007,5;1,35008,5;1,35009,5;"	1	"250,70"	0	"1,90,2000000;1,90,2000000;1,90,2000000;1,90,2000000;"	1	"150,50"	0	"1,34001,5;1,34002,5;1,34003,5;1,34004,5;1,34005,5;1,34006,5;1,34007,5;1,34008,5;1,34009,5;"																						1
1273	32	累充送礼	累充送礼	0	1	2016/9/19 0:00	2016/9/23 23:59	2016/9/19 0:00	2016/9/23 23:59				1	0	500	3	"1,90,500000;1,94,50000;1,25006,1;"	0	1000	3	"1,90,800000;1,200,10;1,25005,1;"	0	2500	3	"1,90,2000000;1,200,30;1,25004,1;"																						1
1274	120	登陆赠礼(登陆赠礼)	活动期间每日登录游戏均可领取奖励	0	20	2016/9/24 0:00	2016/9/25 23:59	2016/9/24 0:00	2016/9/25 23:59				4	0	1	3	"1,94,60000;1,91,200;1,50001,200"	0	2	3	"1,94,60000;1,91,200;1,50001,200"	0	3																								1
1275	135	惊喜放送	充值领奖(可选择奖励）	0	1	2016/9/24 0:00	2016/9/25 23:59	2016/9/24 0:00	2016/9/25 23:59				6	1	30	4	"1,1,35006,5;2,1,35006,5"	1	98	4	"1,0,1169,1,1,1,0;2,0,1169,1,1,1,0"	1	98	4	"1,0,1193,1,1,1,0;2,0,1193,1,1,1,0"																						1
1276	33	金币豪礼(盛开的太阳花)	累充返利	0	1	2016/9/26 0:00	2016/9/27 23:59	2016/9/26 0:00	2016/9/27 23:59				1	0	6	3	"1,90,20000;1,50001,10"	0	30	3	"1,90,20000;1,50001,10"	0	100	3	"1,90,150000;1,50001,60"	0	200	3	"1,90,500000;1,50001,240"	0	500	3	"1,90,1800000;1,50001,900"														1
1277	33	金币豪礼(盛开的太阳花)	累充返利	0	1	2016/9/29 0:00	2016/9/30 23:59	2016/9/29 0:00	2016/9/30 23:59				1	0	6	3	"1,94,20000;1,50001,10"	0	30	3	"1,94,20000;1,50001,10"	0	100	3	"1,94,150000;1,50001,60"	0	200	3	"1,94,500000;1,50001,240"	0	500	3	"1,94,1800000;1,50001,900"														1
1278	30	充值返利	充值返利(单次)	0	1	2016/10/1 0:00	2016/10/7 23:59	2016/10/1 0:00	2016/10/7 23:59				5	0	6	3	"1,91,60;"	0	30	3	"1,91,300;"	0	98	3	"1,91,980;"	0	198	3	"1,91,1980;"	0	328	3	"1,91,3280;"	0	648	3	"1,91,6480;"										0
1279	31	充值返利	充值返利(单次+累计)	0	1	2016/10/1 0:00	2016/10/7 23:59	2016/10/1 0:00	2016/10/7 23:59				1	0	100	3	"1,94,50000;1,90,200000;"	0	300	3	"1,45157,6;"	0	500	3	"1,45157,20;"	0	1000	3	"1,24009,1;1,90,2000000;"																	30	1
1280	147	魔法限购	魔法限购	0	20	2016/9/26 0:00	2016/10/2 23:59	2016/9/26 0:00	2016/10/2 23:59				0	1	"300,80"	0	"1,35001,5;1,35002,5;1,35003,5;1,35004,5;1,35005,5;1,35006,5;1,35007,5;1,35008,5;1,35009,5;"	1	"250,70"	0	"1,90,2000000;1,90,2000000;1,90,2000000;1,90,2000000;"	1	"150,50"	0	"1,34001,5;1,34002,5;1,34003,5;1,34004,5;1,34005,5;1,34006,5;1,34007,5;1,34008,5;1,34009,5;"																						1
1281	32	累充送礼	累充送礼	0	1	2016/9/26 0:00	2016/9/30 23:59	2016/9/26 0:00	2016/9/30 23:59				1	0	500	3	"1,90,500000;1,94,50000;1,25003,1;"	0	1000	3	"1,90,800000;1,200,10;1,25002,1;"	0	2500	3	"1,90,2000000;1,200,30;1,25001,1;"																						1
1282	140	稀有植物	稀有植物	0	20	2016/9/26 0:00	2016/9/30 23:59	2016/9/26 0:00	2016/9/30 23:59	"21408,100|21407,100|21406,90|21401,60|21402,60|21405,90|21403,60|21404,60|"			1	0	100	3	"0,1338,1"																														1
1283	135	惊喜放送	充值领奖(可选择奖励）	0	1	2016/10/1 0:00	2016/10/2 23:59	2016/10/1 0:00	2016/10/2 23:59				6	1	30	4	"1,1,35006,5;2,1,35006,5"	1	98	4	"1,0,1169,1,1,1,0;2,0,1169,1,1,1,0"	1	98	4	"1,0,1013,1,1,1,0;2,0,1013,1,1,1,0"																						1
1284	136	觉醒时刻	累计消耗钻石领奖	0	20	2016/10/3 0:00	2016/10/4 23:59	2016/10/3 0:00	2016/10/4 23:59				2	0	500	3	"1,94,50000;1,90,50000;1,200,1"	0	2000	3	"1,60204,2000;1,45169,10"	0	5000	3	"1,60204,3000;1,45169,20"	0	10000	3	"1,94,200000;0,1169,1,1,1,1"																		1
1285	33	金币豪礼(盛开的太阳花)	累充返利	0	1	2016/10/6 0:00	2016/10/7 23:59	2016/10/6 0:00	2016/10/7 23:59				1	0	6	3	"1,94,20000;1,50001,10"	0	30	3	"1,94,20000;1,50001,10"	0	100	3	"1,94,150000;1,50001,60"	0	200	3	"1,94,500000;1,50001,240"	0	500	3	"1,94,1800000;1,50001,900"														1
1286	147	魔法限购	魔法限购	0	20	2016/10/3 0:00	2016/10/9 23:59	2016/10/3 0:00	2016/10/9 23:59				0	1	"300,80"	0	"1,35001,5;1,35002,5;1,35003,5;1,35004,5;1,35005,5;1,35006,5;1,35007,5;1,35008,5;1,35009,5;"	1	"250,70"	0	"1,90,2000000;1,90,2000000;1,90,2000000;1,90,2000000;"	1	"150,50"	0	"1,34001,5;1,34002,5;1,34003,5;1,34004,5;1,34005,5;1,34006,5;1,34007,5;1,34008,5;1,34009,5;"																						1
1287	32	累充送礼	累充送礼	0	1	2016/10/3 0:00	2016/10/7 23:59	2016/10/3 0:00	2016/10/7 23:59				1	0	500	3	"1,90,500000;1,94,50000;1,25009,1;"	0	1000	3	"1,90,800000;1,200,10;1,25008,1;"	0	2500	3	"1,90,2000000;1,200,30;1,25007,1;"																						1
1288	140	稀有植物	稀有植物	0	20	2016/10/3 0:00	2016/10/7 23:59	2016/10/3 0:00	2016/10/7 23:59	"21408,100|21407,100|21406,90|21401,60|21402,60|21405,90|21403,60|21404,60|"			1	0	100	3	"0,1338,1"																														1
1289	120	登陆赠礼(登陆赠礼)	活动期间每日登录游戏均可领取奖励	0	20	2016/10/8 0:00	2016/10/9 23:59	2016/10/8 0:00	2016/10/9 23:59				4	0	1	3	"1,94,60000;1,91,500;1,50001,200"	0	2	3	"1,94,60000;1,91,500;1,50001,200"	0	3																								1
1290	135	惊喜放送	充值领奖(可选择奖励）	0	1	2016/10/8 0:00	2016/10/9 23:59	2016/10/8 0:00	2016/10/9 23:59				6	1	30	4	"1,1,35003,5;2,1,35003,5"	1	98	4	"1,0,1229,1,1,1,0;2,0,1229,1,1,1,0"	1	98	4	"1,0,1265,1,1,1,0;2,0,1265,1,1,1,0"																						1
1291	33	金币豪礼(盛开的太阳花)	累充返利	0	1	2016/10/10 0:00	2016/10/11 23:59	2016/10/10 0:00	2016/10/11 23:59				1	0	6	3	"1,90,20000;1,50001,10"	0	30	3	"1,90,20000;1,50001,10"	0	100	3	"1,90,150000;1,50001,60"	0	200	3	"1,90,500000;1,50001,240"	0	500	3	"1,90,1800000;1,50001,900"														1
1292	33	金币豪礼(盛开的太阳花)	累充返利	0	1	2016/10/13 0:00	2016/10/14 23:59	2016/10/13 0:00	2016/10/14 23:59				1	0	6	3	"1,94,20000;1,50001,10"	0	30	3	"1,94,20000;1,50001,10"	0	100	3	"1,94,150000;1,50001,60"	0	200	3	"1,94,500000;1,50001,240"	0	500	3	"1,94,1800000;1,50001,900"														1
1293	147	魔法限购	魔法限购	0	20	2016/10/10 0:00	2016/10/16 23:59	2016/10/10 0:00	2016/10/16 23:59				0	1	"300,80"	0	"1,35001,5;1,35002,5;1,35003,5;1,35004,5;1,35005,5;1,35006,5;1,35007,5;1,35008,5;1,35009,5;"	1	"250,70"	0	"1,90,2000000;1,90,2000000;1,90,2000000;1,90,2000000;"	1	"150,50"	0	"1,34001,5;1,34002,5;1,34003,5;1,34004,5;1,34005,5;1,34006,5;1,34007,5;1,34008,5;1,34009,5;"																						1
1294	32	累充送礼	累充送礼	0	1	2016/10/10 0:00	2016/10/14 23:59	2016/10/10 0:00	2016/10/14 23:59				1	0	500	3	"1,90,500000;1,94,50000;1,25009,1;"	0	1000	3	"1,90,800000;1,200,10;1,25008,1;"	0	2500	3	"1,90,2000000;1,200,30;1,25007,1;"																						1
1295	140	稀有植物	稀有植物	0	20	2016/10/10 0:00	2016/10/14 23:59	2016/10/10 0:00	2016/10/14 23:59	"21408,100|21407,100|21406,90|21401,60|21402,60|21405,90|21403,60|21404,60|"			1	0	100	3	"0,1338,1"																														1
1296	120	登陆赠礼(登陆赠礼)	活动期间每日登录游戏均可领取奖励	0	20	2016/10/15 0:00	2016/10/16 23:59	2016/10/15 0:00	2016/10/16 23:59				4	0	1	3	"1,94,60000;1,91,200;1,50001,200"	0	2	3	"1,94,60000;1,91,200;1,50001,200"	0	3																								1
1297	135	惊喜放送	充值领奖(可选择奖励）	0	1	2016/10/15 0:00	2016/10/16 23:59	2016/10/15 0:00	2016/10/16 23:59				6	1	30	4	"1,1,35006,5;2,1,35006,5"	1	98	4	"1,0,1169,1,1,1,0;2,0,1169,1,1,1,0"	1	98	4	"1,0,1193,1,1,1,0;2,0,1193,1,1,1,0"																						1
1298	120	登陆赠礼(登陆赠礼)	活动期间每日登录游戏均可领取奖励	0	20	2016/10/1 0:00	2016/10/1 23:59	2016/10/1 0:00	2016/10/1 23:59				4	0	1	3	"1,94,60000;1,91,888;1,50001,200"	0	2	3	"1,94,60000;1,91,888;1,50001,200"	0	3																								1
1299	140	稀有植物	稀有植物	0	20	2016/10/17 0:00	2016/10/21 23:59	2016/10/17 0:00	2016/10/21 23:59	"21408,100|21407,100|21406,90|21401,60|21402,60|21405,90|21403,60|21404,60|"			1	0	100	3	"0,1338,1"																														1
1300	33	金币豪礼(盛开的太阳花)	累充返利	0	1	2016/10/17 0:00	2016/10/18 23:59	2016/10/17 0:00	2016/10/18 23:59				1	0	6	3	"1,90,20000;1,50001,10"	0	30	3	"1,90,20000;1,50001,10"	0	100	3	"1,90,150000;1,50001,60"	0	200	3	"1,90,500000;1,50001,240"	0	500	3	"1,90,1800000;1,50001,900"														1
1301	33	金币豪礼(盛开的太阳花)	累充返利	0	1	2016/10/20 0:00	2016/10/21 23:59	2016/10/20 0:00	2016/10/21 23:59				1	0	6	3	"1,94,20000;1,50001,10"	0	30	3	"1,94,20000;1,50001,10"	0	100	3	"1,94,150000;1,50001,60"	0	200	3	"1,94,500000;1,50001,240"	0	500	3	"1,94,1800000;1,50001,900"														1
1302	147	魔法限购	魔法限购	0	20	2016/10/17 0:00	2016/10/23 23:59	2016/10/17 0:00	2016/10/23 23:59				0	1	"300,80"	0	"1,35001,5;1,35002,5;1,35003,5;1,35004,5;1,35005,5;1,35006,5;1,35007,5;1,35008,5;1,35009,5;"	1	"250,70"	0	"1,90,2000000;1,90,2000000;1,90,2000000;1,90,2000000;"	1	"150,50"	0	"1,34001,5;1,34002,5;1,34003,5;1,34004,5;1,34005,5;1,34006,5;1,34007,5;1,34008,5;1,34009,5;"																						1
1303	32	累充送礼	累充送礼	0	1	2016/10/17 0:00	2016/10/21 23:59	2016/10/17 0:00	2016/10/21 23:59				1	0	500	3	"1,90,500000;1,94,50000;1,25006,1;"	0	1000	3	"1,90,800000;1,200,10;1,25005,1;"	0	2500	3	"1,90,2000000;1,200,30;1,25004,1;"																						1
1304	120	登陆赠礼(登陆赠礼)	活动期间每日登录游戏均可领取奖励	0	20	2016/10/22 0:00	2016/10/23 23:59	2016/10/22 0:00	2016/10/23 23:59				4	0	1	3	"1,94,60000;1,91,200;1,50001,200"	0	2	3	"1,94,60000;1,91,200;1,50001,200"	0	3																								1
1305	135	惊喜放送	充值领奖(可选择奖励）	0	1	2016/10/22 0:00	2016/10/23 23:59	2016/10/22 0:00	2016/10/23 23:59				6	1	30	4	"1,1,35006,5;2,1,35006,5"	1	98	4	"1,0,1169,1,1,1,0;2,0,1169,1,1,1,0"	1	98	4	"1,0,1193,1,1,1,0;2,0,1193,1,1,1,0"																						1
1306	33	金币豪礼(盛开的太阳花)	累充返利	0	1	2016/10/24 0:00	2016/10/25 23:59	2016/10/24 0:00	2016/10/25 23:59				1	0	6	3	"1,90,20000;1,50001,10"	0	30	3	"1,90,20000;1,50001,10"	0	100	3	"1,90,150000;1,50001,60"	0	200	3	"1,90,500000;1,50001,240"	0	500	3	"1,90,1800000;1,50001,900"														1
1307	33	金币豪礼(盛开的太阳花)	累充返利	0	1	2016/10/27 0:00	2016/10/28 23:59	2016/10/27 0:00	2016/10/28 23:59				1	0	6	3	"1,94,20000;1,50001,10"	0	30	3	"1,94,20000;1,50001,10"	0	100	3	"1,94,150000;1,50001,60"	0	200	3	"1,94,500000;1,50001,240"	0	500	3	"1,94,1800000;1,50001,900"														1
1308	147	魔法限购	魔法限购	0	20	2016/10/24 0:00	2016/10/30 23:59	2016/10/24 0:00	2016/10/30 23:59				0	1	"300,80"	0	"1,35001,5;1,35002,5;1,35003,5;1,35004,5;1,35005,5;1,35006,5;1,35007,5;1,35008,5;1,35009,5;"	1	"250,70"	0	"1,90,2000000;1,90,2000000;1,90,2000000;1,90,2000000;"	1	"150,50"	0	"1,34001,5;1,34002,5;1,34003,5;1,34004,5;1,34005,5;1,34006,5;1,34007,5;1,34008,5;1,34009,5;"																						1
1309	32	累充送礼	累充送礼	0	1	2016/10/24 0:00	2016/10/28 23:59	2016/10/24 0:00	2016/10/28 23:59				1	0	500	3	"1,90,500000;1,94,50000;1,25003,1;"	0	1000	3	"1,90,800000;1,200,10;1,25002,1;"	0	2500	3	"1,90,2000000;1,200,30;1,25001,1;"																						1
1310	140	稀有植物	稀有植物	0	20	2016/10/24 0:00	2016/10/28 23:59	2016/10/24 0:00	2016/10/28 23:59	"21408,100|21407,100|21406,90|21401,60|21402,60|21405,90|21403,60|21404,60|"			1	0	100	3	"0,1338,1"																														1
1311	120	登陆赠礼(登陆赠礼)	活动期间每日登录游戏均可领取奖励	0	20	2016/10/29 0:00	2016/10/30 23:59	2016/10/29 0:00	2016/10/30 23:59				4	0	1	3	"1,94,60000;1,91,200;1,50001,200"	0	2	3	"1,94,60000;1,91,200;1,50001,200"	0	3																								1
1312	135	惊喜放送	充值领奖(可选择奖励）	0	1	2016/10/29 0:00	2016/10/30 23:59	2016/10/29 0:00	2016/10/30 23:59				6	1	30	4	"1,1,35006,5;2,1,35006,5"	1	98	4	"1,0,1169,1,1,1,0;2,0,1169,1,1,1,0"	1	98	4	"1,0,1193,1,1,1,0;2,0,1193,1,1,1,0"																						1
1313	136	觉醒时刻	累计消耗钻石领奖	0	20	2016/10/31 0:00	2016/11/1 23:59	2016/10/31 0:00	2016/11/1 23:59				2	0	500	3	"1,94,50000;1,90,50000;1,200,1"	0	2000	3	"1,60204,2000;1,45169,10"	0	5000	3	"1,60204,3000;1,45169,20"	0	10000	3	"1,94,200000;0,1169,1,1,1,1"																		1
1314	33	金币豪礼(盛开的太阳花)	累充返利	0	1	2016/11/3 0:00	2016/11/4 23:59	2016/11/3 0:00	2016/11/4 23:59				1	0	6	3	"1,94,20000;1,50001,10"	0	30	3	"1,94,20000;1,50001,10"	0	100	3	"1,94,150000;1,50001,60"	0	200	3	"1,94,500000;1,50001,240"	0	500	3	"1,94,1800000;1,50001,900"														1
1315	147	魔法限购	魔法限购	0	20	2016/10/31 0:00	2016/11/6 23:59	2016/10/31 0:00	2016/11/6 23:59				0	1	"300,80"	0	"1,35001,5;1,35002,5;1,35003,5;1,35004,5;1,35005,5;1,35006,5;1,35007,5;1,35008,5;1,35009,5;"	1	"250,70"	0	"1,45277,5;1,45145,5;1,45181,5;"	1	"150,50"	0	"1,34001,5;1,34002,5;1,34003,5;1,34004,5;1,34005,5;1,34006,5;1,34007,5;1,34008,5;1,34009,5;"																						1
1316	32	累充送礼	累充送礼	0	1	2016/10/31 0:00	2016/11/4 23:59	2016/10/31 0:00	2016/11/4 23:59				1	0	500	3	"1,90,500000;1,94,50000;1,25003,1;"	0	1000	3	"1,90,800000;1,200,10;1,25002,1;"	0	2500	3	"1,90,2000000;1,200,30;1,25001,1;"																						1
1317	140	稀有植物	稀有植物	0	20	2016/10/31 0:00	2016/11/4 23:59	2016/10/31 0:00	2016/11/4 23:59	"21408,100|21407,100|21406,90|21401,60|21402,60|21405,90|21403,60|21404,60|"			1	0	100	3	"0,1338,1"																														1
1318	120	登陆赠礼(登陆赠礼)	活动期间每日登录游戏均可领取奖励	0	20	2016/11/5 0:00	2016/11/6 23:59	2016/11/5 0:00	2016/11/6 23:59				4	0	1	3	"1,94,60000;1,91,500;1,50001,200"	0	2	3	"1,94,60000;1,91,500;1,50001,200"	0	3																								1
1319	30	充值返利	充值返利(单次)	0	1	2016/11/5 0:00	2016/11/6 23:59	2016/11/5 0:00	2016/11/6 23:59				5	0	98	3	"1,0,1229,1,1,1,0;"	0	198	3	"1,0,1362,1,1,1,0;"	0	648	3	"1,1,16032,1;"																						0
1320	31	充值返利	充值返利(单次+累计)	0	1	2016/11/5 0:00	2016/11/6 23:59	2016/11/5 0:00	2016/11/6 23:59				1	0	100	3	"1,94,50000;1,90,200000;"	0	300	3	"1,45169,10;"	0	500	3	"1,45157,20;"	0	1000	3	"1,94,500000;1,90,2000000;"																	30	1
1321	33	金币豪礼(盛开的太阳花)	累充返利	0	1	2016/11/7 0:00	2016/11/8 23:59	2016/11/7 0:00	2016/11/8 23:59				1	0	6	3	"1,90,20000;1,50001,10"	0	30	3	"1,90,20000;1,50001,10"	0	100	3	"1,90,150000;1,50001,60"	0	200	3	"1,90,500000;1,50001,240"	0	500	3	"1,90,1800000;1,50001,900"														1
1322	33	金币豪礼(盛开的太阳花)	累充返利	0	1	2016/11/10 0:00	2016/11/11 23:59	2016/11/10 0:00	2016/11/11 23:59				1	0	6	3	"1,94,20000;1,50001,10"	0	30	3	"1,94,20000;1,50001,10"	0	100	3	"1,94,150000;1,50001,60"	0	200	3	"1,94,500000;1,50001,240"	0	500	3	"1,94,1800000;1,50001,900"														1
1323	147	魔法限购	魔法限购	0	20	2016/11/7 0:00	2016/11/10 23:59	2016/11/7 0:00	2016/11/10 23:59				0	1	"300,80"	0	"1,35001,5;1,35002,5;1,35003,5;1,35004,5;1,35005,5;1,35006,5;1,35007,5;1,35008,5;1,35009,5;"	1	"250,70"	0	"1,45277,5;1,45145,5;1,45181,5;"	1	"150,50"	0	"1,34001,5;1,34002,5;1,34003,5;1,34004,5;1,34005,5;1,34006,5;1,34007,5;1,34008,5;1,34009,5;"																						1
1324	147	魔法限购	魔法限购	0	20	2016/11/11 0:00	2016/11/13 23:59	2016/11/11 0:00	2016/11/13 23:59				0	1	"300,40"	0	"1,35001,5;1,35002,5;1,35003,5;1,35004,5;1,35005,5;1,35006,5;1,35007,5;1,35008,5;1,35009,5;"	1	"250,30"	0	"1,45277,5;1,45145,5;1,45181,5;"	1	"150,20"	0	"1,34001,5;1,34002,5;1,34003,5;1,34004,5;1,34005,5;1,34006,5;1,34007,5;1,34008,5;1,34009,5;"																						1
1325	32	累充送礼	累充送礼	0	1	2016/11/7 0:00	2016/11/11 23:59	2016/11/7 0:00	2016/11/11 23:59				1	0	500	3	"1,90,500000;1,94,50000;1,25003,1;"	0	1000	3	"1,90,800000;1,200,10;1,25002,1;"	0	2500	3	"1,90,2000000;1,200,30;1,25001,1;"																						1
1326	140	稀有植物	稀有植物	0	20	2016/11/7 0:00	2016/11/10 23:59	2016/11/7 0:00	2016/11/10 23:59	"21408,100|21407,100|21406,90|21401,60|21402,60|21405,90|21403,60|21404,60|"			1	0	100	3	"0,1338,1"																														1
1327	140	稀有植物	稀有植物	0	20	2016/11/11 0:00	2016/11/11 23:59	2016/11/11 0:00	2016/11/11 23:59	"21408,50|21407,50|21406,45|21401,30|21402,30|21405,40|21403,30|21404,30|"			1	0	100	3	"0,1338,1"																														1
1328	120	登陆赠礼(登陆赠礼)	活动期间每日登录游戏均可领取奖励	0	20	2016/11/12 0:00	2016/11/13 23:59	2016/11/12 0:00	2016/11/13 23:59				4	0	1	3	"1,94,60000;1,91,300;1,50001,200"	0	2	3	"1,94,60000;1,91,300;1,50001,200"	0	3																								1
1329	30	充值返利	充值返利(单次)	0	1	2016/11/12 0:00	2016/11/13 23:59	2016/11/12 0:00	2016/11/13 23:59				5	0	98	3	"1,0,1256,1,1,1,0;"	0	198	3	"1,0,1314,1,1,1,0;"	0	648	3	"1,1,16023,1;"																						0
1330	31	充值返利	充值返利(单次+累计)	0	1	2016/11/12 0:00	2016/11/13 23:59	2016/11/12 0:00	2016/11/13 23:59				1	0	100	3	"1,94,50000;1,90,200000;"	0	300	3	"1,45169,10;"	0	500	3	"1,45157,20;"	0	1000	3	"1,94,500000;1,90,2000000;"																	30	1
1331	135	惊喜放送	充值领奖(可选择奖励）	0	1	2016/11/11 0:00	2016/11/11 23:59	2016/11/11 0:00	2016/11/11 23:59				6	1	30	4	"1,1,91,1060;"																														1
1332	140	稀有植物	稀有植物	0	20	2016/11/14 0:00	2016/11/18 23:59	2016/11/14 0:00	2016/11/18 23:59	"21408,100|21407,100|21406,90|21401,60|21402,60|21405,90|21403,60|21404,60|"			1	0	100	3	"0,1338,1"																														1
1333	33	金币豪礼(盛开的太阳花)	累充返利	0	1	2016/11/14 0:00	2016/11/15 23:59	2016/11/14 0:00	2016/11/15 23:59				1	0	6	3	"1,90,20000;1,50001,10"	0	30	3	"1,90,20000;1,50001,10"	0	100	3	"1,90,150000;1,50001,60"	0	200	3	"1,90,500000;1,50001,240"	0	500	3	"1,90,1800000;1,50001,900"														1
1334	33	金币豪礼(盛开的太阳花)	累充返利	0	1	2016/11/17 0:00	2016/11/18 23:59	2016/11/17 0:00	2016/11/18 23:59				1	0	6	3	"1,94,20000;1,50001,10"	0	30	3	"1,94,20000;1,50001,10"	0	100	3	"1,94,150000;1,50001,60"	0	200	3	"1,94,500000;1,50001,240"	0	500	3	"1,94,1800000;1,50001,900"														1
1335	147	魔法限购	魔法限购	0	20	2016/11/14 0:00	2016/11/20 23:59	2016/11/14 0:00	2016/11/20 23:59				0	1	"300,80"	0	"1,35001,5;1,35002,5;1,35003,5;1,35004,5;1,35005,5;1,35006,5;1,35007,5;1,35008,5;1,35009,5;"	1	"250,70"	0	"1,45277,5;1,45145,5;1,45181,5;"	1	"150,50"	0	"1,34001,5;1,34002,5;1,34003,5;1,34004,5;1,34005,5;1,34006,5;1,34007,5;1,34008,5;1,34009,5;"																						1
1336	32	累充送礼	累充送礼	0	1	2016/11/14 0:00	2016/11/18 23:59	2016/11/14 0:00	2016/11/18 23:59				1	0	500	3	"1,90,500000;1,94,50000;1,25003,1;"	0	1000	3	"1,90,800000;1,200,10;1,25002,1;"	0	2500	3	"1,90,2000000;1,200,30;1,25001,1;"																						1
1337	120	登陆赠礼(登陆赠礼)	活动期间每日登录游戏均可领取奖励	0	20	2016/11/19 0:00	2016/11/20 23:59	2016/11/19 0:00	2016/11/20 23:59				4	0	1	3	"1,94,60000;1,91,300;1,50001,200"	0	2	3	"1,94,60000;1,91,300;1,50001,200"	0	3																								1
1338	33	金币豪礼(盛开的太阳花)	累充返利	0	1	2016/11/21 0:00	2016/11/22 23:59	2016/11/21 0:00	2016/11/22 23:59				1	0	6	3	"1,90,20000;1,50001,10"	0	30	3	"1,90,20000;1,50001,10"	0	100	3	"1,90,150000;1,50001,60"	0	200	3	"1,90,500000;1,50001,240"	0	500	3	"1,90,1800000;1,50001,900"														1
1339	33	金币豪礼(盛开的太阳花)	累充返利	0	1	2016/11/24 0:00	2016/11/25 23:59	2016/11/24 0:00	2016/11/25 23:59				1	0	6	3	"1,94,20000;1,50001,10"	0	30	3	"1,94,20000;1,50001,10"	0	100	3	"1,94,150000;1,50001,60"	0	200	3	"1,94,500000;1,50001,240"	0	500	3	"1,94,1800000;1,50001,900"														1
1340	147	魔法限购	魔法限购	0	20	2016/11/21 0:00	2016/11/27 23:59	2016/11/21 0:00	2016/11/27 23:59				0	1	"300,80"	0	"1,35001,5;1,35002,5;1,35003,5;1,35004,5;1,35005,5;1,35006,5;1,35007,5;1,35008,5;1,35009,5;"	1	"250,70"	0	"1,45277,5;1,45145,5;1,45181,5;"	1	"150,50"	0	"1,34001,5;1,34002,5;1,34003,5;1,34004,5;1,34005,5;1,34006,5;1,34007,5;1,34008,5;1,34009,5;"																						1
1341	32	累充送礼	累充送礼	0	1	2016/11/21 0:00	2016/11/25 23:59	2016/11/21 0:00	2016/11/25 23:59				1	0	500	3	"1,90,500000;1,94,500000;1,25009,1;"	0	1000	3	"1,90,1000000;1,200,10;1,25008,1;"	0	2500	3	"1,90,2000000;1,200,30;1,25007,1;"																						1
1342	140	稀有植物	稀有植物	0	20	2016/11/21 0:00	2016/11/25 23:59	2016/11/21 0:00	2016/11/25 23:59	"21408,100|21407,100|21406,90|21401,60|21402,60|21405,90|21403,60|21404,60|"			1	0	100	3	"0,1338,1"																														1
1343	120	登陆赠礼(登陆赠礼)	活动期间每日登录游戏均可领取奖励	0	20	2016/11/26 0:00	2016/11/27 23:59	2016/11/26 0:00	2016/11/27 23:59				4	0	1	3	"1,94,60000;1,91,300;1,50001,200"	0	2	3	"1,94,60000;1,91,300;1,50001,200"	0	3																								1
1344	30	充值返利	充值返利(单次)	0	1	2016/11/19 0:00	2016/11/19 23:59	2016/11/19 0:00	2016/11/19 23:59				5	0	98	3	"1,0,1181,1,1,1,0;"	0	198	3	"1,0,1350,1,1,1,0;"	0	648	3	"1,1,16025,1;"																						0
1345	31	充值返利	充值返利(单次+累计)	0	1	2016/11/19 0:00	2016/11/19 23:59	2016/11/19 0:00	2016/11/19 23:59				1	0	100	3	"1,94,50000;1,90,200000;"	0	300	3	"1,45169,10;"	0	500	3	"1,45157,20;"	0	1000	3	"1,94,500000;1,90,2000000;"																	30	1
1346	30	充值返利	充值返利(单次)	0	1	2016/11/20 0:00	2016/11/20 23:59	2016/11/20 0:00	2016/11/20 23:59				5	0	98	3	"1,0,1181,1,1,1,0;"	0	198	3	"1,0,1350,1,1,1,0;"	0	648	3	"1,1,16025,1;"																						0
1347	31	充值返利	充值返利(单次+累计)	0	1	2016/11/20 0:00	2016/11/20 23:59	2016/11/20 0:00	2016/11/20 23:59				1	0	100	3	"1,94,50000;1,90,200000;"	0	300	3	"1,45169,10;"	0	500	3	"1,45157,20;"	0	1000	3	"1,94,500000;1,90,2000000;"																	30	1
1348	30	充值返利	充值返利(单次)	0	1	2016/11/19 0:00	2016/11/19 23:59	2016/11/19 0:00	2016/11/19 23:59				5	0	98	3	"1,0,1169,1,1,1,0;"	0	198	3	"1,0,1374,1,1,1,0;"	0	648	3	"1,1,16023,1;"																						0
1349	31	充值返利	充值返利(单次+累计)	0	1	2016/11/19 0:00	2016/11/19 23:59	2016/11/19 0:00	2016/11/19 23:59				1	0	100	3	"1,94,50000;1,90,200000;"	0	300	3	"1,45169,10;"	0	500	3	"1,45157,20;"	0	1000	3	"1,94,500000;1,90,2000000;"																	30	1
1350	30	充值返利	充值返利(单次)	0	1	2016/11/26 0:00	2016/11/27 23:59	2016/11/26 0:00	2016/11/27 23:59				5	0	98	3	"1,0,1169,1,1,1,0;"	0	198	3	"1,0,1374,1,1,1,0;"	0	648	3	"1,1,16023,1;"																						0
1351	31	充值返利	充值返利(单次+累计)	0	1	2016/11/26 0:00	2016/11/27 23:59	2016/11/26 0:00	2016/11/27 23:59				1	0	100	3	"1,94,50000;1,90,200000;"	0	300	3	"1,45169,10;"	0	500	3	"1,45157,20;"	0	1000	3	"1,94,500000;1,90,2000000;"																	30	1
1352	136	觉醒时刻	累计消耗钻石领奖	0	20	2016/11/28 0:00	2016/11/29 23:59	2016/11/28 0:00	2016/11/29 23:59				2	0	500	3	"1,94,50000;1,90,50000;1,200,1"	0	2000	3	"1,60204,2000;1,45169,10"	0	5000	3	"1,60204,3000;1,45169,20"	0	10000	3	"1,94,200000;0,1169,1,1,1,1"																		1
1353	33	金币豪礼(盛开的太阳花)	累充返利	0	1	2016/12/1 0:00	2016/12/2 23:59	2016/12/1 0:00	2016/12/2 23:59				1	0	6	3	"1,94,20000;1,50001,10"	0	30	3	"1,94,20000;1,50001,10"	0	100	3	"1,94,150000;1,50001,60"	0	200	3	"1,94,500000;1,50001,240"	0	500	3	"1,94,1800000;1,50001,900"														1
1354	147	魔法限购	魔法限购	0	20	2016/11/28 0:00	2016/12/4 23:59	2016/11/28 0:00	2016/12/4 23:59				0	1	"300,80"	0	"1,35001,5;1,35002,5;1,35003,5;1,35004,5;1,35005,5;1,35006,5;1,35007,5;1,35008,5;1,35009,5;"	1	"250,70"	0	"1,45277,5;1,45145,5;1,45181,5;"	1	"150,50"	0	"1,34001,5;1,34002,5;1,34003,5;1,34004,5;1,34005,5;1,34006,5;1,34007,5;1,34008,5;1,34009,5;"																						1
1355	32	累充送礼	累充送礼	0	1	2016/11/28 0:00	2016/12/2 23:59	2016/11/28 0:00	2016/12/2 23:59				1	0	500	3	"1,90,500000;1,94,50000;1,50001,100;"	0	1000	3	"1,90,1000000;1,200,10;0,1109,1,1,1,2;"	0	2500	3	"1,90,2000000;1,200,30;0,1386,1,1,1,2;"																						1
1356	140	稀有植物	稀有植物	0	20	2016/11/28 0:00	2016/12/2 23:59	2016/11/28 0:00	2016/12/2 23:59	"21408,100|21407,100|21406,90|21401,60|21402,60|21405,90|21403,60|21404,60|"			1	0	100	3	"0,1338,1"																														1
1357	120	登陆赠礼(登陆赠礼)	活动期间每日登录游戏均可领取奖励	0	20	2016/12/3 0:00	2016/12/4 23:59	2016/12/3 0:00	2016/12/4 23:59				4	0	1	3	"1,94,60000;1,91,300;1,50001,200"	0	2	3	"1,94,60000;1,91,300;1,50001,200"	0	3																								1
1358	135	惊喜放送	充值领奖(可选择奖励）	0	1	2016/12/3 0:00	2016/12/4 23:59	2016/12/3 0:00	2016/12/4 23:59				6	1	30	4	"1,1,35003,5;2,1,35003,5"	1	98	4	"1,0,1229,1,1,1,0;2,0,1229,1,1,1,0"	1	98	4	"1,0,1265,1,1,1,0;2,0,1265,1,1,1,0"																						1
1359	33	金币豪礼(盛开的太阳花)	累充返利	0	1	2016/12/5 0:00	2016/12/6 23:59	2016/12/5 0:00	2016/12/6 23:59				1	0	6	3	"1,90,20000;1,50001,10"	0	30	3	"1,90,20000;1,50001,10"	0	100	3	"1,90,150000;1,50001,60"	0	200	3	"1,90,500000;1,50001,240"	0	500	3	"1,90,1800000;1,50001,900"														1
1360	33	金币豪礼(盛开的太阳花)	累充返利	0	1	2016/12/8 0:00	2016/12/9 23:59	2016/12/8 0:00	2016/12/9 23:59				1	0	6	3	"1,94,20000;1,50001,10"	0	30	3	"1,94,20000;1,50001,10"	0	100	3	"1,94,150000;1,50001,60"	0	200	3	"1,94,500000;1,50001,240"	0	500	3	"1,94,1800000;1,50001,900"														1
1361	147	魔法限购	魔法限购	0	20	2016/12/5 0:00	2016/12/11 23:59	2016/12/5 0:00	2016/12/11 23:59				0	1	"300,80"	0	"1,35001,5;1,35002,5;1,35003,5;1,35004,5;1,35005,5;1,35006,5;1,35007,5;1,35008,5;1,35009,5;"	1	"250,70"	0	"1,45277,5;1,45145,5;1,45181,5;"	1	"150,50"	0	"1,34001,5;1,34002,5;1,34003,5;1,34004,5;1,34005,5;1,34006,5;1,34007,5;1,34008,5;1,34009,5;"																						1
1362	32	累充送礼	累充送礼	0	1	2016/12/5 0:00	2016/12/9 23:59	2016/12/5 0:00	2016/12/9 23:59				1	0	500	3	"1,90,500000;1,94,50000;1,50001,100;"	0	1000	3	"1,90,1000000;1,200,10;0,1109,1,1,1,2;"	0	2500	3	"1,90,2000000;1,200,30;0,1386,1,1,1,2;"																						1
1363	140	稀有植物	稀有植物	0	20	2016/12/5 0:00	2016/12/9 23:59	2016/12/5 0:00	2016/12/9 23:59	"21408,100|21407,100|21406,90|21401,60|21402,60|21405,90|21403,60|21404,60|"			1	0	100	3	"0,1338,1"																														1
1364	120	登陆赠礼(登陆赠礼)	活动期间每日登录游戏均可领取奖励	0	20	2016/12/10 0:00	2016/12/11 23:59	2016/12/10 0:00	2016/12/11 23:59				4	0	1	3	"1,94,60000;1,91,300;1,50001,200"	0	2	3	"1,94,60000;1,91,300;1,50001,200"	0	3																								1
1365	135	惊喜放送	充值领奖(可选择奖励）	0	1	2016/12/10 0:00	2016/12/11 23:59	2016/12/10 0:00	2016/12/11 23:59				6	1	30	4	"1,1,35009,5;2,1,35009,5"	1	98	4	"1,1,35008,15;2,1,35008,15"	1	98	4	"1,1,35007,15;2,1,35007,15"																						1
1366	33	金币豪礼(盛开的太阳花)	累充返利	0	1	2016/12/12 0:00	2016/12/13 23:59	2016/12/12 0:00	2016/12/13 23:59				1	0	6	3	"1,90,20000;1,50001,10"	0	30	3	"1,90,20000;1,50001,10"	0	100	3	"1,90,150000;1,50001,60"	0	200	3	"1,90,500000;1,50001,240"	0	500	3	"1,90,1800000;1,50001,900"														1
1367	33	金币豪礼(盛开的太阳花)	累充返利	0	1	2016/12/15 0:00	2016/12/16 23:59	2016/12/15 0:00	2016/12/16 23:59				1	0	6	3	"1,94,20000;1,50001,10"	0	30	3	"1,94,20000;1,50001,10"	0	100	3	"1,94,150000;1,50001,60"	0	200	3	"1,94,500000;1,50001,240"	0	500	3	"1,94,1800000;1,50001,900"														1
1368	147	魔法限购	魔法限购	0	20	2016/12/12 0:00	2016/12/18 23:59	2016/12/12 0:00	2016/12/18 23:59				0	1	"300,80"	0	"1,35001,5;1,35002,5;1,35003,5;1,35004,5;1,35005,5;1,35006,5;1,35007,5;1,35008,5;1,35009,5;"	1	"250,70"	0	"1,45277,5;1,45145,5;1,45181,5;"	1	"150,50"	0	"1,34001,5;1,34002,5;1,34003,5;1,34004,5;1,34005,5;1,34006,5;1,34007,5;1,34008,5;1,34009,5;"																						1
1369	32	累充送礼	累充送礼	0	1	2016/12/12 0:00	2016/12/16 23:59	2016/12/12 0:00	2016/12/16 23:59				1	0	500	3	"1,90,500000;1,94,50000;1,50001,100;"	0	1000	3	"1,90,1000000;1,200,10;0,1109,1,1,1,2;"	0	2500	3	"1,90,2000000;1,200,30;0,1386,1,1,1,2;"																						1
1370	140	稀有植物	稀有植物	0	20	2016/12/12 0:00	2016/12/16 23:59	2016/12/12 0:00	2016/12/16 23:59	"21408,100|21407,100|21406,90|21401,60|21402,60|21405,90|21403,60|21404,60|"			1	0	100	3	"0,1338,1"																														1
1371	120	登陆赠礼(登陆赠礼)	活动期间每日登录游戏均可领取奖励	0	20	2016/12/17 0:00	2016/12/18 23:59	2016/12/17 0:00	2016/12/18 23:59				4	0	1	3	"1,94,60000;1,91,300;1,50001,200"	0	2	3	"1,94,60000;1,91,300;1,50001,200"	0	3																								1
1372	135	惊喜放送	充值领奖(可选择奖励）	0	1	2016/12/17 0:00	2016/12/18 23:59	2016/12/17 0:00	2016/12/18 23:59				6	1	30	4	"1,1,35006,5;2,1,35006,5"	1	98	4	"1,0,1169,1,1,1,0;2,0,1169,1,1,1,0"	1	98	4	"1,0,1193,1,1,1,0;2,0,1193,1,1,1,0"																						1
1373	33	金币豪礼(盛开的太阳花)	累充返利	0	1	2016/12/19 0:00	2016/12/20 23:59	2016/12/19 0:00	2016/12/20 23:59				1	0	6	3	"1,90,20000;1,50001,10"	0	30	3	"1,90,20000;1,50001,10"	0	100	3	"1,90,150000;1,50001,60"	0	200	3	"1,90,500000;1,50001,240"	0	500	3	"1,90,1800000;1,50001,900"														1
1374	33	金币豪礼(盛开的太阳花)	累充返利	0	1	2016/12/22 0:00	2016/12/23 23:59	2016/12/22 0:00	2016/12/23 23:59				1	0	6	3	"1,94,20000;1,50001,10"	0	30	3	"1,94,20000;1,50001,10"	0	100	3	"1,94,150000;1,50001,60"	0	200	3	"1,94,500000;1,50001,240"	0	500	3	"1,94,1800000;1,50001,900"														1
1375	147	魔法限购	魔法限购	0	20	2016/12/19 0:00	2016/12/25 23:59	2016/12/19 0:00	2016/12/25 23:59				0	1	"300,80"	0	"1,35001,5;1,35002,5;1,35003,5;1,35004,5;1,35005,5;1,35006,5;1,35007,5;1,35008,5;1,35009,5;"	1	"250,70"	0	"1,45277,5;1,45145,5;1,45181,5;"	1	"150,50"	0	"1,34001,5;1,34002,5;1,34003,5;1,34004,5;1,34005,5;1,34006,5;1,34007,5;1,34008,5;1,34009,5;"																						1
1376	32	累充送礼	累充送礼	0	1	2016/12/19 0:00	2016/12/23 23:59	2016/12/19 0:00	2016/12/23 23:59				1	0	500	3	"1,90,500000;1,94,50000;1,25009,1;"	0	1000	3	"1,90,800000;1,200,10;1,25008,1;"	0	2500	3	"1,90,2000000;1,200,30;1,25007,1;"																						1
1377	140	稀有植物	稀有植物	0	20	2016/12/19 0:00	2016/12/23 23:59	2016/12/19 0:00	2016/12/23 23:59	"21408,100|21407,100|21406,90|21401,60|21402,60|21405,90|21403,60|21404,60|"			1	0	100	3	"0,1338,1"																														1
1378	120	登陆赠礼(登陆赠礼)	活动期间每日登录游戏均可领取奖励	0	20	2016/12/24 0:00	2016/12/25 23:59	2016/12/24 0:00	2016/12/25 23:59				4	0	1	3	"1,94,60000;1,91,666;1,50001,200"	0	2	3	"1,94,60000;1,91,666;1,50001,200"	0	3																								1
1379	135	惊喜放送	充值领奖(可选择奖励）	0	1	2016/12/24 0:00	2016/12/25 23:59	2016/12/24 0:00	2016/12/25 23:59				6	1	30	4	"1,1,91,1060;"																														1
1380	136	觉醒时刻	累计消耗钻石领奖	0	20	2016/12/26 0:00	2016/12/27 23:59	2016/12/26 0:00	2016/12/27 23:59				2	0	500	3	"1,94,50000;1,90,50000;1,200,1"	0	2000	3	"1,60204,2000;1,45169,10"	0	5000	3	"1,60204,3000;1,45169,20"	0	10000	3	"1,94,200000;0,1169,1,1,1,1"																		1
1381	33	金币豪礼(盛开的太阳花)	累充返利	0	1	2016/12/29 0:00	2016/12/30 23:59	2016/12/29 0:00	2016/12/30 23:59				1	0	6	3	"1,94,20000;1,50001,10"	0	30	3	"1,94,20000;1,50001,10"	0	100	3	"1,94,150000;1,50001,60"	0	200	3	"1,94,500000;1,50001,240"	0	500	3	"1,94,1800000;1,50001,900"														1
1382	147	魔法限购	魔法限购	0	20	2016/12/26 0:00	2017/1/1 23:59	2016/12/26 0:00	2017/1/1 23:59				0	1	"300,80"	0	"1,35001,5;1,35002,5;1,35003,5;1,35004,5;1,35005,5;1,35006,5;1,35007,5;1,35008,5;1,35009,5;"	1	"250,70"	0	"1,45277,5;1,45145,5;1,45181,5;"	1	"150,50"	0	"1,34001,5;1,34002,5;1,34003,5;1,34004,5;1,34005,5;1,34006,5;1,34007,5;1,34008,5;1,34009,5;"																						1
1383	32	累充送礼	累充送礼	0	1	2016/12/26 0:00	2016/12/30 23:59	2016/12/26 0:00	2016/12/30 23:59				1	0	500	3	"1,90,500000;1,94,50000;1,50001,100;"	0	1000	3	"1,90,1000000;1,200,10;0,1109,1,1,1,2;"	0	2500	3	"1,90,2000000;1,200,30;0,1386,1,1,1,2;"																						1
1384	140	稀有植物	稀有植物	0	20	2016/12/26 0:00	2016/12/30 23:59	2016/12/26 0:00	2016/12/30 23:59	"21408,100|21407,100|21406,90|21401,60|21402,60|21405,90|21403,60|21404,60|"			1	0	100	3	"0,1338,1"																														1
1385	135	惊喜放送	充值领奖(可选择奖励）	0	1	2017/1/1 0:00	2017/1/1 23:59	2017/1/1 0:00	2017/1/1 23:59				6	1	30	4	"1,1,91,1060;"																														1
1386	120	登陆赠礼(登陆赠礼)	活动期间每日登录游戏均可领取奖励	0	20	2016/12/31 0:00	2017/1/1 23:59	2016/12/31 0:00	2017/1/1 23:59				4	0	1	3	"1,94,60000;1,91,666;1,50001,200"	0	2	3	"1,94,60000;1,91,666;1,50001,200"	0	3																								1
1387	33	金币豪礼(盛开的太阳花)	累充返利	0	1	2017/1/2 0:00	2017/1/3 23:59	2017/1/2 0:00	2017/1/3 23:59				1	0	6	3	"1,90,20000;1,50001,10"	0	30	3	"1,90,20000;1,50001,10"	0	100	3	"1,90,150000;1,50001,60"	0	200	3	"1,90,500000;1,50001,240"	0	500	3	"1,90,1800000;1,50001,900"														1
1388	33	金币豪礼(盛开的太阳花)	累充返利	0	1	2017/1/5 0:00	2017/1/6 23:59	2017/1/5 0:00	2017/1/6 23:59				1	0	6	3	"1,94,20000;1,50001,10"	0	30	3	"1,94,20000;1,50001,10"	0	100	3	"1,94,150000;1,50001,60"	0	200	3	"1,94,500000;1,50001,240"	0	500	3	"1,94,1800000;1,50001,900"														1
1389	147	魔法限购	魔法限购	0	20	2017/1/2 0:00	2017/1/8 23:59	2017/1/2 0:00	2017/1/8 23:59				0	1	"300,80"	0	"1,35001,5;1,35002,5;1,35003,5;1,35004,5;1,35005,5;1,35006,5;1,35007,5;1,35008,5;1,35009,5;"	1	"250,70"	0	"1,45277,5;1,45145,5;1,45181,5;"	1	"150,50"	0	"1,34001,5;1,34002,5;1,34003,5;1,34004,5;1,34005,5;1,34006,5;1,34007,5;1,34008,5;1,34009,5;"																						1
1390	32	累充送礼	累充送礼	0	1	2017/1/2 0:00	2017/1/6 23:59	2017/1/2 0:00	2017/1/6 23:59				1	0	500	3	"1,90,500000;1,94,50000;1,25006,1;"	0	1000	3	"1,90,800000;1,200,10;1,25005,1;"	0	2500	3	"1,90,2000000;1,200,30;1,25004,1;"																						1
1391	140	稀有植物	稀有植物	0	20	2017/1/2 0:00	2017/1/6 23:59	2017/1/2 0:00	2017/1/6 23:59	"21408,100|21407,100|21406,90|21401,60|21402,60|21405,90|21403,60|21404,60|"			1	0	100	3	"0,1338,1"																														1
1392	120	登陆赠礼(登陆赠礼)	活动期间每日登录游戏均可领取奖励	0	20	2017/1/7 0:00	2017/1/8 23:59	2017/1/7 0:00	2017/1/8 23:59				4	0	1	3	"1,94,60000;1,91,300;1,50001,200"	0	2	3	"1,94,60000;1,91,300;1,50001,200"	0	3																								1
1393	135	惊喜放送	充值领奖(可选择奖励）	0	1	2017/1/7 0:00	2017/1/8 23:59	2017/1/7 0:00	2017/1/8 23:59				6	1	30	4	"1,1,35003,5;2,1,35003,5"	1	98	4	"1,0,1229,1,1,1,0;2,0,1229,1,1,1,0"	1	98	4	"1,0,1265,1,1,1,0;2,0,1265,1,1,1,0"																						1
1394	33	金币豪礼(盛开的太阳花)	累充返利	0	1	2017/1/9 0:00	2017/1/10 23:59	2017/1/9 0:00	2017/1/10 23:59				1	0	6	3	"1,90,20000;1,50001,10"	0	30	3	"1,90,20000;1,50001,10"	0	100	3	"1,90,150000;1,50001,60"	0	200	3	"1,90,500000;1,50001,240"	0	500	3	"1,90,1800000;1,50001,900"														1
1395	33	金币豪礼(盛开的太阳花)	累充返利	0	1	2017/1/12 0:00	2017/1/13 23:59	2017/1/12 0:00	2017/1/13 23:59				1	0	6	3	"1,94,20000;1,50001,10"	0	30	3	"1,94,20000;1,50001,10"	0	100	3	"1,94,150000;1,50001,60"	0	200	3	"1,94,500000;1,50001,240"	0	500	3	"1,94,1800000;1,50001,900"														1
1396	147	魔法限购	魔法限购	0	20	2017/1/9 0:00	2017/1/15 23:59	2017/1/9 0:00	2017/1/15 23:59				0	1	"300,80"	0	"1,35001,5;1,35002,5;1,35003,5;1,35004,5;1,35005,5;1,35006,5;1,35007,5;1,35008,5;1,35009,5;"	1	"250,70"	0	"1,45277,5;1,45145,5;1,45181,5;"	1	"150,50"	0	"1,34001,5;1,34002,5;1,34003,5;1,34004,5;1,34005,5;1,34006,5;1,34007,5;1,34008,5;1,34009,5;"																						1
1397	32	累充送礼	累充送礼	0	1	2017/1/9 0:00	2017/1/13 23:59	2017/1/9 0:00	2017/1/13 23:59				1	0	500	3	"1,90,500000;1,94,50000;1,50001,100;"	0	1000	3	"1,90,1000000;1,200,10;0,1109,1,1,1,2;"	0	2500	3	"1,90,2000000;1,200,30;0,1386,1,1,1,2;"																						1
1398	140	稀有植物	稀有植物	0	20	2017/1/9 0:00	2017/1/13 23:59	2017/1/9 0:00	2017/1/13 23:59	"21408,100|21407,100|21406,90|21401,60|21402,60|21405,90|21403,60|21404,60|"			1	0	100	3	"0,1338,1"																														1
1399	120	登陆赠礼(登陆赠礼)	活动期间每日登录游戏均可领取奖励	0	20	2017/1/14 0:00	2017/1/15 23:59	2017/1/14 0:00	2017/1/15 23:59				4	0	1	3	"1,94,60000;1,91,300;1,50001,200"	0	2	3	"1,94,60000;1,91,300;1,50001,200"	0	3																								1
1400	135	惊喜放送	充值领奖(可选择奖励）	0	1	2017/1/14 0:00	2017/1/15 23:59	2017/1/14 0:00	2017/1/15 23:59				6	1	30	4	"1,1,35006,5;2,1,35006,5"	1	98	4	"1,0,1169,1,1,1,0;2,0,1169,1,1,1,0"	1	98	4	"1,0,1193,1,1,1,0;2,0,1193,1,1,1,0"																						1
1401	33	金币豪礼(盛开的太阳花)	累充返利	0	1	2017/1/16 0:00	2017/1/17 23:59	2017/1/16 0:00	2017/1/17 23:59				1	0	6	3	"1,90,20000;1,50001,10"	0	30	3	"1,90,20000;1,50001,10"	0	100	3	"1,90,150000;1,50001,60"	0	200	3	"1,90,500000;1,50001,240"	0	500	3	"1,90,1800000;1,50001,900"														1
1402	33	金币豪礼(盛开的太阳花)	累充返利	0	1	2017/1/19 0:00	2017/1/20 23:59	2017/1/19 0:00	2017/1/20 23:59				1	0	6	3	"1,94,20000;1,50001,10"	0	30	3	"1,94,20000;1,50001,10"	0	100	3	"1,94,150000;1,50001,60"	0	200	3	"1,94,500000;1,50001,240"	0	500	3	"1,94,1800000;1,50001,900"														1
1403	147	魔法限购	魔法限购	0	20	2017/1/16 0:00	2017/1/22 23:59	2017/1/16 0:00	2017/1/22 23:59				0	1	"300,80"	0	"1,35001,5;1,35002,5;1,35003,5;1,35004,5;1,35005,5;1,35006,5;1,35007,5;1,35008,5;1,35009,5;"	1	"250,70"	0	"1,45277,5;1,45145,5;1,45181,5;"	1	"150,50"	0	"1,34001,5;1,34002,5;1,34003,5;1,34004,5;1,34005,5;1,34006,5;1,34007,5;1,34008,5;1,34009,5;"																						1
1404	32	累充送礼	累充送礼	0	1	2017/1/16 0:00	2017/1/20 23:59	2017/1/16 0:00	2017/1/20 23:59				1	0	500	3	"1,90,500000;1,94,50000;1,25003,1;"	0	1000	3	"1,90,800000;1,200,10;1,25002,1;"	0	2500	3	"1,90,2000000;1,200,30;1,25001,1;"																						1
1405	140	稀有植物	稀有植物	0	20	2017/1/16 0:00	2017/1/20 23:59	2017/1/16 0:00	2017/1/20 23:59	"21408,100|21407,100|21406,90|21401,60|21402,60|21405,90|21403,60|21404,60|"			1	0	100	3	"0,1338,1"																														1
1406	120	登陆赠礼(登陆赠礼)	活动期间每日登录游戏均可领取奖励	0	20	2017/1/21 0:00	2017/1/22 23:59	2017/1/21 0:00	2017/1/22 23:59				4	0	1	3	"1,94,60000;1,91,300;1,50001,200"	0	2	3	"1,94,60000;1,91,300;1,50001,200"	0	3																								1
1407	135	惊喜放送	充值领奖(可选择奖励）	0	1	2017/1/21 0:00	2017/1/22 23:59	2017/1/21 0:00	2017/1/22 23:59				6	1	30	4	"1,1,35009,5;2,1,35009,5"	1	98	4	"1,1,35008,15;2,1,35008,15"	1	98	4	"1,1,35007,15;2,1,35007,15"																						1
1408	136	觉醒时刻	累计消耗钻石领奖	0	20	2017/1/23 0:00	2017/1/24 23:59	2017/1/23 0:00	2017/1/24 23:59				2	0	500	3	"1,94,50000;1,90,50000;1,200,1"	0	2000	3	"1,60204,2000;1,45169,10"	0	5000	3	"1,60204,3000;1,45169,20"	0	10000	3	"1,94,200000;0,1169,1,1,1,1"																		1
1409	33	金币豪礼(盛开的太阳花)	累充返利	0	1	2017/1/26 0:00	2017/1/27 23:59	2017/1/26 0:00	2017/1/27 23:59				1	0	6	3	"1,94,20000;1,50001,10"	0	30	3	"1,94,20000;1,50001,10"	0	100	3	"1,94,150000;1,50001,60"	0	200	3	"1,94,500000;1,50001,240"	0	500	3	"1,94,1800000;1,50001,900"														1
1410	147	魔法限购	魔法限购	0	20	2017/1/23 0:00	2017/1/29 23:59	2017/1/23 0:00	2017/1/29 23:59				0	1	"300,80"	0	"1,35001,5;1,35002,5;1,35003,5;1,35004,5;1,35005,5;1,35006,5;1,35007,5;1,35008,5;1,35009,5;"	1	"250,70"	0	"1,45277,5;1,45145,5;1,45181,5;"	1	"150,50"	0	"1,34001,5;1,34002,5;1,34003,5;1,34004,5;1,34005,5;1,34006,5;1,34007,5;1,34008,5;1,34009,5;"																						1
1411	32	累充送礼	累充送礼	0	1	2017/1/23 0:00	2017/1/27 23:59	2017/1/23 0:00	2017/1/27 23:59				1	0	500	3	"1,90,500000;1,94,50000;1,50001,100;"	0	1000	3	"1,90,1000000;1,200,10;0,1362,1,1,1,2;"	0	2500	3	"1,90,2000000;1,200,30;0,1386,1,1,1,2;"																						1
1412	140	稀有植物	稀有植物	0	20	2017/1/23 0:00	2017/1/27 23:59	2017/1/23 0:00	2017/1/27 23:59	"21408,100|21407,100|21406,90|21401,60|21402,60|21405,90|21403,60|21404,60|"			1	0	100	3	"0,1338,1"																														1
1413	120	新年赠礼(登陆赠礼)	活动期间每日登录游戏均可领取奖励	0	20	2017/1/27 0:00	2017/1/29 23:59	2017/1/27 0:00	2017/1/29 23:59				4	0	1	3	"1,94,60000;1,91,888;1,50001,200"	0	2	3	"1,94,60000;1,91,888;1,50001,200"	0	3	3	"1,94,60000;1,91,888;1,50001,200"																						1
1414	135	惊喜放送	充值领奖(可选择奖励）	0	1	2017/1/28 0:00	2017/1/29 23:59	2017/1/28 0:00	2017/1/29 23:59				6	1	30	4	"1,1,45121,10;2,1,45037,10;3,1,45121,10"	1	98	4	"1,0,1169,1,1,1,0;2,0,1129,1,1,1,0;3,0,1169,1,1,1,0"	1	98	4	"1,0,1193,1,1,1,0;2,0,1265,1,1,1,0;3,0,1193,1,1,1,0"																						1
1415	33	金币豪礼(盛开的太阳花)	累充返利	0	1	2017/1/30 0:00	2017/1/31 23:59	2017/1/30 0:00	2017/1/31 23:59				1	0	6	3	"1,90,20000;1,50001,10"	0	30	3	"1,90,20000;1,50001,10"	0	100	3	"1,90,150000;1,50001,60"	0	200	3	"1,90,500000;1,50001,240"	0	500	3	"1,90,1800000;1,50001,900"														1
1416	33	金币豪礼(盛开的太阳花)	累充返利	0	1	2017/2/2 0:00	2017/2/3 23:59	2017/2/2 0:00	2017/2/3 23:59				1	0	6	3	"1,94,20000;1,50001,10"	0	30	3	"1,94,20000;1,50001,10"	0	100	3	"1,94,150000;1,50001,60"	0	200	3	"1,94,500000;1,50001,240"	0	500	3	"1,94,1800000;1,50001,900"														1
1417	147	魔法限购	魔法限购	0	20	2017/1/30 0:00	2017/2/5 23:59	2017/1/30 0:00	2017/2/5 23:59				0	1	"300,80"	0	"1,35001,5;1,35002,5;1,35003,5;1,35004,5;1,35005,5;1,35006,5;1,35007,5;1,35008,5;1,35009,5;"	1	"250,70"	0	"1,45277,5;1,45145,5;1,45181,5;"	1	"150,50"	0	"1,34001,5;1,34002,5;1,34003,5;1,34004,5;1,34005,5;1,34006,5;1,34007,5;1,34008,5;1,34009,5;"																						1
1404	32	累充送礼	累充送礼	0	1	2017/1/30 0:00	2017/2/3 23:59	2017/1/30 0:00	2017/2/3 23:59				1	0	500	3	"1,90,500000;1,94,50000;1,25009,1;"	0	1000	3	"1,90,800000;1,200,10;1,25008,1;"	0	2500	3	"1,90,2000000;1,200,30;1,25007,1;"																						1
1419	140	稀有植物	稀有植物	0	20	2017/1/30 0:00	2017/2/3 23:59	2017/1/30 0:00	2017/2/3 23:59	"21408,100|21407,100|21406,90|21401,60|21402,60|21405,90|21403,60|21404,60|"			1	0	100	3	"0,1338,1"																														1
1420	135	惊喜放送	充值领奖(可选择奖励）	0	1	2017/2/4 0:00	2017/2/5 23:59	2017/2/4 0:00	2017/2/5 23:59				6	1	30	4	"1,1,45121,10;2,1,45037,10;3,1,45121,10"	1	98	4	"1,0,1169,1,1,1,0;2,0,1129,1,1,1,0;3,0,1169,1,1,1,0"	1	98	4	"1,0,1193,1,1,1,0;2,0,1265,1,1,1,0;3,0,1193,1,1,1,0"																						1
1421	120	登陆赠礼(登陆赠礼)	活动期间每日登录游戏均可领取奖励	0	20	2017/2/4 0:00	2017/2/5 23:59	2017/2/4 0:00	2017/2/5 23:59				4	0	1	3	"1,94,60000;1,91,300;1,50001,200"	0	2	3	"1,94,60000;1,91,300;1,50001,200"	0	3																								1
1422	30	充值返利	充值返利(单次)	0	1	2017/1/27 0:00	2017/1/27 23:59	2017/1/27 0:00	2017/1/27 23:59				5	0	6	3	"1,91,60;"	0	30	3	"1,91,300;"	0	98	3	"1,91,980;"	0	198	3	"1,91,1980;"	0	328	3	"1,91,3280;"	0	648	3	"1,91,6480;"										0
1423	31	充值返利	充值返利(单次+累计)	0	1	2017/1/27 0:00	2017/1/27 23:59	2017/1/27 0:00	2017/1/27 23:59				1	0	100	3	"1,94,50000;1,90,200000;"	0	300	3	"1,45157,6;"	0	500	3	"1,45157,20;"	0	1000	3	"1,24009,1;1,90,2000000;"																	30	1
1424	33	金币豪礼(盛开的太阳花)	累充返利	0	1	2017/2/6 0:00	2017/2/7 23:59	2017/2/6 0:00	2017/2/7 23:59				1	0	6	3	"1,90,20000;1,50001,10"	0	30	3	"1,90,20000;1,50001,10"	0	100	3	"1,90,150000;1,50001,60"	0	200	3	"1,90,500000;1,50001,240"	0	500	3	"1,90,1800000;1,50001,900"														1
1425	33	金币豪礼(盛开的太阳花)	累充返利	0	1	2017/2/8 0:00	2017/2/9 23:59	2017/2/8 0:00	2017/2/9 23:59				1	0	6	3	"1,94,20000;1,50001,10"	0	30	3	"1,94,20000;1,50001,10"	0	100	3	"1,94,150000;1,50001,60"	0	200	3	"1,94,500000;1,50001,240"	0	500	3	"1,94,1800000;1,50001,900"														1
1426	147	魔法限购	魔法限购	0	20	2017/2/6 0:00	2017/2/12 23:59	2017/2/6 0:00	2017/2/12 23:59				0	1	"300,80"	0	"1,35001,5;1,35002,5;1,35003,5;1,35004,5;1,35005,5;1,35006,5;1,35007,5;1,35008,5;1,35009,5;"	1	"250,70"	0	"1,45277,5;1,45145,5;1,45181,5;"	1	"150,50"	0	"1,34001,5;1,34002,5;1,34003,5;1,34004,5;1,34005,5;1,34006,5;1,34007,5;1,34008,5;1,34009,5;"																						1
1427	32	累充送礼	累充送礼	0	1	2017/2/6 0:00	2017/2/10 23:59	2017/2/6 0:00	2017/2/10 23:59				1	0	500	3	"1,90,500000;1,94,50000;1,50001,100;"	0	1000	3	"1,90,1000000;1,200,10;0,1109,1,1,1,2;"	0	2500	3	"1,90,2000000;1,200,30;0,1386,1,1,1,2;"																						1
1428	140	稀有植物	稀有植物	0	20	2017/2/6 0:00	2017/2/10 23:59	2017/2/6 0:00	2017/2/10 23:59	"21408,100|21407,100|21406,90|21401,60|21402,60|21405,90|21403,60|21404,60|"			1	0	100	3	"0,1338,1"																														1
1429	120	登陆赠礼(登陆赠礼)	活动期间每日登录游戏均可领取奖励	0	20	2017/2/11 0:00	2017/2/12 23:59	2017/2/11 0:00	2017/2/12 23:59				4	0	1	3	"1,94,60000;1,91,300;1,50001,200"	0	2	3	"1,94,60000;1,91,300;1,50001,200"	0	3																								1
1430	135	惊喜放送	充值领奖(可选择奖励）	0	1	2017/2/11 0:00	2017/2/12 23:59	2017/2/11 0:00	2017/2/12 23:59				6	1	30	4	"1,1,45121,10;2,1,45037,10;3,1,45121,10"	1	98	4	"1,0,1013,1,1,1,0;2,0,1265,1,1,1,0;3,0,1013,1,1,1,0"	1	98	4	"1,0,1181,1,1,1,0;2,0,1129,1,1,1,0;3,0,1181,1,1,1,0"																						1
1431	33	金币豪礼(盛开的太阳花)	累充返利	0	1	2017/2/13 0:00	2017/2/14 23:59	2017/2/13 0:00	2017/2/14 23:59				1	0	6	3	"1,90,20000;1,50001,10"	0	30	3	"1,90,20000;1,50001,10"	0	100	3	"1,90,150000;1,50001,60"	0	200	3	"1,90,500000;1,50001,240"	0	500	3	"1,90,1800000;1,50001,900"														1
1432	33	金币豪礼(盛开的太阳花)	累充返利	0	1	2017/2/16 0:00	2017/2/17 23:59	2017/2/16 0:00	2017/2/17 23:59				1	0	6	3	"1,94,20000;1,50001,10"	0	30	3	"1,94,20000;1,50001,10"	0	100	3	"1,94,150000;1,50001,60"	0	200	3	"1,94,500000;1,50001,240"	0	500	3	"1,94,1800000;1,50001,900"														1
1433	147	魔法限购	魔法限购	0	20	2017/2/13 0:00	2017/2/19 23:59	2017/2/13 0:00	2017/2/19 23:59				0	1	"300,80"	0	"1,35001,5;1,35002,5;1,35003,5;1,35004,5;1,35005,5;1,35006,5;1,35007,5;1,35008,5;1,35009,5;"	1	"250,70"	0	"1,45277,5;1,45145,5;1,45181,5;"	1	"150,50"	0	"1,34001,5;1,34002,5;1,34003,5;1,34004,5;1,34005,5;1,34006,5;1,34007,5;1,34008,5;1,34009,5;"																						1
1434	32	累充送礼	累充送礼	0	1	2017/2/13 0:00	2017/2/17 23:59	2017/2/13 0:00	2017/2/17 23:59				1	0	500	3	"1,90,500000;1,94,50000;1,25006,1;"	0	1000	3	"1,90,800000;1,200,10;1,25005,1;"	0	2500	3	"1,90,2000000;1,200,30;1,25004,1;"																						1
1435	140	稀有植物	稀有植物	0	20	2017/2/13 0:00	2017/2/17 23:59	2017/2/13 0:00	2017/2/17 23:59	"21408,100|21407,100|21406,90|21401,60|21402,60|21405,90|21403,60|21404,60|"			1	0	100	3	"0,1338,1"																														1
1436	120	登陆赠礼(登陆赠礼)	活动期间每日登录游戏均可领取奖励	0	20	2017/2/18 0:00	2017/2/19 23:59	2017/2/18 0:00	2017/2/19 23:59				4	0	1	3	"1,94,60000;1,91,300;1,50001,200"	0	2	3	"1,94,60000;1,91,300;1,50001,200"	0	3																								1
1437	135	惊喜放送	充值领奖(可选择奖励）	0	1	2017/2/18 0:00	2017/2/19 23:59	2017/2/18 0:00	2017/2/19 23:59				6	1	30	4	"1,1,45121,10;2,1,45037,10;3,1,45121,10"	1	98	4	"1,0,1181,1,1,1,0;2,0,1129,1,1,1,0;3,0,1181,1,1,1,0"	1	98	4	"1,0,1013,1,1,1,0;2,0,1265,1,1,1,0;3,0,1013,1,1,1,0"																						1
1438	136	觉醒时刻	累计消耗钻石领奖	0	20	2017/2/20 0:00	2017/2/21 23:59	2017/2/20 0:00	2017/2/21 23:59				2	0	500	3	"1,94,50000;1,90,50000;1,200,1"	0	2000	3	"1,60204,2000;1,45169,10"	0	5000	3	"1,60204,3000;1,45169,20"	0	10000	3	"1,94,200000;0,1169,1,1,1,1"																		1
1439	33	金币豪礼(盛开的太阳花)	累充返利	0	1	2017/2/23 0:00	2017/2/24 23:59	2017/2/23 0:00	2017/2/24 23:59				1	0	6	3	"1,94,20000;1,50001,10"	0	30	3	"1,94,20000;1,50001,10"	0	100	3	"1,94,150000;1,50001,60"	0	200	3	"1,94,500000;1,50001,240"	0	500	3	"1,94,1800000;1,50001,900"														1
1440	147	魔法限购	魔法限购	0	20	2017/2/20 0:00	2017/2/26 23:59	2017/2/20 0:00	2017/2/26 23:59				0	1	"300,80"	0	"1,35001,5;1,35002,5;1,35003,5;1,35004,5;1,35005,5;1,35006,5;1,35007,5;1,35008,5;1,35009,5;"	1	"250,70"	0	"1,45277,5;1,45145,5;1,45181,5;"	1	"150,50"	0	"1,34001,5;1,34002,5;1,34003,5;1,34004,5;1,34005,5;1,34006,5;1,34007,5;1,34008,5;1,34009,5;"																						1
1441	32	累充送礼	累充送礼	0	1	2017/2/20 0:00	2017/2/24 23:59	2017/2/20 0:00	2017/2/24 23:59				1	0	500	3	"1,90,500000;1,94,50000;1,50001,100;"	0	1000	3	"1,90,1000000;1,200,10;0,1109,1,1,1,2;"	0	2500	3	"1,90,2000000;1,200,30;0,1386,1,1,1,2;"																						1
1442	140	稀有植物	稀有植物	0	20	2017/2/20 0:00	2017/2/24 23:59	2017/2/20 0:00	2017/2/24 23:59	"21408,100|21407,100|21406,90|21401,60|21402,60|21405,90|21403,60|21404,60|"			1	0	100	3	"0,1338,1"																														1
1443	120	登陆赠礼(登陆赠礼)	活动期间每日登录游戏均可领取奖励	0	20	2017/2/25 0:00	2017/2/26 23:59	2017/2/25 0:00	2017/2/26 23:59				4	0	1	3	"1,94,60000;1,91,300;1,50001,200"	0	2	3	"1,94,60000;1,91,300;1,50001,200"	0	3																								1
1444	135	惊喜放送	充值领奖(可选择奖励）	0	1	2017/2/25 0:00	2017/2/26 23:59	2017/2/25 0:00	2017/2/26 23:59				6	1	30	4	"1,1,45121,10;2,1,45037,10;3,1,45121,10"	1	98	4	"1,0,1013,1,1,1,0;2,0,1265,1,1,1,0;3,0,1013,1,1,1,0"	1	98	4	"1,0,1181,1,1,1,0;2,0,1129,1,1,1,0;3,0,1181,1,1,1,0"																						1
1445	33	金币豪礼(盛开的太阳花)	累充返利	0	1	2017/2/27 0:00	2017/2/28 23:59	2017/2/27 0:00	2017/2/28 23:59				1	0	6	3	"1,90,20000;1,50001,10"	0	30	3	"1,90,20000;1,50001,10"	0	100	3	"1,90,150000;1,50001,60"	0	200	3	"1,90,500000;1,50001,240"	0	500	3	"1,90,1800000;1,50001,900"														1
1446	33	金币豪礼(盛开的太阳花)	累充返利	0	1	2017/3/1 0:00	2017/3/3 23:59	2017/3/1 0:00	2017/3/3 23:59				1	0	6	3	"1,94,20000;1,50001,10"	0	30	3	"1,94,20000;1,50001,10"	0	100	3	"1,94,150000;1,50001,60"	0	200	3	"1,94,500000;1,50001,240"	0	500	3	"1,94,1800000;1,50001,900"														1
1447	147	魔法限购	魔法限购	0	20	2017/2/27 0:00	2017/3/5 23:59	2017/2/27 0:00	2017/3/5 23:59				0	1	"300,80"	0	"1,35001,5;1,35002,5;1,35003,5;1,35004,5;1,35005,5;1,35006,5;1,35007,5;1,35008,5;1,35009,5;"	1	"250,70"	0	"1,45277,5;1,45145,5;1,45181,5;"	1	"150,50"	0	"1,34001,5;1,34002,5;1,34003,5;1,34004,5;1,34005,5;1,34006,5;1,34007,5;1,34008,5;1,34009,5;"																						1
1448	32	累充送礼	累充送礼	0	1	2017/2/27 0:00	2017/3/3 23:59	2017/2/27 0:00	2017/3/3 23:59				1	0	500	3	"1,90,500000;1,94,50000;1,25003,1;"	0	1000	3	"1,90,800000;1,200,10;1,25002,1;"	0	2500	3	"1,90,2000000;1,200,30;1,25001,1;"																						1
1449	140	稀有植物	稀有植物	0	20	2017/2/27 0:00	2017/3/3 23:59	2017/2/27 0:00	2017/3/3 23:59	"21408,100|21407,100|21406,90|21401,60|21402,60|21405,90|21403,60|21404,60|"			1	0	100	3	"0,1338,1"																														1
1450	120	登陆赠礼(登陆赠礼)	活动期间每日登录游戏均可领取奖励	0	20	2017/3/4 0:00	2017/3/5 23:59	2017/3/4 0:00	2017/3/5 23:59				4	0	1	3	"1,94,60000;1,91,300;1,50001,200"	0	2	3	"1,94,60000;1,91,300;1,50001,200"	0	3																								1
1451	135	惊喜放送	充值领奖(可选择奖励）	0	1	2017/3/4 0:00	2017/3/5 23:59	2017/3/4 0:00	2017/3/5 23:59				6	1	30	4	"1,1,45121,10;2,1,45037,10;3,1,45121,10"	1	98	4	"1,0,1181,1,1,1,0;2,0,1129,1,1,1,0;3,0,1181,1,1,1,0"	1	98	4	"1,0,1013,1,1,1,0;2,0,1265,1,1,1,0;3,0,1013,1,1,1,0"																						1
1452	33	金币豪礼(盛开的太阳花)	累充返利	0	1	2017/3/6 0:00	2017/3/7 23:59	2017/3/6 0:00	2017/3/7 23:59				1	0	6	3	"1,90,20000;1,50001,10"	0	30	3	"1,90,20000;1,50001,10"	0	100	3	"1,90,150000;1,50001,60"	0	200	3	"1,90,500000;1,50001,240"	0	500	3	"1,90,1800000;1,50001,900"														1
1453	33	金币豪礼(盛开的太阳花)	累充返利	0	1	2017/3/8 0:00	2017/3/9 23:59	2017/3/8 0:00	2017/3/9 23:59				1	0	6	3	"1,94,20000;1,50001,10"	0	30	3	"1,94,20000;1,50001,10"	0	100	3	"1,94,150000;1,50001,60"	0	200	3	"1,94,500000;1,50001,240"	0	500	3	"1,94,1800000;1,50001,900"														1
1454	147	魔法限购	魔法限购	0	20	2017/3/6 0:00	2017/3/12 23:59	2017/3/6 0:00	2017/3/12 23:59				0	1	"300,80"	0	"1,35001,5;1,35002,5;1,35003,5;1,35004,5;1,35005,5;1,35006,5;1,35007,5;1,35008,5;1,35009,5;"	1	"250,70"	0	"1,45277,5;1,45145,5;1,45181,5;"	1	"150,50"	0	"1,34001,5;1,34002,5;1,34003,5;1,34004,5;1,34005,5;1,34006,5;1,34007,5;1,34008,5;1,34009,5;"																						1
1455	32	累充送礼	累充送礼	0	1	2017/3/6 0:00	2017/3/10 23:59	2017/3/6 0:00	2017/3/10 23:59				1	0	500	3	"1,90,500000;1,94,50000;1,50001,100;"	0	1000	3	"1,90,1000000;1,200,10;0,1109,1,1,1,2;"	0	2500	3	"1,90,2000000;1,200,30;0,1386,1,1,1,2;"																						1
1456	140	稀有植物	稀有植物	0	20	2017/3/6 0:00	2017/3/10 23:59	2017/3/6 0:00	2017/3/10 23:59	"21408,100|21407,100|21406,90|21401,60|21402,60|21405,90|21403,60|21404,60|"			1	0	100	3	"0,1338,1"																														1
1457	120	登陆赠礼(登陆赠礼)	活动期间每日登录游戏均可领取奖励	0	20	2017/3/11 0:00	2017/3/12 23:59	2017/3/11 0:00	2017/3/12 23:59				4	0	1	3	"1,94,60000;1,91,300;1,50001,200"	0	2	3	"1,94,60000;1,91,300;1,50001,200"	0	3																								1
1458	135	惊喜放送	充值领奖(可选择奖励）	0	1	2017/3/11 0:00	2017/3/12 23:59	2017/3/11 0:00	2017/3/12 23:59				6	1	30	4	"1,1,45121,10;2,1,45037,10;3,1,45121,10"	1	98	4	"1,0,1013,1,1,1,0;2,0,1265,1,1,1,0;3,0,1013,1,1,1,0"	1	98	4	"1,0,1181,1,1,1,0;2,0,1129,1,1,1,0;3,0,1181,1,1,1,0"																						1
1459	33	金币豪礼(盛开的太阳花)	累充返利	0	1	2017/3/13 0:00	2017/3/14 23:59	2017/3/13 0:00	2017/3/14 23:59				1	0	6	3	"1,90,20000;1,50001,10"	0	30	3	"1,90,20000;1,50001,10"	0	100	3	"1,90,150000;1,50001,60"	0	200	3	"1,90,500000;1,50001,240"	0	500	3	"1,90,1800000;1,50001,900"														1
1460	33	金币豪礼(盛开的太阳花)	累充返利	0	1	2017/3/16 0:00	2017/3/17 23:59	2017/3/16 0:00	2017/3/17 23:59				1	0	6	3	"1,94,20000;1,50001,10"	0	30	3	"1,94,20000;1,50001,10"	0	100	3	"1,94,150000;1,50001,60"	0	200	3	"1,94,500000;1,50001,240"	0	500	3	"1,94,1800000;1,50001,900"														1
1461	147	魔法限购	魔法限购	0	20	2017/3/13 0:00	2017/3/19 23:59	2017/3/13 0:00	2017/3/19 23:59				0	1	"300,80"	0	"1,35001,5;1,35002,5;1,35003,5;1,35004,5;1,35005,5;1,35006,5;1,35007,5;1,35008,5;1,35009,5;"	1	"250,70"	0	"1,45277,5;1,45145,5;1,45181,5;"	1	"150,50"	0	"1,34001,5;1,34002,5;1,34003,5;1,34004,5;1,34005,5;1,34006,5;1,34007,5;1,34008,5;1,34009,5;"																						1
1462	32	累充送礼	累充送礼	0	1	2017/3/13 0:00	2017/3/17 23:59	2017/3/13 0:00	2017/3/17 23:59				1	0	500	3	"1,90,500000;1,94,50000;1,25006,1;"	0	1000	3	"1,90,800000;1,200,10;1,25005,1;"	0	2500	3	"1,90,2000000;1,200,30;1,25004,1;"																						1
1463	140	稀有植物	稀有植物	0	20	2017/3/13 0:00	2017/3/17 23:59	2017/3/13 0:00	2017/3/17 23:59	"21408,100|21407,100|21406,90|21401,60|21402,60|21405,90|21403,60|21404,60|"			1	0	100	3	"0,1338,1"																														1
1466	120	登陆赠礼(登陆赠礼)	活动期间每日登录游戏均可领取奖励	0	20	2017/3/18 0:00	2017/3/19 23:59	2017/3/18 0:00	2017/3/19 23:59				4	0	1	3	"1,94,20000;1,50001,200"	0	2	3	"1,94,20000;1,50001,200"	0	3																								1
1467	135	惊喜放送	充值领奖(可选择奖励）	0	1	2017/3/18 0:00	2017/3/19 23:59	2017/3/18 0:00	2017/3/19 23:59				6	1	30	4	"1,1,45121,10;2,1,45037,10;3,1,45121,10"	1	98	4	"1,0,1181,1,1,1,0;2,0,1129,1,1,1,0;3,0,1181,1,1,1,0"	1	98	4	"1,0,1013,1,1,1,0;2,0,1265,1,1,1,0;3,0,1013,1,1,1,0"																						1
1468	33	金币豪礼(盛开的太阳花)	累充返利	0	1	2017/3/20 0:00	2017/3/21 23:59	2017/3/20 0:00	2017/3/21 23:59				1	0	6	3	"1,90,20000;1,50001,10"	0	30	3	"1,90,20000;1,50001,10"	0	100	3	"1,90,150000;1,50001,60"	0	200	3	"1,90,500000;1,50001,240"	0	500	3	"1,90,1800000;1,50001,900"														1
1469	33	金币豪礼(盛开的太阳花)	累充返利	0	1	2017/3/23 0:00	2017/3/24 23:59	2017/3/23 0:00	2017/3/24 23:59				1	0	6	3	"1,94,20000;1,50001,10"	0	30	3	"1,94,20000;1,50001,10"	0	100	3	"1,94,150000;1,50001,60"	0	200	3	"1,94,500000;1,50001,240"	0	500	3	"1,94,1800000;1,50001,900"														1
1470	147	魔法限购	魔法限购	0	20	2017/3/20 0:00	2017/3/26 23:59	2017/3/20 0:00	2017/3/26 23:59				0	1	"300,80"	0	"1,35001,5;1,35002,5;1,35003,5;1,35004,5;1,35005,5;1,35006,5;1,35007,5;1,35008,5;1,35009,5;"	1	"250,70"	0	"1,45277,5;1,45145,5;1,45181,5;"	1	"150,50"	0	"1,34001,5;1,34002,5;1,34003,5;1,34004,5;1,34005,5;1,34006,5;1,34007,5;1,34008,5;1,34009,5;"																						1
1471	32	累充送礼	累充送礼	0	1	2017/3/20 0:00	2017/3/24 23:59	2017/3/20 0:00	2017/3/24 23:59				1	0	500	3	"1,90,500000;1,94,50000;1,91,666;"	0	1000	3	"1,90,800000;1,200,10;1,25005,1;"	0	2500	3	"1,90,2000000;1,200,30;0,1386,1,1,1,2;"					0	5000	3	"1,90,3000000;1,200,50;1,16035,1;"														1
1472	140	稀有植物	稀有植物	0	20	2017/3/20 0:00	2017/3/24 23:59	2017/3/20 0:00	2017/3/24 23:59	"21408,100|21407,100|21406,90|21401,60|21402,60|21405,90|21403,60|21404,60|"			1	0	100	3	"0,1338,1"																														1
1473	136	觉醒时刻	累计消耗钻石领奖	0	20	2017/3/20 0:00	2017/3/24 23:59	2017/3/20 0:00	2017/3/24 23:59				2	0	500	3	"1,60204,1000;1,45169,5"	0	2000	3	"1,60204,2000;1,45169,10"	0	5000	3	"1,1,16012,1;"	0	10000	3	"1,1,16014,1;"																		1
1474	120	登陆赠礼(登陆赠礼)	活动期间每日登录游戏均可领取奖励	0	20	2017/3/25 0:00	2017/3/26 23:59	2017/3/25 0:00	2017/3/26 23:59				4	0	1	3	"1,94,20000;1,50001,200"	0	2	3	"1,94,20000;1,50001,200"	0	3																								1
1475	135	惊喜放送	充值领奖(可选择奖励）	0	1	2017/3/25 0:00	2017/3/26 23:59	2017/3/25 0:00	2017/3/26 23:59				6	1	30	4	"1,1,45121,10;2,1,45037,10;3,1,45121,10"	1	98	4	"1,0,1013,1,1,1,0;2,0,1265,1,1,1,0;3,0,1013,1,1,1,0"	1	98	4	"1,0,1181,1,1,1,0;2,0,1129,1,1,1,0;3,0,1181,1,1,1,0"																						1
1476	33	金币豪礼(盛开的太阳花)	累充返利	0	1	2017/3/27 0:00	2017/3/28 23:59	2017/3/27 0:00	2017/3/28 23:59				1	0	6	3	"1,90,20000;1,50001,10"	0	30	3	"1,90,20000;1,50001,10"	0	100	3	"1,90,150000;1,50001,60"	0	200	3	"1,90,500000;1,50001,240"	0	500	3	"1,90,1800000;1,50001,900"														1
1477	33	金币豪礼(盛开的太阳花)	累充返利	0	1	2017/3/30 0:00	2017/3/31 23:59	2017/3/30 0:00	2017/3/31 23:59				1	0	6	3	"1,94,20000;1,50001,10"	0	30	3	"1,94,20000;1,50001,10"	0	100	3	"1,94,150000;1,50001,60"	0	200	3	"1,94,500000;1,50001,240"	0	500	3	"1,94,1800000;1,50001,900"														1
1478	147	魔法限购	魔法限购	0	20	2017/3/27 0:00	2017/4/2 23:59	2017/3/27 0:00	2017/4/2 23:59				0	1	"300,80"	0	"1,35001,5;1,35002,5;1,35003,5;1,35004,5;1,35005,5;1,35006,5;1,35007,5;1,35008,5;1,35009,5;"	1	"250,70"	0	"1,45277,5;1,45145,5;1,45181,5;"	1	"150,50"	0	"1,34001,5;1,34002,5;1,34003,5;1,34004,5;1,34005,5;1,34006,5;1,34007,5;1,34008,5;1,34009,5;"																						1
1479	32	累充送礼	累充送礼	0	1	2017/3/27 0:00	2017/3/31 23:59	2017/3/27 0:00	2017/3/31 23:59				1	0	500	3	"1,90,500000;1,94,50000;1,91,666;"	0	1000	3	"1,90,800000;1,200,10;1,25005,1;"	0	2500	3	"1,90,2000000;1,200,30;0,1386,1,1,1,2;"					0	5000	3	"1,90,3000000;1,200,50;1,16035,1;"														1
1480	140	稀有植物	稀有植物	0	20	2017/3/27 0:00	2017/3/31 23:59	2017/3/27 0:00	2017/3/31 23:59	"21408,100|21407,100|21406,90|21401,60|21402,60|21405,90|21403,60|21404,60|"			1	0	100	3	"0,1338,1"																														1
1481	136	觉醒时刻	累计消耗钻石领奖	0	20	2017/4/1 0:00	2017/4/4 23:59	2017/4/1 0:00	2017/4/4 23:59				2	0	500	3	"1,60204,1000;1,45169,5"	0	2000	3	"1,60204,2000;1,45169,10"	0	5000	3	"1,1,16012,1;"	0	10000	3	"1,1,16014,1;"																		1
1482	120	登陆赠礼(登陆赠礼)	活动期间每日登录游戏均可领取奖励	0	20	2017/4/1 0:00	2017/4/2 23:59	2017/4/1 0:00	2017/4/2 23:59				4	0	1	3	"1,94,20000;1,50001,200"	0	2	3	"1,94,20000;1,50001,200"	0	3																								1
1483	135	惊喜放送	充值领奖(可选择奖励）	0	1	2017/4/1 0:00	2017/4/2 23:59	2017/4/1 0:00	2017/4/2 23:59				6	1	30	4	"1,1,45121,10;2,1,45037,10;3,1,45121,10"	1	98	4	"1,0,1181,1,1,1,0;2,0,1129,1,1,1,0;3,0,1181,1,1,1,0"	1	98	4	"1,0,1013,1,1,1,0;2,0,1265,1,1,1,0;3,0,1013,1,1,1,0"																						1
1484	33	金币豪礼(盛开的太阳花)	累充返利	0	1	2017/4/3 0:00	2017/4/4 23:59	2017/4/3 0:00	2017/4/4 23:59				1	0	6	3	"1,90,20000;1,50001,10"	0	30	3	"1,90,20000;1,50001,10"	0	100	3	"1,90,150000;1,50001,60"	0	200	3	"1,90,500000;1,50001,240"	0	500	3	"1,90,1800000;1,50001,900"														1
1485	33	金币豪礼(盛开的太阳花)	累充返利	0	1	2017/4/6 0:00	2017/4/7 23:59	2017/4/6 0:00	2017/4/7 23:59				1	0	6	3	"1,94,20000;1,50001,10"	0	30	3	"1,94,20000;1,50001,10"	0	100	3	"1,94,150000;1,50001,60"	0	200	3	"1,94,500000;1,50001,240"	0	500	3	"1,94,1800000;1,50001,900"														1
1486	147	魔法限购	魔法限购	0	20	2017/4/3 0:00	2017/4/9 23:59	2017/4/3 0:00	2017/4/9 23:59				0	1	"300,80"	0	"1,35001,5;1,35002,5;1,35003,5;1,35004,5;1,35005,5;1,35006,5;1,35007,5;1,35008,5;1,35009,5;"	1	"250,70"	0	"1,45277,5;1,45145,5;1,45181,5;"	1	"150,50"	0	"1,34001,5;1,34002,5;1,34003,5;1,34004,5;1,34005,5;1,34006,5;1,34007,5;1,34008,5;1,34009,5;"																						1
1487	32	累充送礼	累充送礼	0	1	2017/4/3 0:00	2017/4/7 23:59	2017/4/3 0:00	2017/4/7 23:59				1	0	500	3	"1,90,500000;1,94,50000;1,91,666;"	0	1000	3	"1,90,800000;1,200,10;1,25005,1;"	0	2500	3	"1,90,2000000;1,200,30;0,1386,1,1,1,2;"					0	5000	3	"1,90,3000000;1,200,50;1,16035,1;"														1
1488	140	稀有植物	稀有植物	0	20	2017/4/3 0:00	2017/4/7 23:59	2017/4/3 0:00	2017/4/7 23:59	"21408,100|21407,100|21406,90|21401,60|21402,60|21405,90|21403,60|21404,60|"			1	0	100	3	"0,1338,1"																														1
1489	136	觉醒时刻	累计消耗钻石领奖	0	20	2017/4/8 0:00	2017/4/11 23:59	2017/4/8 0:00	2017/4/11 23:59				2	0	500	3	"1,60204,500;1,45169,5"	0	2000	3	"1,60204,500;1,45169,10"	0	5000	3	"1,60204,1000;1,1,16012,1;"	0	10000	3	"1,60204,2000;1,1,16014,1;"																		1
1490	120	登陆赠礼(登陆赠礼)	活动期间每日登录游戏均可领取奖励	0	20	2017/4/8 0:00	2017/4/9 23:59	2017/4/8 0:00	2017/4/9 23:59				4	0	1	3	"1,94,20000;1,50001,200"	0	2	3	"1,94,20000;1,50001,200"	0	3																								1
1491	135	惊喜放送	充值领奖(可选择奖励）	0	1	2017/4/8 0:00	2017/4/9 23:59	2017/4/8 0:00	2017/4/9 23:59				6	1	30	4	"1,1,45121,10;2,1,45037,10;3,1,45121,10"	1	98	4	"1,0,1181,1,1,1,0;2,0,1129,1,1,1,0;3,0,1181,1,1,1,0"	1	98	4	"1,0,1013,1,1,1,0;2,0,1265,1,1,1,0;3,0,1013,1,1,1,0"																						1
1492	33	金币豪礼(盛开的太阳花)	累充返利	0	1	2017/4/10 0:00	2017/4/11 23:59	2017/4/10 0:00	2017/4/11 23:59				1	0	6	3	"1,90,20000;1,50001,10"	0	30	3	"1,90,20000;1,50001,10"	0	100	3	"1,90,150000;1,50001,60"	0	200	3	"1,90,500000;1,50001,240"	0	500	3	"1,90,1800000;1,50001,900"														1
1493	33	金币豪礼(盛开的太阳花)	累充返利	0	1	2017/4/13 0:00	2017/4/14 23:59	2017/4/13 0:00	2017/4/14 23:59				1	0	6	3	"1,94,20000;1,50001,10"	0	30	3	"1,94,20000;1,50001,10"	0	100	3	"1,94,150000;1,50001,60"	0	200	3	"1,94,500000;1,50001,240"	0	500	3	"1,94,1800000;1,50001,900"														1
1494	147	魔法限购	魔法限购	0	20	2017/4/10 0:00	2017/4/16 23:59	2017/4/10 0:00	2017/4/16 23:59				0	1	"300,80"	0	"1,35001,5;1,35002,5;1,35003,5;1,35004,5;1,35005,5;1,35006,5;1,35007,5;1,35008,5;1,35009,5;"	1	"250,70"	0	"1,45277,5;1,45145,5;1,45181,5;"	1	"150,50"	0	"1,34001,5;1,34002,5;1,34003,5;1,34004,5;1,34005,5;1,34006,5;1,34007,5;1,34008,5;1,34009,5;"																						1
1495	32	累充送礼	累充送礼	0	1	2017/4/10 0:00	2017/4/14 23:59	2017/4/10 0:00	2017/4/14 23:59				1	0	500	3	"1,90,500000;1,94,50000;1,91,666;"	0	1000	3	"1,90,800000;1,200,10;1,25005,1;"	0	2500	3	"1,90,2000000;1,200,30;0,1362,1,1,1,2;"					0	5000	3	"1,90,3000000;1,200,50;1,16035,1;"														1
1496	140	稀有植物	稀有植物	0	20	2017/4/10 0:00	2017/4/14 23:59	2017/4/10 0:00	2017/4/14 23:59	"21408,100|21407,100|21406,90|21401,60|21402,60|21405,90|21403,60|21404,60|"			1	0	100	3	"0,1338,1"																														1
1497	136	觉醒时刻	累计消耗钻石领奖	0	20	2017/4/15 0:00	2017/4/18 23:59	2017/4/15 0:00	2017/4/18 23:59				2	0	500	3	"1,60204,500;1,45169,5"	0	2000	3	"1,60204,500;1,45169,10"	0	5000	3	"1,60204,1000;1,1,16012,1;"	0	10000	3	"1,60204,2000;1,1,16014,1;"																		1
1498	120	登陆赠礼(登陆赠礼)	活动期间每日登录游戏均可领取奖励	0	20	2017/4/15 0:00	2017/4/16 23:59	2017/4/15 0:00	2017/4/16 23:59				4	0	1	3	"1,94,20000;1,50001,200"	0	2	3	"1,94,20000;1,50001,200"	0	3																								1
1499	135	惊喜放送	充值领奖(可选择奖励）	0	1	2017/4/15 0:00	2017/4/16 23:59	2017/4/15 0:00	2017/4/16 23:59				6	1	30	4	"1,1,45121,10;2,1,45037,10;3,1,45121,10"	1	98	4	"1,0,1181,1,1,1,0;2,0,1129,1,1,1,0;3,0,1181,1,1,1,0"	1	98	4	"1,0,1013,1,1,1,0;2,0,1265,1,1,1,0;3,0,1013,1,1,1,0"																						1
1500	33	金币豪礼(盛开的太阳花)	累充返利	0	1	2017/4/17 0:00	2017/4/18 23:59	2017/4/17 0:00	2017/4/18 23:59				1	0	6	3	"1,90,20000;1,50001,10"	0	30	3	"1,90,20000;1,50001,10"	0	100	3	"1,90,150000;1,50001,60"	0	200	3	"1,90,500000;1,50001,240"	0	500	3	"1,90,1800000;1,50001,900"														1
1501	33	金币豪礼(盛开的太阳花)	累充返利	0	1	2017/4/20 0:00	2017/4/21 23:59	2017/4/20 0:00	2017/4/21 23:59				1	0	6	3	"1,94,20000;1,50001,10"	0	30	3	"1,94,20000;1,50001,10"	0	100	3	"1,94,150000;1,50001,60"	0	200	3	"1,94,500000;1,50001,240"	0	500	3	"1,94,1800000;1,50001,900"														1
1502	147	魔法限购	魔法限购	0	20	2017/4/17 0:00	2017/4/23 23:59	2017/4/17 0:00	2017/4/23 23:59				0	1	"300,80"	0	"1,35001,5;1,35002,5;1,35003,5;1,35004,5;1,35005,5;1,35006,5;1,35007,5;1,35008,5;1,35009,5;"	1	"250,70"	0	"1,45277,5;1,45145,5;1,45181,5;"	1	"150,50"	0	"1,34001,5;1,34002,5;1,34003,5;1,34004,5;1,34005,5;1,34006,5;1,34007,5;1,34008,5;1,34009,5;"																						1
1503	32	累充送礼	累充送礼	0	1	2017/4/17 0:00	2017/4/21 23:59	2017/4/17 0:00	2017/4/21 23:59				1	0	500	3	"1,90,500000;1,94,50000;1,91,666;"	0	1000	3	"1,90,800000;1,200,15;1,25008,1;"	0	2500	3	"1,90,2000000;1,25007,1;0,1362,1,1,1,2;"					0	5000	3	"1,90,3000000;1,25009,1;1,16035,1;"														1
1504	140	稀有植物	稀有植物	0	20	2017/4/17 0:00	2017/4/21 23:59	2017/4/17 0:00	2017/4/21 23:59	"21408,100|21407,100|21406,90|21401,60|21402,60|21405,90|21403,60|21404,60|"			1	0	100	3	"0,1338,1"																														1
1505	136	觉醒时刻	累计消耗钻石领奖	0	20	2017/4/22 0:00	2017/4/25 23:59	2017/4/22 0:00	2017/4/25 23:59				2	0	500	3	"1,60204,500;1,45169,5"	0	2000	3	"1,60204,500;1,45169,10"	0	5000	3	"1,60204,1000;1,1,16007,1;"	0	10000	3	"1,60204,2000;1,1,16018,1;"																		1
1506	120	登陆赠礼(登陆赠礼)	活动期间每日登录游戏均可领取奖励	0	20	2017/4/22 0:00	2017/4/23 23:59	2017/4/22 0:00	2017/4/23 23:59				4	0	1	3	"1,94,20000;1,50001,200"	0	2	3	"1,94,20000;1,50001,200"	0	3																								1
1507	135	惊喜放送	充值领奖(可选择奖励）	0	1	2017/4/22 0:00	2017/4/23 23:59	2017/4/22 0:00	2017/4/23 23:59				6	1	30	4	"1,1,45121,10;2,1,45037,10;3,1,45121,10"	1	98	4	"1,0,1181,1,1,1,0;2,0,1129,1,1,1,0;3,0,1181,1,1,1,0"	1	98	4	"1,0,1013,1,1,1,0;2,0,1265,1,1,1,0;3,0,1013,1,1,1,0"																						1
1508	33	金币豪礼(盛开的太阳花)	累充返利	0	1	2017/4/24 0:00	2017/4/25 23:59	2017/4/24 0:00	2017/4/25 23:59				1	0	6	3	"1,90,20000;1,50001,10"	0	30	3	"1,90,20000;1,50001,10"	0	100	3	"1,90,150000;1,50001,60"	0	200	3	"1,90,500000;1,50001,240"	0	500	3	"1,90,1800000;1,50001,900"														1
1509	33	金币豪礼(盛开的太阳花)	累充返利	0	1	2017/4/27 0:00	2017/4/28 23:59	2017/4/27 0:00	2017/4/28 23:59				1	0	6	3	"1,94,20000;1,50001,10"	0	30	3	"1,94,20000;1,50001,10"	0	100	3	"1,94,150000;1,50001,60"	0	200	3	"1,94,500000;1,50001,240"	0	500	3	"1,94,1800000;1,50001,900"														1
1510	147	魔法限购	魔法限购	0	20	2017/4/24 0:00	2017/4/30 23:59	2017/4/24 0:00	2017/4/30 23:59				0	1	"300,80"	0	"1,35001,5;1,35002,5;1,35003,5;1,35004,5;1,35005,5;1,35006,5;1,35007,5;1,35008,5;1,35009,5;"	1	"250,70"	0	"1,45277,5;1,45145,5;1,45181,5;"	1	"150,50"	0	"1,34001,5;1,34002,5;1,34003,5;1,34004,5;1,34005,5;1,34006,5;1,34007,5;1,34008,5;1,34009,5;"																						1
1511	32	累充送礼	累充送礼	0	1	2017/4/24 0:00	2017/4/28 23:59	2017/4/24 0:00	2017/4/28 23:59				1	0	500	3	"1,90,3000000;1,94,50000;1,91,666;"	0	1000	3	"1,90,5000000;1,200,15;1,25008,1;"	0	2500	3	"1,90,10000000;1,25007,1;0,1386,1,1,1,2;"					0	5000	3	"1,90,20000000;1,25009,1;1,16035,1;"														1
1512	140	稀有植物	稀有植物	0	20	2017/4/24 0:00	2017/4/28 23:59	2017/4/24 0:00	2017/4/28 23:59	"21408,100|21407,100|21406,90|21401,60|21402,60|21405,90|21403,60|21404,60|"			1	0	100	3	"0,1338,1"																														1
1513	120	登陆赠礼(登陆赠礼)	活动期间每日登录游戏均可领取奖励	0	20	2017/4/29 0:00	2017/5/1 23:59	2017/4/29 0:00	2017/5/1 23:59				4	0	1	3	"1,90,500000;1,50001,150;1,91,150;"	0	2	3	"1,90,500000;1,50001,150;1,91,150;"	0	3	3	"1,90,500000;1,50001,150;1,91,150;"	0																					1
1514	135	惊喜放送	充值领奖(可选择奖励）	0	1	2017/4/29 0:00	2017/5/1 23:59	2017/4/29 0:00	2017/5/1 23:59				6	1	30	4	"1,1,45121,10;2,1,45037,10;3,1,45121,10"	1	98	4	"1,0,1181,1,1,1,0;2,0,1129,1,1,1,0;3,0,1181,1,1,1,0"	1	98	4	"1,0,1013,1,1,1,0;2,0,1265,1,1,1,0;3,0,1013,1,1,1,0"																						1
1515	33	金币豪礼(盛开的太阳花)	累充返利	0	1	2017/4/29 0:00	2017/5/1 23:59	2017/4/29 0:00	2017/5/1 23:59				1	0	6	3	"1,90,20000;1,50001,10"	0	30	3	"1,90,20000;1,50001,10"	0	100	3	"1,90,150000;1,50001,60"	0	200	3	"1,90,500000;1,50001,240"	0	500	3	"1,90,1800000;1,50001,900"														1
1516	30	充值返利	充值返利(单次)	0	1	2017/4/29 0:00	2017/5/1 23:59	2017/4/29 0:00	2017/5/1 23:59				5	0	98	3	"1,90,800000;1,91,80;"	0	198	3	"1,90,1500000;1,91,150;"	0	648	3	"1,90,5000000;1,91,500;"																						0
1517	31	充值返利	充值返利(单次+累计)	0	1	2017/4/29 0:00	2017/5/1 23:59	2017/4/29 0:00	2017/5/1 23:59				1	0	100	3	"1,60204,100;1,91,100;"	0	300	3	"1,60204,300;1,91,200;"	0	500	3	"1,60204,500;1,91,300;"	0	1000	3	"1,60204,1000;1,91,1300;"																	30	1
1518	140	稀有植物	稀有植物	0	20	2017/5/2 0:00	2017/5/5 23:59	2017/5/2 0:00	2017/5/5 23:59	"21408,100|21407,100|21406,90|21401,60|21402,60|21405,90|21403,60|21404,60|"			1	0	100	3	"0,1338,1"																														1
1519	147	魔法限购	魔法限购	0	20	2017/5/2 0:00	2017/5/7 23:59	2017/5/2 0:00	2017/5/7 23:59				0	1	"300,80"	0	"1,35001,5;1,35002,5;1,35003,5;1,35004,5;1,35005,5;1,35006,5;1,35007,5;1,35008,5;1,35009,5;"	1	"250,70"	0	"1,45277,5;1,45145,5;1,45181,5;"	1	"150,50"	0	"1,34001,5;1,34002,5;1,34003,5;1,34004,5;1,34005,5;1,34006,5;1,34007,5;1,34008,5;1,34009,5;"																						1
1520	32	累充送礼	累充送礼	0	1	2017/5/2 0:00	2017/5/5 23:59	2017/5/2 0:00	2017/5/5 23:59				1	0	500	3	"1,90,3000000;1,94,50000;1,91,666;"	0	1000	3	"1,90,5000000;1,200,15;1,25008,1;"	0	2500	3	"1,90,10000000;1,25007,1;0,1386,1,1,1,2;"					0	5000	3	"1,90,20000000;1,25009,1;1,16035,1;"														1
1521	136	觉醒时刻	累计消耗钻石领奖	0	20	2017/5/2 0:00	2017/5/5 23:59	2017/5/2 0:00	2017/5/5 23:59				2	0	500	3	"1,60204,500;1,45169,5"	0	2000	3	"1,60204,500;1,45169,10"	0	5000	3	"1,60204,1000;1,1,16012,1;"	0	10000	3	"1,60204,2000;1,1,16014,1;"																		1
1522	135	惊喜放送	充值领奖(可选择奖励）	0	1	2017/5/6 0:00	2017/5/7 23:59	2017/5/6 0:00	2017/5/7 23:59				6	1	30	4	"1,1,45121,10;2,1,45037,10;3,1,45121,10"	1	98	4	"1,0,1181,1,1,1,0;2,0,1129,1,1,1,0;3,0,1181,1,1,1,0"	1	98	4	"1,0,1013,1,1,1,0;2,0,1265,1,1,1,0;3,0,1013,1,1,1,0"																						1
1523	33	金币豪礼(盛开的太阳花)	累充返利	0	1	2017/5/6 0:00	2017/5/7 23:59	2017/5/6 0:00	2017/5/7 23:59				1	0	6	3	"1,90,20000;1,50001,10"	0	30	3	"1,90,20000;1,50001,10"	0	100	3	"1,90,150000;1,50001,60"	0	200	3	"1,90,500000;1,50001,240"	0	500	3	"1,90,1800000;1,50001,900"														1
1524	136	觉醒时刻	累计消耗钻石领奖	0	20	2017/5/6 0:00	2017/5/7 23:59	2017/5/6 0:00	2017/5/7 23:59				2	0	500	3	"1,60204,500;1,45169,5"	0	2000	3	"1,60204,500;1,45169,10"	0	5000	3	"1,60204,1000;1,1,16008,1;"	0	10000	3	"1,60204,2000;1,1,16018,1;"																		1
1525	120	登陆赠礼(登陆赠礼)	活动期间每日登录游戏均可领取奖励	0	20	2017/5/6 0:00	2017/5/7 23:59	2017/5/6 0:00	2017/5/7 23:59				4	0	1	3	"1,90,500000;1,50001,150"	0	2	3	"1,90,500000;1,50001,150"	0	3																								1
1526	140	稀有植物	稀有植物	0	20	2017/5/8 0:00	2017/5/12 23:59	2017/5/8 0:00	2017/5/12 23:59	"21408,100|21407,100|21406,90|21401,60|21402,60|21405,90|21403,60|21404,60|"			1	0	100	3	"0,1338,1"																														1
1527	147	魔法限购	魔法限购	0	20	2017/5/8 0:00	2017/5/14 23:59	2017/5/8 0:00	2017/5/14 23:59				0	1	"300,80"	0	"1,35001,5;1,35002,5;1,35003,5;1,35004,5;1,35005,5;1,35006,5;1,35007,5;1,35008,5;1,35009,5;"	1	"250,70"	0	"1,45277,5;1,45145,5;1,45181,5;"	1	"150,50"	0	"1,34001,5;1,34002,5;1,34003,5;1,34004,5;1,34005,5;1,34006,5;1,34007,5;1,34008,5;1,34009,5;"																						1
1528	32	累充送礼	累充送礼	0	1	2017/5/8 0:00	2017/5/12 23:59	2017/5/8 0:00	2017/5/12 23:59				1	0	500	3	"1,90,3000000;1,94,500000;1,91,666;"	0	1000	3	"1,90,10000000;1,25008,1;1,16020,1;"	0	2500	3	"1,90,20000000;1,25007,1;0,1314,1,1,1,2;"					0	5000	3	"1,90,40000000;1,25009,1;1,16035,1;"														1
1529	135	惊喜放送	充值领奖(可选择奖励）	0	1	2017/5/12 0:00	2017/5/14 23:59	2017/5/12 0:00	2017/5/14 23:59				6	1	30	4	"1,1,45121,10;2,1,45037,10;3,1,45121,10"	1	98	4	"1,0,1181,1,1,1,0;2,0,1129,1,1,1,0;3,0,1181,1,1,1,0"	1	98	4	"1,0,1013,1,1,1,0;2,0,1265,1,1,1,0;3,0,1013,1,1,1,0"																						1
1530	33	金币豪礼(盛开的太阳花)	累充返利	0	1	2017/5/13 0:00	2017/5/14 23:59	2017/5/13 0:00	2017/5/14 23:59				1	0	6	3	"1,90,20000;1,50001,10"	0	30	3	"1,90,20000;1,50001,10"	0	100	3	"1,90,150000;1,50001,60"	0	200	3	"1,90,500000;1,50001,240"	0	500	3	"1,90,1800000;1,50001,900"														1
1531	136	觉醒时刻	累计消耗钻石领奖	0	20	2017/5/13 0:00	2017/5/14 23:59	2017/5/13 0:00	2017/5/14 23:59				2	0	500	3	"1,60204,500;1,45169,5"	0	2000	3	"1,60204,500;1,45169,10"	0	5000	3	"1,60204,1000;1,1,16008,1;"	0	10000	3	"1,60204,2000;1,1,16018,1;"																		1
1532	120	登陆赠礼(登陆赠礼)	活动期间每日登录游戏均可领取奖励	0	20	2017/5/13 0:00	2017/5/14 23:59	2017/5/13 0:00	2017/5/14 23:59				4	0	1	3	"1,90,500000;1,50001,150"	0	2	3	"1,90,500000;1,50001,150"	0	3																								1
1533	140	稀有植物	稀有植物	0	20	2017/5/15 0:00	2017/5/19 23:59	2017/5/15 0:00	2017/5/19 23:59	"21408,100|21407,100|21406,90|21401,60|21402,60|21405,90|21403,60|21404,60|"			1	0	100	3	"0,1338,1"																														1
1534	147	魔法限购	魔法限购	0	20	2017/5/15 0:00	2017/5/21 23:59	2017/5/15 0:00	2017/5/21 23:59				0	1	"300,80"	0	"1,35001,5;1,35002,5;1,35003,5;1,35004,5;1,35005,5;1,35006,5;1,35007,5;1,35008,5;1,35009,5;"	1	"250,70"	0	"1,45277,5;1,45145,5;1,45181,5;"	1	"150,50"	0	"1,34001,5;1,34002,5;1,34003,5;1,34004,5;1,34005,5;1,34006,5;1,34007,5;1,34008,5;1,34009,5;"																						1
1535	32	累充送礼	累充送礼	0	1	2017/5/15 0:00	2017/5/19 23:59	2017/5/15 0:00	2017/5/19 23:59				1	0	500	3	"1,90,3000000;1,94,500000;1,91,666;"	0	1000	3	"1,90,10000000;1,25008,1;1,16020,1;"	0	2500	3	"1,90,20000000;1,25007,1;0,1314,1,1,1,2;"					0	5000	3	"1,90,40000000;1,25009,1;1,16035,1;"														1
1536	135	惊喜放送	充值领奖(可选择奖励）	0	1	2017/5/19 0:00	2017/5/21 23:59	2017/5/19 0:00	2017/5/21 23:59				6	1	30	4	"1,1,45121,10;2,1,45037,10;3,1,45121,10"	1	98	4	"1,0,1181,1,1,1,0;2,0,1129,1,1,1,0;3,0,1181,1,1,1,0"	1	98	4	"1,0,1013,1,1,1,0;2,0,1265,1,1,1,0;3,0,1013,1,1,1,0"																						1
1537	33	金币豪礼(盛开的太阳花)	累充返利	0	1	2017/5/20 0:00	2017/5/21 23:59	2017/5/20 0:00	2017/5/21 23:59				1	0	6	3	"1,90,20000;1,50001,10"	0	30	3	"1,90,20000;1,50001,10"	0	100	3	"1,90,150000;1,50001,60"	0	200	3	"1,90,500000;1,50001,240"	0	500	3	"1,90,1800000;1,50001,900"														1
1538	136	觉醒时刻	累计消耗钻石领奖	0	20	2017/5/20 0:00	2017/5/21 23:59	2017/5/20 0:00	2017/5/21 23:59				2	0	500	3	"1,60204,500;1,45169,5"	0	2000	3	"1,60204,500;1,45169,10"	0	5000	3	"1,60204,1000;1,1,16008,1;"	0	10000	3	"1,60204,2000;1,1,16018,1;"																		1
1539	120	登陆赠礼(登陆赠礼)	活动期间每日登录游戏均可领取奖励	0	20	2017/5/20 0:00	2017/5/21 23:59	2017/5/20 0:00	2017/5/21 23:59				4	0	1	3	"1,90,500000;1,50001,150"	0	2	3	"1,90,500000;1,50001,150"	0	3																								1
1540	140	稀有植物	稀有植物	0	20	2017/5/22 0:00	2017/5/26 23:59	2017/5/22 0:00	2017/5/26 23:59	"21408,100|21407,100|21406,90|21401,60|21402,60|21405,90|21403,60|21404,60|"			1	0	100	3	"0,1338,1"																														1
1541	147	魔法限购	魔法限购	0	20	2017/5/22 0:00	2017/5/28 23:59	2017/5/22 0:00	2017/5/28 23:59				0	1	"300,80"	0	"1,35001,5;1,35002,5;1,35003,5;1,35004,5;1,35005,5;1,35006,5;1,35007,5;1,35008,5;1,35009,5;"	1	"250,70"	0	"1,45277,5;1,45145,5;1,45181,5;"	1	"150,50"	0	"1,34001,5;1,34002,5;1,34003,5;1,34004,5;1,34005,5;1,34006,5;1,34007,5;1,34008,5;1,34009,5;"																						1
1542	32	累充送礼	累充送礼	0	1	2017/5/22 0:00	2017/5/26 23:59	2017/5/22 0:00	2017/5/26 23:59				1	0	500	3	"1,90,5000000;1,60204,500;1,91,666;"	0	1000	3	"1,90,10000000;1,60204,1500;1,16020,1;"	0	2500	3	"1,60204,3000;1,25007,1;0,1386,1,1,1,2;"					0	5000	3	"1,60204,5000;1,25009,1;1,16035,1;"														1
1543	33	金币豪礼(盛开的太阳花)	累充返利	0	1	2017/5/27 0:00	2017/5/30 23:59	2017/5/27 0:00	2017/5/30 23:59				1	0	6	3	"1,90,20000;1,50001,10"	0	30	3	"1,90,20000;1,50001,10"	0	100	3	"1,90,150000;1,50001,60"	0	200	3	"1,90,500000;1,50001,240"	0	500	3	"1,90,1800000;1,50001,900"														1
1544	120	登陆赠礼(登陆赠礼)	活动期间每日登录游戏均可领取奖励	0	20	2017/5/27 0:00	2017/5/30 23:59	2017/5/27 0:00	2017/5/30 23:59				4	0	1	3	"1,90,500000;1,50001,150;1,91,150;"	0	2	3	"1,90,500000;1,50001,150;1,91,150;"	0	3	3	"1,90,500000;1,50001,150;1,91,150;"	0	4	3	"1,90,500000;1,50001,150;1,91,150;"																		1
1545	30	充值返利	充值返利(单次)	0	1	2017/5/27 0:00	2017/5/30 23:59	2017/5/27 0:00	2017/5/30 23:59				5	0	98	3	"1,90,500000;1,91,50;"	0	198	3	"1,90,1500000;1,91,120;"	0	648	3	"1,90,5000000;1,91,400;"																						0
1546	31	充值返利	充值返利(单次+累计)	0	1	2017/5/27 0:00	2017/5/30 23:59	2017/5/27 0:00	2017/5/30 23:59				1	0	100	3	"1,60204,100;1,91,100;"	0	300	3	"1,60204,300;1,91,200;"	0	500	3	"1,60204,500;1,91,300;"	0	1000	3	"1,60204,1000;1,91,1300;"																	30	1
1547	140	稀有植物	稀有植物	0	20	2017/5/31 0:00	2017/6/2 23:59	2017/5/31 0:00	2017/6/2 23:59	"21408,100|21407,100|21406,90|21401,60|21402,60|21405,90|21403,60|21404,60|"			1	0	100	3	"0,1338,1"																														1
1548	147	魔法限购	魔法限购	0	20	2017/5/29 0:00	2017/6/4 23:59	2017/5/29 0:00	2017/6/4 23:59				0	1	"300,80"	0	"1,35001,5;1,35002,5;1,35003,5;1,35004,5;1,35005,5;1,35006,5;1,35007,5;1,35008,5;1,35009,5;"	1	"250,70"	0	"1,45277,5;1,45145,5;1,45181,5;"	1	"150,50"	0	"1,34001,5;1,34002,5;1,34003,5;1,34004,5;1,34005,5;1,34006,5;1,34007,5;1,34008,5;1,34009,5;"																						1
1549	32	累充送礼	累充送礼	0	1	2017/5/29 0:00	2017/6/2 23:59	2017/5/29 0:00	2017/6/2 23:59				1	0	500	3	"1,90,3000000;1,94,500000;1,91,666;"	0	1000	3	"1,90,10000000;1,25008,1;1,16020,1;"	0	2500	3	"1,90,20000000;1,25007,1;0,1314,1,1,1,2;"					0	5000	3	"1,90,40000000;1,25009,1;1,16035,1;"														1
1550	135	惊喜放送	充值领奖(可选择奖励）	0	1	2017/6/1 0:00	2017/6/2 23:59	2017/6/1 0:00	2017/6/2 23:59				6	1	30	4	"1,1,45121,10;2,1,45037,10;3,1,45121,10"	1	98	4	"1,0,1181,1,1,1,0;2,0,1129,1,1,1,0;3,0,1181,1,1,1,0"	1	98	4	"1,0,1013,1,1,1,0;2,0,1265,1,1,1,0;3,0,1013,1,1,1,0"																						1
1551	135	惊喜放送	充值领奖(可选择奖励）	0	1	2017/6/3 0:00	2017/6/4 23:59	2017/6/3 0:00	2017/6/4 23:59				6	1	30	4	"1,1,45121,10;2,1,45037,10;3,1,45121,10"	1	98	4	"1,0,1181,1,1,1,0;2,0,1129,1,1,1,0;3,0,1181,1,1,1,0"	1	98	4	"1,0,1013,1,1,1,0;2,0,1265,1,1,1,0;3,0,1013,1,1,1,0"																						1
1552	33	金币豪礼(盛开的太阳花)	累充返利	0	1	2017/6/3 0:00	2017/6/4 23:59	2017/6/3 0:00	2017/6/4 23:59				1	0	6	3	"1,90,20000;1,50001,10"	0	30	3	"1,90,20000;1,50001,10"	0	100	3	"1,90,150000;1,50001,60"	0	200	3	"1,90,500000;1,50001,240"	0	500	3	"1,90,1800000;1,50001,900"														1
1553	136	觉醒时刻	累计消耗钻石领奖	0	20	2017/6/3 0:00	2017/6/4 23:59	2017/6/3 0:00	2017/6/4 23:59				2	0	500	3	"1,60204,500;1,45169,5"	0	2000	3	"1,60204,500;1,45169,10"	0	5000	3	"1,60204,1000;1,1,16008,1;"	0	10000	3	"1,60204,2000;1,1,16018,1;"																		1
1554	120	登陆赠礼(登陆赠礼)	活动期间每日登录游戏均可领取奖励	0	20	2017/6/3 0:00	2017/6/4 23:59	2017/6/3 0:00	2017/6/4 23:59				4	0	1	3	"1,90,500000;1,50001,150;1,91,150;"	0	2	3	"1,90,500000;1,50001,150;1,91,150;"																										1
1555	140	稀有植物	稀有植物	0	20	2017/6/5 0:00	2017/6/9 23:59	2017/6/5 0:00	2017/6/9 23:59	"21408,100|21407,100|21406,90|21401,60|21402,60|21405,90|21403,60|21404,60|"			1	0	100	3	"0,1338,1"																														1
1556	147	魔法限购	魔法限购	0	20	2017/6/5 0:00	2017/6/11 23:59	2017/6/5 0:00	2017/6/11 23:59				0	1	"300,80"	0	"1,35001,5;1,35002,5;1,35003,5;1,35004,5;1,35005,5;1,35006,5;1,35007,5;1,35008,5;1,35009,5;"	1	"250,70"	0	"1,45277,5;1,45145,5;1,45181,5;"	1	"150,50"	0	"1,34001,5;1,34002,5;1,34003,5;1,34004,5;1,34005,5;1,34006,5;1,34007,5;1,34008,5;1,34009,5;"																						1
1558	135	惊喜放送	充值领奖(可选择奖励）	0	1	2017/6/8 0:00	2017/6/9 23:59	2017/6/8 0:00	2017/6/9 23:59				6	1	30	4	"1,1,45121,10;2,1,45037,10;3,1,45121,10"	1	98	4	"1,0,1181,1,1,1,0;2,0,1129,1,1,1,0;3,0,1181,1,1,1,0"	1	98	4	"1,0,1013,1,1,1,0;2,0,1265,1,1,1,0;3,0,1013,1,1,1,0"																						1
1559	135	惊喜放送	充值领奖(可选择奖励）	0	1	2017/6/10 0:00	2017/6/11 23:59	2017/6/10 0:00	2017/6/11 23:59				6	1	30	4	"1,1,45121,10;2,1,45037,10;3,1,45121,10"	1	98	4	"1,0,1181,1,1,1,0;2,0,1129,1,1,1,0;3,0,1181,1,1,1,0"	1	98	4	"1,0,1013,1,1,1,0;2,0,1265,1,1,1,0;3,0,1013,1,1,1,0"																						1
1560	33	金币豪礼(盛开的太阳花)	累充返利	0	1	2017/6/10 0:00	2017/6/11 23:59	2017/6/10 0:00	2017/6/11 23:59				1	0	6	3	"1,90,20000;1,50001,10"	0	30	3	"1,90,20000;1,50001,10"	0	100	3	"1,90,150000;1,50001,60"	0	200	3	"1,90,500000;1,50001,240"	0	500	3	"1,90,1800000;1,50001,900"														1
1561	136	觉醒时刻	累计消耗钻石领奖	0	20	2017/6/10 0:00	2017/6/11 23:59	2017/6/10 0:00	2017/6/11 23:59				2	0	500	3	"1,60204,500;1,45169,5"	0	2000	3	"1,60204,500;1,45169,10"	0	5000	3	"1,60204,1000;1,1,16008,1;"	0	10000	3	"1,60204,2000;1,1,16018,1;"																		1
1562	120	登陆赠礼(登陆赠礼)	活动期间每日登录游戏均可领取奖励	0	20	2017/6/10 0:00	2017/6/11 23:59	2017/6/10 0:00	2017/6/11 23:59				4	0	1	3	"1,90,500000;1,50001,150;1,91,150;"	0	2	3	"1,90,500000;1,50001,150;1,91,150;"																										1
1563	140	稀有植物	稀有植物	0	20	2017/6/12 0:00	2017/6/16 23:59	2017/6/12 0:00	2017/6/16 23:59	"21408,100|21407,100|21406,90|21401,60|21402,60|21405,90|21403,60|21404,60|"			1	0	100	3	"0,1338,1"																														1
1564	147	魔法限购	魔法限购	0	20	2017/6/12 0:00	2017/6/18 23:59	2017/6/12 0:00	2017/6/18 23:59				0	1	"300,80"	0	"1,35001,5;1,35002,5;1,35003,5;1,35004,5;1,35005,5;1,35006,5;1,35007,5;1,35008,5;1,35009,5;"	1	"250,70"	0	"1,45277,5;1,45145,5;1,45181,5;"	1	"150,50"	0	"1,34001,5;1,34002,5;1,34003,5;1,34004,5;1,34005,5;1,34006,5;1,34007,5;1,34008,5;1,34009,5;"																						1
1565	32	累充送礼	累充送礼	0	1	2017/6/12 0:00	2017/6/16 23:59	2017/6/12 0:00	2017/6/16 23:59				1	0	500	3	"1,90,5000000;1,25006,1;1,91,666;"	0	1000	3	"1,90,10000000;1,25005,1;1,91,1000;"	0	2500	3	"1,90,30000000;1,25004,1;0,1362,1,1,1,2;"					0	5000	3	"1,90,50000000;1,16031,1;1,16035,1;"														1
1566	135	惊喜放送	充值领奖(可选择奖励）	0	1	2017/6/15 0:00	2017/6/16 23:59	2017/6/15 0:00	2017/6/16 23:59				6	1	30	4	"1,1,45121,10;2,1,45037,10;3,1,45121,10"	1	98	4	"1,0,1181,1,1,1,0;2,0,1129,1,1,1,0;3,0,1181,1,1,1,0"	1	98	4	"1,0,1013,1,1,1,0;2,0,1265,1,1,1,0;3,0,1013,1,1,1,0"																						1
1567	135	惊喜放送	充值领奖(可选择奖励）	0	1	2017/6/17 0:00	2017/6/18 23:59	2017/6/17 0:00	2017/6/18 23:59				6	1	30	4	"1,1,45121,10;2,1,45037,10;3,1,45121,10"	1	98	4	"1,0,1181,1,1,1,0;2,0,1129,1,1,1,0;3,0,1181,1,1,1,0"	1	98	4	"1,0,1013,1,1,1,0;2,0,1265,1,1,1,0;3,0,1013,1,1,1,0"																						1
1568	33	金币豪礼(盛开的太阳花)	累充返利	0	1	2017/6/17 0:00	2017/6/18 23:59	2017/6/17 0:00	2017/6/18 23:59				1	0	6	3	"1,90,20000;1,50001,10"	0	30	3	"1,90,20000;1,50001,10"	0	100	3	"1,90,150000;1,50001,60"	0	200	3	"1,90,500000;1,50001,240"	0	500	3	"1,90,1800000;1,50001,900"														1
1569	136	觉醒时刻	累计消耗钻石领奖	0	20	2017/6/17 0:00	2017/6/18 23:59	2017/6/17 0:00	2017/6/18 23:59				2	0	500	3	"1,60204,500;1,45169,5"	0	2000	3	"1,60204,500;1,45169,10"	0	5000	3	"1,60204,1000;1,1,16008,1;"	0	10000	3	"1,60204,2000;1,1,16018,1;"																		1
1570	120	登陆赠礼(登陆赠礼)	活动期间每日登录游戏均可领取奖励	0	20	2017/6/17 0:00	2017/6/18 23:59	2017/6/17 0:00	2017/6/18 23:59				4	0	1	3	"1,90,500000;1,50001,150;"	0	2	3	"1,90,500000;1,50001,150;"																										1
1571	140	稀有植物	稀有植物	0	20	2017/6/19 0:00	2017/6/23 23:59	2017/6/19 0:00	2017/6/23 23:59	"21408,100|21407,100|21406,90|21401,60|21402,60|21405,90|21403,60|21404,60|"			1	0	100	3	"0,1338,1"																														1
1572	147	魔法限购	魔法限购	0	20	2017/6/19 0:00	2017/6/25 23:59	2017/6/19 0:00	2017/6/25 23:59				0	1	"300,80"	0	"1,35001,5;1,35002,5;1,35003,5;1,35004,5;1,35005,5;1,35006,5;1,35007,5;1,35008,5;1,35009,5;"	1	"250,70"	0	"1,45277,5;1,45145,5;1,45181,5;"	1	"150,50"	0	"1,34001,5;1,34002,5;1,34003,5;1,34004,5;1,34005,5;1,34006,5;1,34007,5;1,34008,5;1,34009,5;"																						1
1573	32	累充送礼	累充送礼	0	1	2017/6/19 0:00	2017/6/23 23:59	2017/6/19 0:00	2017/6/23 23:59				1	0	500	3	"1,90,5000000;1,91,666;"	0	1000	3	"1,90,10000000;1,91,1500;"	0	2500	3	"1,90,30000000;1,91,5000;"					0	5000	3	"1,90,50000000;1,91,10000;"														1
1574	135	惊喜放送	充值领奖(可选择奖励）	0	1	2017/6/22 0:00	2017/6/25 23:59	2017/6/22 0:00	2017/6/25 23:59				6	1	30	4	"1,1,45121,10;2,1,45037,10;3,1,45121,10"	1	98	4	"1,0,1181,1,1,1,0;2,0,1129,1,1,1,0;3,0,1181,1,1,1,0"	1	98	4	"1,0,1013,1,1,1,0;2,0,1265,1,1,1,0;3,0,1013,1,1,1,0"																						1
1575	33	金币豪礼(盛开的太阳花)	累充返利	0	1	2017/6/24 0:00	2017/6/25 23:59	2017/6/24 0:00	2017/6/25 23:59				1	0	6	3	"1,90,20000;1,50001,10"	0	30	3	"1,90,20000;1,50001,10"	0	100	3	"1,90,150000;1,50001,60"	0	200	3	"1,90,500000;1,50001,240"	0	500	3	"1,90,1800000;1,50001,900"														1
1576	136	觉醒时刻	累计消耗钻石领奖	0	20	2017/6/24 0:00	2017/6/25 23:59	2017/6/24 0:00	2017/6/25 23:59				2	0	500	3	"1,60204,500;1,45169,5"	0	2000	3	"1,60204,500;1,45169,10"	0	5000	3	"1,60204,1000;1,1,16008,1;"	0	10000	3	"1,60204,2000;1,1,16018,1;"																		1
1577	120	登陆赠礼(登陆赠礼)	活动期间每日登录游戏均可领取奖励	0	20	2017/6/24 0:00	2017/6/25 23:59	2017/6/24 0:00	2017/6/25 23:59				4	0	1	3	"1,90,500000;1,50001,150;"	0	2	3	"1,90,500000;1,50001,150;"																										1
1578	140	稀有植物	稀有植物	0	20	2017/6/26 0:00	2017/6/30 23:59	2017/6/26 0:00	2017/6/30 23:59	"21408,100|21407,100|21406,90|21401,60|21402,60|21405,90|21403,60|21404,60|"			1	0	100	3	"0,1338,1"																														1
1579	147	魔法限购	魔法限购	0	20	2017/6/26 0:00	2017/7/2 23:59	2017/6/26 0:00	2017/7/2 23:59				0	1	"300,80"	0	"1,35001,5;1,35002,5;1,35003,5;1,35004,5;1,35005,5;1,35006,5;1,35007,5;1,35008,5;1,35009,5;"	1	"250,70"	0	"1,45277,5;1,45145,5;1,45181,5;"	1	"150,50"	0	"1,34001,5;1,34002,5;1,34003,5;1,34004,5;1,34005,5;1,34006,5;1,34007,5;1,34008,5;1,34009,5;"																						1
1580	32	累充送礼	累充送礼	0	1	2017/6/26 0:00	2017/6/30 23:59	2017/6/26 0:00	2017/6/30 23:59				1	0	100	3	"1,90,5000000;1,60204,300;"	0	500	3	"1,90,10000000;1,98,15;1,25009,1;"	0	1000	3	"1,90,30000000;1,99,15;1,25008,1;"					0	2000	3	"1,90,50000000;1,16031,1;1,25007,1;"														1
1581	135	惊喜放送	充值领奖(可选择奖励）	0	1	2017/6/29 0:00	2017/7/2 23:59	2017/6/29 0:00	2017/7/2 23:59				6	1	30	4	"1,1,45121,10;2,1,45037,10;3,1,45121,10"	1	98	4	"1,0,1181,1,1,1,0;2,0,1129,1,1,1,0;3,0,1181,1,1,1,0"	1	98	4	"1,0,1013,1,1,1,0;2,0,1265,1,1,1,0;3,0,1013,1,1,1,0"																						1
1582	34	单充返利	单充返利	0	1	2017/6/20 0:00	2017/6/22 23:59	2017/6/20 0:00	2017/6/22 23:59				5	0	98	3	"1,90,500000;1,91,50;"	0	198	3	"1,90,1500000;1,91,120;"	0	648	3	"1,90,5000000;1,91,400;"																						1
1583	35	连续充值	连续充值	0	1	2017/6/20 0:00	2017/6/22 23:59	2017/6/20 0:00	2017/6/22 23:59				7	0	98	3	"1,90,500000;1,91,50;"	0	98	3	"1,90,1500000;1,91,120;"	0	98	3	"1,90,5000000;1,91,400;"																						1
1584	33	金币豪礼(盛开的太阳花)	累充返利	0	1	2017/7/1 0:00	2017/7/2 23:59	2017/7/1 0:00	2017/7/2 23:59				1	0	6	3	"1,90,200000;1,50001,10"	0	30	3	"1,90,500000;1,50001,50"	0	100	3	"1,90,3000000;1,50001,100"	0	200	3	"1,90,5000000;1,50001,240"	0	500	3	"1,90,10000000;1,50001,900"														1
1585	136	觉醒时刻	累计消耗钻石领奖	0	20	2017/7/1 0:00	2017/7/2 23:59	2017/7/1 0:00	2017/7/2 23:59				2	0	500	3	"1,60204,500;1,45169,5"	0	2000	3	"1,60204,500;1,45169,10"	0	5000	3	"1,60204,1000;1,1,16012,1;"	0	10000	3	"1,60204,2000;1,1,16014,1;"																		1
1586	120	登陆赠礼(登陆赠礼)	活动期间每日登录游戏均可领取奖励	0	20	2017/7/1 0:00	2017/7/2 23:59	2017/7/1 0:00	2017/7/2 23:59				4	0	1	3	"1,90,500000;1,50001,150;"	0	2	3	"1,90,500000;1,50001,150;"																										1
1587	140	稀有植物	稀有植物	0	20	2017/7/3 0:00	2017/7/7 23:59	2017/7/3 0:00	2017/7/7 23:59	"21408,100|21407,100|21406,90|21401,60|21402,60|21405,90|21403,60|21404,60|"			1	0	100	3	"0,1338,1"																														1
1588	147	魔法限购	魔法限购	0	20	2017/7/3 0:00	2017/7/9 23:59	2017/7/3 0:00	2017/7/9 23:59				0	1	"300,80"	0	"1,35001,5;1,35002,5;1,35003,5;1,35004,5;1,35005,5;1,35006,5;1,35007,5;1,35008,5;1,35009,5;"	1	"250,70"	0	"1,45277,5;1,45145,5;1,45181,5;"	1	"150,50"	0	"1,34001,5;1,34002,5;1,34003,5;1,34004,5;1,34005,5;1,34006,5;1,34007,5;1,34008,5;1,34009,5;"																						1
1589	32	累充送礼	累充送礼	0	1	2017/7/3 0:00	2017/7/7 23:59	2017/7/3 0:00	2017/7/7 23:59				1	0	98	3	"1,90,5000000;1,91,666;"	0	328	3	"1,25009,1;1,45386,10;"	0	648	3	"1,25008,1;1,45386,15;"					0	1000	3	"1,25007,1;1,45386,20;"														1
1590	135	惊喜放送	充值领奖(可选择奖励）	0	1	2017/7/7 0:00	2017/7/9 23:59	2017/7/7 0:00	2017/7/9 23:59				6	1	30	4	"1,1,45121,10;2,1,45037,10;3,1,45121,10"	1	98	4	"1,0,1181,1,1,1,0;2,0,1129,1,1,1,0;3,0,1181,1,1,1,0"	1	98	4	"1,0,1013,1,1,1,0;2,0,1265,1,1,1,0;3,0,1013,1,1,1,0"																						1
1591	33	金币豪礼(盛开的太阳花)	累充返利	0	1	2017/7/8 0:00	2017/7/9 23:59	2017/7/8 0:00	2017/7/9 23:59				1	0	6	3	"1,90,200000;1,50001,10"	0	30	3	"1,90,500000;1,50001,50"	0	100	3	"1,90,3000000;1,50001,100"	0	200	3	"1,90,5000000;1,50001,240"	0	500	3	"1,90,10000000;1,50001,900"														1
1592	136	觉醒时刻	累计消耗钻石领奖	0	20	2017/7/8 0:00	2017/7/9 23:59	2017/7/8 0:00	2017/7/9 23:59				2	0	500	3	"1,60204,500;1,45157,5"	0	2000	3	"1,60204,500;1,45157,10"	0	5000	3	"1,60204,1000;1,1,16012,1;"	0	10000	3	"1,60204,2000;1,1,16014,1;"																		1
1593	120	登陆赠礼(登陆赠礼)	活动期间每日登录游戏均可领取奖励	0	20	2017/7/8 0:00	2017/7/9 23:59	2017/7/8 0:00	2017/7/9 23:59				4	0	1	3	"1,90,500000;1,50001,150;"	0	2	3	"1,90,500000;1,50001,150;"																										1
1594	140	稀有植物	稀有植物	0	20	2017/7/10 0:00	2017/7/14 23:59	2017/7/10 0:00	2017/7/14 23:59	"21408,100|21407,100|21406,90|21401,60|21402,60|21405,90|21403,60|21404,60|"			1	0	100	3	"0,1338,1"																														1
1595	147	魔法限购	魔法限购	0	20	2017/7/10 0:00	2017/7/16 23:59	2017/7/10 0:00	2017/7/16 23:59				0	1	"300,80"	0	"1,35001,5;1,35002,5;1,35003,5;1,35004,5;1,35005,5;1,35006,5;1,35007,5;1,35008,5;1,35009,5;"	1	"250,70"	0	"1,45277,5;1,45145,5;1,45181,5;"	1	"150,50"	0	"1,34001,5;1,34002,5;1,34003,5;1,34004,5;1,34005,5;1,34006,5;1,34007,5;1,34008,5;1,34009,5;"																						1
1596	32	累充送礼	累充送礼	0	1	2017/7/10 0:00	2017/7/14 23:59	2017/7/10 0:00	2017/7/14 23:59				1	0	100	3	"1,60204,500;1,90,5000000;"	0	648	3	"1,25009,1;1,91,1500;1,60204,1000;"	0	1280	3	"1,25008,1;1,91,2500;1,60204,2000;"					0	2000	3	"1,25007,1;1,16031,1;"														1
1597	135	惊喜放送	充值领奖(可选择奖励）	0	1	2017/7/14 0:00	2017/7/16 23:59	2017/7/14 0:00	2017/7/16 23:59				6	1	30	4	"1,1,45121,10;2,1,45037,10;3,1,45121,10"	1	98	4	"1,0,1181,1,1,1,0;2,0,1129,1,1,1,0;3,0,1181,1,1,1,0"	1	98	4	"1,0,1013,1,1,1,0;2,0,1265,1,1,1,0;3,0,1013,1,1,1,0"																						1
1598	33	金币豪礼(盛开的太阳花)	累充返利	0	1	2017/7/15 0:00	2017/7/16 23:59	2017/7/15 0:00	2017/7/16 23:59				1	0	6	3	"1,90,200000;1,50001,10"	0	30	3	"1,90,500000;1,50001,50"	0	100	3	"1,90,3000000;1,50001,100"	0	200	3	"1,90,5000000;1,50001,240"	0	500	3	"1,90,10000000;1,50001,900"														1
1599	136	觉醒时刻	累计消耗钻石领奖	0	20	2017/7/15 0:00	2017/7/16 23:59	2017/7/15 0:00	2017/7/16 23:59				2	0	500	3	"1,60204,500;1,45109,5"	0	2000	3	"1,60204,500;1,45109,10"	0	5000	3	"1,60204,1000;1,1,16008,1;"	0	10000	3	"1,60204,2000;1,1,16013,1;"																		1
1600	120	登陆赠礼(登陆赠礼)	活动期间每日登录游戏均可领取奖励	0	20	2017/7/15 0:00	2017/7/16 23:59	2017/7/15 0:00	2017/7/16 23:59				4	0	1	3	"1,90,500000;1,50001,150;"	0	2	3	"1,90,500000;1,50001,150;"																										1
1601	140	稀有植物	稀有植物	0	20	2017/7/17 0:00	2017/7/21 23:59	2017/7/17 0:00	2017/7/21 23:59	"21408,100|21407,100|21406,90|21401,60|21402,60|21405,90|21403,60|21404,60|"			1	0	100	3	"0,1338,1"																														1
1602	147	魔法限购	魔法限购	0	20	2017/7/17 0:00	2017/7/23 23:59	2017/7/17 0:00	2017/7/23 23:59				0	1	"300,80"	0	"1,35001,5;1,35002,5;1,35003,5;1,35004,5;1,35005,5;1,35006,5;1,35007,5;1,35008,5;1,35009,5;"	1	"250,70"	0	"1,45277,5;1,45145,5;1,45181,5;"	1	"150,50"	0	"1,34001,5;1,34002,5;1,34003,5;1,34004,5;1,34005,5;1,34006,5;1,34007,5;1,34008,5;1,34009,5;"																						1
1603	32	累充送礼	累充送礼	0	1	2017/7/17 0:00	2017/7/21 23:59	2017/7/17 0:00	2017/7/21 23:59				1	0	100	3	"1,90,6000000;1,45362,5;"	0	500	3	"1,25009,1;1,45362,10;"	0	1200	3	"1,25008,1;1,45362,15;"					0	2000	3	"1,25007,1;1,16035,1;"														1
1604	135	惊喜放送	充值领奖(可选择奖励）	0	1	2017/7/21 0:00	2017/7/23 23:59	2017/7/21 0:00	2017/7/23 23:59				6	1	30	4	"1,1,45121,10;2,1,45037,10;3,1,45121,10"	1	98	4	"1,0,1181,1,1,1,0;2,0,1129,1,1,1,0;3,0,1181,1,1,1,0"	1	98	4	"1,0,1013,1,1,1,0;2,0,1265,1,1,1,0;3,0,1013,1,1,1,0"																						1
1605	33	金币豪礼(盛开的太阳花)	累充返利	0	1	2017/7/22 0:00	2017/7/23 23:59	2017/7/22 0:00	2017/7/23 23:59				1	0	6	3	"1,90,200000;1,50001,10"	0	30	3	"1,90,500000;1,50001,50"	0	100	3	"1,90,3000000;1,50001,100"	0	200	3	"1,90,5000000;1,50001,240"	0	500	3	"1,90,10000000;1,50001,900"														1
1606	136	觉醒时刻	累计消耗钻石领奖	0	20	2017/7/22 0:00	2017/7/23 23:59	2017/7/22 0:00	2017/7/23 23:59				2	0	500	3	"1,60204,500;1,45109,5"	0	2000	3	"1,60204,500;1,45109,10"	0	5000	3	"1,60204,1000;1,1,16008,1;"	0	10000	3	"1,60204,2000;1,1,16013,1;"																		1
1607	120	登陆赠礼(登陆赠礼)	活动期间每日登录游戏均可领取奖励	0	20	2017/7/22 0:00	2017/7/23 23:59	2017/7/22 0:00	2017/7/23 23:59				4	0	1	3	"1,90,500000;1,50001,150;"	0	2	3	"1,90,500000;1,50001,150;"																										1
1608	140	稀有植物	稀有植物	0	20	2017/7/24 0:00	2017/7/28 23:59	2017/7/24 0:00	2017/7/28 23:59	"21408,100|21407,100|21406,90|21401,60|21402,60|21405,90|21403,60|21404,60|"			1	0	100	3	"0,1338,1"																														1
1609	147	魔法限购	魔法限购	0	20	2017/7/24 0:00	2017/7/30 23:59	2017/7/24 0:00	2017/7/30 23:59				0	1	"300,80"	0	"1,35001,5;1,35002,5;1,35003,5;1,35004,5;1,35005,5;1,35006,5;1,35007,5;1,35008,5;1,35009,5;"	1	"250,70"	0	"1,45277,5;1,45145,5;1,45181,5;"	1	"150,50"	0	"1,34001,5;1,34002,5;1,34003,5;1,34004,5;1,34005,5;1,34006,5;1,34007,5;1,34008,5;1,34009,5;"																						1
1610	32	累充送礼	累充送礼	0	1	2017/7/24 0:00	2017/7/28 23:59	2017/7/24 0:00	2017/7/28 23:59				1	0	100	3	"1,60204,500;1,90,8000000;"	0	400	3	"1,25001,1;1,91,3000;"	0	800	3	"1,25002,1;1,91,6000;1,98,10;"					0	1500	3	"1,25003,1;1,91,10000;1,99,10;"														1
1611	135	惊喜放送	充值领奖(可选择奖励）	0	1	2017/7/28 0:00	2017/7/30 23:59	2017/7/28 0:00	2017/7/30 23:59				6	1	30	4	"1,1,45121,10;2,1,45037,10;3,1,45121,10"	1	98	4	"1,0,1181,1,1,1,0;2,0,1129,1,1,1,0;3,0,1181,1,1,1,0"	1	98	4	"1,0,1013,1,1,1,0;2,0,1265,1,1,1,0;3,0,1013,1,1,1,0"																						1
1612	136	觉醒时刻	累计消耗钻石领奖	0	20	2017/7/29 0:00	2017/7/30 23:59	2017/7/29 0:00	2017/7/30 23:59				2	0	500	3	"1,60204,500;1,45109,5"	0	2000	3	"1,60204,500;1,45109,10"	0	5000	3	"1,60204,1000;1,1,16008,1;"	0	10000	3	"1,60204,2000;1,1,16013,1;"																		1
1613	120	登陆赠礼(登陆赠礼)	活动期间每日登录游戏均可领取奖励	0	20	2017/7/29 0:00	2017/7/30 23:59	2017/7/29 0:00	2017/7/30 23:59				4	0	1	3	"1,90,500000;1,50001,150;"	0	2	3	"1,90,500000;1,50001,150;"																										1
1614	140	稀有植物	稀有植物	0	20	2017/7/31 0:00	2017/8/4 23:59	2017/7/31 0:00	2017/8/4 23:59	"21408,100|21407,100|21406,90|21401,60|21402,60|21405,90|21403,60|21404,60|"			1	0	100	3	"0,1338,1"																														1
1615	147	魔法限购	魔法限购	0	20	2017/7/31 0:00	2017/8/6 23:59	2017/7/31 0:00	2017/8/6 23:59				0	1	"300,80"	0	"1,35001,5;1,35002,5;1,35003,5;1,35004,5;1,35005,5;1,35006,5;1,35007,5;1,35008,5;1,35009,5;"	1	"250,70"	0	"1,45277,5;1,45145,5;1,45181,5;"	1	"150,50"	0	"1,34001,5;1,34002,5;1,34003,5;1,34004,5;1,34005,5;1,34006,5;1,34007,5;1,34008,5;1,34009,5;"																						1
1616	32	累充送礼	累充送礼	0	1	2017/7/31 0:00	2017/8/4 23:59	2017/7/31 0:00	2017/8/4 23:59				1	0	98	3	"1,90,5000000;1,91,333;"	0	648	3	"1,25009,1;1,90,10000000;1,91,1000;"	0	1296	3	"1,25007,1;1,90,20000000;1,91,2000;"					0	2592	3	"1,25008,1;1,90,30000000;0,1386,1,1,1,2;"														1
1617	135	惊喜放送	充值领奖(可选择奖励）	0	1	2017/8/4 0:00	2017/8/6 23:59	2017/8/4 0:00	2017/8/6 23:59				6	1	30	4	"1,1,45121,10;2,1,45037,10;3,1,45121,10"	1	98	4	"1,0,1181,1,1,1,0;2,0,1129,1,1,1,0;3,0,1181,1,1,1,0"	1	98	4	"1,0,1013,1,1,1,0;2,0,1265,1,1,1,0;3,0,1013,1,1,1,0"																						1
1618	33	金币豪礼(盛开的太阳花)	累充返利	0	1	2017/8/5 0:00	2017/8/6 23:59	2017/8/5 0:00	2017/8/6 23:59				1	0	6	3	"1,90,200000;1,50001,10"	0	30	3	"1,90,500000;1,50001,50"	0	100	3	"1,90,3000000;1,50001,100"	0	200	3	"1,90,5000000;1,50001,240"	0	500	3	"1,90,10000000;1,50001,900"														1
1619	136	觉醒时刻	累计消耗钻石领奖	0	20	2017/8/5 0:00	2017/8/6 23:59	2017/8/5 0:00	2017/8/6 23:59				2	0	500	3	"1,60204,500;1,45109,5"	0	2000	3	"1,60204,500;1,45109,10"	0	5000	3	"1,60204,1000;1,1,16008,1;"	0	10000	3	"1,60204,2000;1,1,16013,1;"																		1
1620	120	登陆赠礼(登陆赠礼)	活动期间每日登录游戏均可领取奖励	0	20	2017/8/5 0:00	2017/8/6 23:59	2017/8/5 0:00	2017/8/6 23:59				4	0	1	3	"1,90,500000;1,50001,150;"	0	2	3	"1,90,500000;1,50001,150;"																										1
1621	140	稀有植物	稀有植物	0	20	2017/8/7 0:00	2017/8/11 23:59	2017/8/7 0:00	2017/8/11 23:59	"21408,100|21407,100|21406,90|21401,60|21402,60|21405,90|21403,60|21404,60|"			1	0	100	3	"0,1338,1"																														1
1622	147	魔法限购	魔法限购	0	20	2017/8/7 0:00	2017/8/13 23:59	2017/8/7 0:00	2017/8/13 23:59				0	1	"300,80"	0	"1,35001,5;1,35002,5;1,35003,5;1,35004,5;1,35005,5;1,35006,5;1,35007,5;1,35008,5;1,35009,5;"	1	"250,70"	0	"1,45277,5;1,45145,5;1,45181,5;"	1	"150,50"	0	"1,34001,5;1,34002,5;1,34003,5;1,34004,5;1,34005,5;1,34006,5;1,34007,5;1,34008,5;1,34009,5;"																						1
1623	32	累充送礼	累充送礼	0	1	2017/8/7 0:00	2017/8/11 23:59	2017/8/7 0:00	2017/8/11 23:59				1	0	100	3	"1,60204,500;1,90,8000000;"	0	500	3	"1,25004,1;1,90,12000000;1,98,15;"	0	1000	3	"1,25005,1;1,90,20000000;1,99,15;"					0	2000	3	"1,25006,1;1,90,30000000;1,16035,1;"														1
1624	135	惊喜放送	充值领奖(可选择奖励）	0	1	2017/8/11 0:00	2017/8/13 23:59	2017/8/11 0:00	2017/8/13 23:59				6	1	30	4	"1,1,45121,10;2,1,45037,10;3,1,45121,10"	1	98	4	"1,0,1181,1,1,1,0;2,0,1129,1,1,1,0;3,0,1181,1,1,1,0"	1	98	4	"1,0,1013,1,1,1,0;2,0,1265,1,1,1,0;3,0,1013,1,1,1,0"																						1
1625	30	充值返利	充值返利(单次)	0	1	2017/7/29 0:00	2017/7/30 23:59	2017/7/29 0:00	2017/7/30 23:59				5	0	98	3	"1,90,5000000;1,16012,1;"	0	198	3	"1,90,10000000;1,16014,1;"	0	648	3	"1,90,20000000;1,98,15;"																						0
1626	31	充值返利	充值返利(单次+累计)	0	1	2017/7/29 0:00	2017/7/30 23:59	2017/7/29 0:00	2017/7/30 23:59				1	0	100	3	"1,60204,500;1,91,500;"	0	300	3	"1,60204,800;1,91,1000;"	0	500	3	"1,60204,1000;1,91,1500;"	0	1000	3	"1,60204,2500;1,91,3000;"																	30	1
1627	30	充值返利	充值返利(单次)	0	1	2017/8/12 0:00	2017/8/13 23:59	2017/8/12 0:00	2017/8/13 23:59				5	0	98	3	"1,90,5000000;1,45386,5;"	0	198	3	"1,90,10000000;1,45386,10;"	0	648	3	"1,90,20000000;1,45386,15;"																						0
1628	31	充值返利	充值返利(单次+累计)	0	1	2017/8/12 0:00	2017/8/13 23:59	2017/8/12 0:00	2017/8/13 23:59				1	0	100	3	"1,60204,500;1,91,500;"	0	300	3	"1,60204,800;1,91,1000;"	0	500	3	"1,60204,1000;1,91,1500;"	0	1000	3	"1,60204,2500;1,91,3000;"																	30	1
1629	30	充值返利	充值返利(单次)	0	1	2017/8/19 0:00	2017/8/20 23:59	2017/8/19 0:00	2017/8/20 23:59				5	0	98	3	"1,90,5000000;1,45386,5;"	0	198	3	"1,90,10000000;1,45386,10;"	0	648	3	"1,90,20000000;1,45386,15;"																						0
1630	31	充值返利	充值返利(单次+累计)	0	1	2017/8/19 0:00	2017/8/20 23:59	2017/8/19 0:00	2017/8/20 23:59				1	0	100	3	"1,60204,500;1,91,500;"	0	300	3	"1,60204,800;1,91,1000;"	0	500	3	"1,60204,1000;1,91,1500;"	0	1000	3	"1,60204,2500;1,91,3000;"																	30	1
1631	32	累充送礼	累充送礼	0	1	2017/8/14 0:00	2017/8/18 23:59	2017/8/14 0:00	2017/8/18 23:59				1	0	98	3	"1,90,5000000;1,91,333;"	0	648	3	"1,25009,1;1,90,10000000;1,91,1000;"	0	1296	3	"1,25007,1;1,90,20000000;1,91,2000;"					0	2592	3	"1,25008,1;1,90,30000000;1,16035,1;"														1
1632	32	累充送礼	累充送礼	0	1	2017/8/21 0:00	2017/8/25 23:59	2017/8/21 0:00	2017/8/25 23:59				1	0	100	3	"1,60204,500;1,90,8000000;"	0	400	3	"1,25001,1;1,91,3000;"	0	800	3	"1,25002,1;1,91,6000;1,98,10;"					0	1500	3	"1,25003,1;1,91,10000;1,99,10;"														1
1633	140	稀有植物	稀有植物	0	20	2017/8/14 0:00	2017/8/18 23:59	2017/8/14 0:00	2017/8/18 23:59	"21408,100|21407,100|21406,90|21401,60|21402,60|21405,90|21403,60|21404,60|"			1	0	100	3	"0,1338,1"																														1
1634	140	稀有植物	稀有植物	0	20	2017/8/21 0:00	2017/8/25 23:59	2017/8/21 0:00	2017/8/25 23:59	"21408,100|21407,100|21406,90|21401,60|21402,60|21405,90|21403,60|21404,60|"			1	0	100	3	"0,1338,1"																														1
1635	136	觉醒时刻	累计消耗钻石领奖	0	20	2017/8/12 0:00	2017/8/13 23:59	2017/8/12 0:00	2017/8/13 23:59				2	0	500	3	"1,60204,500;1,45109,5"	0	2000	3	"1,60204,500;1,45109,10"	0	5000	3	"1,60204,1000;1,1,16008,1;"	0	10000	3	"1,60204,2000;1,1,16013,1;"																		1
1636	136	觉醒时刻	累计消耗钻石领奖	0	20	2017/8/19 0:00	2017/8/20 23:59	2017/8/19 0:00	2017/8/20 23:59				2	0	500	3	"1,60204,500;1,45109,5"	0	2000	3	"1,60204,500;1,45109,10"	0	5000	3	"1,60204,1000;1,1,16008,1;"	0	10000	3	"1,60204,2000;1,1,16013,1;"																		1
1637	120	登陆赠礼(登陆赠礼)	活动期间每日登录游戏均可领取奖励	0	20	2017/8/12 0:00	2017/8/13 23:59	2017/8/12 0:00	2017/8/13 23:59				4	0	1	3	"1,90,500000;1,50001,150;"	0	2	3	"1,90,500000;1,50001,150;"																										1
1638	120	登陆赠礼(登陆赠礼)	活动期间每日登录游戏均可领取奖励	0	20	2017/8/19 0:00	2017/8/20 23:59	2017/8/19 0:00	2017/8/20 23:59				4	0	1	3	"1,90,500000;1,50001,150;"	0	2	3	"1,90,500000;1,50001,150;"																										1
1639	147	魔法限购	魔法限购	0	20	2017/8/14 0:00	2017/8/20 23:59	2017/8/14 0:00	2017/8/20 23:59				0	1	"300,80"	0	"1,35001,5;1,35002,5;1,35003,5;1,35004,5;1,35005,5;1,35006,5;1,35007,5;1,35008,5;1,35009,5;"	1	"250,70"	0	"1,45277,5;1,45145,5;1,45181,5;"	1	"150,50"	0	"1,34001,5;1,34002,5;1,34003,5;1,34004,5;1,34005,5;1,34006,5;1,34007,5;1,34008,5;1,34009,5;"																						1
1640	147	魔法限购	魔法限购	0	20	2017/8/21 0:00	2017/8/27 23:59	2017/8/21 0:00	2017/8/27 23:59				0	1	"300,80"	0	"1,35001,5;1,35002,5;1,35003,5;1,35004,5;1,35005,5;1,35006,5;1,35007,5;1,35008,5;1,35009,5;"	1	"250,70"	0	"1,45277,5;1,45145,5;1,45181,5;"	1	"150,50"	0	"1,34001,5;1,34002,5;1,34003,5;1,34004,5;1,34005,5;1,34006,5;1,34007,5;1,34008,5;1,34009,5;"																						1
1641	135	惊喜放送	充值领奖(可选择奖励）	0	1	2017/8/18 0:00	2017/8/20 23:59	2017/8/18 0:00	2017/8/20 23:59				6	1	30	4	"1,1,45121,10;2,1,45037,10;3,1,45121,10"	1	98	4	"1,0,1181,1,1,1,0;2,0,1129,1,1,1,0;3,0,1181,1,1,1,0"	1	98	4	"1,0,1013,1,1,1,0;2,0,1265,1,1,1,0;3,0,1013,1,1,1,0"																						1
1642	135	惊喜放送	充值领奖(可选择奖励）	0	1	2017/8/25 0:00	2017/8/27 23:59	2017/8/25 0:00	2017/8/27 23:59				6	1	30	4	"1,1,45121,10;2,1,45037,10;3,1,45121,10"	1	98	4	"1,0,1181,1,1,1,0;2,0,1129,1,1,1,0;3,0,1181,1,1,1,0"	1	98	4	"1,0,1013,1,1,1,0;2,0,1265,1,1,1,0;3,0,1013,1,1,1,0"																						1
1643	35	连续充值	连续充值	0	1	2017/8/15 0:00	2017/8/17 23:59	2017/8/15 0:00	2017/8/17 23:59				7	0	98	3	"1,94,8000000;1,60204,800;"	0	98	3	"1,90,5000000;0,1265,1,1,1,0;"	0	98	3	"1,16018,1;1,91,500;"																						1
1644	35	连续充值	连续充值	0	1	2017/8/22 0:00	2017/8/24 23:59	2017/8/22 0:00	2017/8/24 23:59				7	0	98	3	"1,94,8000000;1,60204,800;"	0	98	3	"1,90,5000000;0,1265,1,1,1,0;"	0	98	3	"1,16018,1;1,91,500;"																						1
1645	33	金币豪礼(盛开的太阳花)	累充返利	0	1	2017/8/26 0:00	2017/8/27 23:59	2017/8/26 0:00	2017/8/27 23:59				1	0	6	3	"1,90,200000;1,50001,10"	0	30	3	"1,90,500000;1,50001,50"	0	100	3	"1,90,3000000;1,50001,100"	0	200	3	"1,90,5000000;1,50001,240"	0	500	3	"1,90,10000000;1,50001,900"														1
1646	33	金币豪礼(盛开的太阳花)	累充返利	0	1	2017/9/2 0:00	2017/9/3 23:59	2017/9/2 0:00	2017/9/3 23:59				1	0	6	3	"1,90,200000;1,50001,10"	0	30	3	"1,90,500000;1,50001,50"	0	100	3	"1,90,3000000;1,50001,100"	0	200	3	"1,90,5000000;1,50001,240"	0	500	3	"1,90,10000000;1,50001,900"														1
1647	136	觉醒时刻	累计消耗钻石领奖	0	20	2017/8/26 0:00	2017/8/27 23:59	2017/8/26 0:00	2017/8/27 23:59				2	0	500	3	"1,60204,500;1,45013,5"	0	2000	3	"1,60204,500;1,45013,10"	0	5000	3	"1,60204,1000;1,1,16008,1;"	0	10000	3	"1,60204,2000;1,1,16014,1;"																		1
1648	136	觉醒时刻	累计消耗钻石领奖	0	20	2017/9/2 0:00	2017/9/3 23:59	2017/9/2 0:00	2017/9/3 23:59				2	0	500	3	"1,60204,500;1,45013,5"	0	2000	3	"1,60204,500;1,45013,10"	0	5000	3	"1,60204,1000;1,1,16008,1;"	0	10000	3	"1,60204,2000;1,1,16014,1;"																		1
1649	120	登陆赠礼(登陆赠礼)	活动期间每日登录游戏均可领取奖励	0	20	2017/8/26 0:00	2017/8/28 23:59	2017/8/26 0:00	2017/8/27 23:59				4	0	1	3	"1,90,500000;1,50001,150;"	0	2	3	"1,90,500000;1,50001,150;"																										1
1650	120	登陆赠礼(登陆赠礼)	活动期间每日登录游戏均可领取奖励	0	20	2017/9/2 0:00	2017/9/3 23:59	2017/9/2 0:00	2017/9/3 23:59				4	0	1	3	"1,90,500000;1,50001,150;"	0	2	3	"1,90,500000;1,50001,150;"																										1
1651	34	单充返利	单充返利	0	1	2017/8/26 0:00	2017/8/26 23:59	2017/8/26 0:00	2017/8/26 23:59				5	0	98	3	"1,90,10000000;"	0	328	3	"1,90,25000000;"	0	648	3	"1,90,50000000;"																						1
1652	34	单充返利	单充返利	0	1	2017/8/27 0:00	2017/8/27 23:59	2017/8/27 0:00	2017/8/27 23:59				5	0	98	3	"1,90,10000000;"	0	328	3	"1,90,25000000;"	0	648	3	"1,90,50000000;"																						1
1653	34	单充返利	单充返利	0	1	2017/8/28 0:00	2017/8/28 23:59	2017/8/28 0:00	2017/8/28 23:59				5	0	98	3	"1,90,10000000;"	0	328	3	"1,90,25000000;"	0	648	3	"1,90,50000000;"																						1
1654	32	累充送礼	累充送礼	0	1	2017/8/28 0:00	2017/9/1 23:59	2017/8/28 0:00	2017/9/1 23:59				1	0	100	3	"1,60204,500;1,90,8000000;"	0	500	3	"1,25004,1;1,90,12000000;1,98,15;"	0	1000	3	"1,25005,1;1,90,20000000;1,99,15;"					0	2000	3	"1,25006,1;1,90,30000000;1,16035,1;"														1
1655	32	累充送礼	累充送礼	0	1	2017/9/4 0:00	2017/9/8 23:59	2017/9/4 0:00	2017/9/8 23:59				1	0	100	3	"1,90,6000000;1,45362,5;"	0	500	3	"1,25009,1;1,45362,10;"	0	1200	3	"1,25008,1;1,45362,15;"					0	2000	3	"1,25007,1;1,16035,1;"														1
1656	140	稀有植物	稀有植物	0	20	2017/8/28 0:00	2017/9/1 23:59	2017/8/28 0:00	2017/9/1 23:59	"21408,100|21407,100|21406,90|21401,60|21402,60|21405,90|21403,60|21404,60|"			1	0	100	3	"0,1338,1"																														1
1657	140	稀有植物	稀有植物	0	20	2017/9/4 0:00	2017/9/8 23:59	2017/9/4 0:00	2017/9/8 23:59	"21408,100|21407,100|21406,90|21401,60|21402,60|21405,90|21403,60|21404,60|"			1	0	100	3	"0,1338,1"																														1
1658	147	魔法限购	魔法限购	0	20	2017/8/28 0:00	2017/9/3 23:59	2017/8/28 0:00	2017/9/3 23:59				0	1	"300,80"	0	"1,35001,5;1,35002,5;1,35003,5;1,35004,5;1,35005,5;1,35006,5;1,35007,5;1,35008,5;1,35009,5;"	1	"250,70"	0	"1,45277,5;1,45145,5;1,45181,5;"	1	"150,50"	0	"1,34001,5;1,34002,5;1,34003,5;1,34004,5;1,34005,5;1,34006,5;1,34007,5;1,34008,5;1,34009,5;"																						1
1659	147	魔法限购	魔法限购	0	20	2017/9/4 0:00	2017/9/10 23:59	2017/9/4 0:00	2017/9/10 23:59				0	1	"300,80"	0	"1,35001,5;1,35002,5;1,35003,5;1,35004,5;1,35005,5;1,35006,5;1,35007,5;1,35008,5;1,35009,5;"	1	"250,70"	0	"1,45277,5;1,45145,5;1,45181,5;"	1	"150,50"	0	"1,34001,5;1,34002,5;1,34003,5;1,34004,5;1,34005,5;1,34006,5;1,34007,5;1,34008,5;1,34009,5;"																						1
1660	135	惊喜放送	充值领奖(可选择奖励）	0	1	2017/9/1 0:00	2017/9/3 23:59	2017/9/1 0:00	2017/9/3 23:59				6	1	30	4	"1,1,45121,10;2,1,45037,10;3,1,45121,10"	1	98	4	"1,0,1181,1,1,1,0;2,0,1129,1,1,1,0;3,0,1181,1,1,1,0"	1	98	4	"1,0,1013,1,1,1,0;2,0,1265,1,1,1,0;3,0,1013,1,1,1,0"																						1
1661	135	惊喜放送	充值领奖(可选择奖励）	0	1	2017/9/8 0:00	2017/9/10 23:59	2017/9/8 0:00	2017/9/10 23:59				6	1	30	4	"1,1,45121,10;2,1,45037,10;3,1,45121,10"	1	98	4	"1,0,1181,1,1,1,0;2,0,1129,1,1,1,0;3,0,1181,1,1,1,0"	1	98	4	"1,0,1013,1,1,1,0;2,0,1265,1,1,1,0;3,0,1013,1,1,1,0"																						1
1662	35	连续充值	连续充值	0	1	2017/8/29 0:00	2017/8/31 23:59	2017/8/29 0:00	2017/8/31 23:59				7	0	98	3	"1,94,8000000;1,60204,800;"	0	98	3	"1,90,5000000;0,1265,1,1,1,0;"	0	98	3	"1,16018,1;1,91,500;"																						1
1663	35	连续充值	连续充值	0	1	2017/9/5 0:00	2017/9/7 23:59	2017/9/5 0:00	2017/9/7 23:59				7	0	98	3	"1,94,8000000;1,60204,800;"	0	98	3	"1,90,5000000;0,1265,1,1,1,0;"	0	98	3	"1,16018,1;1,91,500;"																						1
1664	34	单充返利	单充返利	0	1	2017/9/2 0:00	2017/9/2 23:59	2017/9/2 0:00	2017/9/2 23:59				5	0	98	3	"1,90,10000000;"	0	328	3	"1,90,25000000;"	0	648	3	"1,90,50000000;"																						1
1665	34	单充返利	单充返利	0	1	2017/9/3 0:00	2017/9/3 23:59	2017/9/3 0:00	2017/9/3 23:59				5	0	98	3	"1,90,10000000;"	0	328	3	"1,90,25000000;"	0	648	3	"1,90,50000000;"																						1
1666	34	单充返利	单充返利	0	1	2017/9/4 0:00	2017/9/4 23:59	2017/9/4 0:00	2017/9/4 23:59				5	0	98	3	"1,90,10000000;"	0	328	3	"1,90,25000000;"	0	648	3	"1,90,50000000;"																						1
1667	33	金币豪礼(盛开的太阳花)	累充返利	0	1	2017/9/9 0:00	2017/9/10 23:59	2017/9/9 0:00	2017/9/10 23:59				1	0	6	3	"1,90,200000;1,50001,10"	0	30	3	"1,90,500000;1,50001,50"	0	100	3	"1,90,3000000;1,50001,100"	0	200	3	"1,90,5000000;1,50001,240"	0	500	3	"1,90,10000000;1,50001,900"														1
1668	33	金币豪礼(盛开的太阳花)	累充返利	0	1	2017/9/16 0:00	2017/9/17 23:59	2017/9/16 0:00	2017/9/17 23:59				1	0	6	3	"1,90,200000;1,50001,10"	0	30	3	"1,90,500000;1,50001,50"	0	100	3	"1,90,3000000;1,50001,100"	0	200	3	"1,90,5000000;1,50001,240"	0	500	3	"1,90,10000000;1,50001,900"														1
1669	136	觉醒时刻	累计消耗钻石领奖	0	20	2017/9/9 0:00	2017/9/10 23:59	2017/9/9 0:00	2017/9/10 23:59				2	0	500	3	"1,60204,500;1,45049,5"	0	2000	3	"1,60204,500;1,45049,10"	0	5000	3	"1,60204,1000;1,1,16012,1;"	0	10000	3	"1,60204,2000;1,1,16018,1;"																		1
1670	136	觉醒时刻	累计消耗钻石领奖	0	20	2017/9/16 0:00	2017/9/17 23:59	2017/9/16 0:00	2017/9/17 23:59				2	0	500	3	"1,60204,500;1,45049,5"	0	2000	3	"1,60204,500;1,45049,10"	0	5000	3	"1,60204,1000;1,1,16012,1;"	0	10000	3	"1,60204,2000;1,1,16018,1;"																		1
1671	120	登陆赠礼(登陆赠礼)	活动期间每日登录游戏均可领取奖励	0	20	2017/9/9 0:00	2017/9/10 23:59	2017/9/9 0:00	2017/9/10 23:59				4	0	1	3	"1,90,500000;1,50001,150;"	0	2	3	"1,90,500000;1,50001,150;"																										1
1672	120	登陆赠礼(登陆赠礼)	活动期间每日登录游戏均可领取奖励	0	20	2017/9/16 0:00	2017/9/17 23:59	2017/9/16 0:00	2017/9/17 23:59				4	0	1	3	"1,90,500000;1,50001,150;"	0	2	3	"1,90,500000;1,50001,150;"																										1
1673	34	单充返利	单充返利	0	1	2017/9/9 0:00	2017/9/9 23:59	2017/9/9 0:00	2017/9/9 23:59				5	0	98	3	"1,90,5000000;1,45386,5;"	0	328	3	"1,90,10000000;1,45386,10;"	0	648	3	"1,90,20000000;1,45386,15;"																						1
1674	34	单充返利	单充返利	0	1	2017/9/10 0:00	2017/9/10 23:59	2017/9/10 0:00	2017/9/10 23:59				5	0	98	3	"1,90,5000000;1,45386,5;"	0	328	3	"1,90,10000000;1,45386,10;"	0	648	3	"1,90,20000000;1,45386,15;"																						1
1675	34	单充返利	单充返利	0	1	2017/9/11 0:00	2017/9/11 23:59	2017/9/11 0:00	2017/9/11 23:59				5	0	98	3	"1,90,5000000;1,45386,5;"	0	328	3	"1,90,10000000;1,45386,10;"	0	648	3	"1,90,20000000;1,45386,15;"																						1
1676	34	单充返利	单充返利	0	1	2017/9/15 0:00	2017/9/15 23:59	2017/9/15 0:00	2017/9/15 23:59				5	0	98	3	"1,90,5000000;1,45362,5;"	0	328	3	"1,90,10000000;1,45362,10;"	0	648	3	"1,90,20000000;1,45362,15;"																						1
1677	32	累充送礼	累充送礼	0	1	2017/9/11 0:00	2017/9/15 23:59	2017/9/11 0:00	2017/9/15 23:59				1	0	100	3	"1,60204,500;1,90,8000000;"	0	500	3	"1,25004,1;1,90,20000000;1,98,15;"	0	1000	3	"1,25005,1;1,90,30000000;1,99,15;"					0	2000	3	"1,25006,1;1,90,50000000;1,16031,1;"														1
1678	32	累充送礼	累充送礼	0	1	2017/9/18 0:00	2017/9/22 23:59	2017/9/18 0:00	2017/9/22 23:59				1	0	100	3	"1,90,5000000;1,91,333;"	0	648	3	"1,25009,1;1,90,10000000;1,91,1000;"	0	1300	3	"1,25007,1;1,90,20000000;1,91,2000;"					0	2500	3	"1,25008,1;1,90,30000000;1,16035,1;"														1
1679	140	稀有植物	稀有植物	0	20	2017/9/11 0:00	2017/9/15 23:59	2017/9/11 0:00	2017/9/15 23:59	"21408,100|21407,100|21406,90|21401,60|21402,60|21405,90|21403,60|21404,60|"			1	0	100	3	"0,1338,1"																														1
1680	140	稀有植物	稀有植物	0	20	2017/9/18 0:00	2017/9/22 23:59	2017/9/18 0:00	2017/9/22 23:59	"21408,100|21407,100|21406,90|21401,60|21402,60|21405,90|21403,60|21404,60|"			1	0	100	3	"0,1338,1"																														1
1681	147	魔法限购	魔法限购	0	20	2017/9/11 0:00	2017/9/15 23:59	2017/9/11 0:00	2017/9/15 23:59				0	1	"300,80"	0	"1,35001,5;1,35002,5;1,35003,5;1,35004,5;1,35005,5;1,35006,5;1,35007,5;1,35008,5;1,35009,5;"	1	"250,70"	0	"1,45277,5;1,45145,5;1,45181,5;"	1	"150,50"	0	"1,34001,5;1,34002,5;1,34003,5;1,34004,5;1,34005,5;1,34006,5;1,34007,5;1,34008,5;1,34009,5;"																						1
1682	147	魔法限购	魔法限购	0	20	2017/9/18 0:00	2017/9/22 23:59	2017/9/18 0:00	2017/9/22 23:59				0	1	"300,80"	0	"1,35001,5;1,35002,5;1,35003,5;1,35004,5;1,35005,5;1,35006,5;1,35007,5;1,35008,5;1,35009,5;"	1	"250,70"	0	"1,45277,5;1,45145,5;1,45181,5;"	1	"150,50"	0	"1,34001,5;1,34002,5;1,34003,5;1,34004,5;1,34005,5;1,34006,5;1,34007,5;1,34008,5;1,34009,5;"																						1
1683	135	惊喜放送	充值领奖(可选择奖励）	0	1	2017/9/15 0:00	2017/9/17 23:59	2017/9/15 0:00	2017/9/17 23:59				6	1	30	4	"1,1,45121,10;2,1,45037,10;3,1,45121,10"	1	98	4	"1,0,1181,1,1,1,0;2,0,1129,1,1,1,0;3,0,1181,1,1,1,0"	1	98	4	"1,0,1013,1,1,1,0;2,0,1265,1,1,1,0;3,0,1013,1,1,1,0"																						1
1684	135	惊喜放送	充值领奖(可选择奖励）	0	1	2017/9/22 0:00	2017/9/24 23:59	2017/9/22 0:00	2017/9/24 23:59				6	1	30	4	"1,1,45121,10;2,1,45037,10;3,1,45121,10"	1	98	4	"1,0,1181,1,1,1,0;2,0,1129,1,1,1,0;3,0,1181,1,1,1,0"	1	98	4	"1,0,1013,1,1,1,0;2,0,1265,1,1,1,0;3,0,1013,1,1,1,0"																						1
1685	35	连续充值	连续充值	0	1	2017/9/12 0:00	2017/9/14 23:59	2017/9/12 0:00	2017/9/14 23:59				7	0	98	3	"1,94,8000000;1,60204,800;"	0	98	3	"1,90,5000000;0,1013,1,1,1,0;"	0	98	3	"1,16014,1;1,91,500;"																						1
1686	35	连续充值	连续充值	0	1	2017/9/19 0:00	2017/9/21 23:59	2017/9/19 0:00	2017/9/21 23:59				7	0	98	3	"1,94,8000000;1,60204,800;"	0	98	3	"1,90,5000000;0,1013,1,1,1,0;"	0	98	3	"1,16014,1;1,91,500;"																						1
1687	34	单充返利	单充返利	0	1	2017/9/16 0:00	2017/9/16 23:59	2017/9/16 0:00	2017/9/16 23:59				5	0	98	3	"1,90,5000000;1,45362,5;"	0	328	3	"1,90,10000000;1,45362,10;"	0	648	3	"1,90,20000000;1,45362,15;"																						1
1688	34	单充返利	单充返利	0	1	2017/9/17 0:00	2017/9/17 23:59	2017/9/17 0:00	2017/9/17 23:59				5	0	98	3	"1,90,5000000;1,45362,5;"	0	328	3	"1,90,10000000;1,45362,10;"	0	648	3	"1,90,20000000;1,45362,15;"																						1
1689	34	单充返利	单充返利	0	1	2017/9/18 0:00	2017/9/18 23:59	2017/9/18 0:00	2017/9/18 23:59				5	0	98	3	"1,90,5000000;1,45362,5;"	0	328	3	"1,90,10000000;1,45362,10;"	0	648	3	"1,90,20000000;1,45362,15;"																						1
1690	34	单充返利	单充返利	0	1	2017/9/22 0:00	2017/9/22 23:59	2017/9/22 0:00	2017/9/22 23:59				5	0	98	3	"1,90,10000000;"	0	328	3	"1,90,25000000;"	0	648	3	"1,90,50000000;"																						1
1691	33	金币豪礼(盛开的太阳花)	累充返利	0	1	2017/9/23 0:00	2017/9/24 23:59	2017/9/23 0:00	2017/9/24 23:59				1	0	6	3	"1,90,200000;1,50001,10"	0	30	3	"1,90,500000;1,50001,50"	0	100	3	"1,90,3000000;1,50001,100"	0	200	3	"1,90,5000000;1,50001,240"	0	500	3	"1,90,10000000;1,50001,900"														1
1692	136	觉醒时刻	累计消耗钻石领奖	0	20	2017/9/23 0:00	2017/9/24 23:59	2017/9/23 0:00	2017/9/24 23:59				2	0	500	3	"1,60204,500;1,45049,5"	0	2000	3	"1,60204,500;1,45049,10"	0	5000	3	"1,60204,1000;1,1,16012,1;"	0	10000	3	"1,60204,2000;1,1,16018,1;"																		1
1693	120	登陆赠礼(登陆赠礼)	活动期间每日登录游戏均可领取奖励	0	20	2017/9/23 0:00	2017/9/24 23:59	2017/9/23 0:00	2017/9/24 23:59				4	0	1	3	"1,90,500000;1,50001,150;"	0	2	3	"1,90,500000;1,50001,150;"																										1
1694	34	单充返利	单充返利	0	1	2017/9/23 0:00	2017/9/23 23:59	2017/9/23 0:00	2017/9/23 23:59				5	0	98	3	"1,90,5000000;1,45386,5;"	0	328	3	"1,90,10000000;1,45386,10;"	0	648	3	"1,90,20000000;1,45386,15;"																						1
1695	34	单充返利	单充返利	0	1	2017/9/24 0:00	2017/9/24 23:59	2017/9/24 0:00	2017/9/24 23:59				5	0	98	3	"1,90,5000000;1,45386,5;"	0	328	3	"1,90,10000000;1,45386,10;"	0	648	3	"1,90,20000000;1,45386,15;"																						1
1696	34	单充返利	单充返利	0	1	2017/9/25 0:00	2017/9/25 23:59	2017/9/25 0:00	2017/9/25 23:59				5	0	98	3	"1,90,5000000;1,45386,5;"	0	328	3	"1,90,10000000;1,45386,10;"	0	648	3	"1,90,20000000;1,45386,15;"																						1
1697	32	累充送礼	累充送礼	0	1	2017/9/25 0:00	2017/9/29 23:59	2017/9/25 0:00	2017/9/29 23:59				1	0	100	3	"1,90,5000000;1,94,500000;1,91,666;"	0	500	3	"1,90,10000000;1,25008,1;1,16020,1;"	0	1000	3	"1,90,20000000;1,25007,1;0,1314,1,1,1,2;"					0	2000	3	"1,90,40000000;1,25009,1;1,16035,1;"														1
1698	140	稀有植物	稀有植物	0	20	2017/9/25 0:00	2017/9/29 23:59	2017/9/25 0:00	2017/9/29 23:59	"21408,100|21407,100|21406,90|21401,60|21402,60|21405,90|21403,60|21404,60|"			1	0	100	3	"0,1338,1"																														1
1699	147	魔法限购	魔法限购	0	20	2017/9/25 0:00	2017/9/29 23:59	2017/9/25 0:00	2017/9/29 23:59				0	1	"300,80"	0	"1,35001,5;1,35002,5;1,35003,5;1,35004,5;1,35005,5;1,35006,5;1,35007,5;1,35008,5;1,35009,5;"	1	"250,70"	0	"1,45277,5;1,45145,5;1,45181,5;"	1	"150,50"	0	"1,34001,5;1,34002,5;1,34003,5;1,34004,5;1,34005,5;1,34006,5;1,34007,5;1,34008,5;1,34009,5;"																						1
1700	135	惊喜放送	充值领奖(可选择奖励）	0	1	2017/9/29 0:00	2017/10/1 23:59	2017/9/29 0:00	2017/10/1 23:59				6	1	30	4	"1,1,45121,10;2,1,45037,10;3,1,45121,10"	1	98	4	"1,0,1181,1,1,1,0;2,0,1129,1,1,1,0;3,0,1181,1,1,1,0"	1	98	4	"1,0,1013,1,1,1,0;2,0,1265,1,1,1,0;3,0,1013,1,1,1,0"																						1
1701	35	连续充值	连续充值	0	1	2017/9/26 0:00	2017/9/28 23:59	2017/9/26 0:00	2017/9/28 23:59				7	0	98	3	"1,94,8000000;1,60204,800;"	0	98	3	"1,90,5000000;0,1013,1,1,1,0;"	0	98	3	"1,16018,1;1,91,500;"																						1
1702	30	充值返利	充值返利(单次)	0	1	2017/9/30 0:00	2017/10/1 23:59	2017/9/30 0:00	2017/10/1 23:59				5	0	98	3	"1,45362,8;1,45386,5;"	0	198	3	"1,45362,15;1,45386,10;"	0	648	3	"1,45362,20;1,45386,15;"																						0
1703	31	充值返利	充值返利(单次+累计)	0	1	2017/9/30 0:00	2017/10/1 23:59	2017/9/30 0:00	2017/10/1 23:59				1	0	100	3	"1,60204,500;1,91,500;"	0	300	3	"1,60204,800;1,91,1000;"	0	500	3	"1,60204,1000;1,91,2500;"	0	1000	3	"1,60204,2000;1,91,5000;"																	30	1
1704	30	充值返利	充值返利(单次)	0	1	2017/10/6 0:00	2017/10/8 23:59	2017/10/6 0:00	2017/10/8 23:59				5	0	98	3	"1,45362,8;1,45386,5;"	0	198	3	"1,45362,15;1,45386,10;"	0	648	3	"1,45362,20;1,45386,15;"																						0
1705	31	充值返利	充值返利(单次+累计)	0	1	2017/10/6 0:00	2017/10/8 23:59	2017/10/6 0:00	2017/10/8 23:59				1	0	100	3	"1,60204,500;1,91,500;"	0	300	3	"1,60204,800;1,91,1000;"	0	500	3	"1,60204,1000;1,91,2500;"	0	1000	3	"1,60204,2000;1,91,5000;"																	30	1
1706	136	觉醒时刻	累计消耗钻石领奖	0	20	2017/9/30 0:00	2017/10/1 23:59	2017/9/30 0:00	2017/10/1 23:59				2	0	500	3	"1,60204,500;1,45013,5"	0	2000	3	"1,60204,500;1,45013,10"	0	5000	3	"1,60204,1000;1,1,16012,1;"	0	10000	3	"1,60204,2000;1,1,16018,1;"																		1
1707	136	觉醒时刻	累计消耗钻石领奖	0	20	2017/10/7 0:00	2017/10/8 23:59	2017/10/7 0:00	2017/10/8 23:59				2	0	500	3	"1,60204,500;1,45013,5"	0	2000	3	"1,60204,500;1,45013,10"	0	5000	3	"1,60204,1000;1,1,16012,1;"	0	10000	3	"1,60204,2000;1,1,16018,1;"																		1
1708	120	登陆赠礼(登陆赠礼)	活动期间每日登录游戏均可领取奖励	0	20	2017/9/30 0:00	2017/10/1 23:59	2017/9/30 0:00	2017/10/1 23:59				4	0	1	3	"1,90,500000;1,50001,150;1,91,150;"	0	2	3	"1,90,500000;1,50001,150;1,91,150;"																										1
1709	120	登陆赠礼(登陆赠礼)	活动期间每日登录游戏均可领取奖励	0	20	2017/10/2 0:00	2017/10/3 23:59	2017/10/2 0:00	2017/10/3 23:59				4	0	1	3	"1,90,500000;1,50001,150;1,91,150;"	0	2	3	"1,90,500000;1,50001,150;1,91,150;"																										1
1710	34	单充返利	单充返利	0	1	2017/9/30 0:00	2017/9/30 23:59	2017/9/30 0:00	2017/9/30 23:59				5	0	98	3	"1,90,10000000;"	0	328	3	"1,90,25000000;"	0	648	3	"1,90,50000000;"																						1
1711	34	单充返利	单充返利	0	1	2017/10/1 0:00	2017/10/1 23:59	2017/10/1 0:00	2017/10/1 23:59				5	0	98	3	"1,90,10000000;"	0	328	3	"1,90,25000000;"	0	648	3	"1,90,50000000;"																						1
1712	32	累充送礼	累充送礼	0	1	2017/10/2 0:00	2017/10/5 23:59	2017/10/2 0:00	2017/10/5 23:59				1	0	100	3	"1,60204,1000;1,91,666;"	0	500	3	"1,25008,1;0,1386,1,1,1,2;;"	0	1000	3	"1,25007,1;1,16031,1;"					0	1500	3	"1,25009,1;1,16035,1;"														1
1713	32	累充送礼	累充送礼	0	1	2017/10/9 0:00	2017/10/13 23:59	2017/10/9 0:00	2017/10/13 23:59				1	0	100	3	"1,60204,1000;1,91,666;"	0	500	3	"1,25007,1;1,91,1200;1,98,25;"	0	1000	3	"1,25008,1;1,91,2000;1,99,25;"					0	1500	3	"1,25009,1;1,91,3000;1,16035,1;"														1
1714	34	单充返利	单充返利	0	1	2017/10/2 0:00	2017/10/2 23:59	2017/10/2 0:00	2017/10/2 23:59				5	0	98	3	"1,90,10000000;"	0	328	3	"1,90,25000000;"	0	648	3	"1,90,50000000;"																						1
1715	34	单充返利	单充返利	0	1	2017/10/3 0:00	2017/10/3 23:59	2017/10/3 0:00	2017/10/3 23:59				5	0	98	3	"1,90,10000000;"	0	328	3	"1,90,25000000;"	0	648	3	"1,90,50000000;"																						1
1716	140	稀有植物	稀有植物	0	20	2017/10/2 0:00	2017/10/6 23:59	2017/10/2 0:00	2017/10/6 23:59	"21408,100|21407,100|21406,90|21401,60|21402,60|21405,90|21403,60|21404,60|"			1	0	100	3	"0,1338,1"																														1
1717	140	稀有植物	稀有植物	0	20	2017/10/9 0:00	2017/10/13 23:59	2017/10/9 0:00	2017/10/13 23:59	"21408,100|21407,100|21406,90|21401,60|21402,60|21405,90|21403,60|21404,60|"			1	0	100	3	"0,1338,1"																														1
1718	34	单充返利	单充返利	0	1	2017/10/4 0:00	2017/10/4 23:59	2017/10/4 0:00	2017/10/4 23:59				5	0	98	3	"1,90,10000000;"	0	328	3	"1,90,25000000;"	0	648	3	"1,90,50000000;"																						1
1719	34	单充返利	单充返利	0	1	2017/10/5 0:00	2017/10/5 23:59	2017/10/5 0:00	2017/10/5 23:59				5	0	98	3	"1,90,10000000;"	0	328	3	"1,90,25000000;"	0	648	3	"1,90,50000000;"																						1
1720	147	魔法限购	魔法限购	0	20	2017/9/30 0:00	2017/10/6 23:59	2017/9/30 0:00	2017/10/6 23:59				0	1	"300,80"	0	"1,35001,5;1,35002,5;1,35003,5;1,35004,5;1,35005,5;1,35006,5;1,35007,5;1,35008,5;1,35009,5;"	1	"250,70"	0	"1,45277,5;1,45145,5;1,45181,5;"	1	"150,50"	0	"1,34001,5;1,34002,5;1,34003,5;1,34004,5;1,34005,5;1,34006,5;1,34007,5;1,34008,5;1,34009,5;"																						1
1721	147	魔法限购	魔法限购	0	20	2017/10/7 0:00	2017/10/13 23:59	2017/10/7 0:00	2017/10/13 23:59				0	1	"300,80"	0	"1,35001,5;1,35002,5;1,35003,5;1,35004,5;1,35005,5;1,35006,5;1,35007,5;1,35008,5;1,35009,5;"	1	"250,70"	0	"1,45277,5;1,45145,5;1,45181,5;"	1	"150,50"	0	"1,34001,5;1,34002,5;1,34003,5;1,34004,5;1,34005,5;1,34006,5;1,34007,5;1,34008,5;1,34009,5;"																						1
1722	34	单充返利	单充返利	0	1	2017/10/6 0:00	2017/10/6 23:59	2017/10/6 0:00	2017/10/6 23:59				5	0	98	3	"1,90,10000000;"	0	328	3	"1,90,25000000;"	0	648	3	"1,90,50000000;"																						1
1723	34	单充返利	单充返利	0	1	2017/10/7 0:00	2017/10/7 23:59	2017/10/7 0:00	2017/10/7 23:59				5	0	98	3	"1,90,10000000;"	0	328	3	"1,90,25000000;"	0	648	3	"1,90,50000000;"																						1
1724	135	惊喜放送	充值领奖(可选择奖励）	0	1	2017/9/29 0:00	2017/10/1 23:59	2017/9/29 0:00	2017/10/1 23:59				6	1	30	4	"1,1,45121,10;2,1,45037,10;3,1,45121,10"	1	98	4	"1,0,1181,1,1,1,0;2,0,1129,1,1,1,0;3,0,1181,1,1,1,0"	1	98	4	"1,0,1013,1,1,1,0;2,0,1265,1,1,1,0;3,0,1013,1,1,1,0"																						1
1725	135	惊喜放送	充值领奖(可选择奖励）	0	1	2017/10/2 0:00	2017/10/8 23:59	2017/10/2 0:00	2017/10/8 23:59				6	1	30	4	"1,1,45121,10;2,1,45037,10;3,1,45121,10"	1	98	4	"1,0,1181,1,1,1,0;2,0,1129,1,1,1,0;3,0,1181,1,1,1,0"	1	98	4	"1,0,1013,1,1,1,0;2,0,1265,1,1,1,0;3,0,1013,1,1,1,0"																						1
1726	34	单充返利	单充返利	0	1	2017/10/8 0:00	2017/10/8 23:59	2017/10/8 0:00	2017/10/8 23:59				5	0	98	3	"1,90,10000000;"	0	328	3	"1,90,25000000;"	0	648	3	"1,90,50000000;"																						1
1727	34	单充返利	单充返利	0	1	2017/10/10 0:00	2017/10/10 23:59	2017/10/10 0:00	2017/10/10 23:59				5	0	98	3	"1,90,10000000;"	0	328	3	"1,90,25000000;"	0	648	3	"1,90,50000000;"																						1
1728	34	单充返利	单充返利	0	1	2017/10/11 0:00	2017/10/11 23:59	2017/10/11 0:00	2017/10/11 23:59				5	0	98	3	"1,90,10000000;"	0	328	3	"1,90,25000000;"	0	648	3	"1,90,50000000;"																						1
1729	34	单充返利	单充返利	0	1	2017/10/12 0:00	2017/10/12 23:59	2017/10/12 0:00	2017/10/12 23:59				5	0	98	3	"1,90,10000000;"	0	328	3	"1,90,25000000;"	0	648	3	"1,90,50000000;"																						1
1730	135	惊喜放送	充值领奖(可选择奖励）	0	1	2017/10/12 0:00	2017/10/15 23:59	2017/10/12 0:00	2017/10/15 23:59				6	1	30	4	"1,1,45121,10;2,1,45037,10;3,1,45121,10"	1	98	4	"1,0,1181,1,1,1,0;2,0,1129,1,1,1,0;3,0,1181,1,1,1,0"	1	98	4	"1,0,1013,1,1,1,0;2,0,1265,1,1,1,0;3,0,1013,1,1,1,0"																						1
1731	30	充值返利	充值返利(单次)	0	1	2017/10/14 0:00	2017/10/15 23:59	2017/10/14 0:00	2017/10/15 23:59				5	0	98	3	"1,45362,8;1,45386,5;"	0	198	3	"1,45362,15;1,45386,10;"	0	648	3	"1,45362,20;1,45386,15;"																						0
1732	31	充值返利	充值返利(单次+累计)	0	1	2017/10/14 0:00	2017/10/15 23:59	2017/10/14 0:00	2017/10/15 23:59				1	0	100	3	"1,60204,500;1,91,500;"	0	300	3	"1,60204,800;1,91,1000;"	0	500	3	"1,60204,1000;1,91,2500;"	0	1000	3	"1,60204,2000;1,91,5000;"																	30	1
1733	33	金币豪礼(盛开的太阳花)	累充返利	0	1	2017/10/21 0:00	2017/10/22 23:59	2017/10/21 0:00	2017/10/22 23:59				1	0	6	3	"1,90,200000;1,50001,10"	0	30	3	"1,90,500000;1,50001,50"	0	100	3	"1,90,3000000;1,50001,100"	0	200	3	"1,90,5000000;1,50001,240"	0	500	3	"1,90,10000000;1,50001,900"														1
1734	33	金币豪礼(盛开的太阳花)	累充返利	0	1	2017/10/21 0:00	2017/10/22 23:59	2017/10/21 0:00	2017/10/22 23:59				1	0	6	3	"1,90,200000;1,50001,10"	0	30	3	"1,90,500000;1,50001,50"	0	100	3	"1,90,3000000;1,50001,100"	0	200	3	"1,90,5000000;1,50001,240"	0	500	3	"1,90,10000000;1,50001,900"														1
1735	136	觉醒时刻	累计消耗钻石领奖	0	20	2017/10/14 0:00	2017/10/15 23:59	2017/10/14 0:00	2017/10/15 23:59				2	0	500	3	"1,60204,500;1,45013,5"	0	2000	3	"1,60204,500;1,45013,10"	0	5000	3	"1,60204,1000;1,1,16012,1;"	0	10000	3	"1,60204,2000;1,1,16014,1;"																		1
1736	136	觉醒时刻	累计消耗钻石领奖	0	20	2017/10/21 0:00	2017/10/22 23:59	2017/10/21 0:00	2017/10/22 23:59				2	0	500	3	"1,60204,500;1,45013,5"	0	2000	3	"1,60204,500;1,45013,10"	0	5000	3	"1,60204,1000;1,1,16012,1;"	0	10000	3	"1,60204,2000;1,1,16014,1;"																		1
1737	120	登陆赠礼(登陆赠礼)	活动期间每日登录游戏均可领取奖励	0	20	2017/10/14 0:00	2017/10/15 23:59	2017/10/14 0:00	2017/10/15 23:59				4	0	1	3	"1,90,500000;1,50001,150;"	0	2	3	"1,90,500000;1,50001,150;"																										1
1738	120	登陆赠礼(登陆赠礼)	活动期间每日登录游戏均可领取奖励	0	20	2017/10/21 0:00	2017/10/22 23:59	2017/10/21 0:00	2017/10/22 23:59				4	0	1	3	"1,90,500000;1,50001,150;"	0	2	3	"1,90,500000;1,50001,150;"																										1
1739	34	单充返利	单充返利	0	1	2017/10/14 0:00	2017/10/15 23:59	2017/10/14 0:00	2017/10/15 23:59				5	0	98	3	"1,90,10000000;"	0	328	3	"1,90,25000000;"	0	648	3	"1,90,50000000;"																						1
1740	34	单充返利	单充返利	0	1	2017/10/19 0:00	2017/10/20 23:59	2017/10/19 0:00	2017/10/20 23:59				5	0	98	3	"1,90,10000000;"	0	328	3	"1,90,25000000;"	0	648	3	"1,90,50000000;"																						1
1741	34	单充返利	单充返利	0	1	2017/10/21 0:00	2017/10/22 23:59	2017/10/21 0:00	2017/10/22 23:59				5	0	98	3	"1,90,10000000;"	0	328	3	"1,90,25000000;"	0	648	3	"1,90,50000000;"																						1
1742	34	单充返利	单充返利	0	1	2017/10/26 0:00	2017/10/27 23:59	2017/10/26 0:00	2017/10/27 23:59				5	0	98	3	"1,90,10000000;"	0	328	3	"1,90,25000000;"	0	648	3	"1,90,50000000;"																						1
1743	32	累充送礼	累充送礼	0	1	2017/10/16 0:00	2017/10/20 23:59	2017/10/16 0:00	2017/10/20 23:59				1	0	100	3	"1,60204,1000;1,91,666;"	0	500	3	"1,25008,1;1,16018,1;1,91,500;"	0	1000	3	"1,25007,1;0,1386,1,1,1,2;1,91,1000;"					0	1500	3	"1,25009,1;1,16031,1;1,91,2000;"														1
1744	32	累充送礼	累充送礼	0	1	2017/10/23 0:00	2017/10/27 23:59	2017/10/23 0:00	2017/10/27 23:59				1	0	100	3	"1,60204,1000;1,91,666;"	0	500	3	"1,25007,1;1,91,1200;1,16014,1;"	0	1000	3	"1,25008,1;1,91,2000;0,1362,1,1,1,2;"					0	1500	3	"1,25009,1;1,91,3000;1,16035,1;"														1
1745	140	稀有植物	稀有植物	0	20	2017/10/16 0:00	2017/10/20 23:59	2017/10/16 0:00	2017/10/20 23:59	"21408,100|21407,100|21406,90|21401,60|21402,60|21405,90|21403,60|21404,60|"			1	0	100	3	"0,1338,1"																														1
1746	140	稀有植物	稀有植物	0	20	2017/10/23 0:00	2017/10/27 23:59	2017/10/23 0:00	2017/10/27 23:59	"21408,100|21407,100|21406,90|21401,60|21402,60|21405,90|21403,60|21404,60|"			1	0	100	3	"0,1338,1"																														1
1747	147	魔法限购	魔法限购	0	20	2017/10/14 0:00	2017/10/20 23:59	2017/10/14 0:00	2017/10/20 23:59				0	1	"300,80"	0	"1,35001,5;1,35002,5;1,35003,5;1,35004,5;1,35005,5;1,35006,5;1,35007,5;1,35008,5;1,35009,5;"	1	"250,70"	0	"1,45277,5;1,45145,5;1,45181,5;"	1	"150,50"	0	"1,34001,5;1,34002,5;1,34003,5;1,34004,5;1,34005,5;1,34006,5;1,34007,5;1,34008,5;1,34009,5;"																						1
1748	147	魔法限购	魔法限购	0	20	2017/10/21 0:00	2017/10/27 23:59	2017/10/21 0:00	2017/10/27 23:59				0	1	"300,80"	0	"1,35001,5;1,35002,5;1,35003,5;1,35004,5;1,35005,5;1,35006,5;1,35007,5;1,35008,5;1,35009,5;"	1	"250,70"	0	"1,45277,5;1,45145,5;1,45181,5;"	1	"150,50"	0	"1,34001,5;1,34002,5;1,34003,5;1,34004,5;1,34005,5;1,34006,5;1,34007,5;1,34008,5;1,34009,5;"																						1
1749	135	惊喜放送	充值领奖(可选择奖励）	0	1	2017/10/12 0:00	2017/10/15 23:59	2017/10/12 0:00	2017/10/15 23:59				6	1	30	4	"1,1,45121,10;2,1,45037,10;3,1,45121,10"	1	98	4	"1,0,1181,1,1,1,0;2,0,1129,1,1,1,0;3,0,1181,1,1,1,0"	1	98	4	"1,0,1013,1,1,1,0;2,0,1265,1,1,1,0;3,0,1013,1,1,1,0"																						1
1750	135	惊喜放送	充值领奖(可选择奖励）	0	1	2017/10/19 0:00	2017/10/22 23:59	2017/10/19 0:00	2017/10/22 23:59				6	1	30	4	"1,1,45121,10;2,1,45037,10;3,1,45121,10"	1	98	4	"1,0,1181,1,1,1,0;2,0,1129,1,1,1,0;3,0,1181,1,1,1,0"	1	98	4	"1,0,1013,1,1,1,0;2,0,1265,1,1,1,0;3,0,1013,1,1,1,0"																						1
1751	135	惊喜放送	充值领奖(可选择奖励）	0	1	2017/10/26 0:00	2017/10/29 23:59	2017/10/26 0:00	2017/10/29 23:59				6	1	30	4	"1,1,45121,10;2,1,45037,10;3,1,45121,10"	1	98	4	"1,0,1181,1,1,1,0;2,0,1129,1,1,1,0;3,0,1181,1,1,1,0"	1	98	4	"1,0,1013,1,1,1,0;2,0,1265,1,1,1,0;3,0,1013,1,1,1,0"																						1
1752	30	充值返利	充值返利(单次)	0	1	2017/10/28 0:00	2017/10/29 23:59	2017/10/28 0:00	2017/10/29 23:59				5	0	98	3	"1,45362,8;1,45386,5;"	0	198	3	"1,45362,15;1,45386,10;"	0	648	3	"1,45362,20;1,45386,15;"																						0
1753	31	充值返利	充值返利(单次+累计)	0	1	2017/10/28 0:00	2017/10/29 23:59	2017/10/28 0:00	2017/10/29 23:59				1	0	100	3	"1,60204,500;1,91,500;"	0	300	3	"1,60204,800;1,91,1000;"	0	500	3	"1,60204,1000;1,91,2500;"	0	1000	3	"1,60204,2000;1,91,5000;"																	30	1
1754	30	充值返利	充值返利(单次)	0	1	2017/11/3 0:00	2017/11/5 23:59	2017/11/3 0:00	2017/11/5 23:59				5	0	98	3	"1,45362,8;1,45386,5;"	0	198	3	"1,45362,15;1,45386,10;"	0	648	3	"1,45362,20;1,45386,15;"																						0
1755	31	充值返利	充值返利(单次+累计)	0	1	2017/11/3 0:00	2017/11/5 23:59	2017/11/3 0:00	2017/11/5 23:59				1	0	100	3	"1,60204,500;1,91,500;"	0	300	3	"1,60204,800;1,91,1000;"	0	500	3	"1,60204,1000;1,91,2500;"	0	1000	3	"1,60204,2000;1,91,5000;"																	30	1
1756	136	觉醒时刻	累计消耗钻石领奖	0	20	2017/10/28 0:00	2017/10/29 23:59	2017/10/28 0:00	2017/10/29 23:59				2	0	500	3	"1,60204,500;1,45013,5"	0	2000	3	"1,60204,500;1,45013,10"	0	5000	3	"1,60204,1000;1,1,16012,1;"	0	10000	3	"1,60204,2000;1,1,16018,1;"																		1
1757	136	觉醒时刻	累计消耗钻石领奖	0	20	2017/11/4 0:00	2017/11/5 23:59	2017/11/4 0:00	2017/11/5 23:59				2	0	500	3	"1,60204,500;1,45013,5"	0	2000	3	"1,60204,500;1,45013,10"	0	5000	3	"1,60204,1000;1,1,16012,1;"	0	10000	3	"1,60204,2000;1,1,16018,1;"																		1
1758	120	登陆赠礼(登陆赠礼)	活动期间每日登录游戏均可领取奖励	0	20	2017/10/28 0:00	2017/10/29 23:59	2017/10/28 0:00	2017/10/29 23:59				4	0	1	3	"1,90,500000;1,50001,150;"	0	2	3	"1,90,500000;1,50001,150;"																										1
1759	120	登陆赠礼(登陆赠礼)	活动期间每日登录游戏均可领取奖励	0	20	2017/11/4 0:00	2017/11/5 23:59	2017/11/4 0:00	2017/11/5 23:59				4	0	1	3	"1,90,500000;1,50001,150;"	0	2	3	"1,90,500000;1,50001,150;"																										1
1760	34	单充返利	单充返利	0	1	2017/10/28 0:00	2017/10/28 23:59	2017/10/28 0:00	2017/10/28 23:59				5	0	98	3	"1,90,10000000;"	0	328	3	"1,90,25000000;"	0	648	3	"1,90,50000000;"																						1
1761	34	单充返利	单充返利	0	1	2017/10/29 0:00	2017/10/29 23:59	2017/10/29 0:00	2017/10/29 23:59				5	0	98	3	"1,90,10000000;"	0	328	3	"1,90,25000000;"	0	648	3	"1,90,50000000;"																						1
1762	32	累充送礼	累充送礼	0	1	2017/10/30 0:00	2017/11/2 23:59	2017/10/30 0:00	2017/11/2 23:59				1	0	100	3	"1,60204,1000;1,91,666;"	0	500	3	"1,25008,1;1,16014,1;"	0	1000	3	"1,25007,1;0,1386,1,1,1,2;"					0	1500	3	"1,25009,1;1,16035,1;"														1
1763	32	累充送礼	累充送礼	0	1	2017/11/6 0:00	2017/11/10 23:59	2017/11/6 0:00	2017/11/10 23:59				1	0	100	3	"1,90,8000000;1,91,500;"	0	500	3	"1,25007,1;1,90,12000000;1,91,2000;"	0	1000	3	"1,25008,1;1,90,20000000;1,91,4000;"					0	1500	3	"1,25009,1;1,90,30000000;1,16035,1;"														1
1764	34	单充返利	单充返利	0	1	2017/10/31 0:00	2017/10/31 23:59	2017/10/31 0:00	2017/10/31 23:59				5	0	98	3	"1,90,10000000;"	0	328	3	"1,90,25000000;"	0	648	3	"1,90,50000000;"																						1
1765	34	单充返利	单充返利	0	1	2017/11/1 0:00	2017/11/1 23:59	2017/11/1 0:00	2017/11/1 23:59				5	0	98	3	"1,90,10000000;"	0	328	3	"1,90,25000000;"	0	648	3	"1,90,50000000;"																						1
1766	140	稀有植物	稀有植物	0	20	2017/10/30 0:00	2017/11/3 23:59	2017/10/30 0:00	2017/11/3 23:59	"21408,100|21407,100|21406,90|21401,60|21402,60|21405,90|21403,60|21404,60|"			1	0	100	3	"0,1338,1"																														1
1767	140	稀有植物	稀有植物	0	20	2017/11/6 0:00	2017/11/10 23:59	2017/11/6 0:00	2017/11/10 23:59	"21408,100|21407,100|21406,90|21401,60|21402,60|21405,90|21403,60|21404,60|"			1	0	100	3	"0,1338,1"																														1
1768	34	单充返利	单充返利	0	1	2017/11/2 0:00	2017/11/2 23:59	2017/11/2 0:00	2017/11/2 23:59				5	0	98	3	"1,90,10000000;"	0	328	3	"1,90,25000000;"	0	648	3	"1,90,50000000;"																						1
1769	34	单充返利	单充返利	0	1	2017/11/3 0:00	2017/11/3 23:59	2017/11/3 0:00	2017/11/3 23:59				5	0	98	3	"1,90,10000000;"	0	328	3	"1,90,25000000;"	0	648	3	"1,90,50000000;"																						1
1770	147	魔法限购	魔法限购	0	20	2017/10/28 0:00	2017/11/3 23:59	2017/10/28 0:00	2017/11/3 23:59				0	1	"300,80"	0	"1,35001,5;1,35002,5;1,35003,5;1,35004,5;1,35005,5;1,35006,5;1,35007,5;1,35008,5;1,35009,5;"	1	"250,70"	0	"1,45277,5;1,45145,5;1,45181,5;"	1	"150,50"	0	"1,34001,5;1,34002,5;1,34003,5;1,34004,5;1,34005,5;1,34006,5;1,34007,5;1,34008,5;1,34009,5;"																						1
1771	147	魔法限购	魔法限购	0	20	2017/11/4 0:00	2017/11/10 23:59	2017/11/4 0:00	2017/11/10 23:59				0	1	"300,80"	0	"1,35001,5;1,35002,5;1,35003,5;1,35004,5;1,35005,5;1,35006,5;1,35007,5;1,35008,5;1,35009,5;"	1	"250,70"	0	"1,45277,5;1,45145,5;1,45181,5;"	1	"150,50"	0	"1,34001,5;1,34002,5;1,34003,5;1,34004,5;1,34005,5;1,34006,5;1,34007,5;1,34008,5;1,34009,5;"																						1
1772	34	单充返利	单充返利	0	1	2017/11/4 0:00	2017/11/4 23:59	2017/11/4 0:00	2017/11/4 23:59				5	0	98	3	"1,90,10000000;"	0	328	3	"1,90,25000000;"	0	648	3	"1,90,50000000;"																						1
1773	34	单充返利	单充返利	0	1	2017/11/5 0:00	2017/11/5 23:59	2017/11/5 0:00	2017/11/5 23:59				5	0	98	3	"1,90,10000000;"	0	328	3	"1,90,25000000;"	0	648	3	"1,90,50000000;"																						1
1774	135	惊喜放送	充值领奖(可选择奖励）	0	1	2017/11/1 0:00	2017/11/5 23:59	2017/11/1 0:00	2017/11/5 23:59				6	1	30	4	"1,1,45121,10;2,1,45037,10;3,1,45121,10"	1	98	4	"1,0,1181,1,1,1,0;2,0,1129,1,1,1,0;3,0,1181,1,1,1,0"	1	98	4	"1,0,1013,1,1,1,0;2,0,1265,1,1,1,0;3,0,1013,1,1,1,0"																						1
1775	135	惊喜放送	充值领奖(可选择奖励）	0	1	2017/11/9 0:00	2017/11/12 23:59	2017/11/9 0:00	2017/11/12 23:59				6	1	30	4	"1,1,45121,10;2,1,45037,10;3,1,45121,10"	1	98	4	"1,0,1181,1,1,1,0;2,0,1129,1,1,1,0;3,0,1181,1,1,1,0"	1	98	4	"1,0,1013,1,1,1,0;2,0,1265,1,1,1,0;3,0,1013,1,1,1,0"																						1
1776	34	单充返利	单充返利	0	1	2017/11/8 0:00	2017/11/8 23:59	2017/11/8 0:00	2017/11/8 23:59				5	0	98	3	"1,90,10000000;"	0	328	3	"1,90,25000000;"	0	648	3	"1,90,50000000;"																						1
1777	34	单充返利	单充返利	0	1	2017/11/9 0:00	2017/11/9 23:59	2017/11/9 0:00	2017/11/9 23:59				5	0	98	3	"1,90,10000000;"	0	328	3	"1,90,25000000;"	0	648	3	"1,90,50000000;"																						1
1778	34	单充返利	单充返利	0	1	2017/11/10 0:00	2017/11/10 23:59	2017/11/10 0:00	2017/11/10 23:59				5	0	98	3	"1,90,10000000;"	0	328	3	"1,90,25000000;"	0	648	3	"1,90,50000000;"																						1
1779	30	充值返利	充值返利(单次)	0	1	2017/11/11 0:00	2017/11/12 23:59	2017/11/11 0:00	2017/11/12 23:59				5	0	98	3	"1,60204,1000;"	0	198	3	"1,45350,40;"	0	648	3	"1,45386,50;"																						0
1780	31	充值返利	充值返利(单次+累计)	0	1	2017/11/11 0:00	2017/11/12 23:59	2017/11/11 0:00	2017/11/12 23:59				1	0	100	3	"1,60204,500;1,91,500;"	0	300	3	"1,60204,800;1,91,1000;"	0	500	3	"1,60204,1000;1,91,2500;"	0	1000	3	"1,60204,2000;1,91,5000;"																	30	1
1781	30	充值返利	充值返利(单次)	0	1	2017/11/18 0:00	2017/11/19 23:59	2017/11/18 0:00	2017/11/19 23:59				5	0	98	3	"1,60204,1000;"	0	198	3	"1,45350,40;"	0	648	3	"1,45386,50;"																						0
1782	31	充值返利	充值返利(单次+累计)	0	1	2017/11/18 0:00	2017/11/19 23:59	2017/11/18 0:00	2017/11/19 23:59				1	0	100	3	"1,60204,500;1,91,500;"	0	300	3	"1,60204,800;1,91,1000;"	0	500	3	"1,60204,1000;1,91,2500;"	0	1000	3	"1,60204,2000;1,91,5000;"																	30	1
1783	136	觉醒时刻	累计消耗钻石领奖	0	20	2017/11/11 0:00	2017/11/12 23:59	2017/11/11 0:00	2017/11/12 23:59				2	0	500	3	"1,60204,500;1,45013,5"	0	2000	3	"1,60204,500;1,45013,10"	0	5000	3	"1,60204,1000;1,1,16012,1;"	0	10000	3	"1,60204,2000;1,1,16018,1;"																		1
1784	136	觉醒时刻	累计消耗钻石领奖	0	20	2017/11/18 0:00	2017/11/19 23:59	2017/11/18 0:00	2017/11/19 23:59				2	0	500	3	"1,60204,500;1,45013,5"	0	2000	3	"1,60204,500;1,45013,10"	0	5000	3	"1,60204,1000;1,1,16012,1;"	0	10000	3	"1,60204,2000;1,1,16018,1;"																		1
1785	120	登陆赠礼(登陆赠礼)	活动期间每日登录游戏均可领取奖励	0	20	2017/11/11 0:00	2017/11/12 23:59	2017/11/11 0:00	2017/11/12 23:59				4	0	1	3	"1,90,500000;1,50001,150;1,91,150;"	0	2	3	"1,90,500000;1,50001,150;1,91,150;"																										1
1786	120	登陆赠礼(登陆赠礼)	活动期间每日登录游戏均可领取奖励	0	20	2017/11/18 0:00	2017/11/19 23:59	2017/11/18 0:00	2017/11/19 23:59				4	0	1	3	"1,90,500000;1,50001,150;"	0	2	3	"1,90,500000;1,50001,150;"																										1
1787	34	单充返利	单充返利	0	1	2017/11/11 0:00	2017/11/12 23:59	2017/11/11 0:00	2017/11/12 23:59				5	0	98	3	"1,90,10000000;"	0	328	3	"1,90,25000000;"	0	648	3	"1,90,50000000;"																						1
1788	32	累充送礼	累充送礼	0	1	2017/11/13 0:00	2017/11/17 23:59	2017/11/13 0:00	2017/11/17 23:59				1	0	100	3	"1,60204,1000;1,90,8000000;"	0	500	3	"1,25008,1;1,91,3000;"	0	1000	3	"1,25007,1;1,91,8000;"					0	1500	3	"1,25009,1;1,91,15000;"														1
1789	32	累充送礼	累充送礼	0	1	2017/11/20 0:00	2017/11/24 23:59	2017/11/20 0:00	2017/11/24 23:59				1	0	100	3	"1,90,8000000;1,91,500;"	0	500	3	"1,25007,1;0,1386,1,1,1,2;"	0	1000	3	"1,25008,1;1,16030,1;"					0	1500	3	"1,25009,1;1,16031,1;"														1
1790	34	单充返利	单充返利	0	1	2017/11/14 0:00	2017/11/15 23:59	2017/11/14 0:00	2017/11/15 23:59				5	0	98	3	"1,90,10000000;"	0	328	3	"1,90,25000000;"	0	648	3	"1,90,50000000;"																						1
1791	34	单充返利	单充返利	0	1	2017/11/16 0:00	2017/11/17 23:59	2017/11/16 0:00	2017/11/17 23:59				5	0	98	3	"1,90,10000000;"	0	328	3	"1,90,25000000;"	0	648	3	"1,90,50000000;"																						1
1792	140	稀有植物	稀有植物	0	20	2017/11/13 0:00	2017/11/17 23:59	2017/11/13 0:00	2017/11/17 23:59	"21408,100|21407,100|21406,90|21401,60|21402,60|21405,90|21403,60|21404,60|"			1	0	100	3	"0,1338,1"																														1
1793	140	稀有植物	稀有植物	0	20	2017/11/20 0:00	2017/11/24 23:59	2017/11/20 0:00	2017/11/24 23:59	"21408,100|21407,100|21406,90|21401,60|21402,60|21405,90|21403,60|21404,60|"			1	0	100	3	"0,1338,1"																														1
1794	34	单充返利	单充返利	0	1	2017/11/18 0:00	2017/11/19 23:59	2017/11/18 0:00	2017/11/19 23:59				5	0	98	3	"1,90,10000000;"	0	328	3	"1,90,25000000;"	0	648	3	"1,90,50000000;"																						1
1795	34	单充返利	单充返利	0	1	2017/11/21 0:00	2017/11/22 23:59	2017/11/21 0:00	2017/11/22 23:59				5	0	98	3	"1,90,10000000;"	0	328	3	"1,90,25000000;"	0	648	3	"1,90,50000000;"																						1
1796	147	魔法限购	魔法限购	0	20	2017/11/11 0:00	2017/11/17 23:59	2017/11/11 0:00	2017/11/17 23:59				0	1	"300,80"	0	"1,35001,5;1,35002,5;1,35003,5;1,35004,5;1,35005,5;1,35006,5;1,35007,5;1,35008,5;1,35009,5;"	1	"250,70"	0	"1,45277,5;1,45145,5;1,45181,5;"	1	"150,50"	0	"1,34001,5;1,34002,5;1,34003,5;1,34004,5;1,34005,5;1,34006,5;1,34007,5;1,34008,5;1,34009,5;"																						1
1797	147	魔法限购	魔法限购	0	20	2017/11/18 0:00	2017/11/24 23:59	2017/11/18 0:00	2017/11/24 23:59				0	1	"300,80"	0	"1,35001,5;1,35002,5;1,35003,5;1,35004,5;1,35005,5;1,35006,5;1,35007,5;1,35008,5;1,35009,5;"	1	"250,70"	0	"1,45277,5;1,45145,5;1,45181,5;"	1	"150,50"	0	"1,34001,5;1,34002,5;1,34003,5;1,34004,5;1,34005,5;1,34006,5;1,34007,5;1,34008,5;1,34009,5;"																						1
1798	34	单充返利	单充返利	0	1	2017/11/23 0:00	2017/11/24 23:59	2017/11/23 0:00	2017/11/24 23:59				5	0	98	3	"1,90,10000000;"	0	328	3	"1,90,25000000;"	0	648	3	"1,90,50000000;"																						1
1799	135	惊喜放送	充值领奖(可选择奖励）	0	1	2017/11/16 0:00	2017/11/19 23:59	2017/11/16 0:00	2017/11/19 23:59				6	1	30	4	"1,1,45121,10;2,1,45037,10;3,1,45121,10"	1	98	4	"1,0,1181,1,1,1,0;2,0,1129,1,1,1,0;3,0,1181,1,1,1,0"	1	98	4	"1,0,1013,1,1,1,0;2,0,1265,1,1,1,0;3,0,1013,1,1,1,0"																						1
1800	135	惊喜放送	充值领奖(可选择奖励）	0	1	2017/11/23 0:00	2017/11/26 23:59	2017/11/23 0:00	2017/11/26 23:59				6	1	30	4	"1,1,45121,10;2,1,45037,10;3,1,45121,10"	1	98	4	"1,0,1181,1,1,1,0;2,0,1129,1,1,1,0;3,0,1181,1,1,1,0"	1	98	4	"1,0,1013,1,1,1,0;2,0,1265,1,1,1,0;3,0,1013,1,1,1,0"																						1
1801	30	充值返利	充值返利(单次)	0	1	2017/11/25 0:00	2017/11/26 23:59	2017/11/25 0:00	2017/11/26 23:59				5	0	98	3	"1,60204,1000;"	0	198	3	"1,45362,40;"	0	648	3	"1,45386,50;"																						0
1802	31	充值返利	充值返利(单次+累计)	0	1	2017/11/25 0:00	2017/11/26 23:59	2017/11/25 0:00	2017/11/26 23:59				1	0	100	3	"1,60204,500;1,91,500;"	0	300	3	"1,60204,800;1,91,1000;"	0	500	3	"1,60204,1000;1,91,2500;"	0	1000	3	"1,60204,2000;1,91,5000;"																	30	1
1803	30	充值返利	充值返利(单次)	0	1	2017/12/1 0:00	2017/12/3 23:59	2017/12/1 0:00	2017/12/3 23:59				5	0	98	3	"1,60204,1000;"	0	198	3	"1,45362,40;"	0	648	3	"1,45386,50;"																						0
1804	31	充值返利	充值返利(单次+累计)	0	1	2017/12/1 0:00	2017/12/3 23:59	2017/12/1 0:00	2017/12/3 23:59				1	0	100	3	"1,60204,500;1,91,500;"	0	300	3	"1,60204,800;1,91,1000;"	0	500	3	"1,60204,1000;1,91,2500;"	0	1000	3	"1,60204,2000;1,91,5000;"																	30	1
1805	136	觉醒时刻	累计消耗钻石领奖	0	20	2017/11/25 0:00	2017/11/26 23:59	2017/11/25 0:00	2017/11/26 23:59				2	0	500	3	"1,60204,500;1,45013,5"	0	2000	3	"1,60204,500;1,45013,10"	0	5000	3	"1,60204,1000;1,1,16012,1;"	0	10000	3	"1,60204,2000;1,1,16018,1;"																		1
1806	136	觉醒时刻	累计消耗钻石领奖	0	20	2017/12/2 0:00	2017/12/3 23:59	2017/12/2 0:00	2017/12/3 23:59				2	0	500	3	"1,60204,500;1,45013,5"	0	2000	3	"1,60204,500;1,45013,10"	0	5000	3	"1,60204,1000;1,1,16012,1;"	0	10000	3	"1,60204,2000;1,1,16018,1;"																		1
1807	120	登陆赠礼(登陆赠礼)	活动期间每日登录游戏均可领取奖励	0	20	2017/11/25 0:00	2017/11/26 23:59	2017/11/25 0:00	2017/11/26 23:59				4	0	1	3	"1,90,500000;1,50001,150;1,91,150;"	0	2	3	"1,90,500000;1,50001,150;1,91,150;"																										1
1808	120	登陆赠礼(登陆赠礼)	活动期间每日登录游戏均可领取奖励	0	20	2017/12/2 0:00	2017/12/3 23:59	2017/12/2 0:00	2017/12/3 23:59				4	0	1	3	"1,90,500000;1,50001,150;"	0	2	3	"1,90,500000;1,50001,150;"																										1
1809	34	单充返利	单充返利	0	1	2017/11/25 0:00	2017/11/26 23:59	2017/11/25 0:00	2017/11/26 23:59				5	0	98	3	"1,90,10000000;"	0	328	3	"1,90,25000000;"	0	648	3	"1,90,50000000;"																						1
1810	32	累充送礼	累充送礼	0	1	2017/11/27 0:00	2017/11/30 23:59	2017/11/27 0:00	2017/11/30 23:59				1	0	100	3	"1,60204,1000;1,90,8000000;"	0	500	3	"1,25008,1;1,91,3000;"	0	1000	3	"1,25007,1;1,91,8000;"					0	1500	3	"1,25009,1;1,91,15000;"														1
1811	32	累充送礼	累充送礼	0	1	2017/12/4 0:00	2017/12/8 23:59	2017/12/4 0:00	2017/12/8 23:59				1	0	100	3	"1,90,8000000;1,91,500;"	0	500	3	"1,25007,1;0,1386,1,1,1,2;"	0	1000	3	"1,25008,1;1,16030,1;"					0	1500	3	"1,25009,1;1,16031,1;"														1
1812	34	单充返利	单充返利	0	1	2017/11/27 0:00	2017/11/29 23:59	2017/11/27 0:00	2017/11/29 23:59				5	0	98	3	"1,90,10000000;"	0	328	3	"1,90,25000000;"	0	648	3	"1,90,50000000;"																						1
1813	34	单充返利	单充返利	0	1	2017/11/30 0:00	2017/12/1 23:59	2017/11/30 0:00	2017/12/1 23:59				5	0	98	3	"1,90,10000000;"	0	328	3	"1,90,25000000;"	0	648	3	"1,90,50000000;"																						1
1814	140	稀有植物	稀有植物	0	20	2017/11/27 0:00	2017/12/1 23:59	2017/11/27 0:00	2017/12/1 23:59	"21408,100|21407,100|21406,90|21401,60|21402,60|21405,90|21403,60|21404,60|"			1	0	100	3	"0,1338,1"																														1
1815	140	稀有植物	稀有植物	0	20	2017/12/4 0:00	2017/12/8 23:59	2017/12/4 0:00	2017/12/8 23:59	"21408,100|21407,100|21406,90|21401,60|21402,60|21405,90|21403,60|21404,60|"			1	0	100	3	"0,1338,1"																														1
1816	34	单充返利	单充返利	0	1	2017/12/2 0:00	2017/12/3 23:59	2017/12/2 0:00	2017/12/3 23:59				5	0	98	3	"1,90,10000000;"	0	328	3	"1,90,25000000;"	0	648	3	"1,90,50000000;"																						1
1817	34	单充返利	单充返利	0	1	2017/12/4 0:00	2017/12/6 23:59	2017/12/4 0:00	2017/12/6 23:59				5	0	98	3	"1,90,10000000;"	0	328	3	"1,90,25000000;"	0	648	3	"1,90,50000000;"																						1
1818	147	魔法限购	魔法限购	0	20	2017/11/25 0:00	2017/12/1 23:59	2017/11/25 0:00	2017/12/1 23:59				0	1	"300,80"	0	"1,35001,5;1,35002,5;1,35003,5;1,35004,5;1,35005,5;1,35006,5;1,35007,5;1,35008,5;1,35009,5;"	1	"250,70"	0	"1,45277,5;1,45145,5;1,45181,5;"	1	"150,50"	0	"1,34001,5;1,34002,5;1,34003,5;1,34004,5;1,34005,5;1,34006,5;1,34007,5;1,34008,5;1,34009,5;"																						1
1819	147	魔法限购	魔法限购	0	20	2017/12/2 0:00	2017/12/8 23:59	2017/12/2 0:00	2017/12/8 23:59				0	1	"300,80"	0	"1,35001,5;1,35002,5;1,35003,5;1,35004,5;1,35005,5;1,35006,5;1,35007,5;1,35008,5;1,35009,5;"	1	"250,70"	0	"1,45277,5;1,45145,5;1,45181,5;"	1	"150,50"	0	"1,34001,5;1,34002,5;1,34003,5;1,34004,5;1,34005,5;1,34006,5;1,34007,5;1,34008,5;1,34009,5;"																						1
1820	34	单充返利	单充返利	0	1	2017/12/7 0:00	2017/12/8 23:59	2017/12/7 0:00	2017/12/8 23:59				5	0	98	3	"1,90,10000000;"	0	328	3	"1,90,25000000;"	0	648	3	"1,90,50000000;"																						1
1821	135	惊喜放送	充值领奖(可选择奖励）	0	1	2017/11/30 0:00	2017/12/3 23:59	2017/11/30 0:00	2017/12/3 23:59				6	1	30	4	"1,1,45121,10;2,1,45037,10;3,1,45121,10"	1	98	4	"1,0,1181,1,1,1,0;2,0,1129,1,1,1,0;3,0,1181,1,1,1,0"	1	98	4	"1,0,1013,1,1,1,0;2,0,1265,1,1,1,0;3,0,1013,1,1,1,0"																						1
1822	135	惊喜放送	充值领奖(可选择奖励）	0	1	2017/12/7 0:00	2017/12/10 23:59	2017/12/7 0:00	2017/12/10 23:59				6	1	30	4	"1,1,45121,10;2,1,45037,10;3,1,45121,10"	1	98	4	"1,0,1181,1,1,1,0;2,0,1129,1,1,1,0;3,0,1181,1,1,1,0"	1	98	4	"1,0,1013,1,1,1,0;2,0,1265,1,1,1,0;3,0,1013,1,1,1,0"																						1
1823	30	充值返利	充值返利(单次)	0	1	2017/12/9 0:00	2017/12/10 23:59	2017/12/9 0:00	2017/12/10 23:59				5	0	98	3	"1,60204,1000;"	0	198	3	"1,45362,40;"	0	648	3	"1,45386,50;"																						0
1824	31	充值返利	充值返利(单次+累计)	0	1	2017/12/9 0:00	2017/12/10 23:59	2017/12/9 0:00	2017/12/10 23:59				1	0	100	3	"1,60204,500;1,91,500;"	0	300	3	"1,60204,800;1,91,1000;"	0	500	3	"1,60204,1000;1,91,2500;"	0	1000	3	"1,60204,2000;1,91,5000;"																	30	1
1825	30	充值返利	充值返利(单次)	0	1	2017/12/15 0:00	2017/12/17 23:59	2017/12/15 0:00	2017/12/17 23:59				5	0	98	3	"1,60204,1000;"	0	198	3	"1,45362,40;"	0	648	3	"1,45386,50;"																						0
1826	31	充值返利	充值返利(单次+累计)	0	1	2017/12/15 0:00	2017/12/17 23:59	2017/12/15 0:00	2017/12/17 23:59				1	0	100	3	"1,60204,500;1,91,500;"	0	300	3	"1,60204,800;1,91,1000;"	0	500	3	"1,60204,1000;1,91,2500;"	0	1000	3	"1,60204,2000;1,91,5000;"																	30	1
1827	136	觉醒时刻	累计消耗钻石领奖	0	20	2017/12/9 0:00	2017/12/10 23:59	2017/12/9 0:00	2017/12/10 23:59				2	0	500	3	"1,60204,500;1,45013,5"	0	2000	3	"1,60204,500;1,45013,10"	0	5000	3	"1,60204,1000;1,1,16012,1;"	0	10000	3	"1,60204,2000;1,1,16018,1;"																		1
1828	136	觉醒时刻	累计消耗钻石领奖	0	20	2017/12/16 0:00	2017/12/17 23:59	2017/12/16 0:00	2017/12/17 23:59				2	0	500	3	"1,60204,500;1,45013,5"	0	2000	3	"1,60204,500;1,45013,10"	0	5000	3	"1,60204,1000;1,1,16012,1;"	0	10000	3	"1,60204,2000;1,1,16018,1;"																		1
1829	120	登陆赠礼(登陆赠礼)	活动期间每日登录游戏均可领取奖励	0	20	2017/12/9 0:00	2017/12/10 23:59	2017/12/9 0:00	2017/12/10 23:59				4	0	1	3	"1,90,500000;1,50001,150;1,91,150;"	0	2	3	"1,90,500000;1,50001,150;1,91,150;"																										1
1830	120	登陆赠礼(登陆赠礼)	活动期间每日登录游戏均可领取奖励	0	20	2017/12/16 0:00	2017/12/17 23:59	2017/12/16 0:00	2017/12/17 23:59				4	0	1	3	"1,90,500000;1,50001,150;"	0	2	3	"1,90,500000;1,50001,150;"																										1
1831	34	单充返利	单充返利	0	1	2017/12/9 0:00	2017/12/10 23:59	2017/12/9 0:00	2017/12/10 23:59				5	0	98	3	"1,90,10000000;"	0	328	3	"1,90,25000000;"	0	648	3	"1,90,50000000;"																						1
1832	32	累充送礼	累充送礼	0	1	2017/12/11 0:00	2017/12/14 23:59	2017/12/11 0:00	2017/12/14 23:59				1	0	100	3	"1,91,333;1,90,5000000;1,16018,1;"	0	500	3	"1,25008,1;1,90,10000000;1,16028,1;"	0	1000	3	"1,25007,1;1,90,30000000;0,1362,1,1,1,2;"					0	1500	3	"1,25009,1;1,90,30000000;1,16031,1;"														1
1833	32	累充送礼	累充送礼	0	1	2017/12/18 0:00	2017/12/22 23:59	2017/12/18 0:00	2017/12/22 23:59				1	0	100	3	"1,90,8000000;1,91,500;"	0	500	3	"1,25007,1;0,1386,1,1,1,2;"	0	1000	3	"1,25008,1;1,16030,1;"					0	1500	3	"1,25009,1;1,16031,1;"														1
1834	34	单充返利	单充返利	0	1	2017/12/11 0:00	2017/12/13 23:59	2017/12/11 0:00	2017/12/13 23:59				5	0	98	3	"1,60204,500;"	0	328	3	"1,60204,2000;"	0	648	3	"1,60204,4000;"																						1
1835	34	单充返利	单充返利	0	1	2017/12/14 0:00	2017/12/15 23:59	2017/12/14 0:00	2017/12/15 23:59				5	0	98	3	"1,90,10000000;"	0	328	3	"1,90,25000000;"	0	648	3	"1,90,50000000;"																						1
1836	140	稀有植物	稀有植物	0	20	2017/12/11 0:00	2017/12/15 23:59	2017/12/11 0:00	2017/12/15 23:59	"21408,100|21407,100|21406,90|21401,60|21402,60|21405,90|21403,60|21404,60|"			1	0	100	3	"0,1338,1"																														1
1837	140	稀有植物	稀有植物	0	20	2017/12/18 0:00	2017/12/22 23:59	2017/12/18 0:00	2017/12/22 23:59	"21408,100|21407,100|21406,90|21401,60|21402,60|21405,90|21403,60|21404,60|"			1	0	100	3	"0,1338,1"																														1
1838	34	单充返利	单充返利	0	1	2017/12/16 0:00	2017/12/17 23:59	2017/12/16 0:00	2017/12/17 23:59				5	0	98	3	"1,90,10000000;"	0	328	3	"1,90,25000000;"	0	648	3	"1,90,50000000;"																						1
1839	34	单充返利	单充返利	0	1	2017/12/18 0:00	2017/12/20 23:59	2017/12/18 0:00	2017/12/20 23:59				5	0	98	3	"1,90,10000000;"	0	328	3	"1,90,25000000;"	0	648	3	"1,90,50000000;"																						1
1840	147	魔法限购	魔法限购	0	20	2017/12/9 0:00	2017/12/15 23:59	2017/12/9 0:00	2017/12/15 23:59				0	1	"300,80"	0	"1,35001,5;1,35002,5;1,35003,5;1,35004,5;1,35005,5;1,35006,5;1,35007,5;1,35008,5;1,35009,5;"	1	"250,70"	0	"1,45277,5;1,45145,5;1,45181,5;"	1	"150,50"	0	"1,34001,5;1,34002,5;1,34003,5;1,34004,5;1,34005,5;1,34006,5;1,34007,5;1,34008,5;1,34009,5;"																						1
1841	147	魔法限购	魔法限购	0	20	2017/12/16 0:00	2017/12/22 23:59	2017/12/16 0:00	2017/12/22 23:59				0	1	"300,80"	0	"1,35001,5;1,35002,5;1,35003,5;1,35004,5;1,35005,5;1,35006,5;1,35007,5;1,35008,5;1,35009,5;"	1	"250,70"	0	"1,45277,5;1,45145,5;1,45181,5;"	1	"150,50"	0	"1,34001,5;1,34002,5;1,34003,5;1,34004,5;1,34005,5;1,34006,5;1,34007,5;1,34008,5;1,34009,5;"																						1
1842	34	单充返利	单充返利	0	1	2017/12/21 0:00	2017/12/22 23:59	2017/12/21 0:00	2017/12/22 23:59				5	0	98	3	"1,90,10000000;"	0	328	3	"1,90,25000000;"	0	648	3	"1,90,50000000;"																						1
1843	135	惊喜放送	充值领奖(可选择奖励）	0	1	2017/12/14 0:00	2017/12/17 23:59	2017/12/14 0:00	2017/12/17 23:59				6	1	30	4	"1,1,45121,10;2,1,45037,10;3,1,45121,10"	1	98	4	"1,0,1181,1,1,1,0;2,0,1129,1,1,1,0;3,0,1181,1,1,1,0"	1	98	4	"1,0,1013,1,1,1,0;2,0,1265,1,1,1,0;3,0,1013,1,1,1,0"																						1
1844	135	惊喜放送	充值领奖(可选择奖励）	0	1	2017/12/21 0:00	2017/12/24 23:59	2017/12/21 0:00	2017/12/24 23:59				6	1	30	4	"1,1,45121,10;2,1,45037,10;3,1,45121,10"	1	98	4	"1,0,1181,1,1,1,0;2,0,1129,1,1,1,0;3,0,1181,1,1,1,0"	1	98	4	"1,0,1013,1,1,1,0;2,0,1265,1,1,1,0;3,0,1013,1,1,1,0"																						1
1845	30	充值返利	充值返利(单次)	0	1	2017/12/23 0:00	2017/12/24 23:59	2017/12/23 0:00	2017/12/24 23:59				5	0	98	3	"1,60204,1000;"	0	198	3	"1,45362,40;"	0	648	3	"1,45386,50;"																						0
1846	31	充值返利	充值返利(单次+累计)	0	1	2017/12/23 0:00	2017/12/24 23:59	2017/12/23 0:00	2017/12/24 23:59				1	0	100	3	"1,60204,500;1,91,500;"	0	300	3	"1,60204,800;1,91,1000;"	0	500	3	"1,60204,1000;1,91,2500;"	0	1000	3	"1,60204,2000;1,91,5000;"																	30	1
1847	30	充值返利	充值返利(单次)	0	1	2017/12/29 0:00	2017/12/31 23:59	2017/12/29 0:00	2017/12/31 23:59				5	0	98	3	"1,60204,1000;"	0	198	3	"1,45362,40;"	0	648	3	"1,45386,50;"																						0
1848	31	充值返利	充值返利(单次+累计)	0	1	2017/12/29 0:00	2017/12/31 23:59	2017/12/29 0:00	2017/12/31 23:59				1	0	100	3	"1,60204,500;1,91,500;"	0	300	3	"1,60204,800;1,91,1000;"	0	500	3	"1,60204,1000;1,91,2500;"	0	1000	3	"1,60204,2000;1,91,5000;"																	30	1
1849	33	金币豪礼(盛开的太阳花)	累充返利	0	1	2017/12/23 0:00	2017/12/24 23:59	2017/12/23 0:00	2017/12/24 23:59				1	0	6	3	"1,90,200000;1,50001,10"	0	30	3	"1,90,500000;1,50001,50"	0	100	3	"1,90,3000000;1,50001,100"	0	200	3	"1,90,5000000;1,50001,240"	0	500	3	"1,90,10000000;1,50001,500"														1
1850	33	金币豪礼(盛开的太阳花)	累充返利	0	1	2017/12/25 0:00	2017/12/26 23:59	2017/12/25 0:00	2017/12/26 23:59				1	0	6	3	"1,90,200000;1,50001,10"	0	30	3	"1,90,500000;1,50001,50"	0	100	3	"1,90,3000000;1,50001,100"	0	200	3	"1,90,5000000;1,50001,240"	0	500	3	"1,90,10000000;1,50001,500"														1
1851	33	金币豪礼(盛开的太阳花)	累充返利	0	1	2018/1/1 0:00	2018/1/3 23:59	2018/1/1 0:00	2018/1/3 23:59				1	0	6	3	"1,90,200000;1,50001,10"	0	30	3	"1,90,500000;1,50001,50"	0	100	3	"1,90,3000000;1,50001,100"	0	200	3	"1,90,5000000;1,50001,240"	0	500	3	"1,90,10000000;1,50001,500"														1
1852	33	金币豪礼(盛开的太阳花)	累充返利	0	1	2018/1/6 0:00	2018/1/7 23:59	2018/1/6 0:00	2018/1/7 23:59				1	0	6	3	"1,90,200000;1,50001,10"	0	30	3	"1,90,500000;1,50001,50"	0	100	3	"1,90,3000000;1,50001,100"	0	200	3	"1,90,5000000;1,50001,240"	0	500	3	"1,90,10000000;1,50001,900"														1
1853	136	觉醒时刻	累计消耗钻石领奖	0	20	2017/12/23 0:00	2017/12/24 23:59	2017/12/23 0:00	2017/12/24 23:59				2	0	500	3	"1,60204,500;1,45169,5"	0	2000	3	"1,60204,500;1,45169,10"	0	5000	3	"1,60204,1000;1,1,16008,1;"	0	10000	3	"1,60204,2000;1,1,16014,1;"																		1
1854	136	觉醒时刻	累计消耗钻石领奖	0	20	2017/12/30 0:00	2017/12/31 23:59	2017/12/30 0:00	2017/12/31 23:59				2	0	500	3	"1,60204,500;1,45169,5"	0	2000	3	"1,60204,500;1,45169,10"	0	5000	3	"1,60204,1000;1,1,16008,1;"	0	10000	3	"1,60204,2000;1,1,16014,1;"																		1
1855	136	觉醒时刻	累计消耗钻石领奖	0	20	2018/1/6 0:00	2018/1/7 23:59	2018/1/6 0:00	2018/1/7 23:59				2	0	500	3	"1,60204,500;1,45013,5"	0	2000	3	"1,60204,500;1,45013,10"	0	5000	3	"1,60204,1000;1,1,16012,1;"	0	10000	3	"1,60204,2000;1,1,16018,1;"																		1
1856	120	登陆赠礼(登陆赠礼)	活动期间每日登录游戏均可领取奖励	0	20	2017/12/23 0:00	2017/12/24 23:59	2017/12/23 0:00	2017/12/24 23:59				4	0	1	3	"1,90,500000;1,50001,150;1,91,150;"	0	2	3	"1,90,500000;1,50001,150;1,91,150;"																										1
1857	120	登陆赠礼(登陆赠礼)	活动期间每日登录游戏均可领取奖励	0	20	2017/12/25 0:00	2017/12/26 23:59	2017/12/25 0:00	2017/12/26 23:59				4	0	1	3	"1,90,500000;1,50001,150;1,91,150;"	0	2	3	"1,90,500000;1,50001,150;1,91,150;"																										1
1858	120	登陆赠礼(登陆赠礼)	活动期间每日登录游戏均可领取奖励	0	20	2018/1/1 0:00	2018/1/2 23:59	2018/1/1 0:00	2018/1/2 23:59				4	0	1	3	"1,90,500000;1,50001,150;1,91,150;"	0	2	3	"1,90,500000;1,50001,150;1,91,150;"																										1
1859	120	登陆赠礼(登陆赠礼)	活动期间每日登录游戏均可领取奖励	0	20	2018/1/3 0:00	2018/1/4 23:59	2018/1/3 0:00	2018/1/4 23:59				4	0	1	3	"1,90,500000;1,50001,150;1,91,150;"	0	2	3	"1,90,500000;1,50001,150;1,91,150;"																										1
1860	120	登陆赠礼(登陆赠礼)	活动期间每日登录游戏均可领取奖励	0	20	2018/1/6 0:00	2018/1/7 23:59	2018/1/6 0:00	2018/1/7 23:59				4	0	1	3	"1,90,500000;1,50001,150;"	0	2	3	"1,90,500000;1,50001,150;"																										1
1861	34	单充返利	单充返利	0	1	2017/12/23 0:00	2017/12/25 23:59	2017/12/23 0:00	2017/12/25 23:59				5	0	98	3	"1,90,10000000;1,94,10000000;"	0	328	3	"1,90,25000000;1,94,20000000;"	0	648	3	"1,90,50000000;1,94,50000000;"																						1
1862	32	累充送礼	累充送礼	0	1	2017/12/25 0:00	2017/12/28 23:59	2017/12/25 0:00	2017/12/28 23:59				1	0	100	3	"1,91,333;1,90,5000000;1,16014,1;"	0	500	3	"1,25008,1;1,90,10000000;1,16029,1;"	0	1000	3	"1,25007,1;1,90,30000000;0,1386,1,1,1,2;"					0	1500	3	"1,25009,1;1,90,30000000;1,16035,1;"														1
1863	32	累充送礼	累充送礼	0	1	2018/1/1 0:00	2018/1/5 23:59	2018/1/1 0:00	2018/1/5 23:59				1	0	100	3	"1,60204,1000;1,91,666;1,200,5;"	0	500	3	"1,25007,1;0,1362,1,1,1,2;"	0	1000	3	"1,25008,1;1,16031,1;"					0	1500	3	"1,25009,1;1,16035,1;"														1
1864	32	累充送礼	累充送礼	0	1	2018/1/8 0:00	2018/1/12 23:59	2018/1/8 0:00	2018/1/12 23:59				1	0	100	3	"1,91,333;1,90,5000000;1,16014,1;"	0	500	3	"1,25008,1;1,90,10000000;1,16029,1;"	0	1000	3	"1,25007,1;1,90,30000000;0,1386,1,1,1,2;"					0	1500	3	"1,25009,1;1,90,30000000;1,16035,1;"														1
1865	34	单充返利	单充返利	0	1	2017/12/26 0:00	2017/12/28 23:59	2017/12/26 0:00	2017/12/28 23:59				5	0	98	3	"1,60204,500;"	0	328	3	"1,60204,2000;"	0	648	3	"1,60204,4000;"																						1
1866	34	单充返利	单充返利	0	1	2017/12/29 0:00	2017/12/31 23:59	2017/12/29 0:00	2017/12/31 23:59				5	0	98	3	"1,90,10000000;"	0	328	3	"1,90,25000000;"	0	648	3	"1,90,50000000;"																						1
1867	140	稀有植物	稀有植物	0	20	2017/12/25 0:00	2017/12/29 23:59	2017/12/25 0:00	2017/12/29 23:59	"21408,100|21407,100|21406,90|21401,60|21402,60|21405,90|21403,60|21404,60|"			1	0	100	3	"0,1338,1"																														1
1868	140	稀有植物	稀有植物	0	20	2018/1/1 0:00	2018/1/5 23:59	2018/1/1 0:00	2018/1/5 23:59	"21408,100|21407,100|21406,90|21401,60|21402,60|21405,90|21403,60|21404,60|"			1	0	100	3	"0,1338,1"																														1
1869	140	稀有植物	稀有植物	0	20	2018/1/8 0:00	2018/1/12 23:59	2018/1/8 0:00	2018/1/12 23:59	"21408,100|21407,100|21406,90|21401,60|21402,60|21405,90|21403,60|21404,60|"			1	0	100	3	"0,1338,1"																														1
1870	34	单充返利	单充返利	0	1	2018/1/1 0:00	2018/1/3 23:59	2018/1/1 0:00	2018/1/3 23:59				5	0	98	3	"1,90,10000000;1,94,10000000;"	0	328	3	"1,90,25000000;1,94,20000000;"	0	648	3	"1,90,50000000;1,94,50000000;"																						1
1871	34	单充返利	单充返利	0	1	2018/1/4 0:00	2018/1/7 23:59	2018/1/4 0:00	2018/1/7 23:59				5	0	98	3	"1,90,10000000;"	0	328	3	"1,90,25000000;"	0	648	3	"1,90,50000000;"																						1
1872	147	魔法限购	魔法限购	0	20	2017/12/23 0:00	2017/12/29 23:59	2017/12/23 0:00	2017/12/29 23:59				0	1	"300,80"	0	"1,35001,5;1,35002,5;1,35003,5;1,35004,5;1,35005,5;1,35006,5;1,35007,5;1,35008,5;1,35009,5;"	1	"250,70"	0	"1,45277,5;1,45145,5;1,45181,5;"	1	"150,50"	0	"1,34001,5;1,34002,5;1,34003,5;1,34004,5;1,34005,5;1,34006,5;1,34007,5;1,34008,5;1,34009,5;"																						1
1873	147	魔法限购	魔法限购	0	20	2017/12/30 0:00	2018/1/5 23:59	2017/12/30 0:00	2018/1/5 23:59				0	1	"300,80"	0	"1,35001,5;1,35002,5;1,35003,5;1,35004,5;1,35005,5;1,35006,5;1,35007,5;1,35008,5;1,35009,5;"	1	"250,70"	0	"1,45277,5;1,45145,5;1,45181,5;"	1	"150,50"	0	"1,34001,5;1,34002,5;1,34003,5;1,34004,5;1,34005,5;1,34006,5;1,34007,5;1,34008,5;1,34009,5;"																						1
1874	147	魔法限购	魔法限购	0	20	2018/1/6 0:00	2018/1/12 23:59	2018/1/6 0:00	2018/1/12 23:59				0	1	"300,80"	0	"1,35001,5;1,35002,5;1,35003,5;1,35004,5;1,35005,5;1,35006,5;1,35007,5;1,35008,5;1,35009,5;"	1	"250,70"	0	"1,45277,5;1,45145,5;1,45181,5;"	1	"150,50"	0	"1,34001,5;1,34002,5;1,34003,5;1,34004,5;1,34005,5;1,34006,5;1,34007,5;1,34008,5;1,34009,5;"																						1
1875	34	单充返利	单充返利	0	1	2018/1/9 0:00	2018/1/12 23:59	2018/1/9 0:00	2018/1/12 23:59				5	0	98	3	"1,90,10000000;"	0	328	3	"1,90,25000000;"	0	648	3	"1,90,50000000;"																						1
1876	135	惊喜放送	充值领奖(可选择奖励）	0	1	2017/12/28 0:00	2017/12/31 23:59	2017/12/28 0:00	2017/12/31 23:59				6	1	30	4	"1,1,45121,10;2,1,45037,10;3,1,45121,10"	1	98	4	"1,0,1181,1,1,1,0;2,0,1129,1,1,1,0;3,0,1181,1,1,1,0"	1	98	4	"1,0,1013,1,1,1,0;2,0,1265,1,1,1,0;3,0,1013,1,1,1,0"																						1
1877	135	惊喜放送	充值领奖(可选择奖励）	0	1	2018/1/4 0:00	2018/1/7 23:59	2018/1/4 0:00	2018/1/7 23:59				6	1	30	4	"1,1,45121,10;2,1,45037,10;3,1,45121,10"	1	98	4	"1,0,1181,1,1,1,0;2,0,1129,1,1,1,0;3,0,1181,1,1,1,0"	1	98	4	"1,0,1013,1,1,1,0;2,0,1265,1,1,1,0;3,0,1013,1,1,1,0"																						1
1878	135	惊喜放送	充值领奖(可选择奖励）	0	1	2018/1/11 0:00	2018/1/14 23:59	2018/1/11 0:00	2018/1/14 23:59				6	1	30	4	"1,1,45121,10;2,1,45037,10;3,1,45121,10"	1	98	4	"1,0,1181,1,1,1,0;2,0,1129,1,1,1,0;3,0,1181,1,1,1,0"	1	98	4	"1,0,1013,1,1,1,0;2,0,1265,1,1,1,0;3,0,1013,1,1,1,0"																						1
1879	30	充值返利	充值返利(单次)	0	1	2018/1/13 0:00	2018/1/14 23:59	2018/1/13 0:00	2018/1/14 23:59				5	0	98	3	"1,60204,1000;"	0	198	3	"1,45362,40;"	0	648	3	"1,45386,50;"																						0
1880	31	充值返利	充值返利(单次+累计)	0	1	2018/1/13 0:00	2018/1/14 23:59	2018/1/13 0:00	2018/1/14 23:59				1	0	100	3	"1,60204,500;1,91,500;"	0	300	3	"1,60204,800;1,91,1000;"	0	500	3	"1,60204,1000;1,91,2500;"	0	1000	3	"1,60204,2000;1,91,5000;"																	30	1
1881	30	充值返利	充值返利(单次)	0	1	2018/1/19 0:00	2018/1/21 23:59	2018/1/19 0:00	2018/1/21 23:59				5	0	98	3	"1,60204,1000;"	0	198	3	"1,45362,40;"	0	648	3	"1,45386,50;"																						0
1882	31	充值返利	充值返利(单次+累计)	0	1	2018/1/19 0:00	2018/1/21 23:59	2018/1/19 0:00	2018/1/21 23:59				1	0	100	3	"1,60204,500;1,91,500;"	0	300	3	"1,60204,800;1,91,1000;"	0	500	3	"1,60204,1000;1,91,2500;"	0	1000	3	"1,60204,2000;1,91,5000;"																	30	1
1883	33	金币豪礼(盛开的太阳花)	累充返利	0	1	2018/1/27 0:00	2018/1/28 23:59	2018/1/27 0:00	2018/1/28 23:59				1	0	6	3	"1,90,200000;1,50001,10"	0	30	3	"1,90,500000;1,50001,50"	0	100	3	"1,90,3000000;1,50001,100"	0	200	3	"1,90,5000000;1,50001,240"	0	500	3	"1,90,10000000;1,50001,900"														1
1884	136	觉醒时刻	累计消耗钻石领奖	0	20	2018/1/13 0:00	2018/1/14 23:59	2018/1/13 0:00	2018/1/14 23:59				2	0	500	3	"1,60204,500;1,45169,5"	0	2000	3	"1,60204,500;1,45169,10"	0	5000	3	"1,60204,1000;1,1,16008,1;"	0	10000	3	"1,60204,2000;1,1,16014,1;"																		1
1885	136	觉醒时刻	累计消耗钻石领奖	0	20	2018/1/20 0:00	2018/1/21 23:59	2018/1/20 0:00	2018/1/21 23:59				2	0	500	3	"1,60204,500;1,45169,5"	0	2000	3	"1,60204,500;1,45169,10"	0	5000	3	"1,60204,1000;1,1,16008,1;"	0	10000	3	"1,60204,2000;1,1,16014,1;"																		1
1886	136	觉醒时刻	累计消耗钻石领奖	0	20	2018/1/27 0:00	2018/1/28 23:59	2018/1/27 0:00	2018/1/28 23:59				2	0	500	3	"1,60204,500;1,45013,5"	0	2000	3	"1,60204,500;1,45013,10"	0	5000	3	"1,60204,1000;1,1,16012,1;"	0	10000	3	"1,60204,2000;1,1,16018,1;"																		1
1887	120	登陆赠礼(登陆赠礼)	活动期间每日登录游戏均可领取奖励	0	20	2018/1/13 0:00	2018/1/14 23:59	2018/1/13 0:00	2018/1/14 23:59				4	0	1	3	"1,90,500000;1,50001,150;1,91,150;"	0	2	3	"1,90,500000;1,50001,150;1,91,150;"																										1
1888	120	登陆赠礼(登陆赠礼)	活动期间每日登录游戏均可领取奖励	0	20	2018/1/20 0:00	2018/1/21 23:59	2018/1/20 0:00	2018/1/21 23:59				4	0	1	3	"1,90,500000;1,50001,150;1,91,150;"	0	2	3	"1,90,500000;1,50001,150;1,91,150;"																										1
1889	120	登陆赠礼(登陆赠礼)	活动期间每日登录游戏均可领取奖励	0	20	2018/1/27 0:00	2018/1/28 23:59	2018/1/27 0:00	2018/1/28 23:59				4	0	1	3	"1,90,500000;1,50001,150;"	0	2	3	"1,90,500000;1,50001,150;"																										1
1890	34	单充返利	单充返利	0	1	2018/1/13 0:00	2018/1/14 23:59	2018/1/13 0:00	2018/1/14 23:59				5	0	98	3	"1,90,10000000;1,94,10000000;"	0	328	3	"1,90,25000000;1,94,20000000;"	0	648	3	"1,90,50000000;1,94,50000000;"																						1
1891	32	累充送礼	累充送礼	0	1	2018/1/15 0:00	2018/1/18 23:59	2018/1/15 0:00	2018/1/18 23:59				1	0	98	3	"1,90,5000000;1,16028,1;"	0	500	3	"1,25008,1;1,90,10000000;1,16018,1;"	0	1000	3	"1,25007,1;1,90,30000000;0,1362,1,1,1,2;"					0	1500	3	"1,25009,1;1,90,30000000;1,16031,1;"														1
1892	32	累充送礼	累充送礼	0	1	2018/1/22 0:00	2018/1/26 23:59	2018/1/22 0:00	2018/1/26 23:59				1	0	100	3	"1,60204,1000;1,91,666;1,200,5;"	0	500	3	"1,25007,1;0,1362,1,1,1,2;"	0	1000	3	"1,25008,1;1,16031,1;"					0	1500	3	"1,25009,1;1,16035,1;"														1
1893	32	累充送礼	累充送礼	0	1	2018/1/29 0:00	2018/2/2 23:59	2018/1/29 0:00	2018/2/2 23:59				1	0	100	3	"1,91,333;1,90,5000000;1,16014,1;"	0	500	3	"1,25008,1;1,90,10000000;1,16029,1;"	0	1000	3	"1,25007,1;1,90,30000000;0,1386,1,1,1,2;"					0	1500	3	"1,25009,1;1,90,30000000;1,16035,1;"														1
1894	34	单充返利	单充返利	0	1	2018/1/17 0:00	2018/1/19 23:59	2018/1/17 0:00	2018/1/19 23:59				5	0	98	3	"1,60204,500;"	0	328	3	"1,60204,2000;"	0	648	3	"1,60204,4000;"																						1
1895	34	单充返利	单充返利	0	1	2018/1/20 0:00	2018/1/21 23:59	2018/1/20 0:00	2018/1/21 23:59				5	0	98	3	"1,90,10000000;"	0	328	3	"1,90,25000000;"	0	648	3	"1,90,50000000;"																						1
1896	140	稀有植物	稀有植物	0	20	2018/1/15 0:00	2018/1/19 23:59	2018/1/15 0:00	2018/1/19 23:59	"21408,100|21407,100|21406,90|21401,60|21402,60|21405,90|21403,60|21404,60|"			1	0	100	3	"0,1338,1"																														1
1897	140	稀有植物	稀有植物	0	20	2018/1/22 0:00	2018/1/26 23:59	2018/1/22 0:00	2018/1/26 23:59	"21408,100|21407,100|21406,90|21401,60|21402,60|21405,90|21403,60|21404,60|"			1	0	100	3	"0,1338,1"																														1
1898	140	稀有植物	稀有植物	0	20	2018/1/29 0:00	2018/2/2 23:59	2018/1/29 0:00	2018/2/2 23:59	"21408,100|21407,100|21406,90|21401,60|21402,60|21405,90|21403,60|21404,60|"			1	0	100	3	"0,1338,1"																														1
1899	34	单充返利	单充返利	0	1	2018/1/24 0:00	2018/1/26 23:59	2018/1/24 0:00	2018/1/26 23:59				5	0	98	3	"1,90,10000000;"	0	328	3	"1,90,25000000;"	0	648	3	"1,90,50000000;"																						1
1900	147	魔法限购	魔法限购	0	20	2018/1/13 0:00	2018/1/19 23:59	2018/1/13 0:00	2018/1/19 23:59				0	1	"300,80"	0	"1,35001,5;1,35002,5;1,35003,5;1,35004,5;1,35005,5;1,35006,5;1,35007,5;1,35008,5;1,35009,5;"	1	"250,70"	0	"1,45277,5;1,45145,5;1,45181,5;"	1	"150,50"	0	"1,34001,5;1,34002,5;1,34003,5;1,34004,5;1,34005,5;1,34006,5;1,34007,5;1,34008,5;1,34009,5;"																						1
1901	147	魔法限购	魔法限购	0	20	2018/1/20 0:00	2018/1/26 23:59	2018/1/20 0:00	2018/1/26 23:59				0	1	"300,80"	0	"1,35001,5;1,35002,5;1,35003,5;1,35004,5;1,35005,5;1,35006,5;1,35007,5;1,35008,5;1,35009,5;"	1	"250,70"	0	"1,45277,5;1,45145,5;1,45181,5;"	1	"150,50"	0	"1,34001,5;1,34002,5;1,34003,5;1,34004,5;1,34005,5;1,34006,5;1,34007,5;1,34008,5;1,34009,5;"																						1
1902	147	魔法限购	魔法限购	0	20	2018/1/27 0:00	2018/2/2 23:59	2018/1/27 0:00	2018/2/2 23:59				0	1	"300,80"	0	"1,35001,5;1,35002,5;1,35003,5;1,35004,5;1,35005,5;1,35006,5;1,35007,5;1,35008,5;1,35009,5;"	1	"250,70"	0	"1,45277,5;1,45145,5;1,45181,5;"	1	"150,50"	0	"1,34001,5;1,34002,5;1,34003,5;1,34004,5;1,34005,5;1,34006,5;1,34007,5;1,34008,5;1,34009,5;"																						1
1903	34	单充返利	单充返利	0	1	2018/1/27 0:00	2018/1/28 23:59	2018/1/27 0:00	2018/1/28 23:59				5	0	98	3	"1,90,10000000;1,94,10000000;"	0	328	3	"1,90,25000000;1,94,20000000;"	0	648	3	"1,90,50000000;1,94,50000000;"																						1
1904	34	单充返利	单充返利	0	1	2018/1/30 0:00	2018/2/2 23:59	2018/1/30 0:00	2018/2/2 23:59				5	0	98	3	"1,90,10000000;"	0	328	3	"1,90,25000000;"	0	648	3	"1,90,50000000;"																						1
1905	135	惊喜放送	充值领奖(可选择奖励）	0	1	2018/1/18 0:00	2018/1/21 23:59	2018/1/18 0:00	2018/1/21 23:59				6	1	30	4	"1,1,45121,10;2,1,45037,10;3,1,45121,10"	1	98	4	"1,0,1181,1,1,1,0;2,0,1129,1,1,1,0;3,0,1181,1,1,1,0"	1	98	4	"1,0,1013,1,1,1,0;2,0,1265,1,1,1,0;3,0,1013,1,1,1,0"																						1
1906	135	惊喜放送	充值领奖(可选择奖励）	0	1	2018/1/25 0:00	2018/1/28 23:59	2018/1/25 0:00	2018/1/28 23:59				6	1	30	4	"1,1,45121,10;2,1,45037,10;3,1,45121,10"	1	98	4	"1,0,1181,1,1,1,0;2,0,1129,1,1,1,0;3,0,1181,1,1,1,0"	1	98	4	"1,0,1013,1,1,1,0;2,0,1265,1,1,1,0;3,0,1013,1,1,1,0"																						1
1907	135	惊喜放送	充值领奖(可选择奖励）	0	1	2018/2/1 0:00	2018/2/4 23:59	2018/2/1 0:00	2018/2/4 23:59				6	1	30	4	"1,1,45121,10;2,1,45037,10;3,1,45121,10"	1	98	4	"1,0,1181,1,1,1,0;2,0,1129,1,1,1,0;3,0,1181,1,1,1,0"	1	98	4	"1,0,1013,1,1,1,0;2,0,1265,1,1,1,0;3,0,1013,1,1,1,0"																						1
1908	30	充值返利	充值返利(单次)	0	1	2018/2/3 0:00	2018/2/4 23:59	2018/2/3 0:00	2018/2/4 23:59				5	0	98	3	"1,60204,1000;"	0	198	3	"1,45362,40;"	0	648	3	"1,45386,50;"																						0
1909	31	充值返利	充值返利(单次+累计)	0	1	2018/2/3 0:00	2018/2/4 23:59	2018/2/3 0:00	2018/2/4 23:59				1	0	100	3	"1,60204,500;1,91,500;"	0	300	3	"1,60204,800;1,91,1000;"	0	500	3	"1,60204,1000;1,91,2500;"	0	1000	3	"1,60204,2000;1,91,5000;"																	30	1
1910	136	觉醒时刻	累计消耗钻石领奖	0	20	2018/2/3 0:00	2018/2/4 23:59	2018/2/3 0:00	2018/2/4 23:59				2	0	500	3	"1,60204,500;1,45169,5"	0	2000	3	"1,60204,500;1,45169,10"	0	5000	3	"1,60204,1000;1,1,16008,1;"	0	10000	3	"1,60204,2000;1,1,16014,1;"																		1
1911	120	登陆赠礼(登陆赠礼)	活动期间每日登录游戏均可领取奖励	0	20	2018/2/3 0:00	2018/2/4 23:59	2018/2/3 0:00	2018/2/4 23:59				4	0	1	3	"1,90,500000;1,50001,150;1,91,150;"	0	2	3	"1,90,500000;1,50001,150;1,91,150;"																										1
1912	34	单充返利	单充返利	0	1	2018/2/3 0:00	2018/2/4 23:59	2018/1/13 0:00	2018/1/14 23:59				5	0	98	3	"1,90,10000000;1,94,10000000;"	0	328	3	"1,90,25000000;1,94,20000000;"	0	648	3	"1,90,50000000;1,94,50000000;"																						1
1913	32	累充送礼	累充送礼	0	1	2018/2/5 0:00	2018/2/9 23:59	2018/2/5 0:00	2018/2/9 23:59				1	0	98	3	"1,90,5000000;1,16028,1;"	0	500	3	"1,25008,1;1,90,10000000;1,16018,1;"	0	1000	3	"1,25007,1;1,90,30000000;0,1362,1,1,1,2;"					0	1500	3	"1,25009,1;1,90,30000000;1,16031,1;"														1
1914	34	单充返利	单充返利	0	1	2018/2/7 0:00	2018/2/9 23:59	2018/2/7 0:00	2018/2/9 23:59				5	0	98	3	"1,60204,500;"	0	328	3	"1,60204,2000;"	0	648	3	"1,60204,4000;"																						1
1915	140	稀有植物	稀有植物	0	20	2018/2/5 0:00	2018/2/9 23:59	2018/2/5 0:00	2018/2/9 23:59	"21408,100|21407,100|21406,90|21401,60|21402,60|21405,90|21403,60|21404,60|"			1	0	100	3	"0,1338,1"																														1
1916	147	魔法限购	魔法限购	0	20	2018/2/3 0:00	2018/2/9 23:59	2018/2/3 0:00	2018/2/9 23:59				0	1	"300,80"	0	"1,35001,5;1,35002,5;1,35003,5;1,35004,5;1,35005,5;1,35006,5;1,35007,5;1,35008,5;1,35009,5;"	1	"250,70"	0	"1,45277,5;1,45145,5;1,45181,5;"	1	"150,50"	0	"1,34001,5;1,34002,5;1,34003,5;1,34004,5;1,34005,5;1,34006,5;1,34007,5;1,34008,5;1,34009,5;"																						1
1917	135	惊喜放送	充值领奖(可选择奖励）	0	1	2018/2/8 0:00	2018/2/11 23:59	2018/2/8 0:00	2018/2/11 23:59				6	1	30	4	"1,1,45121,10;2,1,45037,10;3,1,45121,10"	1	98	4	"1,0,1181,1,1,1,0;2,0,1129,1,1,1,0;3,0,1181,1,1,1,0"	1	98	4	"1,0,1013,1,1,1,0;2,0,1265,1,1,1,0;3,0,1013,1,1,1,0"																						1
1918	30	充值返利	充值返利(单次)	0	1	2018/2/10 0:00	2018/2/11 23:59	2018/2/10 0:00	2018/2/11 23:59				5	0	98	3	"1,60204,1000;"	0	198	3	"1,45362,40;"	0	648	3	"1,45386,50;"																						0
1919	31	充值返利	充值返利(单次+累计)	0	1	2018/2/10 0:00	2018/2/11 23:59	2018/2/10 0:00	2018/2/11 23:59				1	0	100	3	"1,60204,500;1,91,500;"	0	300	3	"1,60204,800;1,91,1000;"	0	500	3	"1,60204,1000;1,91,2500;"	0	1000	3	"1,60204,2000;1,91,5000;"																	30	1
1920	30	充值返利	充值返利(单次)	0	1	2018/2/16 0:00	2018/2/18 23:59	2018/2/16 0:00	2018/2/18 23:59				5	0	98	3	"1,60204,1000;"	0	198	3	"1,45362,40;"	0	648	3	"1,45386,50;"																						0
1921	31	充值返利	充值返利(单次+累计)	0	1	2018/2/16 0:00	2018/2/18 23:59	2018/2/16 0:00	2018/2/18 23:59				1	0	100	3	"1,60204,500;1,91,500;"	0	300	3	"1,60204,800;1,91,1000;"	0	500	3	"1,60204,1000;1,91,2500;"	0	1000	3	"1,60204,2000;1,91,5000;"																	30	1
1922	30	充值返利	充值返利(单次)	0	1	2018/2/23 0:00	2018/2/25 23:59	2018/2/23 0:00	2018/2/25 23:59				5	0	98	3	"1,60204,1000;"	0	198	3	"1,45362,40;"	0	648	3	"1,45386,50;"																						0
1923	31	充值返利	充值返利(单次+累计)	0	1	2018/2/23 0:00	2018/2/25 23:59	2018/2/23 0:00	2018/2/25 23:59				1	0	100	3	"1,60204,500;1,91,500;"	0	300	3	"1,60204,800;1,91,1000;"	0	500	3	"1,60204,1000;1,91,2500;"	0	1000	3	"1,60204,2000;1,91,5000;"																	30	1
1924	33	金币豪礼(盛开的太阳花)	累充返利	0	1	2018/2/14 0:00	2018/2/16 23:59	2018/2/14 0:00	2018/2/16 23:59				1	0	6	3	"1,90,200000;1,50001,10"	0	30	3	"1,90,500000;1,50001,50"	0	100	3	"1,90,3000000;1,50001,100"	0	200	3	"1,90,5000000;1,50001,240"	0	500	3	"1,90,10000000;1,50001,900"														1
1925	33	金币豪礼(盛开的太阳花)	累充返利	0	1	2018/2/17 0:00	2018/2/19 23:59	2018/2/17 0:00	2018/2/19 23:59				1	0	6	3	"1,90,200000;1,50001,10"	0	30	3	"1,90,500000;1,50001,50"	0	100	3	"1,90,3000000;1,50001,100"	0	200	3	"1,90,5000000;1,50001,240"	0	500	3	"1,90,10000000;1,50001,900"														1
1926	33	金币豪礼(盛开的太阳花)	累充返利	0	1	2018/2/22 0:00	2018/2/25 23:59	2018/2/22 0:00	2018/2/25 23:59				1	0	6	3	"1,90,200000;1,50001,10"	0	30	3	"1,90,500000;1,50001,50"	0	100	3	"1,90,3000000;1,50001,100"	0	200	3	"1,90,5000000;1,50001,240"	0	500	3	"1,90,10000000;1,50001,900"														1
1927	136	觉醒时刻	累计消耗钻石领奖	0	20	2018/2/10 0:00	2018/2/11 23:59	2018/2/10 0:00	2018/2/11 23:59				2	0	500	3	"1,60204,500;1,45001,5"	0	2000	3	"1,60204,500;1,45001,10"	0	5000	3	"1,60204,1000;1,1,16012,1;"	0	10000	3	"1,60204,2000;1,1,16018,1;"																		1
1928	136	觉醒时刻	累计消耗钻石领奖	0	20	2018/2/17 0:00	2018/2/18 23:59	2018/2/17 0:00	2018/2/18 23:59				2	0	500	3	"1,60204,500;1,45001,5"	0	2000	3	"1,60204,500;1,45001,10"	0	5000	3	"1,60204,1000;1,1,16008,1;"	0	10000	3	"1,60204,2000;1,1,16014,1;"																		1
1929	136	觉醒时刻	累计消耗钻石领奖	0	20	2018/2/24 0:00	2018/2/25 23:59	2018/2/24 0:00	2018/2/25 23:59				2	0	500	3	"1,60204,500;1,45013,5"	0	2000	3	"1,60204,500;1,45013,10"	0	5000	3	"1,60204,1000;1,1,16012,1;"	0	10000	3	"1,60204,2000;1,1,16018,1;"																		1
1930	120	登陆赠礼(登陆赠礼)	活动期间每日登录游戏均可领取奖励	0	20	2018/2/10 0:00	2018/2/11 23:59	2018/2/10 0:00	2018/2/11 23:59				4	0	1	3	"1,90,500000;1,50001,150;1,91,150;"	0	2	3	"1,90,500000;1,50001,150;1,91,150;"																										1
1931	120	登陆赠礼(登陆赠礼)	活动期间每日登录游戏均可领取奖励	0	20	2018/2/14 0:00	2018/2/15 23:59	2018/2/14 0:00	2018/2/15 23:59				4	0	1	3	"1,90,1000000;1,50001,150;1,91,200;"	0	2	3	"1,90,1000000;1,50001,150;1,91,200;"																										1
1932	120	登陆赠礼(登陆赠礼)	活动期间每日登录游戏均可领取奖励	0	20	2018/2/16 0:00	2018/2/17 23:59	2018/2/16 0:00	2018/2/17 23:59				4	0	1	3	"1,90,1000000;1,50001,150;1,91,200;"	0	2	3	"1,90,1000000;1,50001,150;1,91,200;"																										1
1933	120	登陆赠礼(登陆赠礼)	活动期间每日登录游戏均可领取奖励	0	20	2018/2/18 0:00	2018/2/19 23:59	2018/2/18 0:00	2018/2/19 23:59				4	0	1	3	"1,90,1000000;1,50001,150;1,91,200;"	0	2	3	"1,90,1000000;1,50001,150;1,91,200;"																										1
1934	120	登陆赠礼(登陆赠礼)	活动期间每日登录游戏均可领取奖励	0	20	2018/2/24 0:00	2018/2/25 23:59	2018/2/24 0:00	2018/2/25 23:59				4	0	1	3	"1,90,500000;1,50001,150;"	0	2	3	"1,90,500000;1,50001,150;"																										1
1935	34	单充返利	单充返利	0	1	2018/2/10 0:00	2018/2/11 23:59	2018/2/10 0:00	2018/2/11 23:59				5	0	98	3	"1,90,10000000;"	0	328	3	"1,90,25000000;"	0	648	3	"1,90,50000000;"																						1
1936	34	单充返利	单充返利	0	1	2018/2/12 0:00	2018/2/13 23:59	2018/2/12 0:00	2018/2/13 23:59				5	0	98	3	"1,90,10000000;"	0	328	3	"1,90,25000000;"	0	648	3	"1,90,50000000;"																						1
1937	34	单充返利	单充返利	0	1	2018/2/14 0:00	2018/2/16 23:59	2018/2/14 0:00	2018/2/16 23:59				5	0	98	3	"1,90,10000000;1,94,10000000;"	0	328	3	"1,90,25000000;1,94,20000000;"	0	648	3	"1,90,50000000;1,94,50000000;"																						1
1938	34	单充返利	单充返利	0	1	2018/2/17 0:00	2018/2/19 23:59	2018/2/17 0:00	2018/2/19 23:59				5	0	98	3	"1,90,10000000;1,94,10000000;"	0	328	3	"1,90,25000000;1,94,20000000;"	0	648	3	"1,90,50000000;1,94,50000000;"																						1
1939	32	累充送礼	累充送礼	0	1	2018/2/12 0:00	2018/2/15 23:59	2018/2/12 0:00	2018/2/15 23:59				1	0	98	3	"1,90,5000000;1,16028,1;"	0	500	3	"1,25008,1;1,90,10000000;1,16018,1;"	0	1000	3	"1,25007,1;1,90,30000000;0,1362,1,1,1,2;"					0	1500	3	"1,25009,1;1,90,30000000;1,16031,1;"														1
1940	32	累充送礼	累充送礼	0	1	2018/2/19 0:00	2018/2/22 23:59	2018/2/19 0:00	2018/2/22 23:59				1	0	100	3	"1,60204,1000;1,91,666;1,200,5;"	0	500	3	"1,25007,1;0,1362,1,1,1,2;"	0	1000	3	"1,25008,1;1,16031,1;"					0	1500	3	"1,25009,1;1,16035,1;"														1
1941	32	累充送礼	累充送礼	0	1	2018/2/26 0:00	2018/3/2 23:59	2018/2/26 0:00	2018/3/2 23:59				1	0	100	3	"1,91,333;1,90,5000000;1,16014,1;"	0	500	3	"1,25008,1;1,90,10000000;1,16029,1;"	0	1000	3	"1,25007,1;1,90,30000000;0,1386,1,1,1,2;"					0	1500	3	"1,25009,1;1,90,30000000;1,16035,1;"														1
1942	34	单充返利	单充返利	0	1	2018/2/20 0:00	2018/2/23 23:59	2018/2/20 0:00	2018/2/23 23:59				5	0	98	3	"1,60204,500;"	0	328	3	"1,60204,2000;"	0	648	3	"1,60204,4000;"																						1
1943	34	单充返利	单充返利	0	1	2018/2/24 0:00	2018/2/25 23:59	2018/2/24 0:00	2018/2/25 23:59				5	0	98	3	"1,90,10000000;"	0	328	3	"1,90,25000000;"	0	648	3	"1,90,50000000;"																						1
1944	140	稀有植物	稀有植物	0	20	2018/2/12 0:00	2018/2/16 23:59	2018/2/12 0:00	2018/2/16 23:59	"21408,100|21407,100|21406,90|21401,60|21402,60|21405,90|21403,60|21404,60|"			1	0	100	3	"0,1338,1"																														1
1945	140	稀有植物	稀有植物	0	20	2018/2/19 0:00	2018/2/23 23:59	2018/2/19 0:00	2018/2/23 23:59	"21408,100|21407,100|21406,90|21401,60|21402,60|21405,90|21403,60|21404,60|"			1	0	100	3	"0,1338,1"																														1
1946	140	稀有植物	稀有植物	0	20	2018/2/26 0:00	2018/3/2 23:59	2018/2/26 0:00	2018/3/2 23:59	"21408,100|21407,100|21406,90|21401,60|21402,60|21405,90|21403,60|21404,60|"			1	0	100	3	"0,1338,1"																														1
1947	34	单充返利	单充返利	0	1	2018/3/1 0:00	2018/3/2 23:59	2018/3/1 0:00	2018/3/2 23:59				5	0	98	3	"1,90,10000000;"	0	328	3	"1,90,25000000;"	0	648	3	"1,90,50000000;"																						1
1948	147	魔法限购	魔法限购	0	20	2018/2/10 0:00	2018/2/16 23:59	2018/2/10 0:00	2018/2/16 23:59				0	1	"300,80"	0	"1,35001,5;1,35002,5;1,35003,5;1,35004,5;1,35005,5;1,35006,5;1,35007,5;1,35008,5;1,35009,5;"	1	"250,70"	0	"1,45277,5;1,45145,5;1,45181,5;"	1	"150,50"	0	"1,34001,5;1,34002,5;1,34003,5;1,34004,5;1,34005,5;1,34006,5;1,34007,5;1,34008,5;1,34009,5;"																						1
1949	147	魔法限购	魔法限购	0	20	2018/2/17 0:00	2018/2/23 23:59	2018/2/17 0:00	2018/2/23 23:59				0	1	"300,80"	0	"1,35001,5;1,35002,5;1,35003,5;1,35004,5;1,35005,5;1,35006,5;1,35007,5;1,35008,5;1,35009,5;"	1	"250,70"	0	"1,45277,5;1,45145,5;1,45181,5;"	1	"150,50"	0	"1,34001,5;1,34002,5;1,34003,5;1,34004,5;1,34005,5;1,34006,5;1,34007,5;1,34008,5;1,34009,5;"																						1
1950	147	魔法限购	魔法限购	0	20	2018/2/24 0:00	2018/3/2 23:59	2018/2/24 0:00	2018/3/2 23:59				0	1	"300,80"	0	"1,35001,5;1,35002,5;1,35003,5;1,35004,5;1,35005,5;1,35006,5;1,35007,5;1,35008,5;1,35009,5;"	1	"250,70"	0	"1,45277,5;1,45145,5;1,45181,5;"	1	"150,50"	0	"1,34001,5;1,34002,5;1,34003,5;1,34004,5;1,34005,5;1,34006,5;1,34007,5;1,34008,5;1,34009,5;"																						1
1951	135	惊喜放送	充值领奖(可选择奖励）	0	1	2018/2/14 0:00	2018/2/19 23:59	2018/2/14 0:00	2018/2/19 23:59				6	1	30	4	"1,1,45121,10;2,1,45037,10;3,1,45121,10"	1	98	4	"1,0,1181,1,1,1,0;2,0,1129,1,1,1,0;3,0,1181,1,1,1,0"	1	98	4	"1,0,1013,1,1,1,0;2,0,1265,1,1,1,0;3,0,1013,1,1,1,0"																						1
1952	135	惊喜放送	充值领奖(可选择奖励）	0	1	2018/2/22 0:00	2018/2/25 23:59	2018/2/22 0:00	2018/2/25 23:59				6	1	30	4	"1,1,45121,10;2,1,45037,10;3,1,45121,10"	1	98	4	"1,0,1181,1,1,1,0;2,0,1129,1,1,1,0;3,0,1181,1,1,1,0"	1	98	4	"1,0,1013,1,1,1,0;2,0,1265,1,1,1,0;3,0,1013,1,1,1,0"																						1
1953	135	惊喜放送	充值领奖(可选择奖励）	0	1	2018/3/1 0:00	2018/2/4 23:59	2018/3/1 0:00	2018/2/4 23:59				6	1	30	4	"1,1,45121,10;2,1,45037,10;3,1,45121,10"	1	98	4	"1,0,1181,1,1,1,0;2,0,1129,1,1,1,0;3,0,1181,1,1,1,0"	1	98	4	"1,0,1013,1,1,1,0;2,0,1265,1,1,1,0;3,0,1013,1,1,1,0"																						1
1954	30	充值返利	充值返利(单次)	0	1	2018/3/3 0:00	2018/3/4 23:59	2018/3/3 0:00	2018/3/4 23:59				5	0	98	3	"1,35009,10;1,50002,2;"	0	198	3	"1,45362,10;1,45350,10;"	0	648	3	"1,16030,1;1,200,15;"																						0
1955	31	充值返利	充值返利(单次+累计)	0	1	2018/3/3 0:00	2018/3/4 23:59	2018/3/3 0:00	2018/3/4 23:59				1	0	100	3	"1,60204,500;1,91,500;"	0	300	3	"1,60204,800;1,91,1000;"	0	500	3	"1,60204,1000;1,91,2500;"	0	1000	3	"1,60204,2000;1,91,5000;"																	30	1
1956	30	充值返利	充值返利(单次)	0	1	2018/3/9 0:00	2018/3/11 23:59	2018/3/9 0:00	2018/3/11 23:59				5	0	98	3	"1,35007,10;1,50003,2;"	0	198	3	"1,45374,10;1,45386,10;"	0	648	3	"1,16032,1;1,200,15;"																						0
1957	31	充值返利	充值返利(单次+累计)	0	1	2018/3/9 0:00	2018/3/11 23:59	2018/3/9 0:00	2018/3/11 23:59				1	0	100	3	"1,60204,500;1,91,500;"	0	300	3	"1,60204,800;1,91,1000;"	0	500	3	"1,60204,1000;1,91,2500;"	0	1000	3	"1,60204,2000;1,91,5000;"																	30	1
1958	33	金币豪礼(盛开的金盏花)	累充返利	0	1	2018/3/3 0:00	2018/3/4 23:59	2018/3/3 0:00	2018/3/4 23:59				1	0	6	3	"1,90,200000;1,50001,10"	0	30	3	"1,90,500000;1,50001,50"	0	100	3	"1,90,3000000;1,50001,100"	0	200	3	"1,90,5000000;1,50001,240"	0	500	3	"1,90,10000000;1,50001,900"														1
1959	33	金币豪礼(盛开的金盏花)	累充返利	0	1	2018/3/9 0:00	2018/3/11 23:59	2018/3/9 0:00	2018/3/11 23:59				1	0	6	3	"1,90,200000;1,50001,10"	0	30	3	"1,90,500000;1,50001,50"	0	100	3	"1,90,3000000;1,50001,100"	0	200	3	"1,90,5000000;1,50001,240"	0	500	3	"1,90,10000000;1,50001,900"														1
1960	136	觉醒时刻	累计消耗钻石领奖	0	20	2018/3/3 0:00	2018/3/4 23:59	2018/3/3 0:00	2018/3/4 23:59				2	0	500	3	"1,60204,500;1,45013,5"	0	2000	3	"1,60204,500;1,45013,10"	0	5000	3	"1,60204,1000;1,1,16012,1;"	0	10000	3	"1,60204,2000;1,1,16018,1;"																		1
1961	136	觉醒时刻	累计消耗钻石领奖	0	20	2018/3/10 0:00	2018/3/11 23:59	2018/3/10 0:00	2018/3/11 23:59				2	0	500	3	"1,60204,500;1,45013,5"	0	2000	3	"1,60204,500;1,45013,10"	0	5000	3	"1,60204,1000;1,1,16008,1;"	0	10000	3	"1,60204,2000;1,1,16014,1;"																		1
1962	120	登陆赠礼(登陆赠礼)	活动期间每日登录游戏均可领取奖励	0	20	2018/3/3 0:00	2018/3/4 23:59	2018/3/3 0:00	2018/3/4 23:59				4	0	1	3	"1,90,1000000;1,50001,150;1,91,200;"	0	2	3	"1,90,1000000;1,50001,150;1,91,200;"																										1
1963	120	登陆赠礼(登陆赠礼)	活动期间每日登录游戏均可领取奖励	0	20	2018/3/10 0:00	2018/3/11 23:59	2018/3/10 0:00	2018/3/11 23:59				4	0	1	3	"1,90,500000;1,50001,150;"	0	2	3	"1,90,500000;1,50001,150;"																										1
1964	32	累充送礼	累充送礼	0	1	2018/3/5 0:00	2018/3/8 23:59	2018/3/5 0:00	2018/3/8 23:59				1	0	100	3	"1,90,5000000;1,91,333;1,16015,1;"	0	200	3	"1,16028,1;1,16029,1;"	0	500	3	"1,25008,1;1,90,10000000;1,45362,15;"	0	800	3	"1,45386,20;1,91,2000;"	0	1000	3	"1,25009,1;0,1338,1,1,1,2;1,90,30000000;"	0	1500	3	"1,25009,1;1,16035,1;1,90,50000000;"										1
1965	32	累充送礼	累充送礼	0	1	2018/3/12 0:00	2018/3/16 23:59	2018/3/12 0:00	2018/3/16 23:59				1	0	100	3	"1,25003,1;1,91,333;1,16016,1;"	0	200	3	"1,16014,1;1,25001,1;"	0	500	3	"1,25008,1;1,90,10000000;1,45362,15;"	0	800	3	"1,45386,20;1,91,500;1,25002,1;"	0	1000	3	"1,25009,1;0,1314,1,1,1,2;1,90,30000000;"	0	1500	3	"1,25009,1;1,16031,1;1,90,50000000;"										1
1966	33	金币豪礼(盛开的太阳花)	累充返利	0	1	2018/3/5 0:00	2018/3/8 23:59	2018/3/5 0:00	2018/3/8 23:59				1	0	6	3	"1,94,200000;1,50001,10"	0	30	3	"1,94,500000;1,50001,50"	0	100	3	"1,94,3000000;1,50001,100"	0	200	3	"1,94,5000000;1,50001,240"	0	500	3	"1,94,10000000;1,50001,900"														1
1967	33	金币豪礼(盛开的太阳花)	累充返利	0	1	2018/3/12 0:00	2018/3/16 23:59	2018/3/12 0:00	2018/3/16 23:59				1	0	6	3	"1,94,200000;1,50001,10"	0	30	3	"1,94,500000;1,50001,50"	0	100	3	"1,94,3000000;1,50001,100"	0	200	3	"1,94,5000000;1,50001,240"	0	500	3	"1,94,10000000;1,50001,900"														1
1968	140	稀有植物	稀有植物	0	20	2018/3/5 0:00	2018/3/9 23:59	2018/3/5 0:00	2018/3/9 23:59	"21408,100|21407,100|21406,90|21401,60|21402,60|21405,90|21403,60|21404,60|"			1	0	100	3	"0,1338,1"																														1
1969	140	稀有植物	稀有植物	0	20	2018/3/12 0:00	2018/3/16 23:59	2018/3/12 0:00	2018/3/16 23:59	"21408,100|21407,100|21406,90|21401,60|21402,60|21405,90|21403,60|21404,60|"			1	0	100	3	"0,1338,1"																														1
1970	147	魔法限购	魔法限购	0	20	2018/3/3 0:00	2018/3/9 23:59	2018/3/3 0:00	2018/3/9 23:59				0	1	"300,80"	0	"1,35001,5;1,35002,5;1,35003,5;1,35004,5;1,35005,5;1,35006,5;1,35007,5;1,35008,5;1,35009,5;"	1	"250,70"	0	"1,45277,5;1,45145,5;1,45181,5;"	1	"150,50"	0	"1,34001,5;1,34002,5;1,34003,5;1,34004,5;1,34005,5;1,34006,5;1,34007,5;1,34008,5;1,34009,5;"																						1
1971	147	魔法限购	魔法限购	0	20	2018/3/10 0:00	2018/3/16 23:59	2018/3/10 0:00	2018/3/16 23:59				0	1	"300,80"	0	"1,35001,5;1,35002,5;1,35003,5;1,35004,5;1,35005,5;1,35006,5;1,35007,5;1,35008,5;1,35009,5;"	1	"250,70"	0	"1,45277,5;1,45145,5;1,45181,5;"	1	"150,50"	0	"1,34001,5;1,34002,5;1,34003,5;1,34004,5;1,34005,5;1,34006,5;1,34007,5;1,34008,5;1,34009,5;"																						1
1972	135	惊喜放送	充值领奖(可选择奖励）	0	1	2018/3/8 0:00	2018/3/11 23:59	2018/3/8 0:00	2018/3/11 23:59				6	1	30	4	"1,1,45121,10;2,1,45037,10;3,1,45121,10"	1	98	4	"1,0,1181,1,1,1,0;2,0,1129,1,1,1,0;3,0,1181,1,1,1,0"	1	98	4	"1,0,1013,1,1,1,0;2,0,1265,1,1,1,0;3,0,1013,1,1,1,0"																						1
1973	135	惊喜放送	充值领奖(可选择奖励）	0	1	2018/3/15 0:00	2018/3/18 23:59	2018/3/15 0:00	2018/3/18 23:59				6	1	30	4	"1,1,45121,10;2,1,45037,10;3,1,45121,10"	1	98	4	"1,0,1181,1,1,1,0;2,0,1129,1,1,1,0;3,0,1181,1,1,1,0"	1	98	4	"1,0,1013,1,1,1,0;2,0,1265,1,1,1,0;3,0,1013,1,1,1,0"																						1
1974	34	单充返利	单充返利	0	1	2018/3/3 0:00	2018/3/4 23:59	2018/3/3 0:00	2018/3/4 23:59				5	0	98	3	"1,90,5000000;1,60204,500;"	0	328	3	"1,90,10000000;1,60204,1000;"	0	648	3	"1,90,30000000;1,60204,2000;"																						1
1975	34	单充返利	单充返利	0	1	2018/3/7 0:00	2018/3/9 23:59	2018/3/7 0:00	2018/3/9 23:59				5	0	98	3	"1,90,10000000;"	0	328	3	"1,90,25000000;"	0	648	3	"1,90,50000000;"																						1
1976	34	单充返利	单充返利	0	1	2018/3/10 0:00	2018/3/11 23:59	2018/3/10 0:00	2018/3/11 23:59				5	0	98	3	"1,90,5000000;1,60204,500;"	0	328	3	"1,90,10000000;1,60204,1000;"	0	648	3	"1,90,30000000;1,60204,2000;"																						1
1977	34	单充返利	单充返利	0	1	2018/3/14 0:00	2018/3/16 23:59	2018/3/14 0:00	2018/3/16 23:59				5	0	98	3	"1,90,10000000;"	0	328	3	"1,90,25000000;"	0	648	3	"1,90,50000000;"																						1
1978	30	充值返利	充值返利(单次)	0	1	2018/3/17 0:00	2018/3/18 23:59	2018/3/17 0:00	2018/3/18 23:59				5	0	98	3	"1,35009,10;1,50002,2;"	0	198	3	"1,45362,10;1,45350,10;"	0	648	3	"1,16033,1;1,200,15;"																						0
1979	31	充值返利	充值返利(单次+累计)	0	1	2018/3/17 0:00	2018/3/18 23:59	2018/3/17 0:00	2018/3/18 23:59				1	0	100	3	"1,60204,500;1,91,500;"	0	300	3	"1,60204,800;1,91,1000;"	0	500	3	"1,60204,1000;1,91,2500;"	0	1000	3	"1,60204,2000;1,91,5000;"																	30	1
1980	30	充值返利	充值返利(单次)	0	1	2018/3/23 0:00	2018/3/25 23:59	2018/3/23 0:00	2018/3/25 23:59				5	0	98	3	"1,35007,10;1,50003,2;"	0	198	3	"1,45374,10;1,45386,10;"	0	648	3	"1,16030,1;1,200,15;"																						0
1981	31	充值返利	充值返利(单次+累计)	0	1	2018/3/23 0:00	2018/3/25 23:59	2018/3/23 0:00	2018/3/25 23:59				1	0	100	3	"1,60204,500;1,91,500;"	0	300	3	"1,60204,800;1,91,1000;"	0	500	3	"1,60204,1000;1,91,2500;"	0	1000	3	"1,60204,2000;1,91,5000;"																	30	1
1982	33	金币豪礼(盛开的金盏花)	累充返利	0	1	2018/3/17 0:00	2018/3/18 23:59	2018/3/17 0:00	2018/3/18 23:59				1	0	6	3	"1,90,200000;1,50001,10"	0	30	3	"1,90,500000;1,50001,50"	0	100	3	"1,90,3000000;1,50001,100"	0	200	3	"1,90,5000000;1,50001,240"	0	500	3	"1,90,10000000;1,50001,900"														1
1983	33	金币豪礼(盛开的金盏花)	累充返利	0	1	2018/3/23 0:00	2018/3/25 23:59	2018/3/23 0:00	2018/3/25 23:59				1	0	6	3	"1,90,200000;1,50001,10"	0	30	3	"1,90,500000;1,50001,50"	0	100	3	"1,90,3000000;1,50001,100"	0	200	3	"1,90,5000000;1,50001,240"	0	500	3	"1,90,10000000;1,50001,900"														1
1984	136	觉醒时刻	累计消耗钻石领奖	0	20	2018/3/17 0:00	2018/3/18 23:59	2018/3/17 0:00	2018/3/18 23:59				2	0	500	3	"1,60204,500;1,45121,5"	0	2000	3	"1,60204,500;1,45121,10"	0	5000	3	"1,60204,1000;1,1,16012,1;"	0	10000	3	"1,60204,2000;1,1,16018,1;"																		1
1985	136	觉醒时刻	累计消耗钻石领奖	0	20	2018/3/24 0:00	2018/3/25 23:59	2018/3/24 0:00	2018/3/25 23:59				2	0	500	3	"1,60204,500;1,45121,5"	0	2000	3	"1,60204,500;1,45121,10"	0	5000	3	"1,60204,1000;1,1,16008,1;"	0	10000	3	"1,60204,2000;1,1,16014,1;"																		1
1986	120	登陆赠礼(登陆赠礼)	活动期间每日登录游戏均可领取奖励	0	20	2018/3/17 0:00	2018/3/18 23:59	2018/3/17 0:00	2018/3/18 23:59				4	0	1	3	"1,90,1000000;1,50001,150;1,91,200;"	0	2	3	"1,90,1000000;1,50001,150;1,91,200;"																										1
1987	120	登陆赠礼(登陆赠礼)	活动期间每日登录游戏均可领取奖励	0	20	2018/3/24 0:00	2018/3/25 23:59	2018/3/24 0:00	2018/3/25 23:59				4	0	1	3	"1,90,500000;1,50001,150;"	0	2	3	"1,90,500000;1,50001,150;"																										1
1988	32	累充送礼	累充送礼	0	1	2018/3/19 0:00	2018/3/22 23:59	2018/3/19 0:00	2018/3/22 23:59				1	0	100	3	"1,90,5000000;1,91,333;1,16013,1;"	0	200	3	"1,16028,1;1,16029,1;"	0	500	3	"1,25008,1;1,90,10000000;1,45362,15;"	0	800	3	"1,45386,20;1,91,2000;"	0	1000	3	"1,25007,1;0,1338,1,1,1,2;1,90,30000000;"	0	1500	3	"1,25009,1;1,16035,1;1,90,50000000;"										1
1989	32	累充送礼	累充送礼	0	1	2018/3/26 0:00	2018/3/30 23:59	2018/3/26 0:00	2018/3/30 23:59				1	0	100	3	"1,25006,1;1,91,333;1,16018,1;"	0	200	3	"1,16014,1;1,25004,1;"	0	500	3	"1,25008,1;1,90,10000000;1,45362,15;"	0	800	3	"1,45386,20;1,91,500;1,25005,1;"	0	1000	3	"1,25007,1;0,1314,1,1,1,2;1,90,30000000;"	0	1500	3	"1,25009,1;1,16031,1;1,90,50000000;"										1
1990	33	金币豪礼(盛开的太阳花)	累充返利	0	1	2018/3/19 0:00	2018/3/22 23:59	2018/3/19 0:00	2018/3/22 23:59				1	0	6	3	"1,94,200000;1,50001,10"	0	30	3	"1,94,500000;1,50001,50"	0	100	3	"1,94,3000000;1,50001,100"	0	200	3	"1,94,5000000;1,50001,240"	0	500	3	"1,94,10000000;1,50001,900"														1
1991	33	金币豪礼(盛开的太阳花)	累充返利	0	1	2018/3/26 0:00	2018/3/30 23:59	2018/3/26 0:00	2018/3/30 23:59				1	0	6	3	"1,94,200000;1,50001,10"	0	30	3	"1,94,500000;1,50001,50"	0	100	3	"1,94,3000000;1,50001,100"	0	200	3	"1,94,5000000;1,50001,240"	0	500	3	"1,94,10000000;1,50001,900"														1
1992	140	稀有植物	稀有植物	0	20	2018/3/19 0:00	2018/3/23 23:59	2018/3/19 0:00	2018/3/23 23:59	"21408,100|21407,100|21406,90|21401,60|21402,60|21405,90|21403,60|21404,60|"			1	0	100	3	"0,1338,1"																														1
1993	140	稀有植物	稀有植物	0	20	2018/3/26 0:00	2018/3/30 23:59	2018/3/26 0:00	2018/3/30 23:59	"21408,100|21407,100|21406,90|21401,60|21402,60|21405,90|21403,60|21404,60|"			1	0	100	3	"0,1338,1"																														1
1994	147	魔法限购	魔法限购	0	20	2018/3/17 0:00	2018/3/23 23:59	2018/3/17 0:00	2018/3/23 23:59				0	1	"300,80"	0	"1,35001,5;1,35002,5;1,35003,5;1,35004,5;1,35005,5;1,35006,5;1,35007,5;1,35008,5;1,35009,5;"	1	"250,70"	0	"1,45277,5;1,45145,5;1,45181,5;"	1	"150,50"	0	"1,34001,5;1,34002,5;1,34003,5;1,34004,5;1,34005,5;1,34006,5;1,34007,5;1,34008,5;1,34009,5;"																						1
1995	147	魔法限购	魔法限购	0	20	2018/3/24 0:00	2018/3/30 23:59	2018/3/24 0:00	2018/3/30 23:59				0	1	"300,80"	0	"1,35001,5;1,35002,5;1,35003,5;1,35004,5;1,35005,5;1,35006,5;1,35007,5;1,35008,5;1,35009,5;"	1	"250,70"	0	"1,45277,5;1,45145,5;1,45181,5;"	1	"150,50"	0	"1,34001,5;1,34002,5;1,34003,5;1,34004,5;1,34005,5;1,34006,5;1,34007,5;1,34008,5;1,34009,5;"																						1
1996	135	惊喜放送	充值领奖(可选择奖励）	0	1	2018/3/22 0:00	2018/3/25 23:59	2018/3/22 0:00	2018/3/25 23:59				6	1	30	4	"1,1,45121,10;2,1,45037,10;3,1,45121,10"	1	98	4	"1,0,1181,1,1,1,0;2,0,1129,1,1,1,0;3,0,1181,1,1,1,0"	1	98	4	"1,0,1013,1,1,1,0;2,0,1265,1,1,1,0;3,0,1013,1,1,1,0"																						1
1997	135	惊喜放送	充值领奖(可选择奖励）	0	1	2018/3/29 0:00	2018/4/1 23:59	2018/3/29 0:00	2018/4/1 23:59				6	1	30	4	"1,1,45121,10;2,1,45037,10;3,1,45121,10"	1	98	4	"1,0,1181,1,1,1,0;2,0,1129,1,1,1,0;3,0,1181,1,1,1,0"	1	98	4	"1,0,1013,1,1,1,0;2,0,1265,1,1,1,0;3,0,1013,1,1,1,0"																						1
1998	34	单充返利	单充返利	0	1	2018/3/17 0:00	2018/3/18 23:59	2018/3/17 0:00	2018/3/18 23:59				5	0	98	3	"1,90,5000000;1,60204,500;"	0	328	3	"1,90,10000000;1,60204,1000;"	0	648	3	"1,90,30000000;1,60204,2000;"																						1
1999	34	单充返利	单充返利	0	1	2018/3/21 0:00	2018/3/23 23:59	2018/3/21 0:00	2018/3/23 23:59				5	0	98	3	"1,90,10000000;"	0	328	3	"1,90,25000000;"	0	648	3	"1,90,50000000;"																						1
2000	34	单充返利	单充返利	0	1	2018/3/24 0:00	2018/3/25 23:59	2018/3/24 0:00	2018/3/25 23:59				5	0	98	3	"1,90,5000000;1,60204,500;"	0	328	3	"1,90,10000000;1,60204,1000;"	0	648	3	"1,90,30000000;1,60204,2000;"																						1
2001	34	单充返利	单充返利	0	1	2018/3/28 0:00	2018/3/30 23:59	2018/3/28 0:00	2018/3/30 23:59				5	0	98	3	"1,90,10000000;"	0	328	3	"1,90,25000000;"	0	648	3	"1,90,50000000;"																						1
2002	30	充值返利	充值返利(单次)	0	1	2018/3/31 0:00	2018/4/1 23:59	2018/3/31 0:00	2018/4/1 23:59				5	0	98	3	"1,35009,10;1,50002,2;"	0	198	3	"1,45362,10;1,45350,10;"	0	648	3	"1,16033,1;1,200,15;"																						0
2003	31	充值返利	充值返利(单次+累计)	0	1	2018/3/31 0:00	2018/4/1 23:59	2018/3/31 0:00	2018/4/1 23:59				1	0	100	3	"1,60204,500;1,91,500;"	0	300	3	"1,60204,800;1,91,1000;"	0	500	3	"1,60204,1000;1,91,2500;"	0	1000	3	"1,60204,2000;1,91,5000;"																	30	1
2004	30	充值返利	充值返利(单次)	0	1	2018/4/6 0:00	2018/4/8 23:59	2018/4/6 0:00	2018/4/8 23:59				5	0	98	3	"1,35007,10;1,50003,2;"	0	198	3	"1,45374,10;1,45386,10;"	0	648	3	"1,16030,1;1,200,15;"																						0
2005	31	充值返利	充值返利(单次+累计)	0	1	2018/4/6 0:00	2018/4/8 23:59	2018/4/6 0:00	2018/4/8 23:59				1	0	100	3	"1,60204,500;1,91,500;"	0	300	3	"1,60204,800;1,91,1000;"	0	500	3	"1,60204,1000;1,91,2500;"	0	1000	3	"1,60204,2000;1,91,5000;"																	30	1
2006	33	金币豪礼(盛开的金盏花)	累充返利	0	1	2018/3/31 0:00	2018/4/1 23:59	2018/3/31 0:00	2018/4/1 23:59				1	0	6	3	"1,90,200000;1,50001,10"	0	30	3	"1,90,500000;1,50001,50"	0	100	3	"1,90,3000000;1,50001,100"	0	200	3	"1,90,5000000;1,50001,240"	0	500	3	"1,90,10000000;1,50001,900"														1
2007	33	金币豪礼(盛开的金盏花)	累充返利	0	1	2018/4/6 0:00	2018/4/8 23:59	2018/4/6 0:00	2018/4/8 23:59				1	0	6	3	"1,90,200000;1,50001,10"	0	30	3	"1,90,500000;1,50001,50"	0	100	3	"1,90,3000000;1,50001,100"	0	200	3	"1,90,5000000;1,50001,240"	0	500	3	"1,90,10000000;1,50001,900"														1
2008	136	觉醒时刻	累计消耗钻石领奖	0	20	2018/3/31 0:00	2018/4/1 23:59	2018/3/31 0:00	2018/4/1 23:59				2	0	500	3	"1,60204,500;1,45121,5"	0	2000	3	"1,60204,500;1,45121,10"	0	5000	3	"1,60204,1000;1,1,16012,1;"	0	10000	3	"1,60204,2000;1,1,16018,1;"																		1
2009	136	觉醒时刻	累计消耗钻石领奖	0	20	2018/4/7 0:00	2018/4/8 23:59	2018/4/7 0:00	2018/4/8 23:59				2	0	500	3	"1,60204,500;1,45121,5"	0	2000	3	"1,60204,500;1,45121,10"	0	5000	3	"1,60204,1000;1,1,16008,1;"	0	10000	3	"1,60204,2000;1,1,16014,1;"																		1
2010	120	登陆赠礼(登陆赠礼)	活动期间每日登录游戏均可领取奖励	0	20	2018/3/31 0:00	2018/4/1 23:59	2018/3/31 0:00	2018/4/1 23:59				4	0	1	3	"1,90,1000000;1,50001,150;1,91,200;"	0	2	3	"1,90,1000000;1,50001,150;1,91,200;"																										1
2011	120	登陆赠礼(登陆赠礼)	活动期间每日登录游戏均可领取奖励	0	20	2018/4/7 0:00	2018/4/8 23:59	2018/4/7 0:00	2018/4/8 23:59				4	0	1	3	"1,90,500000;1,50001,150;"	0	2	3	"1,90,500000;1,50001,150;"																										1
2012	32	累充送礼	累充送礼	0	1	2018/4/2 0:00	2018/4/5 23:59	2018/4/2 0:00	2018/4/5 23:59				1	0	100	3	"1,90,5000000;1,91,333;1,16013,1;"	0	200	3	"1,16028,1;1,16029,1;"	0	500	3	"1,25008,1;1,90,10000000;1,45362,15;"	0	800	3	"1,45386,20;1,91,2000;"	0	1000	3	"1,25007,1;0,1338,1,1,1,2;1,90,30000000;"	0	1500	3	"1,25009,1;1,16035,1;1,90,50000000;"										1
2013	32	累充送礼	累充送礼	0	1	2018/4/9 0:00	2018/4/13 23:59	2018/4/9 0:00	2018/4/13 23:59				1	0	100	3	"1,25006,1;1,91,333;1,16018,1;"	0	200	3	"1,16014,1;1,25004,1;"	0	500	3	"1,25008,1;1,90,10000000;1,45362,15;"	0	800	3	"1,45386,20;1,91,500;1,25005,1;"	0	1000	3	"1,25007,1;0,1314,1,1,1,2;1,90,30000000;"	0	1500	3	"1,25009,1;1,16031,1;1,90,50000000;"										1
2014	33	金币豪礼(盛开的太阳花)	累充返利	0	1	2018/4/2 0:00	2018/4/5 23:59	2018/4/2 0:00	2018/4/5 23:59				1	0	6	3	"1,94,200000;1,50001,10"	0	30	3	"1,94,500000;1,50001,50"	0	100	3	"1,94,3000000;1,50001,100"	0	200	3	"1,94,5000000;1,50001,240"	0	500	3	"1,94,10000000;1,50001,900"														1
2015	33	金币豪礼(盛开的太阳花)	累充返利	0	1	2018/4/9 0:00	2018/4/13 23:59	2018/4/9 0:00	2018/4/13 23:59				1	0	6	3	"1,94,200000;1,50001,10"	0	30	3	"1,94,500000;1,50001,50"	0	100	3	"1,94,3000000;1,50001,100"	0	200	3	"1,94,5000000;1,50001,240"	0	500	3	"1,94,10000000;1,50001,900"														1
2016	140	稀有植物	稀有植物	0	20	2018/4/2 0:00	2018/4/6 23:59	2018/4/2 0:00	2018/4/6 23:59	"21408,100|21407,100|21406,90|21401,60|21402,60|21405,90|21403,60|21404,60|"			1	0	100	3	"0,1338,1"																														1
2017	140	稀有植物	稀有植物	0	20	2018/4/9 0:00	2018/4/13 23:59	2018/4/9 0:00	2018/4/13 23:59	"21408,100|21407,100|21406,90|21401,60|21402,60|21405,90|21403,60|21404,60|"			1	0	100	3	"0,1338,1"																														1
2018	147	魔法限购	魔法限购	0	20	2018/3/31 0:00	2018/4/6 23:59	2018/3/31 0:00	2018/4/6 23:59				0	1	"300,80"	0	"1,35001,5;1,35002,5;1,35003,5;1,35004,5;1,35005,5;1,35006,5;1,35007,5;1,35008,5;1,35009,5;"	1	"250,70"	0	"1,45277,5;1,45145,5;1,45181,5;"	1	"150,50"	0	"1,34001,5;1,34002,5;1,34003,5;1,34004,5;1,34005,5;1,34006,5;1,34007,5;1,34008,5;1,34009,5;"																						1
2019	147	魔法限购	魔法限购	0	20	2018/4/7 0:00	2018/4/13 23:59	2018/4/7 0:00	2018/4/13 23:59				0	1	"300,80"	0	"1,35001,5;1,35002,5;1,35003,5;1,35004,5;1,35005,5;1,35006,5;1,35007,5;1,35008,5;1,35009,5;"	1	"250,70"	0	"1,45277,5;1,45145,5;1,45181,5;"	1	"150,50"	0	"1,34001,5;1,34002,5;1,34003,5;1,34004,5;1,34005,5;1,34006,5;1,34007,5;1,34008,5;1,34009,5;"																						1
2020	135	惊喜放送	充值领奖(可选择奖励）	0	1	2018/4/5 0:00	2018/4/8 23:59	2018/4/5 0:00	2018/4/8 23:59				6	1	30	4	"1,1,45121,10;2,1,45037,10;3,1,45121,10"	1	98	4	"1,0,1181,1,1,1,0;2,0,1129,1,1,1,0;3,0,1181,1,1,1,0"	1	98	4	"1,0,1013,1,1,1,0;2,0,1265,1,1,1,0;3,0,1013,1,1,1,0"																						1
2021	135	惊喜放送	充值领奖(可选择奖励）	0	1	2018/4/12 0:00	2018/4/15 23:59	2018/4/12 0:00	2018/4/15 23:59				6	1	30	4	"1,1,45121,10;2,1,45037,10;3,1,45121,10"	1	98	4	"1,0,1181,1,1,1,0;2,0,1129,1,1,1,0;3,0,1181,1,1,1,0"	1	98	4	"1,0,1013,1,1,1,0;2,0,1265,1,1,1,0;3,0,1013,1,1,1,0"																						1
2022	34	单充返利	单充返利	0	1	2018/3/31 0:00	2018/4/1 23:59	2018/3/31 0:00	2018/4/1 23:59				5	0	98	3	"1,90,5000000;1,60204,500;"	0	328	3	"1,90,10000000;1,60204,1000;"	0	648	3	"1,90,30000000;1,60204,2000;"																						1
2023	34	单充返利	单充返利	0	1	2018/4/4 0:00	2018/4/6 23:59	2018/4/4 0:00	2018/4/6 23:59				5	0	98	3	"1,90,10000000;"	0	328	3	"1,90,25000000;"	0	648	3	"1,90,50000000;"																						1
2024	34	单充返利	单充返利	0	1	2018/4/7 0:00	2018/4/8 23:59	2018/4/7 0:00	2018/4/8 23:59				5	0	98	3	"1,90,5000000;1,60204,500;"	0	328	3	"1,90,10000000;1,60204,1000;"	0	648	3	"1,90,30000000;1,60204,2000;"																						1
2025	34	单充返利	单充返利	0	1	2018/4/11 0:00	2018/4/13 23:59	2018/4/11 0:00	2018/4/13 23:59				5	0	98	3	"1,90,10000000;"	0	328	3	"1,90,25000000;"	0	648	3	"1,90,50000000;"																						1
2026	30	充值返利	充值返利(单次)	0	1	2018/4/14 0:00	2018/4/15 23:59	2018/4/14 0:00	2018/4/15 23:59				5	0	98	3	"1,35009,10;1,50002,2;"	0	198	3	"1,45362,10;1,45350,10;"	0	648	3	"1,16033,1;1,200,15;"																						0
2027	31	充值返利	充值返利(单次+累计)	0	1	2018/4/14 0:00	2018/4/15 23:59	2018/4/14 0:00	2018/4/15 23:59				1	0	100	3	"1,60204,500;1,91,500;"	0	300	3	"1,60204,800;1,91,1000;"	0	500	3	"1,60204,1000;1,91,2500;"	0	1000	3	"1,60204,2000;1,91,5000;"																	30	1
2028	30	充值返利	充值返利(单次)	0	1	2018/4/20 0:00	2018/4/22 23:59	2018/4/20 0:00	2018/4/22 23:59				5	0	98	3	"1,35007,10;1,50003,2;"	0	198	3	"1,45374,10;1,45386,10;"	0	648	3	"1,16030,1;1,200,15;"																						0
2029	31	充值返利	充值返利(单次+累计)	0	1	2018/4/20 0:00	2018/4/22 23:59	2018/4/20 0:00	2018/4/22 23:59				1	0	100	3	"1,60204,500;1,91,500;"	0	300	3	"1,60204,800;1,91,1000;"	0	500	3	"1,60204,1000;1,91,2500;"	0	1000	3	"1,60204,2000;1,91,5000;"																	30	1
2030	33	金币豪礼(盛开的金盏花)	累充返利	0	1	2018/4/14 0:00	2018/4/15 23:59	2018/4/14 0:00	2018/4/15 23:59				1	0	6	3	"1,90,200000;1,50001,10"	0	30	3	"1,90,500000;1,50001,50"	0	100	3	"1,90,3000000;1,50001,100"	0	200	3	"1,90,5000000;1,50001,240"	0	500	3	"1,90,10000000;1,50001,900"														1
2031	33	金币豪礼(盛开的金盏花)	累充返利	0	1	2018/4/20 0:00	2018/4/22 23:59	2018/4/20 0:00	2018/4/22 23:59				1	0	6	3	"1,90,200000;1,50001,10"	0	30	3	"1,90,500000;1,50001,50"	0	100	3	"1,90,3000000;1,50001,100"	0	200	3	"1,90,5000000;1,50001,240"	0	500	3	"1,90,10000000;1,50001,900"														1
2032	136	觉醒时刻	累计消耗钻石领奖	0	20	2018/4/14 0:00	2018/4/15 23:59	2018/4/14 0:00	2018/4/15 23:59				2	0	500	3	"1,60204,500;1,45121,5"	0	2000	3	"1,60204,500;1,45121,10"	0	5000	3	"1,60204,1000;1,1,16012,1;"	0	10000	3	"1,60204,2000;1,1,16018,1;"																		1
2033	136	觉醒时刻	累计消耗钻石领奖	0	20	2018/4/21 0:00	2018/4/22 23:59	2018/4/21 0:00	2018/4/22 23:59				2	0	500	3	"1,60204,500;1,45121,5"	0	2000	3	"1,60204,500;1,45121,10"	0	5000	3	"1,60204,1000;1,1,16008,1;"	0	10000	3	"1,60204,2000;1,1,16014,1;"																		1
2034	120	登陆赠礼(登陆赠礼)	活动期间每日登录游戏均可领取奖励	0	20	2018/4/14 0:00	2018/4/15 23:59	2018/4/14 0:00	2018/4/15 23:59				4	0	1	3	"1,90,1000000;1,50001,150;1,91,200;"	0	2	3	"1,90,1000000;1,50001,150;1,91,200;"																										1
2035	120	登陆赠礼(登陆赠礼)	活动期间每日登录游戏均可领取奖励	0	20	2018/4/21 0:00	2018/4/22 23:59	2018/4/21 0:00	2018/4/22 23:59				4	0	1	3	"1,90,500000;1,50001,150;"	0	2	3	"1,90,500000;1,50001,150;"																										1
2036	32	累充送礼	累充送礼	0	1	2018/4/16 0:00	2018/4/19 23:59	2018/4/16 0:00	2018/4/19 23:59				1	0	100	3	"1,90,5000000;1,91,333;1,16013,1;"	0	200	3	"1,16028,1;1,16029,1;"	0	500	3	"1,25008,1;1,90,10000000;1,45362,15;"	0	800	3	"1,45338,20;1,91,2000;"	0	1000	3	"1,25007,1;0,1386,1,1,1,2;1,90,30000000;"	0	1500	3	"1,25009,1;1,16035,1;1,90,50000000;"										1
2037	32	累充送礼	累充送礼	0	1	2018/4/23 0:00	2018/4/27 23:59	2018/4/23 0:00	2018/4/27 23:59				1	0	100	3	"1,25006,1;1,91,333;1,16018,1;"	0	200	3	"1,16014,1;1,25004,1;"	0	500	3	"1,25008,1;1,90,10000000;1,45314,15;"	0	800	3	"1,45386,20;1,91,500;1,25005,1;"	0	1000	3	"1,25007,1;0,1362,1,1,1,2;1,90,30000000;"	0	1500	3	"1,25009,1;1,16031,1;1,90,50000000;"										1
2038	33	金币豪礼(盛开的太阳花)	累充返利	0	1	2018/4/16 0:00	2018/4/19 23:59	2018/4/16 0:00	2018/4/19 23:59				1	0	6	3	"1,94,200000;1,50001,10"	0	30	3	"1,94,500000;1,50001,50"	0	100	3	"1,94,3000000;1,50001,100"	0	200	3	"1,94,5000000;1,50001,240"	0	500	3	"1,94,10000000;1,50001,900"														1
2039	33	金币豪礼(盛开的太阳花)	累充返利	0	1	2018/4/23 0:00	2018/4/27 23:59	2018/4/23 0:00	2018/4/27 23:59				1	0	6	3	"1,94,200000;1,50001,10"	0	30	3	"1,94,500000;1,50001,50"	0	100	3	"1,94,3000000;1,50001,100"	0	200	3	"1,94,5000000;1,50001,240"	0	500	3	"1,94,10000000;1,50001,900"														1
2040	140	稀有植物	稀有植物	0	20	2018/4/16 0:00	2018/4/20 23:59	2018/4/16 0:00	2018/4/20 23:59	"21408,100|21407,100|21406,90|21401,60|21402,60|21405,90|21403,60|21404,60|"			1	0	100	3	"0,1338,1"																														1
2041	140	稀有植物	稀有植物	0	20	2018/4/23 0:00	2018/4/27 23:59	2018/4/23 0:00	2018/4/27 23:59	"21408,100|21407,100|21406,90|21401,60|21402,60|21405,90|21403,60|21404,60|"			1	0	100	3	"0,1338,1"																														1
2042	147	魔法限购	魔法限购	0	20	2018/4/14 0:00	2018/4/20 23:59	2018/4/14 0:00	2018/4/20 23:59				0	1	"300,80"	0	"1,35001,5;1,35002,5;1,35003,5;1,35004,5;1,35005,5;1,35006,5;1,35007,5;1,35008,5;1,35009,5;"	1	"250,70"	0	"1,45277,5;1,45145,5;1,45181,5;"	1	"150,50"	0	"1,34001,5;1,34002,5;1,34003,5;1,34004,5;1,34005,5;1,34006,5;1,34007,5;1,34008,5;1,34009,5;"																						1
2043	147	魔法限购	魔法限购	0	20	2018/4/21 0:00	2018/4/27 23:59	2018/4/21 0:00	2018/4/27 23:59				0	1	"300,80"	0	"1,35001,5;1,35002,5;1,35003,5;1,35004,5;1,35005,5;1,35006,5;1,35007,5;1,35008,5;1,35009,5;"	1	"250,70"	0	"1,45277,5;1,45145,5;1,45181,5;"	1	"150,50"	0	"1,34001,5;1,34002,5;1,34003,5;1,34004,5;1,34005,5;1,34006,5;1,34007,5;1,34008,5;1,34009,5;"																						1
2044	135	惊喜放送	充值领奖(可选择奖励）	0	1	2018/4/19 0:00	2018/4/22 23:59	2018/4/19 0:00	2018/4/22 23:59				6	1	30	4	"1,1,45121,10;2,1,45037,10;3,1,45121,10"	1	98	4	"1,0,1181,1,1,1,0;2,0,1129,1,1,1,0;3,0,1181,1,1,1,0"	1	98	4	"1,0,1013,1,1,1,0;2,0,1265,1,1,1,0;3,0,1013,1,1,1,0"																						1
2045	135	惊喜放送	充值领奖(可选择奖励）	0	1	2018/4/26 0:00	2018/4/29 23:59	2018/4/26 0:00	2018/4/29 23:59				6	1	30	4	"1,1,45121,10;2,1,45037,10;3,1,45121,10"	1	98	4	"1,0,1181,1,1,1,0;2,0,1129,1,1,1,0;3,0,1181,1,1,1,0"	1	98	4	"1,0,1013,1,1,1,0;2,0,1265,1,1,1,0;3,0,1013,1,1,1,0"																						1
2046	34	单充返利	单充返利	0	1	2018/4/14 0:00	2018/4/15 23:59	2018/4/14 0:00	2018/4/15 23:59				5	0	98	3	"1,90,5000000;1,60204,500;"	0	328	3	"1,90,10000000;1,60204,1000;"	0	648	3	"1,90,30000000;1,60204,2000;"																						1
2047	34	单充返利	单充返利	0	1	2018/4/18 0:00	2018/4/20 23:59	2018/4/18 0:00	2018/4/20 23:59				5	0	98	3	"1,90,10000000;"	0	328	3	"1,90,25000000;"	0	648	3	"1,90,50000000;"																						1
2048	34	单充返利	单充返利	0	1	2018/4/21 0:00	2018/4/22 23:59	2018/4/21 0:00	2018/4/22 23:59				5	0	98	3	"1,90,5000000;1,60204,500;"	0	328	3	"1,90,10000000;1,60204,1000;"	0	648	3	"1,90,30000000;1,60204,2000;"																						1
2049	34	单充返利	单充返利	0	1	2018/4/25 0:00	2018/4/27 23:59	2018/4/25 0:00	2018/4/27 23:59				5	0	98	3	"1,90,10000000;"	0	328	3	"1,90,25000000;"	0	648	3	"1,90,50000000;"																						1
2050	30	充值返利	充值返利(单次)	0	1	2018/4/28 0:00	2018/4/29 23:59	2018/4/28 0:00	2018/4/29 23:59				5	0	98	3	"1,35009,10;1,50002,2;"	0	198	3	"1,45362,10;1,45350,10;"	0	648	3	"1,16033,1;1,200,15;"																						0
2051	31	充值返利	充值返利(单次+累计)	0	1	2018/4/28 0:00	2018/4/29 23:59	2018/4/28 0:00	2018/4/29 23:59				1	0	100	3	"1,60204,500;1,91,500;"	0	300	3	"1,60204,800;1,91,1000;"	0	500	3	"1,60204,1000;1,91,2500;"	0	1000	3	"1,60204,2000;1,91,5000;"																	30	1
2052	30	充值返利	充值返利(单次)	0	1	2018/5/4 0:00	2018/5/6 23:59	2018/5/4 0:00	2018/5/6 23:59				5	0	98	3	"1,35007,10;1,50003,2;"	0	198	3	"1,45374,10;1,45386,10;"	0	648	3	"1,16030,1;1,200,15;"																						0
2053	31	充值返利	充值返利(单次+累计)	0	1	2018/5/4 0:00	2018/5/6 23:59	2018/5/4 0:00	2018/5/6 23:59				1	0	100	3	"1,60204,500;1,91,500;"	0	300	3	"1,60204,800;1,91,1000;"	0	500	3	"1,60204,1000;1,91,2500;"	0	1000	3	"1,60204,2000;1,91,5000;"																	30	1
2054	33	金币豪礼(盛开的金盏花)	累充返利	0	1	2018/4/28 0:00	2018/4/29 23:59	2018/4/28 0:00	2018/4/29 23:59				1	0	6	3	"1,90,200000;1,50001,10"	0	30	3	"1,90,500000;1,50001,50"	0	100	3	"1,90,3000000;1,50001,100"	0	200	3	"1,90,5000000;1,50001,240"	0	500	3	"1,90,10000000;1,50001,900"														1
2055	33	金币豪礼(盛开的金盏花)	累充返利	0	1	2018/5/5 0:00	2018/5/6 23:59	2018/5/5 0:00	2018/5/6 23:59				1	0	6	3	"1,90,200000;1,50001,10"	0	30	3	"1,90,500000;1,50001,50"	0	100	3	"1,90,3000000;1,50001,100"	0	200	3	"1,90,5000000;1,50001,240"	0	500	3	"1,90,10000000;1,50001,900"														1
2056	136	觉醒时刻	累计消耗钻石领奖	0	20	2018/4/28 0:00	2018/4/29 23:59	2018/4/28 0:00	2018/4/29 23:59				2	0	500	3	"1,60204,500;1,45181,5"	0	2000	3	"1,60204,500;1,45181,10"	0	5000	3	"1,60204,1000;1,1,16012,1;"	0	10000	3	"1,60204,2000;1,1,16018,1;"																		1
2057	136	觉醒时刻	累计消耗钻石领奖	0	20	2018/5/5 0:00	2018/5/6 23:59	2018/5/5 0:00	2018/5/6 23:59				2	0	500	3	"1,60204,500;1,45181,5"	0	2000	3	"1,60204,500;1,45181,10"	0	5000	3	"1,60204,1000;1,1,16008,1;"	0	10000	3	"1,60204,2000;1,1,16014,1;"																		1
2058	120	登陆赠礼(登陆赠礼)	活动期间每日登录游戏均可领取奖励	0	20	2018/4/28 0:00	2018/4/29 23:59	2018/4/28 0:00	2018/4/29 23:59				4	0	1	3	"1,90,1000000;1,50001,150;1,91,200;"	0	2	3	"1,90,1000000;1,50001,150;1,91,200;"																										1
2059	120	登陆赠礼(登陆赠礼)	活动期间每日登录游戏均可领取奖励	0	20	2018/4/30 0:00	2018/5/1 23:59	2018/4/30 0:00	2018/5/1 23:59				4	0	1	3	"1,90,1000000;1,50001,150;1,91,200;"	0	2	3	"1,90,1000000;1,50001,150;1,91,200;"																										1
2060	120	登陆赠礼(登陆赠礼)	活动期间每日登录游戏均可领取奖励	0	20	2018/5/5 0:00	2018/5/6 23:59	2018/5/5 0:00	2018/5/6 23:59				4	0	1	3	"1,90,500000;1,50001,150;"	0	2	3	"1,90,500000;1,50001,150;"																										1
2061	32	累充送礼	累充送礼	0	1	2018/4/30 0:00	2018/5/3 23:59	2018/4/30 0:00	2018/5/3 23:59				1	0	100	3	"1,90,5000000;1,91,333;1,16013,1;"	0	200	3	"1,16028,1;1,50002,2;"	0	500	3	"1,25008,1;1,90,10000000;0,1386,1,1,1,0;"	0	800	3	"1,45338,20;1,91,2000;"	0	1000	3	"1,25007,1;0,1386,1,1,1,2;1,90,30000000;"	0	1500	3	"1,25009,1;1,16035,1;1,90,50000000;"										1
2062	32	累充送礼	累充送礼	0	1	2018/5/7 0:00	2018/5/11 23:59	2018/5/7 0:00	2018/5/11 23:59				1	0	100	3	"1,25006,1;1,91,333;1,16018,1;"	0	200	3	"1,50003,2;1,25004,1;"	0	500	3	"1,25008,1;1,90,10000000;1,45314,15;"	0	800	3	"1,45386,20;1,91,500;1,25005,1;"	0	1000	3	"1,25007,1;0,1362,1,1,1,2;1,90,30000000;"	0	1500	3	"1,25009,1;1,16031,1;1,90,50000000;"										1
2063	33	金币豪礼(盛开的太阳花)	累充返利	0	1	2018/4/30 0:00	2018/5/3 23:59	2018/4/30 0:00	2018/5/3 23:59				1	0	6	3	"1,94,200000;1,50001,10"	0	30	3	"1,94,500000;1,50001,50"	0	100	3	"1,94,3000000;1,50001,100"	0	200	3	"1,94,5000000;1,50001,240"	0	500	3	"1,94,10000000;1,50001,900"														1
2064	33	金币豪礼(盛开的太阳花)	累充返利	0	1	2018/5/7 0:00	2018/5/11 23:59	2018/5/7 0:00	2018/5/11 23:59				1	0	6	3	"1,94,200000;1,50001,10"	0	30	3	"1,94,500000;1,50001,50"	0	100	3	"1,94,3000000;1,50001,100"	0	200	3	"1,94,5000000;1,50001,240"	0	500	3	"1,94,10000000;1,50001,900"														1
2065	140	稀有植物	稀有植物	0	20	2018/4/30 0:00	2018/5/4 23:59	2018/4/30 0:00	2018/5/4 23:59	"21408,100|21407,100|21406,90|21401,60|21402,60|21405,90|21403,60|21404,60|"			1	0	100	3	"0,1338,1"																														1
2066	140	稀有植物	稀有植物	0	20	2018/5/7 0:00	2018/5/11 23:59	2018/5/7 0:00	2018/5/11 23:59	"21408,100|21407,100|21406,90|21401,60|21402,60|21405,90|21403,60|21404,60|"			1	0	100	3	"0,1338,1"																														1
2067	147	魔法限购	魔法限购	0	20	2018/4/28 0:00	2018/5/4 23:59	2018/4/28 0:00	2018/5/4 23:59				0	1	"300,80"	0	"1,35001,5;1,35002,5;1,35003,5;1,35004,5;1,35005,5;1,35006,5;1,35007,5;1,35008,5;1,35009,5;"	1	"250,70"	0	"1,45277,5;1,45145,5;1,45181,5;"	1	"150,50"	0	"1,34001,5;1,34002,5;1,34003,5;1,34004,5;1,34005,5;1,34006,5;1,34007,5;1,34008,5;1,34009,5;"																						1
2068	147	魔法限购	魔法限购	0	20	2018/5/5 0:00	2018/5/11 23:59	2018/5/5 0:00	2018/5/11 23:59				0	1	"300,80"	0	"1,35001,5;1,35002,5;1,35003,5;1,35004,5;1,35005,5;1,35006,5;1,35007,5;1,35008,5;1,35009,5;"	1	"250,70"	0	"1,45277,5;1,45145,5;1,45181,5;"	1	"150,50"	0	"1,34001,5;1,34002,5;1,34003,5;1,34004,5;1,34005,5;1,34006,5;1,34007,5;1,34008,5;1,34009,5;"																						1
2069	135	惊喜放送	充值领奖(可选择奖励）	0	1	2018/5/3 0:00	2018/5/6 23:59	2018/5/3 0:00	2018/5/6 23:59				6	1	30	4	"1,1,45121,10;2,1,45037,10;3,1,45121,10"	1	98	4	"1,0,1181,1,1,1,0;2,0,1129,1,1,1,0;3,0,1181,1,1,1,0"	1	98	4	"1,0,1013,1,1,1,0;2,0,1265,1,1,1,0;3,0,1013,1,1,1,0"																						1
2070	135	惊喜放送	充值领奖(可选择奖励）	0	1	2018/5/10 0:00	2018/5/13 23:59	2018/5/10 0:00	2018/5/13 23:59				6	1	30	4	"1,1,45121,10;2,1,45037,10;3,1,45121,10"	1	98	4	"1,0,1181,1,1,1,0;2,0,1129,1,1,1,0;3,0,1181,1,1,1,0"	1	98	4	"1,0,1013,1,1,1,0;2,0,1265,1,1,1,0;3,0,1013,1,1,1,0"																						1
2071	34	单充返利	单充返利	0	1	2018/4/28 0:00	2018/4/29 23:59	2018/4/28 0:00	2018/4/29 23:59				5	0	98	3	"1,90,5000000;1,60204,500;"	0	328	3	"1,90,10000000;1,60204,1000;"	0	648	3	"1,90,30000000;1,60204,2000;"																						1
2072	34	单充返利	单充返利	0	1	2018/4/30 0:00	2018/5/1 23:59	2018/4/30 0:00	2018/5/1 23:59				5	0	98	3	"1,90,10000000;1,94,10000000;"	0	328	3	"1,90,25000000;1,94,20000000;"	0	648	3	"1,90,50000000;1,94,50000000;"																						1
2073	34	单充返利	单充返利	0	1	2018/5/2 0:00	2018/5/4 23:59	2018/5/2 0:00	2018/5/4 23:59				5	0	98	3	"1,90,10000000;"	0	328	3	"1,90,25000000;"	0	648	3	"1,90,50000000;"																						1
2074	34	单充返利	单充返利	0	1	2018/5/5 0:00	2018/5/6 23:59	2018/5/5 0:00	2018/5/6 23:59				5	0	98	3	"1,90,5000000;1,60204,500;"	0	328	3	"1,90,10000000;1,60204,1000;"	0	648	3	"1,90,30000000;1,60204,2000;"																						1
2075	34	单充返利	单充返利	0	1	2018/5/9 0:00	2018/5/11 23:59	2018/5/9 0:00	2018/5/11 23:59				5	0	98	3	"1,90,10000000;"	0	328	3	"1,90,25000000;"	0	648	3	"1,90,50000000;"																						1
2076	30	充值返利	充值返利(单次)	0	1	2018/5/12 0:00	2018/5/13 23:59	2018/5/12 0:00	2018/5/13 23:59				5	0	98	3	"1,35009,10;1,50002,2;"	0	198	3	"1,45362,10;1,45350,10;"	0	648	3	"1,16033,1;1,200,15;"																						0
2077	31	充值返利	充值返利(单次+累计)	0	1	2018/5/12 0:00	2018/5/13 23:59	2018/5/12 0:00	2018/5/13 23:59				1	0	100	3	"1,60204,500;1,91,500;"	0	300	3	"1,60204,800;1,91,1000;"	0	500	3	"1,60204,1000;1,91,2500;"	0	1000	3	"1,60204,2000;1,91,5000;"																	30	1
2078	30	充值返利	充值返利(单次)	0	1	2018/5/18 0:00	2018/5/20 23:59	2018/5/18 0:00	2018/5/20 23:59				5	0	98	3	"1,35007,10;1,50003,2;"	0	198	3	"1,45374,10;1,45386,10;"	0	648	3	"1,16030,1;1,200,15;"																						0
2079	31	充值返利	充值返利(单次+累计)	0	1	2018/5/18 0:00	2018/5/20 23:59	2018/5/18 0:00	2018/5/20 23:59				1	0	100	3	"1,60204,500;1,91,500;"	0	300	3	"1,60204,800;1,91,1000;"	0	500	3	"1,60204,1000;1,91,2500;"	0	1000	3	"1,60204,2000;1,91,5000;"																	30	1
2080	33	金币豪礼(盛开的金盏花)	累充返利	0	1	2018/5/12 0:00	2018/5/13 23:59	2018/5/12 0:00	2018/5/13 23:59				1	0	6	3	"1,90,200000;1,50001,10"	0	30	3	"1,90,500000;1,50001,50"	0	100	3	"1,90,3000000;1,50001,100"	0	200	3	"1,90,5000000;1,50001,240"	0	500	3	"1,90,10000000;1,50001,900"														1
2081	33	金币豪礼(盛开的金盏花)	累充返利	0	1	2018/5/18 0:00	2018/5/20 23:59	2018/5/18 0:00	2018/5/20 23:59				1	0	6	3	"1,90,200000;1,50001,10"	0	30	3	"1,90,500000;1,50001,50"	0	100	3	"1,90,3000000;1,50001,100"	0	200	3	"1,90,5000000;1,50001,240"	0	500	3	"1,90,10000000;1,50001,900"														1
2082	136	觉醒时刻	累计消耗钻石领奖	0	20	2018/5/12 0:00	2018/5/13 23:59	2018/5/12 0:00	2018/5/13 23:59				2	0	500	3	"1,60204,500;1,45181,5"	0	2000	3	"1,60204,500;1,45181,10"	0	5000	3	"1,60204,1000;1,1,16012,1;"	0	10000	3	"1,60204,2000;1,1,16018,1;"																		1
2083	136	觉醒时刻	累计消耗钻石领奖	0	20	2018/5/19 0:00	2018/5/20 23:59	2018/5/19 0:00	2018/5/20 23:59				2	0	500	3	"1,60204,500;1,45181,5"	0	2000	3	"1,60204,500;1,45181,10"	0	5000	3	"1,60204,1000;1,1,16008,1;"	0	10000	3	"1,60204,2000;1,1,16014,1;"																		1
2084	120	登陆赠礼(登陆赠礼)	活动期间每日登录游戏均可领取奖励	0	20	2018/5/12 0:00	2018/5/13 23:59	2018/5/12 0:00	2018/5/13 23:59				4	0	1	3	"1,90,1000000;1,50001,150;1,91,200;"	0	2	3	"1,90,1000000;1,50001,150;1,91,200;"																										1
2085	120	登陆赠礼(登陆赠礼)	活动期间每日登录游戏均可领取奖励	0	20	2018/5/19 0:00	2018/5/20 23:59	2018/5/19 0:00	2018/5/20 23:59				4	0	1	3	"1,90,500000;1,50001,150;"	0	2	3	"1,90,500000;1,50001,150;"																										1
2086	32	累充送礼	累充送礼	0	1	2018/5/14 0:00	2018/5/17 23:59	2018/5/14 0:00	2018/5/17 23:59				1	0	100	3	"1,90,5000000;1,91,333;1,16013,1;"	0	200	3	"1,16028,1;1,50002,2;"	0	500	3	"1,25008,1;1,90,10000000;0,1386,1,1,1,0;"	0	800	3	"1,45338,20;1,91,2000;"	0	1000	3	"1,25007,1;0,1386,1,1,1,2;1,90,30000000;"	0	1500	3	"1,25009,1;1,16035,1;1,90,50000000;"										1
2087	32	累充送礼	累充送礼	0	1	2018/5/21 0:00	2018/5/25 23:59	2018/5/21 0:00	2018/5/25 23:59				1	0	100	3	"1,25006,1;1,91,333;1,16018,1;"	0	200	3	"1,50003,2;1,25004,1;"	0	500	3	"1,25008,1;1,90,10000000;1,45314,15;"	0	800	3	"1,45386,20;1,91,500;1,25005,1;"	0	1000	3	"1,25007,1;0,1362,1,1,1,2;1,90,30000000;"	0	1500	3	"1,25009,1;1,16031,1;1,90,50000000;"										1
2088	33	金币豪礼(盛开的太阳花)	累充返利	0	1	2018/5/14 0:00	2018/5/17 23:59	2018/5/14 0:00	2018/5/17 23:59				1	0	6	3	"1,94,200000;1,50001,10"	0	30	3	"1,94,500000;1,50001,50"	0	100	3	"1,94,3000000;1,50001,100"	0	200	3	"1,94,5000000;1,50001,240"	0	500	3	"1,94,10000000;1,50001,900"														1
2089	33	金币豪礼(盛开的太阳花)	累充返利	0	1	2018/5/21 0:00	2018/5/25 23:59	2018/5/21 0:00	2018/5/25 23:59				1	0	6	3	"1,94,200000;1,50001,10"	0	30	3	"1,94,500000;1,50001,50"	0	100	3	"1,94,3000000;1,50001,100"	0	200	3	"1,94,5000000;1,50001,240"	0	500	3	"1,94,10000000;1,50001,900"														1
2090	140	稀有植物	稀有植物	0	20	2018/5/14 0:00	2018/5/18 23:59	2018/5/14 0:00	2018/5/18 23:59	"21408,100|21407,100|21406,90|21401,60|21402,60|21405,90|21403,60|21404,60|"			1	0	100	3	"0,1338,1"																														1
2091	140	稀有植物	稀有植物	0	20	2018/5/21 0:00	2018/5/25 23:59	2018/5/21 0:00	2018/5/25 23:59	"21408,100|21407,100|21406,90|21401,60|21402,60|21405,90|21403,60|21404,60|"			1	0	100	3	"0,1338,1"																														1
2092	147	魔法限购	魔法限购	0	20	2018/5/12 0:00	2018/5/18 23:59	2018/5/12 0:00	2018/5/18 23:59				0	1	"300,80"	0	"1,35001,5;1,35002,5;1,35003,5;1,35004,5;1,35005,5;1,35006,5;1,35007,5;1,35008,5;1,35009,5;"	1	"250,70"	0	"1,45277,5;1,45145,5;1,45181,5;"	1	"150,50"	0	"1,34001,5;1,34002,5;1,34003,5;1,34004,5;1,34005,5;1,34006,5;1,34007,5;1,34008,5;1,34009,5;"																						1
2093	147	魔法限购	魔法限购	0	20	2018/5/19 0:00	2018/5/25 23:59	2018/5/19 0:00	2018/5/25 23:59				0	1	"300,80"	0	"1,35001,5;1,35002,5;1,35003,5;1,35004,5;1,35005,5;1,35006,5;1,35007,5;1,35008,5;1,35009,5;"	1	"250,70"	0	"1,45277,5;1,45145,5;1,45181,5;"	1	"150,50"	0	"1,34001,5;1,34002,5;1,34003,5;1,34004,5;1,34005,5;1,34006,5;1,34007,5;1,34008,5;1,34009,5;"																						1
2094	135	惊喜放送	充值领奖(可选择奖励）	0	1	2018/5/17 0:00	2018/5/20 23:59	2018/5/17 0:00	2018/5/20 23:59				6	1	30	4	"1,1,45121,10;2,1,45037,10;3,1,45121,10"	1	98	4	"1,0,1181,1,1,1,0;2,0,1129,1,1,1,0;3,0,1181,1,1,1,0"	1	98	4	"1,0,1013,1,1,1,0;2,0,1265,1,1,1,0;3,0,1013,1,1,1,0"																						1
2095	135	惊喜放送	充值领奖(可选择奖励）	0	1	2018/5/24 0:00	2018/5/27 23:59	2018/5/24 0:00	2018/5/27 23:59				6	1	30	4	"1,1,45121,10;2,1,45037,10;3,1,45121,10"	1	98	4	"1,0,1181,1,1,1,0;2,0,1129,1,1,1,0;3,0,1181,1,1,1,0"	1	98	4	"1,0,1013,1,1,1,0;2,0,1265,1,1,1,0;3,0,1013,1,1,1,0"																						1
2096	34	单充返利	单充返利	0	1	2018/5/12 0:00	2018/5/13 23:59	2018/5/12 0:00	2018/5/13 23:59				5	0	98	3	"1,90,10000000;1,94,10000000;"	0	328	3	"1,90,25000000;1,94,20000000;"	0	648	3	"1,90,50000000;1,94,50000000;"																						1
2097	34	单充返利	单充返利	0	1	2018/5/16 0:00	2018/5/18 23:59	2018/5/16 0:00	2018/5/18 23:59				5	0	98	3	"1,90,10000000;1,94,10000000;"	0	328	3	"1,90,25000000;1,94,20000000;"	0	648	3	"1,90,50000000;1,94,50000000;"																						1
2098	34	单充返利	单充返利	0	1	2018/5/19 0:00	2018/5/20 23:59	2018/5/19 0:00	2018/5/20 23:59				5	0	98	3	"1,90,5000000;1,60204,500;"	0	328	3	"1,90,10000000;1,60204,1000;"	0	648	3	"1,90,30000000;1,60204,2000;"																						1
2099	34	单充返利	单充返利	0	1	2018/5/23 0:00	2018/5/25 23:59	2018/5/23 0:00	2018/5/25 23:59				5	0	98	3	"1,90,5000000;1,60204,500;"	0	328	3	"1,90,10000000;1,60204,1000;"	0	648	3	"1,90,30000000;1,60204,2000;"																						1
2100	30	充值返利	充值返利(单次)	0	1	2018/5/26 0:00	2018/5/27 23:59	2018/5/26 0:00	2018/5/27 23:59				5	0	98	3	"1,35009,10;1,50002,2;"	0	198	3	"1,45362,10;1,45350,10;"	0	648	3	"1,16033,1;1,200,15;"																						0
2101	31	充值返利	充值返利(单次+累计)	0	1	2018/5/26 0:00	2018/5/27 23:59	2018/5/26 0:00	2018/5/27 23:59				1	0	100	3	"1,60204,500;1,91,500;"	0	300	3	"1,60204,800;1,91,1000;"	0	500	3	"1,60204,1000;1,91,2500;"	0	1000	3	"1,60204,2000;1,91,5000;"																	30	1
2102	30	充值返利	充值返利(单次)	0	1	2018/6/1 0:00	2018/6/3 23:59	2018/6/1 0:00	2018/6/3 23:59				5	0	98	3	"1,25007,1;"	0	198	3	"1,25009,1;"	0	648	3	"1,25001,1;0,1386,1,1,1,2;"																						0
2103	31	充值返利	充值返利(单次+累计)	0	1	2018/6/1 0:00	2018/6/3 23:59	2018/6/1 0:00	2018/6/3 23:59				1	0	100	3	"1,60204,500;1,91,500;"	0	300	3	"1,60204,800;1,91,1000;"	0	500	3	"1,60204,1000;1,91,2500;"	0	1000	3	"1,60204,2000;1,91,5000;"																	30	1
2104	33	金币豪礼(盛开的金盏花)	累充返利	0	1	2018/5/26 0:00	2018/5/27 23:59	2018/5/26 0:00	2018/5/27 23:59				1	0	6	3	"1,90,200000;1,50001,10"	0	30	3	"1,90,500000;1,50001,50"	0	100	3	"1,90,3000000;1,50001,100"	0	200	3	"1,90,5000000;1,50001,240"	0	500	3	"1,90,10000000;1,50001,900"														1
2105	33	金币豪礼(盛开的金盏花)	累充返利	0	1	2018/6/1 0:00	2018/6/3 23:59	2018/6/1 0:00	2018/6/3 23:59				1	0	6	3	"1,90,200000;1,50001,10"	0	30	3	"1,90,500000;1,50001,50"	0	100	3	"1,90,3000000;1,50001,100"	0	200	3	"1,90,5000000;1,50001,240"	0	500	3	"1,90,10000000;1,50001,900"														1
2106	136	觉醒时刻	累计消耗钻石领奖	0	20	2018/5/26 0:00	2018/5/27 23:59	2018/5/26 0:00	2018/5/27 23:59				2	0	500	3	"1,60204,500;1,45181,5"	0	2000	3	"1,60204,500;1,45181,10"	0	5000	3	"1,60204,1000;1,1,16012,1;"	0	10000	3	"1,60204,2000;1,1,16018,1;"																		1
2107	136	觉醒时刻	累计消耗钻石领奖	0	20	2018/6/2 0:00	2018/6/3 23:59	2018/6/2 0:00	2018/6/3 23:59				2	0	500	3	"1,60204,500;1,45181,5"	0	2000	3	"1,60204,500;1,45181,10"	0	5000	3	"1,60204,1000;1,1,16008,1;"	0	10000	3	"1,60204,2000;1,1,16014,1;"																		1
2108	120	登陆赠礼(登陆赠礼)	活动期间每日登录游戏均可领取奖励	0	20	2018/5/26 0:00	2018/5/27 23:59	2018/5/26 0:00	2018/5/27 23:59				4	0	1	3	"1,90,500000;1,50001,150;"	0	2	3	"1,90,500000;1,50001,150;"																										1
2109	120	登陆赠礼(登陆赠礼)	活动期间每日登录游戏均可领取奖励	0	20	2018/6/2 0:00	2018/6/3 23:59	2018/6/2 0:00	2018/6/3 23:59				4	0	1	3	"1,90,1000000;1,50001,150;1,91,200;"	0	2	3	"1,90,1000000;1,50001,150;1,91,200;"																										1
2110	32	累充送礼	累充送礼	0	1	2018/5/28 0:00	2018/5/31 23:59	2018/5/28 0:00	2018/5/31 23:59				1	0	100	3	"1,90,5000000;1,91,333;1,16013,1;"	0	200	3	"1,16028,1;1,50002,2;"	0	500	3	"1,25008,1;1,90,10000000;0,1386,1,1,1,0;"	0	800	3	"1,45338,20;1,91,2000;"	0	1000	3	"1,25007,1;0,1350,1,1,1,2;1,90,30000000;"	0	1500	3	"1,25009,1;1,16035,1;1,90,50000000;"										1
2111	32	累充送礼	累充送礼	0	1	2018/6/4 0:00	2018/6/8 23:59	2018/6/4 0:00	2018/6/8 23:59				1	0	100	3	"1,25006,1;1,91,333;1,16018,1;"	0	200	3	"1,50003,2;1,25004,1;"	0	500	3	"1,25008,1;1,90,10000000;1,45314,15;"	0	800	3	"1,45350,20;1,91,500;1,25005,1;"	0	1000	3	"1,25007,1;0,1338,1,1,1,2;1,90,30000000;"	0	1500	3	"1,25009,1;1,16031,1;1,90,50000000;"										1
2112	33	金币豪礼(盛开的太阳花)	累充返利	0	1	2018/5/28 0:00	2018/6/1 23:59	2018/5/28 0:00	2018/6/1 23:59				1	0	6	3	"1,94,200000;1,50001,10"	0	30	3	"1,94,500000;1,50001,50"	0	100	3	"1,94,3000000;1,50001,100"	0	200	3	"1,94,5000000;1,50001,240"	0	500	3	"1,94,10000000;1,50001,900"														1
2113	33	金币豪礼(盛开的太阳花)	累充返利	0	1	2018/6/4 0:00	2018/6/8 23:59	2018/6/4 0:00	2018/6/8 23:59				1	0	6	3	"1,94,200000;1,50001,10"	0	30	3	"1,94,500000;1,50001,50"	0	100	3	"1,94,3000000;1,50001,100"	0	200	3	"1,94,5000000;1,50001,240"	0	500	3	"1,94,10000000;1,50001,900"														1
2114	140	稀有植物	稀有植物	0	20	2018/5/28 0:00	2018/6/1 23:59	2018/5/28 0:00	2018/6/1 23:59	"21408,100|21407,100|21406,90|21401,60|21402,60|21405,90|21403,60|21404,60|"			1	0	100	3	"0,1338,1"																														1
2115	140	稀有植物	稀有植物	0	20	2018/6/4 0:00	2018/6/8 23:59	2018/6/4 0:00	2018/6/8 23:59	"21408,100|21407,100|21406,90|21401,60|21402,60|21405,90|21403,60|21404,60|"			1	0	100	3	"0,1338,1"																														1
2116	147	魔法限购	魔法限购	0	20	2018/5/26 0:00	2018/6/1 23:59	2018/5/26 0:00	2018/6/1 23:59				0	1	"300,80"	0	"1,35001,5;1,35002,5;1,35003,5;1,35004,5;1,35005,5;1,35006,5;1,35007,5;1,35008,5;1,35009,5;"	1	"250,70"	0	"1,45277,5;1,45145,5;1,45181,5;"	1	"150,50"	0	"1,34001,5;1,34002,5;1,34003,5;1,34004,5;1,34005,5;1,34006,5;1,34007,5;1,34008,5;1,34009,5;"																						1
2117	147	魔法限购	魔法限购	0	20	2018/6/2 0:00	2018/6/8 23:59	2018/6/2 0:00	2018/6/8 23:59				0	1	"300,80"	0	"1,35001,5;1,35002,5;1,35003,5;1,35004,5;1,35005,5;1,35006,5;1,35007,5;1,35008,5;1,35009,5;"	1	"250,70"	0	"1,45277,5;1,45145,5;1,45181,5;"	1	"150,50"	0	"1,34001,5;1,34002,5;1,34003,5;1,34004,5;1,34005,5;1,34006,5;1,34007,5;1,34008,5;1,34009,5;"																						1
2118	135	惊喜放送	充值领奖(可选择奖励）	0	1	2018/5/31 0:00	2018/6/2 23:59	2018/5/31 0:00	2018/6/2 23:59				6	1	30	4	"1,1,45121,10;2,1,45037,10;3,1,45121,10"	1	98	4	"1,0,1181,1,1,1,0;2,0,1129,1,1,1,0;3,0,1181,1,1,1,0"	1	98	4	"1,0,1013,1,1,1,0;2,0,1265,1,1,1,0;3,0,1013,1,1,1,0"																						1
2119	135	惊喜放送	充值领奖(可选择奖励）	0	1	2018/6/7 0:00	2018/6/10 23:59	2018/6/7 0:00	2018/6/10 23:59				6	1	30	4	"1,1,45121,10;2,1,45037,10;3,1,45121,10"	1	98	4	"1,0,1181,1,1,1,0;2,0,1129,1,1,1,0;3,0,1181,1,1,1,0"	1	98	4	"1,0,1013,1,1,1,0;2,0,1265,1,1,1,0;3,0,1013,1,1,1,0"																						1
2120	34	单充返利	单充返利	0	1	2018/5/26 0:00	2018/5/27 23:59	2018/5/26 0:00	2018/5/27 23:59				5	0	98	3	"1,90,10000000;1,94,10000000;"	0	328	3	"1,90,25000000;1,94,20000000;"	0	648	3	"1,90,50000000;1,94,50000000;"																						1
2121	34	单充返利	单充返利	0	1	2018/5/29 0:00	2018/5/31 23:59	2018/5/29 0:00	2018/5/31 23:59				5	0	98	3	"1,90,10000000;"	0	328	3	"1,90,25000000;"	0	648	3	"1,90,50000000;"																						1
2122	34	单充返利	单充返利	0	1	2018/6/1 0:00	2018/6/3 23:59	2018/6/1 0:00	2018/6/3 23:59				5	0	98	3	"1,90,10000000;1,60204,1000;"	0	328	3	"1,90,25000000;1,60204,2500;"	0	648	3	"1,90,50000000;1,60204,5000;"																						1
2123	34	单充返利	单充返利	0	1	2018/6/6 0:00	2018/6/8 23:59	2018/6/6 0:00	2018/6/8 23:59				5	0	98	3	"1,90,5000000;1,60204,500;"	0	328	3	"1,90,10000000;1,60204,1000;"	0	648	3	"1,90,30000000;1,60204,2000;"																						1
2124	30	充值返利	充值返利(单次)	0	1	2018/6/9 0:00	2018/6/10 23:59	2018/6/9 0:00	2018/6/10 23:59				5	0	98	3	"1,35007,10;1,50003,2;"	0	198	3	"1,45386,10;1,45338,10;"	0	648	3	"1,16030,1;1,200,15;"																						0
2125	31	充值返利	充值返利(单次+累计)	0	1	2018/6/9 0:00	2018/6/10 23:59	2018/6/9 0:00	2018/6/10 23:59				1	0	100	3	"1,60204,500;1,91,500;"	0	300	3	"1,60204,800;1,91,1000;"	0	500	3	"1,60204,1000;1,91,2500;"	0	1000	3	"1,60204,2000;1,91,5000;"																	30	1
2126	30	充值返利	充值返利(单次)	0	1	2018/6/15 0:00	2018/6/17 23:59	2018/6/15 0:00	2018/6/17 23:59				5	0	98	3	"1,25007,1;1,50001,100;"	0	198	3	"1,25009,1;1,50001,300;"	0	648	3	"0,1386,1,1,1,2;"																						0
2127	31	充值返利	充值返利(单次+累计)	0	1	2018/6/15 0:00	2018/6/17 23:59	2018/6/15 0:00	2018/6/17 23:59				1	0	100	3	"1,60204,500;1,91,500;"	0	300	3	"1,60204,800;1,91,1000;"	0	500	3	"1,60204,1000;1,91,2500;"	0	1000	3	"1,60204,2000;1,91,5000;"																	30	1
2128	30	充值返利	充值返利(单次)	0	1	2018/6/22 0:00	2018/6/24 23:59	2018/6/22 0:00	2018/6/24 23:59				5	0	98	3	"1,35007,10;1,50003,2;"	0	198	3	"1,45386,10;1,45338,10;"	0	648	3	"1,16030,1;1,200,15;"																						0
2129	31	充值返利	充值返利(单次+累计)	0	1	2018/6/22 0:00	2018/6/24 23:59	2018/6/22 0:00	2018/6/24 23:59				1	0	100	3	"1,60204,500;1,91,500;"	0	300	3	"1,60204,800;1,91,1000;"	0	500	3	"1,60204,1000;1,91,2500;"	0	1000	3	"1,60204,2000;1,91,5000;"																	30	1
2130	33	金币豪礼(盛开的金盏花)	累充返利	0	1	2018/6/9 0:00	2018/6/10 23:59	2018/6/9 0:00	2018/6/10 23:59				1	0	6	3	"1,90,200000;1,50001,10"	0	30	3	"1,90,500000;1,50001,50"	0	100	3	"1,90,3000000;1,50001,100"	0	200	3	"1,90,5000000;1,50001,240"	0	500	3	"1,90,10000000;1,50001,900"														1
2131	33	金币豪礼(盛开的金盏花)	累充返利	0	1	2018/6/15 0:00	2018/6/17 23:59	2018/6/15 0:00	2018/6/17 23:59				1	0	6	3	"1,90,200000;1,50001,10"	0	30	3	"1,90,500000;1,50001,50"	0	100	3	"1,90,3000000;1,50001,100"	0	200	3	"1,90,5000000;1,50001,240"	0	500	3	"1,90,10000000;1,50001,900"														1
2132	33	金币豪礼(盛开的金盏花)	累充返利	0	1	2018/6/22 0:00	2018/6/24 23:59	2018/6/22 0:00	2018/6/24 23:59				1	0	6	3	"1,90,200000;1,50001,10"	0	30	3	"1,90,500000;1,50001,50"	0	100	3	"1,90,3000000;1,50001,100"	0	200	3	"1,90,5000000;1,50001,240"	0	500	3	"1,90,10000000;1,50001,900"														1
2133	136	觉醒时刻	累计消耗钻石领奖	0	20	2018/6/9 0:00	2018/6/10 23:59	2018/6/9 0:00	2018/6/10 23:59				2	0	500	3	"1,60204,500;1,45265,5"	0	2000	3	"1,60204,500;1,45265,10"	0	5000	3	"1,60204,1000;1,1,16012,1;"	0	10000	3	"1,60204,2000;1,1,16018,1;"																		1
2134	136	觉醒时刻	累计消耗钻石领奖	0	20	2018/6/16 0:00	2018/6/17 23:59	2018/6/16 0:00	2018/6/17 23:59				2	0	500	3	"1,60204,500;1,45181,5"	0	2000	3	"1,60204,500;1,45181,10"	0	5000	3	"1,60204,1000;1,1,16008,1;"	0	10000	3	"1,60204,2000;1,1,16014,1;"																		1
2135	136	觉醒时刻	累计消耗钻石领奖	0	20	2018/6/23 0:00	2018/6/24 23:59	2018/6/23 0:00	2018/6/24 23:59				2	0	500	3	"1,60204,500;1,45265,5"	0	2000	3	"1,60204,500;1,45265,10"	0	5000	3	"1,60204,1000;1,1,16008,1;"	0	10000	3	"1,60204,2000;1,1,16014,1;"																		1
2136	120	登陆赠礼(登陆赠礼)	活动期间每日登录游戏均可领取奖励	0	20	2018/6/9 0:00	2018/6/10 23:59	2018/6/9 0:00	2018/6/10 23:59				4	0	1	3	"1,90,500000;1,50001,150;"	0	2	3	"1,90,500000;1,50001,150;"																										1
2137	120	登陆赠礼(登陆赠礼)	活动期间每日登录游戏均可领取奖励	0	20	2018/6/16 0:00	2018/6/17 23:59	2018/6/16 0:00	2018/6/17 23:59				4	0	1	3	"1,90,1000000;1,50001,150;1,91,200;"	0	2	3	"1,90,1000000;1,50001,150;1,91,200;"																										1
2138	120	登陆赠礼(登陆赠礼)	活动期间每日登录游戏均可领取奖励	0	20	2018/6/23 0:00	2018/6/24 23:59	2018/6/23 0:00	2018/6/24 23:59				4	0	1	3	"1,90,500000;1,50001,150;"	0	2	3	"1,90,500000;1,50001,150;"																										1
2139	32	累充送礼	累充送礼	0	1	2018/6/11 0:00	2018/6/14 23:59	2018/6/11 0:00	2018/6/14 23:59				1	0	100	3	"1,90,5000000;1,91,333;1,16014,1;"	0	200	3	"1,16028,1;1,50002,2;"	0	500	3	"1,25008,1;1,90,10000000;0,1157,1,1,1,0;"	0	800	3	"1,45338,20;1,91,2000;"	0	1000	3	"1,25007,1;0,1350,1,1,1,2;1,90,30000000;"	0	1500	3	"1,25009,1;1,16035,1;1,90,50000000;"										1
2140	32	累充送礼	累充送礼	0	1	2018/6/18 0:00	2018/6/21 23:59	2018/6/18 0:00	2018/6/21 23:59				1	0	100	3	"1,25006,1;1,91,333;1,16018,1;"	0	200	3	"1,50003,2;1,25004,1;"	0	500	3	"1,25008,1;1,90,10000000;1,45314,15;"	0	800	3	"1,45350,20;1,91,500;1,25005,1;"	0	1000	3	"1,25007,1;0,1374,1,1,1,2;1,91,3000;"	0	1500	3	"1,25009,1;1,16031,1;1,90,50000000;"										1
2141	32	累充送礼	累充送礼	0	1	2018/6/25 0:00	2018/6/29 23:59	2018/6/25 0:00	2018/6/29 23:59				1	0	100	3	"1,90,5000000;1,91,333;1,16013,1;"	0	200	3	"1,16028,1;1,50002,2;"	0	500	3	"1,25008,1;1,90,10000000;0,1193,1,1,1,0;"	0	800	3	"1,45338,20;1,91,2000;"	0	1000	3	"1,25007,1;0,1350,1,1,1,2;1,90,30000000;"	0	1500	3	"1,25009,1;1,16035,1;1,90,50000000;"										1
2142	33	金币豪礼(盛开的太阳花)	累充返利	0	1	2018/6/11 0:00	2018/6/14 23:59	2018/6/11 0:00	2018/6/14 23:59				1	0	6	3	"1,94,200000;1,50001,10"	0	30	3	"1,94,500000;1,50001,50"	0	100	3	"1,94,3000000;1,50001,100"	0	200	3	"1,94,5000000;1,50001,240"	0	500	3	"1,94,10000000;1,50001,900"														1
2143	33	金币豪礼(盛开的太阳花)	累充返利	0	1	2018/6/18 0:00	2018/6/21 23:59	2018/6/18 0:00	2018/6/21 23:59				1	0	6	3	"1,94,200000;1,50001,10"	0	30	3	"1,94,500000;1,50001,50"	0	100	3	"1,94,3000000;1,50001,100"	0	200	3	"1,94,5000000;1,50001,240"	0	500	3	"1,94,10000000;1,50001,900"														1
2144	33	金币豪礼(盛开的太阳花)	累充返利	0	1	2018/6/25 0:00	2018/6/29 23:59	2018/6/25 0:00	2018/6/29 23:59				1	0	6	3	"1,94,200000;1,50001,10"	0	30	3	"1,94,500000;1,50001,50"	0	100	3	"1,94,3000000;1,50001,100"	0	200	3	"1,94,5000000;1,50001,240"	0	500	3	"1,94,10000000;1,50001,900"														1
2145	140	稀有植物	稀有植物	0	20	2018/6/11 0:00	2018/6/15 23:59	2018/6/11 0:00	2018/6/15 23:59	"21408,100|21407,100|21406,90|21401,60|21402,60|21405,90|21403,60|21404,60|"			1	0	100	3	"0,1338,1"																														1
2146	140	稀有植物	稀有植物	0	20	2018/6/18 0:00	2018/6/22 23:59	2018/6/18 0:00	2018/6/22 23:59	"21408,100|21407,100|21406,90|21401,60|21402,60|21405,90|21403,60|21404,60|"			1	0	100	3	"0,1338,1"																														1
2147	140	稀有植物	稀有植物	0	20	2018/6/25 0:00	2018/6/29 23:59	2018/6/25 0:00	2018/6/29 23:59	"21408,100|21407,100|21406,90|21401,60|21402,60|21405,90|21403,60|21404,60|"			1	0	100	3	"0,1338,1"																														1
2148	147	魔法限购	魔法限购	0	20	2018/6/9 0:00	2018/6/15 23:59	2018/6/9 0:00	2018/6/15 23:59				0	1	"300,80"	0	"1,35001,5;1,35002,5;1,35003,5;1,35004,5;1,35005,5;1,35006,5;1,35007,5;1,35008,5;1,35009,5;"	1	"250,70"	0	"1,45277,5;1,45145,5;1,45181,5;"	1	"150,50"	0	"1,34001,5;1,34002,5;1,34003,5;1,34004,5;1,34005,5;1,34006,5;1,34007,5;1,34008,5;1,34009,5;"																						1
2149	147	魔法限购	魔法限购	0	20	2018/6/16 0:00	2018/6/22 23:59	2018/6/16 0:00	2018/6/22 23:59				0	1	"300,80"	0	"1,35001,5;1,35002,5;1,35003,5;1,35004,5;1,35005,5;1,35006,5;1,35007,5;1,35008,5;1,35009,5;"	1	"250,70"	0	"1,45277,5;1,45145,5;1,45181,5;"	1	"150,50"	0	"1,34001,5;1,34002,5;1,34003,5;1,34004,5;1,34005,5;1,34006,5;1,34007,5;1,34008,5;1,34009,5;"																						1
2150	147	魔法限购	魔法限购	0	20	2018/6/23 0:00	2018/6/29 23:59	2018/6/23 0:00	2018/6/29 23:59				0	1	"300,80"	0	"1,35001,5;1,35002,5;1,35003,5;1,35004,5;1,35005,5;1,35006,5;1,35007,5;1,35008,5;1,35009,5;"	1	"250,70"	0	"1,45277,5;1,45145,5;1,45181,5;"	1	"150,50"	0	"1,34001,5;1,34002,5;1,34003,5;1,34004,5;1,34005,5;1,34006,5;1,34007,5;1,34008,5;1,34009,5;"																						1
2151	135	惊喜放送	充值领奖(可选择奖励）	0	1	2018/6/14 0:00	2018/6/17 23:59	2018/6/14 0:00	2018/6/17 23:59				6	1	30	4	"1,1,45121,10;2,1,45037,10;3,1,45121,10"	1	98	4	"1,0,1181,1,1,1,0;2,0,1129,1,1,1,0;3,0,1181,1,1,1,0"	1	98	4	"1,0,1013,1,1,1,0;2,0,1265,1,1,1,0;3,0,1013,1,1,1,0"																						1
2152	135	惊喜放送	充值领奖(可选择奖励）	0	1	2018/6/21 0:00	2018/6/24 23:59	2018/6/21 0:00	2018/6/24 23:59				6	1	30	4	"1,1,45121,10;2,1,45037,10;3,1,45121,10"	1	98	4	"1,0,1181,1,1,1,0;2,0,1129,1,1,1,0;3,0,1181,1,1,1,0"	1	98	4	"1,0,1013,1,1,1,0;2,0,1265,1,1,1,0;3,0,1013,1,1,1,0"																						1
2153	135	惊喜放送	充值领奖(可选择奖励）	0	1	2018/6/28 0:00	2018/7/1 23:59	2018/6/28 0:00	2018/7/1 23:59				6	1	30	4	"1,1,45121,10;2,1,45037,10;3,1,45121,10"	1	98	4	"1,0,1181,1,1,1,0;2,0,1129,1,1,1,0;3,0,1181,1,1,1,0"	1	98	4	"1,0,1013,1,1,1,0;2,0,1265,1,1,1,0;3,0,1013,1,1,1,0"																						1
2154	34	单充返利	单充返利	0	1	2018/6/9 0:00	2018/6/10 23:59	2018/6/9 0:00	2018/6/10 23:59				5	0	98	3	"1,90,10000000;1,94,10000000;"	0	328	3	"1,90,25000000;1,94,20000000;"	0	648	3	"1,90,50000000;1,94,50000000;"																						1
2155	34	单充返利	单充返利	0	1	2018/6/13 0:00	2018/6/14 23:59	2018/6/13 0:00	2018/6/14 23:59				5	0	98	3	"1,90,10000000;"	0	328	3	"1,90,25000000;"	0	648	3	"1,90,50000000;"																						1
2156	34	单充返利	单充返利	0	1	2018/6/15 0:00	2018/6/17 23:59	2018/6/15 0:00	2018/6/17 23:59				5	0	98	3	"1,90,10000000;1,60204,1000;"	0	328	3	"1,90,25000000;1,60204,2500;"	0	648	3	"1,90,50000000;1,60204,5000;"																						1
2157	34	单充返利	单充返利	0	1	2018/6/20 0:00	2018/6/22 23:59	2018/6/20 0:00	2018/6/22 23:59				5	0	98	3	"1,90,5000000;1,60204,500;"	0	328	3	"1,90,10000000;1,60204,1000;"	0	648	3	"1,90,30000000;1,60204,2000;"																						1
2158	34	单充返利	单充返利	0	1	2018/6/23 0:00	2018/6/24 23:59	2018/6/23 0:00	2018/6/24 23:59				5	0	98	3	"1,90,10000000;1,94,10000000;"	0	328	3	"1,90,25000000;1,94,20000000;"	0	648	3	"1,90,50000000;1,94,50000000;"																						1
2159	34	单充返利	单充返利	0	1	2018/6/27 0:00	2018/6/29 23:59	2018/6/27 0:00	2018/6/29 23:59				5	0	98	3	"1,90,10000000;"	0	328	3	"1,90,25000000;"	0	648	3	"1,90,50000000;"																						1
2160	35	连续充值	连续充值	0	1	2017/6/11 0:00	2017/6/13 23:59	2017/6/11 0:00	2017/6/13 23:59				7	0	98	3	"1,90,5000000;1,91,50;"	0	98	3	"1,90,5000000;1,91,120;"	0	98	3	"1,90,5000000;1,16032,1;"																						1
2161	35	连续充值	连续充值	0	1	2017/6/18 0:00	2017/6/20 23:59	2017/6/18 0:00	2017/6/20 23:59				7	0	98	3	"1,90,5000000;1,91,50;"	0	98	3	"1,90,5000000;1,91,120;"	0	98	3	"1,90,5000000;1,16033,1;"																						1
2162	35	连续充值	连续充值	0	1	2017/6/25 0:00	2017/6/27 23:59	2017/6/25 0:00	2017/6/27 23:59				7	0	98	3	"1,90,5000000;1,91,50;"	0	98	3	"1,90,5000000;1,91,120;"	0	98	3	"1,90,5000000;1,16029,1;"																						1
2163	30	充值返利	充值返利(单次)	0	1	2018/6/30 0:00	2018/7/1 23:59	2018/6/30 0:00	2018/7/1 23:59				5	0	98	3	"1,35007,10;1,50003,2;"	0	198	3	"1,45386,10;1,45338,10;"	0	648	3	"1,16030,1;1,200,15;"																						0
2164	31	充值返利	充值返利(单次+累计)	0	1	2018/6/30 0:00	2018/7/1 23:59	2018/6/30 0:00	2018/7/1 23:59				1	0	100	3	"1,60204,500;1,91,500;"	0	300	3	"1,60204,800;1,91,1000;"	0	500	3	"1,60204,1000;1,91,2500;"	0	1000	3	"1,60204,2000;1,91,5000;"																	30	1
2165	31	充值返利	充值返利(单次+累计)	0	1	2018/7/6 0:00	2018/7/8 23:59	2018/7/6 0:00	2018/7/8 23:59				1	0	100	3	"1,60204,500;1,91,500;"	0	300	3	"1,60204,800;1,91,1000;"	0	500	3	"1,60204,1000;1,91,2500;"	0	1000	3	"1,60204,2000;1,91,5000;"																	30	1
2166	30	充值返利	充值返利(单次)	0	1	2018/7/6 0:00	2018/7/8 23:59	2018/7/6 0:00	2018/7/8 23:59				5	0	98	3	"1,35007,10;1,50003,2;"	0	198	3	"1,45386,10;1,45338,10;"	0	648	3	"1,16030,1;1,200,15;"																						0
2167	33	金币豪礼(盛开的金盏花)	累充返利	0	1	2018/6/30 0:00	2018/7/1 23:59	2018/6/30 0:00	2018/7/1 23:59				1	0	6	3	"1,90,200000;1,50001,10"	0	30	3	"1,90,500000;1,50001,50"	0	100	3	"1,90,3000000;1,50001,100"	0	200	3	"1,90,5000000;1,50001,240"	0	500	3	"1,90,10000000;1,50001,900"														1
2168	33	金币豪礼(盛开的金盏花)	累充返利	0	1	2018/7/6 0:00	2018/7/8 23:59	2018/7/6 0:00	2018/7/8 23:59				1	0	6	3	"1,90,200000;1,50001,10"	0	30	3	"1,90,500000;1,50001,50"	0	100	3	"1,90,3000000;1,50001,100"	0	200	3	"1,90,5000000;1,50001,240"	0	500	3	"1,90,10000000;1,50001,900"														1
2169	136	觉醒时刻	累计消耗钻石领奖	0	1	2018/6/30 0:00	2018/7/1 23:59	2018/6/30 0:00	2018/7/1 23:59				2	0	500	3	"1,60204,500;1,45265,5"	0	2000	3	"1,60204,500;1,45265,10"	0	5000	3	"1,60204,1000;1,1,16012,1;"	0	10000	3	"1,60204,2000;1,1,16018,1;"																		1
2170	136	觉醒时刻	累计消耗钻石领奖	0	1	2018/7/7 0:00	2018/7/8 23:59	2018/7/7 0:00	2018/7/8 23:59				2	0	500	3	"1,60204,500;1,45181,5"	0	2000	3	"1,60204,500;1,45181,10"	0	5000	3	"1,60204,1000;1,1,16008,1;"	0	10000	3	"1,60204,2000;1,1,16014,1;"																		1
2171	120	登陆赠礼(登陆赠礼)	活动期间每日登录游戏均可领取奖励	0	1	2018/6/30 0:00	2018/7/1 23:59	2018/6/30 0:00	2018/7/1 23:59				4	0	1	3	"1,90,1000000;1,50001,150;1,91,200;"	0	2	3	"1,90,1000000;1,50001,150;1,91,200;"																										1
2172	120	登陆赠礼(登陆赠礼)	活动期间每日登录游戏均可领取奖励	0	1	2018/7/7 0:00	2018/7/8 23:59	2018/7/7 0:00	2018/7/8 23:59				4	0	1	3	"1,90,500000;1,50001,150;"	0	2	3	"1,90,500000;1,50001,150;"																										1
2173	32	累充送礼	累充送礼	0	1	2018/7/2 0:00	2018/7/5 23:59	2018/7/2 0:00	2018/7/5 23:59				1	0	100	3	"1,90,5000000;1,91,333;1,16014,1;"	0	200	3	"1,16028,1;1,50002,2;"	0	500	3	"1,25008,1;1,90,10000000;0,1157,1,1,1,0;"	0	800	3	"1,45338,20;1,91,2000;"	0	1000	3	"1,25007,1;0,1350,1,1,1,2;1,90,30000000;"	0	1500	3	"1,25009,1;1,16035,1;1,90,50000000;"										1
2174	32	累充送礼	累充送礼	0	1	2018/7/9 0:00	2018/7/13 23:59	2018/7/9 0:00	2018/7/13 23:59				1	0	100	3	"1,25006,1;1,91,333;1,16018,1;"	0	200	3	"1,50003,2;1,25004,1;"	0	500	3	"1,25008,1;1,90,10000000;1,45314,15;"	0	800	3	"1,45350,20;1,91,500;1,25005,1;"	0	1000	3	"1,25007,1;0,1374,1,1,1,2;1,91,3000;"	0	1500	3	"1,25009,1;1,16031,1;1,90,50000000;"										1
2175	33	金币豪礼(盛开的太阳花)	累充返利	0	1	2018/7/2 0:00	2018/7/5 23:59	2018/7/2 0:00	2018/7/5 23:59				1	0	6	3	"1,94,200000;1,50001,10"	0	30	3	"1,94,500000;1,50001,50"	0	100	3	"1,94,3000000;1,50001,100"	0	200	3	"1,94,5000000;1,50001,240"	0	500	3	"1,94,10000000;1,50001,900"														1
2176	33	金币豪礼(盛开的太阳花)	累充返利	0	1	2018/7/9 0:00	2018/7/13 23:59	2018/7/9 0:00	2018/7/13 23:59				1	0	6	3	"1,94,200000;1,50001,10"	0	30	3	"1,94,500000;1,50001,50"	0	100	3	"1,94,3000000;1,50001,100"	0	200	3	"1,94,5000000;1,50001,240"	0	500	3	"1,94,10000000;1,50001,900"														1
2177	140	稀有植物	稀有植物	0	20	2018/7/2 0:00	2018/7/6 23:59	2018/7/2 0:00	2018/7/6 23:59	"21408,100|21407,100|21406,90|21401,60|21402,60|21405,90|21403,60|21404,60|"			1	0	100	3	"0,1338,1"																														1
2178	140	稀有植物	稀有植物	0	20	2018/7/9 0:00	2018/7/13 23:59	2018/7/9 0:00	2018/7/13 23:59	"21408,100|21407,100|21406,90|21401,60|21402,60|21405,90|21403,60|21404,60|"			1	0	100	3	"0,1338,1"																														1
2179	147	魔法限购	魔法限购	0	20	2018/6/30 0:00	2018/7/6 23:59	2018/6/30 0:00	2018/7/6 23:59				0	1	"300,80"	0	"1,35001,5;1,35002,5;1,35003,5;1,35004,5;1,35005,5;1,35006,5;1,35007,5;1,35008,5;1,35009,5;"	1	"250,70"	0	"1,45277,5;1,45145,5;1,45181,5;"	1	"150,50"	0	"1,34001,5;1,34002,5;1,34003,5;1,34004,5;1,34005,5;1,34006,5;1,34007,5;1,34008,5;1,34009,5;"																						1
2180	147	魔法限购	魔法限购	0	20	2018/7/7 0:00	2018/7/13 23:59	2018/7/7 0:00	2018/7/13 23:59				0	1	"300,80"	0	"1,35001,5;1,35002,5;1,35003,5;1,35004,5;1,35005,5;1,35006,5;1,35007,5;1,35008,5;1,35009,5;"	1	"250,70"	0	"1,45277,5;1,45145,5;1,45181,5;"	1	"150,50"	0	"1,34001,5;1,34002,5;1,34003,5;1,34004,5;1,34005,5;1,34006,5;1,34007,5;1,34008,5;1,34009,5;"																						1
2181	135	惊喜放送	充值领奖(可选择奖励）	0	1	2018/7/5 0:00	2018/7/8 23:59	2018/7/5 0:00	2018/7/8 23:59				6	1	30	4	"1,1,45121,10;2,1,45037,10;3,1,45121,10"	1	98	4	"1,0,1181,1,1,1,0;2,0,1129,1,1,1,0;3,0,1181,1,1,1,0"	1	98	4	"1,0,1013,1,1,1,0;2,0,1265,1,1,1,0;3,0,1013,1,1,1,0"																						1
2182	135	惊喜放送	充值领奖(可选择奖励）	0	1	2018/7/12 0:00	2018/7/15 23:59	2018/7/12 0:00	2018/7/15 23:59				6	1	30	4	"1,1,45121,10;2,1,45037,10;3,1,45121,10"	1	98	4	"1,0,1181,1,1,1,0;2,0,1129,1,1,1,0;3,0,1181,1,1,1,0"	1	98	4	"1,0,1013,1,1,1,0;2,0,1265,1,1,1,0;3,0,1013,1,1,1,0"																						1
2183	34	单充返利	单充返利	0	1	2018/6/30 0:00	2018/7/1 23:59	2018/6/30 0:00	2018/7/1 23:59				5	0	98	3	"1,90,10000000;1,60204,1000;"	0	328	3	"1,90,25000000;1,60204,2500;"	0	648	3	"1,90,50000000;1,60204,5000;"																						1
2184	34	单充返利	单充返利	0	1	2018/7/4 0:00	2018/7/6 23:59	2018/7/4 0:00	2018/7/6 23:59				5	0	98	3	"1,90,10000000;1,94,10000000;"	0	328	3	"1,90,25000000;1,94,20000000;"	0	648	3	"1,90,50000000;1,94,50000000;"																						1
2185	34	单充返利	单充返利	0	1	2018/7/7 0:00	2018/7/8 23:59	2018/7/7 0:00	2018/7/8 23:59				5	0	98	3	"1,90,10000000;1,60204,1000;"	0	328	3	"1,90,25000000;1,60204,2500;"	0	648	3	"1,90,50000000;1,60204,5000;"																						1
2186	34	单充返利	单充返利	0	1	2018/7/11 0:00	2018/7/13 23:59	2018/7/11 0:00	2018/7/13 23:59				5	0	98	3	"1,90,5000000;1,60204,500;"	0	328	3	"1,90,10000000;1,60204,1000;"	0	648	3	"1,90,30000000;1,60204,2000;"																						1
2187	35	连续充值	连续充值	0	1	2018/7/2 0:00	2018/7/4 23:59	2018/7/2 0:00	2018/7/4 23:59				7	0	98	3	"1,90,5000000;1,91,50;"	0	98	3	"1,90,5000000;1,91,120;"	0	98	3	"1,90,5000000;1,16032,1;"																						1
2188	35	连续充值	连续充值	0	1	2018/7/9 0:00	2018/7/11 23:59	2018/7/9 0:00	2018/7/11 23:59				7	0	98	3	"1,90,5000000;1,91,50;"	0	98	3	"1,90,5000000;1,91,120;"	0	98	3	"1,90,5000000;1,16033,1;"																						1
2189	30	充值返利	充值返利(单次)	0	1	2018/7/14 0:00	2018/7/15 23:59	2018/7/14 0:00	2018/7/15 23:59				5	0	98	3	"1,35009,10;1,50003,2;"	0	198	3	"1,45386,10;1,45338,10;"	0	648	3	"1,16032,1;1,200,15;"																						0
2190	31	充值返利	充值返利(单次+累计)	0	1	2018/7/14 0:00	2018/7/15 23:59	2018/7/14 0:00	2018/7/15 23:59				1	0	100	3	"1,60204,500;1,91,500;"	0	300	3	"1,60204,800;1,91,1000;"	0	500	3	"1,60204,1000;1,91,2500;"	0	1000	3	"1,60204,2000;1,91,5000;"																	30	1
2191	30	充值返利	充值返利(单次)	0	1	2018/7/20 0:00	2018/7/22 23:59	2018/7/20 0:00	2018/7/22 23:59				5	0	98	3	"1,25004,10;"	0	198	3	"1,25005,10;"	0	648	3	"0,1362,1,1,1,2;"																						0
2192	31	充值返利	充值返利(单次+累计)	0	1	2018/7/20 0:00	2018/7/22 23:59	2018/7/20 0:00	2018/7/22 23:59				1	0	100	3	"1,60204,500;1,91,500;"	0	300	3	"1,60204,800;1,91,1000;"	0	500	3	"1,60204,1000;1,91,2500;"	0	1000	3	"1,60204,2000;1,91,5000;"																	30	1
2193	33	金币豪礼(盛开的金盏花)	累充返利	0	1	2018/7/14 0:00	2018/7/15 23:59	2018/7/14 0:00	2018/7/15 23:59				1	0	6	3	"1,90,200000;1,50001,10"	0	30	3	"1,90,500000;1,50001,50"	0	100	3	"1,90,3000000;1,50001,100"	0	200	3	"1,90,5000000;1,50001,240"	0	500	3	"1,90,10000000;1,50001,900"														1
2194	33	金币豪礼(盛开的金盏花)	累充返利	0	1	2018/7/20 0:00	2018/7/22 23:59	2018/7/20 0:00	2018/7/22 23:59				1	0	6	3	"1,90,200000;1,50001,10"	0	30	3	"1,90,500000;1,50001,50"	0	100	3	"1,90,3000000;1,50001,100"	0	200	3	"1,90,5000000;1,50001,240"	0	500	3	"1,90,10000000;1,50001,900"														1
2195	136	觉醒时刻	累计消耗钻石领奖	0	1	2018/7/14 0:00	2018/7/15 23:59	2018/7/14 0:00	2018/7/15 23:59				2	0	500	3	"1,60204,500;1,45265,5"	0	2000	3	"1,60204,500;1,45265,10"	0	5000	3	"1,60204,1000;1,1,16012,1;"	0	10000	3	"1,60204,2000;1,1,16018,1;"																		1
2196	136	觉醒时刻	累计消耗钻石领奖	0	1	2018/7/21 0:00	2018/7/22 23:59	2018/7/21 0:00	2018/7/22 23:59				2	0	500	3	"1,60204,500;1,45181,5"	0	2000	3	"1,60204,500;1,45181,10"	0	5000	3	"1,60204,1000;1,1,16008,1;"	0	10000	3	"1,60204,2000;1,1,16014,1;"																		1
2197	120	登陆赠礼(登陆赠礼)	活动期间每日登录游戏均可领取奖励	0	1	2018/7/14 0:00	2018/7/15 23:59	2018/7/14 0:00	2018/7/15 23:59				4	0	1	3	"1,90,1000000;1,50001,150;1,91,200;"	0	2	3	"1,90,1000000;1,50001,150;1,91,200;"																										1
2198	120	登陆赠礼(登陆赠礼)	活动期间每日登录游戏均可领取奖励	0	1	2018/7/21 0:00	2018/7/22 23:59	2018/7/21 0:00	2018/7/22 23:59				4	0	1	3	"1,90,500000;1,50001,150;"	0	2	3	"1,90,500000;1,50001,150;"																										1
2199	32	累充送礼	累充送礼	0	1	2018/7/16 0:00	2018/7/19 23:59	2018/7/16 0:00	2018/7/19 23:59				1	0	100	3	"1,90,5000000;1,91,333;1,16014,1;"	0	200	3	"1,16028,1;1,50002,2;"	0	500	3	"1,25008,1;1,90,10000000;0,1157,1,1,1,0;"	0	800	3	"1,45338,20;1,91,2000;"	0	1000	3	"1,25007,1;0,1350,1,1,1,2;1,90,30000000;"	0	1500	3	"1,25009,1;1,16035,1;1,90,50000000;"										1
2200	32	累充送礼	累充送礼	0	1	2018/7/23 0:00	2018/7/27 23:59	2018/7/23 0:00	2018/7/27 23:59				1	0	100	3	"1,25006,1;1,91,333;1,16018,1;"	0	200	3	"1,50003,2;1,25004,1;"	0	500	3	"1,25008,1;1,90,10000000;1,45314,15;"	0	800	3	"1,45350,20;1,91,500;1,25005,1;"	0	1000	3	"1,25007,1;0,1374,1,1,1,2;1,91,3000;"	0	1500	3	"1,25009,1;1,16031,1;1,90,50000000;"										1
2201	33	金币豪礼(盛开的太阳花)	累充返利	0	1	2018/7/16 0:00	2018/7/19 23:59	2018/7/16 0:00	2018/7/19 23:59				1	0	6	3	"1,94,200000;1,50001,10"	0	30	3	"1,94,500000;1,50001,50"	0	100	3	"1,94,3000000;1,50001,100"	0	200	3	"1,94,5000000;1,50001,240"	0	500	3	"1,94,10000000;1,50001,900"														1
2202	33	金币豪礼(盛开的太阳花)	累充返利	0	1	2018/7/23 0:00	2018/7/27 23:59	2018/7/23 0:00	2018/7/27 23:59				1	0	6	3	"1,94,200000;1,50001,10"	0	30	3	"1,94,500000;1,50001,50"	0	100	3	"1,94,3000000;1,50001,100"	0	200	3	"1,94,5000000;1,50001,240"	0	500	3	"1,94,10000000;1,50001,900"														1
2203	140	稀有植物	稀有植物	0	20	2018/7/16 0:00	2018/7/20 23:59	2018/7/16 0:00	2018/7/20 23:59	"21408,100|21407,100|21406,90|21401,60|21402,60|21405,90|21403,60|21404,60|"			1	0	100	3	"0,1338,1"																														1
2204	140	稀有植物	稀有植物	0	20	2018/7/23 0:00	2018/7/27 23:59	2018/7/23 0:00	2018/7/27 23:59	"21408,100|21407,100|21406,90|21401,60|21402,60|21405,90|21403,60|21404,60|"			1	0	100	3	"0,1338,1"																														1
2205	147	魔法限购	魔法限购	0	20	2018/7/14 0:00	2018/7/20 23:59	2018/7/14 0:00	2018/7/20 23:59				0	1	"300,80"	0	"1,35001,5;1,35002,5;1,35003,5;1,35004,5;1,35005,5;1,35006,5;1,35007,5;1,35008,5;1,35009,5;"	1	"250,70"	0	"1,45277,5;1,45145,5;1,45181,5;"	1	"150,50"	0	"1,34001,5;1,34002,5;1,34003,5;1,34004,5;1,34005,5;1,34006,5;1,34007,5;1,34008,5;1,34009,5;"																						1
2206	147	魔法限购	魔法限购	0	20	2018/7/21 0:00	2018/7/27 23:59	2018/7/21 0:00	2018/7/27 23:59				0	1	"300,80"	0	"1,35001,5;1,35002,5;1,35003,5;1,35004,5;1,35005,5;1,35006,5;1,35007,5;1,35008,5;1,35009,5;"	1	"250,70"	0	"1,45277,5;1,45145,5;1,45181,5;"	1	"150,50"	0	"1,34001,5;1,34002,5;1,34003,5;1,34004,5;1,34005,5;1,34006,5;1,34007,5;1,34008,5;1,34009,5;"																						1
2207	135	惊喜放送	充值领奖(可选择奖励）	0	1	2018/7/19 0:00	2018/7/22 23:59	2018/7/19 0:00	2018/7/22 23:59				6	1	30	4	"1,1,45121,10;2,1,45037,10;3,1,45121,10"	1	98	4	"1,0,1181,1,1,1,0;2,0,1129,1,1,1,0;3,0,1181,1,1,1,0"	1	98	4	"1,0,1013,1,1,1,0;2,0,1265,1,1,1,0;3,0,1013,1,1,1,0"																						1
2208	135	惊喜放送	充值领奖(可选择奖励）	0	1	2018/7/26 0:00	2018/7/29 23:59	2018/7/26 0:00	2018/7/29 23:59				6	1	30	4	"1,1,45121,10;2,1,45037,10;3,1,45121,10"	1	98	4	"1,0,1181,1,1,1,0;2,0,1129,1,1,1,0;3,0,1181,1,1,1,0"	1	98	4	"1,0,1013,1,1,1,0;2,0,1265,1,1,1,0;3,0,1013,1,1,1,0"																						1
2209	34	单充返利	单充返利	0	1	2018/7/14 0:00	2018/7/15 23:59	2018/7/14 0:00	2018/7/15 23:59				5	0	98	3	"1,90,10000000;1,60204,1000;"	0	328	3	"1,90,25000000;1,60204,2500;"	0	648	3	"1,90,50000000;1,60204,5000;"																						1
2210	34	单充返利	单充返利	0	1	2018/7/18 0:00	2018/7/20 23:59	2018/7/18 0:00	2018/7/20 23:59				5	0	98	3	"1,90,10000000;1,94,10000000;"	0	328	3	"1,90,25000000;1,94,20000000;"	0	648	3	"1,90,50000000;1,94,50000000;"																						1
2211	34	单充返利	单充返利	0	1	2018/7/21 0:00	2018/7/22 23:59	2018/7/21 0:00	2018/7/22 23:59				5	0	98	3	"1,90,10000000;1,60204,1000;"	0	328	3	"1,90,25000000;1,60204,2500;"	0	648	3	"1,90,50000000;1,60204,5000;"																						1
2212	34	单充返利	单充返利	0	1	2018/7/25 0:00	2018/7/27 23:59	2018/7/25 0:00	2018/7/27 23:59				5	0	98	3	"1,90,10000000;1,200,5;"	0	328	3	"1,90,25000000;1,200,10;"	0	648	3	"1,90,50000000;1,200,15;"																						1
2213	35	连续充值	连续充值	0	1	2018/7/16 0:00	2018/7/18 23:59	2018/7/16 0:00	2018/7/18 23:59				7	0	98	3	"1,90,5000000;1,91,50;"	0	98	3	"1,90,5000000;1,91,120;"	0	98	3	"1,90,5000000;1,16032,1;"																						1
2214	35	连续充值	连续充值	0	1	2018/7/23 0:00	2018/7/25 23:59	2018/7/23 0:00	2018/7/25 23:59				7	0	98	3	"1,90,5000000;1,91,50;"	0	98	3	"1,90,5000000;1,91,120;"	0	98	3	"1,90,5000000;1,16033,1;"																						1
2215	30	充值返利	充值返利(单次)	0	1	2018/7/28 0:00	2018/7/29 23:59	2018/7/28 0:00	2018/7/29 23:59				5	0	98	3	"1,25001,1;"	0	198	3	"1,25002,1;1,25003,1;"	0	648	3	"0,1386,1,1,1,2;"																						0
2216	31	充值返利	充值返利(单次+累计)	0	1	2018/7/28 0:00	2018/7/29 23:59	2018/7/28 0:00	2018/7/29 23:59				1	0	100	3	"1,60204,500;1,91,500;"	0	300	3	"1,60204,800;1,91,1000;"	0	500	3	"1,60204,1000;1,91,2500;"	0	1000	3	"1,60204,2000;1,91,5000;"																	30	1
2217	30	充值返利	充值返利(单次)	0	1	2018/8/3 0:00	2018/8/5 23:59	2018/8/3 0:00	2018/8/5 23:59				5	0	98	3	"1,35009,10;1,50003,2;"	0	198	3	"1,45386,10;1,45338,10;"	0	648	3	"1,16033,1;1,16034,1;"																						0
2218	31	充值返利	充值返利(单次+累计)	0	1	2018/8/3 0:00	2018/8/5 23:59	2018/8/3 0:00	2018/8/5 23:59				1	0	100	3	"1,60204,500;1,91,500;"	0	300	3	"1,60204,800;1,91,1000;"	0	500	3	"1,60204,1000;1,91,2500;"	0	1000	3	"1,60204,2000;1,91,5000;"																	30	1
2219	33	金币豪礼(盛开的金盏花)	累充返利	0	1	2018/7/28 0:00	2018/7/29 23:59	2018/7/28 0:00	2018/7/29 23:59				1	0	6	3	"1,90,200000;1,50001,10"	0	30	3	"1,90,500000;1,50001,50"	0	100	3	"1,90,3000000;1,50001,100"	0	200	3	"1,90,5000000;1,50001,240"	0	500	3	"1,90,10000000;1,50001,900"														1
2220	33	金币豪礼(盛开的金盏花)	累充返利	0	1	2018/8/3 0:00	2018/8/5 23:59	2018/8/3 0:00	2018/8/5 23:59				1	0	6	3	"1,90,200000;1,50001,10"	0	30	3	"1,90,500000;1,50001,50"	0	100	3	"1,90,3000000;1,50001,100"	0	200	3	"1,90,5000000;1,50001,240"	0	500	3	"1,90,10000000;1,50001,900"														1
2221	136	觉醒时刻	累计消耗钻石领奖	0	1	2018/7/28 0:00	2018/7/29 23:59	2018/7/28 0:00	2018/7/29 23:59				2	0	500	3	"1,60204,500;1,45265,5"	0	2000	3	"1,60204,500;1,45265,10"	0	5000	3	"1,60204,1000;1,1,16012,1;"	0	10000	3	"1,60204,2000;1,1,16018,1;"																		1
2222	136	觉醒时刻	累计消耗钻石领奖	0	1	2018/8/4 0:00	2018/8/5 23:59	2018/8/4 0:00	2018/8/5 23:59				2	0	500	3	"1,60204,500;1,45181,5"	0	2000	3	"1,60204,500;1,45181,10"	0	5000	3	"1,60204,1000;1,1,16008,1;"	0	10000	3	"1,60204,2000;1,1,16014,1;"																		1
2223	120	登陆赠礼(登陆赠礼)	活动期间每日登录游戏均可领取奖励	0	1	2018/7/28 0:00	2018/7/29 23:59	2018/7/28 0:00	2018/7/29 23:59				4	0	1	3	"1,90,1000000;1,50001,150;1,91,200;"	0	2	3	"1,90,1000000;1,50001,150;1,91,200;"																										1
2224	120	登陆赠礼(登陆赠礼)	活动期间每日登录游戏均可领取奖励	0	1	2018/8/4 0:00	2018/8/5 23:59	2018/8/4 0:00	2018/8/5 23:59				4	0	1	3	"1,90,500000;1,50001,150;"	0	2	3	"1,90,500000;1,50001,150;"																										1
2225	32	累充送礼	累充送礼	0	1	2018/7/30 0:00	2018/8/2 23:59	2018/7/30 0:00	2018/8/2 23:59				1	0	100	3	"1,90,5000000;1,91,333;1,16018,1;"	0	200	3	"1,16028,1;1,50002,2;"	0	500	3	"1,25008,1;1,90,10000000;0,1157,1,1,1,0;"	0	800	3	"1,45374,20;1,91,2000;"	0	1000	3	"1,25007,1;0,1314,1,1,1,2;1,90,30000000;"	0	1500	3	"1,25009,1;1,16035,1;1,90,50000000;"										1
2226	32	累充送礼	累充送礼	0	1	2018/8/6 0:00	2018/8/10 23:59	2018/8/6 0:00	2018/8/10 23:59				1	0	100	3	"1,25006,1;1,91,333;1,16014,1;"	0	200	3	"1,50003,2;1,25004,1;"	0	500	3	"1,25008,1;1,90,10000000;1,45362,15;"	0	800	3	"1,45350,20;1,91,500;1,25005,1;"	0	1000	3	"1,25007,1;0,1386,1,1,1,2;1,91,3000;"	0	1500	3	"1,25009,1;1,16031,1;1,90,50000000;"										1
2227	33	金币豪礼(盛开的太阳花)	累充返利	0	1	2018/7/30 0:00	2018/8/2 23:59	2018/7/30 0:00	2018/8/2 23:59				1	0	6	3	"1,94,200000;1,50001,10"	0	30	3	"1,94,500000;1,50001,50"	0	100	3	"1,94,3000000;1,50001,100"	0	200	3	"1,94,5000000;1,50001,240"	0	500	3	"1,94,10000000;1,50001,900"														1
2228	33	金币豪礼(盛开的太阳花)	累充返利	0	1	2018/8/6 0:00	2018/8/10 23:59	2018/8/6 0:00	2018/8/10 23:59				1	0	6	3	"1,94,200000;1,50001,10"	0	30	3	"1,94,500000;1,50001,50"	0	100	3	"1,94,3000000;1,50001,100"	0	200	3	"1,94,5000000;1,50001,240"	0	500	3	"1,94,10000000;1,50001,900"														1
2229	140	稀有植物	稀有植物	0	20	2018/7/30 0:00	2018/8/3 23:59	2018/7/30 0:00	2018/8/3 23:59	"21408,100|21407,100|21406,90|21401,60|21402,60|21405,90|21403,60|21404,60|"			1	0	100	3	"0,1338,1"																														1
2230	140	稀有植物	稀有植物	0	20	2018/8/6 0:00	2018/8/10 23:59	2018/8/6 0:00	2018/8/10 23:59	"21408,100|21407,100|21406,90|21401,60|21402,60|21405,90|21403,60|21404,60|"			1	0	100	3	"0,1338,1"																														1
2231	147	魔法限购	魔法限购	0	20	2018/7/28 0:00	2018/8/3 23:59	2018/7/28 0:00	2018/8/3 23:59				0	1	"300,80"	0	"1,35001,5;1,35002,5;1,35003,5;1,35004,5;1,35005,5;1,35006,5;1,35007,5;1,35008,5;1,35009,5;"	1	"250,70"	0	"1,45277,5;1,45145,5;1,45181,5;"	1	"150,50"	0	"1,34001,5;1,34002,5;1,34003,5;1,34004,5;1,34005,5;1,34006,5;1,34007,5;1,34008,5;1,34009,5;"																						1
2232	147	魔法限购	魔法限购	0	20	2018/8/4 0:00	2018/8/10 23:59	2018/8/4 0:00	2018/8/10 23:59				0	1	"300,80"	0	"1,35001,5;1,35002,5;1,35003,5;1,35004,5;1,35005,5;1,35006,5;1,35007,5;1,35008,5;1,35009,5;"	1	"250,70"	0	"1,45277,5;1,45145,5;1,45181,5;"	1	"150,50"	0	"1,34001,5;1,34002,5;1,34003,5;1,34004,5;1,34005,5;1,34006,5;1,34007,5;1,34008,5;1,34009,5;"																						1
2233	135	惊喜放送	充值领奖(可选择奖励）	0	1	2018/8/2 0:00	2018/8/5 23:59	2018/8/2 0:00	2018/8/5 23:59				6	1	30	4	"1,1,45121,10;2,1,45037,10;3,1,45121,10"	1	98	4	"1,0,1181,1,1,1,0;2,0,1129,1,1,1,0;3,0,1181,1,1,1,0"	1	98	4	"1,0,1013,1,1,1,0;2,0,1265,1,1,1,0;3,0,1013,1,1,1,0"																						1
2234	135	惊喜放送	充值领奖(可选择奖励）	0	1	2018/8/9 0:00	2018/8/12 23:59	2018/8/9 0:00	2018/8/12 23:59				6	1	30	4	"1,1,45121,10;2,1,45037,10;3,1,45121,10"	1	98	4	"1,0,1181,1,1,1,0;2,0,1129,1,1,1,0;3,0,1181,1,1,1,0"	1	98	4	"1,0,1013,1,1,1,0;2,0,1265,1,1,1,0;3,0,1013,1,1,1,0"																						1
2235	34	单充返利	单充返利	0	1	2018/7/28 0:00	2018/7/29 23:59	2018/7/28 0:00	2018/7/29 23:59				5	0	98	3	"1,90,10000000;1,60204,1000;"	0	328	3	"1,90,25000000;1,60204,2500;"	0	648	3	"1,90,50000000;1,60204,5000;"																						1
2236	34	单充返利	单充返利	0	1	2018/8/1 0:00	2018/8/3 23:59	2018/8/1 0:00	2018/8/3 23:59				5	0	98	3	"1,90,10000000;1,94,10000000;"	0	328	3	"1,90,25000000;1,94,20000000;"	0	648	3	"1,90,50000000;1,94,50000000;"																						1
2237	34	单充返利	单充返利	0	1	2018/8/4 0:00	2018/8/5 23:59	2018/8/4 0:00	2018/8/5 23:59				5	0	98	3	"1,90,10000000;1,60204,1000;"	0	328	3	"1,90,25000000;1,60204,2500;"	0	648	3	"1,90,50000000;1,60204,5000;"																						1
2238	34	单充返利	单充返利	0	1	2018/8/8 0:00	2018/8/10 23:59	2018/8/8 0:00	2018/8/10 23:59				5	0	98	3	"1,90,10000000;1,200,5;"	0	328	3	"1,90,25000000;1,200,10;"	0	648	3	"1,90,50000000;1,200,15;"																						1
2239	35	连续充值	连续充值	0	1	2018/7/30 0:00	2018/8/1 23:59	2018/7/30 0:00	2018/8/1 23:59				7	0	98	3	"1,90,5000000;1,91,50;"	0	98	3	"1,90,5000000;1,91,120;"	0	98	3	"1,90,5000000;1,16032,1;"																						1
2240	35	连续充值	连续充值	0	1	2018/8/6 0:00	2018/8/8 23:59	2018/8/6 0:00	2018/8/8 23:59				7	0	98	3	"1,90,5000000;1,91,50;"	0	98	3	"1,90,5000000;1,91,120;"	0	98	3	"1,90,5000000;1,16033,1;"																						1
2241	30	充值返利	充值返利(单次)	0	1	2018/8/11 0:00	2018/8/12 23:59	2018/8/11 0:00	2018/8/12 23:59				5	0	98	3	"1,35009,10;1,50003,2;"	0	198	3	"1,45386,10;1,45338,10;"	0	648	3	"1,16032,1;1,200,15;"																						0
2242	31	充值返利	充值返利(单次+累计)	0	1	2018/8/11 0:00	2018/8/12 23:59	2018/8/11 0:00	2018/8/12 23:59				1	0	100	3	"1,60204,500;1,91,500;"	0	300	3	"1,60204,800;1,91,1000;"	0	500	3	"1,60204,1000;1,91,2500;"	0	1000	3	"1,60204,2000;1,91,5000;"																	30	1
2243	30	充值返利	充值返利(单次)	0	1	2018/8/17 0:00	2018/8/19 23:59	2018/8/17 0:00	2018/8/19 23:59				5	0	98	3	"1,25004,10;"	0	198	3	"1,25005,10;"	0	648	3	"1,16030,1;1,200,15;"																						0
2244	31	充值返利	充值返利(单次+累计)	0	1	2018/8/17 0:00	2018/8/19 23:59	2018/8/17 0:00	2018/8/19 23:59				1	0	100	3	"1,60204,500;1,91,500;"	0	300	3	"1,60204,800;1,91,1000;"	0	500	3	"1,60204,1000;1,91,2500;"	0	1000	3	"1,60204,2000;1,91,5000;"																	30	1
2245	33	金币豪礼(盛开的金盏花)	累充返利	0	1	2018/8/11 0:00	2018/8/12 23:59	2018/8/11 0:00	2018/8/12 23:59				1	0	6	3	"1,90,200000;1,50001,10"	0	30	3	"1,90,500000;1,50001,50"	0	100	3	"1,90,3000000;1,50001,100"	0	200	3	"1,90,5000000;1,50001,240"	0	500	3	"1,90,10000000;1,50001,900"														1
2246	33	金币豪礼(盛开的金盏花)	累充返利	0	1	2018/8/17 0:00	2018/8/19 23:59	2018/8/17 0:00	2018/8/19 23:59				1	0	6	3	"1,90,200000;1,50001,10"	0	30	3	"1,90,500000;1,50001,50"	0	100	3	"1,90,3000000;1,50001,100"	0	200	3	"1,90,5000000;1,50001,240"	0	500	3	"1,90,10000000;1,50001,900"														1
2247	136	觉醒时刻	累计消耗钻石领奖	0	1	2018/8/11 0:00	2018/8/12 23:59	2018/8/11 0:00	2018/8/12 23:59				2	0	500	3	"1,60204,500;1,45265,5"	0	2000	3	"1,60204,500;1,45265,10"	0	5000	3	"1,60204,1000;1,1,16012,1;"	0	10000	3	"1,60204,2000;1,1,16018,1;"																		1
2248	136	觉醒时刻	累计消耗钻石领奖	0	1	2018/8/18 0:00	2018/8/19 23:59	2018/8/18 0:00	2018/8/19 23:59				2	0	500	3	"1,60204,500;1,45181,5"	0	2000	3	"1,60204,500;1,45181,10"	0	5000	3	"1,60204,1000;1,1,16008,1;"	0	10000	3	"1,60204,2000;1,1,16014,1;"																		1
2249	120	登陆赠礼(登陆赠礼)	活动期间每日登录游戏均可领取奖励	0	1	2018/8/11 0:00	2018/8/12 23:59	2018/8/11 0:00	2018/8/12 23:59				4	0	1	3	"1,90,1000000;1,50001,150;1,91,200;"	0	2	3	"1,90,1000000;1,50001,150;1,91,200;"																										1
2250	120	登陆赠礼(登陆赠礼)	活动期间每日登录游戏均可领取奖励	0	1	2018/8/18 0:00	2018/8/19 23:59	2018/8/18 0:00	2018/8/19 23:59				4	0	1	3	"1,90,1000000;1,50001,150;1,91,200;"	0	2	3	"1,90,1000000;1,50001,150;1,91,200;"																										1
2251	32	累充送礼	累充送礼	0	1	2018/8/13 0:00	2018/8/16 23:59	2018/8/13 0:00	2018/8/16 23:59				1	0	100	3	"1,90,5000000;1,91,333;1,16014,1;"	0	200	3	"1,16028,1;1,50002,2;"	0	500	3	"1,25008,1;1,90,10000000;0,1157,1,1,1,0;"	0	800	3	"1,45338,20;1,91,2000;"	0	1000	3	"1,25007,1;0,1350,1,1,1,2;1,90,30000000;"	0	1500	3	"1,25009,1;1,16035,1;1,90,50000000;"										1
2252	32	累充送礼	累充送礼	0	1	2018/8/20 0:00	2018/8/24 23:59	2018/8/20 0:00	2018/8/24 23:59				1	0	100	3	"1,25006,1;1,91,333;1,16018,1;"	0	200	3	"1,50003,2;1,25004,1;"	0	500	3	"1,25008,1;1,90,10000000;1,45314,15;"	0	800	3	"1,45350,20;1,91,500;1,25005,1;"	0	1000	3	"1,25007,1;0,1374,1,1,1,2;1,91,3000;"	0	1500	3	"1,25009,1;1,16031,1;1,90,50000000;"										1
2253	33	金币豪礼(盛开的太阳花)	累充返利	0	1	2018/8/13 0:00	2018/8/16 23:59	2018/8/13 0:00	2018/8/16 23:59				1	0	6	3	"1,94,200000;1,50001,10"	0	30	3	"1,94,500000;1,50001,50"	0	100	3	"1,94,3000000;1,50001,100"	0	200	3	"1,94,5000000;1,50001,240"	0	500	3	"1,94,10000000;1,50001,900"														1
2254	33	金币豪礼(盛开的太阳花)	累充返利	0	1	2018/8/20 0:00	2018/8/24 23:59	2018/8/20 0:00	2018/8/24 23:59				1	0	6	3	"1,94,200000;1,50001,10"	0	30	3	"1,94,500000;1,50001,50"	0	100	3	"1,94,3000000;1,50001,100"	0	200	3	"1,94,5000000;1,50001,240"	0	500	3	"1,94,10000000;1,50001,900"														1
2255	140	稀有植物	稀有植物	0	20	2018/8/13 0:00	2018/8/17 23:59	2018/8/13 0:00	2018/8/17 23:59	"21408,100|21407,100|21406,90|21401,60|21402,60|21405,90|21403,60|21404,60|"			1	0	100	3	"0,1338,1"																														1
2256	140	稀有植物	稀有植物	0	20	2018/8/20 0:00	2018/8/24 23:59	2018/8/20 0:00	2018/8/24 23:59	"21408,100|21407,100|21406,90|21401,60|21402,60|21405,90|21403,60|21404,60|"			1	0	100	3	"0,1338,1"																														1
2257	147	魔法限购	魔法限购	0	20	2018/8/11 0:00	2018/8/17 23:59	2018/8/11 0:00	2018/8/17 23:59				0	1	"300,80"	0	"1,35001,5;1,35002,5;1,35003,5;1,35004,5;1,35005,5;1,35006,5;1,35007,5;1,35008,5;1,35009,5;"	1	"250,70"	0	"1,45277,5;1,45145,5;1,45181,5;"	1	"150,50"	0	"1,34001,5;1,34002,5;1,34003,5;1,34004,5;1,34005,5;1,34006,5;1,34007,5;1,34008,5;1,34009,5;"																						1
2258	147	魔法限购	魔法限购	0	20	2018/8/18 0:00	2018/8/24 23:59	2018/8/18 0:00	2018/8/24 23:59				0	1	"300,80"	0	"1,35001,5;1,35002,5;1,35003,5;1,35004,5;1,35005,5;1,35006,5;1,35007,5;1,35008,5;1,35009,5;"	1	"250,70"	0	"1,45277,5;1,45145,5;1,45181,5;"	1	"150,50"	0	"1,34001,5;1,34002,5;1,34003,5;1,34004,5;1,34005,5;1,34006,5;1,34007,5;1,34008,5;1,34009,5;"																						1
2259	135	惊喜放送	充值领奖(可选择奖励）	0	1	2018/8/16 0:00	2018/8/19 23:59	2018/8/16 0:00	2018/8/19 23:59				6	1	30	4	"1,1,45121,10;2,1,45037,10;3,1,45121,10"	1	98	4	"1,0,1181,1,1,1,0;2,0,1129,1,1,1,0;3,0,1181,1,1,1,0"	1	98	4	"1,0,1013,1,1,1,0;2,0,1265,1,1,1,0;3,0,1013,1,1,1,0"																						1
2260	135	惊喜放送	充值领奖(可选择奖励）	0	1	2018/8/23 0:00	2018/8/26 23:59	2018/8/23 0:00	2018/8/26 23:59				6	1	30	4	"1,1,45121,10;2,1,45037,10;3,1,45121,10"	1	98	4	"1,0,1181,1,1,1,0;2,0,1129,1,1,1,0;3,0,1181,1,1,1,0"	1	98	4	"1,0,1013,1,1,1,0;2,0,1265,1,1,1,0;3,0,1013,1,1,1,0"																						1
2261	34	单充返利	单充返利	0	1	2018/8/11 0:00	2018/8/12 23:59	2018/8/11 0:00	2018/8/12 23:59				5	0	98	3	"1,90,10000000;1,60204,1000;"	0	328	3	"1,90,25000000;1,60204,2500;"	0	648	3	"1,90,50000000;1,60204,5000;"																						1
2262	34	单充返利	单充返利	0	1	2018/8/15 0:00	2018/8/17 23:59	2018/8/15 0:00	2018/8/17 23:59				5	0	98	3	"1,90,10000000;1,94,10000000;"	0	328	3	"1,90,25000000;1,94,20000000;"	0	648	3	"1,90,50000000;1,94,50000000;"																						1
2263	34	单充返利	单充返利	0	1	2018/8/18 0:00	2018/8/19 23:59	2018/8/18 0:00	2018/8/19 23:59				5	0	98	3	"1,90,10000000;1,60204,1000;"	0	328	3	"1,90,25000000;1,60204,2500;"	0	648	3	"1,90,50000000;1,60204,5000;"																						1
2264	34	单充返利	单充返利	0	1	2018/8/22 0:00	2018/8/24 23:59	2018/8/22 0:00	2018/8/24 23:59				5	0	98	3	"1,90,10000000;1,200,5;"	0	328	3	"1,90,25000000;1,200,10;"	0	648	3	"1,90,50000000;1,200,15;"																						1
2265	35	连续充值	连续充值	0	1	2018/8/13 0:00	2018/8/15 23:59	2018/8/13 0:00	2018/8/15 23:59				7	0	98	3	"1,90,5000000;1,91,50;"	0	98	3	"1,90,5000000;1,91,120;"	0	98	3	"1,90,5000000;1,16032,1;"																						1
2266	35	连续充值	连续充值	0	1	2018/8/20 0:00	2018/8/22 23:59	2018/8/20 0:00	2018/8/22 23:59				7	0	98	3	"1,90,5000000;1,91,50;"	0	98	3	"1,90,5000000;1,91,120;"	0	98	3	"1,90,5000000;1,16033,1;"																						1
2267	30	充值返利	充值返利(单次)	0	1	2018/8/25 0:00	2018/8/26 23:59	2018/8/25 0:00	2018/8/26 23:59				5	0	98	3	"1,35009,10;1,50003,2;"	0	198	3	"1,45386,10;1,45338,10;"	0	648	3	"1,16032,1;1,200,15;"																						0
2268	31	充值返利	充值返利(单次+累计)	0	1	2018/8/25 0:00	2018/8/26 23:59	2018/8/25 0:00	2018/8/26 23:59				1	0	100	3	"1,60204,500;1,91,500;"	0	300	3	"1,60204,800;1,91,1000;"	0	500	3	"1,60204,1000;1,91,2500;"	0	1000	3	"1,60204,2000;1,91,5000;"																	30	1
2269	30	充值返利	充值返利(单次)	0	1	2018/8/31 0:00	2018/9/2 23:59	2018/8/31 0:00	2018/9/2 23:59				5	0	98	3	"1,25003,1;"	0	198	3	"1,25005,1;"	0	648	3	"1,16030,1;1,200,15;"																						0
2270	31	充值返利	充值返利(单次+累计)	0	1	2018/8/31 0:00	2018/9/2 23:59	2018/8/31 0:00	2018/9/2 23:59				1	0	100	3	"1,60204,500;1,91,500;"	0	300	3	"1,60204,800;1,91,1000;"	0	500	3	"1,60204,1000;1,91,2500;"	0	1000	3	"1,60204,2000;1,91,5000;"																	30	1
2271	33	金币豪礼(盛开的金盏花)	累充返利	0	1	2018/8/25 0:00	2018/8/26 23:59	2018/8/25 0:00	2018/8/26 23:59				1	0	6	3	"1,90,200000;1,50001,10"	0	30	3	"1,90,500000;1,50001,50"	0	100	3	"1,90,3000000;1,50001,100"	0	200	3	"1,90,5000000;1,50001,240"	0	500	3	"1,90,10000000;1,50001,900"														1
2272	33	金币豪礼(盛开的金盏花)	累充返利	0	1	2018/8/31 0:00	2018/9/2 23:59	2018/8/31 0:00	2018/9/2 23:59				1	0	6	3	"1,90,200000;1,50001,10"	0	30	3	"1,90,500000;1,50001,50"	0	100	3	"1,90,3000000;1,50001,100"	0	200	3	"1,90,5000000;1,50001,240"	0	500	3	"1,90,10000000;1,50001,900"														1
2273	136	觉醒时刻	累计消耗钻石领奖	0	1	2018/8/25 0:00	2018/8/26 23:59	2018/8/25 0:00	2018/8/26 23:59				2	0	500	3	"1,60204,500;1,45265,5"	0	2000	3	"1,60204,500;1,45265,10"	0	5000	3	"1,60204,1000;1,1,16012,1;"	0	10000	3	"1,60204,2000;1,1,16018,1;"																		1
2274	136	觉醒时刻	累计消耗钻石领奖	0	1	2018/9/1 0:00	2018/9/2 23:59	2018/9/1 0:00	2018/9/2 23:59				2	0	500	3	"1,60204,500;1,45181,5"	0	2000	3	"1,60204,500;1,45181,10"	0	5000	3	"1,60204,1000;1,1,16008,1;"	0	10000	3	"1,60204,2000;1,1,16014,1;"																		1
2275	120	登陆赠礼(登陆赠礼)	活动期间每日登录游戏均可领取奖励	0	1	2018/8/25 0:00	2018/8/26 23:59	2018/8/25 0:00	2018/8/26 23:59				4	0	1	3	"1,90,1000000;1,50001,150;1,91,200;"	0	2	3	"1,90,1000000;1,50001,150;1,91,200;"																										1
2276	120	登陆赠礼(登陆赠礼)	活动期间每日登录游戏均可领取奖励	0	1	2018/9/1 0:00	2018/9/2 23:59	2018/9/1 0:00	2018/9/2 23:59				4	0	1	3	"1,90,1000000;1,50001,150;1,91,200;"	0	2	3	"1,90,1000000;1,50001,150;1,91,200;"																										1
2277	32	累充送礼	累充送礼	0	1	2018/8/27 0:00	2018/8/30 23:59	2018/8/27 0:00	2018/8/30 23:59				1	0	100	3	"1,90,5000000;1,91,333;1,16014,1;"	0	200	3	"1,16028,1;1,50002,2;"	0	500	3	"1,25008,1;1,90,10000000;0,1157,1,1,1,0;"	0	800	3	"1,45338,20;1,91,2000;"	0	1000	3	"1,25007,1;0,1350,1,1,1,2;1,90,30000000;"	0	1500	3	"1,25009,1;1,16035,1;1,90,50000000;"										1
2278	32	累充送礼	累充送礼	0	1	2018/9/3 0:00	2018/9/7 23:59	2018/9/3 0:00	2018/9/7 23:59				1	0	100	3	"1,25006,1;1,91,333;1,16018,1;"	0	200	3	"1,50003,2;1,25004,1;"	0	500	3	"1,25008,1;1,90,10000000;1,45314,15;"	0	800	3	"1,45350,20;1,91,500;1,25005,1;"	0	1000	3	"1,25007,1;0,1374,1,1,1,2;1,91,3000;"	0	1500	3	"1,25009,1;1,16031,1;1,90,50000000;"										1
2279	33	金币豪礼(盛开的太阳花)	累充返利	0	1	2018/8/27 0:00	2018/8/30 23:59	2018/8/27 0:00	2018/8/30 23:59				1	0	6	3	"1,94,200000;1,50001,10"	0	30	3	"1,94,500000;1,50001,50"	0	100	3	"1,94,3000000;1,50001,100"	0	200	3	"1,94,5000000;1,50001,240"	0	500	3	"1,94,10000000;1,50001,900"														1
2280	33	金币豪礼(盛开的太阳花)	累充返利	0	1	2018/9/3 0:00	2018/9/7 23:59	2018/9/3 0:00	2018/9/7 23:59				1	0	6	3	"1,94,200000;1,50001,10"	0	30	3	"1,94,500000;1,50001,50"	0	100	3	"1,94,3000000;1,50001,100"	0	200	3	"1,94,5000000;1,50001,240"	0	500	3	"1,94,10000000;1,50001,900"														1
2281	140	稀有植物	稀有植物	0	20	2018/8/27 0:00	2018/8/31 23:59	2018/8/27 0:00	2018/8/31 23:59	"21408,100|21407,100|21406,90|21401,60|21402,60|21405,90|21403,60|21404,60|"			1	0	100	3	"0,1338,1"																														1
2282	140	稀有植物	稀有植物	0	20	2018/9/3 0:00	2018/9/7 23:59	2018/9/3 0:00	2018/9/7 23:59	"21408,100|21407,100|21406,90|21401,60|21402,60|21405,90|21403,60|21404,60|"			1	0	100	3	"0,1338,1"																														1
2283	147	魔法限购	魔法限购	0	20	2018/8/25 0:00	2018/8/31 23:59	2018/8/25 0:00	2018/8/31 23:59				0	1	"300,80"	0	"1,35001,5;1,35002,5;1,35003,5;1,35004,5;1,35005,5;1,35006,5;1,35007,5;1,35008,5;1,35009,5;"	1	"250,70"	0	"1,45277,5;1,45145,5;1,45181,5;"	1	"150,50"	0	"1,34001,5;1,34002,5;1,34003,5;1,34004,5;1,34005,5;1,34006,5;1,34007,5;1,34008,5;1,34009,5;"																						1
2284	147	魔法限购	魔法限购	0	20	2018/9/1 0:00	2018/9/7 23:59	2018/9/1 0:00	2018/9/7 23:59				0	1	"300,80"	0	"1,35001,5;1,35002,5;1,35003,5;1,35004,5;1,35005,5;1,35006,5;1,35007,5;1,35008,5;1,35009,5;"	1	"250,70"	0	"1,45277,5;1,45145,5;1,45181,5;"	1	"150,50"	0	"1,34001,5;1,34002,5;1,34003,5;1,34004,5;1,34005,5;1,34006,5;1,34007,5;1,34008,5;1,34009,5;"																						1
2285	135	惊喜放送	充值领奖(可选择奖励）	0	1	2018/8/30 0:00	2018/9/2 23:59	2018/8/30 0:00	2018/9/2 23:59				6	1	30	4	"1,1,45121,10;2,1,45037,10;3,1,45121,10"	1	98	4	"1,0,1181,1,1,1,0;2,0,1129,1,1,1,0;3,0,1181,1,1,1,0"	1	98	4	"1,0,1013,1,1,1,0;2,0,1265,1,1,1,0;3,0,1013,1,1,1,0"																						1
2286	135	惊喜放送	充值领奖(可选择奖励）	0	1	2018/9/6 0:00	2018/9/9 23:59	2018/9/6 0:00	2018/9/9 23:59				6	1	30	4	"1,1,45121,10;2,1,45037,10;3,1,45121,10"	1	98	4	"1,0,1181,1,1,1,0;2,0,1129,1,1,1,0;3,0,1181,1,1,1,0"	1	98	4	"1,0,1013,1,1,1,0;2,0,1265,1,1,1,0;3,0,1013,1,1,1,0"																						1
2287	34	单充返利	单充返利	0	1	2018/8/25 0:00	2018/8/26 23:59	2018/8/25 0:00	2018/8/26 23:59				5	0	98	3	"1,90,10000000;1,60204,1000;"	0	328	3	"1,90,25000000;1,60204,2500;"	0	648	3	"1,90,50000000;1,60204,5000;"																						1
2288	34	单充返利	单充返利	0	1	2018/8/29 0:00	2018/8/31 23:59	2018/8/29 0:00	2018/8/31 23:59				5	0	98	3	"1,90,10000000;1,94,10000000;"	0	328	3	"1,90,25000000;1,94,20000000;"	0	648	3	"1,90,50000000;1,94,50000000;"																						1
2289	34	单充返利	单充返利	0	1	2018/9/1 0:00	2018/9/2 23:59	2018/9/1 0:00	2018/9/2 23:59				5	0	98	3	"1,90,10000000;1,60204,1000;"	0	328	3	"1,90,25000000;1,60204,2500;"	0	648	3	"1,90,50000000;1,60204,5000;"																						1
2290	34	单充返利	单充返利	0	1	2018/9/5 0:00	2018/9/7 23:59	2018/9/5 0:00	2018/9/7 23:59				5	0	98	3	"1,90,10000000;1,200,5;"	0	328	3	"1,90,25000000;1,200,10;"	0	648	3	"1,90,50000000;1,200,15;"																						1
2291	35	连续充值	连续充值	0	1	2018/8/27 0:00	2018/8/29 23:59	2018/8/27 0:00	2018/8/29 23:59				7	0	98	3	"1,90,5000000;1,91,50;"	0	98	3	"1,90,5000000;1,91,120;"	0	98	3	"1,90,5000000;1,16032,1;"																						1
2292	35	连续充值	连续充值	0	1	2018/9/3 0:00	2018/9/5 23:59	2018/9/3 0:00	2018/9/5 23:59				7	0	98	3	"1,90,5000000;1,91,50;"	0	98	3	"1,90,5000000;1,91,120;"	0	98	3	"1,90,5000000;1,16033,1;"																						1
2293	30	充值返利	充值返利(单次)	0	1	2018/9/8 0:00	2018/9/9 23:59	2018/9/8 0:00	2018/9/9 23:59				5	0	98	3	"1,35009,10;1,50003,2;"	0	198	3	"1,45386,10;1,45338,10;"	0	648	3	"0,1314,1,1,1,2;1,200,15;"																						0
2294	31	充值返利	充值返利(单次+累计)	0	1	2018/9/8 0:00	2018/9/9 23:59	2018/9/8 0:00	2018/9/9 23:59				1	0	100	3	"1,60204,500;1,91,500;"	0	300	3	"1,60204,800;1,91,1000;"	0	500	3	"1,60204,1000;1,91,2500;"	0	1000	3	"1,60204,2000;1,91,5000;"																	30	1
2295	30	充值返利	充值返利(单次)	0	1	2018/9/14 0:00	2018/9/16 23:59	2018/9/14 0:00	2018/9/16 23:59				5	0	98	3	"1,25003,1;"	0	198	3	"1,25005,1;"	0	648	3	"1,16030,1;1,200,15;"																						0
2296	31	充值返利	充值返利(单次+累计)	0	1	2018/9/14 0:00	2018/9/16 23:59	2018/9/14 0:00	2018/9/16 23:59				1	0	100	3	"1,60204,500;1,91,500;"	0	300	3	"1,60204,800;1,91,1000;"	0	500	3	"1,60204,1000;1,91,2500;"	0	1000	3	"1,60204,2000;1,91,5000;"																	30	1
2297	30	充值返利	充值返利(单次)	0	1	2018/9/22 0:00	2018/9/23 23:59	2018/9/22 0:00	2018/9/23 23:59				5	0	98	3	"1,35009,10;1,50003,2;"	0	198	3	"1,45386,10;1,45338,10;"	0	648	3	"1,16032,1;1,200,15;"																						0
2298	31	充值返利	充值返利(单次+累计)	0	1	2018/9/22 0:00	2018/9/23 23:59	2018/9/22 0:00	2018/9/23 23:59				1	0	100	3	"1,60204,500;1,91,500;"	0	300	3	"1,60204,800;1,91,1000;"	0	500	3	"1,60204,1000;1,91,2500;"	0	1000	3	"1,60204,2000;1,91,5000;"																	30	1
2299	33	金币豪礼(盛开的金盏花)	累充返利	0	1	2018/9/8 0:00	2018/9/9 23:59	2018/9/8 0:00	2018/9/9 23:59				1	0	6	3	"1,90,200000;1,50001,10"	0	30	3	"1,90,500000;1,50001,50"	0	100	3	"1,90,3000000;1,50001,100"	0	200	3	"1,90,5000000;1,50001,240"	0	500	3	"1,90,10000000;1,50001,900"														1
2300	33	金币豪礼(盛开的金盏花)	累充返利	0	1	2018/9/14 0:00	2018/9/16 23:59	2018/9/14 0:00	2018/9/16 23:59				1	0	6	3	"1,90,200000;1,50001,10"	0	30	3	"1,90,500000;1,50001,50"	0	100	3	"1,90,3000000;1,50001,100"	0	200	3	"1,90,5000000;1,50001,240"	0	500	3	"1,90,10000000;1,50001,900"														1
2301	33	金币豪礼(盛开的金盏花)	累充返利	0	1	2018/9/22 0:00	2018/9/23 23:59	2018/9/22 0:00	2018/9/23 23:59				1	0	6	3	"1,90,200000;1,50001,10"	0	30	3	"1,90,500000;1,50001,50"	0	100	3	"1,90,3000000;1,50001,100"	0	200	3	"1,90,5000000;1,50001,240"	0	500	3	"1,90,10000000;1,50001,900"														1
2302	136	觉醒时刻	累计消耗钻石领奖	0	1	2018/9/8 0:00	2018/9/9 23:59	2018/9/8 0:00	2018/9/9 23:59				2	0	500	3	"1,60204,500;1,45265,5"	0	2000	3	"1,60204,500;1,45265,10"	0	5000	3	"1,60204,1000;1,1,16012,1;"	0	10000	3	"1,60204,2000;1,1,16018,1;"																		1
2303	136	觉醒时刻	累计消耗钻石领奖	0	1	2018/9/15 0:00	2018/9/16 23:59	2018/9/15 0:00	2018/9/16 23:59				2	0	500	3	"1,60204,500;1,45181,5"	0	2000	3	"1,60204,500;1,45181,10"	0	5000	3	"1,60204,1000;1,1,16008,1;"	0	10000	3	"1,60204,2000;1,1,16014,1;"																		1
2304	136	觉醒时刻	累计消耗钻石领奖	0	1	2018/9/22 0:00	2018/9/23 23:59	2018/9/22 0:00	2018/9/23 23:59				2	0	500	3	"1,60204,500;1,45265,5"	0	2000	3	"1,60204,500;1,45265,10"	0	5000	3	"1,60204,1000;1,1,16012,1;"	0	10000	3	"1,60204,2000;1,1,16018,1;"																		1
2305	120	登陆赠礼(登陆赠礼)	活动期间每日登录游戏均可领取奖励	0	1	2018/9/8 0:00	2018/9/9 23:59	2018/9/8 0:00	2018/9/9 23:59				4	0	1	3	"1,90,1000000;1,50001,150;1,91,200;"	0	2	3	"1,90,1000000;1,50001,150;1,91,200;"																										1
2306	120	登陆赠礼(登陆赠礼)	活动期间每日登录游戏均可领取奖励	0	1	2018/9/15 0:00	2018/9/16 23:59	2018/9/15 0:00	2018/9/16 23:59				4	0	1	3	"1,90,1000000;1,50001,150;1,91,200;"	0	2	3	"1,90,1000000;1,50001,150;1,91,200;"																										1
2307	120	登陆赠礼(登陆赠礼)	活动期间每日登录游戏均可领取奖励	0	1	2018/9/22 0:00	2018/9/23 23:59	2018/9/22 0:00	2018/9/23 23:59				4	0	1	3	"1,90,1000000;1,50001,150;"	0	2	3	"1,90,1000000;1,50001,150;"																										1
2308	32	累充送礼	累充送礼	0	1	2018/9/10 0:00	2018/9/13 23:59	2018/9/10 0:00	2018/9/13 23:59				1	0	100	3	"1,90,5000000;1,91,333;1,16014,1;"	0	200	3	"1,16028,1;1,50002,2;"	0	500	3	"1,25008,1;1,90,10000000;0,1157,1,1,1,0;"	0	800	3	"1,45338,20;1,91,2000;"	0	1000	3	"1,25007,1;0,1386,1,1,1,2;1,90,30000000;"	0	1500	3	"1,25009,1;1,16035,1;1,90,50000000;"										1
2309	32	累充送礼	累充送礼	0	1	2018/9/17 0:00	2018/9/21 23:59	2018/9/17 0:00	2018/9/21 23:59				1	0	100	3	"1,25006,1;1,91,333;1,16018,1;"	0	200	3	"1,50003,2;1,25004,1;"	0	500	3	"1,25008,1;1,90,10000000;1,45314,15;"	0	800	3	"1,45350,20;1,91,500;1,25005,1;"	0	1000	3	"1,25007,1;0,1374,1,1,1,2;1,91,3000;"	0	1500	3	"1,25009,1;1,16031,1;1,90,50000000;"										1
2310	32	累充送礼	累充送礼	0	1	2018/9/24 0:00	2018/9/28 23:59	2018/9/24 0:00	2018/9/28 23:59				1	0	100	3	"1,90,5000000;1,91,333;1,16014,1;"	0	200	3	"1,16028,1;1,50002,2;"	0	500	3	"1,25008,1;1,90,10000000;0,1157,1,1,1,0;"	0	800	3	"1,45338,20;1,91,2000;"	0	1000	3	"1,25007,1;0,1350,1,1,1,2;1,90,30000000;"	0	1500	3	"1,25009,1;1,16035,1;1,90,50000000;"										1
2311	33	金币豪礼(盛开的太阳花)	累充返利	0	1	2018/9/10 0:00	2018/9/13 23:59	2018/9/10 0:00	2018/9/13 23:59				1	0	6	3	"1,94,200000;1,50001,10"	0	30	3	"1,94,500000;1,50001,50"	0	100	3	"1,94,3000000;1,50001,100"	0	200	3	"1,94,5000000;1,50001,240"	0	500	3	"1,94,10000000;1,50001,900"														1
2312	33	金币豪礼(盛开的太阳花)	累充返利	0	1	2018/9/17 0:00	2018/9/21 23:59	2018/9/17 0:00	2018/9/21 23:59				1	0	6	3	"1,94,200000;1,50001,10"	0	30	3	"1,94,500000;1,50001,50"	0	100	3	"1,94,3000000;1,50001,100"	0	200	3	"1,94,5000000;1,50001,240"	0	500	3	"1,94,10000000;1,50001,900"														1
2313	33	金币豪礼(盛开的太阳花)	累充返利	0	1	2018/9/24 0:00	2018/9/28 23:59	2018/9/24 0:00	2018/9/28 23:59				1	0	6	3	"1,94,200000;1,50001,10"	0	30	3	"1,94,500000;1,50001,50"	0	100	3	"1,94,3000000;1,50001,100"	0	200	3	"1,94,5000000;1,50001,240"	0	500	3	"1,94,10000000;1,50001,900"														1
2314	140	稀有植物	稀有植物	0	20	2018/9/10 0:00	2018/9/14 23:59	2018/9/10 0:00	2018/9/14 23:59	"21408,100|21407,100|21406,90|21401,60|21402,60|21405,90|21403,60|21404,60|"			1	0	100	3	"0,1338,1"																														1
2315	140	稀有植物	稀有植物	0	20	2018/9/17 0:00	2018/9/21 23:59	2018/9/17 0:00	2018/9/21 23:59	"21408,100|21407,100|21406,90|21401,60|21402,60|21405,90|21403,60|21404,60|"			1	0	100	3	"0,1338,1"																														1
2316	140	稀有植物	稀有植物	0	20	2018/9/24 0:00	2018/9/28 23:59	2018/9/24 0:00	2018/9/28 23:59	"21408,100|21407,100|21406,90|21401,60|21402,60|21405,90|21403,60|21404,60|"			1	0	100	3	"0,1338,1"																														1
2317	147	魔法限购	魔法限购	0	20	2018/9/8 0:00	2018/9/14 23:59	2018/9/8 0:00	2018/9/14 23:59				0	1	"300,80"	0	"1,35001,5;1,35002,5;1,35003,5;1,35004,5;1,35005,5;1,35006,5;1,35007,5;1,35008,5;1,35009,5;"	1	"250,70"	0	"1,45277,5;1,45145,5;1,45181,5;"	1	"150,50"	0	"1,34001,5;1,34002,5;1,34003,5;1,34004,5;1,34005,5;1,34006,5;1,34007,5;1,34008,5;1,34009,5;"																						1
2318	147	魔法限购	魔法限购	0	20	2018/9/15 0:00	2018/9/21 23:59	2018/9/15 0:00	2018/9/21 23:59				0	1	"300,80"	0	"1,35001,5;1,35002,5;1,35003,5;1,35004,5;1,35005,5;1,35006,5;1,35007,5;1,35008,5;1,35009,5;"	1	"250,70"	0	"1,45277,5;1,45145,5;1,45181,5;"	1	"150,50"	0	"1,34001,5;1,34002,5;1,34003,5;1,34004,5;1,34005,5;1,34006,5;1,34007,5;1,34008,5;1,34009,5;"																						1
2319	147	魔法限购	魔法限购	0	20	2018/9/22 0:00	2018/9/28 23:59	2018/9/22 0:00	2018/9/28 23:59				0	1	"300,80"	0	"1,35001,5;1,35002,5;1,35003,5;1,35004,5;1,35005,5;1,35006,5;1,35007,5;1,35008,5;1,35009,5;"	1	"250,70"	0	"1,45277,5;1,45145,5;1,45181,5;"	1	"150,50"	0	"1,34001,5;1,34002,5;1,34003,5;1,34004,5;1,34005,5;1,34006,5;1,34007,5;1,34008,5;1,34009,5;"																						1
2320	135	惊喜放送	充值领奖(可选择奖励）	0	1	2018/9/13 0:00	2018/9/16 23:59	2018/9/13 0:00	2018/9/16 23:59				6	1	30	4	"1,1,45121,10;2,1,45037,10;3,1,45121,10"	1	98	4	"1,0,1181,1,1,1,0;2,0,1129,1,1,1,0;3,0,1181,1,1,1,0"	1	98	4	"1,0,1013,1,1,1,0;2,0,1265,1,1,1,0;3,0,1013,1,1,1,0"																						1
2321	135	惊喜放送	充值领奖(可选择奖励）	0	1	2018/9/20 0:00	2018/9/23 23:59	2018/9/20 0:00	2018/9/23 23:59				6	1	30	4	"1,1,45121,10;2,1,45037,10;3,1,45121,10"	1	98	4	"1,0,1181,1,1,1,0;2,0,1129,1,1,1,0;3,0,1181,1,1,1,0"	1	98	4	"1,0,1013,1,1,1,0;2,0,1265,1,1,1,0;3,0,1013,1,1,1,0"																						1
2322	135	惊喜放送	充值领奖(可选择奖励）	0	1	2018/9/27 0:00	2018/9/30 23:59	2018/9/27 0:00	2018/9/30 23:59				6	1	30	4	"1,1,45121,10;2,1,45037,10;3,1,45121,10"	1	98	4	"1,0,1181,1,1,1,0;2,0,1129,1,1,1,0;3,0,1181,1,1,1,0"	1	98	4	"1,0,1013,1,1,1,0;2,0,1265,1,1,1,0;3,0,1013,1,1,1,0"																						1
2323	34	单充返利	单充返利	0	1	2018/9/8 0:00	2018/9/9 23:59	2018/9/8 0:00	2018/9/9 23:59				5	0	98	3	"1,90,10000000;1,60204,1000;"	0	328	3	"1,90,25000000;1,60204,2500;"	0	648	3	"1,90,50000000;1,60204,5000;"																						1
2324	34	单充返利	单充返利	0	1	2018/9/12 0:00	2018/9/14 23:59	2018/9/12 0:00	2018/9/14 23:59				5	0	98	3	"1,90,10000000;1,94,10000000;"	0	328	3	"1,90,25000000;1,94,20000000;"	0	648	3	"1,90,50000000;1,94,50000000;"																						1
2325	34	单充返利	单充返利	0	1	2018/9/15 0:00	2018/9/16 23:59	2018/9/15 0:00	2018/9/16 23:59				5	0	98	3	"1,90,10000000;1,60204,1000;"	0	328	3	"1,90,25000000;1,60204,2500;"	0	648	3	"1,90,50000000;1,60204,5000;"																						1
2326	34	单充返利	单充返利	0	1	2018/9/19 0:00	2018/9/21 23:59	2018/9/19 0:00	2018/9/21 23:59				5	0	98	3	"1,90,10000000;1,200,5;"	0	328	3	"1,90,25000000;1,200,10;"	0	648	3	"1,90,50000000;1,200,15;"																						1
2327	34	单充返利	单充返利	0	1	2018/9/22 0:00	2018/9/23 23:59	2018/9/22 0:00	2018/9/23 23:59				5	0	98	3	"1,90,10000000;1,60204,1000;"	0	328	3	"1,90,25000000;1,60204,2500;"	0	648	3	"1,90,50000000;1,60204,5000;"																						1
2328	34	单充返利	单充返利	0	1	2018/9/26 0:00	2018/9/28 23:59	2018/9/26 0:00	2018/9/28 23:59				5	0	98	3	"1,90,10000000;1,94,10000000;"	0	328	3	"1,90,25000000;1,94,20000000;"	0	648	3	"1,90,50000000;1,94,50000000;"																						1
2329	35	连续充值	连续充值	0	1	2018/9/10 0:00	2018/9/12 23:59	2018/9/10 0:00	2018/9/12 23:59				7	0	98	3	"1,90,5000000;1,91,50;"	0	98	3	"1,90,5000000;1,91,120;"	0	98	3	"1,90,5000000;1,16032,1;"																						1
2330	35	连续充值	连续充值	0	1	2018/9/17 0:00	2018/9/19 23:59	2018/9/17 0:00	2018/9/19 23:59				7	0	98	3	"1,90,5000000;1,91,50;"	0	98	3	"1,90,5000000;1,91,120;"	0	98	3	"1,90,5000000;1,16033,1;"																						1
2331	35	连续充值	连续充值	0	1	2018/9/24 0:00	2018/9/26 23:59	2018/9/24 0:00	2018/9/26 23:59				7	0	98	3	"1,90,5000000;1,91,50;"	0	98	3	"1,90,5000000;1,91,120;"	0	98	3	"1,90,5000000;1,16032,1;"																						1
2332	30	充值返利	充值返利(单次)	0	1	2018/9/29 0:00	2018/9/30 23:59	2018/9/29 0:00	2018/9/30 23:59				5	0	98	3	"1,25007,1;"	0	198	3	"1,25008,1;1,16018,1;"	0	648	3	"0,1350,1,1,1,2;1,25009,1;"																						0
2333	31	充值返利	充值返利(单次+累计)	0	1	2018/9/29 0:00	2018/9/30 23:59	2018/9/29 0:00	2018/9/30 23:59				1	0	100	3	"1,60204,500;1,91,500;"	0	300	3	"1,60204,800;1,91,1000;"	0	500	3	"1,60204,1000;1,91,2500;"	0	1000	3	"1,60204,2000;1,91,5000;"																	30	1
2334	30	充值返利	充值返利(单次)	0	1	2018/10/5 0:00	2018/10/7 23:59	2018/10/5 0:00	2018/10/7 23:59				5	0	98	3	"1,25003,1;"	0	198	3	"1,25005,1;"	0	648	3	"1,16030,1;1,200,15;"																						0
2335	31	充值返利	充值返利(单次+累计)	0	1	2018/10/5 0:00	2018/10/7 23:59	2018/10/5 0:00	2018/10/7 23:59				1	0	100	3	"1,60204,500;1,91,500;"	0	300	3	"1,60204,800;1,91,1000;"	0	500	3	"1,60204,1000;1,91,2500;"	0	1000	3	"1,60204,2000;1,91,5000;"																	30	1
2336	30	充值返利	充值返利(单次)	0	1	2018/10/12 0:00	2018/10/14 23:59	2018/10/12 0:00	2018/10/14 23:59				5	0	98	3	"1,25007,1;"	0	198	3	"1,25008,1;1,16018,1;"	0	648	3	"0,1338,1,1,1,2;1,25009,1;"																						0
2337	31	充值返利	充值返利(单次+累计)	0	1	2018/10/12 0:00	2018/10/14 23:59	2018/10/12 0:00	2018/10/14 23:59				1	0	100	3	"1,60204,500;1,91,500;"	0	300	3	"1,60204,800;1,91,1000;"	0	500	3	"1,60204,1000;1,91,2500;"	0	1000	3	"1,60204,2000;1,91,5000;"																	30	1
2338	33	金币豪礼(盛开的金盏花)	累充返利	0	1	2018/9/29 0:00	2018/9/30 23:59	2018/9/29 0:00	2018/9/30 23:59				1	0	6	3	"1,90,200000;1,50001,10"	0	30	3	"1,90,500000;1,50001,50"	0	100	3	"1,90,3000000;1,50001,100"	0	200	3	"1,90,5000000;1,50001,240"	0	500	3	"1,90,10000000;1,50001,900"														1
2339	33	金币豪礼(盛开的金盏花)	累充返利	0	1	2018/10/5 0:00	2018/10/7 23:59	2018/10/5 0:00	2018/10/7 23:59				1	0	6	3	"1,90,200000;1,50001,10"	0	30	3	"1,90,500000;1,50001,50"	0	100	3	"1,90,3000000;1,50001,100"	0	200	3	"1,90,5000000;1,50001,240"	0	500	3	"1,90,10000000;1,50001,900"														1
2340	33	金币豪礼(盛开的金盏花)	累充返利	0	1	2018/10/12 0:00	2018/10/14 23:59	2018/10/12 0:00	2018/10/14 23:59				1	0	6	3	"1,90,200000;1,50001,10"	0	30	3	"1,90,500000;1,50001,50"	0	100	3	"1,90,3000000;1,50001,100"	0	200	3	"1,90,5000000;1,50001,240"	0	500	3	"1,90,10000000;1,50001,900"														1
2341	136	觉醒时刻	累计消耗钻石领奖	0	1	2018/9/29 0:00	2018/9/30 23:59	2018/9/29 0:00	2018/9/30 23:59				2	0	500	3	"1,60204,500;1,45265,5"	0	2000	3	"1,60204,500;1,45265,10"	0	5000	3	"1,60204,1000;1,1,16012,1;"	0	10000	3	"1,60204,2000;1,1,16018,1;"																		1
2342	136	觉醒时刻	累计消耗钻石领奖	0	1	2018/10/6 0:00	2018/10/7 23:59	2018/10/6 0:00	2018/10/7 23:59				2	0	500	3	"1,60204,500;1,45181,5"	0	2000	3	"1,60204,500;1,45181,10"	0	5000	3	"1,60204,1000;1,1,16008,1;"	0	10000	3	"1,60204,2000;1,1,16014,1;"																		1
2343	136	觉醒时刻	累计消耗钻石领奖	0	1	2018/10/13 0:00	2018/10/14 23:59	2018/10/13 0:00	2018/10/14 23:59				2	0	500	3	"1,60204,500;1,45265,5"	0	2000	3	"1,60204,500;1,45265,10"	0	5000	3	"1,60204,1000;1,1,16012,1;"	0	10000	3	"1,60204,2000;1,1,16018,1;"																		1
2344	120	登陆赠礼(登陆赠礼)	活动期间每日登录游戏均可领取奖励	0	1	2018/9/29 0:00	2018/9/30 23:59	2018/9/29 0:00	2018/9/30 23:59				4	0	1	3	"1,90,1000000;1,50001,150;1,91,200;"	0	2	3	"1,90,1000000;1,50001,150;1,91,200;"																										1
2345	120	登陆赠礼(登陆赠礼)	活动期间每日登录游戏均可领取奖励	0	1	2018/10/1 0:00	2018/10/2 23:59	2018/10/1 0:00	2018/10/2 23:59				4	0	1	3	"1,90,1000000;1,50001,150;1,91,200;"	0	2	3	"1,90,1000000;1,50001,150;1,91,200;"																										1
2346	120	登陆赠礼(登陆赠礼)	活动期间每日登录游戏均可领取奖励	0	1	2018/10/3 0:00	2018/10/4 23:59	2018/10/3 0:00	2018/10/4 23:59				4	0	1	3	"1,90,1000000;1,50001,150;1,91,200;"	0	2	3	"1,90,1000000;1,50001,150;1,91,200;"																										1
2347	120	登陆赠礼(登陆赠礼)	活动期间每日登录游戏均可领取奖励	0	1	2018/10/6 0:00	2018/10/7 23:59	2018/10/6 0:00	2018/10/7 23:59				4	0	1	3	"1,90,1000000;1,50001,150;1,91,200;"	0	2	3	"1,90,1000000;1,50001,150;1,91,200;"																										1
2348	120	登陆赠礼(登陆赠礼)	活动期间每日登录游戏均可领取奖励	0	1	2018/10/13 0:00	2018/10/14 23:59	2018/10/13 0:00	2018/10/14 23:59				4	0	1	3	"1,90,1000000;1,50001,150;1,91,100;"	0	2	3	"1,90,1000000;1,50001,150;1,91,100;"																										1
2349	32	累充送礼	累充送礼	0	1	2018/10/1 0:00	2018/10/4 23:59	2018/10/1 0:00	2018/10/4 23:59				1	0	100	3	"1,90,5000000;1,91,333;1,16018,1;"	0	200	3	"1,16028,1;1,50002,1;1,50003,1;"	0	500	3	"1,25008,1;1,90,10000000;0,1265,1,1,1,2;"	0	800	3	"1,45338,20;1,91,2000;"	0	1000	3	"1,25007,1;0,1386,1,1,1,2;1,90,30000000;"	0	1500	3	"1,25009,1;1,16035,1;1,16032,1;"										1
2350	32	累充送礼	累充送礼	0	1	2018/10/8 0:00	2018/10/11 23:59	2018/10/8 0:00	2018/10/11 23:59				1	0	100	3	"1,25006,1;1,91,333;1,16014,1;"	0	200	3	"1,50002,1;1,50003,1;1,25004,1;"	0	500	3	"1,25008,1;1,90,10000000;1,45314,15;"	0	800	3	"1,45350,20;1,91,500;1,25005,1;"	0	1000	3	"1,25007,1;0,1374,1,1,1,2;1,91,3000;"	0	1500	3	"1,25009,1;1,16031,1;1,99,30;"										1
2351	32	累充送礼	累充送礼	0	1	2018/10/15 0:00	2018/10/19 23:59	2018/10/15 0:00	2018/10/19 23:59				1	0	100	3	"1,90,5000000;1,91,333;1,16014,1;"	0	200	3	"1,16028,1;1,50002,1;1,50003,1;"	0	500	3	"1,25008,1;1,90,10000000;0,1157,1,1,1,2;"	0	800	3	"1,45338,20;1,91,2000;"	0	1000	3	"1,25007,1;0,1350,1,1,1,2;1,90,30000000;"	0	1500	3	"1,25009,1;1,16035,1;1,90,50000000;"										1
2352	33	金币豪礼(盛开的太阳花)	累充返利	0	1	2018/10/1 0:00	2018/10/4 23:59	2018/10/1 0:00	2018/10/4 23:59				1	0	6	3	"1,94,200000;1,50001,10"	0	30	3	"1,94,500000;1,50001,50"	0	100	3	"1,94,3000000;1,50001,100"	0	200	3	"1,94,5000000;1,50001,240"	0	500	3	"1,94,10000000;1,50001,900"														1
2353	33	金币豪礼(盛开的太阳花)	累充返利	0	1	2018/10/8 0:00	2018/10/11 23:59	2018/10/8 0:00	2018/10/11 23:59				1	0	6	3	"1,94,200000;1,50001,10"	0	30	3	"1,94,500000;1,50001,50"	0	100	3	"1,94,3000000;1,50001,100"	0	200	3	"1,94,5000000;1,50001,240"	0	500	3	"1,94,10000000;1,50001,900"														1
2354	33	金币豪礼(盛开的太阳花)	累充返利	0	1	2018/10/15 0:00	2018/10/19 23:59	2018/10/15 0:00	2018/10/19 23:59				1	0	6	3	"1,94,200000;1,50001,10"	0	30	3	"1,94,500000;1,50001,50"	0	100	3	"1,94,3000000;1,50001,100"	0	200	3	"1,94,5000000;1,50001,240"	0	500	3	"1,94,10000000;1,50001,900"														1
2355	140	稀有植物	稀有植物	0	20	2018/10/1 0:00	2018/10/5 23:59	2018/10/1 0:00	2018/10/5 23:59	"21408,100|21407,100|21406,90|21401,60|21402,60|21405,90|21403,60|21404,60|"			1	0	100	3	"0,1338,1"																														1
2356	140	稀有植物	稀有植物	0	20	2018/10/8 0:00	2018/10/12 23:59	2018/10/8 0:00	2018/10/12 23:59	"21408,100|21407,100|21406,90|21401,60|21402,60|21405,90|21403,60|21404,60|"			1	0	100	3	"0,1338,1"																														1
2357	140	稀有植物	稀有植物	0	20	2018/10/15 0:00	2018/10/19 23:59	2018/10/15 0:00	2018/10/19 23:59	"21408,100|21407,100|21406,90|21401,60|21402,60|21405,90|21403,60|21404,60|"			1	0	100	3	"0,1338,1"																														1
2358	147	魔法限购	魔法限购	0	20	2018/9/30 0:00	2018/10/5 23:59	2018/9/30 0:00	2018/10/5 23:59				0	1	"300,80"	0	"1,35001,5;1,35002,5;1,35003,5;1,35004,5;1,35005,5;1,35006,5;1,35007,5;1,35008,5;1,35009,5;"	1	"250,70"	0	"1,45277,5;1,45145,5;1,45181,5;"	1	"150,50"	0	"1,34001,5;1,34002,5;1,34003,5;1,34004,5;1,34005,5;1,34006,5;1,34007,5;1,34008,5;1,34009,5;"																						1
2359	147	魔法限购	魔法限购	0	20	2018/10/6 0:00	2018/10/12 23:59	2018/10/6 0:00	2018/10/12 23:59				0	1	"300,80"	0	"1,35001,5;1,35002,5;1,35003,5;1,35004,5;1,35005,5;1,35006,5;1,35007,5;1,35008,5;1,35009,5;"	1	"250,70"	0	"1,45277,5;1,45145,5;1,45181,5;"	1	"150,50"	0	"1,34001,5;1,34002,5;1,34003,5;1,34004,5;1,34005,5;1,34006,5;1,34007,5;1,34008,5;1,34009,5;"																						1
2360	147	魔法限购	魔法限购	0	20	2018/10/13 0:00	2018/10/19 23:59	2018/10/13 0:00	2018/10/19 23:59				0	1	"300,80"	0	"1,35001,5;1,35002,5;1,35003,5;1,35004,5;1,35005,5;1,35006,5;1,35007,5;1,35008,5;1,35009,5;"	1	"250,70"	0	"1,45277,5;1,45145,5;1,45181,5;"	1	"150,50"	0	"1,34001,5;1,34002,5;1,34003,5;1,34004,5;1,34005,5;1,34006,5;1,34007,5;1,34008,5;1,34009,5;"																						1
2361	135	惊喜放送	充值领奖(可选择奖励）	0	1	2018/10/4 0:00	2018/10/7 23:59	2018/10/4 0:00	2018/10/7 23:59				6	1	30	4	"1,1,45121,10;2,1,45037,10;3,1,45121,10"	1	98	4	"1,0,1181,1,1,1,0;2,0,1129,1,1,1,0;3,0,1181,1,1,1,0"	1	98	4	"1,0,1013,1,1,1,0;2,0,1265,1,1,1,0;3,0,1013,1,1,1,0"																						1
2362	135	惊喜放送	充值领奖(可选择奖励）	0	1	2018/10/11 0:00	2018/10/14 23:59	2018/10/11 0:00	2018/10/14 23:59				6	1	30	4	"1,1,45121,10;2,1,45037,10;3,1,45121,10"	1	98	4	"1,0,1181,1,1,1,0;2,0,1129,1,1,1,0;3,0,1181,1,1,1,0"	1	98	4	"1,0,1013,1,1,1,0;2,0,1265,1,1,1,0;3,0,1013,1,1,1,0"																						1
2363	135	惊喜放送	充值领奖(可选择奖励）	0	1	2018/10/18 0:00	2018/10/21 23:59	2018/10/18 0:00	2018/10/21 23:59				6	1	30	4	"1,1,45121,10;2,1,45037,10;3,1,45121,10"	1	98	4	"1,0,1181,1,1,1,0;2,0,1129,1,1,1,0;3,0,1181,1,1,1,0"	1	98	4	"1,0,1013,1,1,1,0;2,0,1265,1,1,1,0;3,0,1013,1,1,1,0"																						1
2364	34	单充返利	单充返利	0	1	2018/9/29 0:00	2018/9/30 23:59	2018/9/29 0:00	2018/9/30 23:59				5	0	98	3	"1,90,10000000;"	0	328	3	"1,90,25000000;"	0	648	3	"1,90,50000000;"																						1
2365	34	单充返利	单充返利	0	1	2018/10/1 0:00	2018/10/4 23:59	2018/10/1 0:00	2018/10/4 23:59				5	0	98	3	"1,90,10000000;1,60204,1000;"	0	328	3	"1,90,25000000;1,60204,2500;"	0	648	3	"1,90,50000000;1,60204,5000;"																						1
2366	34	单充返利	单充返利	0	1	2018/10/6 0:00	2018/10/7 23:59	2018/10/6 0:00	2018/10/7 23:59				5	0	98	3	"1,90,10000000;1,94,10000000;"	0	328	3	"1,90,25000000;1,94,20000000;"	0	648	3	"1,90,50000000;1,94,50000000;"																						1
2367	34	单充返利	单充返利	0	1	2018/10/10 0:00	2018/10/12 23:59	2018/10/10 0:00	2018/10/12 23:59				5	0	98	3	"1,90,10000000;1,200,5;"	0	328	3	"1,90,25000000;1,200,10;"	0	648	3	"1,90,50000000;1,200,15;"																						1
2368	34	单充返利	单充返利	0	1	2018/10/13 0:00	2018/10/14 23:59	2018/10/13 0:00	2018/10/14 23:59				5	0	98	3	"1,90,10000000;1,60204,1000;"	0	328	3	"1,90,25000000;1,60204,2500;"	0	648	3	"1,90,50000000;1,60204,5000;"																						1
2369	34	单充返利	单充返利	0	1	2018/10/17 0:00	2018/10/19 23:59	2018/10/17 0:00	2018/10/19 23:59				5	0	98	3	"1,90,10000000;1,94,10000000;"	0	328	3	"1,90,25000000;1,94,20000000;"	0	648	3	"1,90,50000000;1,94,50000000;"																						1
2370	35	连续充值	连续充值	0	1	2018/10/1 0:00	2018/10/3 23:59	2018/10/1 0:00	2018/10/3 23:59				7	0	98	3	"1,90,5000000;1,91,50;"	0	98	3	"1,90,5000000;1,91,120;"	0	98	3	"1,90,5000000;1,16032,1;"																						1
2371	35	连续充值	连续充值	0	1	2018/10/8 0:00	2018/10/10 23:59	2018/10/8 0:00	2018/10/10 23:59				7	0	98	3	"1,90,5000000;1,91,50;"	0	98	3	"1,90,5000000;1,91,120;"	0	98	3	"1,90,5000000;1,16033,1;"																						1
2372	35	连续充值	连续充值	0	1	2018/10/15 0:00	2018/10/17 23:59	2018/10/15 0:00	2018/10/17 23:59				7	0	98	3	"1,90,5000000;1,91,50;"	0	98	3	"1,90,5000000;1,91,120;"	0	98	3	"1,90,5000000;1,16032,1;"																						1
2373	30	充值返利	充值返利(单次)	0	1	2018/10/20 0:00	2018/10/21 23:59	2018/10/20 0:00	2018/10/21 23:59				5	0	98	3	"1,25007,1;"	0	198	3	"1,25008,1;1,16018,1;"	0	648	3	"0,1350,1,1,1,2;1,25009,1;"																						0
2374	31	充值返利	充值返利(单次+累计)	0	1	2018/10/20 0:00	2018/10/21 23:59	2018/10/20 0:00	2018/10/21 23:59				1	0	100	3	"1,60204,500;1,91,500;"	0	300	3	"1,60204,800;1,91,1000;"	0	500	3	"1,60204,1000;1,91,2500;"	0	1000	3	"1,60204,2000;1,91,5000;"																	30	1
2375	30	充值返利	充值返利(单次)	0	1	2018/10/26 0:00	2018/10/28 23:59	2018/10/26 0:00	2018/10/28 23:59				5	0	98	3	"1,25003,1;"	0	198	3	"1,25005,1;"	0	648	3	"1,16030,1;1,200,15;"																						0
2376	31	充值返利	充值返利(单次+累计)	0	1	2018/10/26 0:00	2018/10/28 23:59	2018/10/26 0:00	2018/10/28 23:59				1	0	100	3	"1,60204,500;1,91,500;"	0	300	3	"1,60204,800;1,91,1000;"	0	500	3	"1,60204,1000;1,91,2500;"	0	1000	3	"1,60204,2000;1,91,5000;"																	30	1
2377	30	充值返利	充值返利(单次)	0	1	2018/11/2 0:00	2018/11/4 23:59	2018/11/2 0:00	2018/11/4 23:59				5	0	98	3	"1,25007,1;"	0	198	3	"1,25008,1;1,16018,1;"	0	648	3	"0,1338,1,1,1,2;1,25009,1;"																						0
2378	31	充值返利	充值返利(单次+累计)	0	1	2018/11/2 0:00	2018/11/4 23:59	2018/11/2 0:00	2018/11/4 23:59				1	0	100	3	"1,60204,500;1,91,500;"	0	300	3	"1,60204,800;1,91,1000;"	0	500	3	"1,60204,1000;1,91,2500;"	0	1000	3	"1,60204,2000;1,91,5000;"																	30	1
2379	33	金币豪礼(盛开的金盏花)	累充返利	0	1	2018/10/20 0:00	2018/10/21 23:59	2018/10/20 0:00	2018/10/21 23:59				1	0	6	3	"1,90,200000;1,50001,10"	0	30	3	"1,90,500000;1,50001,50"	0	100	3	"1,90,3000000;1,50001,100"	0	200	3	"1,90,5000000;1,50001,240"	0	500	3	"1,90,10000000;1,50001,900"														1
2380	33	金币豪礼(盛开的金盏花)	累充返利	0	1	2018/10/26 0:00	2018/10/28 23:59	2018/10/26 0:00	2018/10/28 23:59				1	0	6	3	"1,90,200000;1,50001,10"	0	30	3	"1,90,500000;1,50001,50"	0	100	3	"1,90,3000000;1,50001,100"	0	200	3	"1,90,5000000;1,50001,240"	0	500	3	"1,90,10000000;1,50001,900"														1
2381	33	金币豪礼(盛开的金盏花)	累充返利	0	1	2018/11/2 0:00	2018/11/4 23:59	2018/11/2 0:00	2018/11/4 23:59				1	0	6	3	"1,90,200000;1,50001,10"	0	30	3	"1,90,500000;1,50001,50"	0	100	3	"1,90,3000000;1,50001,100"	0	200	3	"1,90,5000000;1,50001,240"	0	500	3	"1,90,10000000;1,50001,900"														1
2382	136	觉醒时刻	累计消耗钻石领奖	0	1	2018/10/20 0:00	2018/10/21 23:59	2018/10/20 0:00	2018/10/21 23:59				2	0	500	3	"1,60204,500;1,45265,5"	0	2000	3	"1,60204,500;1,45265,10"	0	5000	3	"1,60204,1000;1,1,16012,1;"	0	10000	3	"1,60204,2000;1,1,16018,1;"																		1
2383	136	觉醒时刻	累计消耗钻石领奖	0	1	2018/10/27 0:00	2018/10/28 23:59	2018/10/27 0:00	2018/10/28 23:59				2	0	500	3	"1,60204,500;1,45181,5"	0	2000	3	"1,60204,500;1,45181,10"	0	5000	3	"1,60204,1000;1,1,16008,1;"	0	10000	3	"1,60204,2000;1,1,16014,1;"																		1
2384	136	觉醒时刻	累计消耗钻石领奖	0	1	2018/11/3 0:00	2018/11/4 23:59	2018/11/3 0:00	2018/11/4 23:59				2	0	500	3	"1,60204,500;1,45265,5"	0	2000	3	"1,60204,500;1,45265,10"	0	5000	3	"1,60204,1000;1,1,16012,1;"	0	10000	3	"1,60204,2000;1,1,16018,1;"																		1
2385	120	登陆赠礼(登陆赠礼)	活动期间每日登录游戏均可领取奖励	0	1	2018/10/20 0:00	2018/10/21 23:59	2018/10/20 0:00	2018/10/21 23:59				4	0	1	3	"1,90,1000000;1,50001,150;1,91,100;"	0	2	3	"1,90,1000000;1,50001,150;1,91,100;"																										1
2386	120	登陆赠礼(登陆赠礼)	活动期间每日登录游戏均可领取奖励	0	1	2018/10/27 0:00	2018/10/28 23:59	2018/10/27 0:00	2018/10/28 23:59				4	0	1	3	"1,90,1000000;1,50001,150;1,91,200;"	0	2	3	"1,90,1000000;1,50001,150;1,91,200;"																										1
2387	120	登陆赠礼(登陆赠礼)	活动期间每日登录游戏均可领取奖励	0	1	2018/11/3 0:00	2018/11/4 23:59	2018/11/3 0:00	2018/11/4 23:59				4	0	1	3	"1,90,1000000;1,50001,150;1,91,100;"	0	2	3	"1,90,1000000;1,50001,150;1,91,100;"																										1
2388	32	累充送礼	累充送礼	0	1	2018/10/22 0:00	2018/10/25 23:59	2018/10/22 0:00	2018/10/25 23:59				1	0	100	3	"1,90,5000000;1,91,333;1,16018,1;"	0	200	3	"1,16028,1;1,50002,1;1,50003,1;"	0	500	3	"1,25008,1;1,90,10000000;0,1265,1,1,1,2;"	0	800	3	"1,45338,20;1,91,2000;"	0	1000	3	"1,25007,1;0,1386,1,1,1,2;1,90,30000000;"	0	1500	3	"1,25009,1;1,16035,1;1,16032,1;"										1
2389	32	累充送礼	累充送礼	0	1	2018/10/29 0:00	2018/11/1 23:59	2018/10/29 0:00	2018/11/1 23:59				1	0	100	3	"1,25006,1;1,91,333;1,16014,1;"	0	200	3	"1,50002,1;1,50003,1;1,25004,1;"	0	500	3	"1,25008,1;1,90,10000000;1,45314,15;"	0	800	3	"1,45350,20;1,91,500;1,25005,1;"	0	1000	3	"1,25007,1;0,1374,1,1,1,2;1,91,3000;"	0	1500	3	"1,25009,1;1,16031,1;1,99,30;"										1
2390	32	累充送礼	累充送礼	0	1	2018/11/5 0:00	2018/11/9 23:59	2018/11/5 0:00	2018/11/9 23:59				1	0	100	3	"1,90,5000000;1,91,333;1,16014,1;"	0	200	3	"1,16028,1;1,50002,1;1,50003,1;"	0	500	3	"1,25008,1;1,90,10000000;0,1157,1,1,1,2;"	0	800	3	"1,45338,20;1,91,2000;"	0	1000	3	"1,25007,1;0,1350,1,1,1,2;1,90,30000000;"	0	1500	3	"1,25009,1;1,16035,1;1,90,50000000;"										1
2391	33	金币豪礼(盛开的太阳花)	累充返利	0	1	2018/10/22 0:00	2018/10/25 23:59	2018/10/22 0:00	2018/10/25 23:59				1	0	6	3	"1,94,200000;1,50001,10"	0	30	3	"1,94,500000;1,50001,50"	0	100	3	"1,94,3000000;1,50001,100"	0	200	3	"1,94,5000000;1,50001,240"	0	500	3	"1,94,10000000;1,50001,900"														1
2392	33	金币豪礼(盛开的太阳花)	累充返利	0	1	2018/10/29 0:00	2018/11/1 23:59	2018/10/29 0:00	2018/11/1 23:59				1	0	6	3	"1,94,200000;1,50001,10"	0	30	3	"1,94,500000;1,50001,50"	0	100	3	"1,94,3000000;1,50001,100"	0	200	3	"1,94,5000000;1,50001,240"	0	500	3	"1,94,10000000;1,50001,900"														1
2393	33	金币豪礼(盛开的太阳花)	累充返利	0	1	2018/11/5 0:00	2018/11/9 23:59	2018/11/5 0:00	2018/11/9 23:59				1	0	6	3	"1,94,200000;1,50001,10"	0	30	3	"1,94,500000;1,50001,50"	0	100	3	"1,94,3000000;1,50001,100"	0	200	3	"1,94,5000000;1,50001,240"	0	500	3	"1,94,10000000;1,50001,900"														1
2394	140	稀有植物	稀有植物	0	20	2018/10/22 0:00	2018/10/26 23:59	2018/10/22 0:00	2018/10/26 23:59	"21408,100|21407,100|21406,90|21401,60|21402,60|21405,90|21403,60|21404,60|"			1	0	100	3	"0,1338,1"																														1
2395	140	稀有植物	稀有植物	0	20	2018/10/29 0:00	2018/11/2 23:59	2018/10/29 0:00	2018/11/2 23:59	"21408,100|21407,100|21406,90|21401,60|21402,60|21405,90|21403,60|21404,60|"			1	0	100	3	"0,1338,1"																														1
2396	140	稀有植物	稀有植物	0	20	2018/11/5 0:00	2018/11/9 23:59	2018/11/5 0:00	2018/11/9 23:59	"21408,100|21407,100|21406,90|21401,60|21402,60|21405,90|21403,60|21404,60|"			1	0	100	3	"0,1338,1"																														1
2397	147	魔法限购	魔法限购	0	20	2018/10/20 0:00	2018/10/26 23:59	2018/10/20 0:00	2018/10/26 23:59				0	1	"300,80"	0	"1,35001,5;1,35002,5;1,35003,5;1,35004,5;1,35005,5;1,35006,5;1,35007,5;1,35008,5;1,35009,5;"	1	"250,70"	0	"1,45277,5;1,45145,5;1,45181,5;"	1	"150,50"	0	"1,34001,5;1,34002,5;1,34003,5;1,34004,5;1,34005,5;1,34006,5;1,34007,5;1,34008,5;1,34009,5;"																						1
2398	147	魔法限购	魔法限购	0	20	2018/10/27 0:00	2018/11/2 23:59	2018/10/27 0:00	2018/11/2 23:59				0	1	"300,80"	0	"1,35001,5;1,35002,5;1,35003,5;1,35004,5;1,35005,5;1,35006,5;1,35007,5;1,35008,5;1,35009,5;"	1	"250,70"	0	"1,45277,5;1,45145,5;1,45181,5;"	1	"150,50"	0	"1,34001,5;1,34002,5;1,34003,5;1,34004,5;1,34005,5;1,34006,5;1,34007,5;1,34008,5;1,34009,5;"																						1
2399	147	魔法限购	魔法限购	0	20	2018/11/3 0:00	2018/11/9 23:59	2018/11/3 0:00	2018/11/9 23:59				0	1	"300,80"	0	"1,35001,5;1,35002,5;1,35003,5;1,35004,5;1,35005,5;1,35006,5;1,35007,5;1,35008,5;1,35009,5;"	1	"250,70"	0	"1,45277,5;1,45145,5;1,45181,5;"	1	"150,50"	0	"1,34001,5;1,34002,5;1,34003,5;1,34004,5;1,34005,5;1,34006,5;1,34007,5;1,34008,5;1,34009,5;"																						1
2400	135	惊喜放送	充值领奖(可选择奖励）	0	1	2018/10/25 0:00	2018/10/28 23:59	2018/10/25 0:00	2018/10/28 23:59				6	1	30	4	"1,1,45121,10;2,1,45037,10;3,1,45121,10"	1	98	4	"1,0,1181,1,1,1,0;2,0,1129,1,1,1,0;3,0,1181,1,1,1,0"	1	98	4	"1,0,1013,1,1,1,0;2,0,1265,1,1,1,0;3,0,1013,1,1,1,0"																						1
2401	135	惊喜放送	充值领奖(可选择奖励）	0	1	2018/11/1 0:00	2018/11/4 23:59	2018/11/1 0:00	2018/11/4 23:59				6	1	30	4	"1,1,45121,10;2,1,45037,10;3,1,45121,10"	1	98	4	"1,0,1181,1,1,1,0;2,0,1129,1,1,1,0;3,0,1181,1,1,1,0"	1	98	4	"1,0,1013,1,1,1,0;2,0,1265,1,1,1,0;3,0,1013,1,1,1,0"																						1
2402	135	惊喜放送	充值领奖(可选择奖励）	0	1	2018/11/8 0:00	2018/11/11 23:59	2018/11/8 0:00	2018/11/11 23:59				6	1	30	4	"1,1,45121,10;2,1,45037,10;3,1,45121,10"	1	98	4	"1,0,1181,1,1,1,0;2,0,1129,1,1,1,0;3,0,1181,1,1,1,0"	1	98	4	"1,0,1013,1,1,1,0;2,0,1265,1,1,1,0;3,0,1013,1,1,1,0"																						1
2403	34	单充返利	单充返利	0	1	2018/10/20 0:00	2018/10/21 23:59	2018/10/20 0:00	2018/10/21 23:59				5	0	98	3	"1,90,10000000;"	0	328	3	"1,90,25000000;"	0	648	3	"1,90,50000000;"																						1
2404	34	单充返利	单充返利	0	1	2018/10/24 0:00	2018/10/26 23:59	2018/10/24 0:00	2018/10/26 23:59				5	0	98	3	"1,90,10000000;1,60204,1000;"	0	328	3	"1,90,25000000;1,60204,2500;"	0	648	3	"1,90,50000000;1,60204,5000;"																						1
2405	34	单充返利	单充返利	0	1	2018/10/27 0:00	2018/10/28 23:59	2018/10/27 0:00	2018/10/28 23:59				5	0	98	3	"1,90,10000000;1,94,10000000;"	0	328	3	"1,90,25000000;1,94,20000000;"	0	648	3	"1,90,50000000;1,94,50000000;"																						1
2406	34	单充返利	单充返利	0	1	2018/10/31 0:00	2018/11/2 23:59	2018/10/31 0:00	2018/11/2 23:59				5	0	98	3	"1,90,10000000;1,200,5;"	0	328	3	"1,90,25000000;1,200,10;"	0	648	3	"1,90,50000000;1,200,15;"																						1
2407	34	单充返利	单充返利	0	1	2018/11/3 0:00	2018/11/4 23:59	2018/11/3 0:00	2018/11/4 23:59				5	0	98	3	"1,90,10000000;1,60204,1000;"	0	328	3	"1,90,25000000;1,60204,2500;"	0	648	3	"1,90,50000000;1,60204,5000;"																						1
2408	34	单充返利	单充返利	0	1	2018/11/7 0:00	2018/11/9 23:59	2018/11/7 0:00	2018/11/9 23:59				5	0	98	3	"1,90,10000000;1,94,10000000;"	0	328	3	"1,90,25000000;1,94,20000000;"	0	648	3	"1,90,50000000;1,94,50000000;"																						1
2409	35	连续充值	连续充值	0	1	2018/10/22 0:00	2018/10/24 23:59	2018/10/22 0:00	2018/10/24 23:59				7	0	98	3	"1,90,5000000;1,91,50;"	0	98	3	"1,90,5000000;1,91,120;"	0	98	3	"1,90,5000000;1,16032,1;"																						1
2410	35	连续充值	连续充值	0	1	2018/10/29 0:00	2018/10/31 23:59	2018/10/29 0:00	2018/10/31 23:59				7	0	98	3	"1,90,5000000;1,91,50;"	0	98	3	"1,90,5000000;1,91,120;"	0	98	3	"1,90,5000000;1,16033,1;"																						1
2411	35	连续充值	连续充值	0	1	2018/11/5 0:00	2018/11/7 23:59	2018/11/5 0:00	2018/11/7 23:59				7	0	98	3	"1,90,5000000;1,91,50;"	0	98	3	"1,90,5000000;1,91,120;"	0	98	3	"1,90,5000000;1,16032,1;"																						1
2412	30	充值返利	充值返利(单次)	0	1	2018/11/10 0:00	2018/11/11 23:59	2018/11/10 0:00	2018/11/11 23:59				5	0	98	3	"1,25007,1;"	0	198	3	"1,25008,1;1,16018,1;"	0	648	3	"0,1350,1,1,1,2;1,25009,1;"																						0
2413	31	充值返利	充值返利(单次+累计)	0	1	2018/11/10 0:00	2018/11/11 23:59	2018/11/10 0:00	2018/11/11 23:59				1	0	100	3	"1,60204,500;1,91,500;"	0	300	3	"1,60204,800;1,91,1000;"	0	500	3	"1,60204,1000;1,91,2500;"	0	1000	3	"1,60204,2000;1,91,5000;"																	30	1
2414	30	充值返利	充值返利(单次)	0	1	2018/11/16 0:00	2018/11/18 23:59	2018/11/16 0:00	2018/11/18 23:59				5	0	98	3	"1,25003,1;"	0	198	3	"1,25005,1;"	0	648	3	"1,16030,1;1,200,15;"																						0
2415	31	充值返利	充值返利(单次+累计)	0	1	2018/11/16 0:00	2018/11/18 23:59	2018/11/16 0:00	2018/11/18 23:59				1	0	100	3	"1,60204,500;1,91,500;"	0	300	3	"1,60204,800;1,91,1000;"	0	500	3	"1,60204,1000;1,91,2500;"	0	1000	3	"1,60204,2000;1,91,5000;"																	30	1
2416	30	充值返利	充值返利(单次)	0	1	2018/11/23 0:00	2018/11/25 23:59	2018/11/23 0:00	2018/11/25 23:59				5	0	98	3	"1,25007,1;"	0	198	3	"1,25008,1;1,16018,1;"	0	648	3	"0,1338,1,1,1,2;1,25009,1;"																						0
2417	31	充值返利	充值返利(单次+累计)	0	1	2018/11/23 0:00	2018/11/25 23:59	2018/11/23 0:00	2018/11/25 23:59				1	0	100	3	"1,60204,500;1,91,500;"	0	300	3	"1,60204,800;1,91,1000;"	0	500	3	"1,60204,1000;1,91,2500;"	0	1000	3	"1,60204,2000;1,91,5000;"																	30	1
2418	33	金币豪礼(盛开的金盏花)	累充返利	0	1	2018/11/10 0:00	2018/11/11 23:59	2018/11/10 0:00	2018/11/11 23:59				1	0	6	3	"1,90,200000;1,50001,10"	0	30	3	"1,90,500000;1,50001,50"	0	100	3	"1,90,3000000;1,50001,100"	0	200	3	"1,90,5000000;1,50001,240"	0	500	3	"1,90,10000000;1,50001,900"														1
2419	33	金币豪礼(盛开的金盏花)	累充返利	0	1	2018/11/16 0:00	2018/11/18 23:59	2018/11/16 0:00	2018/11/18 23:59				1	0	6	3	"1,90,200000;1,50001,10"	0	30	3	"1,90,500000;1,50001,50"	0	100	3	"1,90,3000000;1,50001,100"	0	200	3	"1,90,5000000;1,50001,240"	0	500	3	"1,90,10000000;1,50001,900"														1
2420	33	金币豪礼(盛开的金盏花)	累充返利	0	1	2018/11/23 0:00	2018/11/25 23:59	2018/11/23 0:00	2018/11/25 23:59				1	0	6	3	"1,90,200000;1,50001,10"	0	30	3	"1,90,500000;1,50001,50"	0	100	3	"1,90,3000000;1,50001,100"	0	200	3	"1,90,5000000;1,50001,240"	0	500	3	"1,90,10000000;1,50001,900"														1
2421	136	觉醒时刻	累计消耗钻石领奖	0	1	2018/11/10 0:00	2018/11/11 23:59	2018/11/10 0:00	2018/11/11 23:59				2	0	500	3	"1,60204,500;1,45265,5"	0	2000	3	"1,60204,500;1,45265,10"	0	5000	3	"1,60204,1000;1,1,16012,1;"	0	10000	3	"1,60204,2000;1,1,16018,1;"																		1
2422	136	觉醒时刻	累计消耗钻石领奖	0	1	2018/11/17 0:00	2018/11/18 23:59	2018/11/17 0:00	2018/11/18 23:59				2	0	500	3	"1,60204,500;1,45181,5"	0	2000	3	"1,60204,500;1,45181,10"	0	5000	3	"1,60204,1000;1,1,16008,1;"	0	10000	3	"1,60204,2000;1,1,16014,1;"																		1
2423	136	觉醒时刻	累计消耗钻石领奖	0	1	2018/11/24 0:00	2018/11/25 23:59	2018/11/24 0:00	2018/11/25 23:59				2	0	500	3	"1,60204,500;1,45265,5"	0	2000	3	"1,60204,500;1,45265,10"	0	5000	3	"1,60204,1000;1,1,16012,1;"	0	10000	3	"1,60204,2000;1,1,16018,1;"																		1
2424	120	登陆赠礼(登陆赠礼)	活动期间每日登录游戏均可领取奖励	0	1	2018/11/10 0:00	2018/11/11 23:59	2018/11/10 0:00	2018/11/11 23:59				4	0	1	3	"1,90,1000000;1,50001,150;1,91,200;"	0	2	3	"1,90,1000000;1,50001,150;1,91,200;"																										1
2425	120	登陆赠礼(登陆赠礼)	活动期间每日登录游戏均可领取奖励	0	1	2018/11/17 0:00	2018/11/18 23:59	2018/11/17 0:00	2018/11/18 23:59				4	0	1	3	"1,90,1000000;1,50001,150;1,91,100;"	0	2	3	"1,90,1000000;1,50001,150;1,91,100;"																										1
2426	120	登陆赠礼(登陆赠礼)	活动期间每日登录游戏均可领取奖励	0	1	2018/11/24 0:00	2018/11/25 23:59	2018/11/24 0:00	2018/11/25 23:59				4	0	1	3	"1,90,1000000;1,50001,150;1,91,100;"	0	2	3	"1,90,1000000;1,50001,150;1,91,100;"																										1
2427	32	累充送礼	累充送礼	0	1	2018/11/12 0:00	2018/11/15 23:59	2018/11/12 0:00	2018/11/15 23:59				1	0	100	3	"1,90,5000000;1,91,333;1,16018,1;"	0	200	3	"1,16028,1;1,50002,1;1,50003,1;"	0	500	3	"1,25008,1;1,90,10000000;0,1265,1,1,1,2;"	0	800	3	"1,45338,20;1,91,2000;"	0	1000	3	"1,25007,1;0,1386,1,1,1,2;1,90,30000000;"	0	1500	3	"1,25009,1;1,16035,1;1,16032,1;"										1
2428	32	累充送礼	累充送礼	0	1	2018/11/19 0:00	2018/11/22 23:59	2018/11/19 0:00	2018/11/22 23:59				1	0	100	3	"1,25006,1;1,91,333;1,16014,1;"	0	200	3	"1,50002,1;1,50003,1;1,25004,1;"	0	500	3	"1,25008,1;1,90,10000000;1,45314,15;"	0	800	3	"1,45350,20;1,91,500;1,25005,1;"	0	1000	3	"1,25007,1;0,1374,1,1,1,2;1,91,3000;"	0	1500	3	"1,25009,1;1,16031,1;1,99,30;"										1
2429	32	累充送礼	累充送礼	0	1	2018/11/26 0:00	2018/11/30 23:59	2018/11/26 0:00	2018/11/30 23:59				1	0	100	3	"1,90,5000000;1,91,333;1,16014,1;"	0	200	3	"1,16028,1;1,50002,1;1,50003,1;"	0	500	3	"1,25008,1;1,90,10000000;0,1157,1,1,1,2;"	0	800	3	"1,45338,20;1,91,2000;"	0	1000	3	"1,25007,1;0,1350,1,1,1,2;1,90,30000000;"	0	1500	3	"1,25009,1;1,16035,1;1,90,50000000;"										1
2430	33	金币豪礼(盛开的太阳花)	累充返利	0	1	2018/11/12 0:00	2018/11/15 23:59	2018/11/12 0:00	2018/11/15 23:59				1	0	6	3	"1,94,200000;1,50001,10"	0	30	3	"1,94,500000;1,50001,50"	0	100	3	"1,94,3000000;1,50001,100"	0	200	3	"1,94,5000000;1,50001,240"	0	500	3	"1,94,10000000;1,50001,900"														1
2431	33	金币豪礼(盛开的太阳花)	累充返利	0	1	2018/11/19 0:00	2018/11/22 23:59	2018/11/19 0:00	2018/11/22 23:59				1	0	6	3	"1,94,200000;1,50001,10"	0	30	3	"1,94,500000;1,50001,50"	0	100	3	"1,94,3000000;1,50001,100"	0	200	3	"1,94,5000000;1,50001,240"	0	500	3	"1,94,10000000;1,50001,900"														1
2432	33	金币豪礼(盛开的太阳花)	累充返利	0	1	2018/11/26 0:00	2018/11/30 23:59	2018/11/26 0:00	2018/11/30 23:59				1	0	6	3	"1,94,200000;1,50001,10"	0	30	3	"1,94,500000;1,50001,50"	0	100	3	"1,94,3000000;1,50001,100"	0	200	3	"1,94,5000000;1,50001,240"	0	500	3	"1,94,10000000;1,50001,900"														1
2433	140	稀有植物	稀有植物	0	20	2018/11/12 0:00	2018/11/16 23:59	2018/11/12 0:00	2018/11/16 23:59	"21408,100|21407,100|21406,90|21401,60|21402,60|21405,90|21403,60|21404,60|"			1	0	100	3	"0,1338,1"																														1
2434	140	稀有植物	稀有植物	0	20	2018/11/19 0:00	2018/11/23 23:59	2018/11/19 0:00	2018/11/23 23:59	"21408,100|21407,100|21406,90|21401,60|21402,60|21405,90|21403,60|21404,60|"			1	0	100	3	"0,1338,1"																														1
2435	140	稀有植物	稀有植物	0	20	2018/11/26 0:00	2018/11/30 23:59	2018/11/26 0:00	2018/11/30 23:59	"21408,100|21407,100|21406,90|21401,60|21402,60|21405,90|21403,60|21404,60|"			1	0	100	3	"0,1338,1"																														1
2436	147	魔法限购	魔法限购	0	20	2018/11/10 0:00	2018/11/16 23:59	2018/11/10 0:00	2018/11/16 23:59				0	1	"300,80"	0	"1,35001,5;1,35002,5;1,35003,5;1,35004,5;1,35005,5;1,35006,5;1,35007,5;1,35008,5;1,35009,5;"	1	"250,70"	0	"1,45277,5;1,45145,5;1,45181,5;"	1	"150,50"	0	"1,34001,5;1,34002,5;1,34003,5;1,34004,5;1,34005,5;1,34006,5;1,34007,5;1,34008,5;1,34009,5;"																						1
2437	147	魔法限购	魔法限购	0	20	2018/11/17 0:00	2018/11/23 23:59	2018/11/17 0:00	2018/11/23 23:59				0	1	"300,80"	0	"1,35001,5;1,35002,5;1,35003,5;1,35004,5;1,35005,5;1,35006,5;1,35007,5;1,35008,5;1,35009,5;"	1	"250,70"	0	"1,45277,5;1,45145,5;1,45181,5;"	1	"150,50"	0	"1,34001,5;1,34002,5;1,34003,5;1,34004,5;1,34005,5;1,34006,5;1,34007,5;1,34008,5;1,34009,5;"																						1
2438	147	魔法限购	魔法限购	0	20	2018/11/24 0:00	2018/11/30 23:59	2018/11/24 0:00	2018/11/30 23:59				0	1	"300,80"	0	"1,35001,5;1,35002,5;1,35003,5;1,35004,5;1,35005,5;1,35006,5;1,35007,5;1,35008,5;1,35009,5;"	1	"250,70"	0	"1,45277,5;1,45145,5;1,45181,5;"	1	"150,50"	0	"1,34001,5;1,34002,5;1,34003,5;1,34004,5;1,34005,5;1,34006,5;1,34007,5;1,34008,5;1,34009,5;"																						1
2439	135	惊喜放送	充值领奖(可选择奖励）	0	1	2018/11/15 0:00	2018/11/18 23:59	2018/11/15 0:00	2018/11/18 23:59				6	1	30	4	"1,1,45121,10;2,1,45037,10;3,1,45121,10"	1	98	4	"1,0,1181,1,1,1,0;2,0,1129,1,1,1,0;3,0,1181,1,1,1,0"	1	98	4	"1,0,1013,1,1,1,0;2,0,1265,1,1,1,0;3,0,1013,1,1,1,0"																						1
2440	135	惊喜放送	充值领奖(可选择奖励）	0	1	2018/11/22 0:00	2018/11/25 23:59	2018/11/22 0:00	2018/11/25 23:59				6	1	30	4	"1,1,45121,10;2,1,45037,10;3,1,45121,10"	1	98	4	"1,0,1181,1,1,1,0;2,0,1129,1,1,1,0;3,0,1181,1,1,1,0"	1	98	4	"1,0,1013,1,1,1,0;2,0,1265,1,1,1,0;3,0,1013,1,1,1,0"																						1
2441	135	惊喜放送	充值领奖(可选择奖励）	0	1	2018/11/29 0:00	2018/12/1 23:59	2018/11/29 0:00	2018/12/1 23:59				6	1	30	4	"1,1,45121,10;2,1,45037,10;3,1,45121,10"	1	98	4	"1,0,1181,1,1,1,0;2,0,1129,1,1,1,0;3,0,1181,1,1,1,0"	1	98	4	"1,0,1013,1,1,1,0;2,0,1265,1,1,1,0;3,0,1013,1,1,1,0"																						1
2442	34	单充返利	单充返利	0	1	2018/11/10 0:00	2018/11/11 23:59	2018/11/10 0:00	2018/11/11 23:59				5	0	98	3	"1,90,10000000;"	0	328	3	"1,90,25000000;"	0	648	3	"1,90,50000000;"																						1
2443	34	单充返利	单充返利	0	1	2018/11/14 0:00	2018/11/16 23:59	2018/11/14 0:00	2018/11/16 23:59				5	0	98	3	"1,90,10000000;1,60204,1000;"	0	328	3	"1,90,25000000;1,60204,2500;"	0	648	3	"1,90,50000000;1,60204,5000;"																						1
2444	34	单充返利	单充返利	0	1	2018/11/17 0:00	2018/11/18 23:59	2018/11/17 0:00	2018/11/18 23:59				5	0	98	3	"1,90,10000000;1,94,10000000;"	0	328	3	"1,90,25000000;1,94,20000000;"	0	648	3	"1,90,50000000;1,94,50000000;"																						1
2445	34	单充返利	单充返利	0	1	2018/11/21 0:00	2018/11/23 23:59	2018/11/21 0:00	2018/11/23 23:59				5	0	98	3	"1,90,10000000;1,200,5;"	0	328	3	"1,90,25000000;1,200,10;"	0	648	3	"1,90,50000000;1,200,15;"																						1
2446	34	单充返利	单充返利	0	1	2018/11/24 0:00	2018/11/25 23:59	2018/11/24 0:00	2018/11/25 23:59				5	0	98	3	"1,90,10000000;1,60204,1000;"	0	328	3	"1,90,25000000;1,60204,2500;"	0	648	3	"1,90,50000000;1,60204,5000;"																						1
2447	34	单充返利	单充返利	0	1	2018/11/28 0:00	2018/11/30 23:59	2018/11/28 0:00	2018/11/30 23:59				5	0	98	3	"1,90,10000000;1,94,10000000;"	0	328	3	"1,90,25000000;1,94,20000000;"	0	648	3	"1,90,50000000;1,94,50000000;"																						1
2448	35	连续充值	连续充值	0	1	2018/11/12 0:00	2018/11/14 23:59	2018/11/12 0:00	2018/11/14 23:59				7	0	98	3	"1,90,5000000;1,91,50;"	0	98	3	"1,90,5000000;1,91,120;"	0	98	3	"1,90,5000000;1,16032,1;"																						1
2449	35	连续充值	连续充值	0	1	2018/11/19 0:00	2018/11/21 23:59	2018/11/19 0:00	2018/11/21 23:59				7	0	98	3	"1,90,5000000;1,91,50;"	0	98	3	"1,90,5000000;1,91,120;"	0	98	3	"1,90,5000000;1,16033,1;"																						1
2450	35	连续充值	连续充值	0	1	2018/11/26 0:00	2018/11/28 23:59	2018/11/26 0:00	2018/11/28 23:59				7	0	98	3	"1,90,5000000;1,91,50;"	0	98	3	"1,90,5000000;1,91,120;"	0	98	3	"1,90,5000000;1,16032,1;"																						1
2451	30	充值返利	充值返利(单次)	0	1	2018/12/1 0:00	2018/12/2 23:59	2018/12/1 0:00	2018/12/2 23:59				5	0	98	3	"1,25007,1;"	0	198	3	"1,25008,1;1,16018,1;"	0	648	3	"0,1350,1,1,1,2;1,25009,1;"																						0
2452	31	充值返利	充值返利(单次+累计)	0	1	2018/12/1 0:00	2018/12/2 23:59	2018/12/1 0:00	2018/12/2 23:59				1	0	100	3	"1,60204,500;1,91,500;"	0	300	3	"1,60204,800;1,91,1000;"	0	500	3	"1,60204,1000;1,91,2500;"	0	1000	3	"1,60204,2000;1,91,5000;"																	30	1
2453	30	充值返利	充值返利(单次)	0	1	2018/12/7 0:00	2018/12/9 23:59	2018/12/7 0:00	2018/12/9 23:59				5	0	98	3	"1,25003,1;"	0	198	3	"1,25005,1;"	0	648	3	"1,16030,1;1,200,15;"																						0
2454	31	充值返利	充值返利(单次+累计)	0	1	2018/12/7 0:00	2018/12/9 23:59	2018/12/7 0:00	2018/12/9 23:59				1	0	100	3	"1,60204,500;1,91,500;"	0	300	3	"1,60204,800;1,91,1000;"	0	500	3	"1,60204,1000;1,91,2500;"	0	1000	3	"1,60204,2000;1,91,5000;"																	30	1
2455	30	充值返利	充值返利(单次)	0	1	2018/12/14 0:00	2018/12/16 23:59	2018/12/14 0:00	2018/12/16 23:59				5	0	98	3	"1,25007,1;"	0	198	3	"1,25008,1;1,16018,1;"	0	648	3	"0,1338,1,1,1,2;1,25009,1;"																						0
2456	31	充值返利	充值返利(单次+累计)	0	1	2018/12/14 0:00	2018/12/16 23:59	2018/12/14 0:00	2018/12/16 23:59				1	0	100	3	"1,60204,500;1,91,500;"	0	300	3	"1,60204,800;1,91,1000;"	0	500	3	"1,60204,1000;1,91,2500;"	0	1000	3	"1,60204,2000;1,91,5000;"																	30	1
2457	33	金币豪礼(盛开的金盏花)	累充返利	0	1	2018/12/1 0:00	2018/12/2 23:59	2018/12/1 0:00	2018/12/2 23:59				1	0	6	3	"1,90,200000;1,50001,10"	0	30	3	"1,90,500000;1,50001,50"	0	100	3	"1,90,3000000;1,50001,100"	0	200	3	"1,90,5000000;1,50001,240"	0	500	3	"1,90,10000000;1,50001,900"														1
2458	33	金币豪礼(盛开的金盏花)	累充返利	0	1	2018/12/7 0:00	2018/12/9 23:59	2018/12/7 0:00	2018/12/9 23:59				1	0	6	3	"1,90,200000;1,50001,10"	0	30	3	"1,90,500000;1,50001,50"	0	100	3	"1,90,3000000;1,50001,100"	0	200	3	"1,90,5000000;1,50001,240"	0	500	3	"1,90,10000000;1,50001,900"														1
2459	33	金币豪礼(盛开的金盏花)	累充返利	0	1	2018/12/14 0:00	2018/12/16 23:59	2018/12/14 0:00	2018/12/16 23:59				1	0	6	3	"1,90,200000;1,50001,10"	0	30	3	"1,90,500000;1,50001,50"	0	100	3	"1,90,3000000;1,50001,100"	0	200	3	"1,90,5000000;1,50001,240"	0	500	3	"1,90,10000000;1,50001,900"														1
2460	136	觉醒时刻	累计消耗钻石领奖	0	1	2018/12/1 0:00	2018/12/2 23:59	2018/12/1 0:00	2018/12/2 23:59				2	0	500	3	"1,60204,500;1,45265,5"	0	2000	3	"1,60204,500;1,45265,10"	0	5000	3	"1,60204,1000;1,1,16012,1;"	0	10000	3	"1,60204,2000;1,1,16018,1;"																		1
2461	136	觉醒时刻	累计消耗钻石领奖	0	1	2018/12/8 0:00	2018/12/9 23:59	2018/12/8 0:00	2018/12/9 23:59				2	0	500	3	"1,60204,500;1,45181,5"	0	2000	3	"1,60204,500;1,45181,10"	0	5000	3	"1,60204,1000;1,1,16008,1;"	0	10000	3	"1,60204,2000;1,1,16014,1;"																		1
2462	136	觉醒时刻	累计消耗钻石领奖	0	1	2018/12/15 0:00	2018/12/16 23:59	2018/12/15 0:00	2018/12/16 23:59				2	0	500	3	"1,60204,500;1,45265,5"	0	2000	3	"1,60204,500;1,45265,10"	0	5000	3	"1,60204,1000;1,1,16012,1;"	0	10000	3	"1,60204,2000;1,1,16018,1;"																		1
2463	120	登陆赠礼(登陆赠礼)	活动期间每日登录游戏均可领取奖励	0	1	2018/12/1 0:00	2018/12/2 23:59	2018/12/1 0:00	2018/12/2 23:59				4	0	1	3	"1,90,1000000;1,50001,150;1,91,100;"	0	2	3	"1,90,1000000;1,50001,150;1,91,100;"																										1
2464	120	登陆赠礼(登陆赠礼)	活动期间每日登录游戏均可领取奖励	0	1	2018/12/8 0:00	2018/12/9 23:59	2018/12/8 0:00	2018/12/9 23:59				4	0	1	3	"1,90,1000000;1,50001,150;1,91,200;"	0	2	3	"1,90,1000000;1,50001,150;1,91,200;"																										1
2465	120	登陆赠礼(登陆赠礼)	活动期间每日登录游戏均可领取奖励	0	1	2018/12/15 0:00	2018/12/16 23:59	2018/12/15 0:00	2018/12/16 23:59				4	0	1	3	"1,90,1000000;1,50001,150;1,91,100;"	0	2	3	"1,90,1000000;1,50001,150;1,91,100;"																										1
2466	32	累充送礼	累充送礼	0	1	2018/12/3 0:00	2018/12/6 23:59	2018/12/3 0:00	2018/12/6 23:59				1	0	100	3	"1,90,5000000;1,91,333;1,16018,1;"	0	200	3	"1,16028,1;1,50002,1;1,50003,1;"	0	500	3	"1,25008,1;1,90,10000000;0,1265,1,1,1,2;"	0	800	3	"1,45338,20;1,91,2000;"	0	1000	3	"1,25007,1;0,1386,1,1,1,2;1,90,30000000;"	0	1500	3	"1,25009,1;1,16035,1;1,16032,1;"										1
2467	32	累充送礼	累充送礼	0	1	2018/12/10 0:00	2018/12/13 23:59	2018/12/10 0:00	2018/12/13 23:59				1	0	100	3	"1,25006,1;1,91,333;1,16014,1;"	0	200	3	"1,50002,1;1,50003,1;1,25004,1;"	0	500	3	"1,25008,1;1,90,10000000;1,45314,15;"	0	800	3	"1,45350,20;1,91,500;1,25005,1;"	0	1000	3	"1,25007,1;0,1374,1,1,1,2;1,91,3000;"	0	1500	3	"1,25009,1;1,16031,1;1,99,30;"										1
2468	32	累充送礼	累充送礼	0	1	2018/12/17 0:00	2018/12/21 23:59	2018/12/17 0:00	2018/12/21 23:59				1	0	100	3	"1,90,5000000;1,91,333;1,16014,1;"	0	200	3	"1,16028,1;1,50002,1;1,50003,1;"	0	500	3	"1,25008,1;1,90,10000000;0,1157,1,1,1,2;"	0	800	3	"1,45338,20;1,91,2000;"	0	1000	3	"1,25007,1;0,1350,1,1,1,2;1,90,30000000;"	0	1500	3	"1,25009,1;1,16035,1;1,90,50000000;"										1
2469	33	金币豪礼(盛开的太阳花)	累充返利	0	1	2018/12/3 0:00	2018/12/6 23:59	2018/12/3 0:00	2018/12/6 23:59				1	0	6	3	"1,94,200000;1,50001,10"	0	30	3	"1,94,500000;1,50001,50"	0	100	3	"1,94,3000000;1,50001,100"	0	200	3	"1,94,5000000;1,50001,240"	0	500	3	"1,94,10000000;1,50001,900"														1
2470	33	金币豪礼(盛开的太阳花)	累充返利	0	1	2018/12/10 0:00	2018/12/13 23:59	2018/12/10 0:00	2018/12/13 23:59				1	0	6	3	"1,94,200000;1,50001,10"	0	30	3	"1,94,500000;1,50001,50"	0	100	3	"1,94,3000000;1,50001,100"	0	200	3	"1,94,5000000;1,50001,240"	0	500	3	"1,94,10000000;1,50001,900"														1
2471	33	金币豪礼(盛开的太阳花)	累充返利	0	1	2018/12/17 0:00	2018/12/21 23:59	2018/12/17 0:00	2018/12/21 23:59				1	0	6	3	"1,94,200000;1,50001,10"	0	30	3	"1,94,500000;1,50001,50"	0	100	3	"1,94,3000000;1,50001,100"	0	200	3	"1,94,5000000;1,50001,240"	0	500	3	"1,94,10000000;1,50001,900"														1
2472	140	稀有植物	稀有植物	0	20	2018/12/3 0:00	2018/12/7 23:59	2018/12/3 0:00	2018/12/7 23:59	"21408,100|21407,100|21406,90|21401,60|21402,60|21405,90|21403,60|21404,60|"			1	0	100	3	"0,1338,1"																														1
2473	140	稀有植物	稀有植物	0	20	2018/12/10 0:00	2018/12/14 23:59	2018/12/10 0:00	2018/12/14 23:59	"21408,100|21407,100|21406,90|21401,60|21402,60|21405,90|21403,60|21404,60|"			1	0	100	3	"0,1338,1"																														1
2474	140	稀有植物	稀有植物	0	20	2018/12/17 0:00	2018/12/21 23:59	2018/12/17 0:00	2018/12/21 23:59	"21408,100|21407,100|21406,90|21401,60|21402,60|21405,90|21403,60|21404,60|"			1	0	100	3	"0,1338,1"																														1
2475	147	魔法限购	魔法限购	0	20	2018/12/1 0:00	2018/12/7 23:59	2018/12/1 0:00	2018/12/7 23:59				0	1	"300,80"	0	"1,35001,5;1,35002,5;1,35003,5;1,35004,5;1,35005,5;1,35006,5;1,35007,5;1,35008,5;1,35009,5;"	1	"250,70"	0	"1,45277,5;1,45145,5;1,45181,5;"	1	"150,50"	0	"1,34001,5;1,34002,5;1,34003,5;1,34004,5;1,34005,5;1,34006,5;1,34007,5;1,34008,5;1,34009,5;"																						1
2476	147	魔法限购	魔法限购	0	20	2018/12/8 0:00	2018/12/14 23:59	2018/12/8 0:00	2018/12/14 23:59				0	1	"300,80"	0	"1,35001,5;1,35002,5;1,35003,5;1,35004,5;1,35005,5;1,35006,5;1,35007,5;1,35008,5;1,35009,5;"	1	"250,70"	0	"1,45277,5;1,45145,5;1,45181,5;"	1	"150,50"	0	"1,34001,5;1,34002,5;1,34003,5;1,34004,5;1,34005,5;1,34006,5;1,34007,5;1,34008,5;1,34009,5;"																						1
2477	147	魔法限购	魔法限购	0	20	2018/12/15 0:00	2018/12/21 23:59	2018/12/15 0:00	2018/12/21 23:59				0	1	"300,80"	0	"1,35001,5;1,35002,5;1,35003,5;1,35004,5;1,35005,5;1,35006,5;1,35007,5;1,35008,5;1,35009,5;"	1	"250,70"	0	"1,45277,5;1,45145,5;1,45181,5;"	1	"150,50"	0	"1,34001,5;1,34002,5;1,34003,5;1,34004,5;1,34005,5;1,34006,5;1,34007,5;1,34008,5;1,34009,5;"																						1
2478	135	惊喜放送	充值领奖(可选择奖励）	0	1	2018/12/6 0:00	2018/12/9 23:59	2018/12/6 0:00	2018/12/9 23:59				6	1	30	4	"1,1,45121,10;2,1,45037,10;3,1,45121,10"	1	98	4	"1,0,1181,1,1,1,0;2,0,1129,1,1,1,0;3,0,1181,1,1,1,0"	1	98	4	"1,0,1013,1,1,1,0;2,0,1265,1,1,1,0;3,0,1013,1,1,1,0"																						1
2479	135	惊喜放送	充值领奖(可选择奖励）	0	1	2018/12/13 0:00	2018/12/16 23:59	2018/12/13 0:00	2018/12/16 23:59				6	1	30	4	"1,1,45121,10;2,1,45037,10;3,1,45121,10"	1	98	4	"1,0,1181,1,1,1,0;2,0,1129,1,1,1,0;3,0,1181,1,1,1,0"	1	98	4	"1,0,1013,1,1,1,0;2,0,1265,1,1,1,0;3,0,1013,1,1,1,0"																						1
2480	135	惊喜放送	充值领奖(可选择奖励）	0	1	2018/12/20 0:00	2018/12/23 23:59	2018/12/20 0:00	2018/12/23 23:59				6	1	30	4	"1,1,45121,10;2,1,45037,10;3,1,45121,10"	1	98	4	"1,0,1181,1,1,1,0;2,0,1129,1,1,1,0;3,0,1181,1,1,1,0"	1	98	4	"1,0,1013,1,1,1,0;2,0,1265,1,1,1,0;3,0,1013,1,1,1,0"																						1
2481	34	单充返利	单充返利	0	1	2018/12/1 0:00	2018/12/2 23:59	2018/12/1 0:00	2018/12/2 23:59				5	0	98	3	"1,90,10000000;"	0	328	3	"1,90,25000000;"	0	648	3	"1,90,50000000;"																						1
2482	34	单充返利	单充返利	0	1	2018/12/5 0:00	2018/12/7 23:59	2018/12/5 0:00	2018/12/7 23:59				5	0	98	3	"1,90,10000000;1,60204,1000;"	0	328	3	"1,90,25000000;1,60204,2500;"	0	648	3	"1,90,50000000;1,60204,5000;"																						1
2483	34	单充返利	单充返利	0	1	2018/12/8 0:00	2018/12/9 23:59	2018/12/8 0:00	2018/12/9 23:59				5	0	98	3	"1,90,10000000;1,94,10000000;"	0	328	3	"1,90,25000000;1,94,20000000;"	0	648	3	"1,90,50000000;1,94,50000000;"																						1
2484	34	单充返利	单充返利	0	1	2018/12/12 0:00	2018/12/14 23:59	2018/12/12 0:00	2018/12/14 23:59				5	0	98	3	"1,90,10000000;1,200,5;"	0	328	3	"1,90,25000000;1,200,10;"	0	648	3	"1,90,50000000;1,200,15;"																						1
2485	34	单充返利	单充返利	0	1	2018/12/15 0:00	2018/12/16 23:59	2018/12/15 0:00	2018/12/16 23:59				5	0	98	3	"1,90,10000000;1,60204,1000;"	0	328	3	"1,90,25000000;1,60204,2500;"	0	648	3	"1,90,50000000;1,60204,5000;"																						1
2486	34	单充返利	单充返利	0	1	2018/12/19 0:00	2018/12/21 23:59	2018/12/19 0:00	2018/12/21 23:59				5	0	98	3	"1,90,10000000;1,94,10000000;"	0	328	3	"1,90,25000000;1,94,20000000;"	0	648	3	"1,90,50000000;1,94,50000000;"																						1
2487	35	连续充值	连续充值	0	1	2018/12/3 0:00	2018/12/5 23:59	2018/12/3 0:00	2018/12/5 23:59				7	0	98	3	"1,90,5000000;1,91,50;"	0	98	3	"1,90,5000000;1,91,120;"	0	98	3	"1,90,5000000;1,16032,1;"																						1
2488	35	连续充值	连续充值	0	1	2018/12/10 0:00	2018/12/12 23:59	2018/12/10 0:00	2018/12/12 23:59				7	0	98	3	"1,90,5000000;1,91,50;"	0	98	3	"1,90,5000000;1,91,120;"	0	98	3	"1,90,5000000;1,16033,1;"																						1
2489	35	连续充值	连续充值	0	1	2018/12/17 0:00	2018/12/19 23:59	2018/12/17 0:00	2018/12/19 23:59				7	0	98	3	"1,90,5000000;1,91,50;"	0	98	3	"1,90,5000000;1,91,120;"	0	98	3	"1,90,5000000;1,16032,1;"																						1
2490	30	充值返利	充值返利(单次)	0	1	2018/12/22 0:00	2018/12/23 23:59	2018/12/22 0:00	2018/12/23 23:59				5	0	98	3	"1,25007,1;"	0	198	3	"1,25008,1;1,16018,1;"	0	648	3	"0,1350,1,1,1,2;1,25009,1;"																						0
2491	31	充值返利	充值返利(单次+累计)	0	1	2018/12/22 0:00	2018/12/23 23:59	2018/12/22 0:00	2018/12/23 23:59				1	0	100	3	"1,60204,500;1,91,500;"	0	300	3	"1,60204,800;1,91,1000;"	0	500	3	"1,60204,1000;1,91,2500;"	0	1000	3	"1,60204,2000;1,91,5000;"																	30	1
2492	30	充值返利	充值返利(单次)	0	1	2018/12/28 0:00	2018/12/30 23:59	2018/12/28 0:00	2018/12/30 23:59				5	0	98	3	"1,25003,1;"	0	198	3	"1,25005,1;"	0	648	3	"1,16030,1;1,200,15;"																						0
2493	31	充值返利	充值返利(单次+累计)	0	1	2018/12/28 0:00	2018/12/30 23:59	2018/12/28 0:00	2018/12/30 23:59				1	0	100	3	"1,60204,500;1,91,500;"	0	300	3	"1,60204,800;1,91,1000;"	0	500	3	"1,60204,1000;1,91,2500;"	0	1000	3	"1,60204,2000;1,91,5000;"																	30	1
2494	30	充值返利	充值返利(单次)	0	1	2019/1/4 0:00	2019/1/6 23:59	2019/1/4 0:00	2019/1/6 23:59				5	0	98	3	"1,25007,1;"	0	198	3	"1,25008,1;1,16018,1;"	0	648	3	"0,1338,1,1,1,2;1,25009,1;"																						0
2495	31	充值返利	充值返利(单次+累计)	0	1	2019/1/4 0:00	2019/1/6 23:59	2019/1/4 0:00	2019/1/6 23:59				1	0	100	3	"1,60204,500;1,91,500;"	0	300	3	"1,60204,800;1,91,1000;"	0	500	3	"1,60204,1000;1,91,2500;"	0	1000	3	"1,60204,2000;1,91,5000;"																	30	1
2496	33	金币豪礼(盛开的金盏花)	累充返利	0	1	2018/12/22 0:00	2018/12/23 23:59	2018/12/22 0:00	2018/12/23 23:59				1	0	6	3	"1,90,200000;1,50001,10"	0	30	3	"1,90,500000;1,50001,50"	0	100	3	"1,90,3000000;1,50001,100"	0	200	3	"1,90,5000000;1,50001,240"	0	500	3	"1,90,10000000;1,50001,900"														1
2497	33	金币豪礼(盛开的金盏花)	累充返利	0	1	2018/12/28 0:00	2018/12/30 23:59	2018/12/28 0:00	2018/12/30 23:59				1	0	6	3	"1,90,200000;1,50001,10"	0	30	3	"1,90,500000;1,50001,50"	0	100	3	"1,90,3000000;1,50001,100"	0	200	3	"1,90,5000000;1,50001,240"	0	500	3	"1,90,10000000;1,50001,900"														1
2498	33	金币豪礼(盛开的金盏花)	累充返利	0	1	2019/1/4 0:00	2019/1/6 23:59	2019/1/4 0:00	2019/1/6 23:59				1	0	6	3	"1,90,200000;1,50001,10"	0	30	3	"1,90,500000;1,50001,50"	0	100	3	"1,90,3000000;1,50001,100"	0	200	3	"1,90,5000000;1,50001,240"	0	500	3	"1,90,10000000;1,50001,900"														1
2499	136	觉醒时刻	累计消耗钻石领奖	0	1	2018/12/22 0:00	2018/12/23 23:59	2018/12/22 0:00	2018/12/23 23:59				2	0	500	3	"1,60204,500;1,45265,5"	0	2000	3	"1,60204,500;1,45265,10"	0	5000	3	"1,60204,1000;1,1,16012,1;"	0	10000	3	"1,60204,2000;1,1,16018,1;"																		1
2500	136	觉醒时刻	累计消耗钻石领奖	0	1	2018/12/29 0:00	2018/12/30 23:59	2018/12/29 0:00	2018/12/30 23:59				2	0	500	3	"1,60204,500;1,45181,5"	0	2000	3	"1,60204,500;1,45181,10"	0	5000	3	"1,60204,1000;1,1,16008,1;"	0	10000	3	"1,60204,2000;1,1,16014,1;"																		1
2501	136	觉醒时刻	累计消耗钻石领奖	0	1	2019/1/5 0:00	2019/1/6 23:59	2019/1/5 0:00	2019/1/6 23:59				2	0	500	3	"1,60204,500;1,45265,5"	0	2000	3	"1,60204,500;1,45265,10"	0	5000	3	"1,60204,1000;1,1,16012,1;"	0	10000	3	"1,60204,2000;1,1,16018,1;"																		1
2502	120	登陆赠礼(登陆赠礼)	活动期间每日登录游戏均可领取奖励	0	1	2018/12/22 0:00	2018/12/23 23:59	2018/12/22 0:00	2018/12/23 23:59				4	0	1	3	"1,90,1000000;1,50001,150;1,91,200;"	0	2	3	"1,90,1000000;1,50001,150;1,91,200;"																										1
2503	120	登陆赠礼(登陆赠礼)	活动期间每日登录游戏均可领取奖励	0	1	2018/12/29 0:00	2018/12/30 23:59	2018/12/29 0:00	2018/12/30 23:59				4	0	1	3	"1,90,1000000;1,50001,150;1,91,100;"	0	2	3	"1,90,1000000;1,50001,150;1,91,100;"																										1
2504	120	登陆赠礼(登陆赠礼)	活动期间每日登录游戏均可领取奖励	0	1	2019/1/5 0:00	2019/1/6 23:59	2019/1/5 0:00	2019/1/6 23:59				4	0	1	3	"1,90,1000000;1,50001,150;1,91,200;"	0	2	3	"1,90,1000000;1,50001,150;1,91,200;"																										1
2505	32	累充送礼	累充送礼	0	1	2018/12/24 0:00	2018/12/27 23:59	2018/12/24 0:00	2018/12/27 23:59				1	0	100	3	"1,90,5000000;1,91,333;1,16018,1;"	0	200	3	"1,16028,1;1,50002,1;1,50003,1;"	0	500	3	"1,25008,1;1,90,10000000;0,1265,1,1,1,2;"	0	800	3	"1,45338,20;1,91,2000;"	0	1000	3	"1,25007,1;0,1386,1,1,1,2;1,90,30000000;"	0	1500	3	"1,25009,1;1,16035,1;1,16032,1;"										1
2506	32	累充送礼	累充送礼	0	1	2018/12/31 0:00	2019/1/3 23:59	2018/12/31 0:00	2019/1/3 23:59				1	0	100	3	"1,25006,1;1,91,333;1,16014,1;"	0	200	3	"1,50002,1;1,50003,1;1,25004,1;"	0	500	3	"1,25008,1;1,90,10000000;1,45314,15;"	0	800	3	"1,45350,20;1,91,500;1,25005,1;"	0	1000	3	"1,25007,1;0,1374,1,1,1,2;1,91,3000;"	0	1500	3	"1,25009,1;1,16031,1;1,99,30;"										1
2507	32	累充送礼	累充送礼	0	1	2019/1/7 0:00	2019/1/11 23:59	2019/1/7 0:00	2019/1/11 23:59				1	0	100	3	"1,90,5000000;1,91,333;1,16014,1;"	0	200	3	"1,16028,1;1,50002,1;1,50003,1;"	0	500	3	"1,25008,1;1,90,10000000;0,1157,1,1,1,2;"	0	800	3	"1,45338,20;1,91,2000;"	0	1000	3	"1,25007,1;0,1350,1,1,1,2;1,90,30000000;"	0	1500	3	"1,25009,1;1,16035,1;1,90,50000000;"										1
2508	33	金币豪礼(盛开的太阳花)	累充返利	0	1	2018/12/24 0:00	2018/12/27 23:59	2018/12/24 0:00	2018/12/27 23:59				1	0	6	3	"1,94,200000;1,50001,10"	0	30	3	"1,94,500000;1,50001,50"	0	100	3	"1,94,3000000;1,50001,100"	0	200	3	"1,94,5000000;1,50001,240"	0	500	3	"1,94,10000000;1,50001,900"														1
2509	33	金币豪礼(盛开的太阳花)	累充返利	0	1	2018/12/31 0:00	2019/1/3 23:59	2018/12/31 0:00	2019/1/3 23:59				1	0	6	3	"1,94,200000;1,50001,10"	0	30	3	"1,94,500000;1,50001,50"	0	100	3	"1,94,3000000;1,50001,100"	0	200	3	"1,94,5000000;1,50001,240"	0	500	3	"1,94,10000000;1,50001,900"														1
2510	33	金币豪礼(盛开的太阳花)	累充返利	0	1	2019/1/7 0:00	2019/1/11 23:59	2019/1/7 0:00	2019/1/11 23:59				1	0	6	3	"1,94,200000;1,50001,10"	0	30	3	"1,94,500000;1,50001,50"	0	100	3	"1,94,3000000;1,50001,100"	0	200	3	"1,94,5000000;1,50001,240"	0	500	3	"1,94,10000000;1,50001,900"														1
2511	140	稀有植物	稀有植物	0	20	2018/12/24 0:00	2018/12/28 23:59	2018/12/24 0:00	2018/12/28 23:59	"21408,100|21407,100|21406,90|21401,60|21402,60|21405,90|21403,60|21404,60|"			1	0	100	3	"0,1338,1"																														1
2512	140	稀有植物	稀有植物	0	20	2018/12/31 0:00	2019/1/4 23:59	2018/12/31 0:00	2019/1/4 23:59	"21408,100|21407,100|21406,90|21401,60|21402,60|21405,90|21403,60|21404,60|"			1	0	100	3	"0,1338,1"																														1
2513	140	稀有植物	稀有植物	0	20	2019/1/7 0:00	2019/1/11 23:59	2019/1/7 0:00	2019/1/11 23:59	"21408,100|21407,100|21406,90|21401,60|21402,60|21405,90|21403,60|21404,60|"			1	0	100	3	"0,1338,1"																														1
2514	147	魔法限购	魔法限购	0	20	2018/12/22 0:00	2018/12/28 23:59	2018/12/22 0:00	2018/12/28 23:59				0	1	"300,80"	0	"1,35001,5;1,35002,5;1,35003,5;1,35004,5;1,35005,5;1,35006,5;1,35007,5;1,35008,5;1,35009,5;"	1	"250,70"	0	"1,45277,5;1,45145,5;1,45181,5;"	1	"150,50"	0	"1,34001,5;1,34002,5;1,34003,5;1,34004,5;1,34005,5;1,34006,5;1,34007,5;1,34008,5;1,34009,5;"																						1
2515	147	魔法限购	魔法限购	0	20	2018/12/29 0:00	2019/1/4 23:59	2018/12/29 0:00	2019/1/4 23:59				0	1	"300,80"	0	"1,35001,5;1,35002,5;1,35003,5;1,35004,5;1,35005,5;1,35006,5;1,35007,5;1,35008,5;1,35009,5;"	1	"250,70"	0	"1,45277,5;1,45145,5;1,45181,5;"	1	"150,50"	0	"1,34001,5;1,34002,5;1,34003,5;1,34004,5;1,34005,5;1,34006,5;1,34007,5;1,34008,5;1,34009,5;"																						1
2516	147	魔法限购	魔法限购	0	20	2019/1/5 0:00	2019/1/11 23:59	2019/1/5 0:00	2019/1/11 23:59				0	1	"300,80"	0	"1,35001,5;1,35002,5;1,35003,5;1,35004,5;1,35005,5;1,35006,5;1,35007,5;1,35008,5;1,35009,5;"	1	"250,70"	0	"1,45277,5;1,45145,5;1,45181,5;"	1	"150,50"	0	"1,34001,5;1,34002,5;1,34003,5;1,34004,5;1,34005,5;1,34006,5;1,34007,5;1,34008,5;1,34009,5;"																						1
2517	135	惊喜放送	充值领奖(可选择奖励）	0	1	2018/12/27 0:00	2018/12/30 23:59	2018/12/27 0:00	2018/12/30 23:59				6	1	30	4	"1,1,45121,10;2,1,45037,10;3,1,45121,10"	1	98	4	"1,0,1181,1,1,1,0;2,0,1129,1,1,1,0;3,0,1181,1,1,1,0"	1	98	4	"1,0,1013,1,1,1,0;2,0,1265,1,1,1,0;3,0,1013,1,1,1,0"																						1
2518	135	惊喜放送	充值领奖(可选择奖励）	0	1	2019/1/3 0:00	2019/1/6 23:59	2019/1/3 0:00	2019/1/6 23:59				6	1	30	4	"1,1,45121,10;2,1,45037,10;3,1,45121,10"	1	98	4	"1,0,1181,1,1,1,0;2,0,1129,1,1,1,0;3,0,1181,1,1,1,0"	1	98	4	"1,0,1013,1,1,1,0;2,0,1265,1,1,1,0;3,0,1013,1,1,1,0"																						1
2519	135	惊喜放送	充值领奖(可选择奖励）	0	1	2019/1/10 0:00	2019/1/13 23:59	2019/1/10 0:00	2019/1/13 23:59				6	1	30	4	"1,1,45121,10;2,1,45037,10;3,1,45121,10"	1	98	4	"1,0,1181,1,1,1,0;2,0,1129,1,1,1,0;3,0,1181,1,1,1,0"	1	98	4	"1,0,1013,1,1,1,0;2,0,1265,1,1,1,0;3,0,1013,1,1,1,0"																						1
2520	34	单充返利	单充返利	0	1	2018/12/22 0:00	2018/12/23 23:59	2018/12/22 0:00	2018/12/23 23:59				5	0	98	3	"1,90,10000000;"	0	328	3	"1,90,25000000;"	0	648	3	"1,90,50000000;"																						1
2521	34	单充返利	单充返利	0	1	2018/12/26 0:00	2018/12/28 23:59	2018/12/26 0:00	2018/12/28 23:59				5	0	98	3	"1,90,10000000;1,60204,1000;"	0	328	3	"1,90,25000000;1,60204,2500;"	0	648	3	"1,90,50000000;1,60204,5000;"																						1
2522	34	单充返利	单充返利	0	1	2018/12/29 0:00	2018/12/30 23:59	2018/12/29 0:00	2018/12/30 23:59				5	0	98	3	"1,90,10000000;1,94,10000000;"	0	328	3	"1,90,25000000;1,94,20000000;"	0	648	3	"1,90,50000000;1,94,50000000;"																						1
2523	34	单充返利	单充返利	0	1	2019/1/2 0:00	2019/1/4 23:59	2019/1/2 0:00	2019/1/4 23:59				5	0	98	3	"1,90,10000000;1,200,5;"	0	328	3	"1,90,25000000;1,200,10;"	0	648	3	"1,90,50000000;1,200,15;"																						1
2524	34	单充返利	单充返利	0	1	2019/1/5 0:00	2019/1/6 23:59	2019/1/5 0:00	2019/1/6 23:59				5	0	98	3	"1,90,10000000;1,60204,1000;"	0	328	3	"1,90,25000000;1,60204,2500;"	0	648	3	"1,90,50000000;1,60204,5000;"																						1
2525	34	单充返利	单充返利	0	1	2019/1/9 0:00	2019/1/11 23:59	2019/1/9 0:00	2019/1/11 23:59				5	0	98	3	"1,90,10000000;1,94,10000000;"	0	328	3	"1,90,25000000;1,94,20000000;"	0	648	3	"1,90,50000000;1,94,50000000;"																						1
2526	35	连续充值	连续充值	0	1	2018/12/24 0:00	2018/12/26 23:59	2018/12/24 0:00	2018/12/26 23:59				7	0	98	3	"1,90,5000000;1,91,50;"	0	98	3	"1,90,5000000;1,91,120;"	0	98	3	"1,90,5000000;1,16032,1;"																						1
2527	35	连续充值	连续充值	0	1	2018/12/31 0:00	2019/1/2 23:59	2018/12/31 0:00	2019/1/2 23:59				7	0	98	3	"1,90,5000000;1,91,50;"	0	98	3	"1,90,5000000;1,91,120;"	0	98	3	"1,90,5000000;1,16033,1;"																						1
2528	35	连续充值	连续充值	0	1	2019/1/7 0:00	2019/1/9 23:59	2019/1/7 0:00	2019/1/9 23:59				7	0	98	3	"1,90,5000000;1,91,50;"	0	98	3	"1,90,5000000;1,91,120;"	0	98	3	"1,90,5000000;1,16032,1;"																						1
2529	30	充值返利	充值返利(单次)	0	1	2019/1/12 0:00	2019/1/13 23:59	2019/1/12 0:00	2019/1/13 23:59				5	0	98	3	"1,25004,1;"	0	198	3	"1,25005,1;1,16018,1;"	0	648	3	"0,1374,1,1,1,2;1,25006,1;"																						0
2530	31	充值返利	充值返利(单次+累计)	0	1	2019/1/12 0:00	2019/1/13 23:59	2019/1/12 0:00	2019/1/13 23:59				1	0	100	3	"1,60204,500;1,91,500;"	0	300	3	"1,60204,800;1,91,1000;"	0	500	3	"1,60204,1000;1,91,2500;"	0	1000	3	"1,60204,2000;1,91,5000;"																	30	1
2531	30	充值返利	充值返利(单次)	0	1	2019/1/18 0:00	2019/1/20 23:59	2019/1/18 0:00	2019/1/20 23:59				5	0	98	3	"1,16018,1;"	0	198	3	"1,45386,15;1,45338,15;"	0	648	3	"1,16035,1;"																						0
2532	31	充值返利	充值返利(单次+累计)	0	1	2019/1/18 0:00	2019/1/20 23:59	2019/1/18 0:00	2019/1/20 23:59				1	0	100	3	"1,60204,500;1,91,500;"	0	300	3	"1,60204,800;1,91,1000;"	0	500	3	"1,60204,1000;1,91,2500;"	0	1000	3	"1,60204,2000;1,91,5000;"																	30	1
2533	33	金币豪礼(盛开的金盏花)	累充返利	0	1	2019/1/12 0:00	2019/1/13 23:59	2019/1/12 0:00	2019/1/13 23:59				1	0	6	3	"1,90,200000;1,50001,10"	0	30	3	"1,90,500000;1,50001,50"	0	100	3	"1,90,3000000;1,50001,100"	0	200	3	"1,90,5000000;1,50001,240"	0	500	3	"1,90,10000000;1,50001,900"														1
2534	33	金币豪礼(盛开的金盏花)	累充返利	0	1	2019/1/18 0:00	2019/1/20 23:59	2019/1/18 0:00	2019/1/20 23:59				1	0	6	3	"1,90,200000;1,50001,10"	0	30	3	"1,90,500000;1,50001,50"	0	100	3	"1,90,3000000;1,50001,100"	0	200	3	"1,90,5000000;1,50001,240"	0	500	3	"1,90,10000000;1,50001,900"														1
2535	136	觉醒时刻	累计消耗钻石领奖	0	1	2019/1/12 0:00	2019/1/13 23:59	2019/1/12 0:00	2019/1/13 23:59				2	0	500	3	"1,60204,500;1,45265,5"	0	2000	3	"1,60204,500;1,45265,10"	0	5000	3	"1,60204,1000;1,1,16012,1;"	0	10000	3	"1,60204,2000;1,1,16018,1;"																		1
2536	136	觉醒时刻	累计消耗钻石领奖	0	1	2019/1/19 0:00	2019/1/20 23:59	2019/1/19 0:00	2019/1/20 23:59				2	0	500	3	"1,60204,500;1,45181,5"	0	2000	3	"1,60204,500;1,45181,10"	0	5000	3	"1,60204,1000;1,1,16008,1;"	0	10000	3	"1,60204,2000;1,1,16014,1;"																		1
2537	120	登陆赠礼(登陆赠礼)	活动期间每日登录游戏均可领取奖励	0	1	2019/1/12 0:00	2019/1/13 23:59	2019/1/12 0:00	2019/1/13 23:59				4	0	1	3	"1,90,1000000;1,50001,150;1,91,200;"	0	2	3	"1,90,1000000;1,50001,150;1,91,200;"																										1
2538	120	登陆赠礼(登陆赠礼)	活动期间每日登录游戏均可领取奖励	0	1	2019/1/19 0:00	2019/1/20 23:59	2019/1/19 0:00	2019/1/20 23:59				4	0	1	3	"1,90,1000000;1,50001,150;1,91,100;"	0	2	3	"1,90,1000000;1,50001,150;1,91,100;"																										1
2539	32	累充送礼	累充送礼	0	1	2019/1/14 0:00	2019/1/17 23:59	2019/1/14 0:00	2019/1/17 23:59				1	0	100	3	"1,90,5000000;1,91,333;1,16018,1;"	0	200	3	"1,16028,1;1,50002,1;1,50003,1;"	0	500	3	"1,25002,1;1,90,10000000;0,1265,1,1,1,2;"	0	800	3	"1,45338,20;1,91,2000;"	0	1000	3	"1,25001,1;0,1386,1,1,1,2;1,90,30000000;"	0	1500	3	"1,25003,1;1,16035,1;1,16032,1;"										1
2540	32	累充送礼	累充送礼	0	1	2019/1/21 0:00	2019/1/25 23:59	2019/1/21 0:00	2019/1/25 23:59				1	0	100	3	"1,25006,1;1,91,333;1,16014,1;"	0	200	3	"1,50002,1;1,50003,1;1,25004,1;"	0	500	3	"1,25004,1;1,90,10000000;1,45314,15;"	0	800	3	"1,45350,20;1,91,500;1,25005,1;"	0	1000	3	"1,25005,1;0,1374,1,1,1,2;1,91,3000;"	0	1500	3	"1,25006,1;1,16031,1;1,99,30;"										1
2541	33	金币豪礼(盛开的太阳花)	累充返利	0	1	2019/1/14 0:00	2019/1/17 23:59	2019/1/14 0:00	2019/1/17 23:59				1	0	6	3	"1,94,200000;1,50001,10"	0	30	3	"1,94,500000;1,50001,50"	0	100	3	"1,94,3000000;1,50001,100"	0	200	3	"1,94,5000000;1,50001,240"	0	500	3	"1,94,10000000;1,50001,900"														1
2542	33	金币豪礼(盛开的太阳花)	累充返利	0	1	2019/1/21 0:00	2019/1/25 23:59	2019/1/21 0:00	2019/1/25 23:59				1	0	6	3	"1,94,200000;1,50001,10"	0	30	3	"1,94,500000;1,50001,50"	0	100	3	"1,94,3000000;1,50001,100"	0	200	3	"1,94,5000000;1,50001,240"	0	500	3	"1,94,10000000;1,50001,900"														1
2543	140	稀有植物	稀有植物	0	20	2019/1/14 0:00	2019/1/18 23:59	2019/1/14 0:00	2019/1/18 23:59	"21408,100|21407,100|21406,90|21401,60|21402,60|21405,90|21403,60|21404,60|"			1	0	100	3	"0,1338,1"																														1
2544	140	稀有植物	稀有植物	0	20	2019/1/21 0:00	2019/1/25 23:59	2019/1/21 0:00	2019/1/25 23:59	"21408,100|21407,100|21406,90|21401,60|21402,60|21405,90|21403,60|21404,60|"			1	0	100	3	"0,1338,1"																														1
2545	147	魔法限购	魔法限购	0	20	2019/1/12 0:00	2019/1/18 23:59	2019/1/12 0:00	2019/1/18 23:59				0	1	"300,80"	0	"1,35001,5;1,35002,5;1,35003,5;1,35004,5;1,35005,5;1,35006,5;1,35007,5;1,35008,5;1,35009,5;"	1	"250,70"	0	"1,45277,5;1,45145,5;1,45181,5;"	1	"150,50"	0	"1,34001,5;1,34002,5;1,34003,5;1,34004,5;1,34005,5;1,34006,5;1,34007,5;1,34008,5;1,34009,5;"																						1
2546	147	魔法限购	魔法限购	0	20	2019/1/19 0:00	2019/1/25 23:59	2019/1/19 0:00	2019/1/25 23:59				0	1	"300,80"	0	"1,35001,5;1,35002,5;1,35003,5;1,35004,5;1,35005,5;1,35006,5;1,35007,5;1,35008,5;1,35009,5;"	1	"250,70"	0	"1,45277,5;1,45145,5;1,45181,5;"	1	"150,50"	0	"1,34001,5;1,34002,5;1,34003,5;1,34004,5;1,34005,5;1,34006,5;1,34007,5;1,34008,5;1,34009,5;"																						1
2547	135	惊喜放送	充值领奖(可选择奖励）	0	1	2019/1/17 0:00	2019/1/20 23:59	2019/1/17 0:00	2019/1/20 23:59				6	1	30	4	"1,1,45121,10;2,1,45037,10;3,1,45121,10"	1	98	4	"1,0,1181,1,1,1,0;2,0,1129,1,1,1,0;3,0,1181,1,1,1,0"	1	98	4	"1,0,1013,1,1,1,0;2,0,1265,1,1,1,0;3,0,1013,1,1,1,0"																						1
2548	135	惊喜放送	充值领奖(可选择奖励）	0	1	2019/1/24 0:00	2019/1/27 23:59	2019/1/24 0:00	2019/1/27 23:59				6	1	30	4	"1,1,45121,10;2,1,45037,10;3,1,45121,10"	1	98	4	"1,0,1181,1,1,1,0;2,0,1129,1,1,1,0;3,0,1181,1,1,1,0"	1	98	4	"1,0,1013,1,1,1,0;2,0,1265,1,1,1,0;3,0,1013,1,1,1,0"																						1
2549	34	单充返利	单充返利	0	1	2019/1/12 0:00	2019/1/13 23:59	2019/1/12 0:00	2019/1/13 23:59				5	0	98	3	"1,90,10000000;"	0	328	3	"1,90,25000000;"	0	648	3	"1,90,50000000;"																						1
2550	34	单充返利	单充返利	0	1	2019/1/16 0:00	2019/1/18 23:59	2019/1/16 0:00	2019/1/18 23:59				5	0	98	3	"1,90,10000000;1,60204,1000;"	0	328	3	"1,90,25000000;1,60204,2500;"	0	648	3	"1,90,50000000;1,60204,5000;"																						1
2551	34	单充返利	单充返利	0	1	2019/1/19 0:00	2019/1/20 23:59	2019/1/19 0:00	2019/1/20 23:59				5	0	98	3	"1,90,10000000;1,94,10000000;"	0	328	3	"1,90,25000000;1,94,20000000;"	0	648	3	"1,90,50000000;1,94,50000000;"																						1
2552	34	单充返利	单充返利	0	1	2019/1/23 0:00	2019/1/25 23:59	2019/1/23 0:00	2019/1/25 23:59				5	0	98	3	"1,90,10000000;1,200,5;"	0	328	3	"1,90,25000000;1,200,10;"	0	648	3	"1,90,50000000;1,200,15;"																						1
2553	35	连续充值	连续充值	0	1	2019/1/14 0:00	2019/1/16 23:59	2019/1/14 0:00	2019/1/16 23:59				7	0	98	3	"1,90,5000000;1,91,50;"	0	98	3	"1,90,5000000;1,91,120;"	0	98	3	"1,90,5000000;1,16032,1;"																						1
2554	35	连续充值	连续充值	0	1	2019/1/21 0:00	2019/1/23 23:59	2019/1/21 0:00	2019/1/23 23:59				7	0	98	3	"1,90,5000000;1,91,50;"	0	98	3	"1,90,5000000;1,91,120;"	0	98	3	"1,90,5000000;1,16033,1;"																						1
2555	30	充值返利	充值返利(单次)	0	1	2019/1/26 0:00	2019/1/27 23:59	2019/1/26 0:00	2019/1/27 23:59				5	0	98	3	"1,25007,1;"	0	198	3	"1,25008,1;1,16018,1;"	0	648	3	"0,1374,1,1,1,2;1,25009,1;"																						0
2556	31	充值返利	充值返利(单次+累计)	0	1	2019/1/26 0:00	2019/1/27 23:59	2019/1/26 0:00	2019/1/27 23:59				1	0	100	3	"1,60204,500;1,91,500;"	0	300	3	"1,60204,800;1,91,1000;"	0	500	3	"1,60204,1000;1,91,2500;"	0	1000	3	"1,60204,2000;1,91,5000;"																	30	1
2557	30	充值返利	充值返利(单次)	0	1	2019/2/1 0:00	2019/2/3 23:59	2019/2/1 0:00	2019/2/3 23:59				5	0	98	3	"1,16018,1;"	0	198	3	"1,45386,15;1,45338,15;"	0	648	3	"1,16035,1;1,99,30;"																						0
2558	31	充值返利	充值返利(单次+累计)	0	1	2019/2/1 0:00	2019/2/3 23:59	2019/2/1 0:00	2019/2/3 23:59				1	0	100	3	"1,60204,500;1,91,500;"	0	300	3	"1,60204,800;1,91,1000;"	0	500	3	"1,60204,1000;1,91,2500;"	0	1000	3	"1,60204,2000;1,91,5000;"																	30	1
2559	30	充值返利	充值返利(单次)	0	1	2019/2/8 0:00	2019/2/10 23:59	2019/2/8 0:00	2019/2/10 23:59				5	0	98	3	"1,25001,1;1,90,5000000;"	0	198	3	"1,25002,1;1,16018,1;"	0	648	3	"0,1362,1,1,1,2;1,25003,1;"																						0
2560	31	充值返利	充值返利(单次+累计)	0	1	2019/2/8 0:00	2019/2/10 23:59	2019/2/8 0:00	2019/2/10 23:59				1	0	100	3	"1,60204,500;1,91,500;"	0	300	3	"1,60204,800;1,91,1000;"	0	500	3	"1,60204,1000;1,91,2500;"	0	1000	3	"1,60204,2000;1,91,5000;"																	30	1
2561	33	金币豪礼(盛开的金盏花)	累充返利	0	1	2019/1/26 0:00	2019/1/27 23:59	2019/1/26 0:00	2019/1/27 23:59				1	0	6	3	"1,90,200000;1,50001,10"	0	30	3	"1,90,500000;1,50001,50"	0	100	3	"1,90,3000000;1,50001,100"	0	200	3	"1,90,5000000;1,50001,240"	0	500	3	"1,90,10000000;1,50001,900"														1
2562	33	金币豪礼(盛开的金盏花)	累充返利	0	1	2019/2/1 0:00	2019/2/3 23:59	2019/2/1 0:00	2019/2/3 23:59				1	0	6	3	"1,90,200000;1,50001,10"	0	30	3	"1,90,500000;1,50001,50"	0	100	3	"1,90,3000000;1,50001,100"	0	200	3	"1,90,5000000;1,50001,240"	0	500	3	"1,90,10000000;1,50001,900"														1
2563	33	金币豪礼(盛开的金盏花)	累充返利	0	1	2019/2/8 0:00	2019/2/10 23:59	2019/2/8 0:00	2019/2/10 23:59				1	0	6	3	"1,90,200000;1,50001,10"	0	30	3	"1,90,500000;1,50001,50"	0	100	3	"1,90,3000000;1,50001,100"	0	200	3	"1,90,5000000;1,50001,240"	0	500	3	"1,90,10000000;1,50001,900"														1
2564	136	觉醒时刻	累计消耗钻石领奖	0	1	2019/1/26 0:00	2019/1/27 23:59	2019/1/26 0:00	2019/1/27 23:59				2	0	500	3	"1,60204,500;1,45265,5"	0	2000	3	"1,60204,500;1,45265,10"	0	5000	3	"1,60204,1000;1,1,16012,1;"	0	10000	3	"1,60204,2000;1,1,16018,1;"																		1
2565	136	觉醒时刻	累计消耗钻石领奖	0	1	2019/2/2 0:00	2019/2/3 23:59	2019/2/2 0:00	2019/2/3 23:59				2	0	500	3	"1,60204,500;1,45181,5"	0	2000	3	"1,60204,500;1,45181,10"	0	5000	3	"1,60204,1000;1,1,16008,1;"	0	10000	3	"1,60204,2000;1,1,16014,1;"																		1
2566	136	觉醒时刻	累计消耗钻石领奖	0	1	2019/2/9 0:00	2019/2/10 23:59	2019/2/9 0:00	2019/2/10 23:59				2	0	500	3	"1,60204,500;1,45181,5"	0	2000	3	"1,60204,500;1,45181,10"	0	5000	3	"1,60204,1000;1,1,16008,1;"	0	10000	3	"1,60204,2000;1,1,16014,1;"																		1
2567	120	登陆赠礼(登陆赠礼)	活动期间每日登录游戏均可领取奖励	0	1	2019/1/26 0:00	2019/1/27 23:59	2019/1/26 0:00	2019/1/27 23:59				4	0	1	3	"1,90,1000000;1,50001,150;1,91,200;"	0	2	3	"1,90,1000000;1,50001,150;1,91,200;"																										1
2568	120	登陆赠礼(登陆赠礼)	活动期间每日登录游戏均可领取奖励	0	1	2019/2/2 0:00	2019/2/3 23:59	2019/2/2 0:00	2019/2/3 23:59				4	0	1	3	"1,90,1000000;1,50001,150;1,91,200;"	0	2	3	"1,90,1000000;1,50001,150;1,91,200;"																										1
2569	120	登陆赠礼(登陆赠礼)	活动期间每日登录游戏均可领取奖励	0	1	2019/2/4 0:00	2019/2/5 23:59	2019/2/4 0:00	2019/2/5 23:59				4	0	1	3	"1,90,5000000;1,50001,300;1,91,500;"	0	2	3	"1,90,5000000;1,50001,300;1,91,500;"																										1
2570	120	登陆赠礼(登陆赠礼)	活动期间每日登录游戏均可领取奖励	0	1	2019/2/6 0:00	2019/2/7 23:59	2019/2/6 0:00	2019/2/7 23:59				4	0	1	3	"1,90,1000000;1,50001,150;1,91,200;"	0	2	3	"1,90,1000000;1,50001,150;1,91,200;"																										1
2571	120	登陆赠礼(登陆赠礼)	活动期间每日登录游戏均可领取奖励	0	1	2019/2/9 0:00	2019/2/10 23:59	2019/2/9 0:00	2019/2/10 23:59				4	0	1	3	"1,90,1000000;1,50001,150;1,91,100;"	0	2	3	"1,90,1000000;1,50001,150;1,91,100;"																										1
2572	32	累充送礼	累充送礼	0	1	2019/1/28 0:00	2019/1/31 23:59	2019/1/28 0:00	2019/1/31 23:59				1	0	100	3	"1,90,5000000;1,91,333;1,16018,1;"	0	200	3	"1,16028,1;1,50002,1;1,50003,1;"	0	500	3	"1,25002,1;1,90,10000000;0,1265,1,1,1,2;"	0	800	3	"1,45338,20;1,91,2000;"	0	1000	3	"1,25001,1;0,1338,1,1,1,2;1,90,30000000;"	0	1500	3	"1,25003,1;1,16035,1;1,16033,1;"										1
2573	32	累充送礼	累充送礼	0	1	2019/2/4 0:00	2019/2/7 23:59	2019/2/4 0:00	2019/2/7 23:59				1	0	100	3	"1,25006,1;1,91,333;1,16014,1;"	0	200	3	"1,50002,1;1,50003,1;1,25004,1;"	0	500	3	"1,25007,1;1,90,10000000;1,45314,15;"	0	800	3	"1,45350,20;1,91,500;1,25005,1;"	0	1000	3	"1,25008,1;0,1350,1,1,1,2;1,91,3000;"	0	1500	3	"1,25009,1;1,16031,1;1,99,30;"										1
2574	32	累充送礼	累充送礼	0	1	2019/2/11 0:00	2019/2/15 23:59	2019/2/11 0:00	2019/2/15 23:59				1	0	100	3	"1,90,5000000;1,91,333;1,16018,1;"	0	200	3	"1,16028,1;1,50002,1;1,50003,1;"	0	500	3	"1,25002,1;1,90,10000000;0,1265,1,1,1,2;"	0	800	3	"1,45374,20;1,91,2000;"	0	1000	3	"1,25001,1;0,1386,1,1,1,2;1,90,30000000;"	0	1500	3	"1,25003,1;1,16030,1;1,16031,1;"										1
2575	33	金币豪礼(盛开的太阳花)	累充返利	0	1	2019/1/28 0:00	2019/1/31 23:59	2019/1/28 0:00	2019/1/31 23:59				1	0	6	3	"1,94,200000;1,50001,10"	0	30	3	"1,94,500000;1,50001,50"	0	100	3	"1,94,3000000;1,50001,100"	0	200	3	"1,94,5000000;1,50001,240"	0	500	3	"1,94,10000000;1,50001,900"														1
2576	33	金币豪礼(盛开的太阳花)	累充返利	0	1	2019/2/4 0:00	2019/2/7 23:59	2019/2/4 0:00	2019/2/7 23:59				1	0	6	3	"1,94,200000;1,50001,10"	0	30	3	"1,94,500000;1,50001,50"	0	100	3	"1,94,3000000;1,50001,100"	0	200	3	"1,94,5000000;1,50001,240"	0	500	3	"1,94,10000000;1,50001,900"														1
2577	33	金币豪礼(盛开的太阳花)	累充返利	0	1	2019/2/11 0:00	2019/2/15 23:59	2019/2/11 0:00	2019/2/15 23:59				1	0	6	3	"1,94,200000;1,50001,10"	0	30	3	"1,94,500000;1,50001,50"	0	100	3	"1,94,3000000;1,50001,100"	0	200	3	"1,94,5000000;1,50001,240"	0	500	3	"1,94,10000000;1,50001,900"														1
2578	140	稀有植物	稀有植物	0	20	2019/1/28 0:00	2019/2/1 23:59	2019/1/28 0:00	2019/2/1 23:59	"21408,100|21407,100|21406,90|21401,60|21402,60|21405,90|21403,60|21404,60|"			1	0	100	3	"0,1338,1"																														1
2579	140	稀有植物	稀有植物	0	20	2019/2/4 0:00	2019/2/8 23:59	2019/2/4 0:00	2019/2/8 23:59	"21408,100|21407,100|21406,90|21401,60|21402,60|21405,90|21403,60|21404,60|"			1	0	100	3	"0,1338,1"																														1
2580	140	稀有植物	稀有植物	0	20	2019/2/11 0:00	2019/2/15 23:59	2019/2/11 0:00	2019/2/15 23:59	"21408,100|21407,100|21406,90|21401,60|21402,60|21405,90|21403,60|21404,60|"			1	0	100	3	"0,1338,1"																														1
2581	147	魔法限购	魔法限购	0	20	2019/1/26 0:00	2019/2/1 23:59	2019/1/26 0:00	2019/2/1 23:59				0	1	"300,80"	0	"1,35001,5;1,35002,5;1,35003,5;1,35004,5;1,35005,5;1,35006,5;1,35007,5;1,35008,5;1,35009,5;"	1	"250,70"	0	"1,45277,5;1,45145,5;1,45181,5;"	1	"150,50"	0	"1,34001,5;1,34002,5;1,34003,5;1,34004,5;1,34005,5;1,34006,5;1,34007,5;1,34008,5;1,34009,5;"																						1
2582	147	魔法限购	魔法限购	0	20	2019/2/2 0:00	2019/2/8 23:59	2019/2/2 0:00	2019/2/8 23:59				0	1	"300,80"	0	"1,35001,5;1,35002,5;1,35003,5;1,35004,5;1,35005,5;1,35006,5;1,35007,5;1,35008,5;1,35009,5;"	1	"250,70"	0	"1,45277,5;1,45145,5;1,45181,5;"	1	"150,50"	0	"1,34001,5;1,34002,5;1,34003,5;1,34004,5;1,34005,5;1,34006,5;1,34007,5;1,34008,5;1,34009,5;"																						1
2583	147	魔法限购	魔法限购	0	20	2019/2/9 0:00	2019/2/15 23:59	2019/2/9 0:00	2019/2/15 23:59				0	1	"300,80"	0	"1,35001,5;1,35002,5;1,35003,5;1,35004,5;1,35005,5;1,35006,5;1,35007,5;1,35008,5;1,35009,5;"	1	"250,70"	0	"1,45277,5;1,45145,5;1,45181,5;"	1	"150,50"	0	"1,34001,5;1,34002,5;1,34003,5;1,34004,5;1,34005,5;1,34006,5;1,34007,5;1,34008,5;1,34009,5;"																						1
2584	135	惊喜放送	充值领奖(可选择奖励）	0	1	2019/1/31 0:00	2019/2/3 23:59	2019/1/31 0:00	2019/2/3 23:59				6	1	30	4	"1,1,45121,10;2,1,45037,10;3,1,45121,10"	1	98	4	"1,0,1181,1,1,1,0;2,0,1129,1,1,1,0;3,0,1181,1,1,1,0"	1	98	4	"1,0,1013,1,1,1,0;2,0,1265,1,1,1,0;3,0,1013,1,1,1,0"																						1
2585	135	惊喜放送	充值领奖(可选择奖励）	0	1	2019/2/7 0:00	2019/2/10 23:59	2019/2/7 0:00	2019/2/10 23:59				6	1	30	4	"1,1,45121,10;2,1,45037,10;3,1,45121,10"	1	98	4	"1,0,1181,1,1,1,0;2,0,1129,1,1,1,0;3,0,1181,1,1,1,0"	1	98	4	"1,0,1013,1,1,1,0;2,0,1265,1,1,1,0;3,0,1013,1,1,1,0"																						1
2586	135	惊喜放送	充值领奖(可选择奖励）	0	1	2019/2/14 0:00	2019/2/17 23:59	2019/2/14 0:00	2019/2/17 23:59				6	1	30	4	"1,1,45121,10;2,1,45037,10;3,1,45121,10"	1	98	4	"1,0,1181,1,1,1,0;2,0,1129,1,1,1,0;3,0,1181,1,1,1,0"	1	98	4	"1,0,1013,1,1,1,0;2,0,1265,1,1,1,0;3,0,1013,1,1,1,0"																						1
2587	34	单充返利	单充返利	0	1	2019/1/26 0:00	2019/1/27 23:59	2019/1/26 0:00	2019/1/27 23:59				5	0	98	3	"1,90,10000000;"	0	328	3	"1,90,25000000;"	0	648	3	"1,90,50000000;"																						1
2588	34	单充返利	单充返利	0	1	2019/1/30 0:00	2019/2/1 23:59	2019/1/30 0:00	2019/2/1 23:59				5	0	98	3	"1,90,10000000;1,60204,1000;"	0	328	3	"1,90,25000000;1,60204,2500;"	0	648	3	"1,90,50000000;1,60204,5000;"																						1
2589	34	单充返利	单充返利	0	1	2019/2/2 0:00	2019/2/3 23:59	2019/2/2 0:00	2019/2/3 23:59				5	0	98	3	"1,90,10000000;1,94,10000000;"	0	328	3	"1,90,25000000;1,94,20000000;"	0	648	3	"1,90,50000000;1,94,50000000;"																						1
2590	34	单充返利	单充返利	0	1	2019/2/4 0:00	2019/2/8 23:59	2019/2/4 0:00	2019/2/8 23:59				5	0	98	3	"1,90,10000000;1,200,5;"	0	328	3	"1,90,25000000;1,200,10;"	0	648	3	"1,90,50000000;1,200,15;"																						1
2591	34	单充返利	单充返利	0	1	2019/2/9 0:00	2019/2/10 23:59	2019/2/9 0:00	2019/2/10 23:59				5	0	98	3	"1,90,10000000;1,94,10000000;"	0	328	3	"1,90,25000000;1,94,20000000;"	0	648	3	"1,90,50000000;1,94,50000000;"																						1
2592	34	单充返利	单充返利	0	1	2019/2/13 0:00	2019/2/15 23:59	2019/2/13 0:00	2019/2/15 23:59				5	0	98	3	"1,90,10000000;1,200,5;"	0	328	3	"1,90,25000000;1,200,10;"	0	648	3	"1,90,50000000;1,200,15;"																						1
2593	35	连续充值	连续充值	0	1	2019/1/28 0:00	2019/1/30 23:59	2019/1/28 0:00	2019/1/30 23:59				7	0	98	3	"1,90,5000000;1,91,50;"	0	98	3	"1,90,5000000;1,91,120;"	0	98	3	"1,90,5000000;1,16032,1;"																						1
2594	35	连续充值	连续充值	0	1	2019/2/4 0:00	2019/2/6 23:59	2019/2/4 0:00	2019/2/6 23:59				7	0	98	3	"1,90,5000000;1,91,50;"	0	98	3	"1,90,5000000;1,91,120;"	0	98	3	"1,90,5000000;1,16033,1;"																						1
2595	35	连续充值	连续充值	0	1	2019/2/7 0:00	2019/2/9 23:59	2019/2/7 0:00	2019/2/9 23:59				7	0	98	3	"1,90,5000000;1,91,50;"	0	98	3	"1,90,5000000;1,91,120;"	0	98	3	"1,90,5000000;1,16033,1;"																						1
2596	35	连续充值	连续充值	0	1	2019/2/11 0:00	2019/2/13 23:59	2019/2/11 0:00	2019/2/13 23:59				7	0	98	3	"1,90,5000000;1,91,50;"	0	98	3	"1,90,5000000;1,91,120;"	0	98	3	"1,90,5000000;1,16033,1;"																						1
2597	30	充值返利	充值返利(单次)	0	1	2019/2/16 0:00	2019/2/17 23:59	2019/2/16 0:00	2019/2/17 23:59				5	0	98	3	"1,25001,1;"	0	198	3	"1,25002,1;1,16018,1;"	0	648	3	"0,1314,1,1,1,2;1,25003,1;"																						0
2598	31	充值返利	充值返利(单次+累计)	0	1	2019/2/16 0:00	2019/2/17 23:59	2019/2/16 0:00	2019/2/17 23:59				1	0	100	3	"1,60204,500;1,91,500;"	0	300	3	"1,60204,800;1,91,1000;"	0	500	3	"1,60204,1000;1,91,2500;"	0	1000	3	"1,60204,2000;1,91,5000;"																	30	1
2599	30	充值返利	充值返利(单次)	0	1	2019/2/22 0:00	2019/2/24 23:59	2019/2/22 0:00	2019/2/24 23:59				5	0	98	3	"1,16014,1;"	0	198	3	"1,45386,15;1,45338,15;1,90,10000000;"	0	648	3	"1,16030,1;1,99,30;"																						0
2600	31	充值返利	充值返利(单次+累计)	0	1	2019/2/22 0:00	2019/2/24 23:59	2019/2/22 0:00	2019/2/24 23:59				1	0	100	3	"1,60204,500;1,91,500;"	0	300	3	"1,60204,800;1,91,1000;"	0	500	3	"1,60204,1000;1,91,2500;"	0	1000	3	"1,60204,2000;1,91,5000;"																	30	1
2601	33	金币豪礼(盛开的金盏花)	累充返利	0	1	2019/2/16 0:00	2019/2/17 23:59	2019/2/16 0:00	2019/2/17 23:59				1	0	6	3	"1,90,200000;1,50001,10"	0	30	3	"1,90,500000;1,50001,50"	0	100	3	"1,90,3000000;1,50001,100"	0	200	3	"1,90,5000000;1,50001,240"	0	500	3	"1,90,10000000;1,50001,900"														1
2602	33	金币豪礼(盛开的金盏花)	累充返利	0	1	2019/2/22 0:00	2019/2/24 23:59	2019/2/22 0:00	2019/2/24 23:59				1	0	6	3	"1,90,200000;1,50001,10"	0	30	3	"1,90,500000;1,50001,50"	0	100	3	"1,90,3000000;1,50001,100"	0	200	3	"1,90,5000000;1,50001,240"	0	500	3	"1,90,10000000;1,50001,900"														1
2603	136	觉醒时刻	累计消耗钻石领奖	0	1	2019/2/16 0:00	2019/2/17 23:59	2019/2/16 0:00	2019/2/17 23:59				2	0	500	3	"1,60204,500;1,45265,5"	0	2000	3	"1,60204,500;1,45265,10"	0	5000	3	"1,60204,1000;1,1,16012,1;"	0	10000	3	"1,60204,2000;1,1,16018,1;"																		1
2604	136	觉醒时刻	累计消耗钻石领奖	0	1	2019/2/23 0:00	2019/2/24 23:59	2019/2/23 0:00	2019/2/24 23:59				2	0	500	3	"1,60204,500;1,45181,5"	0	2000	3	"1,60204,500;1,45181,10"	0	5000	3	"1,60204,1000;1,1,16008,1;"	0	10000	3	"1,60204,2000;1,1,16014,1;"																		1
2605	120	登陆赠礼(登陆赠礼)	活动期间每日登录游戏均可领取奖励	0	1	2019/2/16 0:00	2019/2/17 23:59	2019/2/16 0:00	2019/2/17 23:59				4	0	1	3	"1,90,1000000;1,50001,150;1,91,200;"	0	2	3	"1,90,1000000;1,50001,150;1,91,200;"																										1
2606	120	登陆赠礼(登陆赠礼)	活动期间每日登录游戏均可领取奖励	0	1	2019/2/23 0:00	2019/2/24 23:59	2019/2/23 0:00	2019/2/24 23:59				4	0	1	3	"1,90,500000;1,50001,100;1,91,100;"	0	2	3	"1,90,500000;1,50001,100;1,91,100;"																										1
2608	32	累充送礼	累充送礼	0	1	2019/2/18 0:00	2019/2/21 23:59	2019/2/18 0:00	2019/2/21 23:59				1	0	100	3	"1,90,5000000;1,91,333;1,16018,1;"	0	200	3	"1,16028,1;1,50002,1;1,50003,1;"	0	500	3	"1,25002,1;1,90,10000000;0,1265,1,1,1,2;"	0	800	3	"1,45338,20;1,91,2000;"	0	1000	3	"1,25001,1;0,1338,1,1,1,2;1,90,30000000;"	0	1500	3	"1,25003,1;1,16035,1;1,16033,1;"										1
2609	32	累充送礼	累充送礼	0	1	2019/2/25 0:00	2019/3/1 23:59	2019/2/25 0:00	2019/3/1 23:59				1	0	100	3	"1,25006,1;1,91,333;1,16014,1;"	0	200	3	"1,50002,1;1,50003,1;1,25004,1;"	0	500	3	"1,25007,1;1,90,10000000;1,45314,15;"	0	800	3	"1,45350,20;1,91,500;1,25005,1;"	0	1000	3	"1,25008,1;0,1350,1,1,1,2;1,91,3000;"	0	1500	3	"1,25009,1;1,16031,1;1,99,30;"										1
2610	33	金币豪礼(盛开的太阳花)	累充返利	0	1	2019/2/18 0:00	2019/2/21 23:59	2019/2/18 0:00	2019/2/21 23:59				1	0	6	3	"1,94,200000;1,50001,10"	0	30	3	"1,94,500000;1,50001,50"	0	100	3	"1,94,3000000;1,50001,100"	0	200	3	"1,94,5000000;1,50001,240"	0	500	3	"1,94,10000000;1,50001,900"														1
2611	33	金币豪礼(盛开的太阳花)	累充返利	0	1	2019/2/25 0:00	2019/3/1 23:59	2019/2/25 0:00	2019/3/1 23:59				1	0	6	3	"1,94,200000;1,50001,10"	0	30	3	"1,94,500000;1,50001,50"	0	100	3	"1,94,3000000;1,50001,100"	0	200	3	"1,94,5000000;1,50001,240"	0	500	3	"1,94,10000000;1,50001,900"														1
2612	140	稀有植物	稀有植物	0	20	2019/2/18 0:00	2019/2/22 23:59	2019/2/18 0:00	2019/2/22 23:59	"21408,100|21407,100|21406,90|21401,60|21402,60|21405,90|21403,60|21404,60|"			1	0	100	3	"0,1338,1"																														1
2613	140	稀有植物	稀有植物	0	20	2019/2/25 0:00	2019/3/1 23:59	2019/2/25 0:00	2019/3/1 23:59	"21408,100|21407,100|21406,90|21401,60|21402,60|21405,90|21403,60|21404,60|"			1	0	100	3	"0,1338,1"																														1
2614	147	魔法限购	魔法限购	0	20	2019/2/16 0:00	2019/2/22 23:59	2019/2/16 0:00	2019/2/22 23:59				0	1	"300,80"	0	"1,35001,5;1,35002,5;1,35003,5;1,35004,5;1,35005,5;1,35006,5;1,35007,5;1,35008,5;1,35009,5;"	1	"250,70"	0	"1,45277,5;1,45145,5;1,45181,5;"	1	"150,50"	0	"1,34001,5;1,34002,5;1,34003,5;1,34004,5;1,34005,5;1,34006,5;1,34007,5;1,34008,5;1,34009,5;"																						1
2615	147	魔法限购	魔法限购	0	20	2019/2/23 0:00	2019/3/1 23:59	2019/2/23 0:00	2019/3/1 23:59				0	1	"300,80"	0	"1,35001,5;1,35002,5;1,35003,5;1,35004,5;1,35005,5;1,35006,5;1,35007,5;1,35008,5;1,35009,5;"	1	"250,70"	0	"1,45277,5;1,45145,5;1,45181,5;"	1	"150,50"	0	"1,34001,5;1,34002,5;1,34003,5;1,34004,5;1,34005,5;1,34006,5;1,34007,5;1,34008,5;1,34009,5;"																						1
2616	135	惊喜放送	充值领奖(可选择奖励）	0	1	2019/2/21 0:00	2019/2/24 23:59	2019/2/21 0:00	2019/2/24 23:59				6	1	30	4	"1,1,45121,10;2,1,45037,10;3,1,45121,10"	1	98	4	"1,0,1181,1,1,1,0;2,0,1129,1,1,1,0;3,0,1181,1,1,1,0"	1	98	4	"1,0,1013,1,1,1,0;2,0,1265,1,1,1,0;3,0,1013,1,1,1,0"																						1
2617	135	惊喜放送	充值领奖(可选择奖励）	0	1	2019/2/28 0:00	2019/3/3 23:59	2019/2/28 0:00	2019/3/3 23:59				6	1	30	4	"1,1,45121,10;2,1,45037,10;3,1,45121,10"	1	98	4	"1,0,1181,1,1,1,0;2,0,1129,1,1,1,0;3,0,1181,1,1,1,0"	1	98	4	"1,0,1013,1,1,1,0;2,0,1265,1,1,1,0;3,0,1013,1,1,1,0"																						1
2618	34	单充返利	单充返利	0	1	2019/2/16 0:00	2019/2/17 23:59	2019/2/16 0:00	2019/2/17 23:59				5	0	98	3	"1,90,10000000;"	0	328	3	"1,90,25000000;"	0	648	3	"1,90,50000000;"																						1
2619	34	单充返利	单充返利	0	1	2019/2/20 0:00	2019/2/22 23:59	2019/2/20 0:00	2019/2/22 23:59				5	0	98	3	"1,90,10000000;1,60204,1000;"	0	328	3	"1,90,25000000;1,60204,2500;"	0	648	3	"1,90,50000000;1,60204,5000;"																						1
2620	34	单充返利	单充返利	0	1	2019/2/23 0:00	2019/2/24 23:59	2019/2/23 0:00	2019/2/24 23:59				5	0	98	3	"1,90,10000000;1,94,10000000;"	0	328	3	"1,90,25000000;1,94,20000000;"	0	648	3	"1,90,50000000;1,94,50000000;"																						1
2621	34	单充返利	单充返利	0	1	2019/2/27 0:00	2019/3/1 23:59	2019/2/27 0:00	2019/3/1 23:59				5	0	98	3	"1,90,10000000;1,200,5;"	0	328	3	"1,90,25000000;1,200,10;"	0	648	3	"1,90,50000000;1,200,15;"																						1
2622	35	连续充值	连续充值	0	1	2019/2/18 0:00	2019/2/20 23:59	2019/2/18 0:00	2019/2/20 23:59				7	0	98	3	"1,90,5000000;1,91,50;"	0	98	3	"1,90,5000000;1,91,120;"	0	98	3	"1,90,5000000;1,16032,1;"																						1
2623	35	连续充值	连续充值	0	1	2019/2/25 0:00	2019/2/27 23:59	2019/2/25 0:00	2019/2/27 23:59				7	0	98	3	"1,90,5000000;1,91,50;"	0	98	3	"1,90,5000000;1,91,120;"	0	98	3	"1,90,5000000;1,16033,1;"																						1
2624	30	充值返利	充值返利(单次)	0	1	2019/3/2 0:00	2019/3/3 23:59	2019/3/2 0:00	2019/3/3 23:59				5	0	98	3	"1,16018,1;"	0	198	3	"1,98,35;1,94,30000000;"	0	648	3	"0,1386,1,1,1,2;1,98,35;"																						0
2625	31	充值返利	充值返利(单次+累计)	0	1	2019/3/2 0:00	2019/3/3 23:59	2019/3/2 0:00	2019/3/3 23:59				1	0	100	3	"1,60204,500;1,91,500;"	0	300	3	"1,60204,800;1,91,1000;"	0	500	3	"1,60204,1000;1,91,2500;"	0	1000	3	"1,60204,2000;1,91,5000;"																	30	1
2626	30	充值返利	充值返利(单次)	0	1	2019/3/9 0:00	2019/3/10 23:59	2019/3/9 0:00	2019/3/10 23:59				5	0	98	3	"1,16018,1;"	0	198	3	"1,25009,1;1,45229,15;"	0	648	3	"1,25007,1;1,25008,1;"																						0
2627	31	充值返利	充值返利(单次+累计)	0	1	2019/3/9 0:00	2019/3/10 23:59	2019/3/9 0:00	2019/3/10 23:59				1	0	100	3	"1,60204,500;1,91,500;"	0	300	3	"1,60204,800;1,91,1000;"	0	500	3	"1,60204,1000;1,91,2500;"	0	1000	3	"1,60204,2000;1,91,5000;"																	30	1
2628	33	金币豪礼(盛开的金盏花)	累充返利	0	1	2019/3/2 0:00	2019/3/3 23:59	2019/3/2 0:00	2019/3/3 23:59				1	0	6	3	"1,90,200000;1,50001,10"	0	30	3	"1,90,500000;1,50001,50"	0	100	3	"1,90,3000000;1,50001,100"	0	200	3	"1,90,5000000;1,50001,240"	0	500	3	"1,90,10000000;1,50001,900"														1
2629	33	金币豪礼(盛开的金盏花)	累充返利	0	1	2019/3/9 0:00	2019/3/10 23:59	2019/3/9 0:00	2019/3/10 23:59				1	0	6	3	"1,90,200000;1,50001,10"	0	30	3	"1,90,500000;1,50001,50"	0	100	3	"1,90,3000000;1,50001,100"	0	200	3	"1,90,5000000;1,50001,240"	0	500	3	"1,90,10000000;1,50001,900"														1
2630	136	觉醒时刻	累计消耗钻石领奖	0	1	2019/3/2 0:00	2019/3/3 23:59	2019/3/2 0:00	2019/3/3 23:59				2	0	500	3	"1,60204,500;1,45265,5"	0	2000	3	"1,60204,500;1,45265,10"	0	5000	3	"1,60204,1000;1,1,16012,1;"	0	10000	3	"1,60204,2000;1,1,16018,1;"																		1
2631	136	觉醒时刻	累计消耗钻石领奖	0	1	2019/3/9 0:00	2019/3/10 23:59	2019/3/9 0:00	2019/3/10 23:59				2	0	500	3	"1,60204,500;1,45181,5"	0	2000	3	"1,60204,500;1,45181,10"	0	5000	3	"1,60204,1000;1,1,16008,1;"	0	10000	3	"1,60204,2000;1,1,16014,1;"																		1
2632	120	登陆赠礼(登陆赠礼)	活动期间每日登录游戏均可领取奖励	0	1	2019/3/2 0:00	2019/3/3 23:59	2019/3/2 0:00	2019/3/3 23:59				4	0	1	3	"1,90,1000000;1,50001,150;1,91,200;"	0	2	3	"1,90,1000000;1,50001,150;1,91,200;"																										1
2633	120	登陆赠礼(登陆赠礼)	活动期间每日登录游戏均可领取奖励	0	1	2019/3/9 0:00	2019/3/10 23:59	2019/3/9 0:00	2019/3/10 23:59				4	0	1	3	"1,90,1000000;1,50001,150;1,91,200;"	0	2	3	"1,90,1000000;1,50001,150;1,91,200;"																										1
2634	32	累充送礼	累充送礼	0	1	2019/3/4 0:00	2019/3/8 23:59	2019/3/4 0:00	2019/3/8 23:59				1	0	100	3	"1,91,333;1,16014,1;"	0	200	3	"1,16028,1;1,16029,1;"	0	500	3	"1,25007,1;1,90,10000000;0,1193,1,1,1,0;"	0	800	3	"1,98,30;"	0	1000	3	"1,25008,1;0,1362,1,1,1,2;1,90,30000000;"	0	1500	3	"1,25009,1;1,16035,1;"										1
2635	32	累充送礼	累充送礼	0	1	2019/3/11 0:00	2019/3/15 23:59	2019/3/11 0:00	2019/3/15 23:59				1	0	100	3	"1,91,333;1,16018,1;"	0	200	3	"1,94,10000000;1,25001,1;"	0	500	3	"1,25007,1;1,90,10000000;1,98,15;"	0	800	3	"1,99,20;1,25002,1;"	0	1000	3	"1,25008,1;0,1229,1,1,1,2;1,25003,1;"	0	1500	3	"1,25009,1;1,16031,1;"										1
2636	33	金币豪礼(盛开的太阳花)	累充返利	0	1	2019/3/4 0:00	2019/3/8 23:59	2019/3/4 0:00	2019/3/8 23:59				1	0	6	3	"1,94,200000;1,50001,10"	0	30	3	"1,94,500000;1,50001,50"	0	100	3	"1,94,3000000;1,50001,100"	0	200	3	"1,94,5000000;1,50001,240"	0	500	3	"1,94,10000000;1,50001,900"														1
2637	33	金币豪礼(盛开的太阳花)	累充返利	0	1	2019/3/11 0:00	2019/3/15 23:59	2019/3/11 0:00	2019/3/15 23:59				1	0	6	3	"1,94,200000;1,50001,10"	0	30	3	"1,94,500000;1,50001,50"	0	100	3	"1,94,3000000;1,50001,100"	0	200	3	"1,94,5000000;1,50001,240"	0	500	3	"1,94,10000000;1,50001,900"														1
2638	140	稀有植物	稀有植物	0	20	2019/3/4 0:00	2019/3/8 23:59	2019/3/4 0:00	2019/3/8 23:59	"21408,100|21407,100|21406,90|21401,60|21402,60|21405,90|21403,60|21404,60|"			1	0	100	3	"0,1338,1"																														1
2639	140	稀有植物	稀有植物	0	20	2019/3/11 0:00	2019/3/15 23:59	2019/3/11 0:00	2019/3/15 23:59	"21408,100|21407,100|21406,90|21401,60|21402,60|21405,90|21403,60|21404,60|"			1	0	100	3	"0,1338,1"																														1
2640	147	魔法限购	魔法限购	0	20	2019/3/2 0:00	2019/3/8 23:59	2019/3/2 0:00	2019/3/8 23:59				0	1	"300,80"	0	"1,35001,5;1,35002,5;1,35003,5;1,35004,5;1,35005,5;1,35006,5;1,35007,5;1,35008,5;1,35009,5;"	1	"250,70"	0	"1,45277,5;1,45145,5;1,45181,5;"	1	"150,50"	0	"1,34001,5;1,34002,5;1,34003,5;1,34004,5;1,34005,5;1,34006,5;1,34007,5;1,34008,5;1,34009,5;"																						1
2641	147	魔法限购	魔法限购	0	20	2019/3/9 0:00	2019/3/15 23:59	2019/3/9 0:00	2019/3/15 23:59				0	1	"300,80"	0	"1,35001,5;1,35002,5;1,35003,5;1,35004,5;1,35005,5;1,35006,5;1,35007,5;1,35008,5;1,35009,5;"	1	"250,70"	0	"1,45277,5;1,45145,5;1,45181,5;"	1	"150,50"	0	"1,34001,5;1,34002,5;1,34003,5;1,34004,5;1,34005,5;1,34006,5;1,34007,5;1,34008,5;1,34009,5;"																						1
2642	135	惊喜放送	充值领奖(可选择奖励）	0	1	2019/3/7 0:00	2019/3/10 23:59	2019/3/7 0:00	2019/3/10 23:59				6	1	30	4	"1,1,45121,10;2,1,45037,10;3,1,45121,10"	1	98	4	"1,0,1181,1,1,1,0;2,0,1129,1,1,1,0;3,0,1181,1,1,1,0"	1	98	4	"1,0,1013,1,1,1,0;2,0,1265,1,1,1,0;3,0,1013,1,1,1,0"																						1
2643	135	惊喜放送	充值领奖(可选择奖励）	0	1	2019/3/14 0:00	2019/3/17 23:59	2019/3/14 0:00	2019/3/17 23:59				6	1	30	4	"1,1,45121,10;2,1,45037,10;3,1,45121,10"	1	98	4	"1,0,1181,1,1,1,0;2,0,1129,1,1,1,0;3,0,1181,1,1,1,0"	1	98	4	"1,0,1013,1,1,1,0;2,0,1265,1,1,1,0;3,0,1013,1,1,1,0"																						1
2644	34	单充返利	单充返利	0	1	2019/3/2 0:00	2019/3/3 23:59	2019/3/2 0:00	2019/3/3 23:59				5	0	98	3	"1,90,10000000;"	0	328	3	"1,90,25000000;"	0	648	3	"1,90,50000000;"																						1
2645	34	单充返利	单充返利	0	1	2019/3/6 0:00	2019/3/8 23:59	2019/3/6 0:00	2019/3/8 23:59				5	0	98	3	"1,90,10000000;1,60204,1000;"	0	328	3	"1,90,25000000;1,60204,2500;"	0	648	3	"1,90,50000000;1,60204,5000;"																						1
2646	34	单充返利	单充返利	0	1	2019/3/9 0:00	2019/3/10 23:59	2019/3/9 0:00	2019/3/10 23:59				5	0	98	3	"1,90,10000000;1,94,10000000;"	0	328	3	"1,90,25000000;1,94,20000000;"	0	648	3	"1,90,50000000;1,94,50000000;"																						1
2647	34	单充返利	单充返利	0	1	2019/3/13 0:00	2019/3/15 23:59	2019/3/13 0:00	2019/3/15 23:59				5	0	98	3	"1,90,10000000;1,200,5;"	0	328	3	"1,90,25000000;1,200,10;"	0	648	3	"1,90,50000000;1,200,15;"																						1
2648	35	连续充值	连续充值	0	1	2019/3/4 0:00	2019/3/6 23:59	2019/3/4 0:00	2019/3/6 23:59				7	0	98	3	"1,90,5000000;1,91,50;"	0	98	3	"1,90,5000000;1,91,120;"	0	98	3	"1,90,5000000;1,16032,1;"																						1
2649	35	连续充值	连续充值	0	1	2019/3/11 0:00	2019/3/13 23:59	2019/3/11 0:00	2019/3/13 23:59				7	0	98	3	"1,90,5000000;1,91,50;"	0	98	3	"1,90,5000000;1,91,120;"	0	98	3	"1,90,5000000;1,16033,1;"																						1
2650	30	充值返利	充值返利(单次)	0	1	2019/3/16 0:00	2019/3/17 23:59	2019/3/16 0:00	2019/3/17 23:59				5	0	98	3	"1,16018,1;"	0	198	3	"1,98,35;1,94,30000000;"	0	648	3	"0,1386,1,1,1,2;1,98,35;"																						0
2651	31	充值返利	充值返利(单次+累计)	0	1	2019/3/16 0:00	2019/3/17 23:59	2019/3/16 0:00	2019/3/17 23:59				1	0	100	3	"1,60204,500;1,91,500;"	0	300	3	"1,60204,800;1,91,1000;"	0	500	3	"1,60204,1000;1,91,2500;"	0	1000	3	"1,60204,2000;1,91,5000;"																	30	1
2652	30	充值返利	充值返利(单次)	0	1	2019/3/23 0:00	2019/3/24 23:59	2019/3/23 0:00	2019/3/24 23:59				5	0	98	3	"1,16018,1;"	0	198	3	"1,25009,1;1,45229,15;"	0	648	3	"1,25007,1;1,25008,1;"																						0
2653	31	充值返利	充值返利(单次+累计)	0	1	2019/3/23 0:00	2019/3/24 23:59	2019/3/23 0:00	2019/3/24 23:59				1	0	100	3	"1,60204,500;1,91,500;"	0	300	3	"1,60204,800;1,91,1000;"	0	500	3	"1,60204,1000;1,91,2500;"	0	1000	3	"1,60204,2000;1,91,5000;"																	30	1
2654	33	金币豪礼(盛开的金盏花)	累充返利	0	1	2019/3/16 0:00	2019/3/17 23:59	2019/3/16 0:00	2019/3/17 23:59				1	0	6	3	"1,90,200000;1,50001,10"	0	30	3	"1,90,500000;1,50001,50"	0	100	3	"1,90,3000000;1,50001,100"	0	200	3	"1,90,5000000;1,50001,240"	0	500	3	"1,90,10000000;1,50001,900"														1
2655	33	金币豪礼(盛开的金盏花)	累充返利	0	1	2019/3/23 0:00	2019/3/24 23:59	2019/3/23 0:00	2019/3/24 23:59				1	0	6	3	"1,90,200000;1,50001,10"	0	30	3	"1,90,500000;1,50001,50"	0	100	3	"1,90,3000000;1,50001,100"	0	200	3	"1,90,5000000;1,50001,240"	0	500	3	"1,90,10000000;1,50001,900"														1
2656	136	觉醒时刻	累计消耗钻石领奖	0	1	2019/3/16 0:00	2019/3/17 23:59	2019/3/16 0:00	2019/3/17 23:59				2	0	500	3	"1,60204,500;1,45265,5"	0	2000	3	"1,60204,500;1,45265,10"	0	5000	3	"1,60204,1000;1,1,16012,1;"	0	10000	3	"1,60204,2000;1,1,16018,1;"																		1
2657	136	觉醒时刻	累计消耗钻石领奖	0	1	2019/3/23 0:00	2019/3/24 23:59	2019/3/23 0:00	2019/3/24 23:59				2	0	500	3	"1,60204,500;1,45181,5"	0	2000	3	"1,60204,500;1,45181,10"	0	5000	3	"1,60204,1000;1,1,16008,1;"	0	10000	3	"1,60204,2000;1,1,16014,1;"																		1
2658	120	登陆赠礼(登陆赠礼)	活动期间每日登录游戏均可领取奖励	0	1	2019/3/16 0:00	2019/3/17 23:59	2019/3/16 0:00	2019/3/17 23:59				4	0	1	3	"1,90,500000;1,50001,100;1,91,100;"	0	2	3	"1,90,500000;1,50001,100;1,91,100;"																										1
2659	120	登陆赠礼(登陆赠礼)	活动期间每日登录游戏均可领取奖励	0	1	2019/3/23 0:00	2019/3/24 23:59	2019/3/23 0:00	2019/3/24 23:59				4	0	1	3	"1,90,1000000;1,50001,150;1,91,200;"	0	2	3	"1,90,1000000;1,50001,150;1,91,200;"																										1
2660	32	累充送礼	累充送礼	0	1	2019/3/18 0:00	2019/3/22 23:59	2019/3/18 0:00	2019/3/22 23:59				1	0	100	3	"1,91,333;1,16014,1;"	0	200	3	"1,16028,1;1,16029,1;"	0	500	3	"1,25007,1;1,90,10000000;0,1193,1,1,1,0;"	0	800	3	"1,98,30;"	0	1000	3	"1,25008,1;0,1362,1,1,1,2;1,90,30000000;"	0	1500	3	"1,25009,1;1,16035,1;"										1
2661	32	累充送礼	累充送礼	0	1	2019/3/25 0:00	2019/3/29 23:59	2019/3/25 0:00	2019/3/29 23:59				1	0	100	3	"1,91,333;1,16018,1;"	0	200	3	"1,94,10000000;1,25001,1;"	0	500	3	"1,25007,1;1,90,10000000;1,98,15;"	0	800	3	"1,99,20;1,25002,1;"	0	1000	3	"1,25008,1;0,1229,1,1,1,2;1,25003,1;"	0	1500	3	"1,25009,1;1,16031,1;"										1
2662	33	金币豪礼(盛开的太阳花)	累充返利	0	1	2019/3/18 0:00	2019/3/22 23:59	2019/3/18 0:00	2019/3/22 23:59				1	0	6	3	"1,94,200000;1,50001,10"	0	30	3	"1,94,500000;1,50001,50"	0	100	3	"1,94,3000000;1,50001,100"	0	200	3	"1,94,5000000;1,50001,240"	0	500	3	"1,94,10000000;1,50001,900"														1
2663	33	金币豪礼(盛开的太阳花)	累充返利	0	1	2019/3/25 0:00	2019/3/29 23:59	2019/3/25 0:00	2019/3/29 23:59				1	0	6	3	"1,94,200000;1,50001,10"	0	30	3	"1,94,500000;1,50001,50"	0	100	3	"1,94,3000000;1,50001,100"	0	200	3	"1,94,5000000;1,50001,240"	0	500	3	"1,94,10000000;1,50001,900"														1
2664	140	稀有植物	稀有植物	0	20	2019/3/18 0:00	2019/3/22 23:59	2019/3/18 0:00	2019/3/22 23:59	"21408,60|21407,60|21406,60|21401,60|21402,60|21405,90|21403,60|21404,60|"			1	0	100	3	"0,1338,1"																														1
2665	140	稀有植物	稀有植物	0	20	2019/3/25 0:00	2019/3/29 23:59	2019/3/25 0:00	2019/3/29 23:59	"21408,60|21407,60|21406,60|21401,60|21402,60|21405,90|21403,60|21404,60|"			1	0	100	3	"0,1338,1"																														1
2666	147	魔法限购	魔法限购	0	20	2019/3/16 0:00	2019/3/22 23:59	2019/3/16 0:00	2019/3/22 23:59				0	1	"300,80"	0	"1,35001,5;1,35002,5;1,35003,5;1,35004,5;1,35005,5;1,35006,5;1,35007,5;1,35008,5;1,35009,5;"	1	"250,70"	0	"1,45277,5;1,45145,5;1,45181,5;"	1	"150,50"	0	"1,34001,5;1,34002,5;1,34003,5;1,34004,5;1,34005,5;1,34006,5;1,34007,5;1,34008,5;1,34009,5;"																						1
2667	147	魔法限购	魔法限购	0	20	2019/3/23 0:00	2019/3/29 23:59	2019/3/23 0:00	2019/3/29 23:59				0	1	"300,80"	0	"1,35001,5;1,35002,5;1,35003,5;1,35004,5;1,35005,5;1,35006,5;1,35007,5;1,35008,5;1,35009,5;"	1	"250,70"	0	"1,45277,5;1,45145,5;1,45181,5;"	1	"150,50"	0	"1,34001,5;1,34002,5;1,34003,5;1,34004,5;1,34005,5;1,34006,5;1,34007,5;1,34008,5;1,34009,5;"																						1
2668	135	惊喜放送	充值领奖(可选择奖励）	0	1	2019/3/21 0:00	2019/3/24 23:59	2019/3/21 0:00	2019/3/24 23:59				6	1	30	4	"1,1,45121,10;2,1,45037,10;3,1,45121,10"	1	98	4	"1,0,1181,1,1,1,0;2,0,1129,1,1,1,0;3,0,1181,1,1,1,0"	1	98	4	"1,0,1013,1,1,1,0;2,0,1265,1,1,1,0;3,0,1013,1,1,1,0"																						1
2669	135	惊喜放送	充值领奖(可选择奖励）	0	1	2019/3/28 0:00	2019/3/31 23:59	2019/3/28 0:00	2019/3/31 23:59				6	1	30	4	"1,1,45121,10;2,1,45037,10;3,1,45121,10"	1	98	4	"1,0,1181,1,1,1,0;2,0,1129,1,1,1,0;3,0,1181,1,1,1,0"	1	98	4	"1,0,1013,1,1,1,0;2,0,1265,1,1,1,0;3,0,1013,1,1,1,0"																						1
2670	34	单充返利	单充返利	0	1	2019/3/16 0:00	2019/3/17 23:59	2019/3/16 0:00	2019/3/17 23:59				5	0	98	3	"1,90,10000000;"	0	328	3	"1,90,25000000;"	0	648	3	"1,90,50000000;"																						1
2671	34	单充返利	单充返利	0	1	2019/3/20 0:00	2019/3/22 23:59	2019/3/20 0:00	2019/3/22 23:59				5	0	98	3	"1,90,10000000;1,60204,1000;"	0	328	3	"1,90,25000000;1,60204,2500;"	0	648	3	"1,90,50000000;1,60204,5000;"																						1
2672	34	单充返利	单充返利	0	1	2019/3/23 0:00	2019/3/24 23:59	2019/3/23 0:00	2019/3/24 23:59				5	0	98	3	"1,90,10000000;1,94,10000000;"	0	328	3	"1,90,25000000;1,94,20000000;"	0	648	3	"1,90,50000000;1,94,50000000;"																						1
2673	34	单充返利	单充返利	0	1	2019/3/27 0:00	2019/3/29 23:59	2019/3/27 0:00	2019/3/29 23:59				5	0	98	3	"1,90,10000000;1,200,5;"	0	328	3	"1,90,25000000;1,200,10;"	0	648	3	"1,90,50000000;1,200,15;"																						1
2674	35	连续充值	连续充值	0	1	2019/3/18 0:00	2019/3/20 23:59	2019/3/18 0:00	2019/3/20 23:59				7	0	98	3	"1,90,5000000;1,91,50;"	0	98	3	"1,90,5000000;1,91,120;"	0	98	3	"1,90,5000000;1,16032,1;"																						1
2675	35	连续充值	连续充值	0	1	2019/3/25 0:00	2019/3/27 23:59	2019/3/25 0:00	2019/3/27 23:59				7	0	98	3	"1,90,5000000;1,91,50;"	0	98	3	"1,90,5000000;1,91,120;"	0	98	3	"1,90,5000000;1,16033,1;"																						1
2676	30	充值返利	充值返利(单次)	0	1	2019/3/30 0:00	2019/3/31 23:59	2019/3/30 0:00	2019/3/31 23:59				5	0	98	3	"1,16018,1;"	0	198	3	"1,98,35;1,94,30000000;"	0	648	3	"0,1386,1,1,1,2;1,98,35;"																						0
2677	31	充值返利	充值返利(单次+累计)	0	1	2019/3/30 0:00	2019/3/31 23:59	2019/3/30 0:00	2019/3/31 23:59				1	0	100	3	"1,60204,500;1,91,500;"	0	300	3	"1,60204,800;1,91,1000;"	0	500	3	"1,60204,1000;1,91,2500;"	0	1000	3	"1,60204,2000;1,91,5000;"																	30	1
2678	30	充值返利	充值返利(单次)	0	1	2019/4/6 0:00	2019/4/7 23:59	2019/4/6 0:00	2019/4/7 23:59				5	0	98	3	"1,16018,1;"	0	198	3	"1,25009,1;1,45229,15;"	0	648	3	"1,25007,1;1,25008,1;"																						0
2679	31	充值返利	充值返利(单次+累计)	0	1	2019/4/6 0:00	2019/4/7 23:59	2019/4/6 0:00	2019/4/7 23:59				1	0	100	3	"1,60204,500;1,91,500;"	0	300	3	"1,60204,800;1,91,1000;"	0	500	3	"1,60204,1000;1,91,2500;"	0	1000	3	"1,60204,2000;1,91,5000;"																	30	1
2680	33	金币豪礼(盛开的金盏花)	累充返利	0	1	2019/3/30 0:00	2019/3/31 23:59	2019/3/30 0:00	2019/3/31 23:59				1	0	6	3	"1,90,200000;1,50001,10"	0	30	3	"1,90,500000;1,50001,50"	0	100	3	"1,90,3000000;1,50001,100"	0	200	3	"1,90,5000000;1,50001,240"	0	500	3	"1,90,10000000;1,50001,900"														1
2681	33	金币豪礼(盛开的金盏花)	累充返利	0	1	2019/4/6 0:00	2019/4/7 23:59	2019/4/6 0:00	2019/4/7 23:59				1	0	6	3	"1,90,200000;1,50001,10"	0	30	3	"1,90,500000;1,50001,50"	0	100	3	"1,90,3000000;1,50001,100"	0	200	3	"1,90,5000000;1,50001,240"	0	500	3	"1,90,10000000;1,50001,900"														1
2682	136	觉醒时刻	累计消耗钻石领奖	0	1	2019/3/30 0:00	2019/3/31 23:59	2019/3/30 0:00	2019/3/31 23:59				2	0	500	3	"1,60204,500;1,45265,5"	0	2000	3	"1,60204,500;1,45265,10"	0	5000	3	"1,60204,1000;1,1,16012,1;"	0	10000	3	"1,60204,2000;1,1,16018,1;"																		1
2683	136	觉醒时刻	累计消耗钻石领奖	0	1	2019/4/6 0:00	2019/4/7 23:59	2019/4/6 0:00	2019/4/7 23:59				2	0	500	3	"1,60204,500;1,45181,5"	0	2000	3	"1,60204,500;1,45181,10"	0	5000	3	"1,60204,1000;1,1,16008,1;"	0	10000	3	"1,60204,2000;1,1,16014,1;"																		1
2684	120	登陆赠礼(登陆赠礼)	活动期间每日登录游戏均可领取奖励	0	1	2019/3/30 0:00	2019/3/31 23:59	2019/3/30 0:00	2019/3/31 23:59				4	0	1	3	"1,90,1000000;1,50001,150;1,91,200;"	0	2	3	"1,90,1000000;1,50001,150;1,91,200;"																										1
2685	120	登陆赠礼(登陆赠礼)	活动期间每日登录游戏均可领取奖励	0	1	2019/4/6 0:00	2019/4/7 23:59	2019/4/6 0:00	2019/4/7 23:59				4	0	1	3	"1,90,1000000;1,50001,150;1,91,200;"	0	2	3	"1,90,1000000;1,50001,150;1,91,200;"																										1
2686	32	累充送礼	累充送礼	0	1	2019/4/1 0:00	2019/4/5 23:59	2019/4/1 0:00	2019/4/5 23:59				1	0	100	3	"1,91,333;1,16014,1;"	0	200	3	"1,16028,1;1,16029,1;"	0	500	3	"1,25007,1;1,90,10000000;0,1193,1,1,1,0;"	0	800	3	"1,98,30;"	0	1000	3	"1,25008,1;0,1386,1,1,1,2;1,90,30000000;"	0	1500	3	"1,25009,1;1,16035,1;"										1
2687	32	累充送礼	累充送礼	0	1	2019/4/8 0:00	2019/4/12 23:59	2019/4/8 0:00	2019/4/12 23:59				1	0	100	3	"1,91,333;1,16018,1;"	0	200	3	"1,94,10000000;1,25001,1;"	0	500	3	"1,25007,1;1,90,10000000;1,98,15;"	0	800	3	"1,99,20;1,25002,1;"	0	1000	3	"1,25008,1;0,1374,1,1,1,2;1,25003,1;"	0	1500	3	"1,25009,1;1,16031,1;"										1
2688	33	金币豪礼(盛开的太阳花)	累充返利	0	1	2019/4/1 0:00	2019/4/5 23:59	2019/4/1 0:00	2019/4/5 23:59				1	0	6	3	"1,94,200000;1,50001,10"	0	30	3	"1,94,500000;1,50001,50"	0	100	3	"1,94,3000000;1,50001,100"	0	200	3	"1,94,5000000;1,50001,240"	0	500	3	"1,94,10000000;1,50001,900"														1
2689	33	金币豪礼(盛开的太阳花)	累充返利	0	1	2019/4/8 0:00	2019/4/12 23:59	2019/4/8 0:00	2019/4/12 23:59				1	0	6	3	"1,94,200000;1,50001,10"	0	30	3	"1,94,500000;1,50001,50"	0	100	3	"1,94,3000000;1,50001,100"	0	200	3	"1,94,5000000;1,50001,240"	0	500	3	"1,94,10000000;1,50001,900"														1
2690	140	稀有植物	稀有植物	0	20	2019/4/1 0:00	2019/4/5 23:59	2019/4/1 0:00	2019/4/5 23:59	"21408,60|21407,60|21406,60|21401,60|21402,60|21405,90|21403,60|21404,60|"			1	0	100	3	"0,1338,1"																														1
2691	140	稀有植物	稀有植物	0	20	2019/4/8 0:00	2019/4/12 23:59	2019/4/8 0:00	2019/4/12 23:59	"21408,60|21407,60|21406,60|21401,60|21402,60|21405,90|21403,60|21404,60|"			1	0	100	3	"0,1338,1"																														1
2692	147	魔法限购	魔法限购	0	20	2019/3/30 0:00	2019/4/5 23:59	2019/3/30 0:00	2019/4/5 23:59				0	1	"300,80"	0	"1,35001,5;1,35002,5;1,35003,5;1,35004,5;1,35005,5;1,35006,5;1,35007,5;1,35008,5;1,35009,5;"	1	"250,70"	0	"1,45277,5;1,45145,5;1,45181,5;"	1	"150,50"	0	"1,34001,5;1,34002,5;1,34003,5;1,34004,5;1,34005,5;1,34006,5;1,34007,5;1,34008,5;1,34009,5;"																						1
2693	147	魔法限购	魔法限购	0	20	2019/4/6 0:00	2019/4/12 23:59	2019/4/6 0:00	2019/4/12 23:59				0	1	"300,80"	0	"1,35001,5;1,35002,5;1,35003,5;1,35004,5;1,35005,5;1,35006,5;1,35007,5;1,35008,5;1,35009,5;"	1	"250,70"	0	"1,45277,5;1,45145,5;1,45181,5;"	1	"150,50"	0	"1,34001,5;1,34002,5;1,34003,5;1,34004,5;1,34005,5;1,34006,5;1,34007,5;1,34008,5;1,34009,5;"																						1
2694	135	惊喜放送	充值领奖(可选择奖励）	0	1	2019/4/4 0:00	2019/4/7 23:59	2019/4/4 0:00	2019/4/7 23:59				6	1	30	4	"1,1,45121,10;2,1,45037,10;3,1,45121,10"	1	98	4	"1,0,1181,1,1,1,0;2,0,1129,1,1,1,0;3,0,1181,1,1,1,0"	1	98	4	"1,0,1013,1,1,1,0;2,0,1265,1,1,1,0;3,0,1013,1,1,1,0"																						1
2695	135	惊喜放送	充值领奖(可选择奖励）	0	1	2019/4/11 0:00	2019/4/14 23:59	2019/4/11 0:00	2019/4/14 23:59				6	1	30	4	"1,1,45121,10;2,1,45037,10;3,1,45121,10"	1	98	4	"1,0,1181,1,1,1,0;2,0,1129,1,1,1,0;3,0,1181,1,1,1,0"	1	98	4	"1,0,1013,1,1,1,0;2,0,1265,1,1,1,0;3,0,1013,1,1,1,0"																						1
2696	34	单充返利	单充返利	0	1	2019/3/30 0:00	2019/3/31 23:59	2019/3/30 0:00	2019/3/31 23:59				5	0	98	3	"1,90,10000000;"	0	328	3	"1,90,25000000;"	0	648	3	"1,90,50000000;"																						1
2697	34	单充返利	单充返利	0	1	2019/4/3 0:00	2019/4/5 23:59	2019/4/3 0:00	2019/4/5 23:59				5	0	98	3	"1,90,10000000;1,60204,1000;"	0	328	3	"1,90,25000000;1,60204,2500;"	0	648	3	"1,90,50000000;1,60204,5000;"																						1
2698	34	单充返利	单充返利	0	1	2019/4/6 0:00	2019/4/7 23:59	2019/4/6 0:00	2019/4/7 23:59				5	0	98	3	"1,90,10000000;1,94,10000000;"	0	328	3	"1,90,25000000;1,94,20000000;"	0	648	3	"1,90,50000000;1,94,50000000;"																						1
2699	34	单充返利	单充返利	0	1	2019/4/10 0:00	2019/4/12 23:59	2019/4/10 0:00	2019/4/12 23:59				5	0	98	3	"1,90,10000000;1,200,5;"	0	328	3	"1,90,25000000;1,200,10;"	0	648	3	"1,90,50000000;1,200,15;"																						1
2700	35	连续充值	连续充值	0	1	2019/4/1 0:00	2019/4/3 23:59	2019/4/1 0:00	2019/4/3 23:59				7	0	98	3	"1,90,5000000;1,91,50;"	0	98	3	"1,90,5000000;1,91,120;"	0	98	3	"1,90,5000000;1,16032,1;"																						1
2701	35	连续充值	连续充值	0	1	2019/4/8 0:00	2019/4/10 23:59	2019/4/8 0:00	2019/4/10 23:59				7	0	98	3	"1,90,5000000;1,91,50;"	0	98	3	"1,90,5000000;1,91,120;"	0	98	3	"1,90,5000000;1,16033,1;"																						1
2702	30	充值返利	充值返利(单次)	0	1	2019/4/13 0:00	2019/4/14 23:59	2019/4/13 0:00	2019/4/14 23:59				5	0	98	3	"1,16018,1;"	0	198	3	"1,98,35;1,94,30000000;"	0	648	3	"0,1386,1,1,1,2;1,98,35;"																						0
2703	31	充值返利	充值返利(单次+累计)	0	1	2019/4/13 0:00	2019/4/14 23:59	2019/4/13 0:00	2019/4/14 23:59				1	0	100	3	"1,60204,500;1,91,500;"	0	300	3	"1,60204,800;1,91,1000;"	0	500	3	"1,60204,1000;1,91,2500;"	0	1000	3	"1,60204,2000;1,91,5000;"																	30	1
2704	30	充值返利	充值返利(单次)	0	1	2019/4/20 0:00	2019/4/21 23:59	2019/4/20 0:00	2019/4/21 23:59				5	0	98	3	"1,16018,1;"	0	198	3	"1,25009,1;1,45229,15;"	0	648	3	"1,25007,1;1,25008,1;"																						0
2705	31	充值返利	充值返利(单次+累计)	0	1	2019/4/20 0:00	2019/4/21 23:59	2019/4/20 0:00	2019/4/21 23:59				1	0	100	3	"1,60204,500;1,91,500;"	0	300	3	"1,60204,800;1,91,1000;"	0	500	3	"1,60204,1000;1,91,2500;"	0	1000	3	"1,60204,2000;1,91,5000;"																	30	1
2706	33	金币豪礼(盛开的金盏花)	累充返利	0	1	2019/4/13 0:00	2019/4/14 23:59	2019/4/13 0:00	2019/4/14 23:59				1	0	6	3	"1,90,200000;1,50001,10"	0	30	3	"1,90,500000;1,50001,50"	0	100	3	"1,90,3000000;1,50001,100"	0	200	3	"1,90,5000000;1,50001,240"	0	500	3	"1,90,10000000;1,50001,900"														1
2707	33	金币豪礼(盛开的金盏花)	累充返利	0	1	2019/4/20 0:00	2019/4/21 23:59	2019/4/20 0:00	2019/4/21 23:59				1	0	6	3	"1,90,200000;1,50001,10"	0	30	3	"1,90,500000;1,50001,50"	0	100	3	"1,90,3000000;1,50001,100"	0	200	3	"1,90,5000000;1,50001,240"	0	500	3	"1,90,10000000;1,50001,900"														1
2708	136	觉醒时刻	累计消耗钻石领奖	0	1	2019/4/13 0:00	2019/4/14 23:59	2019/4/13 0:00	2019/4/14 23:59				2	0	500	3	"1,60204,500;1,45265,5"	0	2000	3	"1,60204,500;1,45265,10"	0	5000	3	"1,60204,1000;1,1,16012,1;"	0	10000	3	"1,60204,2000;1,1,16018,1;"																		1
2709	136	觉醒时刻	累计消耗钻石领奖	0	1	2019/4/20 0:00	2019/4/21 23:59	2019/4/20 0:00	2019/4/21 23:59				2	0	500	3	"1,60204,500;1,45181,5"	0	2000	3	"1,60204,500;1,45181,10"	0	5000	3	"1,60204,1000;1,1,16008,1;"	0	10000	3	"1,60204,2000;1,1,16014,1;"																		1
2710	120	登陆赠礼(登陆赠礼)	活动期间每日登录游戏均可领取奖励	0	1	2019/4/13 0:00	2019/4/14 23:59	2019/4/13 0:00	2019/4/14 23:59				4	0	1	3	"1,90,1000000;1,50001,150;1,91,200;"	0	2	3	"1,90,1000000;1,50001,150;1,91,200;"																										1
2711	120	登陆赠礼(登陆赠礼)	活动期间每日登录游戏均可领取奖励	0	1	2019/4/20 0:00	2019/4/21 23:59	2019/4/20 0:00	2019/4/21 23:59				4	0	1	3	"1,90,1000000;1,50001,150;1,91,200;"	0	2	3	"1,90,1000000;1,50001,150;1,91,200;"																										1
2712	32	累充送礼	累充送礼	0	1	2019/4/15 0:00	2019/4/19 23:59	2019/4/15 0:00	2019/4/19 23:59				1	0	100	3	"1,91,333;1,16014,1;"	0	200	3	"1,16028,1;1,16029,1;"	0	500	3	"1,25007,1;1,90,10000000;0,1193,1,1,1,0;"	0	800	3	"1,98,30;"	0	1000	3	"1,25008,1;0,1386,1,1,1,2;1,90,30000000;"	0	1500	3	"1,25009,1;1,16035,1;"										1
2713	32	累充送礼	累充送礼	0	1	2019/4/22 0:00	2019/4/26 23:59	2019/4/22 0:00	2019/4/26 23:59				1	0	100	3	"1,91,333;1,16018,1;"	0	200	3	"1,94,10000000;1,25001,1;"	0	500	3	"1,25007,1;1,90,10000000;1,98,15;"	0	800	3	"1,99,20;1,25002,1;"	0	1000	3	"1,25008,1;0,1229,1,1,1,2;1,25003,1;"	0	1500	3	"1,25009,1;1,16031,1;"										1
2714	33	金币豪礼(盛开的太阳花)	累充返利	0	1	2019/4/15 0:00	2019/4/19 23:59	2019/4/15 0:00	2019/4/19 23:59				1	0	6	3	"1,94,200000;1,50001,10"	0	30	3	"1,94,500000;1,50001,50"	0	100	3	"1,94,3000000;1,50001,100"	0	200	3	"1,94,5000000;1,50001,240"	0	500	3	"1,94,10000000;1,50001,900"														1
2715	33	金币豪礼(盛开的太阳花)	累充返利	0	1	2019/4/22 0:00	2019/4/26 23:59	2019/4/22 0:00	2019/4/26 23:59				1	0	6	3	"1,94,200000;1,50001,10"	0	30	3	"1,94,500000;1,50001,50"	0	100	3	"1,94,3000000;1,50001,100"	0	200	3	"1,94,5000000;1,50001,240"	0	500	3	"1,94,10000000;1,50001,900"														1
2716	140	稀有植物	稀有植物	0	20	2019/4/15 0:00	2019/4/19 23:59	2019/4/15 0:00	2019/4/19 23:59	"21408,60|21407,60|21406,60|21401,60|21402,60|21405,90|21403,60|21404,60|"			1	0	100	3	"0,1338,1"																														1
2717	140	稀有植物	稀有植物	0	20	2019/4/22 0:00	2019/4/26 23:59	2019/4/22 0:00	2019/4/26 23:59	"21408,60|21407,60|21406,60|21401,60|21402,60|21405,90|21403,60|21404,60|"			1	0	100	3	"0,1338,1"																														1
2718	147	魔法限购	魔法限购	0	20	2019/4/12 0:00	2019/4/19 23:59	2019/4/12 0:00	2019/4/19 23:59				0	1	"300,80"	0	"1,35001,5;1,35002,5;1,35003,5;1,35004,5;1,35005,5;1,35006,5;1,35007,5;1,35008,5;1,35009,5;"	1	"250,70"	0	"1,45277,5;1,45145,5;1,45181,5;"	1	"150,50"	0	"1,34001,5;1,34002,5;1,34003,5;1,34004,5;1,34005,5;1,34006,5;1,34007,5;1,34008,5;1,34009,5;"																						1
2719	147	魔法限购	魔法限购	0	20	2019/4/20 0:00	2019/4/26 23:59	2019/4/20 0:00	2019/4/26 23:59				0	1	"300,80"	0	"1,35001,5;1,35002,5;1,35003,5;1,35004,5;1,35005,5;1,35006,5;1,35007,5;1,35008,5;1,35009,5;"	1	"250,70"	0	"1,45277,5;1,45145,5;1,45181,5;"	1	"150,50"	0	"1,34001,5;1,34002,5;1,34003,5;1,34004,5;1,34005,5;1,34006,5;1,34007,5;1,34008,5;1,34009,5;"																						1
2720	135	惊喜放送	充值领奖(可选择奖励）	0	1	2019/4/18 0:00	2019/4/21 23:59	2019/4/18 0:00	2019/4/21 23:59				6	1	30	4	"1,1,45121,10;2,1,45037,10;3,1,45121,10"	1	98	4	"1,0,1181,1,1,1,0;2,0,1129,1,1,1,0;3,0,1181,1,1,1,0"	1	98	4	"1,0,1013,1,1,1,0;2,0,1265,1,1,1,0;3,0,1013,1,1,1,0"																						1
2721	135	惊喜放送	充值领奖(可选择奖励）	0	1	2019/4/25 0:00	2019/4/28 23:59	2019/4/25 0:00	2019/4/28 23:59				6	1	30	4	"1,1,45121,10;2,1,45037,10;3,1,45121,10"	1	98	4	"1,0,1181,1,1,1,0;2,0,1129,1,1,1,0;3,0,1181,1,1,1,0"	1	98	4	"1,0,1013,1,1,1,0;2,0,1265,1,1,1,0;3,0,1013,1,1,1,0"																						1
2722	34	单充返利	单充返利	0	1	2019/4/13 0:00	2019/4/14 23:59	2019/4/13 0:00	2019/4/14 23:59				5	0	98	3	"1,90,10000000;"	0	328	3	"1,90,25000000;"	0	648	3	"1,90,50000000;"																						1
2723	34	单充返利	单充返利	0	1	2019/4/17 0:00	2019/4/19 23:59	2019/4/17 0:00	2019/4/19 23:59				5	0	98	3	"1,90,10000000;1,60204,1000;"	0	328	3	"1,90,25000000;1,60204,2500;"	0	648	3	"1,90,50000000;1,60204,5000;"																						1
2724	34	单充返利	单充返利	0	1	2019/4/20 0:00	2019/4/21 23:59	2019/4/20 0:00	2019/4/21 23:59				5	0	98	3	"1,90,10000000;1,94,10000000;"	0	328	3	"1,90,25000000;1,94,20000000;"	0	648	3	"1,90,50000000;1,94,50000000;"																						1
2725	34	单充返利	单充返利	0	1	2019/4/24 0:00	2019/4/26 23:59	2019/4/24 0:00	2019/4/26 23:59				5	0	98	3	"1,90,10000000;1,200,5;"	0	328	3	"1,90,25000000;1,200,10;"	0	648	3	"1,90,50000000;1,200,15;"																						1
2726	35	连续充值	连续充值	0	1	2019/4/15 0:00	2019/4/17 23:59	2019/4/15 0:00	2019/4/17 23:59				7	0	98	3	"1,90,5000000;1,91,50;"	0	98	3	"1,90,5000000;1,91,120;"	0	98	3	"1,90,5000000;1,16032,1;"																						1
2727	35	连续充值	连续充值	0	1	2019/4/22 0:00	2019/4/24 23:59	2019/4/22 0:00	2019/4/24 23:59				7	0	98	3	"1,90,5000000;1,91,50;"	0	98	3	"1,90,5000000;1,91,120;"	0	98	3	"1,90,5000000;1,16033,1;"																						1
2728	30	充值返利	充值返利(单次)	0	1	2019/4/27 0:00	2019/4/28 23:59	2019/4/27 0:00	2019/4/28 23:59				5	0	98	3	"1,16018,1;"	0	198	3	"1,25007,1;1,25008,1;"	0	648	3	"0,1229,1,1,1,2;1,25009,1;"																						0
2729	31	充值返利	充值返利(单次+累计)	0	1	2019/4/27 0:00	2019/4/28 23:59	2019/4/27 0:00	2019/4/28 23:59				1	0	100	3	"1,60204,500;1,91,500;"	0	300	3	"1,60204,800;1,91,1000;"	0	500	3	"1,60204,1000;1,91,2500;"	0	1000	3	"1,60204,2000;1,91,5000;"																	30	1
2730	30	充值返利	充值返利(单次)	0	1	2019/5/4 0:00	2019/5/5 23:59	2019/5/4 0:00	2019/5/5 23:59				5	0	98	3	"1,16018,1;"	0	198	3	"1,25009,1;1,45229,25;"	0	648	3	"1,25007,1;1,25008,1;"																						0
2731	31	充值返利	充值返利(单次+累计)	0	1	2019/5/4 0:00	2019/5/5 23:59	2019/5/4 0:00	2019/5/5 23:59				1	0	100	3	"1,60204,500;1,91,500;"	0	300	3	"1,60204,800;1,91,1000;"	0	500	3	"1,60204,1000;1,91,2500;"	0	1000	3	"1,60204,2000;1,91,5000;"																	30	1
2732	33	金币豪礼(盛开的金盏花)	累充返利	0	1	2019/4/27 0:00	2019/4/28 23:59	2019/4/27 0:00	2019/4/28 23:59				1	0	6	3	"1,90,200000;1,50001,10"	0	30	3	"1,90,500000;1,50001,50"	0	100	3	"1,90,3000000;1,50001,100"	0	200	3	"1,90,5000000;1,50001,240"	0	500	3	"1,90,10000000;1,50001,900"														1
2733	33	金币豪礼(盛开的金盏花)	累充返利	0	1	2019/5/4 0:00	2019/5/5 23:59	2019/5/4 0:00	2019/5/5 23:59				1	0	6	3	"1,90,200000;1,50001,10"	0	30	3	"1,90,500000;1,50001,50"	0	100	3	"1,90,3000000;1,50001,100"	0	200	3	"1,90,5000000;1,50001,240"	0	500	3	"1,90,10000000;1,50001,900"														1
2734	136	觉醒时刻	累计消耗钻石领奖	0	1	2019/4/27 0:00	2019/4/28 23:59	2019/4/27 0:00	2019/4/28 23:59				2	0	500	3	"1,60204,500;1,45265,5"	0	2000	3	"1,60204,500;1,45265,10"	0	5000	3	"1,60204,1000;1,1,16012,1;"	0	10000	3	"1,60204,2000;1,1,16018,1;"																		1
2735	136	觉醒时刻	累计消耗钻石领奖	0	1	2019/5/4 0:00	2019/5/5 23:59	2019/5/4 0:00	2019/5/5 23:59				2	0	500	3	"1,60204,500;1,45181,5"	0	2000	3	"1,60204,500;1,45181,10"	0	5000	3	"1,60204,1000;1,1,16008,1;"	0	10000	3	"1,60204,2000;1,1,16014,1;"																		1
2736	120	登陆赠礼(登陆赠礼)	活动期间每日登录游戏均可领取奖励	0	1	2019/4/27 0:00	2019/4/28 23:59	2019/4/27 0:00	2019/4/28 23:59				4	0	1	3	"1,90,1000000;1,50001,150;1,91,200;"	0	2	3	"1,90,1000000;1,50001,150;1,91,200;"																										1
2737	120	登陆赠礼(登陆赠礼)	活动期间每日登录游戏均可领取奖励	0	1	2019/5/4 0:00	2019/5/5 23:59	2019/5/4 0:00	2019/5/5 23:59				4	0	1	3	"1,90,1000000;1,50001,150;1,91,200;"	0	2	3	"1,90,1000000;1,50001,150;1,91,200;"																										1
2738	32	累充送礼	累充送礼	0	1	2019/4/29 0:00	2019/5/3 23:59	2019/4/29 0:00	2019/5/3 23:59				1	0	100	3	"1,91,333;1,16014,1;"	0	200	3	"1,16028,1;1,16029,1;"	0	500	3	"1,90,10000000;0,1193,1,1,1,0;"	0	800	3	"1,98,30;1,25007,1;"	0	1000	3	"1,25008,1;0,1386,1,1,1,2;1,90,30000000;"	0	1500	3	"1,25009,1;1,16035,1;"										1
2739	32	累充送礼	累充送礼	0	1	2019/5/6 0:00	2019/5/10 23:59	2019/5/6 0:00	2019/5/10 23:59				1	0	100	3	"1,91,333;1,16018,1;"	0	200	3	"1,94,10000000;1,25001,1;"	0	500	3	"1,25002,1;1,90,10000000;1,98,15;"	0	800	3	"1,99,20;1,25008,1;"	0	1000	3	"1,25009,1;0,1362,1,1,1,2;1,25003,1;"	0	1500	3	"1,25007,1;1,16031,1;"										1
2740	33	金币豪礼(盛开的太阳花)	累充返利	0	1	2019/4/29 0:00	2019/5/3 23:59	2019/4/29 0:00	2019/5/3 23:59				1	0	6	3	"1,94,200000;1,50001,10"	0	30	3	"1,94,500000;1,50001,50"	0	100	3	"1,94,3000000;1,50001,100"	0	200	3	"1,94,5000000;1,50001,240"	0	500	3	"1,94,10000000;1,50001,900"														1
2741	33	金币豪礼(盛开的太阳花)	累充返利	0	1	2019/5/6 0:00	2019/5/10 23:59	2019/5/6 0:00	2019/5/10 23:59				1	0	6	3	"1,94,200000;1,50001,10"	0	30	3	"1,94,500000;1,50001,50"	0	100	3	"1,94,3000000;1,50001,100"	0	200	3	"1,94,5000000;1,50001,240"	0	500	3	"1,94,10000000;1,50001,900"														1
2742	140	稀有植物	稀有植物	0	20	2019/4/29 0:00	2019/5/3 23:59	2019/4/29 0:00	2019/5/3 23:59	"21408,60|21407,60|21406,60|21401,60|21402,60|21405,90|21403,60|21404,60|"			1	0	100	3	"0,1338,1"																														1
2743	140	稀有植物	稀有植物	0	20	2019/5/6 0:00	2019/5/10 23:59	2019/5/6 0:00	2019/5/10 23:59	"21408,60|21407,60|21406,60|21401,60|21402,60|21405,90|21403,60|21404,60|"			1	0	100	3	"0,1338,1"																														1
2744	147	魔法限购	魔法限购	0	20	2019/4/27 0:00	2019/5/3 23:59	2019/4/27 0:00	2019/5/3 23:59				0	1	"300,80"	0	"1,35001,5;1,35002,5;1,35003,5;1,35004,5;1,35005,5;1,35006,5;1,35007,5;1,35008,5;1,35009,5;"	1	"250,70"	0	"1,45277,5;1,45145,5;1,45181,5;"	1	"150,50"	0	"1,34001,5;1,34002,5;1,34003,5;1,34004,5;1,34005,5;1,34006,5;1,34007,5;1,34008,5;1,34009,5;"																						1
2745	147	魔法限购	魔法限购	0	20	2019/5/4 0:00	2019/5/10 23:59	2019/5/4 0:00	2019/5/10 23:59				0	1	"300,80"	0	"1,35001,5;1,35002,5;1,35003,5;1,35004,5;1,35005,5;1,35006,5;1,35007,5;1,35008,5;1,35009,5;"	1	"250,70"	0	"1,45277,5;1,45145,5;1,45181,5;"	1	"150,50"	0	"1,34001,5;1,34002,5;1,34003,5;1,34004,5;1,34005,5;1,34006,5;1,34007,5;1,34008,5;1,34009,5;"																						1
2746	135	惊喜放送	充值领奖(可选择奖励）	0	1	2019/5/2 0:00	2019/5/5 23:59	2019/5/2 0:00	2019/5/5 23:59				6	1	30	4	"1,1,45121,10;2,1,45037,10;3,1,45121,10"	1	98	4	"1,0,1181,1,1,1,0;2,0,1129,1,1,1,0;3,0,1181,1,1,1,0"	1	98	4	"1,0,1013,1,1,1,0;2,0,1265,1,1,1,0;3,0,1013,1,1,1,0"																						1
2747	135	惊喜放送	充值领奖(可选择奖励）	0	1	2019/5/9 0:00	2019/5/12 23:59	2019/5/9 0:00	2019/5/12 23:59				6	1	30	4	"1,1,45121,10;2,1,45037,10;3,1,45121,10"	1	98	4	"1,0,1181,1,1,1,0;2,0,1129,1,1,1,0;3,0,1181,1,1,1,0"	1	98	4	"1,0,1013,1,1,1,0;2,0,1265,1,1,1,0;3,0,1013,1,1,1,0"																						1
2748	34	单充返利	单充返利	0	1	2019/4/27 0:00	2019/4/28 23:59	2019/4/27 0:00	2019/4/28 23:59				5	0	98	3	"1,90,10000000;"	0	328	3	"1,90,25000000;"	0	648	3	"1,90,50000000;"																						1
2749	34	单充返利	单充返利	0	1	2019/5/1 0:00	2019/5/3 23:59	2019/5/1 0:00	2019/5/3 23:59				5	0	98	3	"1,90,10000000;1,60204,1000;"	0	328	3	"1,90,25000000;1,60204,2500;"	0	648	3	"1,90,50000000;1,60204,5000;"																						1
2750	34	单充返利	单充返利	0	1	2019/5/4 0:00	2019/5/5 23:59	2019/5/4 0:00	2019/5/5 23:59				5	0	98	3	"1,90,10000000;1,94,10000000;"	0	328	3	"1,90,25000000;1,94,20000000;"	0	648	3	"1,90,50000000;1,94,50000000;"																						1
2751	34	单充返利	单充返利	0	1	2019/5/8 0:00	2019/5/10 23:59	2019/5/8 0:00	2019/5/10 23:59				5	0	98	3	"1,90,10000000;1,200,5;"	0	328	3	"1,90,25000000;1,200,10;"	0	648	3	"1,90,50000000;1,200,15;"																						1
2752	35	连续充值	连续充值	0	1	2019/4/29 0:00	2019/5/1 23:59	2019/4/29 0:00	2019/5/1 23:59				7	0	98	3	"1,90,5000000;1,91,50;"	0	98	3	"1,90,5000000;1,91,120;"	0	98	3	"1,90,5000000;1,16032,1;"																						1
2753	35	连续充值	连续充值	0	1	2019/5/6 0:00	2019/5/8 23:59	2019/5/6 0:00	2019/5/8 23:59				7	0	98	3	"1,90,5000000;1,91,50;"	0	98	3	"1,90,5000000;1,91,120;"	0	98	3	"1,90,5000000;1,16033,1;"																						1
2754	30	充值返利	充值返利(单次)	0	1	2019/5/11 0:00	2019/5/12 23:59	2019/5/11 0:00	2019/5/12 23:59				5	0	98	3	"1,16018,1;"	0	198	3	"1,25007,1;0,1386,1,1,1,2;"	0	648	3	"1,25009,1;1,25008,1;"																						0
2755	31	充值返利	充值返利(单次+累计)	0	1	2019/5/11 0:00	2019/5/12 23:59	2019/5/11 0:00	2019/5/12 23:59				1	0	100	3	"1,60204,500;1,91,500;"	0	300	3	"1,60204,800;1,91,1000;"	0	500	3	"1,60204,1000;1,91,2500;"	0	1000	3	"1,60204,2000;1,91,5000;"																	30	1
2756	30	充值返利	充值返利(单次)	0	1	2019/5/18 0:00	2019/5/19 23:59	2019/5/18 0:00	2019/5/19 23:59				5	0	98	3	"1,16018,1;"	0	198	3	"1,25009,1;1,45350,25;"	0	648	3	"1,25007,1;1,25008,1;"																						0
2757	31	充值返利	充值返利(单次+累计)	0	1	2019/5/18 0:00	2019/5/19 23:59	2019/5/18 0:00	2019/5/19 23:59				1	0	100	3	"1,60204,500;1,91,500;"	0	300	3	"1,60204,800;1,91,1000;"	0	500	3	"1,60204,1000;1,91,2500;"	0	1000	3	"1,60204,2000;1,91,5000;"																	30	1
2758	33	金币豪礼(盛开的金盏花)	累充返利	0	1	2019/5/11 0:00	2019/5/12 23:59	2019/5/11 0:00	2019/5/12 23:59				1	0	6	3	"1,90,200000;1,50001,10"	0	30	3	"1,90,500000;1,50001,50"	0	100	3	"1,90,3000000;1,50001,100"	0	200	3	"1,90,5000000;1,50001,240"	0	500	3	"1,90,10000000;1,50001,900"														1
2759	33	金币豪礼(盛开的金盏花)	累充返利	0	1	2019/5/18 0:00	2019/5/19 23:59	2019/5/18 0:00	2019/5/19 23:59				1	0	6	3	"1,90,200000;1,50001,10"	0	30	3	"1,90,500000;1,50001,50"	0	100	3	"1,90,3000000;1,50001,100"	0	200	3	"1,90,5000000;1,50001,240"	0	500	3	"1,90,10000000;1,50001,900"														1
2760	136	觉醒时刻	累计消耗钻石领奖	0	1	2019/5/11 0:00	2019/5/12 23:59	2019/5/11 0:00	2019/5/12 23:59				2	0	500	3	"1,60204,500;1,45265,5"	0	2000	3	"1,60204,500;1,45265,10"	0	5000	3	"1,60204,1000;1,1,16012,1;"	0	10000	3	"1,60204,2000;1,1,16018,1;"																		1
2761	136	觉醒时刻	累计消耗钻石领奖	0	1	2019/5/18 0:00	2019/5/19 23:59	2019/5/18 0:00	2019/5/19 23:59				2	0	500	3	"1,60204,500;1,45181,5"	0	2000	3	"1,60204,500;1,45181,10"	0	5000	3	"1,60204,1000;1,1,16008,1;"	0	10000	3	"1,60204,2000;1,1,16014,1;"																		1
2762	120	登陆赠礼(登陆赠礼)	活动期间每日登录游戏均可领取奖励	0	1	2019/5/11 0:00	2019/5/12 23:59	2019/5/11 0:00	2019/5/12 23:59				4	0	1	3	"1,90,1000000;1,50001,150;1,91,200;"	0	2	3	"1,90,1000000;1,50001,150;1,91,200;"																										1
2763	120	登陆赠礼(登陆赠礼)	活动期间每日登录游戏均可领取奖励	0	1	2019/5/18 0:00	2019/5/19 23:59	2019/5/18 0:00	2019/5/19 23:59				4	0	1	3	"1,90,1000000;1,50001,150;1,91,200;"	0	2	3	"1,90,1000000;1,50001,150;1,91,200;"																										1
2764	32	累充送礼	累充送礼	0	1	2019/5/13 0:00	2019/5/17 23:59	2019/5/13 0:00	2019/5/17 23:59				1	0	100	3	"1,91,333;1,16014,1;"	0	200	3	"1,16028,1;1,16029,1;"	0	500	3	"1,90,10000000;0,1193,1,1,1,0;"	0	800	3	"1,98,30;1,25007,1;"	0	1000	3	"1,25008,1;0,1386,1,1,1,2;1,90,30000000;"	0	1500	3	"1,25009,1;1,16035,1;"										1
2765	32	累充送礼	累充送礼	0	1	2019/5/20 0:00	2019/5/24 23:59	2019/5/20 0:00	2019/5/24 23:59				1	0	100	3	"1,91,333;1,16018,1;"	0	200	3	"1,94,10000000;1,25001,1;"	0	500	3	"1,25002,1;1,90,10000000;1,98,15;"	0	800	3	"1,99,20;1,25008,1;"	0	1000	3	"1,25009,1;0,1362,1,1,1,2;1,25003,1;"	0	1500	3	"1,25007,1;1,16031,1;"										1
2766	33	金币豪礼(盛开的太阳花)	累充返利	0	1	2019/5/13 0:00	2019/5/17 23:59	2019/5/13 0:00	2019/5/17 23:59				1	0	6	3	"1,94,200000;1,50001,10"	0	30	3	"1,94,500000;1,50001,50"	0	100	3	"1,94,3000000;1,50001,100"	0	200	3	"1,94,5000000;1,50001,240"	0	500	3	"1,94,10000000;1,50001,900"														1
2767	33	金币豪礼(盛开的太阳花)	累充返利	0	1	2019/5/20 0:00	2019/5/24 23:59	2019/5/20 0:00	2019/5/24 23:59				1	0	6	3	"1,94,200000;1,50001,10"	0	30	3	"1,94,500000;1,50001,50"	0	100	3	"1,94,3000000;1,50001,100"	0	200	3	"1,94,5000000;1,50001,240"	0	500	3	"1,94,10000000;1,50001,900"														1
2768	140	稀有植物	稀有植物	0	20	2019/5/13 0:00	2019/5/17 23:59	2019/5/13 0:00	2019/5/17 23:59	"21408,60|21407,60|21406,60|21401,60|21402,60|21405,90|21403,60|21404,60|"			1	0	100	3	"0,1338,1"																														1
2769	140	稀有植物	稀有植物	0	20	2019/5/20 0:00	2019/5/24 23:59	2019/5/20 0:00	2019/5/24 23:59	"21408,60|21407,60|21406,60|21401,60|21402,60|21405,90|21403,60|21404,60|"			1	0	100	3	"0,1338,1"																														1
2770	147	魔法限购	魔法限购	0	20	2019/5/11 0:00	2019/5/17 23:59	2019/5/11 0:00	2019/5/17 23:59				0	1	"300,80"	0	"1,35001,5;1,35002,5;1,35003,5;1,35004,5;1,35005,5;1,35006,5;1,35007,5;1,35008,5;1,35009,5;"	1	"250,70"	0	"1,45277,5;1,45145,5;1,45181,5;"	1	"150,50"	0	"1,34001,5;1,34002,5;1,34003,5;1,34004,5;1,34005,5;1,34006,5;1,34007,5;1,34008,5;1,34009,5;"																						1
2771	147	魔法限购	魔法限购	0	20	2019/5/18 0:00	2019/5/24 23:59	2019/5/18 0:00	2019/5/24 23:59				0	1	"300,80"	0	"1,35001,5;1,35002,5;1,35003,5;1,35004,5;1,35005,5;1,35006,5;1,35007,5;1,35008,5;1,35009,5;"	1	"250,70"	0	"1,45277,5;1,45145,5;1,45181,5;"	1	"150,50"	0	"1,34001,5;1,34002,5;1,34003,5;1,34004,5;1,34005,5;1,34006,5;1,34007,5;1,34008,5;1,34009,5;"																						1
2772	135	惊喜放送	充值领奖(可选择奖励）	0	1	2019/5/16 0:00	2019/5/19 23:59	2019/5/16 0:00	2019/5/19 23:59				6	1	30	4	"1,1,45121,10;2,1,45037,10;3,1,45121,10"	1	98	4	"1,0,1181,1,1,1,0;2,0,1129,1,1,1,0;3,0,1181,1,1,1,0"	1	98	4	"1,0,1013,1,1,1,0;2,0,1265,1,1,1,0;3,0,1013,1,1,1,0"																						1
2773	135	惊喜放送	充值领奖(可选择奖励）	0	1	2019/5/23 0:00	2019/5/26 23:59	2019/5/23 0:00	2019/5/26 23:59				6	1	30	4	"1,1,45121,10;2,1,45037,10;3,1,45121,10"	1	98	4	"1,0,1181,1,1,1,0;2,0,1129,1,1,1,0;3,0,1181,1,1,1,0"	1	98	4	"1,0,1013,1,1,1,0;2,0,1265,1,1,1,0;3,0,1013,1,1,1,0"																						1
2774	34	单充返利	单充返利	0	1	2019/5/11 0:00	2019/5/12 23:59	2019/5/11 0:00	2019/5/12 23:59				5	0	98	3	"1,90,10000000;"	0	328	3	"1,90,25000000;"	0	648	3	"1,90,50000000;"																						1
2775	34	单充返利	单充返利	0	1	2019/5/15 0:00	2019/5/17 23:59	2019/5/15 0:00	2019/5/17 23:59				5	0	98	3	"1,90,10000000;1,60204,1000;"	0	328	3	"1,90,25000000;1,60204,2500;"	0	648	3	"1,90,50000000;1,60204,5000;"																						1
2776	34	单充返利	单充返利	0	1	2019/5/18 0:00	2019/5/19 23:59	2019/5/18 0:00	2019/5/19 23:59				5	0	98	3	"1,90,10000000;1,94,10000000;"	0	328	3	"1,90,25000000;1,94,20000000;"	0	648	3	"1,90,50000000;1,94,50000000;"																						1
2777	34	单充返利	单充返利	0	1	2019/5/22 0:00	2019/5/24 23:59	2019/5/22 0:00	2019/5/24 23:59				5	0	98	3	"1,90,10000000;1,200,5;"	0	328	3	"1,90,25000000;1,200,10;"	0	648	3	"1,90,50000000;1,200,15;"																						1
2778	35	连续充值	连续充值	0	1	2019/5/13 0:00	2019/5/15 23:59	2019/5/13 0:00	2019/5/15 23:59				7	0	98	3	"1,90,5000000;1,91,50;"	0	98	3	"1,90,5000000;1,91,120;"	0	98	3	"1,90,5000000;1,16032,1;"																						1
2779	35	连续充值	连续充值	0	1	2019/5/20 0:00	2019/5/22 23:59	2019/5/20 0:00	2019/5/22 23:59				7	0	98	3	"1,90,5000000;1,91,50;"	0	98	3	"1,90,5000000;1,91,120;"	0	98	3	"1,90,5000000;1,16033,1;"																						1
2780	30	充值返利	充值返利(单次)	0	1	2019/5/25 0:00	2019/5/26 23:59	2019/5/25 0:00	2019/5/26 23:59				5	0	98	3	"1,16018,1;"	0	198	3	"1,25007,1;0,1398,1,1,1,0;"	0	648	3	"1,25009,1;1,25008,1;"																						0
2781	31	充值返利	充值返利(单次+累计)	0	1	2019/5/25 0:00	2019/5/26 23:59	2019/5/25 0:00	2019/5/26 23:59				1	0	100	3	"1,60204,500;1,91,500;"	0	300	3	"1,60204,800;1,91,1000;"	0	500	3	"1,60204,1000;1,91,2500;"	0	1000	3	"1,60204,2000;1,91,5000;"																	30	1
2782	30	充值返利	充值返利(单次)	0	1	2019/6/1 0:00	2019/6/2 23:59	2019/6/1 0:00	2019/6/2 23:59				5	0	98	3	"1,16014,1;"	0	198	3	"1,25007,1;1,45398,30;"	0	648	3	"1,25009,1;1,25008,1;"																						0
2783	31	充值返利	充值返利(单次+累计)	0	1	2019/6/1 0:00	2019/6/2 23:59	2019/6/1 0:00	2019/6/2 23:59				1	0	100	3	"1,60204,500;1,91,500;"	0	300	3	"1,60204,800;1,91,1000;"	0	500	3	"1,60204,1000;1,91,2500;"	0	1000	3	"1,60204,2000;1,91,5000;"																	30	1
2784	33	金币豪礼(盛开的金盏花)	累充返利	0	1	2019/5/25 0:00	2019/5/26 23:59	2019/5/25 0:00	2019/5/26 23:59				1	0	6	3	"1,90,200000;1,50001,10"	0	30	3	"1,90,500000;1,50001,50"	0	100	3	"1,90,3000000;1,50001,100"	0	200	3	"1,90,5000000;1,50001,240"	0	500	3	"1,90,10000000;1,50001,900"														1
2785	33	金币豪礼(盛开的金盏花)	累充返利	0	1	2019/6/1 0:00	2019/6/2 23:59	2019/6/1 0:00	2019/6/2 23:59				1	0	6	3	"1,90,200000;1,50001,10"	0	30	3	"1,90,500000;1,50001,50"	0	100	3	"1,90,3000000;1,50001,100"	0	200	3	"1,90,5000000;1,50001,240"	0	500	3	"1,90,10000000;1,50001,900"														1
2786	136	觉醒时刻	累计消耗钻石领奖	0	1	2019/5/25 0:00	2019/5/26 23:59	2019/5/25 0:00	2019/5/26 23:59				2	0	500	3	"1,60204,500;1,45265,5"	0	2000	3	"1,60204,500;1,45265,10"	0	5000	3	"1,60204,1000;1,1,16012,1;"	0	10000	3	"1,60204,2000;1,1,16018,1;"																		1
2787	136	觉醒时刻	累计消耗钻石领奖	0	1	2019/6/1 0:00	2019/6/2 23:59	2019/6/1 0:00	2019/6/2 23:59				2	0	500	3	"1,60204,500;1,45181,5"	0	2000	3	"1,60204,500;1,45181,10"	0	5000	3	"1,60204,1000;1,1,16008,1;"	0	10000	3	"1,60204,2000;1,1,16014,1;"																		1
2788	120	登陆赠礼(登陆赠礼)	活动期间每日登录游戏均可领取奖励	0	1	2019/5/25 0:00	2019/5/26 23:59	2019/5/25 0:00	2019/5/26 23:59				4	0	1	3	"1,90,1000000;1,50001,150;1,91,200;"	0	2	3	"1,90,1000000;1,50001,150;1,91,200;"																										1
2789	120	登陆赠礼(登陆赠礼)	活动期间每日登录游戏均可领取奖励	0	1	2019/6/1 0:00	2019/6/2 23:59	2019/6/1 0:00	2019/6/2 23:59				4	0	1	3	"1,90,1000000;1,50001,150;1,91,200;"	0	2	3	"1,90,1000000;1,50001,150;1,91,200;"																										1
2790	32	累充送礼	累充送礼	0	1	2019/5/27 0:00	2019/5/31 23:59	2019/5/27 0:00	2019/5/31 23:59				1	0	100	3	"1,91,222;1,16018,1;"	0	200	3	"1,94,10000000;1,25001,1;"	0	500	3	"1,25002,1;1,90,30000000;1,98,25;"	0	1000	3	"0,1398,1,1,1;0,1386,1,1,1,2;1,25003,1;"	0	1500	3	"1,25016,1;1,16035,1;"	0	2288	3	"1,25017,1;1,25018,1"										1
2791	32	累充送礼	累充送礼	0	1	2019/6/3 0:00	2019/6/7 23:59	2019/6/3 0:00	2019/6/7 23:59				1	0	100	3	"1,91,222;1,16018,1;"	0	200	3	"1,94,10000000;1,25007,1;1,16029,1;"	0	500	3	"1,25008,1;1,90,30000000;1,45398,35;"	0	1000	3	"0,1362,1,1,1,2;1,25009,1;1,98,25;"	0	1500	3	"1,25010,1;1,16031,1;"	0	1988	3	"1,25011,1;1,25012,1;1,99,25;"										1
2792	33	金币豪礼(盛开的太阳花)	累充返利	0	1	2019/5/27 0:00	2019/5/31 23:59	2019/5/27 0:00	2019/5/31 23:59				1	0	6	3	"1,94,200000;1,50001,10"	0	30	3	"1,94,500000;1,50001,50"	0	100	3	"1,94,3000000;1,50001,100"	0	200	3	"1,94,5000000;1,50001,240"	0	500	3	"1,94,10000000;1,50001,900"														1
2793	33	金币豪礼(盛开的太阳花)	累充返利	0	1	2019/6/3 0:00	2019/6/7 23:59	2019/6/3 0:00	2019/6/7 23:59				1	0	6	3	"1,94,200000;1,50001,10"	0	30	3	"1,94,500000;1,50001,50"	0	100	3	"1,94,3000000;1,50001,100"	0	200	3	"1,94,5000000;1,50001,240"	0	500	3	"1,94,10000000;1,50001,900"														1
2794	140	稀有植物	稀有植物	0	20	2019/5/27 0:00	2019/5/31 23:59	2019/5/27 0:00	2019/5/31 23:59	"21408,60|21407,60|21406,60|21401,60|21402,60|21405,90|21403,60|21404,60|"			1	0	100	3	"0,1338,1"																														1
2795	140	稀有植物	稀有植物	0	20	2019/6/3 0:00	2019/6/7 23:59	2019/6/3 0:00	2019/6/7 23:59	"21408,60|21407,60|21406,60|21401,60|21402,60|21405,90|21403,60|21404,60|"			1	0	100	3	"0,1338,1"																														1
2796	147	魔法限购	魔法限购	0	20	2019/5/25 0:00	2019/5/31 23:59	2019/5/25 0:00	2019/5/31 23:59				0	1	"300,80"	0	"1,35001,5;1,35002,5;1,35003,5;1,35004,5;1,35005,5;1,35006,5;1,35007,5;1,35008,5;1,35009,5;"	1	"250,70"	0	"1,45277,5;1,45145,5;1,45181,5;"	1	"150,50"	0	"1,34001,5;1,34002,5;1,34003,5;1,34004,5;1,34005,5;1,34006,5;1,34007,5;1,34008,5;1,34009,5;"																						1
2797	147	魔法限购	魔法限购	0	20	2019/6/1 0:00	2019/6/7 23:59	2019/6/1 0:00	2019/6/7 23:59				0	1	"300,80"	0	"1,35001,5;1,35002,5;1,35003,5;1,35004,5;1,35005,5;1,35006,5;1,35007,5;1,35008,5;1,35009,5;"	1	"250,70"	0	"1,45277,5;1,45145,5;1,45181,5;"	1	"150,50"	0	"1,34001,5;1,34002,5;1,34003,5;1,34004,5;1,34005,5;1,34006,5;1,34007,5;1,34008,5;1,34009,5;"																						1
2798	135	惊喜放送	充值领奖(可选择奖励）	0	1	2019/5/30 0:00	2019/6/2 23:59	2019/5/30 0:00	2019/6/2 23:59				6	1	30	4	"1,1,45121,10;2,1,45037,10;3,1,45121,10"	1	98	4	"1,0,1181,1,1,1,0;2,0,1129,1,1,1,0;3,0,1181,1,1,1,0"	1	98	4	"1,0,1013,1,1,1,0;2,0,1265,1,1,1,0;3,0,1013,1,1,1,0"																						1
2799	135	惊喜放送	充值领奖(可选择奖励）	0	1	2019/6/6 0:00	2019/6/9 23:59	2019/6/6 0:00	2019/6/9 23:59				6	1	30	4	"1,1,45121,10;2,1,45037,10;3,1,45121,10"	1	98	4	"1,0,1181,1,1,1,0;2,0,1129,1,1,1,0;3,0,1181,1,1,1,0"	1	98	4	"1,0,1013,1,1,1,0;2,0,1265,1,1,1,0;3,0,1013,1,1,1,0"																						1
2800	34	单充返利	单充返利	0	1	2019/5/25 0:00	2019/5/26 23:59	2019/5/25 0:00	2019/5/26 23:59				5	0	98	3	"1,90,10000000;1,94,10000000;"	0	328	3	"1,90,25000000;1,94,25000000;"	0	648	3	"1,90,50000000;1,94,50000000;"																						1
2801	34	单充返利	单充返利	0	1	2019/5/29 0:00	2019/5/31 23:59	2019/5/29 0:00	2019/5/31 23:59				5	0	98	3	"1,90,10000000;1,35010,5;"	0	328	3	"1,90,25000000;1,35011,10;"	0	648	3	"1,90,50000000;1,35012,15;"																						1
2802	34	单充返利	单充返利	0	1	2019/6/1 0:00	2019/6/2 23:59	2019/6/1 0:00	2019/6/2 23:59				5	0	98	3	"1,90,5000000;1,98,10;"	0	328	3	"1,90,15000000;1,45398,45;"	0	648	3	"1,90,30000000;1,16030,1;"																						1
2803	34	单充返利	单充返利	0	1	2019/6/5 0:00	2019/6/7 23:59	2019/6/5 0:00	2019/6/7 23:59				5	0	98	3	"1,90,10000000;1,35010,5;"	0	328	3	"1,90,25000000;1,35011,15;"	0	648	3	"1,90,50000000;1,35012,25;"																						1
2804	35	连续充值	连续充值	0	1	2019/5/26 0:00	2019/5/28 23:59	2019/5/26 0:00	2019/5/28 23:59				7	0	98	3	"1,90,5000000;1,91,50;"	0	98	3	"1,90,5000000;1,91,120;"	0	98	3	"1,90,5000000;1,16032,1;"																						1
2805	35	连续充值	连续充值	0	1	2019/6/2 0:00	2019/6/4 23:59	2019/6/2 0:00	2019/6/4 23:59				7	0	98	3	"1,90,5000000;1,91,50;"	0	98	3	"1,90,5000000;1,91,120;"	0	98	3	"1,90,5000000;1,16033,1;"																						1
2806	32	累充送礼	累充送礼	0	1	2019/6/8 0:00	2019/6/9 23:59	2019/6/8 0:00	2019/6/9 23:59				1	0	100	3	"1,91,222;1,16018,1;1,60204,500;"	0	250	3	"1,94,10000000;1,25009,1;1,45398,30;"	0	500	3	"0,1229,1,1,1,2;1,25008,1;1,60204,3000;"	0	800	3	"0,1386,1,1,1,2;1,25007,1;1,16030,1;"	0	1500	3	"1,25013,1;1,16031,1;1,91,5000;"	0	1988	3	"1,25014,1;1,25015,1;1,50001,1300;"										1
2807	32	累充送礼	累充送礼	0	1	2019/6/15 0:00	2019/6/16 23:59	2019/6/15 0:00	2019/6/16 23:59				1	0	100	3	"1,91,222;1,16018,1;1,90,500000;"	0	250	3	"1,91,800;1,25007,1;1,45398,30;"	0	500	3	"1,91,2000;1,25009,1;1,99,25;"	0	800	3	"1,91,3000;1,25008,1;1,99,30;"	0	1500	3	"1,25010,1;1,16031,1;1,91,5000;"	0	1988	3	"1,25011,1;1,25012,1;1,91,8000;"										1
2808	32	累充送礼	累充送礼	0	1	2019/6/10 0:00	2019/6/14 23:59	2019/6/10 0:00	2019/6/14 23:59				1	0	100	3	"1,91,222;1,16014,1;1,60204,500;"	0	250	3	"1,94,10000000;1,25004,1;1,16023,1;"	0	500	3	"0,1265,1,1,1,2;0,1398,1,1,1,0;1,90,20000000;"	0	800	3	"1,25005,1;1,25006,1;1,91,3000;"	0	1500	3	"1,25016,1;1,16035,1;1,90,50000000;"	0	2288	3	"1,25017,1;1,25018,1;1,50001,2000;"										1
2809	32	累充送礼	累充送礼	0	1	2019/6/17 0:00	2019/6/21 23:59	2019/6/17 0:00	2019/6/21 23:59				1	0	100	3	"1,91,222;1,16014,1;"	0	250	3	"1,90,10000000;1,25001,1;1,45398,30;"	0	500	3	"1,90,20000000;1,98,30;1,91,2500;"	0	800	3	"1,25002,1;1,25003,1;1,45386,30;"	0	1500	3	"1,25017,1;1,16035,1;1,90,50000000;"	0	2288	3	"1,25016,1;1,25018,1;1,91,8000;"										1
2810	33	金币豪礼(盛开的金盏花)	累充返利	0	1	2019/6/8 0:00	2019/6/9 23:59	2019/6/8 0:00	2019/6/9 23:59				1	0	6	3	"1,90,200000;1,50001,10"	0	30	3	"1,90,1000000;1,50001,50"	0	100	3	"1,90,3000000;1,50001,120"	0	200	3	"1,90,6000000;1,50001,300"	0																	1
2811	33	金币豪礼(盛开的金盏花)	累充返利	0	1	2019/6/10 0:00	2019/6/12 23:59	2019/6/10 0:00	2019/6/12 23:59				1	0	6	3	"1,94,200000;1,50001,10"	0	30	3	"1,94,1000000;1,50001,50"	0	100	3	"1,94,3000000;1,50001,120"	0	200	3	"1,94,6000000;1,50001,300"	0																	1
2813	33	金币豪礼(盛开的金盏花)	累充返利	0	1	2019/6/13 0:00	2019/6/14 23:59	2019/6/13 0:00	2019/6/14 23:59				1	0	6	3	"1,90,200000;1,50001,10"	0	30	3	"1,90,1000000;1,50001,50"	0	100	3	"1,90,3000000;1,50001,120"	0	200	3	"1,90,6000000;1,50001,300"	0																	1
2814	33	金币豪礼(盛开的金盏花)	累充返利	0	1	2019/6/15 0:00	2019/6/16 23:59	2019/6/15 0:00	2019/6/16 23:59				1	0	6	3	"1,90,200000;1,50001,10"	0	30	3	"1,90,1000000;1,50001,50"	0	100	3	"1,90,3000000;1,50001,120"	0	200	3	"1,90,6000000;1,50001,300"	0																	1
2815	33	金币豪礼(盛开的金盏花)	累充返利	0	1	2019/6/17 0:00	2019/6/19 23:59	2019/6/17 0:00	2019/6/19 23:59				1	0	6	3	"1,94,200000;1,50001,10"	0	30	3	"1,94,1000000;1,50001,50"	0	100	3	"1,94,3000000;1,50001,120"	0	200	3	"1,94,6000000;1,50001,300"	0																	1
2817	33	金币豪礼(盛开的金盏花)	累充返利	0	1	2019/6/20 0:00	2019/6/21 23:59	2019/6/20 0:00	2019/6/21 23:59				1	0	6	3	"1,90,200000;1,50001,10"	0	30	3	"1,90,1000000;1,50001,50"	0	100	3	"1,90,3000000;1,50001,120"	0	200	3	"1,90,6000000;1,50001,300"	0																	1
2818	136	觉醒时刻	累计消耗钻石领奖	0	1	2019/6/8 0:00	2019/6/9 23:59	2019/6/8 0:00	2019/6/9 23:59				2	0	500	3	"1,60204,500;1,45265,5"	0	2000	3	"1,60204,500;1,45265,10"	0	5000	3	"1,60204,1000;1,1,16012,1;"	0	10000	3	"1,60204,2000;1,1,16018,1;"																		1
2819	136	觉醒时刻	累计消耗钻石领奖	0	1	2019/6/15 0:00	2019/6/16 23:59	2019/6/15 0:00	2019/6/16 23:59				2	0	500	3	"1,60204,500;1,45181,5"	0	2000	3	"1,60204,500;1,45181,10"	0	5000	3	"1,60204,1000;1,1,16008,1;"	0	10000	3	"1,60204,2000;1,1,16014,1;"																		1
2820	120	登陆赠礼(登陆赠礼)	活动期间每日登录游戏均可领取奖励	0	1	2019/6/8 0:00	2019/6/9 23:59	2019/6/8 0:00	2019/6/9 23:59				4	0	1	3	"1,90,1000000;1,50001,150;1,91,200;"	0	2	3	"1,90,1000000;1,50001,150;1,91,200;"																										1
2821	120	登陆赠礼(登陆赠礼)	活动期间每日登录游戏均可领取奖励	0	1	2019/6/15 0:00	2019/6/16 23:59	2019/6/15 0:00	2019/6/16 23:59				4	0	1	3	"1,90,1000000;1,50001,150;1,91,150;"	0	2	3	"1,90,1000000;1,50001,150;1,91,150;"																										1
2822	140	稀有植物	稀有植物	0	20	2019/6/10 0:00	2019/6/14 23:59	2019/6/10 0:00	2019/6/14 23:59	"21408,60|21407,60|21406,60|21401,60|21402,60|21405,90|21403,60|21404,60|"			1	0	100	3	"0,1338,1"																														1
2823	140	稀有植物	稀有植物	0	20	2019/6/17 0:00	2019/6/21 23:59	2019/6/17 0:00	2019/6/21 23:59	"21408,60|21407,60|21406,60|21401,60|21402,60|21405,90|21403,60|21404,60|"			1	0	100	3	"0,1338,1"																														1
2824	147	魔法限购	魔法限购	0	20	2019/6/8 0:00	2019/6/14 23:59	2019/6/8 0:00	2019/6/14 23:59				0	1	"300,80"	0	"1,35001,5;1,35002,5;1,35003,5;1,35004,5;1,35005,5;1,35006,5;1,35007,5;1,35008,5;1,35009,5;"	1	"250,70"	0	"1,45277,5;1,45145,5;1,45181,5;"	1	"150,50"	0	"1,34001,5;1,34002,5;1,34003,5;1,34004,5;1,34005,5;1,34006,5;1,34007,5;1,34008,5;1,34009,5;"																						1
2825	147	魔法限购	魔法限购	0	20	2019/6/15 0:00	2019/6/21 23:59	2019/6/15 0:00	2019/6/21 23:59				0	1	"300,80"	0	"1,35001,5;1,35002,5;1,35003,5;1,35004,5;1,35005,5;1,35006,5;1,35007,5;1,35008,5;1,35009,5;"	1	"250,70"	0	"1,45277,5;1,45145,5;1,45181,5;"	1	"150,50"	0	"1,34001,5;1,34002,5;1,34003,5;1,34004,5;1,34005,5;1,34006,5;1,34007,5;1,34008,5;1,34009,5;"																						1
2826	135	惊喜放送	充值领奖(可选择奖励）	0	1	2019/6/13 0:00	2019/6/16 23:59	2019/6/13 0:00	2019/6/16 23:59				6	1	30	4	"1,1,45121,10;2,1,45037,10;3,1,45121,10"	1	98	4	"1,0,1181,1,1,1,0;2,0,1129,1,1,1,0;3,0,1181,1,1,1,0"	1	98	4	"1,0,1013,1,1,1,0;2,0,1265,1,1,1,0;3,0,1013,1,1,1,0"																						1
2827	135	惊喜放送	充值领奖(可选择奖励）	0	1	2019/6/20 0:00	2019/6/23 23:59	2019/6/20 0:00	2019/6/23 23:59				6	1	30	4	"1,1,45121,10;2,1,45037,10;3,1,45121,10"	1	98	4	"1,0,1181,1,1,1,0;2,0,1129,1,1,1,0;3,0,1181,1,1,1,0"	1	98	4	"1,0,1013,1,1,1,0;2,0,1265,1,1,1,0;3,0,1013,1,1,1,0"																						1
2828	34	单充返利	单充返利	0	1	2019/6/8 0:00	2019/6/8 23:59	2019/6/8 0:00	2019/6/8 23:59				5	0	6	3	"1,90,100000;1,50001,20"	0	30	3	"1,200,10;1,45229,5;"	0	98	3	"1,60204,2000;1,45229,15;"																						1
2829	34	单充返利	单充返利	0	1	2019/6/9 0:00	2019/6/9 23:59	2019/6/9 0:00	2019/6/9 23:59				5	0	6	3	"1,90,100000;1,50001,20"	0	30	3	"1,200,10;1,45229,5;"	0	98	3	"1,60204,2000;1,45229,15;"																						1
2830	34	单充返利	单充返利	0	1	2019/6/10 0:00	2019/6/10 23:59	2019/6/10 0:00	2019/6/10 23:59				5	0	6	3	"1,90,100000;1,50001,20"	0	30	3	"1,200,10;1,45265,5;"	0	98	3	"1,90,5000000;1,45265,15;"																						1
2831	34	单充返利	单充返利	0	1	2019/6/11 0:00	2019/6/11 23:59	2019/6/11 0:00	2019/6/11 23:59				5	0	6	3	"1,90,100000;1,50001,20"	0	30	3	"1,200,10;1,45265,5;"	0	98	3	"1,90,5000000;1,45265,15;"																						1
2832	34	单充返利	单充返利	0	1	2019/6/12 0:00	2019/6/12 23:59	2019/6/12 0:00	2019/6/12 23:59				5	0	6	3	"1,90,100000;1,50001,20"	0	30	3	"1,200,10;1,45314,5;"	0	98	3	"1,94,5000000;1,45314,15;"																						1
2833	34	单充返利	单充返利	0	1	2019/6/13 0:00	2019/6/13 23:59	2019/6/13 0:00	2019/6/13 23:59				5	0	6	3	"1,90,100000;1,50001,20"	0	30	3	"1,200,10;1,45314,5;"	0	98	3	"1,94,5000000;1,45314,15;"																						1
2834	34	单充返利	单充返利	0	1	2019/6/14 0:00	2019/6/14 23:59	2019/6/14 0:00	2019/6/14 23:59				5	0	6	3	"1,90,100000;1,50001,20"	0	30	3	"1,200,10;1,45229,5;"	0	98	3	"1,60204,2000;1,45362,15;"																						1
2835	34	单充返利	单充返利	0	1	2019/6/15 0:00	2019/6/15 23:59	2019/6/15 0:00	2019/6/15 23:59				5	0	6	3	"1,90,300000;1,50001,20"	0	30	3	"1,35016,5;1,45398,5;"	0	98	3	"1,35016,10;1,45398,15;"																						1
2836	34	单充返利	单充返利	0	1	2019/6/16 0:00	2019/6/16 23:59	2019/6/16 0:00	2019/6/16 23:59				5	0	6	3	"1,90,300000;1,50001,20"	0	30	3	"1,35016,5;1,45398,5;"	0	98	3	"1,35016,10;1,45398,15;"																						1
2837	34	单充返利	单充返利	0	1	2019/6/17 0:00	2019/6/17 23:59	2019/6/17 0:00	2019/6/17 23:59				5	0	6	3	"1,90,100000;1,50001,20"	0	30	3	"1,35016,2;1,45386,5;"	0	98	3	"1,35016,5;1,45386,15;"																						1
2838	34	单充返利	单充返利	0	1	2019/6/18 0:00	2019/6/18 23:59	2019/6/18 0:00	2019/6/18 23:59				5	0	6	3	"1,90,100000;1,50001,20"	0	30	3	"1,35016,2;1,45386,5;"	0	98	3	"1,35016,5;1,45386,15;"																						1
2839	34	单充返利	单充返利	0	1	2019/6/19 0:00	2019/6/19 23:59	2019/6/19 0:00	2019/6/19 23:59				5	0	6	3	"1,90,100000;1,50001,20"	0	30	3	"1,35016,2;1,99,5;"	0	98	3	"1,35016,5;1,99,15;"																						1
2840	34	单充返利	单充返利	0	1	2019/6/20 0:00	2019/6/20 23:59	2019/6/20 0:00	2019/6/20 23:59				5	0	6	3	"1,90,100000;1,50001,20"	0	30	3	"1,35016,2;1,99,5;"	0	98	3	"1,35016,5;1,99,15;"																						1
2841	34	单充返利	单充返利	0	1	2019/6/21 0:00	2019/6/21 23:59	2019/6/21 0:00	2019/6/21 23:59				5	0	6	3	"1,90,300000;1,50001,20"	0	30	3	"1,35016,5;1,99,5;"	0	98	3	"1,35016,10;1,99,15;"																						1
2842	35	连续充值	连续充值	0	1	2019/6/9 0:00	2019/6/11 23:59	2019/6/9 0:00	2019/6/11 23:59				7	0	98	3	"1,90,5000000;1,91,50;"	0	98	3	"1,90,5000000;1,91,120;"	0	98	3	"1,90,5000000;1,16032,1;"																						1
2843	32	累充送礼	累充送礼	0	1	2019/6/22 0:00	2019/6/23 23:59	2019/6/22 0:00	2019/6/23 23:59				1	0	100	3	"1,91,222;1,16018,1;1,90,500000;"	0	250	3	"1,91,800;1,25007,1;1,45398,30;"	0	500	3	"1,91,2000;1,25009,1;1,99,25;"	0	800	3	"1,91,3000;1,25008,1;1,99,30;"	0	1500	3	"1,25013,1;1,16031,1;1,91,5000;"	0	1988	3	"1,25014,1;1,25015,1;1,91,8000;"										1
2844	32	累充送礼	累充送礼	0	1	2019/6/24 0:00	2019/6/28 23:59	2019/6/24 0:00	2019/6/28 23:59				1	0	100	3	"1,91,222;1,16014,1;"	0	250	3	"1,90,10000000;1,25004,1;1,45398,30;"	0	500	3	"1,90,20000000;1,98,30;1,91,2500;"	0	800	3	"1,25005,1;1,25006,1;1,45386,30;"	0	1500	3	"1,25017,1;1,16035,1;1,90,50000000;"	0	2288	3	"1,25016,1;1,25018,1;1,91,8000;"										1
2845	33	金币豪礼(盛开的金盏花)	累充返利	0	1	2019/6/22 0:00	2019/6/23 23:59	2019/6/22 0:00	2019/6/23 23:59				1	0	6	3	"1,90,200000;1,50001,10"	0	30	3	"1,90,1000000;1,50001,50"	0	100	3	"1,90,3000000;1,50001,120"	0	200	3	"1,90,6000000;1,50001,300"	0																	1
2846	33	金币豪礼(盛开的金盏花)	累充返利	0	1	2019/6/24 0:00	2019/6/26 23:59	2019/6/24 0:00	2019/6/26 23:59				1	0	6	3	"1,94,200000;1,50001,10"	0	30	3	"1,94,1000000;1,50001,50"	0	100	3	"1,94,3000000;1,50001,120"	0	200	3	"1,94,6000000;1,50001,300"	0																	1
2847	33	金币豪礼(盛开的金盏花)	累充返利	0	1	2019/6/27 0:00	2019/6/28 23:59	2019/6/27 0:00	2019/6/28 23:59				1	0	6	3	"1,90,200000;1,50001,10"	0	30	3	"1,90,1000000;1,50001,50"	0	100	3	"1,90,3000000;1,50001,120"	0	200	3	"1,90,6000000;1,50001,300"	0																	1
2848	136	觉醒时刻	累计消耗钻石领奖	0	1	2019/6/22 0:00	2019/6/23 23:59	2019/6/22 0:00	2019/6/23 23:59				2	0	500	3	"1,60204,500;1,45181,5"	0	2000	3	"1,60204,500;1,45181,10"	0	5000	3	"1,60204,1000;1,1,16008,1;"	0	10000	3	"1,60204,2000;1,1,16014,1;"																		1
2849	120	登陆赠礼(登陆赠礼)	活动期间每日登录游戏均可领取奖励	0	1	2019/6/22 0:00	2019/6/23 23:59	2019/6/22 0:00	2019/6/23 23:59				4	0	1	3	"1,90,1000000;1,50001,150;1,91,150;"	0	2	3	"1,90,1000000;1,50001,150;1,91,150;"																										1
2850	140	稀有植物	稀有植物	0	20	2019/6/24 0:00	2019/6/28 23:59	2019/6/24 0:00	2019/6/28 23:59	"21408,60|21407,60|21406,60|21401,60|21402,60|21405,90|21403,60|21404,60|"			1	0	100	3	"0,1338,1"																														1
2851	147	魔法限购	魔法限购	0	20	2019/6/22 0:00	2019/6/28 23:59	2019/6/22 0:00	2019/6/28 23:59				0	1	"300,80"	0	"1,35001,5;1,35002,5;1,35003,5;1,35004,5;1,35005,5;1,35006,5;1,35007,5;1,35008,5;1,35009,5;"	1	"250,70"	0	"1,45277,5;1,45145,5;1,45181,5;"	1	"150,50"	0	"1,34001,5;1,34002,5;1,34003,5;1,34004,5;1,34005,5;1,34006,5;1,34007,5;1,34008,5;1,34009,5;"																						1
2852	135	惊喜放送	充值领奖(可选择奖励）	0	1	2019/6/27 0:00	2019/6/30 23:59	2019/6/27 0:00	2019/6/30 23:59				6	1	30	4	"1,1,45121,10;2,1,45037,10;3,1,45121,10"	1	98	4	"1,0,1181,1,1,1,0;2,0,1129,1,1,1,0;3,0,1181,1,1,1,0"	1	98	4	"1,0,1013,1,1,1,0;2,0,1265,1,1,1,0;3,0,1013,1,1,1,0"																						1
2853	34	单充返利	单充返利	0	1	2019/6/22 0:00	2019/6/22 23:59	2019/6/22 0:00	2019/6/22 23:59				5	0	6	3	"1,90,300000;1,50001,20"	0	30	3	"1,35016,5;1,45398,5;"	0	98	3	"1,35016,10;1,45398,15;"																						1
2854	34	单充返利	单充返利	0	1	2019/6/23 0:00	2019/6/23 23:59	2019/6/23 0:00	2019/6/23 23:59				5	0	6	3	"1,90,300000;1,50001,20"	0	30	3	"1,35016,5;1,45398,5;"	0	98	3	"1,35016,10;1,45398,15;"																						1
2855	34	单充返利	单充返利	0	1	2019/6/24 0:00	2019/6/24 23:59	2019/6/24 0:00	2019/6/24 23:59				5	0	6	3	"1,90,100000;1,50001,20"	0	30	3	"1,35016,2;1,45386,5;"	0	98	3	"1,35016,5;1,45386,15;"																						1
2856	34	单充返利	单充返利	0	1	2019/6/25 0:00	2019/6/25 23:59	2019/6/25 0:00	2019/6/25 23:59				5	0	6	3	"1,90,100000;1,50001,20"	0	30	3	"1,35016,2;1,45386,5;"	0	98	3	"1,35016,5;1,45386,15;"																						1
2857	34	单充返利	单充返利	0	1	2019/6/26 0:00	2019/6/26 23:59	2019/6/26 0:00	2019/6/26 23:59				5	0	6	3	"1,90,100000;1,50001,20"	0	30	3	"1,35016,2;1,99,5;"	0	98	3	"1,35016,5;1,99,15;"																						1
2858	34	单充返利	单充返利	0	1	2019/6/27 0:00	2019/6/27 23:59	2019/6/27 0:00	2019/6/27 23:59				5	0	6	3	"1,90,100000;1,50001,20"	0	30	3	"1,35016,2;1,99,5;"	0	98	3	"1,35016,5;1,99,15;"																						1
2859	34	单充返利	单充返利	0	1	2019/6/28 0:00	2019/6/28 23:59	2019/6/28 0:00	2019/6/28 23:59				5	0	6	3	"1,90,300000;1,50001,20"	0	30	3	"1,35016,5;1,99,5;"	0	98	3	"1,35016,10;1,99,15;"																						1
2860	32	累充送礼	累充送礼	0	1	2019/6/29 0:00	2019/6/30 23:59	2019/6/29 0:00	2019/6/30 23:59				1	0	100	3	"1,91,222;1,16018,1;1,90,500000;"	0	250	3	"1,91,800;1,25007,1;1,45398,30;"	0	500	3	"1,91,2000;1,25009,1;1,99,25;"	0	800	3	"1,91,3000;1,25008,1;1,99,30;"	0	1500	3	"1,25010,1;1,16031,1;1,91,5000;"	0	1988	3	"1,25011,1;1,25012,1;1,91,8000;"										1
2861	32	累充送礼	累充送礼	0	1	2019/7/1 0:00	2019/7/5 23:59	2019/7/1 0:00	2019/7/5 23:59				1	0	100	3	"1,91,222;1,16014,1;"	0	250	3	"1,90,10000000;1,25001,1;1,45398,30;"	0	500	3	"1,90,20000000;1,98,30;1,91,2500;"	0	800	3	"1,25002,1;1,25003,1;1,45386,30;"	0	1500	3	"1,25017,1;1,16035,1;1,90,50000000;"	0	2288	3	"1,25016,1;1,25018,1;1,91,8000;"										1
2862	33	金币豪礼(盛开的金盏花)	累充返利	0	1	2019/6/29 0:00	2019/6/30 23:59	2019/6/29 0:00	2019/6/30 23:59				1	0	6	3	"1,90,200000;1,50001,10"	0	30	3	"1,94,1000000;1,50001,50"	0	100	3	"1,90,3000000;1,50001,120"	0	200	3	"1,94,6000000;1,50001,300"	0	500	3	"1,90,8000000;1,50001,500"	0													1
2863	33	金币豪礼(盛开的金盏花)	累充返利	0	1	2019/7/1 0:00	2019/7/3 23:59	2019/7/1 0:00	2019/7/3 23:59				1	0	6	3	"1,94,200000;1,50001,10"	0	30	3	"1,90,1000000;1,50001,50"	0	100	3	"1,94,3000000;1,50001,120"	0	200	3	"1,90,6000000;1,50001,300"	0	500	3	"1,94,8000000;1,50001,500"	0													1
2864	33	金币豪礼(盛开的金盏花)	累充返利	0	1	2019/7/4 0:00	2019/7/5 23:59	2019/7/4 0:00	2019/7/5 23:59				1	0	6	3	"1,90,200000;1,50001,10"	0	30	3	"1,94,1000000;1,50001,50"	0	100	3	"1,90,3000000;1,50001,120"	0	200	3	"1,94,6000000;1,50001,300"	0	500	3	"1,90,8000000;1,50001,500"	0													1
2865	136	觉醒时刻	累计消耗钻石领奖	0	1	2019/6/29 0:00	2019/6/30 23:59	2019/6/29 0:00	2019/6/30 23:59				2	0	500	3	"1,60204,500;1,45181,5"	0	2000	3	"1,60204,500;1,45181,10"	0	5000	3	"1,60204,1000;1,1,16008,1;"	0	10000	3	"1,60204,2000;1,1,16014,1;"																		1
2866	120	登陆赠礼(登陆赠礼)	活动期间每日登录游戏均可领取奖励	0	1	2019/6/29 0:00	2019/6/30 23:59	2019/6/29 0:00	2019/6/30 23:59				4	0	1	3	"1,90,500000;1,50001,100;1,91,150;"	0	2	3	"1,90,500000;1,50001,100;1,91,150;"																										1
2867	140	稀有植物	稀有植物	0	20	2019/7/1 0:00	2019/7/5 23:59	2019/7/1 0:00	2019/7/5 23:59	"21408,60|21407,60|21406,60|21401,60|21402,60|21405,90|21403,60|21404,60|"			1	0	100	3	"0,1338,1"																														1
2868	147	魔法限购	魔法限购	0	20	2019/6/29 0:00	2019/7/5 23:59	2019/6/29 0:00	2019/7/5 23:59				0	1	"300,80"	0	"1,35001,5;1,35002,5;1,35003,5;1,35004,5;1,35005,5;1,35006,5;1,35007,5;1,35008,5;1,35009,5;"	1	"250,70"	0	"1,45277,5;1,45145,5;1,45181,5;"	1	"150,50"	0	"1,34001,5;1,34002,5;1,34003,5;1,34004,5;1,34005,5;1,34006,5;1,34007,5;1,34008,5;1,34009,5;"																						1
2869	135	惊喜放送	充值领奖(可选择奖励）	0	1	2019/7/4 0:00	2019/7/7 23:59	2019/7/4 0:00	2019/7/7 23:59				6	1	30	4	"1,1,45121,10;2,1,45037,10;3,1,45121,10"	1	98	4	"1,0,1181,1,1,1,0;2,0,1129,1,1,1,0;3,0,1181,1,1,1,0"	1	98	4	"1,0,1013,1,1,1,0;2,0,1265,1,1,1,0;3,0,1013,1,1,1,0"																						1
2870	34	单充返利	单充返利	0	1	2019/6/29 0:00	2019/6/29 23:59	2019/6/29 0:00	2019/6/29 23:59				5	0	6	3	"1,90,300000;1,50001,20"	0	30	3	"1,35017,5;1,45398,5;"	0	98	3	"1,60204,1000;1,45398,15;"																						1
2871	34	单充返利	单充返利	0	1	2019/6/30 0:00	2019/6/30 23:59	2019/6/30 0:00	2019/6/30 23:59				5	0	6	3	"1,90,300000;1,50001,20"	0	30	3	"1,35017,5;1,45398,5;"	0	98	3	"1,60204,1000;1,45398,15;"																						1
2872	34	单充返利	单充返利	0	1	2019/7/1 0:00	2019/7/1 23:59	2019/7/1 0:00	2019/7/1 23:59				5	0	6	3	"1,90,100000;1,50001,20"	0	30	3	"1,35017,2;1,45386,5;"	0	98	3	"1,60204,1000;1,45386,15;"																						1
2873	34	单充返利	单充返利	0	1	2019/7/2 0:00	2019/7/2 23:59	2019/7/2 0:00	2019/7/2 23:59				5	0	6	3	"1,90,100000;1,50001,20"	0	30	3	"1,35017,2;1,45386,5;"	0	98	3	"1,60204,1000;1,45386,15;"																						1
2874	34	单充返利	单充返利	0	1	2019/7/3 0:00	2019/7/3 23:59	2019/7/3 0:00	2019/7/3 23:59				5	0	6	3	"1,90,100000;1,50001,20"	0	30	3	"1,35017,2;1,99,5;"	0	98	3	"1,60204,1000;1,99,15;"																						1
2875	34	单充返利	单充返利	0	1	2019/7/4 0:00	2019/7/4 23:59	2019/7/4 0:00	2019/7/4 23:59				5	0	6	3	"1,90,100000;1,50001,20"	0	30	3	"1,35017,2;1,99,5;"	0	98	3	"1,60204,1000;1,99,15;"																						1
2876	34	单充返利	单充返利	0	1	2019/7/5 0:00	2019/7/5 23:59	2019/7/5 0:00	2019/7/5 23:59				5	0	6	3	"1,90,300000;1,50001,20"	0	30	3	"1,35017,5;1,99,5;"	0	98	3	"1,60204,1000;1,99,15;"																						1
2877	32	累充送礼	累充送礼	0	1	2019/7/6 0:00	2019/7/7 23:59	2019/7/6 0:00	2019/7/7 23:59				1	0	100	3	"1,91,222;1,16018,1;1,90,500000;"	0	248	3	"1,91,800;1,25007,1;1,45398,30;"	0	498	3	"1,91,2000;1,25009,1;1,99,25;"	0	798	3	"1,91,3000;1,25008,1;1,99,30;"	0	1498	3	"1,25016,1;1,16031,1;1,91,5000;"	0	2288	3	"1,25017,1;1,25018,1;1,91,8000;"										1
2878	32	累充送礼	累充送礼	0	1	2019/7/8 0:00	2019/7/12 23:59	2019/7/8 0:00	2019/7/12 23:59				1	0	100	3	"1,91,222;1,16014,1;"	0	248	3	"1,90,10000000;1,25001,1;1,45398,30;"	0	498	3	"1,90,20000000;1,98,30;1,91,2500;"	0	798	3	"1,25002,1;1,25003,1;1,45386,30;"	0	1498	3	"1,25016,1;1,16035,1;1,90,50000000;"	0	2288	3	"1,25017,1;1,25018,1;1,91,8000;"										1
2879	33	金币豪礼(盛开的金盏花)	累充返利	0	1	2019/7/6 0:00	2019/7/7 23:59	2019/7/6 0:00	2019/7/7 23:59				1	0	6	3	"1,90,200000;1,50001,10"	0	30	3	"1,94,1000000;1,50001,50"	0	100	3	"1,90,3000000;1,50001,120"	0	200	3	"1,94,6000000;1,50001,300"	0	500	3	"1,90,8000000;1,50001,500"	0													1
2880	33	金币豪礼(盛开的金盏花)	累充返利	0	1	2019/7/8 0:00	2019/7/10 23:59	2019/7/8 0:00	2019/7/10 23:59				1	0	6	3	"1,94,200000;1,50001,10"	0	30	3	"1,90,1000000;1,50001,50"	0	100	3	"1,94,3000000;1,50001,120"	0	200	3	"1,90,6000000;1,50001,300"	0	500	3	"1,94,8000000;1,50001,500"	0													1
2881	33	金币豪礼(盛开的金盏花)	累充返利	0	1	2019/7/11 0:00	2019/7/12 23:59	2019/7/11 0:00	2019/7/12 23:59				1	0	6	3	"1,90,200000;1,50001,10"	0	30	3	"1,94,1000000;1,50001,50"	0	100	3	"1,90,3000000;1,50001,120"	0	200	3	"1,94,6000000;1,50001,300"	0	500	3	"1,90,8000000;1,50001,500"	0													1
2882	136	觉醒时刻	累计消耗钻石领奖	0	1	2019/7/6 0:00	2019/7/7 23:59	2019/7/6 0:00	2019/7/7 23:59				2	0	500	3	"1,60204,500;1,45181,5"	0	2000	3	"1,60204,500;1,45181,10"	0	5000	3	"1,60204,1000;1,1,16008,1;"	0	10000	3	"1,60204,2000;1,1,16014,1;"																		1
2883	120	登陆赠礼(登陆赠礼)	活动期间每日登录游戏均可领取奖励	0	1	2019/7/6 0:00	2019/7/7 23:59	2019/7/6 0:00	2019/7/7 23:59				4	0	1	3	"1,90,500000;1,50001,100;1,91,150;"	0	2	3	"1,90,500000;1,50001,100;1,91,150;"																										1
2884	140	稀有植物	稀有植物	0	20	2019/7/8 0:00	2019/7/12 23:59	2019/7/8 0:00	2019/7/12 23:59	"21408,60|21407,60|21406,60|21401,60|21402,60|21405,90|21403,60|21404,60|"			1	0	100	3	"0,1338,1"																														1
2885	147	魔法限购	魔法限购	0	20	2019/7/6 0:00	2019/7/12 23:59	2019/7/6 0:00	2019/7/12 23:59				0	1	"300,80"	0	"1,35001,5;1,35002,5;1,35003,5;1,35004,5;1,35005,5;1,35006,5;1,35007,5;1,35008,5;1,35009,5;"	1	"250,70"	0	"1,45277,5;1,45145,5;1,45181,5;"	1	"150,50"	0	"1,34001,5;1,34002,5;1,34003,5;1,34004,5;1,34005,5;1,34006,5;1,34007,5;1,34008,5;1,34009,5;"																						1
2886	135	惊喜放送	充值领奖(可选择奖励）	0	1	2019/7/11 0:00	2019/7/14 23:59	2019/7/11 0:00	2019/7/14 23:59				6	1	30	4	"1,1,45121,10;2,1,45037,10;3,1,45121,10"	1	98	4	"1,0,1181,1,1,1,0;2,0,1129,1,1,1,0;3,0,1181,1,1,1,0"	1	98	4	"1,0,1013,1,1,1,0;2,0,1265,1,1,1,0;3,0,1013,1,1,1,0"																						1
2887	34	单充返利	单充返利	0	1	2019/7/6 0:00	2019/7/6 23:59	2019/7/6 0:00	2019/7/6 23:59				5	0	98	3	"1,98,15;1,60204,3000;"	0	198	3	"1,16030,1;1,60204,3000;"	0	648	3	"1,45398,20;1,35017,50;"																						1
2888	34	单充返利	单充返利	0	1	2019/7/7 0:00	2019/7/7 23:59	2019/7/7 0:00	2019/7/7 23:59				5	0	98	3	"1,98,15;1,60204,3000;"	0	198	3	"1,16032,1;1,60204,3000;"	0	648	3	"1,45398,20;1,35017,50;"																						1
2889	34	单充返利	单充返利	0	1	2019/7/8 0:00	2019/7/8 23:59	2019/7/8 0:00	2019/7/8 23:59				5	0	6	3	"1,90,100000;1,50001,20"	0	30	3	"1,35017,2;1,45386,5;"	0	98	3	"1,60204,1000;1,45386,15;"																						1
2890	34	单充返利	单充返利	0	1	2019/7/9 0:00	2019/7/9 23:59	2019/7/9 0:00	2019/7/9 23:59				5	0	6	3	"1,90,100000;1,50001,20"	0	30	3	"1,35017,2;1,45386,5;"	0	98	3	"1,60204,1000;1,45386,15;"																						1
2891	34	单充返利	单充返利	0	1	2019/7/10 0:00	2019/7/10 23:59	2019/7/10 0:00	2019/7/10 23:59				5	0	6	3	"1,90,100000;1,50001,20"	0	30	3	"1,35017,2;1,99,5;"	0	98	3	"1,60204,1000;1,99,15;"																						1
2892	34	单充返利	单充返利	0	1	2019/7/11 0:00	2019/7/11 23:59	2019/7/11 0:00	2019/7/11 23:59				5	0	6	3	"1,90,100000;1,50001,20"	0	30	3	"1,35017,2;1,99,5;"	0	98	3	"1,60204,1000;1,99,15;"																						1
2893	34	单充返利	单充返利	0	1	2019/7/12 0:00	2019/7/12 23:59	2019/7/12 0:00	2019/7/12 23:59				5	0	6	3	"1,90,300000;1,50001,20"	0	30	3	"1,35017,5;1,99,5;"	0	98	3	"1,60204,1000;1,99,15;"																						1
2894	32	累充送礼	累充送礼	0	1	2019/7/13 0:00	2019/7/14 23:59	2019/7/13 0:00	2019/7/14 23:59				1	0	100	3	"1,91,222;1,16018,1;1,90,500000;"	0	248	3	"1,90,8000000;1,25007,1;1,45398,30;"	0	498	3	"1,90,20000000;1,25009,1;1,99,25;"	0	798	3	"1,90,30000000;1,25008,1;1,99,30;"	0	1498	3	"1,25016,1;1,16031,1;1,90,50000000;"	0	2288	3	"1,25017,1;1,25018,1;1,90,100000000;"										1
2895	32	累充送礼	累充送礼	0	1	2019/7/15 0:00	2019/7/19 23:59	2019/9/15 0:00	2019/10/19 23:59				1	0	100	3	"1,91,222;1,16014,1;"	0	248	3	"1,90,10000000;1,25001,1;1,45398,30;"	0	498	3	"1,90,20000000;1,98,30;1,91,2500;"	0	798	3	"1,25002,1;1,25003,1;1,45386,30;"	0	1498	3	"1,25016,1;1,16035,1;1,90,50000000;"	0	2288	3	"1,25017,1;1,25018,1;1,91,8000;"										1
2896	33	金币豪礼(盛开的金盏花)	累充返利	0	1	2019/7/13 0:00	2019/7/14 23:59	2019/7/13 0:00	2019/7/14 23:59				1	0	6	3	"1,90,200000;1,50001,10"	0	30	3	"1,94,1000000;1,50001,50"	0	100	3	"1,90,3000000;1,50001,120"	0	200	3	"1,94,6000000;1,50001,300"	0	500	3	"1,90,8000000;1,50001,500"	0													1
2897	33	金币豪礼(盛开的金盏花)	累充返利	0	1	2019/7/15 0:00	2019/7/17 23:59	2019/7/15 0:00	2019/7/17 23:59				1	0	6	3	"1,94,200000;1,50001,10"	0	30	3	"1,90,1000000;1,50001,50"	0	100	3	"1,94,3000000;1,50001,120"	0	200	3	"1,90,6000000;1,50001,300"	0	500	3	"1,94,8000000;1,50001,500"	0													1
2898	33	金币豪礼(盛开的金盏花)	累充返利	0	1	2019/7/18 0:00	2019/7/19 23:59	2019/7/18 0:00	2019/7/19 23:59				1	0	6	3	"1,90,200000;1,50001,10"	0	30	3	"1,94,1000000;1,50001,50"	0	100	3	"1,90,3000000;1,50001,120"	0	200	3	"1,94,6000000;1,50001,300"	0	500	3	"1,90,8000000;1,50001,500"	0													1
2899	136	觉醒时刻	累计消耗钻石领奖	0	1	2019/7/13 0:00	2019/7/14 23:59	2019/7/13 0:00	2019/7/14 23:59				2	0	500	3	"1,60204,500;1,45181,5"	0	2000	3	"1,60204,500;1,45181,10"	0	5000	3	"1,60204,1000;1,1,16008,1;"	0	10000	3	"1,60204,2000;1,1,16014,1;"																		1
2900	120	登陆赠礼(登陆赠礼)	活动期间每日登录游戏均可领取奖励	0	1	2019/7/13 0:00	2019/7/14 23:59	2019/7/13 0:00	2019/7/14 23:59				4	0	1	3	"1,90,500000;1,50001,100;1,91,150;"	0	2	3	"1,90,500000;1,50001,100;1,91,150;"																										1
2901	140	稀有植物	稀有植物	0	20	2019/7/15 0:00	2019/7/19 23:59	2019/7/15 0:00	2019/7/19 23:59	"21408,60|21407,60|21406,60|21401,60|21402,60|21405,90|21403,60|21404,60|"			1	0	100	3	"0,1338,1"																														1
2902	147	魔法限购	魔法限购	0	20	2019/7/13 0:00	2019/7/19 23:59	2019/7/13 0:00	2019/7/19 23:59				0	1	"300,80"	0	"1,35001,5;1,35002,5;1,35003,5;1,35004,5;1,35005,5;1,35006,5;1,35007,5;1,35008,5;1,35009,5;"	1	"250,70"	0	"1,45277,5;1,45145,5;1,45181,5;"	1	"150,50"	0	"1,34001,5;1,34002,5;1,34003,5;1,34004,5;1,34005,5;1,34006,5;1,34007,5;1,34008,5;1,34009,5;"																						1
2903	135	惊喜放送	充值领奖(可选择奖励）	0	1	2019/7/18 0:00	2019/7/21 23:59	2019/7/18 0:00	2019/7/21 23:59				6	1	30	4	"1,1,45121,10;2,1,45037,10;3,1,45121,10"	1	98	4	"1,0,1181,1,1,1,0;2,0,1229,1,1,1,0;3,0,1181,1,1,1,0"	1	98	4	"1,0,1013,1,1,1,0;2,0,1265,1,1,1,0;3,0,1013,1,1,1,0"																						1
2904	34	单充返利	单充返利	0	1	2019/7/14 0:00	2019/7/14 23:59	2019/7/14 0:00	2019/7/14 23:59				5	0	6	3	"1,90,300000;1,50001,20"	0	30	3	"1,35016,5;1,98,5;"	0	98	3	"1,16023,1;1,98,15;"																						1
2905	34	单充返利	单充返利	0	1	2019/7/15 0:00	2019/7/15 23:59	2019/7/15 0:00	2019/7/15 23:59				5	0	6	3	"1,90,100000;1,50001,20"	0	30	3	"1,35017,2;1,45386,5;"	0	98	3	"1,60204,1000;1,45386,15;"																						1
2906	34	单充返利	单充返利	0	1	2019/7/16 0:00	2019/7/16 23:59	2019/7/16 0:00	2019/7/16 23:59				5	0	6	3	"1,90,100000;1,50001,20"	0	30	3	"1,35017,2;1,45386,5;"	0	98	3	"1,60204,1000;1,45386,15;"																						1
2907	34	单充返利	单充返利	0	1	2019/7/17 0:00	2019/7/17 23:59	2019/7/17 0:00	2019/7/17 23:59				5	0	6	3	"1,90,100000;1,50001,20"	0	30	3	"1,35017,2;1,99,5;"	0	98	3	"1,60204,1000;1,99,15;"																						1
2908	34	单充返利	单充返利	0	1	2019/7/18 0:00	2019/7/18 23:59	2019/7/18 0:00	2019/7/18 23:59				5	0	6	3	"1,90,100000;1,50001,20"	0	30	3	"1,35017,2;1,99,5;"	0	98	3	"1,60204,1000;1,99,15;"																						1
2909	34	单充返利	单充返利	0	1	2019/7/19 0:00	2019/7/19 23:59	2019/7/19 0:00	2019/7/19 23:59				5	0	6	3	"1,90,300000;1,50001,20"	0	30	3	"1,35017,5;1,99,5;"	0	98	3	"1,60204,1000;1,99,15;"																						1
2910	30	充值返利	充值返利(单次)	0	1	2019/7/13 0:00	2019/7/14 23:59	2019/7/13 0:00	2019/7/14 23:59				5	0	98	3	"1,98,15;1,45386,10;"	0	198	3	"1,16030,1;1,45386,15;"	0	648	3	"1,45398,20;1,35017,50;"																						0
2911	31	充值返利	充值返利(单次+累计)	0	1	2019/7/13 0:00	2019/7/14 23:59	2019/7/13 0:00	2019/7/14 23:59				1	0	100	3	"1,60204,500;1,91,500;"	0	300	3	"1,60204,800;1,91,1000;"	0	500	3	"1,60204,1000;1,91,2500;"	0	1000	3	"1,60204,2000;1,91,5000;"																	30	1
2912	35	连续充值	连续充值	0	1	2019/7/19 0:00	2019/7/21 23:59	2019/7/19 0:00	2019/7/21 23:59				8	0	98	3	"1,90,5000000;1,91,50;"	0	98	3	"1,90,5000000;1,91,120;"	0	98	3	"1,90,5000000;1,16033,1;"																						1
2913	30	充值返利	充值返利(单次)	0	1	2019/9/9 0:00	2019/9/11 23:59	2019/9/9 0:00	2019/9/11 23:59				5	0	98	3	"1,16014,1;"	0	198	3	"1,25007,1;1,45398,30;"	0	648	3	"1,25009,1;1,25008,1;"																						0
2914	31	充值返利	充值返利(单次+累计)	0	1	2019/9/9 0:00	2019/9/11 23:59	2019/9/9 0:00	2019/9/11 23:59				1	0	100	3	"1,60204,500;1,91,500;"	0	300	3	"1,60204,800;1,91,1000;"	0	500	3	"1,60204,1000;1,91,2500;"	0	1000	3	"1,60204,2000;1,91,5000;"																	30	1
2915	151	每日充值	每日充值	0	1	2019/9/30 12:00	2020/12/10 23:59	2019/9/30 12:00	2020/12/10 23:59				8	0	20	3	"1,45265,6;1,170,40;1,60204,500;"	0	20	3	"1,45265,6;1,170,40;1,24007,1;"	0	20	3	"1,45265,6;1,170,40;1,24008,1;"	0	20	3	"1,45265,6;1,170,40;1,24009,1;"	0	20	3	"1,45265,6;1,170,50;1,90,2000000;"	0	20	3	"1,98,8;1,170,50;1,153,2;"	0	20	3	"1,99,8;1,170,50;1,153,3;"	0	0	3	"1,45422,30;1,50001,200;1,16032,1;1,90,2000000"		1
2916	32	累充送礼	累充送礼	0	1	2019/9/30 12:00	2020/12/10 23:59	2019/9/30 12:00	2020/12/10 23:59				1	0	208	3	"1,170,300;1,45422,10;1,25001,1;"	0	488	3	"1,170,500;1,45422,20;1,25002,1;"	0	788	3	"1,90,5000000;1,45398,30;1,25003,1;"	0	1098	3	"1,170,1000;1,45410,30;1,25016,1;"	0	1388	3	"1,170,2000;1,16035,1;1,25017,1;"	0	2088	3	"1,90,20000000;1,45422,30;1,25018,1;"										1
