"monsterId,传输到wave"	`	怪物的plantcardID	等级	血量	攻击力	防御力	暴击值	韧性	命中	闪避	普通攻击ID	技能攻击ID	技能攻击ID2	废	是否是BOSS	大格僵尸ID（boss_config.txt找ID）	"变身（1-放N次技能，2-当血量下降到一定数值，3-当血量下降到一定百分比，4-当受到一定数值（绝对值）伤害后，5-做出N次攻击后，6-一定回合数后,7-受击变身（变身参数为指定skill表中元素：1 火 2 冰））"	变身参数	变身MonsterID	变身动画ID	护盾生命值	机械生命值（非机械填-1，机械怪物直接填机械生命值）
INT	STRING	INT	INT	INT	INT	INT	INT	INT	INT	INT	INT	INT	INT	INT	INT	INT	INT	INT	INT	INT	INT	INT
monsterId	monstername	monsterCardId	level	hp	atk	def	critical	toughness	hit	dodge	skill1Id	skill2Id	skill3Id	speed	isboss	bossId	m_iTransformType	m_iTransformValue	m_iTransformMonsterID	m_iTransformTransitionAniID	m_iShieldValue	machineHP
501	绿色金盏花	5001	15	1925	151	11	100	100	10000	0	25	-1	-1	120	0	-1						-1
509	绿色金盏花	5001	25	8085	639	60	100	100	10000	0	25	-1	-1	120	0	-1						-1
516	绿色金盏花	5001	40	29423	1231	181	100	100	10000	0	25	-1	-1	120	0	-1						-1
801	伽刚特尔	20007	1	7000	120	0	0	100	10000	0	20007	-1	-1	110	0	-1						-1
802	普通僵尸	20001	1	2000	100	0	0	100	10000	0	20001	-1	-1	110	0	-1						-1
803	普通僵尸	20001	1	1000	34	0	0	100	10000	0	20001	-1	-1	110	0	-1						-1
804	路障僵尸	20003	1	3000	120	0	0	100	10000	0	20003	-1	-1	90	0	-1						-1
805	雪人僵尸	20008	1	8000	120	0	0	100	10000	0	20008	-1	-1	110	1	-1						-1
806	卡车司机	20010	1	4000	45	0	0	100	10000	0	20010	-1	-1	110	1	-1						-1
807	橄榄球僵尸	20005	1	700	35	0	0	100	10000	0	20005	-1	-1	70	0	-1						-1
808	撑杆僵尸	20009	1	700	35	0	0	100	10000	0	20009	-1	-1	70	0	-1						-1
809	铁桶僵尸	20004	1	1200	34	10	0	100	10000	0	20004	-1	-1	110	0	-1			80901			-1
810	旗帜僵尸	20002	1	800	30	0	0	100	10000	0	20002	-1	-1	110	0	-1						-1
1111	模拟战僵尸博士	20515	50	1264555	1000	383	0	100	10000	0	120515	10020515	-1	115	1	1						-1
2222	雪人僵尸	22222	1	999999	800	0	0	100	10000	0	22222	10020314	-1	110	1	-1						-1
2223	卡车司机	22223	1	999999	800	0	0	100	10000	0	20010	10020315	-1	110	1	-1						-1
3333	大墓地BOSS	20622	10	50000	100	50	0	100	10000	0	25	10020514	-1	110	1	-1						-1
30001	木棍原始人boss	30512	50	5690	200	1150	0	100	10000	0	20512	10020324	-1	115	1	-1						-1
30002	海盗船长僵尸	20211	50	6322	200	1150	0	100	10000	0	20512	-1	-1	115	1	-1						-1
30003	长城战车	20410	50	6322	200	1150	0	100	10000	0	20410	10020314	-1	115	1	-1						-1
30004	铁桶原始人boss	30513	50	6322	200	1150	0	100	10000	0	20513	10020327	-1	115	1	-1						-1
30005	太阳神僵尸	20108	50	6322	200	710	0	100	10000	0	20108	-1	-1	115	0	-1						-1
30006	弹弓原始人boss	30514	50	6322	200	1150	0	100	10000	0	20508	10020326	-1	115	1	-1						-1
50011	绿色金盏花	5001	10	820	108	31	1070	521	9535	0	25	-1	-1	115	0	-1						-1
50012	绿色金盏花	5001	32	2620	320	80	1190	557	9595	0	25	-1	-1	115	0	-1						-1
50013	绿色金盏花	5001	50	4726	576	120	1490	647	9745	0	25	-1	-1	115	0	-1						-1
50014	绿色金盏花	5001	65	6953	948	153	1490	647	9745	0	25	-1	-1	115	0	-1						-1
50015	大型金盏花	5004	10	1230	162	31	1070	521	9535	0	25	10002	-1	115	0	-1						-1
50016	巨型金盏花	5005	10	1845	162	31	1070	521	9535	0	25	10002	-1	115	0	-1						-1
50017	BOSS金盏花	5006	10	2624	216	31	1070	521	9535	0	25	10002	-1	115	1	-1						-1
50018	BOSS金盏花	5006	32	8384	640	80	1190	557	9595	0	25	10002	-1	115	1	-1						-1
50019	BOSS金盏花	5006	50	15123	1152	120	1490	647	9745	0	25	10002	-1	115	1	-1						-1
50020	大型金盏花	5004	32	3930	480	80	0	647	10000	0	25	10002	-1	115	0	-1						-1
50021	大型金盏花	5004	50	7089	864	120	0	647	10000	0	25	10002	-1	115	0	-1						-1
50022	大型金盏花	5004	65	10430	1422	153	0	647	10000	0	25	10002	-1	115	0	-1						-1
50023	巨型金盏花	5005	32	5895	480	80	0	647	10000	0	25	10002	-1	115	0	-1						-1
50024	巨型金盏花	5005	50	10633	864	120	0	647	10000	0	25	10002	-1	115	0	-1						-1
50025	巨型金盏花	5005	65	15645	1422	153	0	647	10000	0	25	10002	-1	115	0	-1						-1
50026	BOSS金盏花	5006	65	22250	1896	153	0	647	10000	0	25	10002	-1	115	1	-1						-1
50027	绿色金盏花	5001	90	11598	2807	208	1490	647	9745	0	25	-1	-1	115	0	-1						-1
50028	大型金盏花	5004	90	17397	4211	208	1070	521	9535	0	25	10002	-1	115	0	-1						-1
50029	巨型金盏花	5005	90	26095	4211	208	1070	521	9535	0	25	10002	-1	115	0	-1						-1
50030	BOSS金盏花	5006	90	37114	5614	208	1070	521	9535	0	25	10002	-1	115	1	-1						-1
60011	阳光菇	6001	10	820	108	31	660	660	9660	0	25	1006001	-1	115	0	-1						-1
60012	阳光菇	6001	32	2620	320	80	720	720	9720	0	25	1006001	-1	115	0	-1						-1
60013	阳光菇	6001	50	4726	576	120	870	870	9870	0	25	1006001	-1	115	0	-1						-1
60014	阳光菇	6001	65	6953	948	153	970	970	9970	0	25	1006001	-1	115	0	-1						-1
60015	大型阳光菇	6002	10	2624	216	31	660	660	9660	0	25	1006001	-1	115	1	-1						-1
60016	大型阳光菇	6002	32	8384	640	80	720	720	9720	0	25	1006001	-1	115	1	-1						-1
60017	大型阳光菇	6002	50	15123	1152	120	870	870	9870	0	25	1006001	-1	115	1	-1						-1
60018	大型阳光菇	6002	65	22250	1896	153	970	970	9970	0	25	1006001	-1	115	1	-1						-1
60019	阳光菇	6001	90	11598	2807	208	970	970	9970	0	25	1006001	-1	115	0	-1						-1
60020	大型阳光菇	6002	90	37114	5614	208	660	660	9660	0	25	1006001	-1	115	1	-1						-1
70111	路障僵尸	20003	15	1877	83	42	500	620	9500	0	20003	-1	-1	115	0	-1						-1
70112	长城普僵	20624	15	1043	64	42	500	620	9500	0	20001	-1	-1	115	0	-1						-1
70113	撑杆僵尸	20009	15	939	51	42	1120	536	9560	0	20009	-1	-1	115	0	-1						-1
70114	伽刚特尔	20007	15	3129	115	42	500	620	9500	0	20007	10020007	-1	115	1	-1			2072901			-1
70121	木乃伊僵尸	20101	15	1043	64	42	1120	536	9560	0	20101	-1	-1	115	0	-1						-1
70122	路障木乃伊	20102	15	1877	83	42	1120	536	9560	0	20102	-1	-1	115	0	-1						-1
70123	探险家僵尸	20106	15	939	51	42	1120	536	9560	0	20106	-1	-1	115	0	-1			2073001			-1
70124	炸弹僵尸boss	20615	15	3129	115	42	1120	536	9560	0	20615	-1	-1	115	1	-1						-1
70131	海盗僵尸	20201	15	1877	83	42	1120	536	9560	0	20201	-1	-1	115	0	-1						-1
70132	路障海盗	20202	15	1043	64	42	1120	536	9560	0	20202	-1	-1	115	0	-1						-1
70133	飞索海盗	20205	15	939	51	42	1120	536	9560	0	20205	-1	-1	115	0	-1						-1
70134	雪人僵尸	20008	15	3129	115	42	1120	536	9560	0	20305	-1	-1	115	1	-1						-1
70141	牛仔僵尸	20301	15	1043	64	42	1120	536	9560	0	20301	-1	-1	115	0	-1						-1
70142	路障牛仔	20302	15	1877	83	42	1120	536	9560	0	20302	-1	-1	115	0	-1						-1
70143	淘金僵尸	20305	15	1877	83	42	1120	536	9560	0	20305	-1	-1	115	0	-1			2073601	17214		-1
70144	海鸥海盗boss	20216	15	3129	115	42	1120	536	9560	0	20216	-1	-1	115	1	-1						-1
70211	铁桶僵尸	20004	40	9974	339	193	1290	587	9645	0	20004	-1	-1	115	0	-1			7021011			-1
7021011	普通僵尸	20001	40	5983	339	193	1290	587	9645	0	20004	-1	-1	115	0	-1						-1
70212	普通僵尸	20001	40	5540	261	193	1290	587	9645	0	20001	-1	-1	115	0	-1						-1
70213	撑杆僵尸	20009	40	4987	209	193	1290	587	9645	0	20009	-1	-1	115	0	-1						-1
70214	路障牛仔	20302	40	16622	470	293	1290	587	9645	0	20310	-1	-1	115	1	-1						-1
70221	木乃伊僵尸	20101	40	5540	261	193	1290	587	9645	0	20101	-1	-1	115	0	-1						-1
70222	铁桶木乃伊	20104	40	9974	339	193	500	790	9500	0	20104	-1	-1	115	0	-1			7022201			-1
7022201	木乃伊僵尸	20101	40	5983	339	193	500	790	9500	0	20104	-1	-1	115	0	-1						-1
70223	探险家僵尸	20106	40	4987	209	193	1290	587	9645	0	20106	-1	-1	115	0	-1			2073001	15607		-1
70224	火炬武师boss	20613	40	16622	470	293	1290	587	9645	0	20613	-1	-1	115	1	-1						-1
70231	海盗僵尸	20201	40	5540	261	193	1290	587	9645	0	20201	-1	-1	115	0	-1						-1
70232	铁桶僵尸	20204	40	9974	339	193	1290	587	9645	0	20204	-1	-1	115	0	-1			7023201			-1
7023201	海盗僵尸	20201	40	5983	339	193	1290	587	9645	0	20204	-1	-1	115	0	-1						-1
70233	飞索海盗	20205	40	4987	209	193	1290	587	9645	0	20205	-1	-1	115	0	-1						-1
70234	船长boss	20218	40	16622	470	293	1290	587	9645	0	20218	-1	-1	115	1	-1						-1
70241	牛仔僵尸	20301	40	5540	261	193	1290	587	9645	0	20301	-1	-1	115	0	-1						-1
70242	铁桶牛仔	20303	40	9974	339	193	1290	587	9645	0	20303	-1	-1	115	0	-1			7024201			-1
7024201	牛仔僵尸	20301	40	5983	339	193	1290	587	9645	0	20303	-1	-1	115	0	-1						-1
70243	淘金僵尸	20305	40	9974	339	193	1290	587	9645	0	20305	-1	-1	115	0	-1			2073601	17214		-1
70244	骑鸟僵尸	20507	40	16622	470	293	1290	587	9645	0	20507	-1	-1	115	1	-1						-1
70311	路障僵尸	20003	65	23917	917	440	500	540	9500	0	20003	-1	-1	115	0	-1						-1
70312	铁桶僵尸	20004	65	23917	917	440	500	550	9500	0	20004	-1	-1	115	0	-1			7031201			-1
7031201	铁桶僵尸	20004	65	14350	917	440	500	550	9500	0	20004	-1	-1	115	0	-1						-1
70313	橄榄球僵尸	20005	65	11959	564	440	1070	521	9535	0	20009	-1	-1	115	0	-1						-1
70314	旗帜僵尸	20002	65	11959	564	440	1070	521	9535	0	20002	-1	-1	115	0	-1						-1
70315	法老boss	20117	65	39863	1269	773	1070	521	9535	0	20117	-1	-1	115	1	-1						-1
70321	铁桶木乃伊	20104	65	23917	917	440	1070	521	9535	0	20104	-1	-1	115	0	-1			7032101			-1
7032101	木乃伊僵尸	20101	65	14350	917	440	1070	521	9535	0	20104	-1	-1	115	0	-1						-1
70322	路障木乃伊	20102	65	23917	917	440	1070	521	9535	0	20102	-1	-1	115	0	-1						-1
70323	旗子木乃伊	20103	65	11959	564	440	1070	521	9535	0	20103	-1	-1	115	0	-1						-1
70324	死神僵尸	20107	65	11959	564	440	1070	521	9535	0	20107	-1	-1	115	0	-1						-1
70325	淘金boss	20317	65	39863	1269	773	1070	521	9535	0	20317	-1	-1	115	1	-1			2073701	917214		-1
70331	路障海盗	20202	65	23917	917	440	1070	521	9535	0	20202	-1	-1	115	0	-1						-1
70332	旗子海盗	20203	65	11959	564	440	1070	521	9535	0	20203	-1	-1	115	0	-1						-1
70333	铁桶僵尸	20204	65	23917	917	440	1070	521	9535	0	20204	-1	-1	115	0	-1			7033301			-1
7033301	海盗僵尸	20201	65	14350	917	440	1070	521	9535	0	20204	-1	-1	115	0	-1						-1
70334	飞索海盗	20205	65	11959	564	440	1070	521	9535	0	20205	-1	-1	115	0	-1						-1
70335	蜗牛僵尸	20508	65	39863	1269	773	1070	521	9535	0	20508	10020508	-1	115	1	-1						-1
70341	路障牛仔	20302	65	23917	917	440	1070	521	9535	0	20302	-1	-1	115	0	-1						-1
70342	铁桶牛仔	20303	65	23917	917	440	1070	521	9535	0	20303	-1	-1	115	0	-1			7034201			-1
7034201	牛仔僵尸	20301	65	14350	917	440	1070	521	9535	0	20303	-1	-1	115	0	-1						-1
70343	旗子牛仔	20304	65	11959	564	440	1070	521	9535	0	20304	-1	-1	115	0	-1						-1
70344	淘金僵尸	20305	65	23917	917	440	1070	521	9535	0	20305	-1	-1	115	0	-1			2073601	17214		-1
70345	长城大刀boss	20416	65	39863	1269	773	1070	521	9535	0	20416	-1	-1	115	1	-1						-1
70411	铁桶僵尸	20004	55	17335	607	332	1070	521	9535	0	20004	-1	-1	115	0	-1			7041101			-1
7041101	普通僵尸	20001	55	10400	607	332	1070	521	9535	0	20004	-1	-1	115	0	-1						-1
70412	橄榄球僵尸	20005	55	8668	374	332	1070	521	9535	0	20005	-1	-1	115	0	-1						-1
70413	卡车司机	20010	40	12531	438	184	1070	521	9535	0	20206	-1	-1	115	1	-1						-1
70421	铁桶木乃伊	20104	55	39546	1330	231	1070	521	9535	0	20104	-1	-1	115	0	-1			7042101			-1
7042101	木乃伊僵尸	20101	55	23727	1330	231	1070	521	9535	0	20104	-1	-1	115	0	-1						-1
70422	死神僵尸	20107	55	26364	665	231	1070	521	9535	0	20107	-1	-1	115	0	-1						-1
70423	淘金僵尸	20305	40	12531	438	184	1070	521	9535	0	20206	-1	-1	115	1	-1			2073601	17214		-1
70431	铁桶僵尸	20204	55	39546	1330	231	1070	521	9535	0	20204	-1	-1	115	0	-1			7043101			-1
7043101	海盗僵尸	20201	55	23727	1330	231	1070	521	9535	0	20204	-1	-1	115	0	-1						-1
70432	飞索海盗	20205	55	26364	665	231	1070	521	9535	0	20205	-1	-1	115	0	-1						-1
70433	雪人僵尸	20008	40	12531	438	184	1070	521	9535	0	20206	-1	-1	115	1	-1						-1
70441	铁桶牛仔	20303	55	39546	1330	231	1070	521	9535	0	20303	-1	-1	115	0	-1			7044101			-1
7044101	牛仔僵尸	20301	55	23727	1330	231	1070	521	9535	0	20303	-1	-1	115	0	-1						-1
70442	淘金僵尸	20305	55	26364	665	231	1070	521	9535	0	20305	-1	-1	115	0	-1			2073601	17214		-1
70443	海鸥海盗	20206	40	12531	438	184	1070	521	9535	0	20206	-1	-1	115	1	-1						-1
70511	铁桶僵尸	20004	70	44058	1371	286	1070	521	9535	0	20004	-1	-1	115	0	-1			7051101			-1
7051101	普通僵尸	20001	70	26435	1371	286	1070	521	9535	0	20004	-1	-1	115	0	-1						-1
70512	橄榄球僵尸	20005	70	29371	685	286	1070	521	9535	0	20005	-1	-1	115	0	-1						-1
70513	卡车司机	20010	70	29371	685	513	1070	521	9535	0	20507	-1	-1	115	1	-1						-1
70521	铁桶木乃伊	20104	70	44058	1371	286	1070	521	9535	0	20104	-1	-1	115	0	-1			7052101			-1
7052101	木乃伊僵尸	20101	70	26435	1371	286	1070	521	9535	0	20104	-1	-1	115	0	-1						-1
70522	死神僵尸	20107	70	29371	685	286	1070	521	9535	0	20107	-1	-1	115	0	-1						-1
70523	淘金僵尸	20305	70	29371	685	513	1070	521	9535	0	20507	-1	-1	115	1	-1			2073601	17214		-1
70531	铁桶僵尸	20204	70	44058	1371	286	1070	521	9535	0	20204	-1	-1	115	0	-1			7053101			-1
7053101	海盗僵尸	20201	70	26435	1371	286	1070	521	9535	0	20204	-1	-1	115	0	-1						-1
70532	飞索海盗	20205	70	29371	685	286	1070	521	9535	0	20205	-1	-1	115	0	-1						-1
70533	滚桶海盗	20207	70	44058	1371	286	1070	521	9535	0	20207	-1	-1	115	0	-1						-1
70534	雪人僵尸	20008	70	29371	685	513	1070	521	9535	0	20507	-1	-1	115	1	-1						-1
70541	铁桶牛仔	20303	70	44058	1371	286	1070	521	9535	0	20303	-1	-1	115	0	-1			7054101			-1
7054101	牛仔僵尸	20301	70	26435	1371	286	1070	521	9535	0	20303	-1	-1	115	0	-1						-1
70542	淘金僵尸	20305	70	29371	685	286	1070	521	9535	0	20305	-1	-1	115	0	-1			2073601	17214		-1
70543	钢琴僵尸	20306	70	44058	1371	286	1070	521	9535	0	20306	-1	-1	115	0	-1						-1
70544	海鸥海盗	20206	70	29371	685	513	1070	521	9535	0	20507	-1	-1	115	1	-1						-1
80101	普通僵尸	20001	15	663	83	95	500	560	9500	0	20001	-1	-1	115	0	-1						-1
80102	旗帜僵尸	20002	15	702	130	60	500	560	9500	0	20002	-1	-1	115	0	-1						-1
80103	路障僵尸	20003	15	999	83	135	500	590	9500	0	20003	-1	-1	115	0	-1						-1
80104	铁桶僵尸	20004	15	999	83	135	500	590	9500	0	20004	-1	-1	115	0	-1			8010401			-1
8010401	普通僵尸	20001	15	663	83	95	500	590	9500	0	20004	-1	-1	115	0	-1						-1
80105	橄榄球僵尸	20005	15	431	56	46	1090	527	9545	0	20005	-1	-1	115	0	-1						-1
80106	撑杆僵尸	20009	15	431	116	46	1090	527	9545	0	20009	-1	-1	115	0	-1						-1
80201	木乃伊僵尸	20101	40	1802	147	246	500	740	9500	0	20101	-1	-1	115	0	-1						-1
80202	路障木乃伊	20102	40	2714	147	350	500	740	9500	0	20102	-1	-1	115	0	-1						-1
80203	旗子木乃伊	20103	40	1802	147	246	500	740	9500	0	20103	-1	-1	115	0	-1						-1
80204	铁桶木乃伊	20104	40	2714	147	350	500	740	9500	0	20104	-1	-1	115	0	-1			8020401			-1
8020401	木乃伊僵尸	20101	40	1908	229	154	500	740	9500	0	20104	-1	-1	115	0	-1						-1
80205	探险家僵尸	20106	40	1908	229	154	1240	572	9620	0	20106	-1	-1	115	0	-1			2073001	15607		-1
80206	死神僵尸	20107	40	1169	150	119	1240	572	9620	0	20107	-1	-1	115	0	-1						-1
80301	海盗僵尸	20201	60	13228	842	385	500	890	9500	0	20201	-1	-1	115	0	-1						-1
80302	路障海盗	20202	60	39688	505	385	500	890	9500	0	20202	-1	-1	115	0	-1						-1
80303	旗子海盗	20203	60	39688	505	385	500	890	9500	0	20203	-1	-1	115	0	-1						-1
80304	铁桶僵尸	20204	60	39688	505	385	500	890	9500	0	20204	-1	-1	115	0	-1			8030401			-1
8030401	海盗僵尸	20201	60	23812	505	385	500	890	9500	0	20204	-1	-1	115	0	-1						-1
80305	飞索海盗	20205	60	7937	1263	385	1390	617	9695	0	20205	-1	-1	115	0	-1						-1
80401	牛仔僵尸	20301	55	11376	711	332	1390	617	9695	0	20301	-1	-1	115	0	-1						-1
80402	路障牛仔	20302	55	34128	427	332	1390	617	9695	0	20302	-1	-1	115	0	-1						-1
80403	铁桶牛仔	20303	55	34128	427	332	1390	617	9695	0	20303	-1	-1	115	0	-1			8040301			-1
8040301	牛仔僵尸	20301	55	20476	427	332	1390	617	9695	0	20303	-1	-1	115	0	-1						-1
80404	旗子牛仔	20304	55	34128	427	332	1390	617	9695	0	20304	-1	-1	115	0	-1						-1
80405	淘金僵尸	20305	55	34128	427	332	1390	617	9695	0	20305	-1	-1	115	0	-1			2073601	17214		-1
80406	钢琴僵尸	20306	55	6825	1067	332	1390	617	9695	0	20306	-1	-1	115	0	-1						-1
80501	普通原始人	20501	70	17614	1187	499	1390	617	9695	0	20501	-1	-1	115	0	-1						-1
80502	路障原始人	20502	70	52842	712	499	1390	617	9695	0	20502	-1	-1	115	0	-1						-1
80503	铁桶原始人	20503	70	52842	712	499	1390	617	9695	0	20503	-1	-1	115	0	-1			8050301			-1
8050301	普通原始人	20501	70	31704	712	499	1390	617	9695	0	20503	-1	-1	115	0	-1						-1
80504	面具原始人	20504	70	52842	712	499	1390	617	9695	0	20504	-1	-1	115	0	-1						-1
80505	木棍原始人	20505	70	10568	1781	499	1390	617	9695	0	20505	-1	-1	115	0	-1						-1
80506	弹弓原始人	20506	70	10568	1781	499	1390	617	9695	0	20506	-1	-1	115	0	-1						-1
80516	蜂窝僵尸boss	30516	70	32405	293	518	1390	617	9695	0	20003	10020325	-1	115	1	-1						-1
80517	精英美国旗帜	20517	70	32405	293	518	1390	617	9695	0	20002	10020320	-1	115	1	-1						-1
80518	精英美国铁桶	20518	70	32405	293	518	1390	617	9695	0	20004	10020317	-1	115	1	-1						-1
80519	精英美国橄榄	20519	70	32405	293	518	1390	617	9695	0	20005	10020321	-1	115	1	-1						-1
80520	精英美国撑杆	20520	70	32405	293	518	1390	617	9695	0	20009	10020319	-1	115	1	-1						-1
200011	普通僵尸	20001	1	106	23	11	500	500	9500	0	20001	-1	-1	115	0	-1						-1
200012	普通僵尸	20001	2	144	25	13	500	510	9500	0	20001	-1	-1	115	0	-1						-1
200013	普通僵尸	20001	3	185	28	15	500	520	9500	0	20001	-1	-1	115	0	-1						-1
200014	普通僵尸	20001	4	234	30	17	500	530	9500	0	20001	-1	-1	115	0	-1						-1
200015	普通僵尸	20001	5	285	32	20	500	540	9500	0	20001	-1	-1	115	0	-1						-1
200016	普通僵尸	20001	6	339	35	22	500	550	9500	0	20001	-1	-1	115	0	-1						-1
200017	普通僵尸	20001	7	401	37	24	500	560	9500	0	20001	-1	-1	115	0	-1						-1
200018	普通僵尸	20001	8	463	40	26	500	570	9500	0	20001	-1	-1	115	0	-1						-1
200019	普通僵尸	20001	9	530	43	28	500	580	9500	0	20001	-1	-1	115	0	-1						-1
200027	旗帜僵尸	20002	7	401	37	24	500	560	9500	0	20002	-1	-1	115	0	-1						-1
200029	旗帜僵尸	20002	9	530	43	28	500	580	9500	0	20002	-1	-1	115	0	-1						-1
200032	路障僵尸	20003	2	259	33	13	500	510	9500	0	20003	-1	-1	115	0	-1						-1
200033	路障僵尸	20003	3	333	36	15	500	520	9500	0	20003	-1	-1	115	0	-1						-1
200034	路障僵尸	20003	4	421	39	17	500	530	9500	0	20003	-1	-1	115	0	-1						-1
200035	路障僵尸	20003	5	513	42	20	500	540	9500	0	20003	-1	-1	115	0	-1						-1
200036	路障僵尸	20003	6	610	46	22	500	550	9500	0	20003	-1	-1	115	0	-1						-1
200037	路障僵尸	20003	7	722	48	24	500	560	9500	0	20003	-1	-1	115	0	-1						-1
200038	路障僵尸	20003	8	833	52	26	500	570	9500	0	20003	-1	-1	115	0	-1						-1
200039	路障僵尸	20003	9	954	56	28	500	580	9500	0	20003	-1	-1	115	0	-1						-1
200045	铁桶僵尸	20004	5	513	42	20	500	540	9500	0	20004	-1	-1	115	0	-1			200016			-1
200046	铁桶僵尸	20004	6	610	46	22	500	550	9500	0	20004	-1	-1	115	0	-1			200016			-1
200047	铁桶僵尸	20004	7	722	48	24	500	560	9500	0	20004	-1	-1	115	0	-1			200016			-1
200048	铁桶僵尸	20004	8	833	52	26	500	570	9500	0	20004	-1	-1	115	0	-1			200016			-1
200049	铁桶僵尸	20004	9	954	56	28	500	580	9500	0	20004	-1	-1	115	0	-1			200016			-1
200055	橄榄球僵尸	20005	5	257	26	20	1040	512	9520	0	20005	-1	-1	115	0	-1						-1
200056	橄榄球僵尸	20005	6	305	28	22	1050	515	9525	0	20005	-1	-1	115	0	-1						-1
200057	橄榄球僵尸	20005	7	361	30	24	1060	518	9530	0	20005	-1	-1	115	0	-1						-1
200058	橄榄球僵尸	20005	8	417	32	26	1070	521	9535	0	20005	-1	-1	115	0	-1						-1
200059	橄榄球僵尸	20005	9	477	34	28	1080	524	9540	0	20005	-1	-1	115	0	-1						-1
200073	伽刚特尔	20007	3	777	70	15	500	530	9500	0	20007	-1	-1	115	1	-1			2072901			-1
200075	伽刚特尔	20007	5	1197	80	20	500	560	9500	0	20007	-1	-1	115	1	-1			2072901			-1
200085	雪人僵尸	20008	5	1197	80	20	1060	512	9540	0	20008	-1	-1	115	1	-1						-1
200086	雪人僵尸	20008	6	1424	88	22	1075	515	9550	0	20008	-1	-1	115	1	-1						-1
200087	雪人僵尸	20008	7	1684	93	24	1090	518	9560	0	20008	-1	-1	115	1	-1						-1
200088	雪人僵尸	20008	8	1945	100	26	1105	521	9570	0	20008	-1	-1	115	1	-1						-1
200091	撑杆僵尸	20009	1	95	18	11	1000	500	9500	0	20009	-1	-1	115	0	-1						-1
200092	撑杆僵尸	20009	2	130	20	13	1010	503	9505	0	20009	-1	-1	115	0	-1						-1
200093	撑杆僵尸	20009	3	167	22	15	1020	506	9510	0	20009	-1	-1	115	0	-1						-1
200094	撑杆僵尸	20009	4	211	24	17	1030	509	9515	0	20009	-1	-1	115	0	-1						-1
200095	撑杆僵尸	20009	5	257	26	20	1040	512	9520	0	20009	-1	-1	115	0	-1						-1
200096	撑杆僵尸	20009	6	305	28	22	1050	515	9525	0	20009	-1	-1	115	0	-1						-1
200097	撑杆僵尸	20009	7	361	30	24	1060	518	9530	0	20009	-1	-1	115	0	-1						-1
200098	撑杆僵尸	20009	8	417	32	26	1070	521	9535	0	20009	-1	-1	115	0	-1						-1
200099	撑杆僵尸	20009	9	477	34	28	1080	524	9540	0	20009	-1	-1	115	0	-1						-1
200108	卡车司机	20010	8	1945	100	26	500	605	9500	0	20010	-1	-1	115	1	-1						-1
200111	橄榄球boss	20015	1	480	15	11	500	500	9500	0	20015	10020321	-1	115	1	-1						-1
200113	路障boss	20011	3	555	50	15	500	520	9500	0	20011	10020318	-1	115	1	-1						-1
200114	路障boss	20011	4	702	54	17	500	530	9500	0	20011	10020318	-1	115	1	-1						-1
200116	路障boss	20011	6	1017	63	22	500	550	9500	0	20011	10020318	-1	115	1	-1						-1
200117	路障boss	20011	7	1203	67	24	500	560	9500	0	20011	10020318	-1	115	1	-1						-1
200118	路障boss	20011	8	1389	72	26	500	570	9500	0	20011	10020318	-1	115	1	-1						-1
200119	路障boss	20011	9	1590	77	28	500	580	9500	0	20011	10020318	-1	115	1	-1						-1
200122	撑杆boss	20012	2	208	20	11	1010	503	9505	0	20012	10020319	-1	115	1	-1						-1
200124	撑杆boss	20012	4	508	25	17	1030	509	9515	0	20012	10020319	-1	115	1	-1						-1
200126	撑杆boss	20012	6	690	30	22	1050	515	9525	0	20012	10020319	-1	115	1	-1						-1
200128	撑杆boss	20012	8	808	35	26	1070	521	9535	0	20012	10020319	-1	115	1	-1						-1
200129	撑杆boss	20012	9	880	40	28	1080	524	9540	0	20012	10020319	-1	115	1	-1						-1
200132	铁桶boss	20013	3	280	30	13	500	510	9500	0	20013	10020317	-1	115	1	-1			200013			-1
200134	铁桶boss	20013	4	430	35	17	500	530	9500	0	20013	10020317	-1	115	1	-1			200014			-1
200135	铁桶boss	20013	5	580	40	20	500	540	9500	0	20013	10020317	-1	115	1	-1			200015			-1
200136	铁桶boss	20013	6	730	45	22	500	550	9500	0	20013	10020317	-1	115	1	-1			200016			-1
200137	铁桶boss	20013	7	880	50	24	500	560	9500	0	20013	10020317	-1	115	1	-1			200017			-1
200139	铁桶boss	20013	9	1030	55	28	500	580	9500	0	20013	10020317	-1	115	1	-1			200018			-1
200143	旗子boss	20014	3	455	40	15	500	520	9500	0	20014	10020320	-1	115	1	-1						-1
200145	旗子boss	20014	5	855	58	20	500	540	9500	0	20014	10020320	-1	115	1	-1						-1
200146	旗子boss	20014	6	1017	63	22	500	550	9500	0	20014	10020320	-1	115	1	-1						-1
200148	旗子boss	20014	8	1389	72	26	500	570	9500	0	20014	10020320	-1	115	1	-1						-1
200149	旗子boss	20014	9	1590	77	28	500	580	9500	0	20014	10020320	-1	115	1	-1						-1
200153	橄榄球boss	20015	3	555	50	15	1020	506	9510	0	20015	10020321	-1	115	1	-1						-1
200154	橄榄球boss	20015	4	702	54	17	1030	509	9515	0	20015	10020321	-1	115	1	-1						-1
200155	橄榄球boss	20015	5	855	58	20	1040	512	9520	0	20015	10020321	-1	115	1	-1						-1
200156	橄榄球boss	20015	6	1017	63	22	1050	515	9525	0	20015	10020321	-1	115	1	-1						-1
200157	橄榄球boss	20015	7	1203	67	24	1060	518	9530	0	20015	10020321	-1	115	1	-1						-1
200159	橄榄球boss	20015	9	1590	77	28	1080	524	9540	0	20015	10020321	-1	115	1	-1						-1
205018	普通原始人	20501	8	463	40	26	500	570	9500	0	20501	-1	-1	115	0	-1						-1
205019	普通原始人	20501	9	530	43	28	500	580	9500	0	20501	-1	-1	115	0	-1						-1
205028	路障原始人	20502	8	833	52	26	500	570	9500	0	20502	-1	-1	115	0	-1						-1
205029	路障原始人	20502	9	954	56	28	500	580	9500	0	20502	-1	-1	115	0	-1						-1
205049	面具原始人	20504	9	954	56	28	1080	524	9540	0	20504	-1	-1	115	0	-1						-1
205068	弹弓原始人	20506	8	417	32	26	1070	521	9535	0	20506	-1	-1	115	0	-1						-1
205069	弹弓原始人	20506	8	417	32	26	1080	524	9540	0	20506	-1	-1	115	0	-1						-1
205128	路障原始人	20502	8	833	52	26	500	605	9500	0	20502	-1	-1	115	0	-1						-1
205139	铁桶原始人boss	30513	8	1030	55	26	500	620	9500	0	20513	10020327	-1	115	1	-1			205018			-1
205149	弹弓原始人boss	30514	8	930	45	26	500	620	9500	0	20514	10020326	-1	115	1	-1						-1
2000111	普通僵尸	20001	11	680	49	33	500	600	9500	0	20001	-1	-1	115	0	-1						-1
2000211	旗帜僵尸	20002	11	680	49	33	500	600	9500	0	20002	-1	-1	115	0	-1						-1
2000213	旗帜僵尸	20002	13	856	56	37	500	620	9500	0	20002	-1	-1	115	0	-1						-1
2000310	路障僵尸	20003	10	1091	60	31	500	590	9500	0	20003	-1	-1	115	0	-1						-1
2000311	路障僵尸	20003	11	1224	64	33	500	600	9500	0	20003	-1	-1	115	0	-1						-1
2000312	路障僵尸	20003	12	1379	69	35	500	610	9500	0	20003	-1	-1	115	0	-1						-1
2000313	路障僵尸	20003	13	1541	73	37	500	620	9500	0	20003	-1	-1	115	0	-1						-1
2000410	铁桶僵尸	20004	10	1091	60	31	500	590	9500	0	20004	-1	-1	115	0	-1			2000111			-1
2000411	铁桶僵尸	20004	11	1224	64	33	500	600	9500	0	20004	-1	-1	115	0	-1			2000111			-1
2000412	铁桶僵尸	20004	12	1379	69	35	500	610	9500	0	20004	-1	-1	115	0	-1			2000111			-1
2000413	铁桶僵尸	20004	13	1541	73	37	500	620	9500	0	20004	-1	-1	115	0	-1			2000111			-1
2000510	橄榄球僵尸	20005	10	545	37	31	1090	527	9545	0	20005	-1	-1	115	0	-1						-1
2000511	橄榄球僵尸	20005	11	612	39	33	1100	530	9550	0	20005	-1	-1	115	0	-1						-1
2000513	橄榄球僵尸	20005	13	770	45	37	1120	536	9560	0	20005	-1	-1	115	0	-1						-1
2000722	伽刚特尔	20007	22	7833	245	91	500	815	9500	0	20007	-1	-1	115	1	-1			2072901			-1
2000724	伽刚特尔	20007	24	9072	275	109	500	845	9500	0	20007	-1	-1	115	1	-1			2072901			-1
2000726	伽刚特尔	20007	26	10168	370	126	500	875	9500	0	20007	10020007	-1	115	1	-1			2072901			-1
2000727	伽刚特尔	20007	27	10660	388	136	500	890	9500	0	20007	-1	-1	115	1	-1			2072901			-1
2000729	伽刚特尔	20007	29	11726	420	157	500	920	9500	0	20007	-1	-1	115	1	-1			2072901			-1
2000730	伽刚特尔	20007	30	15095	438	168	500	935	9500	0	20007	-1	-1	115	1	-1			2072901			-1
2000731	伽刚特尔	20007	31	15782	458	178	500	950	9500	0	20007	10020007	-1	115	1	-1			2072901			-1
2000732	伽刚特尔	20007	32	16562	475	192	500	965	9500	0	20007	-1	-1	115	1	-1			2072901			-1
2000733	伽刚特尔	20007	33	17280	495	203	500	980	9500	0	20007	10020007	-1	115	1	-1			2072901			-1
2000819	雪人僵尸	20008	19	6216	203	51	1270	554	9680	0	20008	-1	-1	115	1	-1						-1
2000821	雪人僵尸	20008	21	7274	230	84	1300	560	9700	0	20008	-1	-1	115	1	-1						-1
2000823	雪人僵尸	20008	23	8417	260	101	1330	566	9720	0	20008	-1	-1	115	1	-1						-1
2000910	撑杆僵尸	20009	10	545	37	31	1090	527	9545	0	20009	-1	-1	115	0	-1						-1
2000911	撑杆僵尸	20009	11	612	39	33	1100	530	9550	0	20009	-1	-1	115	0	-1						-1
2000912	撑杆僵尸	20009	12	689	42	35	1110	533	9555	0	20009	-1	-1	115	0	-1						-1
2000913	撑杆僵尸	20009	13	770	45	37	1120	536	9560	0	20009	-1	-1	115	0	-1						-1
2001010	卡车司机	20010	10	2545	115	31	500	635	9500	0	20010	-1	-1	115	1	-1						-1
2001011	卡车司机	20010	11	2856	123	33	500	650	9500	0	20010	-1	-1	115	1	-1						-1
2001013	卡车司机	20010	13	3595	140	37	500	680	9500	0	20010	-1	-1	115	1	-1						-1
2001110	路障boss	20011	10	1818	83	31	500	590	9500	0	20011	10020318	-1	115	1	-1						-1
2001112	路障boss	20011	12	2298	95	35	500	610	9500	0	20011	10020318	-1	115	1	-1						-1
2001210	撑杆boss	20012	10	1818	83	31	1090	527	9545	0	20012	10020319	-1	115	1	-1						-1
2001211	撑杆boss	20012	11	2040	88	33	1100	530	9550	0	20012	10020319	-1	115	1	-1						-1
2001311	铁桶boss	20013	11	2040	88	33	500	600	9500	0	20013	10020317	-1	115	1	-1			2001314			-1
2001313	铁桶boss	20013	13	2568	101	37	500	620	9500	0	20013	10020317	-1	115	1	-1			2001314			-1
2001314	普通僵尸	20001	13	1540	101	37	500	620	9500	0	20013	10020317	-1	115	1	-1						-1
2001411	旗子boss	20014	11	2040	88	33	500	600	9500	0	20014	10020320	-1	115	1	-1						-1
2001510	橄榄球boss	20015	10	1818	83	31	1090	527	9545	0	20015	10020321	-1	115	1	-1						-1
2001511	橄榄球boss	20015	11	2040	88	33	1100	530	9550	0	20015	10020321	-1	115	1	-1						-1
2001512	橄榄球boss	20015	12	2298	95	35	1110	533	9555	0	20015	10020321	-1	115	1	-1						-1
2001513	橄榄球boss	20015	13	2568	101	37	1120	536	9560	0	20015	10020321	-1	115	1	-1						-1
2010123	木乃伊僵尸	20101	28	2670	161	108	500	720	9500	0	20101	-1	-1	115	0	-1						-1
2010124	木乃伊僵尸	20101	29	2792	168	114	500	730	9500	0	20101	-1	-1	115	0	-1						-1
2010125	木乃伊僵尸	20101	30	3594	175	120	500	740	9500	0	20101	-1	-1	115	0	-1						-1
2010126	木乃伊僵尸	20101	31	3756	183	127	500	750	9500	0	20101	-1	-1	115	0	-1						-1
2010127	木乃伊僵尸	20101	32	3942	190	134	500	760	9500	0	20101	-1	-1	115	0	-1						-1
2010223	路障木乃伊	20102	28	4806	209	108	500	720	9500	0	20102	-1	-1	115	0	-1						-1
2010224	路障木乃伊	20102	29	5026	218	114	500	730	9500	0	20102	-1	-1	115	0	-1						-1
2010225	路障木乃伊	20102	30	6470	228	120	500	740	9500	0	20102	-1	-1	115	0	-1						-1
2010226	路障木乃伊	20102	31	6763	238	127	500	750	9500	0	20102	-1	-1	115	0	-1						-1
2010227	路障木乃伊	20102	32	7096	247	134	500	760	9500	0	20102	-1	-1	115	0	-1						-1
2010228	路障木乃伊	20102	33	7406	257	142	500	770	9500	0	20102	-1	-1	115	0	-1						-1
2010229	路障木乃伊	20102	34	7755	268	148	500	780	9500	0	20102	-1	-1	115	0	-1						-1
2010230	路障木乃伊	20102	35	8112	278	155	500	790	9500	0	20102	-1	-1	115	0	-1						-1
2010231	路障木乃伊	20102	36	8475	290	162	500	800	9500	0	20102	-1	-1	115	0	-1						-1
2010232	路障木乃伊	20102	37	8812	302	171	500	810	9500	0	20102	-1	-1	115	0	-1						-1
2010233	路障木乃伊	20102	38	9190	313	179	500	820	9500	0	20102	-1	-1	115	0	-1						-1
2010234	路障木乃伊	20102	39	9577	326	186	500	830	9500	0	20102	-1	-1	115	0	-1						-1
2010325	旗子木乃伊	20103	30	3594	175	120	500	740	9500	0	20103	-1	-1	115	0	-1						-1
2010326	旗子木乃伊	20103	31	3756	183	127	500	750	9500	0	20103	-1	-1	115	0	-1						-1
2010327	旗子木乃伊	20103	32	3942	190	134	500	760	9500	0	20103	-1	-1	115	0	-1						-1
2010328	旗子木乃伊	20103	33	4114	198	142	500	770	9500	0	20103	-1	-1	115	0	-1						-1
2010329	旗子木乃伊	20103	34	4308	206	148	500	780	9500	0	20103	-1	-1	115	0	-1						-1
2010330	旗子木乃伊	20103	35	4506	214	155	500	790	9500	0	20103	-1	-1	115	0	-1						-1
2010331	旗子木乃伊	20103	36	4708	223	162	500	800	9500	0	20103	-1	-1	115	0	-1						-1
2010332	旗子木乃伊	20103	37	4895	232	171	500	810	9500	0	20103	-1	-1	115	0	-1						-1
2010333	旗子木乃伊	20103	38	5105	241	179	500	820	9500	0	20103	-1	-1	115	0	-1						-1
2010334	旗子木乃伊	20103	39	5320	251	186	500	830	9500	0	20103	-1	-1	115	0	-1						-1
2010425	铁桶木乃伊	20104	30	6470	228	120	500	740	9500	0	20104	-1	-1	115	0	-1			2010127			-1
2010426	铁桶木乃伊	20104	31	6763	238	127	500	750	9500	0	20104	-1	-1	115	0	-1			2010127			-1
2010427	铁桶木乃伊	20104	32	7096	247	134	500	760	9500	0	20104	-1	-1	115	0	-1			2010127			-1
2010428	铁桶木乃伊	20104	33	7406	257	142	500	770	9500	0	20104	-1	-1	115	0	-1			2010127			-1
2010429	铁桶木乃伊	20104	34	7755	268	148	500	780	9500	0	20104	-1	-1	115	0	-1			2010127			-1
2010430	铁桶木乃伊	20104	35	8112	278	155	500	790	9500	0	20104	-1	-1	115	0	-1			2010127			-1
2010431	铁桶木乃伊	20104	36	8475	290	162	500	800	9500	0	20104	-1	-1	115	0	-1			2010127			-1
2010432	铁桶木乃伊	20104	37	8812	302	171	500	810	9500	0	20104	-1	-1	115	0	-1			2010127			-1
2010433	铁桶木乃伊	20104	38	9190	313	179	500	820	9500	0	20104	-1	-1	115	0	-1			2010127			-1
2010434	铁桶木乃伊	20104	39	9577	326	186	500	830	9500	0	20104	-1	-1	115	0	-1			2010127			-1
2010527	铁桶木乃伊	20104	32	7096	247	134	500	760	9500	0	20105	-1	-1	115	0	-1			2010127			-1
2010528	铁桶木乃伊	20104	33	7406	257	142	500	770	9500	0	20105	-1	-1	115	0	-1			2010127			-1
2010529	铁桶木乃伊	20104	34	7755	268	148	500	780	9500	0	20105	-1	-1	115	0	-1			2010127			-1
2010530	铁桶木乃伊	20104	35	8112	278	155	500	790	9500	0	20105	-1	-1	115	0	-1			2010127			-1
2010531	铁桶木乃伊	20104	36	8475	290	162	500	800	9500	0	20105	-1	-1	115	0	-1			2010127			-1
2010532	铁桶木乃伊	20104	37	8812	302	171	500	810	9500	0	20105	-1	-1	115	0	-1			2010127			-1
2010533	铁桶木乃伊	20104	38	9190	313	179	500	820	9500	0	20105	-1	-1	115	0	-1			2010127			-1
2010534	铁桶木乃伊	20104	39	9577	326	186	500	830	9500	0	20105	-1	-1	115	0	-1			2010127			-1
2010623	探险家僵尸	20106	28	2403	129	108	1220	566	9610	0	20106	-1	-1	115	0	-1			2073001	15607		-1
2010624	探险家僵尸	20106	29	2513	134	114	1230	569	9615	0	20106	-1	-1	115	0	-1			2073001	15607		-1
2010625	探险家僵尸	20106	30	3234	140	120	1240	572	9620	0	20106	-1	-1	115	0	-1			2073001	15607		-1
2010626	探险家僵尸	20106	31	3381	146	127	1250	575	9625	0	20106	-1	-1	115	0	-1			2073001	15607		-1
2010627	探险家僵尸	20106	32	3549	152	134	1260	578	9630	0	20106	-1	-1	115	0	-1			2073001	15607		-1
2010628	探险家僵尸	20106	33	3702	158	142	1270	581	9635	0	20106	-1	-1	115	0	-1			2073001	15607		-1
2010629	探险家僵尸	20106	34	3876	165	148	1280	584	9640	0	20106	-1	-1	115	0	-1			2073001	15607		-1
2010630	探险家僵尸	20106	35	4056	171	155	1290	587	9645	0	20106	-1	-1	115	0	-1			2073001	15607		-1
2010631	探险家僵尸	20106	36	4237	178	162	1300	590	9650	0	20106	-1	-1	115	0	-1			2073001	15607		-1
2010632	探险家僵尸	20106	37	4406	186	171	1310	593	9655	0	20106	-1	-1	115	0	-1			2073001	15607		-1
2010633	探险家僵尸	20106	38	4596	193	179	1320	596	9660	0	20106	-1	-1	115	0	-1			2073001	15607		-1
2010634	探险家僵尸	20106	39	4788	201	186	1330	599	9665	0	20106	-1	-1	115	0	-1			2073001	15607		-1
2010722	死神僵尸	20107	27	2284	124	101	1210	563	9605	0	20107	-1	-1	115	0	-1						-1
2010724	死神僵尸	20107	29	2513	134	114	1230	569	9615	0	20107	-1	-1	115	0	-1						-1
2010726	死神僵尸	20107	31	3381	146	127	1250	575	9625	0	20107	-1	-1	115	0	-1						-1
2010727	死神僵尸	20107	32	3549	152	134	1260	578	9630	0	20107	-1	-1	115	0	-1						-1
2010728	死神僵尸	20107	33	3702	158	142	1270	581	9635	0	20107	-1	-1	115	0	-1						-1
2010729	死神僵尸	20107	34	3876	165	148	1280	584	9640	0	20107	-1	-1	115	0	-1						-1
2010730	死神僵尸	20107	35	4056	171	155	1290	587	9645	0	20107	-1	-1	115	0	-1						-1
2010731	死神僵尸	20107	36	4237	178	162	1300	590	9650	0	20107	-1	-1	115	0	-1						-1
2010732	死神僵尸	20107	38	4596	193	179	1310	593	9655	0	20107	-1	-1	115	0	-1						-1
2010733	死神僵尸	20107	38	4596	193	179	1320	596	9660	0	20107	-1	-1	115	0	-1						-1
2010734	死神僵尸	20107	39	4788	201	186	1330	599	9665	0	20107	-1	-1	115	0	-1						-1
2010825	太阳神僵尸	20108	30	3234	140	120	1240	572	9620	0	20108	-1	-1	115	0	-1						-1
2010826	太阳神僵尸	20108	31	3381	146	127	1250	575	9625	0	20108	-1	-1	115	0	-1						-1
2010827	太阳神僵尸	20108	32	3549	152	134	1260	578	9630	0	20108	-1	-1	115	0	-1						-1
2010828	太阳神僵尸	20108	33	3702	158	142	1270	581	9635	0	20108	-1	-1	115	0	-1						-1
2011123	路障木乃伊boss	20111	28	8010	290	148	500	720	9500	0	20111	-1	-1	115	1	-1						-1
2011125	路障木乃伊boss	20111	30	10783	315	168	500	740	9500	0	20111	-1	-1	115	1	-1						-1
2011126	路障木乃伊boss	20111	31	11272	329	178	500	750	9500	0	20111	-1	-1	115	1	-1						-1
2011127	路障木乃伊boss	20111	32	11829	342	192	500	760	9500	0	20111	-1	-1	115	1	-1						-1
2011128	路障木乃伊boss	20111	33	12344	356	203	500	770	9500	0	20111	-1	-1	115	1	-1						-1
2011129	路障木乃伊boss	20111	34	12925	371	214	500	780	9500	0	20111	-1	-1	115	1	-1						-1
2011130	路障木乃伊boss	20111	35	13519	385	226	500	790	9500	0	20111	-1	-1	115	1	-1						-1
2011131	路障木乃伊boss	20111	36	14126	401	238	500	800	9500	0	20111	-1	-1	115	1	-1						-1
2011132	路障木乃伊boss	20111	37	14686	418	254	500	810	9500	0	20111	-1	-1	115	1	-1						-1
2011133	路障木乃伊boss	20111	38	15317	434	267	500	820	9500	0	20111	-1	-1	115	1	-1						-1
2011134	路障木乃伊boss	20111	39	15962	452	280	500	830	9500	0	20111	-1	-1	115	1	-1						-1
2011225	旗帜木乃伊boss	20112	30	10783	315	168	500	740	9500	0	20112	-1	-1	115	1	-1						-1
2011226	旗帜木乃伊boss	20112	31	11272	329	178	500	750	9500	0	20112	-1	-1	115	1	-1						-1
2011227	旗帜木乃伊boss	20112	32	11829	342	192	500	760	9500	0	20112	-1	-1	115	1	-1						-1
2011228	旗帜木乃伊boss	20112	33	12344	356	203	500	770	9500	0	20112	-1	-1	115	1	-1						-1
2011229	旗帜木乃伊boss	20112	34	12925	371	214	500	780	9500	0	20112	-1	-1	115	1	-1						-1
2011230	旗帜木乃伊boss	20112	35	13519	385	226	500	790	9500	0	20112	-1	-1	115	1	-1						-1
2011231	旗帜木乃伊boss	20112	36	14126	401	238	500	800	9500	0	20112	-1	-1	115	1	-1						-1
2011324	铁桶木乃伊boss	20113	29	8376	302	157	500	730	9500	0	20113	10020337	-1	115	1	-1			2011334			-1
2011325	铁桶木乃伊boss	20113	30	10783	315	168	500	740	9500	0	20113	10020337	-1	115	1	-1			2011334			-1
2011326	铁桶木乃伊boss	20113	31	11272	329	178	500	750	9500	0	20113	10020337	-1	115	1	-1			2011334			-1
2011327	铁桶木乃伊boss	20113	32	11829	342	192	500	760	9500	0	20113	10020337	-1	115	1	-1			2011334			-1
2011328	铁桶木乃伊boss	20113	33	12344	356	203	500	770	9500	0	20113	10020337	-1	115	1	-1			2011334			-1
2011329	铁桶木乃伊boss	20113	34	12925	371	214	500	780	9500	0	20113	10020337	-1	115	1	-1			2011334			-1
2011330	铁桶木乃伊boss	20113	35	13519	385	226	500	790	9500	0	20113	10020337	-1	115	1	-1			2011334			-1
2011331	铁桶木乃伊boss	20113	36	14126	401	238	500	800	9500	0	20113	10020337	-1	115	1	-1			2011334			-1
2011332	铁桶木乃伊boss	20113	37	14686	418	254	500	810	9500	0	20113	10020337	-1	115	1	-1			2011334			-1
2011333	铁桶木乃伊boss	20113	38	15317	434	267	500	820	9500	0	20113	10020337	-1	115	1	-1			2011334			-1
2011334	木乃伊僵尸	20101	38	9190	434	267	500	820	9500	0	20113		-1	115	1	-1						-1
2011425	探险家boss	20114	30	10783	315	168	1240	572	9620	0	20114	-1	-1	115	1	-1			2073101	915607		-1
2011427	探险家boss	20114	32	11829	342	192	1260	578	9630	0	20114	-1	-1	115	1	-1			2073101	915607		-1
2011428	探险家boss	20114	33	12344	356	203	1270	581	9635	0	20114	-1	-1	115	1	-1			2073101	915607		-1
2011429	探险家boss	20114	34	12925	371	214	1280	584	9640	0	20114	-1	-1	115	1	-1			2073101	915607		-1
2011430	探险家boss	20114	35	13519	385	226	1290	587	9645	0	20114	-1	-1	115	1	-1			2073101	915607		-1
2011431	探险家boss	20114	36	14126	401	238	1300	590	9650	0	20114	-1	-1	115	1	-1			2073101	915607		-1
2011432	探险家boss	20114	37	14686	418	254	1310	593	9655	0	20114	-1	-1	115	1	-1			2073101	915607		-1
2011433	探险家boss	20114	38	15317	434	267	1320	596	9660	0	20114	-1	-1	115	1	-1			2073101	915607		-1
2011526	死神boss	20115	31	11272	329	178	1250	575	9625	0	20115	-1	-1	115	1	-1			2010901			-1
2011527	死神boss	20115	32	11829	342	192	1260	578	9630	0	20115	-1	-1	115	1	-1			2010901			-1
2011528	死神boss	20115	33	12344	356	203	1270	581	9635	0	20115	-1	-1	115	1	-1			2010901			-1
2011529	死神boss	20115	34	12925	371	214	1280	584	9640	0	20115	-1	-1	115	1	-1			2010901			-1
2011530	死神boss	20115	35	13519	385	226	1290	587	9645	0	20115	-1	-1	115	1	-1			2010901			-1
2011531	死神boss	20115	36	14126	401	238	1300	590	9650	0	20115	-1	-1	115	1	-1			2010901			-1
2011532	死神boss	20115	37	14686	418	254	1310	593	9655	0	20115	-1	-1	115	1	-1			2010901			-1
2011533	死神boss	20115	38	15317	434	267	1320	596	9660	0	20115	-1	-1	115	1	-1			2010901			-1
2011534	死神boss	20115	39	15962	452	280	1330	599	9665	0	20115	-1	-1	115	1	-1			2010901			-1
2011625	太阳神boss	20116	30	10783	315	168	1240	572	9620	0	20116	10020108	-1	115	1	-1						-1
2011626	太阳神boss	20116	31	11272	329	178	1250	575	9625	0	20116	10020108	-1	115	1	-1						-1
2011627	太阳神boss	20116	32	11829	342	192	1260	578	9630	0	20116	10020108	-1	115	1	-1						-1
2011628	太阳神boss	20116	33	12344	356	203	1270	581	9635	0	20116	10020108	-1	115	1	-1						-1
2011629	太阳神boss	20116	34	12925	371	214	1280	584	9640	0	20116	10020108	-1	115	1	-1						-1
2011630	太阳神boss	20116	35	13519	385	226	1290	587	9645	0	20116	10020108	-1	115	1	-1						-1
2011631	太阳神boss	20116	36	14126	401	238	1300	590	9650	0	20116	10020108	-1	115	1	-1						-1
2011632	太阳神boss	20116	37	14686	418	254	1310	593	9655	0	20116	10020108	-1	115	1	-1						-1
2011633	太阳神boss	20116	38	15317	434	267	1320	596	9660	0	20116	10020108	-1	115	1	-1						-1
2011634	太阳神boss	20116	39	15962	452	280	1330	599	9665	0	20116	10020108	-1	115	1	-1						-1
2011729	法老boss	20117	34	18095	515	214	500	780	9500	0	20117	-1	-1	115	1	-1						-1
2011731	法老boss	20117	36	19777	558	238	500	800	9500	0	20117	-1	-1	115	1	-1						-1
2011732	法老boss	20117	37	20561	580	254	500	810	9500	0	20117	-1	-1	115	1	-1						-1
2011733	法老boss	20117	38	21446	603	267	500	820	9500	0	20117	-1	-1	115	1	-1						-1
2011734	法老boss	20117	39	22347	628	280	500	830	9500	0	20117	-1	-1	115	1	-1						-1
2011830	埃及艳后boss	20118	35	18927	535	226	770	770	9770	0	20118	-1	-1	115	1	-1						-1
2011831	埃及艳后boss	20118	36	19777	558	238	500	800	9500	0	20118	-1	-1	115	1	-1						-1
2011832	埃及艳后boss	20118	37	20561	580	254	780	780	9780	0	20118	-1	-1	115	1	-1						-1
2011833	埃及艳后boss	20118	38	21446	603	267	500	820	9500	0	20118	-1	-1	115	1	-1						-1
2020131	海盗僵尸	20201	41	5786	271	203	500	800	9500	0	20201	-1	-1	115	0	-1						-1
2020132	海盗僵尸	20201	42	6015	282	211	500	810	9500	0	20201	-1	-1	115	0	-1						-1
2020133	海盗僵尸	20201	43	6247	293	219	500	820	9500	0	20201	-1	-1	115	0	-1						-1
2020134	海盗僵尸	20201	44	6486	304	227	500	830	9500	0	20201	-1	-1	115	0	-1						-1
2020135	海盗僵尸	20201	45	6751	316	236	500	840	9500	0	20201	-1	-1	115	0	-1						-1
2020138	海盗僵尸	20201	48	7528	355	263	500	870	9500	0	20201	-1	-1	115	0	-1						-1
2020139	海盗僵尸	20201	49	7813	369	272	500	880	9500	0	20201	-1	-1	115	0	-1						-1
2020140	海盗僵尸	20201	50	8104	384	283	500	890	9500	0	20201	-1	-1	115	0	-1						-1
2020141	海盗僵尸	20201	51	8398	399	292	500	900	9500	0	20201	-1	-1	115	0	-1						-1
2020234	路障海盗	20202	44	11675	395	227	500	830	9500	0	20202	-1	-1	115	0	-1						-1
2020235	路障海盗	20202	45	12152	411	236	500	840	9500	0	20202	-1	-1	115	0	-1						-1
2020236	路障海盗	20202	46	12597	428	246	500	850	9500	0	20202	-1	-1	115	0	-1						-1
2020237	路障海盗	20202	47	13090	445	254	500	860	9500	0	20202	-1	-1	115	0	-1						-1
2020238	路障海盗	20202	48	13550	462	263	500	870	9500	0	20202	-1	-1	115	0	-1						-1
2020239	路障海盗	20202	49	14065	480	272	500	880	9500	0	20202	-1	-1	115	0	-1						-1
2020240	路障海盗	20202	50	14587	499	283	500	890	9500	0	20202	-1	-1	115	0	-1						-1
2020241	路障海盗	20202	51	15117	519	292	500	900	9500	0	20202	-1	-1	115	0	-1						-1
2020242	路障海盗	20202	52	15657	540	301	500	910	9500	0	20202	-1	-1	115	0	-1						-1
2020331	旗子海盗	20203	41	5786	271	203	500	800	9500	0	20203	-1	-1	115	0	-1						-1
2020332	旗子海盗	20203	42	6015	282	211	500	810	9500	0	20203	-1	-1	115	0	-1						-1
2020333	旗子海盗	20203	43	6247	293	219	500	820	9500	0	20203	-1	-1	115	0	-1						-1
2020334	旗子海盗	20203	44	6486	304	227	500	830	9500	0	20203	-1	-1	115	0	-1						-1
2020335	旗子海盗	20203	45	6751	316	236	500	840	9500	0	20203	-1	-1	115	0	-1						-1
2020336	旗子海盗	20203	46	6997	329	246	500	850	9500	0	20203	-1	-1	115	0	-1						-1
2020337	旗子海盗	20203	47	7273	342	254	500	860	9500	0	20203	-1	-1	115	0	-1						-1
2020338	旗子海盗	20203	48	7528	355	263	500	870	9500	0	20203	-1	-1	115	0	-1						-1
2020339	旗子海盗	20203	49	7813	369	272	500	880	9500	0	20203	-1	-1	115	0	-1						-1
2020340	旗子海盗	20203	50	8104	384	283	500	890	9500	0	20203	-1	-1	115	0	-1						-1
2020341	旗子海盗	20203	51	8398	399	292	500	900	9500	0	20203	-1	-1	115	0	-1						-1
2020342	旗子海盗	20203	52	8698	415	301	500	910	9500	0	20203	-1	-1	115	0	-1						-1
2020432	铁桶僵尸	20204	42	10827	367	211	500	810	9500	0	20204	-1	-1	115	0	-1			2020135			-1
2020433	铁桶僵尸	20204	43	11246	381	219	500	820	9500	0	20204	-1	-1	115	0	-1			2020135			-1
2020434	铁桶僵尸	20204	44	11675	395	227	500	830	9500	0	20204	-1	-1	115	0	-1			2020135			-1
2020435	铁桶僵尸	20204	45	12152	411	236	500	840	9500	0	20204	-1	-1	115	0	-1			2020135			-1
2020436	铁桶僵尸	20204	46	12597	428	246	500	850	9500	0	20204	-1	-1	115	0	-1			2020135			-1
2020437	铁桶僵尸	20204	47	13090	445	254	500	860	9500	0	20204	-1	-1	115	0	-1			2020135			-1
2020438	铁桶僵尸	20204	48	13550	462	263	500	870	9500	0	20204	-1	-1	115	0	-1			2020135			-1
2020439	铁桶僵尸	20204	49	14065	480	272	500	880	9500	0	20204	-1	-1	115	0	-1			2020135			-1
2020440	铁桶僵尸	20204	50	14587	499	283	500	890	9500	0	20204	-1	-1	115	0	-1			2020135			-1
2020441	铁桶僵尸	20204	51	15117	519	292	500	900	9500	0	20204	-1	-1	115	0	-1			2020135			-1
2020531	飞索海盗	20205	41	5207	217	203	1300	590	9650	0	20205	-1	-1	115	0	-1						-1
2020532	飞索海盗	20205	42	5413	226	211	1310	593	9655	0	20205	-1	-1	115	0	-1						-1
2020533	飞索海盗	20205	43	5622	234	219	1320	596	9660	0	20205	-1	-1	115	0	-1						-1
2020534	飞索海盗	20205	44	5837	243	227	1330	599	9665	0	20205	-1	-1	115	0	-1						-1
2020535	飞索海盗	20205	45	6076	253	236	1340	602	9670	0	20205	-1	-1	115	0	-1						-1
2020536	飞索海盗	20205	46	6298	263	246	1350	605	9675	0	20205	-1	-1	115	0	-1						-1
2020537	飞索海盗	20205	47	6546	274	254	1360	608	9680	0	20205	-1	-1	115	0	-1						-1
2020538	飞索海盗	20205	48	6775	284	263	1370	611	9685	0	20205	-1	-1	115	0	-1						-1
2020539	飞索海盗	20205	49	7032	295	272	1380	614	9690	0	20205	-1	-1	115	0	-1						-1
2020540	飞索海盗	20205	50	7293	307	283	1390	617	9695	0	20205	-1	-1	115	0	-1						-1
2020541	飞索海盗	20205	51	7559	319	292	1400	620	9700	0	20205	-1	-1	115	0	-1						-1
2020542	飞索海盗	20205	52	7829	332	301	1410	623	9705	0	20205	-1	-1	115	0	-1						-1
2020734	滚桶海盗	20207	44	11675	395	227	500	830	9500	0	20207	-1	-1	115	0	-1						-1
2020735	滚桶海盗	20207	45	12152	411	236	500	840	9500	0	20207	-1	-1	115	0	-1						-1
2020736	滚桶海盗	20207	46	12597	428	246	500	850	9500	0	20207	-1	-1	115	0	-1						-1
2020737	滚桶海盗	20207	47	13090	445	254	500	860	9500	0	20207	-1	-1	115	0	-1						-1
2020738	滚桶海盗	20207	48	13550	462	263	500	870	9500	0	20207	-1	-1	115	0	-1						-1
2020739	滚桶海盗	20207	49	14065	480	272	500	880	9500	0	20207	-1	-1	115	0	-1						-1
2020740	滚桶海盗	20207	50	14587	499	283	500	890	9500	0	20207	-1	-1	115	0	-1						-1
2020741	滚桶海盗	20207	51	15117	519	292	500	900	9500	0	20207	-1	-1	115	0	-1						-1
2020742	滚桶海盗	20207	52	15657	540	301	500	910	9500	0	20207	-1	-1	115	0	-1						-1
2020936	小鬼僵尸炮	20209	46	29391	823	246	1525	605	9850	0	20209	-1	-1	115	0	-1						-1
2020937	小鬼僵尸炮	20209	47	30547	855	254	1360	608	9680	0	20209	-1	-1	115	0	-1						-1
2020938	小鬼僵尸炮	20209	48	31619	888	263	1555	611	9870	0	20209	-1	-1	115	0	-1						-1
2020939	小鬼僵尸炮	20209	49	32818	923	272	1380	614	9690	0	20209	-1	-1	115	0	-1						-1
2020940	小鬼僵尸炮	20209	50	34039	960	283	1585	617	9890	0	20209	-1	-1	115	0	-1						-1
2020941	小鬼僵尸炮	20209	51	35275	998	292	1400	620	9700	0	20209	-1	-1	115	0	-1						-1
2021231	路障海盗boss	20212	41	17359	488	311	500	800	9500	0	20212	-1	-1	115	1	-1						-1
2021232	路障海盗boss	20212	42	18045	508	325	500	810	9500	0	20212	-1	-1	115	1	-1						-1
2021233	路障海盗boss	20212	43	18744	527	340	500	820	9500	0	20212	-1	-1	115	1	-1						-1
2021234	路障海盗boss	20212	44	19458	547	355	500	830	9500	0	20212	-1	-1	115	1	-1						-1
2021235	路障海盗boss	20212	45	20254	569	370	500	840	9500	0	20212	-1	-1	115	1	-1						-1
2021236	路障海盗boss	20212	46	20994	592	389	500	850	9500	0	20212	-1	-1	115	1	-1						-1
2021237	路障海盗boss	20212	47	21819	616	405	500	860	9500	0	20212	-1	-1	115	1	-1						-1
2021332	铁桶海盗boss	20213	42	18045	508	325	500	810	9500	0	20213	-1	-1	115	1	-1			2021340			-1
2021333	铁桶海盗boss	20213	43	18744	527	340	500	820	9500	0	20213	-1	-1	115	1	-1			2021340			-1
2021334	铁桶海盗boss	20213	44	19458	547	355	500	830	9500	0	20213	-1	-1	115	1	-1			2021340			-1
2021335	铁桶海盗boss	20213	45	20254	569	370	500	840	9500	0	20213	-1	-1	115	1	-1			2021340			-1
2021336	铁桶海盗boss	20213	46	20994	592	389	500	850	9500	0	20213	-1	-1	115	1	-1			2021340			-1
2021337	铁桶海盗boss	20213	47	21819	616	405	500	860	9500	0	20213	-1	-1	115	1	-1			2021340			-1
2021338	铁桶海盗boss	20213	48	22584	639	422	500	870	9500	0	20213	-1	-1	115	1	-1			2021340			-1
2021339	铁桶海盗boss	20213	49	23442	664	438	500	880	9500	0	20213	-1	-1	115	1	-1			2021340			-1
2021340	海盗僵尸	20201	49	14064	664	272	500	880	9500	0	20213	-1	-1	115	0	-1						-1
2021432	旗帜海盗boss	20214	42	18045	508	325	500	810	9500	0	20214	-1	-1	115	1	-1						-1
2021433	旗帜海盗boss	20214	43	18744	527	340	500	820	9500	0	20214	-1	-1	115	1	-1						-1
2021434	旗帜海盗boss	20214	44	19458	547	355	500	830	9500	0	20214	-1	-1	115	1	-1						-1
2021435	旗帜海盗boss	20214	45	20254	569	370	500	840	9500	0	20214	-1	-1	115	1	-1						-1
2021436	旗帜海盗boss	20214	46	20994	592	389	500	850	9500	0	20214	-1	-1	115	1	-1						-1
2021437	旗帜海盗boss	20214	47	21819	616	405	500	860	9500	0	20214	-1	-1	115	1	-1						-1
2021532	飞索海盗boss	20215	42	18045	508	325	1310	593	9655	0	20215	-1	-1	115	1	-1						-1
2021534	飞索海盗boss	20215	44	19458	547	355	1330	599	9665	0	20215	-1	-1	115	1	-1						-1
2021535	飞索海盗boss	20215	45	20254	569	370	1340	602	9670	0	20215	-1	-1	115	1	-1						-1
2021536	飞索海盗boss	20215	46	20994	592	389	1350	605	9675	0	20215	-1	-1	115	1	-1						-1
2021537	飞索海盗boss	20215	47	21819	616	405	1360	608	9680	0	20215	-1	-1	115	1	-1						-1
2021538	飞索海盗boss	20215	48	22584	639	422	1370	611	9685	0	20215	-1	-1	115	1	-1						-1
2021539	飞索海盗boss	20215	49	23442	664	438	1380	614	9690	0	20215	-1	-1	115	1	-1						-1
2021540	飞索海盗boss	20215	50	24313	691	459	1390	617	9695	0	20215	-1	-1	115	1	-1						-1
2021541	飞索海盗boss	20215	51	25196	718	477	1400	620	9700	0	20215	-1	-1	115	1	-1						-1
2021635	海鸥海盗boss	20216	45	20254	569	370	500	840	9500	0	20216	-1	-1	115	1	-1						-1
2021636	海鸥海盗boss	20216	46	20994	592	389	500	850	9500	0	20216	-1	-1	115	1	-1						-1
2021637	海鸥海盗boss	20216	47	21819	616	405	500	860	9500	0	20216	-1	-1	115	1	-1						-1
2021638	海鸥海盗boss	20216	48	22584	639	422	500	870	9500	0	20216	-1	-1	115	1	-1						-1
2021639	海鸥海盗boss	20216	49	23442	664	438	500	880	9500	0	20216	-1	-1	115	1	-1						-1
2021640	海鸥海盗boss	20216	50	24313	691	459	500	890	9500	0	20216	-1	-1	115	1	-1						-1
2021641	海鸥海盗boss	20216	51	25196	718	477	500	900	9500	0	20216	-1	-1	115	1	-1						-1
2021734	滚筒boss	20217	44	19458	547	355	500	830	9500	0	20217	-1	-1	115	1	-1						-1
2021735	滚筒boss	20217	45	20254	569	370	500	840	9500	0	20217	-1	-1	115	1	-1						-1
2021736	滚筒boss	20217	46	20994	592	389	500	850	9500	0	20217	-1	-1	115	1	-1						-1
2021737	滚筒boss	20217	47	21819	616	405	500	860	9500	0	20217	-1	-1	115	1	-1						-1
2021738	滚筒boss	20217	48	22584	639	422	500	870	9500	0	20217	-1	-1	115	1	-1						-1
2021739	滚筒boss	20217	49	23442	664	438	500	880	9500	0	20217	-1	-1	115	1	-1						-1
2021740	滚筒boss	20217	50	24313	691	459	500	890	9500	0	20217	-1	-1	115	1	-1						-1
2021741	滚筒boss	20217	51	25196	718	477	500	900	9500	0	20217	-1	-1	115	1	-1						-1
2021838	船长boss	20218	48	22584	639	422	500	1055	9500	0	20218	-1	-1	115	1	-1						-1
2021839	船长boss	20218	49	23442	664	438	500	880	9500	0	20218	-1	-1	115	1	-1						-1
2021840	船长boss	20218	50	24313	691	459	500	1085	9500	0	20218	-1	-1	115	1	-1						-1
2021841	船长boss	20218	51	25196	718	477	500	900	9500	0	20218	-1	-1	115	1	-1						-1
2021842	船长boss	20218	52	26096	747	495	500	910	9500	0	20218	-1	-1	115	1	-1						-1
2030139	牛仔僵尸	20301	54	9315	449	320	500	880	9500	0	20301	-1	-1	115	0	-1						-1
2030140	牛仔僵尸	20301	55	9630	467	332	500	890	9500	0	20301	-1	-1	115	0	-1						-1
2030141	牛仔僵尸	20301	56	9952	486	342	500	900	9500	0	20301	-1	-1	115	0	-1						-1
2030142	牛仔僵尸	20301	57	10305	506	352	500	910	9500	0	20301	-1	-1	115	0	-1						-1
2030239	路障牛仔	20302	54	16767	584	320	500	880	9500	0	20302	-1	-1	115	0	-1						-1
2030240	路障牛仔	20302	55	17335	607	332	500	890	9500	0	20302	-1	-1	115	0	-1						-1
2030241	路障牛仔	20302	56	17914	632	342	500	900	9500	0	20302	-1	-1	115	0	-1						-1
2030242	路障牛仔	20302	57	18550	658	352	500	910	9500	0	20302	-1	-1	115	0	-1						-1
2030243	路障牛仔	20302	58	19148	685	362	500	920	9500	0	20302	-1	-1	115	0	-1						-1
2030244	路障牛仔	20302	59	19804	714	374	500	930	9500	0	20302	-1	-1	115	0	-1						-1
2030245	路障牛仔	20302	60	20420	744	385	500	940	9500	0	20302	-1	-1	115	0	-1						-1
2030246	路障牛仔	20302	61	21099	775	395	500	950	9500	0	20302	-1	-1	115	0	-1						-1
2030247	路障牛仔	20302	62	21786	807	405	500	960	9500	0	20302	-1	-1	115	0	-1						-1
2030341	铁桶牛仔	20303	56	17914	632	342	500	900	9500	0	20303	-1	-1	115	0	-1			2030142			-1
2030342	铁桶牛仔	20303	57	18550	658	352	500	910	9500	0	20303	-1	-1	115	0	-1			2030142			-1
2030343	铁桶牛仔	20303	58	19148	685	362	500	920	9500	0	20303	-1	-1	115	0	-1			2030142			-1
2030344	铁桶牛仔	20303	59	19804	714	374	500	930	9500	0	20303	-1	-1	115	0	-1			2030142			-1
2030345	铁桶牛仔	20303	60	20420	744	385	500	940	9500	0	20303	-1	-1	115	0	-1			2030142			-1
2030346	铁桶牛仔	20303	61	21099	775	395	500	950	9500	0	20303	-1	-1	115	0	-1			2030142			-1
2030347	铁桶牛仔	20303	62	21786	807	405	500	960	9500	0	20303	-1	-1	115	0	-1			2030142			-1
2030440	旗子牛仔	20304	55	9630	467	332	500	890	9500	0	20304	-1	-1	115	0	-1						-1
2030441	旗子牛仔	20304	56	9952	486	342	500	900	9500	0	20304	-1	-1	115	0	-1						-1
2030442	旗子牛仔	20304	57	10305	506	352	500	910	9500	0	20304	-1	-1	115	0	-1						-1
2030443	旗子牛仔	20304	58	10637	527	362	500	920	9500	0	20304	-1	-1	115	0	-1						-1
2030444	旗子牛仔	20304	59	11002	549	374	500	930	9500	0	20304	-1	-1	115	0	-1						-1
2030445	旗子牛仔	20304	60	11344	572	385	500	940	9500	0	20304	-1	-1	115	0	-1						-1
2030446	旗子牛仔	20304	61	11721	596	395	500	950	9500	0	20304	-1	-1	115	0	-1						-1
2030447	旗子牛仔	20304	62	12103	621	405	500	960	9500	0	20304	-1	-1	115	0	-1						-1
2030539	淘金僵尸	20305	54	16767	584	320	1380	614	9690	0	20305	-1	-1	115	0	-1			2073601	17214		-1
2030540	淘金僵尸	20305	55	17335	607	332	1390	617	9695	0	20305	-1	-1	115	0	-1			2073601	17214		-1
2030541	淘金僵尸	20305	56	17914	632	342	1400	620	9700	0	20305	-1	-1	115	0	-1			2073601	17214		-1
2030542	淘金僵尸	20305	57	18550	658	352	1410	623	9705	0	20305	-1	-1	115	0	-1			2073601	17214		-1
2030543	淘金僵尸	20305	58	19148	685	362	1420	626	9710	0	20305	-1	-1	115	0	-1			2073601	17214		-1
2030544	淘金僵尸	20305	59	19804	714	374	1430	629	9715	0	20305	-1	-1	115	0	-1			2073601	17214		-1
2030545	淘金僵尸	20305	60	20420	744	385	1440	632	9720	0	20305	-1	-1	115	0	-1			2073601	17214		-1
2030546	淘金僵尸	20305	61	21099	775	395	1450	635	9725	0	20305	-1	-1	115	0	-1			2073601	17214		-1
2030547	淘金僵尸	20305	62	21786	807	405	1460	638	9730	0	20305	-1	-1	115	0	-1			2073601	17214		-1
2030643	钢琴僵尸	20306	58	19148	685	362	500	920	9500	0	20306	-1	-1	115	0	-1						-1
2030644	钢琴僵尸	20306	59	19804	714	374	500	930	9500	0	20306	-1	-1	115	0	-1						-1
2030645	钢琴僵尸	20306	60	20420	744	385	500	940	9500	0	20306	-1	-1	115	0	-1						-1
2030646	钢琴僵尸	20306	61	21099	775	395	500	950	9500	0	20306	-1	-1	115	0	-1						-1
2030647	钢琴僵尸	20306	62	21786	807	405	500	960	9500	0	20306	-1	-1	115	0	-1						-1
2031039	路障牛仔	20302	54	16767	584	320	500	880	9500	0	20310	-1	-1	115	0	-1						-1
2031040	路障牛仔	20302	55	17335	607	332	500	890	9500	0	20310	-1	-1	115	0	-1						-1
2031041	路障牛仔	20302	56	17914	632	342	500	900	9500	0	20310	-1	-1	115	0	-1						-1
2031042	路障牛仔	20302	57	18550	658	352	500	910	9500	0	20310	-1	-1	115	0	-1						-1
2031141	机器牛	20311	56	41799	1215	342	500	1100	9500	0	20311	-1	-1	115	0	-1						-1
2031142	机器牛	20311	57	43284	1265	352	500	910	9500	0	20311	-1	-1	115	0	-1						-1
2031143	机器牛	20311	58	44680	1318	362	500	1130	9500	0	20311	-1	-1	115	0	-1						-1
2031144	机器牛	20311	59	46211	1373	374	500	930	9500	0	20311	-1	-1	115	0	-1						-1
2031345	僵尸酋长	20313	60	47648	1430	385	500	1160	9500	0	20313	-1	-1	115	0	-1						-1
2031347	僵尸酋长	20313	62	50837	1553	405	500	1190	9500	0	20313	-1	-1	115	0	-1						-1
2031439	路障牛仔boss	20314	54	27947	808	532	500	880	9500	0	20314	10020314	-1	115	1	-1						-1
2031440	路障牛仔boss	20314	55	28893	841	555	500	890	9500	0	20314	10020314	-1	115	1	-1						-1
2031441	路障牛仔boss	20314	56	29856	875	574	500	900	9500	0	20314	10020314	-1	115	1	-1						-1
2031442	路障牛仔boss	20314	57	30917	911	593	500	910	9500	0	20314	10020314	-1	115	1	-1						-1
2031443	路障牛仔boss	20314	58	31913	949	614	500	920	9500	0	20314	10020314	-1	115	1	-1						-1
2031444	路障牛仔boss	20314	59	33008	988	639	500	930	9500	0	20314	10020314	-1	115	1	-1						-1
2031539	铁桶牛仔boss	20315	54	27947	808	532	500	880	9500	0	20315	-1	-1	115	1	-1			2031545			-1
2031540	铁桶牛仔boss	20315	55	28893	841	555	500	890	9500	0	20315	-1	-1	115	1	-1			2031545			-1
2031541	铁桶牛仔boss	20315	56	29856	875	574	500	900	9500	0	20315	-1	-1	115	1	-1			2031545			-1
2031542	铁桶牛仔boss	20315	57	30917	911	593	500	910	9500	0	20315	-1	-1	115	1	-1			2031545			-1
2031543	铁桶牛仔boss	20315	58	31913	949	614	500	920	9500	0	20315	-1	-1	115	1	-1			2031545			-1
2031544	铁桶牛仔boss	20315	59	33008	988	639	500	930	9500	0	20315	-1	-1	115	1	-1			2031545			-1
2031545	牛仔僵尸	20301	59	19804	988	374	500	930	9500	0	20315	-1	-1	115	0	-1						-1
2031639	旗子牛仔boss	20316	54	27947	808	532	500	880	9500	0	20316	-1	-1	115	1	-1						-1
2031640	旗子牛仔boss	20316	55	28893	841	555	500	890	9500	0	20316	-1	-1	115	1	-1						-1
2031641	旗子牛仔boss	20316	56	29856	875	574	500	900	9500	0	20316	-1	-1	115	1	-1						-1
2031642	旗子牛仔boss	20316	57	30917	911	593	500	910	9500	0	20316	-1	-1	115	1	-1						-1
2031643	旗子牛仔boss	20316	58	31913	949	614	500	920	9500	0	20316	-1	-1	115	1	-1						-1
2031644	旗子牛仔boss	20316	59	33008	988	639	500	930	9500	0	20316	-1	-1	115	1	-1						-1
2031645	旗子牛仔boss	20316	60	34034	1030	659	500	940	9500	0	20316	-1	-1	115	1	-1						-1
2031741	淘金boss	20317	56	29856	875	574	1400	620	9700	0	20317	-1	-1	115	1	-1			2073701	917214		-1
2031742	淘金boss	20317	57	30917	911	593	1410	623	9705	0	20317	-1	-1	115	1	-1			2073701	917214		-1
2031743	淘金boss	20317	58	31913	949	614	1420	626	9710	0	20317	-1	-1	115	1	-1			2073701	917214		-1
2031744	淘金boss	20317	59	33008	988	639	1430	629	9715	0	20317	-1	-1	115	1	-1			2073701	917214		-1
2031745	淘金boss	20317	60	34034	1030	659	1440	632	9720	0	20317	-1	-1	115	1	-1			2073701	917214		-1
2031746	淘金boss	20317	61	35166	1073	680	1450	635	9725	0	20317	-1	-1	115	1	-1			2073701	917214		-1
2031747	淘金boss	20317	62	36311	1118	701	1460	638	9730	0	20317	-1	-1	115	1	-1			2073701	917214		-1
2031842	钢琴boss	20318	57	30917	911	593	500	910	9500	0	20318	-1	-1	115	1	-1						-1
2031843	钢琴boss	20318	58	31913	949	614	500	920	9500	0	20318	-1	-1	115	1	-1						-1
2031844	钢琴boss	20318	59	33008	988	639	500	930	9500	0	20318	-1	-1	115	1	-1						-1
2031845	钢琴boss	20318	60	34034	1030	659	500	940	9500	0	20318	-1	-1	115	1	-1						-1
2031846	钢琴boss	20318	61	35166	1073	680	500	950	9500	0	20318	-1	-1	115	1	-1						-1
2031847	钢琴boss	20318	62	36311	1118	701	500	960	9500	0	20318	-1	-1	115	1	-1						-1
2031940	鸡贼boss	20319	55	28893	841	555	500	890	9500	0	20319	-1	-1	115	1	-1						-1
2031941	鸡贼boss	20319	56	29856	875	574	500	900	9500	0	20319	-1	-1	115	1	-1						-1
2031942	鸡贼boss	20319	57	30917	911	593	500	910	9500	0	20319	-1	-1	115	1	-1						-1
2031943	鸡贼boss	20319	58	31913	949	614	500	920	9500	0	20319	-1	-1	115	1	-1						-1
2031944	鸡贼boss	20319	59	33008	988	639	500	930	9500	0	20319	-1	-1	115	1	-1						-1
2031945	鸡贼boss	20319	60	34034	1030	659	500	940	9500	0	20319	-1	-1	115	1	-1						-1
2031946	鸡贼boss	20319	61	35166	1073	680	500	950	9500	0	20319	-1	-1	115	1	-1						-1
2031947	鸡贼boss	20319	62	36311	1118	701	500	960	9500	0	20319	-1	-1	115	1	-1						-1
2040114	长城旗帜	20401	14	943	60	40	500	630	9500	0	20401	-1	-1	115	0	-1						-1
2040116	长城旗帜	20401	16	1148	68	44	500	650	9500	0	20401	-1	-1	115	0	-1						-1
2040118	长城旗帜	20401	18	1361	77	48	500	670	9500	0	20401	-1	-1	115	0	-1						-1
2040120	长城旗帜	20401	20	1604	87	62	500	690	9500	0	20401	-1	-1	115	0	-1						-1
2040122	长城旗帜	20401	22	1865	98	72	500	710	9500	0	20401	-1	-1	115	0	-1						-1
2040124	长城旗帜	20401	24	2160	110	84	500	730	9500	0	20401	-1	-1	115	0	-1						-1
2040125	长城旗帜	20401	25	2308	142	89	500	740	9500	0	20401	-1	-1	115	0	-1						-1
2040127	长城旗帜	20401	27	2538	155	101	500	760	9500	0	20401	-1	-1	115	0	-1						-1
2040214	长城路障	20402	14	1697	78	40	500	630	9500	0	20402	-1	-1	115	0	-1						-1
2040215	长城路障	20402	15	1877	83	42	500	640	9500	0	20402	-1	-1	115	0	-1						-1
2040216	长城路障	20402	16	2066	88	44	500	650	9500	0	20402	-1	-1	115	0	-1						-1
2040217	长城路障	20402	17	2263	94	46	500	660	9500	0	20402	-1	-1	115	0	-1						-1
2040218	长城路障	20402	18	2450	100	48	500	670	9500	0	20402	-1	-1	115	0	-1						-1
2040219	长城路障	20402	19	2664	105	51	500	680	9500	0	20402	-1	-1	115	0	-1						-1
2040220	长城路障	20402	20	2887	113	62	500	690	9500	0	20402	-1	-1	115	0	-1						-1
2040221	长城路障	20402	21	3118	120	67	500	700	9500	0	20402	-1	-1	115	0	-1						-1
2040222	长城路障	20402	22	3357	127	72	500	710	9500	0	20402	-1	-1	115	0	-1						-1
2040223	长城路障	20402	23	3607	135	78	500	720	9500	0	20402	-1	-1	115	0	-1						-1
2040224	长城路障	20402	24	3888	143	84	500	730	9500	0	20402	-1	-1	115	0	-1						-1
2040225	长城路障	20402	25	4154	185	89	500	740	9500	0	20402	-1	-1	115	0	-1						-1
2040226	长城路障	20402	26	4358	192	95	500	750	9500	0	20402	-1	-1	115	0	-1						-1
2040227	长城路障	20402	27	4568	202	101	500	760	9500	0	20402	-1	-1	115	0	-1						-1
2040315	长城铁桶	20403	15	1877	83	42	500	640	9500	0	20403	-1	-1	115	0	-1			2040116			-1
2040316	长城铁桶	20403	16	2066	88	44	500	650	9500	0	20403	-1	-1	115	0	-1			2040116			-1
2040317	长城铁桶	20403	17	2263	94	46	500	660	9500	0	20403	-1	-1	115	0	-1			2040116			-1
2040318	长城铁桶	20403	18	2450	100	48	500	670	9500	0	20403	-1	-1	115	0	-1			2040116			-1
2040319	长城铁桶	20403	19	2664	105	51	500	680	9500	0	20403	-1	-1	115	0	-1			2040116			-1
2040320	长城铁桶	20403	20	2887	113	62	500	690	9500	0	20403	-1	-1	115	0	-1			2040116			-1
2040321	长城铁桶	20403	21	3118	120	67	500	700	9500	0	20403	-1	-1	115	0	-1			2040116			-1
2040322	长城铁桶	20403	22	3357	127	72	500	710	9500	0	20403	-1	-1	115	0	-1			2040116			-1
2040323	长城铁桶	20403	23	3607	135	78	500	720	9500	0	20403	-1	-1	115	0	-1			2040116			-1
2040324	长城铁桶	20403	24	3888	143	84	500	730	9500	0	20403	-1	-1	115	0	-1			2040116			-1
2040325	长城铁桶	20403	25	4154	185	89	500	740	9500	0	20403	-1	-1	115	0	-1			2040116			-1
2040326	长城铁桶	20403	26	4358	192	95	500	750	9500	0	20403	-1	-1	115	0	-1			2040116			-1
2040327	长城铁桶	20403	27	4568	202	101	500	760	9500	0	20403	-1	-1	115	0	-1			2040116			-1
2040516	长城大刀	20405	16	2066	88	44	500	650	9500	0	20405	-1	-1	115	0	-1						-1
2040517	长城大刀	20405	17	2263	94	46	500	660	9500	0	20405	-1	-1	115	0	-1						-1
2040518	长城大刀	20405	18	2450	100	48	500	670	9500	0	20405	-1	-1	115	0	-1						-1
2040519	长城大刀	20405	19	2664	105	51	500	680	9500	0	20405	-1	-1	115	0	-1						-1
2040520	长城大刀	20405	20	2887	113	62	500	690	9500	0	20405	-1	-1	115	0	-1						-1
2040522	长城大刀	20405	22	3357	127	72	500	710	9500	0	20405	-1	-1	115	0	-1						-1
2040524	长城大刀	20405	24	3888	143	84	500	730	9500	0	20405	-1	-1	115	0	-1						-1
2040526	长城大刀	20405	26	4358	192	95	500	750	9500	0	20405	-1	-1	115	0	-1						-1
2040614	长城长矛	20406	14	849	48	40	500	630	9500	0	20406	-1	-1	115	0	-1						-1
2040615	长城长矛	20406	15	939	51	42	500	640	9500	0	20406	-1	-1	115	0	-1						-1
2040616	长城长矛	20406	16	1033	54	44	500	650	9500	0	20406	-1	-1	115	0	-1						-1
2040617	长城长矛	20406	17	1131	58	46	500	660	9500	0	20406	-1	-1	115	0	-1						-1
2040618	长城长矛	20406	18	1225	62	48	500	670	9500	0	20406	-1	-1	115	0	-1						-1
2040619	长城长矛	20406	19	1332	65	51	500	680	9500	0	20406	-1	-1	115	0	-1						-1
2040620	长城长矛	20406	20	1444	70	62	500	690	9500	0	20406	-1	-1	115	0	-1						-1
2040621	长城长矛	20406	21	1559	74	67	1200	560	9600	0	20406	-1	-1	115	0	-1						-1
2040622	长城长矛	20406	22	1679	78	72	1210	563	9605	0	20406	-1	-1	115	0	-1						-1
2040623	长城长矛	20406	23	1804	83	78	1220	566	9610	0	20406	-1	-1	115	0	-1						-1
2040716	长城铁盔	20407	16	2066	88	44	500	650	9500	0	20407	-1	-1	115	0	-1						-1
2040717	长城铁盔	20407	17	2263	94	46	500	660	9500	0	20407	-1	-1	115	0	-1						-1
2040718	长城铁盔	20407	18	2450	100	48	500	670	9500	0	20407	-1	-1	115	0	-1						-1
2040719	长城铁盔	20407	19	2664	105	51	500	680	9500	0	20407	-1	-1	115	0	-1						-1
2040720	长城铁盔	20407	20	2887	113	62	500	690	9500	0	20407	-1	-1	115	0	-1						-1
2040721	长城铁盔	20407	21	3118	120	67	500	700	9500	0	20407	-1	-1	115	0	-1						-1
2040722	长城铁盔	20407	22	3357	127	72	500	710	9500	0	20407	-1	-1	115	0	-1						-1
2040723	长城铁盔	20407	23	3607	135	78	500	720	9500	0	20407	-1	-1	115	0	-1						-1
2040724	长城铁盔	20407	24	3888	143	84	500	730	9500	0	20407	-1	-1	115	0	-1						-1
2040725	长城铁盔	20407	25	4154	185	89	500	740	9500	0	20407	-1	-1	115	0	-1						-1
2040726	长城铁盔	20407	26	4358	192	95	500	750	9500	0	20407	-1	-1	115	0	-1						-1
2040727	长城铁盔	20407	27	4568	202	101	500	760	9500	0	20407	-1	-1	115	0	-1						-1
2040819	长城投石车	20408	19	1332	65	51	1180	554	9590	0	20408	-1	-1	115	0	-1						-1
2040820	长城投石车	20408	20	1444	70	62	1190	557	9595	0	20408	-1	-1	115	0	-1						-1
2040821	长城投石车	20408	21	1559	74	67	1200	560	9600	0	20408	-1	-1	115	0	-1						-1
2040822	长城投石车	20408	22	1679	78	72	1210	563	9605	0	20408	-1	-1	115	0	-1						-1
2040823	长城投石车	20408	23	1804	83	78	1220	566	9610	0	20408	-1	-1	115	0	-1						-1
2040824	长城投石车	20408	24	1944	88	84	1230	569	9615	0	20408	-1	-1	115	0	-1						-1
2040825	长城投石车	20408	25	2077	114	89	1240	572	9620	0	20408	-1	-1	115	0	-1						-1
2040826	长城投石车	20408	26	2179	118	95	1250	575	9625	0	20408	-1	-1	115	0	-1						-1
2040827	长城投石车	20408	27	2284	124	101	1260	578	9630	0	20408	-1	-1	115	0	-1						-1
2040920	长城圆锤	20409	20	6737	218	62	500	785	9500	0	20409	-1	-1	115	0	-1						-1
2040922	长城圆锤	20409	22	7833	245	72	500	815	9500	0	20409	-1	-1	115	0	-1						-1
2040923	长城圆锤	20409	23	8417	260	78	500	720	9500	0	20409	-1	-1	115	0	-1						-1
2040925	长城圆锤	20409	25	9694	355	89	500	740	9500	0	20409	-1	-1	115	0	-1						-1
2041022	长城战车	20410	22	7833	245	72	1315	563	9710	0	20410	10020314	-1	115	0	-1						-1
2041024	长城战车	20410	24	9072	275	84	1345	569	9730	0	20410	10020314	-1	115	0	-1						-1
2041026	长城战车	20410	26	10168	370	95	1375	575	9750	0	20410	10020314	-1	115	0	-1						-1
2041122	皇帝僵尸	20411	22	7833	245	91	1315	563	9710	0	20411	-1	-1	115	1	-1						-1
2041124	皇帝僵尸	20411	24	9072	275	109	1345	569	9730	0	20411	-1	-1	115	1	-1						-1
2041125	皇帝僵尸	20411	25	9694	355	118	500	860	9500	0	20411	-1	-1	115	1	-1						-1
2041127	皇帝僵尸	20411	27	10660	388	136	500	890	9500	0	20411	-1	-1	115	1	-1						-1
2041214	长城路障boss	20412	14	2829	108	40	500	630	9500	0	20412	-1	-1	115	1	-1						-1
2041216	长城路障boss	20412	16	3444	122	44	500	650	9500	0	20412	-1	-1	115	1	-1						-1
2041218	长城路障boss	20412	18	4083	139	48	500	670	9500	0	20412	-1	-1	115	1	-1						-1
2041219	长城路障boss	20412	19	4440	146	51	500	680	9500	0	20412	-1	-1	115	1	-1						-1
2041220	长城路障boss	20412	20	4812	157	77	500	690	9500	0	20412	-1	-1	115	1	-1						-1
2041221	长城路障boss	20412	21	5196	166	84	500	700	9500	0	20412	-1	-1	115	1	-1						-1
2041222	长城路障boss	20412	22	5595	176	91	500	710	9500	0	20412	-1	-1	115	1	-1						-1
2041223	长城路障boss	20412	23	6012	187	101	500	720	9500	0	20412	-1	-1	115	1	-1						-1
2041224	长城路障boss	20412	24	6480	198	109	500	730	9500	0	20412	-1	-1	115	1	-1						-1
2041225	长城路障boss	20412	25	6924	256	118	500	740	9500	0	20412	-1	-1	115	1	-1						-1
2041226	长城路障boss	20412	26	7263	266	126	500	750	9500	0	20412	-1	-1	115	1	-1						-1
2041314	长城铁桶boss	20413	14	2829	108	40	500	630	9500	0	20413	-1	-1	115	1	-1			2041327			-1
2041316	长城铁桶boss	20413	16	3444	122	44	500	650	9500	0	20413	-1	-1	115	1	-1			2041327			-1
2041317	长城铁桶boss	20413	17	3771	130	46	500	660	9500	0	20413	-1	-1	115	1	-1			2041327			-1
2041318	长城铁桶boss	20413	18	4083	139	48	500	670	9500	0	20413	-1	-1	115	1	-1			2041327			-1
2041319	长城铁桶boss	20413	19	4440	146	51	500	680	9500	0	20413	-1	-1	115	1	-1			2041327			-1
2041320	长城铁桶boss	20413	20	4812	157	77	500	690	9500	0	20413	-1	-1	115	1	-1			2041327			-1
2041321	长城铁桶boss	20413	21	5196	166	84	500	700	9500	0	20413	-1	-1	115	1	-1			2041327			-1
2041322	长城铁桶boss	20413	22	5595	176	91	500	710	9500	0	20413	-1	-1	115	1	-1			2041327			-1
2041323	长城铁桶boss	20413	23	6012	187	101	500	720	9500	0	20413	-1	-1	115	1	-1			2041327			-1
2041324	长城铁桶boss	20413	24	6480	198	109	500	730	9500	0	20413	-1	-1	115	1	-1			2041327			-1
2041325	长城铁桶boss	20413	25	6924	256	118	500	740	9500	0	20413	-1	-1	115	1	-1			2041327			-1
2041326	长城铁桶boss	20413	26	7263	266	126	500	750	9500	0	20413	-1	-1	115	1	-1			2041327			-1
2041327	长城旗帜	20401	26	4357	266	95	500	750	9500	0	20413	-1	-1	115	0	-1						-1
2041415	长城旗帜boss	20414	11	2040	88	33	500	640	9500	0	20414	-1	-1	115	1	-1						-1
2041417	长城旗帜boss	20414	12	2298	95	35	500	660	9500	0	20414	-1	-1	115	1	-1						-1
2041418	长城旗帜boss	20414	13	2568	101	37	500	670	9500	0	20414	-1	-1	115	1	-1						-1
2041419	长城旗帜boss	20414	14	2829	108	40	500	680	9500	0	20414	-1	-1	115	1	-1						-1
2041420	长城旗帜boss	20414	15	3129	115	42	500	690	9500	0	20414	-1	-1	115	1	-1						-1
2041421	长城旗帜boss	20414	16	3444	122	44	500	700	9500	0	20414	-1	-1	115	1	-1						-1
2041422	长城旗帜boss	20414	17	3771	130	46	500	710	9500	0	20414	-1	-1	115	1	-1						-1
2041424	长城旗帜boss	20414	18	4083	139	48	500	730	9500	0	20414	-1	-1	115	1	-1						-1
2041425	长城旗帜boss	20414	19	4440	146	51	500	740	9500	0	20414	-1	-1	115	1	-1						-1
2041426	长城旗帜boss	20414	20	4812	157	77	500	750	9500	0	20414	-1	-1	115	1	-1						-1
2041427	长城旗帜boss	20414	21	5196	166	84	500	760	9500	0	20414	-1	-1	115	1	-1						-1
2041515	灵符僵尸boss	20415	15	3129	115	42	500	640	9500	0	20415	-1	-1	115	1	-1						-1
2041517	灵符僵尸boss	20415	17	3771	130	46	500	660	9500	0	20415	-1	-1	115	1	-1						-1
2041518	灵符僵尸boss	20415	18	4083	139	48	500	670	9500	0	20415	-1	-1	115	1	-1						-1
2041519	灵符僵尸boss	20415	19	4440	146	51	500	680	9500	0	20415	-1	-1	115	1	-1						-1
2041520	灵符僵尸boss	20415	20	4812	157	77	500	690	9500	0	20415	-1	-1	115	1	-1						-1
2041521	灵符僵尸boss	20415	21	5196	166	84	500	700	9500	0	20415	-1	-1	115	1	-1						-1
2041522	灵符僵尸boss	20415	22	5595	176	91	500	710	9500	0	20415	-1	-1	115	1	-1						-1
2041523	灵符僵尸boss	20415	23	6012	187	101	500	720	9500	0	20415	-1	-1	115	1	-1						-1
2041524	灵符僵尸boss	20415	24	6480	198	109	500	730	9500	0	20415	-1	-1	115	1	-1						-1
2041525	灵符僵尸boss	20415	25	6924	256	118	500	740	9500	0	20415	-1	-1	115	1	-1						-1
2041526	灵符僵尸boss	20415	26	7263	266	126	500	750	9500	0	20415	-1	-1	115	1	-1						-1
2041527	灵符僵尸boss	20415	27	7614	279	136	500	760	9500	0	20415	-1	-1	115	1	-1						-1
2041616	长城大刀boss	20416	16	3444	122	44	500	650	9500	0	20416	-1	-1	115	1	-1						-1
2041618	长城大刀boss	20416	18	4083	139	48	500	670	9500	0	20416	-1	-1	115	1	-1						-1
2041619	长城大刀boss	20416	19	4440	146	51	500	680	9500	0	20416	-1	-1	115	1	-1						-1
2041621	长城大刀boss	20416	21	5196	166	84	500	700	9500	0	20416	-1	-1	115	1	-1						-1
2041622	长城大刀boss	20416	22	5595	176	91	500	710	9500	0	20416	-1	-1	115	1	-1						-1
2041624	长城大刀boss	20416	24	6480	198	109	500	730	9500	0	20416	-1	-1	115	1	-1						-1
2041625	长城大刀boss	20416	25	6924	256	118	500	740	9500	0	20416	-1	-1	115	1	-1						-1
2041626	长城大刀boss	20416	26	7263	266	126	500	750	9500	0	20416	-1	-1	115	1	-1						-1
2041627	长城大刀boss	20416	27	7614	279	136	500	760	9500	0	20416	-1	-1	115	1	-1						-1
2041719	长城投石车boss	20417	19	4440	146	51	1180	554	9590	0	20417	-1	-1	115	1	-1						-1
2041721	长城投石车boss	20417	21	5196	166	84	1200	560	9600	0	20417	-1	-1	115	1	-1						-1
2041722	长城投石车boss	20417	22	5595	176	91	1210	563	9605	0	20417	-1	-1	115	1	-1						-1
2041723	长城投石车boss	20417	23	6012	187	101	1220	566	9610	0	20417	-1	-1	115	1	-1						-1
2041724	长城投石车boss	20417	24	6480	198	109	1230	569	9615	0	20417	-1	-1	115	1	-1						-1
2041725	长城投石车boss	20417	25	6924	256	118	1240	572	9620	0	20417	-1	-1	115	1	-1						-1
2041726	长城投石车boss	20417	26	7263	266	126	1250	575	9625	0	20417	-1	-1	115	1	-1						-1
2041727	长城投石车boss	20417	27	7614	279	136	1260	578	9630	0	20417	-1	-1	115	1	-1						-1
2050110	普通原始人	20501	10	606	46	31	500	590	9500	0	20501	-1	-1	115	0	-1						-1
2050111	普通原始人	20501	11	680	49	33	500	600	9500	0	20501	-1	-1	115	0	-1						-1
2050112	普通原始人	20501	12	766	53	35	500	610	9500	0	20501	-1	-1	115	0	-1						-1
2050113	普通原始人	20501	13	856	56	37	500	620	9500	0	20501	-1	-1	115	0	-1						-1
2050114	普通原始人	20501	14	943	60	40	500	630	9500	0	20501	-1	-1	115	0	-1						-1
2050210	路障原始人	20502	10	1091	60	31	500	590	9500	0	20502	-1	-1	115	0	-1						-1
2050211	路障原始人	20502	10	1091	60	31	500	600	9500	0	20502	-1	-1	115	0	-1						-1
2050212	路障原始人	20502	11	1224	64	33	500	610	9500	0	20502	-1	-1	115	0	-1						-1
2050213	路障原始人	20502	11	1224	64	33	500	620	9500	0	20502	-1	-1	115	0	-1						-1
2050214	路障原始人	20502	12	1379	69	35	500	630	9500	0	20502	-1	-1	115	0	-1						-1
2050215	路障原始人	20502	12	1379	69	35	500	640	9500	0	20502	-1	-1	115	0	-1						-1
2050216	路障原始人	20502	13	1541	73	37	500	650	9500	0	20502	-1	-1	115	0	-1						-1
2050217	路障原始人	20502	13	1541	73	37	500	660	9500	0	20502	-1	-1	115	0	-1						-1
2050218	路障原始人	20502	14	1697	78	40	500	670	9500	0	20502	-1	-1	115	0	-1						-1
2050219	路障原始人	20502	14	1697	78	40	500	680	9500	0	20502	-1	-1	115	0	-1						-1
2050220	路障原始人	20502	14	1697	78	40	500	690	9500	0	20502	-1	-1	115	0	-1						-1
2050313	铁桶原始人	20503	11	1224	64	33	500	620	9500	0	20503	-1	-1	115	0	-1			2050111			-1
2050314	铁桶原始人	20503	12	1379	69	35	500	630	9500	0	20503	-1	-1	115	0	-1			2050111			-1
2050315	铁桶原始人	20503	12	1379	69	35	500	640	9500	0	20503	-1	-1	115	0	-1			2050111			-1
2050316	铁桶原始人	20503	13	1541	73	37	500	650	9500	0	20503	-1	-1	115	0	-1			2050111			-1
2050317	铁桶原始人	20503	13	1541	73	37	500	660	9500	0	20503	-1	-1	115	0	-1			2050111			-1
2050318	铁桶原始人	20503	14	1697	78	40	500	670	9500	0	20503	-1	-1	115	0	-1			2050111			-1
2050319	铁桶原始人	20503	14	1697	78	40	500	680	9500	0	20503	-1	-1	115	0	-1			2050111			-1
2050320	铁桶原始人	20503	15	1877	83	42	500	690	9500	0	20503	-1	-1	115	0	-1			2050111			-1
2050411	面具原始人	20504	11	1224	64	33	500	600	9500	0	20504	-1	-1	115	0	-1						-1
2050412	面具原始人	20504	12	1379	69	35	500	610	9500	0	20504	-1	-1	115	0	-1						-1
2050413	面具原始人	20504	13	1541	73	37	500	620	9500	0	20504	-1	-1	115	0	-1						-1
2050414	面具原始人	20504	14	1697	78	40	500	630	9500	0	20504	-1	-1	115	0	-1						-1
2050511	木棍原始人	20505	11	1224	64	33	500	600	9500	0	20505	-1	-1	115	0	-1						-1
2050512	木棍原始人	20505	12	1379	69	35	500	610	9500	0	20505	-1	-1	115	0	-1						-1
2050513	木棍原始人	20505	13	1541	73	37	500	620	9500	0	20505	-1	-1	115	0	-1						-1
2050514	木棍原始人	20505	14	1697	78	40	500	630	9500	0	20505	-1	-1	115	0	-1						-1
2050515	木棍原始人	20505	14	1697	78	40	500	640	9500	0	20505	-1	-1	115	0	-1						-1
2050516	木棍原始人	20505	14	1697	78	40	500	650	9500	0	20505	-1	-1	115	0	-1						-1
2050518	木棍原始人	20505	15	1877	83	42	500	670	9500	0	20505	-1	-1	115	0	-1						-1
2050610	弹弓原始人	20506	10	545	28	31	1090	527	9545	0	20506	-1	-1	115	0	-1						-1
2050611	弹弓原始人	20506	11	612	39	33	1100	530	9550	0	20506	-1	-1	115	0	-1						-1
2050612	弹弓原始人	20506	11	612	39	33	1110	533	9555	0	20506	-1	-1	115	0	-1						-1
2050613	弹弓原始人	20506	12	689	42	35	1120	536	9560	0	20506	-1	-1	115	0	-1						-1
2050614	弹弓原始人	20506	12	689	42	35	1130	539	9565	0	20506	-1	-1	115	0	-1						-1
2050615	弹弓原始人	20506	13	770	45	37	1140	542	9570	0	20506	-1	-1	115	0	-1						-1
2050616	弹弓原始人	20506	13	770	45	37	1150	545	9575	0	20506	-1	-1	115	0	-1						-1
2050617	弹弓原始人	20506	14	849	48	40	1160	548	9580	0	20506	-1	-1	115	0	-1						-1
2050618	弹弓原始人	20506	14	849	48	40	1170	551	9585	0	20506	-1	-1	115	0	-1						-1
2050619	弹弓原始人	20506	15	939	51	42	1180	554	9590	0	20506	-1	-1	115	0	-1						-1
2050620	弹弓原始人	20506	15	939	51	42	1190	557	9595	0	20506	-1	-1	115	0	-1						-1
2050710	骑鸟僵尸	20507	10	2100	115	31	500	590	9500	0	20507	-1	-1	115	0	-1						-1
2050712	骑鸟僵尸	20507	12	3217	133	35	500	610	9500	0	20507	-1	-1	115	0	-1						-1
2050714	骑鸟僵尸	20507	14	3961	150	40	500	630	9500	0	20507	-1	-1	115	0	-1						-1
2050813	蜗牛僵尸	20508	13	3595	140	37	1180	536	9620	0	20508	10020508	-1	115	0	-1						-1
2050815	蜗牛僵尸	20508	15	4381	160	42	1210	542	9640	0	20508	10020508	-1	115	0	-1						-1
2050914	猛犸僵尸	20509	11	2856	123	33	500	695	9500	0	20509	-1	-1	115	0	-1						-1
2050916	猛犸僵尸	20509	12	3217	133	35	500	725	9500	0	20509	-1	-1	115	0	-1						-1
2050918	猛犸僵尸	20509	13	3595	140	37	500	755	9500	0	20509	-1	-1	115	0	-1						-1
2050920	猛犸僵尸	20509	15	4381	160	42	500	785	9500	0	20509	-1	-1	115	0	-1						-1
2051014	蜂窝僵尸	20510	12	1379	69	35	1130	539	9565	0	20510	-1	-1	115	0	-1						-1
2051016	蜂窝僵尸	20510	13	1541	73	37	1150	545	9575	0	20510	-1	-1	115	0	-1						-1
2051017	蜂窝僵尸	20510	13	1541	73	37	1160	548	9580	0	20510	-1	-1	115	0	-1						-1
2051018	蜂窝僵尸	20510	14	1697	78	40	1170	551	9585	0	20510	-1	-1	115	0	-1						-1
2051019	蜂窝僵尸	20510	14	1697	78	40	1180	554	9590	0	20510	-1	-1	115	0	-1						-1
2051020	蜂窝僵尸	20510	15	1877	83	42	1190	557	9595	0	20510	-1	-1	115	0	-1						-1
2051114	力士僵尸	20511	12	2298	95	35	500	695	9500	0	20511	-1	-1	115	0	-1						-1
2051115	力士僵尸	20511	13	2568	101	37	500	710	9500	0	20511	-1	-1	115	0	-1						-1
2051116	力士僵尸	20511	15	3129	115	42	500	725	9500	0	20511	-1	-1	115	0	-1						-1
2051117	力士僵尸	20511	15	3129	115	42	500	740	9500	0	20511	-1	-1	115	0	-1						-1
2051210	木棍原始人boss	30512	10	1818	83	31	500	635	9500	0	20512	10020324	-1	115	1	-1						-1
2051211	木棍原始人boss	30512	11	2040	88	33	1100	530	9550	0	20512	10020324	-1	115	1	-1						-1
2051213	木棍原始人boss	30512	11	2040	88	33	1120	536	9560	0	20512	10020324	-1	115	1	-1						-1
2051214	木棍原始人boss	30512	12	2298	95	35	1130	539	9565	0	20512	10020324	-1	115	1	-1						-1
2051215	木棍原始人boss	30512	12	2298	95	35	1140	542	9570	0	20512	-1	-1	115	1	-1						-1
2051216	木棍原始人boss	30512	13	2568	101	37	1150	545	9575	0	20512	-1	-1	115	1	-1						-1
2051217	木棍原始人boss	30512	14	2829	108	40	500	740	9500	0	20512	10020324	-1	115	1	-1						-1
2051219	木棍原始人boss	30512	15	3129	115	42	500	770	9500	0	20512	10020324	-1	115	1	-1						-1
2051311	铁桶原始人boss	30513	11	2040	88	33	500	650	9500	0	20513	10020327	-1	115	1	-1			2051320			-1
2051312	铁桶原始人boss	30513	12	2298	95	35	1110	533	9555	0	20513	10020327	-1	115	1	-1			2051320			-1
2051313	铁桶原始人boss	30513	13	2568	101	37	1120	536	9560	0	20513	10020327	-1	115	1	-1			2051320			-1
2051314	铁桶原始人boss	30513	14	2829	108	40	1130	539	9565	0	20513	10020327	-1	115	1	-1			2051320			-1
2051315	铁桶原始人boss	30513	15	3129	115	42	1140	542	9570	0	20513	10020327	-1	115	1	-1			2051320			-1
2051316	铁桶原始人boss	30513	15	3129	115	42	1150	545	9575	0	20513	10020327	-1	115	1	-1			2051320			-1
2051317	铁桶原始人boss	30513	16	3444	122	44	500	740	9500	0	20513	10020327	-1	115	1	-1			2051320			-1
2051319	铁桶原始人boss	30513	16	3444	122	44	500	770	9500	0	20513	10020327	-1	115	1	-1			2051320			-1
2051320	普通原始人	20501	16	1540	122	44	500	770	9500	0	20513	10020327	-1	115	0	-1						-1
2051411	弹弓原始人boss	30514	5	855	58	20	1100	530	9550	0	20508	10020326	-1	115	1	-1						-1
2051412	弹弓原始人boss	30514	6	1017	63	22	1165	533	9610	0	20514	10020326	-1	115	1	-1						-1
2051413	弹弓原始人boss	30514	7	1203	67	24	1120	536	9560	0	20508	10020326	-1	115	1	-1						-1
2051414	弹弓原始人boss	30514	8	1389	72	26	1130	539	9565	0	20508	10020316	-1	115	1	-1						-1
2051415	弹弓原始人boss	30514	9	1590	77	28	1140	542	9570	0	20508	10020316	-1	115	1	-1						-1
2051416	弹弓原始人boss	30514	10	1818	83	31	1150	545	9575	0	20508	10020316	-1	115	1	-1						-1
2051417	弹弓原始人boss	30514	10	1818	83	31	1240	548	9660	0	20514	10020326	-1	115	1	-1						-1
2051418	弹弓原始人boss	30514	11	2040	88	33	1255	551	9670	0	20514	10020326	-1	115	1	-1						-1
2051419	弹弓原始人boss	30514	11	2040	88	33	1270	554	9680	0	20514	10020326	-1	115	1	-1						-1
2051510	面具原始人boss	30515	10	1818	83	31	500	635	9500	0	20515	10020323	-1	115	1	-1						-1
2051512	面具原始人boss	30515	10	1818	83	31	500	610	9500	0	120515	10020515	-1	115	1	-1						-1
2051513	面具原始人boss	30515	11	2040	88	33	500	620	9500	0	120515	10020515	-1	115	1	-1						-1
2051514	面具原始人boss	30515	11	2040	88	33	500	630	9500	0	120515	10020515	-1	115	1	-1						-1
2051515	面具原始人boss	30515	12	2298	95	35	500	640	9500	0	120515	10020515	-1	115	1	-1						-1
2051516	面具原始人boss	30515	13	2068	101	37	500	650	9500	0	120515	10020515	-1	115	1	-1						-1
2051518	面具原始人boss	30515	14	2829	108	40	500	755	9500	0	20515	10020323	-1	115	1	-1						-1
2051611	蜂窝僵尸boss	30516	11	2040	88	33	500	600	9500	0	20516	10020325	-1	115	1	-1						-1
2051612	蜂窝僵尸boss	30516	11	2040	88	33	500	610	9500	0	20003	10020325	-1	115	1	-1						-1
2051613	蜂窝僵尸boss	30516	12	2298	95	35	500	620	9500	0	20003	10020325	-1	115	1	-1						-1
2051614	蜂窝僵尸boss	30516	12	2298	95	35	500	630	9500	0	20003	10020325	-1	115	1	-1						-1
2051615	蜂窝僵尸boss	30516	13	2568	101	37	500	640	9500	0	20003	10020325	-1	115	1	-1						-1
2051616	蜂窝僵尸boss	30516	13	2256	101	37	500	650	9500	0	20003	10020325	-1	115	1	-1						-1
2051617	蜂窝僵尸boss	30516	14	2829	108	40	500	660	9500	0	20516	10020325	-1	115	1	-1						-1
2051618	蜂窝僵尸boss	30516	14	2829	108	40	500	670	9500	0	20516	10020325	-1	115	1	-1						-1
2051619	蜂窝僵尸boss	30516	15	3129	115	42	500	680	9500	0	20516	10020325	-1	115	1	-1						-1
2060145	普通武师	20601	65	13287	705	440	500	940	9500	0	20601	-1	-1	115	0	-1						-1
2060146	普通武师	20601	66	13693	736	451	500	950	9500	0	20601	-1	-1	115	0	-1						-1
2060147	普通武师	20601	67	14136	769	462	500	960	9500	0	20601	-1	-1	115	0	-1						-1
2060148	普通武师	20601	68	14554	803	476	500	970	9500	0	20601	-1	-1	115	0	-1						-1
2060245	路障武师	20602	65	23917	917	440	500	940	9500	0	20602	-1	-1	115	0	-1						-1
2060246	路障武师	20602	66	24648	957	451	500	950	9500	0	20602	-1	-1	115	0	-1						-1
2060247	路障武师	20602	67	25446	1000	462	500	960	9500	0	20602	-1	-1	115	0	-1						-1
2060248	路障武师	20602	68	26199	1044	476	500	970	9500	0	20602	-1	-1	115	0	-1						-1
2060249	路障武师	20602	69	27022	1092	488	500	980	9500	0	20602	-1	-1	115	0	-1						-1
2060250	路障武师	20602	70	27796	1143	499	500	990	9500	0	20602	-1	-1	115	0	-1						-1
2060251	路障武师	20602	71	28643	1196	510	500	1000	9500	0	20602	-1	-1	115	0	-1						-1
2060252	路障武师	20602	72	29500	1253	522	500	1010	9500	0	20602	-1	-1	115	0	-1						-1
2060253	路障武师	20602	73	30369	1314	537	500	1020	9500	0	20602	-1	-1	115	0	-1						-1
2060348	铁桶武师	20603	68	26199	1044	476	500	970	9500	0	20603	-1	-1	115	0	-1			2060148			-1
2060349	铁桶武师	20603	69	27022	1092	488	500	980	9500	0	20603	-1	-1	115	0	-1			2060148			-1
2060350	铁桶武师	20603	70	27796	1143	499	500	990	9500	0	20603	-1	-1	115	0	-1			2060148			-1
2060351	铁桶武师	20603	71	28643	1196	510	500	1000	9500	0	20603	-1	-1	115	0	-1			2060148			-1
2060352	铁桶武师	20603	72	29500	1253	522	500	1010	9500	0	20603	-1	-1	115	0	-1			2060148			-1
2060353	铁桶武师	20603	73	30369	1314	537	500	1020	9500	0	20603	-1	-1	115	0	-1			2060148			-1
2060445	炸弹僵尸	20604	65	11959	564	440	1440	632	9720	0	20604	-1	-1	115	0	-1						-1
2060446	炸弹僵尸	20604	66	12323	589	451	1450	635	9725	0	20604	-1	-1	115	0	-1						-1
2060447	炸弹僵尸	20604	67	12723	615	462	1460	638	9730	0	20604	-1	-1	115	0	-1						-1
2060448	炸弹僵尸	20604	68	13099	642	476	1470	641	9735	0	20604	-1	-1	115	0	-1						-1
2060449	炸弹僵尸	20604	69	13512	672	488	1480	644	9740	0	20604	-1	-1	115	0	-1						-1
2060450	炸弹僵尸	20604	70	13897	703	499	1490	647	9745	0	20604	-1	-1	115	0	-1						-1
2060550	禅杖武僧	20605	70	64859	2198	499	500	1235	9500	0	20605	-1	-1	115	0	-1						-1
2060551	禅杖武僧	20605	71	66834	2300	510	500	1250	9500	0	20605	-1	-1	115	0	-1						-1
2060552	禅杖武僧	20605	72	68834	2410	522	500	1265	9500	0	20605	-1	-1	115	0	-1						-1
2060553	禅杖武僧	20605	73	70864	2528	537	500	1280	9500	0	20605	-1	-1	115	0	-1						-1
2060649	刺客	20606	69	63054	2100	488	1720	644	9980	0	20606	-1	-1	115	0	-1						-1
2060650	刺客	20606	70	64859	2198	499	1735	647	9990	0	20606	-1	-1	115	0	-1						-1
2060651	刺客	20606	71	66834	2300	510	1750	650	10000	0	20606	-1	-1	115	0	-1						-1
2060652	刺客	20606	72	68834	2410	522	1765	653	10010	0	20606	-1	-1	115	0	-1						-1
2060749	大锤武师	20607	69	27022	1092	488	500	980	9500	0	20607	-1	-1	115	0	-1						-1
2060750	大锤武师	20607	70	27796	1143	499	500	990	9500	0	20607	-1	-1	115	0	-1						-1
2060751	大锤武师	20607	71	28643	1196	510	500	1000	9500	0	20607	-1	-1	115	0	-1						-1
2060752	大锤武师	20607	72	29500	1253	522	500	1010	9500	0	20607	-1	-1	115	0	-1						-1
2060949	酒鬼武师	20609	69	27022	1092	488	500	980	9500	0	20609	-1	-1	115	0	-1						-1
2060950	酒鬼武师	20609	70	27796	1143	499	500	990	9500	0	20609	-1	-1	115	0	-1						-1
2060951	酒鬼武师	20609	71	28643	1196	510	500	1000	9500	0	20609	-1	-1	115	0	-1						-1
2060952	酒鬼武师	20609	72	29500	1253	522	500	1010	9500	0	20609	-1	-1	115	0	-1						-1
2060953	酒鬼武师	20609	73	30369	1314	537	500	1020	9500	0	20609	-1	-1	115	0	-1						-1
2061045	火炬武师	20610	65	11959	564	440	1440	632	9720	0	20610	-1	-1	115	0	-1						-1
2061046	火炬武师	20610	66	12323	589	451	1450	635	9725	0	20610	-1	-1	115	0	-1						-1
2061047	火炬武师	20610	67	12723	615	462	1460	638	9730	0	20610	-1	-1	115	0	-1						-1
2061048	火炬武师	20610	68	13099	642	476	1470	641	9735	0	20610	-1	-1	115	0	-1						-1
2061148	气功师	20611	68	13099	642	476	1470	641	9735	0	20611	-1	-1	115	0	-1						-1
2061149	气功师	20611	69	13512	672	488	1480	644	9740	0	20611	-1	-1	115	0	-1						-1
2061150	气功师	20611	70	13897	703	499	1490	647	9745	0	20611	-1	-1	115	0	-1						-1
2061151	气功师	20611	71	14321	736	510	1500	650	9750	0	20611	-1	-1	115	0	-1						-1
2061152	气功师	20611	72	14750	771	522	1510	653	9755	0	20611	-1	-1	115	0	-1						-1
2061153	气功师	20611	73	15184	809	537	1520	656	9760	0	20611	-1	-1	115	0	-1						-1
2061246	铜锣僵尸	20612	66	24648	957	451	850	850	9850	0	20612	-1	-1	115	0	-1			2060148			-1
2061247	铜锣僵尸	20612	67	25446	1000	462	855	855	9855	0	20612	-1	-1	115	0	-1			2060148			-1
2061248	铜锣僵尸	20612	68	26199	1044	476	860	860	9860	0	20612	-1	-1	115	0	-1			2060148			-1
2061249	铜锣僵尸	20612	69	27022	1092	488	865	865	9865	0	20612	-1	-1	115	0	-1			2060148			-1
2061345	火炬武师boss	20613	65	39863	1269	773	1440	632	9720	0	20613	-1	-1	115	1	-1						-1
2061346	火炬武师boss	20613	66	41080	1325	795	1450	635	9725	0	20613	-1	-1	115	1	-1						-1
2061347	火炬武师boss	20613	67	42411	1384	818	1460	638	9730	0	20613	-1	-1	115	1	-1						-1
2061348	火炬武师boss	20613	68	43666	1445	847	1470	641	9735	0	20613	-1	-1	115	1	-1						-1
2061349	火炬武师boss	20613	69	45038	1512	871	1480	644	9740	0	20613	-1	-1	115	1	-1						-1
2061350	火炬武师boss	20613	70	46328	1582	895	1490	647	9745	0	20613	-1	-1	115	1	-1						-1
2061351	火炬武师boss	20613	71	47739	1656	920	1500	650	9750	0	20613	-1	-1	115	1	-1						-1
2061445	铜锣僵尸boss	20614	65	39863	1269	773	845	845	9845	0	20614	-1	-1	115	1	-1			2061453			-1
2061446	铜锣僵尸boss	20614	66	41080	1325	795	850	850	9850	0	20614	-1	-1	115	1	-1			2061453			-1
2061447	铜锣僵尸boss	20614	67	42411	1384	818	855	855	9855	0	20614	-1	-1	115	1	-1			2061453			-1
2061448	铜锣僵尸boss	20614	68	43666	1445	847	860	860	9860	0	20614	-1	-1	115	1	-1			2061453			-1
2061449	铜锣僵尸boss	20614	69	45038	1512	871	865	865	9865	0	20614	-1	-1	115	1	-1			2061453			-1
2061450	铜锣僵尸boss	20614	70	46328	1582	895	870	870	9870	0	20614	-1	-1	115	1	-1			2061453			-1
2061451	铜锣僵尸boss	20614	71	47739	1656	920	875	875	9875	0	20614	-1	-1	115	1	-1			2061453			-1
2061452	铜锣僵尸boss	20614	72	49166	1735	945	880	880	9880	0	20614	-1	-1	115	1	-1			2061453			-1
2061453	普通武师	20601	68	29399	1445	476	860	860	9860	0	20614	-1	-1	115	0	-1						-1
2061545	炸弹僵尸boss	20615	65	39863	1269	773	1440	632	9720	0	20615	-1	-1	115	1	-1						-1
2061546	炸弹僵尸boss	20615	66	41080	1325	795	1450	635	9725	0	20615	-1	-1	115	1	-1						-1
2061547	炸弹僵尸boss	20615	67	42411	1384	818	1460	638	9730	0	20615	-1	-1	115	1	-1						-1
2061548	炸弹僵尸boss	20615	68	43666	1445	847	1470	641	9735	0	20615	-1	-1	115	1	-1						-1
2061549	炸弹僵尸boss	20615	69	45038	1512	871	1480	644	9740	0	20615	-1	-1	115	1	-1						-1
2061646	酒鬼武师boss	20616	66	41080	1325	795	500	950	9500	0	20616	-1	-1	115	1	-1						-1
2061647	酒鬼武师boss	20616	67	42411	1384	818	500	960	9500	0	20616	-1	-1	115	1	-1						-1
2061648	酒鬼武师boss	20616	68	43666	1445	847	500	970	9500	0	20616	-1	-1	115	1	-1						-1
2061649	酒鬼武师boss	20616	69	45038	1512	871	500	980	9500	0	20616	-1	-1	115	1	-1						-1
2061650	酒鬼武师boss	20616	70	46328	1582	895	500	990	9500	0	20616	-1	-1	115	1	-1						-1
2061651	酒鬼武师boss	20616	71	47739	1656	920	500	1000	9500	0	20616	-1	-1	115	1	-1						-1
2061652	酒鬼武师boss	20616	72	49166	1735	945	500	1010	9500	0	20616	-1	-1	115	1	-1						-1
2061747	大锤武师boss	20617	67	42411	1384	818	500	960	9500	0	20617	-1	-1	115	1	-1						-1
2061748	大锤武师boss	20617	68	43666	1445	847	500	970	9500	0	20617	-1	-1	115	1	-1						-1
2061749	大锤武师boss	20617	69	45038	1512	871	500	980	9500	0	20617	-1	-1	115	1	-1						-1
2061750	大锤武师boss	20617	70	46328	1582	895	500	990	9500	0	20617	-1	-1	115	1	-1						-1
2061751	大锤武师boss	20617	71	47739	1656	920	500	1000	9500	0	20617	-1	-1	115	1	-1						-1
2061752	大锤武师boss	20617	72	49166	1735	945	500	1010	9500	0	20617	-1	-1	115	1	-1						-1
2061848	气功师boss	20618	68	43666	1445	847	1470	641	9735	0	20618	-1	-1	115	1	-1						-1
2061849	气功师boss	20618	69	45038	1512	871	1480	644	9740	0	20618	-1	-1	115	1	-1						-1
2061850	气功师boss	20618	70	46328	1582	895	1490	647	9745	0	20618	-1	-1	115	1	-1						-1
2061851	气功师boss	20618	71	47739	1656	920	1500	650	9750	0	20618	-1	-1	115	1	-1						-1
2061852	气功师boss	20618	72	49166	1735	945	1510	653	9755	0	20618	-1	-1	115	1	-1						-1
2061853	气功师boss	20618	73	50616	1820	975	500	1020	9500	0	20618	-1	-1	115	1	-1						-1
2061949	刀客boss	20619	69	63054	2100	871	500	1220	9500	0	20619	-1	-1	115	1	-1						-1
2061950	刀客boss	20619	70	64859	2198	895	500	1235	9500	0	20619	-1	-1	115	1	-1						-1
2061951	刀客boss	20619	71	66834	2300	920	500	1250	9500	0	20619	-1	-1	115	1	-1						-1
2061952	刀客boss	20619	72	68834	2410	945	500	1265	9500	0	20619	-1	-1	115	1	-1						-1
2061953	刀客boss	20619	73	70864	2528	975	500	1280	9500	0	20619	-1	-1	115	1	-1						-1
2070150	普通小鬼	20701	75	17856	1114	560	500	990	9500	0	20701	-1	-1	115	0	-1						-1
2070151	普通小鬼	20701	76	18394	1171	573	500	1000	9500	0	20701	-1	-1	115	0	-1						-1
2070152	普通小鬼	20701	77	18905	1232	588	500	1010	9500	0	20701	-1	-1	115	0	-1						-1
2070153	普通小鬼	20701	78	19457	1297	600	500	1020	9500	0	20701	-1	-1	115	0	-1						-1
2070351	铁锅小鬼	20703	76	33111	1522	573	500	1000	9500	0	20703	-1	-1	115	0	-1						-1
2070352	铁锅小鬼	20703	77	34028	1602	588	500	1010	9500	0	20703	-1	-1	115	0	-1						-1
2070353	铁锅小鬼	20703	78	35024	1686	600	500	1020	9500	0	20703	-1	-1	115	0	-1						-1
2070354	铁锅小鬼	20703	79	36030	1778	613	500	1030	9500	0	20703	-1	-1	115	0	-1						-1
2070355	铁锅小鬼	20703	81	38085	1984	638	500	1040	9500	0	20703	-1	-1	115	0	-1						-1
2070450	铁盘小鬼	20704	75	32143	1448	560	500	990	9500	0	20704	-1	-1	115	0	-1			2070150			-1
2070451	铁盘小鬼	20704	76	33111	1522	573	500	1000	9500	0	20704	-1	-1	115	0	-1			2070150			-1
2070452	铁盘小鬼	20704	77	34028	1602	588	500	1010	9500	0	20704	-1	-1	115	0	-1			2070150			-1
2070453	铁盘小鬼	20704	78	35024	1686	600	500	1020	9500	0	20704	-1	-1	115	0	-1			2070150			-1
2070454	铁盘小鬼	20704	79	36030	1778	613	500	1030	9500	0	20704	-1	-1	115	0	-1			2070150			-1
2070455	铁盘小鬼	20704	80	37050	1877	626	500	1040	9500	0	20704	-1	-1	115	0	-1			2070150			-1
2070456	铁盘小鬼	20704	81	38085	1984	638	500	1050	9500	0	20704	-1	-1	115	0	-1			2070150			-1
2070457	铁盘小鬼	20704	82	39131	2101	655	500	1060	9500	0	20704	-1	-1	115	0	-1			2070150			-1
2070458	铁盘小鬼	20704	83	40192	2227	667	500	1070	9500	0	20704	-1	-1	115	0	-1			2070150			-1
2070550	叉子小鬼	20705	75	16071	891	560	1490	647	9745	0	20705	-1	-1	115	0	-1						-1
2070551	叉子小鬼	20705	76	16554	937	573	1500	650	9750	0	20705	-1	-1	115	0	-1						-1
2070552	叉子小鬼	20705	77	17014	986	588	1510	653	9755	0	20705	-1	-1	115	0	-1						-1
2070553	叉子小鬼	20705	78	17512	1038	600	1520	656	9760	0	20705	-1	-1	115	0	-1						-1
2070554	叉子小鬼	20705	79	18015	1094	613	1530	659	9765	0	20705	-1	-1	115	0	-1						-1
2070555	叉子小鬼	20705	80	18525	1155	626	1540	662	9770	0	20705	-1	-1	115	0	-1						-1
2070556	叉子小鬼	20705	81	19043	1221	638	1550	665	9775	0	20705	-1	-1	115	0	-1						-1
2070557	叉子小鬼	20705	82	19565	1293	655	1560	668	9780	0	20705	-1	-1	115	0	-1						-1
2070558	叉子小鬼	20705	83	20095	1370	667	1570	671	9785	0	20705	-1	-1	115	0	-1						-1
2070754	红孩儿	20707	79	36030	1778	613	500	1030	9500	0	20707	-1	-1	115	0	-1						-1
2070755	红孩儿	20707	80	37050	1877	626	500	1040	9500	0	20707	-1	-1	115	0	-1						-1
2070756	红孩儿	20707	81	38085	1984	638	500	1050	9500	0	20707	-1	-1	115	0	-1						-1
2070757	红孩儿	20707	82	39131	2101	655	500	1060	9500	0	20707	-1	-1	115	0	-1						-1
2070853	黑熊精	20708	78	35024	1686	600	500	1020	9500	0	20708	-1	-1	115	0	-1						-1
2070854	黑熊精	20708	79	36030	1778	613	500	1030	9500	0	20708	-1	-1	115	0	-1						-1
2070855	黑熊精	20708	80	37050	1877	626	500	1040	9500	0	20708	-1	-1	115	0	-1						-1
2070856	黑熊精	20708	81	38085	1984	638	500	1050	9500	0	20708	-1	-1	115	0	-1						-1
2070857	黑熊精	20708	82	39131	2101	655	500	1060	9500	0	20708	-1	-1	115	0	-1						-1
2070858	黑熊精	20708	83	40192	2227	667	500	1070	9500	0	20708	-1	-1	115	0	-1						-1
2071053	白骨精	20710	78	81722	3243	600	500	1280	9500	0	20710	-1	-1	115	0	-1						-1
2071054	白骨精	20710	79	84071	3420	613	1530	659	9765	0	20710	-1	-1	115	0	-1						-1
2071055	白骨精	20710	80	86452	3610	626	500	1310	9500	0	20710	-1	-1	115	0	-1						-1
2071056	白骨精	20710	81	88867	3815	638	1550	665	9775	0	20710	-1	-1	115	0	-1						-1
2071154	蜘蛛精	20711	79	84071	3420	613	1795	659	10030	0	20711	-1	-1	115	0	-1						-1
2071155	蜘蛛精	20711	80	86452	3610	626	1810	662	10040	0	20711	-1	-1	115	0	-1						-1
2071156	蜘蛛精	20711	81	88867	3815	638	1825	665	10050	0	20711	-1	-1	115	0	-1						-1
2071157	蜘蛛精	20711	82	91307	4040	655	1840	668	10060	0	20711	-1	-1	115	0	-1						-1
2071158	蜘蛛精	20711	83	93783	4283	667	1570	671	9785	0	20711	-1	-1	115	0	-1						-1
2071351	红孩儿BOSS	20713	76	55185	2108	1053	500	1000	9500	0	20713	-1	-1	115	1	-1						-1
2071352	红孩儿BOSS	20713	77	56716	2218	1086	500	1010	9500	0	20713	-1	-1	115	1	-1						-1
2071353	红孩儿BOSS	20713	78	58373	2335	1113	500	1020	9500	0	20713	-1	-1	115	1	-1						-1
2071354	红孩儿BOSS	20713	79	60051	2462	1140	500	1030	9500	0	20713	-1	-1	115	1	-1						-1
2071355	红孩儿BOSS	20713	81	63476	2747	1196	500	1040	9500	0	20713	-1	-1	115	1	-1						-1
2071356	红孩儿BOSS	20713	81	63476	2747	1196	500	1050	9500	0	20713	-1	-1	115	1	-1						-1
2071357	红孩儿BOSS	20713	82	65219	2909	1231	500	1060	9500	0	20713	-1	-1	115	1	-1						-1
2071358	红孩儿BOSS	20713	83	66987	3083	1260	500	1355	9500	0	20713	-1	-1	115	1	-1						-1
2071450	土地爷爷BOSS	20714	75	53571	2005	1027	500	990	9500	0	20714	-1	-1	115	1	-1						-1
2071451	土地爷爷BOSS	20714	76	55185	2108	1053	500	1000	9500	0	20714	-1	-1	115	1	-1						-1
2071452	土地爷爷BOSS	20714	77	56716	2218	1086	500	1010	9500	0	20714	-1	-1	115	1	-1						-1
2071453	土地爷爷BOSS	20714	78	58373	2335	1113	500	1020	9500	0	20714	-1	-1	115	1	-1						-1
2071454	土地爷爷BOSS	20714	79	60051	2462	1140	500	1030	9500	0	20714	-1	-1	115	1	-1						-1
2071455	土地爷爷BOSS	20714	81	63476	2747	1196	500	1040	9500	0	20714	-1	-1	115	1	-1						-1
2071456	土地爷爷BOSS	20714	81	63476	2747	1196	500	1050	9500	0	20714	-1	-1	115	1	-1						-1
2071457	土地爷爷BOSS	20714	82	65219	2909	1231	500	1340	9500	0	20714	-1	-1	115	1	-1						-1
2071552	黄梅大王BOSS	20715	77	56716	2218	1086	500	1010	9500	0	20715	-1	-1	115	1	-1						-1
2071553	黄梅大王BOSS	20715	78	58373	2335	1113	500	1020	9500	0	20715	-1	-1	115	1	-1						-1
2071554	黄梅大王BOSS	20715	79	60051	2462	1140	500	1030	9500	0	20715	-1	-1	115	1	-1						-1
2071555	黄梅大王BOSS	20715	81	63476	2747	1196	500	1040	9500	0	20715	-1	-1	115	1	-1						-1
2071556	黄梅大王BOSS	20715	81	63476	2747	1196	500	1050	9500	0	20715	-1	-1	115	1	-1						-1
2071557	黄梅大王BOSS	20715	82	65219	2909	1231	500	1060	9500	0	20715	-1	-1	115	1	-1						-1
2071558	黄梅大王BOSS	20715	83	66987	3083	1260	500	1355	9500	0	20715	-1	-1	115	1	-1						-1
2071652	黑熊精BOSS	20716	77	56716	2218	1086	500	1010	9500	0	20716	-1	-1	115	1	-1						-1
2071653	黑熊精BOSS	20716	78	58373	2335	1113	500	1020	9500	0	20716	-1	-1	115	1	-1						-1
2071654	黑熊精BOSS	20716	79	60051	2462	1140	500	1030	9500	0	20716	-1	-1	115	1	-1						-1
2071655	黑熊精BOSS	20716	81	63476	2747	1196	500	1040	9500	0	20716	-1	-1	115	1	-1						-1
2071656	黑熊精BOSS	20716	81	63476	2747	1196	500	1050	9500	0	20716	-1	-1	115	1	-1						-1
2071657	黑熊精BOSS	20716	82	65219	2909	1231	500	1340	9500	0	20716	-1	-1	115	1	-1						-1
2071750	叉子小鬼BOSS	20717	75	53571	2005	1027	1490	647	9745	0	20717	-1	-1	115	1	-1						-1
2071751	叉子小鬼BOSS	20717	76	55185	2108	1053	1500	650	9750	0	20717	-1	-1	115	1	-1						-1
2071752	叉子小鬼BOSS	20717	77	56716	2218	1086	1510	653	9755	0	20717	-1	-1	115	1	-1						-1
2071753	叉子小鬼BOSS	20717	78	58373	2335	1113	1520	656	9760	0	20717	-1	-1	115	1	-1						-1
2071754	叉子小鬼BOSS	20717	79	60051	2462	1140	1530	659	9765	0	20717	-1	-1	115	1	-1						-1
2071755	叉子小鬼BOSS	20717	81	63476	2747	1196	1540	662	9770	0	20717	-1	-1	115	1	-1						-1
2071756	叉子小鬼BOSS	20717	81	63476	2747	1196	1550	665	9775	0	20717	-1	-1	115	1	-1						-1
2071757	叉子小鬼BOSS	20717	82	65219	2909	1231	1840	668	10060	0	20717	-1	-1	115	1	-1						-1
2071850	铁锅小鬼BOSS	20718	75	53571	2005	1027	500	990	9500	0	20718	-1	-1	115	1	-1						-1
2071851	铁锅小鬼BOSS	20718	76	55185	2108	1053	500	1000	9500	0	20718	-1	-1	115	1	-1						-1
2071852	铁锅小鬼BOSS	20718	77	56716	2218	1086	500	1010	9500	0	20718	-1	-1	115	1	-1						-1
2071853	铁锅小鬼BOSS	20718	78	58373	2335	1113	500	1020	9500	0	20718	-1	-1	115	1	-1						-1
2071854	铁锅小鬼BOSS	20718	79	60051	2462	1140	500	1030	9500	0	20718	-1	-1	115	1	-1						-1
2071855	铁锅小鬼BOSS	20718	81	63476	2747	1196	500	1040	9500	0	20718	-1	-1	115	1	-1						-1
2071856	铁锅小鬼BOSS	20718	81	63476	2747	1196	500	1325	9500	0	20718	-1	-1	115	1	-1						-1
2070655	土地爷爷	20706	81	63476	2747	638	500	1040	9500	0	20706	-1	-1	115	0	-1						-1
2070653	土地爷爷	20706	78	58373	2335	600	500	1040	9500	0	20706	-1	-1	115	0	-1						-1
2071255	牛魔王	20712	81	63476	2747	1196	500	1040	9500	0	20712	-1	-1	115	1	-1						-1
2071257	牛魔王	20712	82	65219	2909	1231	500	1040	9500	0	20712	-1	-1	115	1	-1						-1
2051301	僵尸警长	20513	35	18927	535	226	500	740	9500	0	20104	-1	-1	115	1	-1						-1
2051302	僵尸警长	20513	36	19777	558	238	500	750	9500	0	20104	-1	-1	115	1	-1						-1
2051303	僵尸警长	20513	37	20561	580	254	500	760	9500	0	20104	-1	-1	115	1	-1						-1
2051304	僵尸警长	20513	38	21446	603	267	500	770	9500	0	20104	-1	-1	115	1	-1						-1
2051305	僵尸警长	20513	39	22347	628	280	500	780	9500	0	20104	-1	-1	115	1	-1						-1
1010501	普通僵尸	1010501	2	463	26	13	60	60	9900	0	20001	-1	-1	115	0	-1						-1
1010502	撑杆僵尸	1010502	2	370	39	13	60	60	9900	0	20009	-1	-1	115	0	-1						-1
1010503	铁桶僵尸	1011003	2	740	52	13	60	60	9900	0	20004	-1	-1	115	0	-1			1010501			-1
1010504	伽刚特尔	1010504	2	3145	182	13	60	60	9900	0	20007	-1	-1	115	1	-1						-1
1011001	路障僵尸	1011001	4	988	64	17	120	120	9900	0	20003	-1	-1	115	0	-1						-1
1011002	橄榄球僵尸	1011002	4	494	48	17	120	120	9900	0	20005	-1	-1	115	0	-1						-1
1011003	铁桶僵尸	1011003	4	988	64	17	120	120	9900	0	20004	-1	-1	115	0	-1			1010501			-1
1011004	雪人僵尸	1011004	4	3899	204	17	120	120	9900	0	20008	100211004	-1	115	1	-1						-1
1020501	路障原始人	1020501	6	1256	84	22	180	180	9900	0	20502	-1	-1	115	0	-1						-1
1020502	弹弓原始人	1020502	6	628	63	22	180	180	9900	0	20506	-1	-1	115	0	-1						-1
1020503	面具原始人	1020503	6	1256	84	22	180	180	9900	0	20504	-1	-1	115	0	-1						-1
1020504	骑鸟僵尸	1020504	6	4838	264	22	180	180	9900	0	20507	100220504	-1	115	1	-1						-1
1021001	弹弓原始人	1021001	8	786	78	26	240	240	9900	0	20506	-1	-1	115	0	-1						-1
1021002	面具原始人	1021002	8	1572	104	26	240	240	9900	0	20504	-1	-1	115	0	-1						-1
1021003	路障原始人	1021003	8	1572	104	26	240	240	9900	0	20502	-1	-1	115	0	-1						-1
1021004	蜗牛僵尸	1021004	8	5681	314	26	240	240	9900	0	20508	10020508	-1	115	1	-1						-1
1021501	木棍原始人	1021501	10	1924	132	31	300	300	9900	0	20505	-1	-1	115	0	-1						-1
1021502	弹弓原始人	1021502	10	962	99	31	300	300	9900	0	20506	-1	-1	115	0	-1						-1
1021503	铁桶原始人	1021503	10	1924	132	31	300	300	9900	0	20503	-1	-1	115	0	-1			102150301			-1
1021504	力士僵尸	1021504	10	7177	402	31	300	300	9900	0	20511	10020331	-1	115	1	-1						-1
1030501	长城路障	1030501	11	2100	152	33	330	330	9900	0	20402	-1	-1	115	0	-1						-1
1030502	长城投石车	1031002	11	1050	114	33	330	330	9900	0	20408	-1	-1	115	0	-1						-1
1030503	长城铁桶	1030503	11	2100	152	33	330	330	9900	0	20403	-1	-1	115	0	-1			103100301			-1
1030504	长城大刀boss	1030504	11	8925	462	33	330	330	9900	0	20416	10020348	-1	115	1	-1						-1
1031001	长城路障	1031001	12	2308	176	35	360	360	9900	0	20402	-1	-1	115	0	-1						-1
1031002	长城投石车	1031002	12	1154	132	35	360	360	9900	0	20408	-1	-1	115	0	-1						-1
1031003	长城铁桶	1031003	12	2308	176	35	360	360	9900	0	20403	-1	-1	115	0	-1			103100301			-1
1031004	长城投石车boss	1031004	12	9809	576	35	360	360	9900	0	20417	10020349	-1	115	1	-1						-1
1031501	长城路障	1031501	13	2528	200	37	390	390	9900	0	20402	-1	-1	115	0	-1						-1
1031502	长城投石车	1031502	13	1264	150	37	390	390	9900	0	20408	-1	-1	115	0	-1						-1
1031503	长城铁桶	1031503	13	2528	200	37	390	390	9900	0	20403	-1	-1	115	0	-1			103150301			-1
1031504	长城圆锤	1031504	13	10744	700	37	390	390	9900	0	20409	10020348	-1	115	1	-1						-1
1032001	长城路障	1032001	15	2968	324	42	450	450	9900	0	20402	-1	-1	115	0	-1						-1
1032002	长城投石车	1032002	15	1484	243	42	450	450	9900	0	20408	-1	-1	115	0	-1						-1
1032003	长城大刀	1032003	15	2968	324	42	450	450	9900	0	20405	-1	-1	115	0	-1						-1
1032004	长城战车	1032004	15	12614	1134	42	450	450	9900	0	20410	10020347	-1	115	1	-1						-1
1040501	路障木乃伊	1040501	18	4172	372	48	540	540	9900	0	20102	-1	-1	115	0	-1						-1
1040502	探险家僵尸	20106	18	4172	372	48	540	540	9900	0	20106	-1	-1	115	0	-1			2073002			-1
1040503	旗子木乃伊	1040503	18	4172	372	48	540	540	9900	0	20103	-1	-1	115	0	-1						-1
1040504	探险家boss	20114	18	18540	1302	48	540	540	9900	0	20114	-1	-1	115	1	-1			2073102			-1
1041001	路障木乃伊	1041001	20	4802	408	62	600	600	9900	0	20102	-1	-1	115	0	-1						-1
1041002	探险家僵尸	20106	20	4802	408	62	600	600	9900	0	20106	-1	-1	115	0	-1			2073102			-1
1041003	旗子木乃伊	1041003	20	4802	408	62	600	600	9900	0	20103	-1	-1	115	0	-1						-1
1041004	太阳神boss	1040504	20	21340	1428	77	600	600	9900	0	20116	10020108	-1	115	1	-1						-1
1041501	铁桶木乃伊	1041501	23	5832	468	78	690	690	9900	0	20104	-1	-1	115	0	-1			104150101			-1
1041502	太阳神僵尸	1041502	23	5832	468	78	690	690	9900	0	20116	-1	-1	115	0	-1						-1
1041503	探险家僵尸	20106	23	5832	468	78	690	690	9900	0	20106	-1	-1	115	0	-1						-1
1041504	死神boss	20115	23	25920	1638	101	690	690	9900	0	20115	-1	-1	115	1	-1			2010902			-1
1042001	铁桶木乃伊	1042001	26	6998	536	95	780	780	9900	0	20104	0	-1	115	0	-1			104150101			-1
1042002	旗子木乃伊	1042002	26	6998	536	95	780	780	9900	0	20103	0	-1	115	0	-1						-1
1042003	探险家僵尸	20106	26	6998	536	95	780	780	9900	0	20106	0	-1	115	0	-1			2073102			-1
1042004	埃及艳后boss	1042004	26	31100	1876	126	780	780	9900	0	20118	10020110	-1	115	1	-1						-1
1042501	铁桶木乃伊	1042501	30	10727	632	120	900	900	9900	0	20104	0	-1	115	0	-1			104250101			-1
1042502	旗子木乃伊	1042502	30	10727	632	120	900	900	9900	0	20103	0	-1	115	0	-1						-1
1042503	死神僵尸	1042503	30	10727	632	120	900	900	9900	0	20107	0	-1	115	0	-1						-1
1042504	太阳神boss	1040504	30	47681	2212	168	900	900	9900	0	20116	10020108	-1	115	1	-1						-1
1050501	路障海盗	1050501	32	11932	684	134	960	960	9900	0	20202	0	-1	115	0	-1						-1
1050502	海盗僵尸	1050502	32	11932	684	134	960	960	9900	0	20201	0	-1	115	0	-1						-1
1050503	海鸥海盗	20206	32	6629	513	134	960	960	9900	0	20206	0	-1	115	0	-1						-1
1050504	飞索海盗boss	1050504	32	53037	2394	192	960	960	9900	0	20214	10020356	-1	115	1	-1						-1
1051001	路障海盗	1051001	34	13210	744	148	1020	1020	9900	0	20202	0	-1	115	0	-1						-1
1051002	旗子海盗	1051002	34	13210	744	148	1020	1020	9900	0	20203	0	-1	115	0	-1						-1
1051003	海鸥海盗	20206	34	7339	558	148	1020	1020	9900	0	20206	0	-1	115	0	-1						-1
1051004	滚筒boss	1051004	34	58717	2604	214	1020	1020	9900	0	20217	10020328	-1	115	1	-1						-1
1051501	路障海盗	1051501	36	14612	804	162	1080	1080	9900	0	20202	0	-1	115	0	-1						-1
1051502	铁桶僵尸	1051502	36	14612	804	162	1080	1080	9900	0	20204	0	-1	115	0	-1			105150201			-1
1051503	飞索海盗	1051503	36	8117	603	162	1080	1080	9900	0	20205	0	-1	115	0	-1						-1
1051504	海鸥海盗boss	1051504	36	64944	2814	238	1080	1080	9900	0	20216	0	-1	115	1	-1						-1
1052001	铁桶僵尸	1052001	38	16019	872	179	1140	1140	9900	0	20204	0	-1	115	0	-1			105200101			-1
1052002	飞索海盗	1052002	38	8900	654	179	1140	1140	9900	0	20205	0	-1	115	0	-1						-1
1052003	旗子海盗	1052003	38	16019	872	179	1140	1140	9900	0	20203	0	-1	115	0	-1						-1
1052004	淘金boss	20317	38	71200	3052	267	1140	1140	9900	0	20317	-1	-1	115	1	-1			2073702	917214		-1
1052501	铁桶僵尸	1052501	40	17568	944	193	1200	1200	9900	0	20204	0	-1	115	0	-1			105250101			-1
1052502	飞索海盗	1052502	40	9761	708	193	1200	1200	9900	0	20205	0	-1	115	0	-1						-1
1052503	旗子海盗	1052503	40	17568	944	193	1200	1200	9900	0	20203	0	-1	115	0	-1						-1
1052504	船长boss	1052504	40	78083	3304	293	1200	1200	9900	0	20218	0	-1	115	1	-1						-1
1060501	路障牛仔	1060501	42	19258	1020	211	1260	1260	9900	0	20302	0	-1	115	0	-1						-1
1060502	淘金僵尸	20305	42	17620	944	211	1260	1260	9900	0	20305	0	-1	115	0	-1			2073602	17214		-1
1060503	铁桶牛仔	1060503	42	19258	1020	211	1260	1260	9900	0	20303	0	-1	115	0	-1			106100301			-1
1060504	鸡贼boss	1060504	42	85594	3570	325	1260	1260	9900	0	20319	10020333	-1	115	1	-1						-1
1061001	路障牛仔	1061001	44	20956	1104	227	1320	1320	9900	0	20302	0	-1	115	0	-1						-1
1061002	淘金僵尸	20305	44	20956	1104	227	1320	1320	9900	0	20305	0	-1	115	0	-1			2073602	17214		-1
1061003	铁桶牛仔	1061003	44	20956	1104	227	1320	1320	9900	0	20303	0	-1	115	0	-1			106100301			-1
1061004	淘金boss	1061004	44	93137	3864	355	1320	1320	9900	0	20317	10020329	-1	115	1	-1						-1
1061501	路障牛仔	1061501	46	22801	1192	246	1380	1380	9900	0	20302	0	-1	115	0	-1						-1
1061502	淘金僵尸	20305	46	22801	1192	246	1380	1380	9900	0	20305	0	-1	115	0	-1			2073602	17214		-1
1061503	铁桶牛仔	1061503	46	22801	1192	246	1380	1380	9900	0	20303	0	-1	115	0	-1			106100301			-1
1061504	钢琴boss	1061504	46	101338	4172	389	1380	1380	9900	0	20318	0	-1	115	1	-1						-1
1062001	淘金僵尸	20305	48	24726	1292	263	1440	1440	9900	0	20305	0	-1	115	0	-1			2073602	17214		-1
1062002	铁桶牛仔	1062002	48	24726	1292	263	1440	1440	9900	0	20303	0	-1	115	0	-1			106200201			-1
1062003	钢琴僵尸	1062003	48	24726	1292	263	1440	1440	9900	0	20306	0	-1	115	0	-1						-1
1062004	机器牛boss	1062004	48	109898	4522	422	1440	1440	9900	0	20311	10020311	-1	115	1	-1						-1
1062501	淘金僵尸	20305	50	26813	1396	283	1500	1500	9900	0	20305	0	-1	115	0	-1			2073602	17214		-1
1062502	铁桶牛仔	1062502	50	26813	1396	283	1500	1500	9900	0	20303	0	-1	115	0	-1			106250201			-1
1062503	钢琴僵尸	1062503	50	26813	1396	283	1500	1500	9900	0	20306	0	-1	115	0	-1						-1
1062504	僵尸警长	1062504	50	119171	4886	459	1500	1500	9900	0	20104	10020312	-1	115	1	-1						-1
1070501	铜锣僵尸	20612	52	28986	1512	301	1560	1560	9900	0	20612	0	-1	115	0	-1						-1
1070502	炸弹僵尸	1070502	52	16103	1134	301	1560	1560	9900	0	20604	0	-1	115	0	-1						-1
1070503	铁桶武师	1070503	52	28986	1512	301	1560	1560	9900	0	20603	0	-1	115	0	-1			107050301			-1
1070504	铜锣僵尸boss	20614	52	128831	5292	495	1560	1560	9900	0	20614	0	-1	115	1	-1						-1
1071001	路障武师	1071001	54	31248	1636	320	1620	1620	9900	0	20602	0	-1	115	0	-1						-1
1071002	炸弹僵尸	1071002	54	17359	1227	320	1620	1620	9900	0	20604	0	-1	115	0	-1						-1
1071003	铁桶武师	1071003	54	31248	1636	320	1620	1620	9900	0	20603	0	-1	115	0	-1			107100301			-1
1071004	大锤武师boss	1071004	54	138880	5726	532	1620	1620	9900	0	20617	0	-1	115	1	-1						-1
1071501	铁桶武师	1071501	56	33596	1776	342	1680	1680	9900	0	20603	0	-1	115	0	-1			107150101			-1
1071502	铜锣僵尸	20612	56	33596	1776	342	1680	1680	9900	0	20612	0	-1	115	0	-1						-1
1071503	气功师	1071503	56	18664	1332	342	1680	1680	9900	0	20611	0	-1	115	0	-1						-1
1071504	气功师boss	1071504	56	149318	6216	574	1680	1680	9900	0	20618	10020357	-1	115	1	-1						-1
1072001	铁桶武师	1072001	58	36124	1928	362	1740	1740	9900	0	20603	0	-1	115	0	-1			107200101			-1
1072002	气功师	1072002	58	20068	1446	362	1740	1740	9900	0	20611	0	-1	115	0	-1						-1
1072003	火炬武师	1072003	58	20068	1446	362	1740	1740	9900	0	20610	0	-1	115	0	-1						-1
1072004	刀客boss	1072004	58	160554	6748	614	1740	1740	9900	0	20619	0	-1	115	1	-1						-1
1072501	铁桶武师	1072501	60	38747	2092	385	1800	1800	9900	0	20603	0	-1	115	0	-1			107250101			-1
1072502	气功师	1072502	60	21526	1569	385	1800	1800	9900	0	20611	0	-1	115	0	-1						-1
1072503	火炬武师	1072503	60	21526	1569	385	1800	1800	9900	0	20610	0	-1	115	0	-1						-1
1072504	刺客	1072504	60	172208	7322	659	1800	1800	9900	0	20613	10020358	-1	115	1	-1						-1
1080501	铁锅小鬼	1080501	62	41561	2280	405	1860	1860	9900	0	20703	0	-1	115	0	-1						-1
1080502	叉子小鬼	1080502	62	23089	1710	405	1860	1860	9900	0	20705	0	-1	115	0	-1						-1
1080503	红孩儿	1080503	62	41561	2280	405	1860	1860	9900	0	20707	0	-1	115	0	-1						-1
1080504	红孩儿BOSS	1080504	62	184717	7980	701	1860	1860	9900	0	20713	10020361	-1	115	1	-1						-1
1081001	铁锅小鬼	1081001	64	44476	2484	429	1920	1920	9900	0	20703	0	-1	115	0	-1						-1
1081002	黑熊精	1081002	64	44476	2484	429	1920	1920	9900	0	20708	0	-1	115	0	-1						-1
1081003	叉子小鬼	1081003	64	24709	1863	429	1920	1920	9900	0	20705	0	-1	115	0	-1						-1
1081004	黑熊精BOSS	1081004	64	197672	8694	750	1920	1920	9900	0	20716	10020363	-1	115	1	-1						-1
1081501	铁盘小鬼	1081501	66	47492	2712	451	1980	1980	9900	0	20704	0	-1	115	0	-1						-1
1081502	叉子小鬼	1081502	66	26384	2034	451	1980	1980	9900	0	20705	0	-1	115	0	-1						-1
1081503	黑熊精	1081503	66	47492	2712	451	1980	1980	9900	0	20708	0	-1	115	0	-1						-1
1081504	黄梅大王BOSS	1081504	66	211075	9492	795	1980	1980	9900	0	20715	0	-1	115	1	-1						-1
1082001	铁盘小鬼	1082001	68	50713	2968	476	2040	2040	9900	0	20704	0	-1	115	0	-1						-1
1082002	叉子小鬼	1082002	68	28173	2226	476	2040	2040	9900	0	20705	0	-1	115	0	-1						-1
1082003	黑熊精	1082003	68	50713	2968	476	2040	2040	9900	0	20708	0	-1	115	0	-1						-1
1082004	蜘蛛精	1082504	70	240184	11396	895	2100	2100	9900	0	20714	10020362	-1	115	1	-1						-1
1082501	黑熊精	1082501	72	57593	3580	522	2160	2160	9900	0	20708	0	-1	115	0	-1						-1
1082502	红孩儿	1082502	72	57593	3580	522	2160	2160	9900	0	20707	0	-1	115	0	-1						-1
1082503	叉子小鬼	1082503	72	31996	2685	522	2160	2160	9900	0	20705	0	-1	115	0	-1						-1
1082504	蜘蛛精	1082504	74	272265	13832	1001	2220	2220	9900	0	20711	10020359	-1	115	1	-1						-1
1090501	维京普通僵尸	20719	76	36422	1684	573	2280	2280	9900	0	20719	0	-1	115	0	-1						-1
1090502	维京路障僵尸	20720	76	54636	3368	573	2280	2280	9900	0	20720	0	-1	115	0	-1						-1
1090503	号角僵尸	20724	76	30353	2526	573	2280	2280	9900	0	20724	0	-1	115	0	-1						-1
1090504	维京路障僵尸boss	20721	78	257619	12796	1113	2340	2340	9900	0	20721	10020381	-1	115	1	-1						-1
1091001	维京普通僵尸	20719	80	41003	1988	626	2400	2400	9900	0	20719	0	-1	115	0	-1						-1
1091002	维京铁桶僵尸	20722	80	61505	3976	626	2400	2400	9900	0	20722	0	-1	115	0	-1			109100201			-1
1091003	号角僵尸	20724	80	34169	2982	626	2400	2400	9900	0	20724	0	-1	115	0	-1						-1
1091004	维京铁桶僵尸boss	20723	82	289527	15162	1231	2460	2460	9900	0	20723	10020382	-1	115	1	-1						-1
1091501	维京普通僵尸	20719	84	45995	2368	680	2520	2520	9900	0	20719	0	-1	115	0	-1						-1
1091502	维京铁桶僵尸	20722	84	38331	3552	680	2520	2520	9900	0	20722	0	-1	115	0	-1			109150201			-1
1091503	飞龙饲养员	20726	84	68995	4736	680	2520	2520	9900	0	20726	0	-1	115	0	-1						-1
1091504	飞龙饲养员Boss	20727	86	324269	18172	1355	2580	2580	9900	0	20727	10020377	-1	115	1	-1						-1
1092001	维京路障僵尸	20720	88	77146	5708	737	2640	2640	9900	0	20720	0	-1	115	0	-1						-1
1092002	维京铁桶僵尸	20722	88	77146	5708	737	2640	2640	9900	0	20722	0	-1	115	0	-1			109200201			-1
1092003	飞龙饲养员	20726	88	42859	4281	737	2640	2640	9900	0	20726	0	-1	115	0	-1						-1
1092004	飞龙饲养员Boss	20727	90	362515	22050	1479	2700	2700	9900	0	20727	10020377	-1	115	1	-1						-1
1092501	维京路障僵尸	20720	92	86105	6988	796	2760	2760	9900	0	20720	0	-1	115	0	-1						-1
1092502	维京铁桶僵尸	20722	92	86105	6988	796	2760	2760	9900	0	20722	0	-1	115	0	-1			109250201			-1
1092503	飞龙饲养员	20726	92	47836	5241	796	2760	2760	9900	0	20726	0	-1	115	0	-1						-1
1092504	维京龙骑兵	20728	94	403939	27244	1615	2820	2820	9900	0	20743	10020379	-1	115	1	-1						-1
2074101	伽刚小鬼	20741	5	285	32	20	500	540	9500	0	20003	-1	-1	115	0	-1						-1
2074102	伽刚小鬼	20741	5	698	36	20	60	60	9900	0	20003	-1	-1	115	0	-1						-1
2072901	伽刚特尔(无小鬼）	20729	3	777	70	15	500	530	9500	0	20729	-1	-1	115	1	-1						-1
2072902	伽刚特尔(无小鬼）	20729	3	3621	196	15	60	60	9900	0	20729	-1	-1	115	1	-1						-1
2073001	埃及探险（无火）	20730	28	2403	129	108	1220	566	9610	0	20730	-1	-1	115	0	-1			2010623	15610		-1
2073002	埃及探险（无火）	20730	28	4360	435	108	540	540	9900	0	20730	-1	-1	115	0	-1			1040502	15610		-1
2073101	boss埃及探险（无火）	20731	30	3594	175	168	1240	572	9620	0	20731	-1	-1	115	1	-1			2011425	915610		-1
2073102	boss埃及探险（无火）	20731	30	47681	2212	168	540	540	9900	0	20731	-1	-1	115	1	-1			1040504	915610		-1
2073601	淘金僵尸（熄火）	20736	54	9315	449	320	1380	614	9690	0	20736	-1	-1	115	0	-1			2030539			-1
2073602	淘金僵尸（熄火）	20736	54	138880	5726	320	1380	614	9690	0	20736	-1	-1	115	0	-1			1062501			-1
2073701	淘金BOSS（熄火）	20737	56	41799	1215	574	1400	620	9700	0	20317	-1	-1	115	1	-1			2031741			-1
2073702	淘金BOSS（熄火）	20737	56	149318	6216	574	1400	620	9700	0	20317	-1	-1	115	1	-1			1052004			-1
2010901	法老僵尸	20109	30	3234	140	120	500	740	9500	0	20109	-1	-1	115	0	-1						-1
2010902	法老僵尸	20109	30	5959	474	120	900	900	9900	0	20109	-1	-1	115	0	-1						-1
2074201	绵羊僵尸（年兽）	20742	70	101614677	1000	0	0	0	10000	0	20742	10020375	-1	115	1	1						-1
2074601	歌王僵尸	20746	2	2845	82	13	60	60	10000	0	20746	100294504	-1	115	1	-1						-1
2074701	歌王僵尸（世界BOSS）	20747	70	101614677	2000	0	0	0	10000	0	20746	100294504	-1	115	1	1						-1
2071901	维京普通僵尸	20719	80	18353	1217	626	1400	620	9700	0	20719	-1	-1	115	0	-1						-1
2071902	维京普通僵尸	20719	81	18845	1275	638	1400	620	9700	0	20719	-1	-1	115	0	-1						-1
2071903	维京普通僵尸	20719	82	19344	1337	655	1400	620	9700	0	20719	-1	-1	115	0	-1						-1
2071904	维京普通僵尸	20719	83	19848	1403	667	1400	620	9700	0	20719	-1	-1	115	0	-1						-1
2071905	维京普通僵尸	20719	84	20391	1473	680	1400	620	9700	0	20719	-1	-1	115	0	-1						-1
2072001	维京路障僵尸	20720	80	33037	1582	626	1400	620	9700	0	20720	-1	-1	115	0	-1						-1
2072002	维京路障僵尸	20720	81	33922	1658	638	1400	620	9700	0	20720	-1	-1	115	0	-1						-1
2072003	维京路障僵尸	20720	82	34819	1738	655	1400	620	9700	0	20720	-1	-1	115	0	-1						-1
2072004	维京路障僵尸	20720	83	35727	1824	667	1400	620	9700	0	20720	-1	-1	115	0	-1						-1
2072005	维京路障僵尸	20720	84	36706	1915	680	1400	620	9700	0	20720	-1	-1	115	0	-1						-1
2072006	维京路障僵尸	20720	85	37634	2014	693	1400	620	9700	0	20720	-1	-1	115	0	-1						-1
2072007	维京路障僵尸	20720	86	38637	2120	711	1400	620	9700	0	20720	-1	-1	115	0	-1						-1
2072008	维京路障僵尸	20720	87	39650	2233	724	1400	620	9700	0	20720	-1	-1	115	0	-1						-1
2072009	维京路障僵尸	20720	88	40672	2357	737	1400	620	9700	0	20720	-1	-1	115	0	-1						-1
2072010	维京路障僵尸	20720	89	41711	2490	751	1400	620	9700	0	20720	-1	-1	115	0	-1						-1
2072011	维京路障僵尸	20720	90	42822	2634	764	1400	620	9700	0	20720	-1	-1	115	0	-1						-1
2072012	维京路障僵尸	20720	91	43947	2790	782	1400	620	9700	0	20720	-1	-1	115	0	-1						-1
2072013	维京路障僵尸	20720	92	45019	2961	796	1400	620	9700	0	20720	-1	-1	115	0	-1						-1
2072014	维京路障僵尸	20720	93	46169	3150	810	1400	620	9700	0	20720	-1	-1	115	0	-1						-1
2072015	维京路障僵尸	20720	94	47331	3355	824	1400	620	9700	0	20720	-1	-1	115	0	-1						-1
2072101	维京路障僵尸boss	20721	80	77088	3043	1168	1400	620	9700	0	20721	10020381	-1	115	1	-1						-1
2072102	维京路障僵尸boss	20721	81	79152	3188	1196	1400	620	9700	0	20721	10020381	-1	115	1	-1						-1
2072103	维京路障僵尸boss	20721	82	81246	3343	1231	1400	620	9700	0	20721	10020381	-1	115	1	-1						-1
2072104	维京路障僵尸boss	20721	83	83363	3508	1260	1400	620	9700	0	20721	10020381	-1	115	1	-1						-1
2072105	维京路障僵尸boss	20721	84	85648	3683	1289	1400	620	9700	0	20721	10020381	-1	115	1	-1						-1
2072106	维京路障僵尸boss	20721	85	87814	3873	1319	1400	620	9700	0	20721	10020381	-1	115	1	-1						-1
2072107	维京路障僵尸boss	20721	86	90153	4078	1355	1400	620	9700	0	20721	10020381	-1	115	1	-1						-1
2072108	维京路障僵尸boss	20721	87	92516	4295	1385	1400	620	9700	0	20721	10020381	-1	115	1	-1						-1
2072109	维京路障僵尸boss	20721	88	94904	4533	1416	1400	620	9700	0	20721	10020381	-1	115	1	-1						-1
2072110	维京路障僵尸boss	20721	89	97326	4788	1447	1400	620	9700	0	20721	10020381	-1	115	1	-1						-1
2072111	维京路障僵尸boss	20721	90	99917	5065	1479	1400	620	9700	0	20721	10020381	-1	115	1	-1						-1
2072112	维京路障僵尸boss	20721	91	102543	5365	1517	1400	620	9700	0	20721	10020381	-1	115	1	-1						-1
2072113	维京路障僵尸boss	20721	92	105046	5695	1549	1400	620	9700	0	20721	10020381	-1	115	1	-1						-1
2072114	维京路障僵尸boss	20721	93	107727	6058	1582	1400	620	9700	0	20721	10020381	-1	115	1	-1						-1
2072115	维京路障僵尸boss	20721	94	110438	6453	1615	1400	620	9700	0	20721	10020381	-1	115	1	-1						-1
2072201	维京铁桶僵尸	20722	80	33037	1582	626	1400	620	9700	0	20722	-1	-1	115	0	-1			207220101			-1
2072202	维京铁桶僵尸	20722	81	33922	1658	638	1400	620	9700	0	20722	-1	-1	115	0	-1			207220201			-1
2072203	维京铁桶僵尸	20722	82	34819	1738	655	1400	620	9700	0	20722	-1	-1	115	0	-1			207220301			-1
2072204	维京铁桶僵尸	20722	83	35727	1824	667	1400	620	9700	0	20722	-1	-1	115	0	-1			207220401			-1
2072205	维京铁桶僵尸	20722	84	36706	1915	680	1400	620	9700	0	20722	-1	-1	115	0	-1			207220501			-1
2072206	维京铁桶僵尸	20722	85	37634	2014	693	1400	620	9700	0	20722	-1	-1	115	0	-1			207220601			-1
2072207	维京铁桶僵尸	20722	86	38637	2120	711	1400	620	9700	0	20722	-1	-1	115	0	-1			207220701			-1
2072208	维京铁桶僵尸	20722	87	39650	2233	724	1400	620	9700	0	20722	-1	-1	115	0	-1			207220801			-1
2072209	维京铁桶僵尸	20722	88	40672	2357	737	1400	620	9700	0	20722	-1	-1	115	0	-1			207220901			-1
2072210	维京铁桶僵尸	20722	89	41711	2490	751	1400	620	9700	0	20722	-1	-1	115	0	-1			207221001			-1
2072211	维京铁桶僵尸	20722	90	42822	2634	764	1400	620	9700	0	20722	-1	-1	115	0	-1			207221101			-1
2072212	维京铁桶僵尸	20722	91	43947	2790	782	1400	620	9700	0	20722	-1	-1	115	0	-1			207221201			-1
2072213	维京铁桶僵尸	20722	92	45019	2961	796	1400	620	9700	0	20722	-1	-1	115	0	-1			207221301			-1
2072214	维京铁桶僵尸	20722	93	46169	3150	810	1400	620	9700	0	20722	-1	-1	115	0	-1			207221401			-1
2072215	维京铁桶僵尸	20722	94	47331	3355	824	1400	620	9700	0	20722	-1	-1	115	0	-1			207221501			-1
2072301	维京铁桶僵尸boss	20723	80	77088	3043	1168	1400	620	9700	0	20723	10020382	-1	115	1	-1			207230101			-1
2072302	维京铁桶僵尸boss	20723	81	79152	3188	1196	1400	620	9700	0	20723	10020382	-1	115	1	-1			207230201			-1
2072303	维京铁桶僵尸boss	20723	82	81246	3343	1231	1400	620	9700	0	20723	10020382	-1	115	1	-1			207230301			-1
2072304	维京铁桶僵尸boss	20723	83	83363	3508	1260	1400	620	9700	0	20723	10020382	-1	115	1	-1			207230401			-1
2072305	维京铁桶僵尸boss	20723	84	85648	3683	1289	1400	620	9700	0	20723	10020382	-1	115	1	-1			207230501			-1
2072306	维京铁桶僵尸boss	20723	85	87814	3873	1319	1400	620	9700	0	20723	10020382	-1	115	1	-1			207230601			-1
2072307	维京铁桶僵尸boss	20723	86	90153	4078	1355	1400	620	9700	0	20723	10020382	-1	115	1	-1			207230701			-1
2072308	维京铁桶僵尸boss	20723	87	92516	4295	1385	1400	620	9700	0	20723	10020382	-1	115	1	-1			207230801			-1
2072309	维京铁桶僵尸boss	20723	88	94904	4533	1416	1400	620	9700	0	20723	10020382	-1	115	1	-1			207230901			-1
2072310	维京铁桶僵尸boss	20723	89	97326	4788	1447	1400	620	9700	0	20723	10020382	-1	115	1	-1			207231001			-1
2072311	维京铁桶僵尸boss	20723	90	99917	5065	1479	1400	620	9700	0	20723	10020382	-1	115	1	-1			207231101			-1
2072312	维京铁桶僵尸boss	20723	91	102543	5365	1517	1400	620	9700	0	20723	10020382	-1	115	1	-1			207231201			-1
2072313	维京铁桶僵尸boss	20723	92	105046	5695	1549	1400	620	9700	0	20723	10020382	-1	115	1	-1			207231301			-1
2072314	维京铁桶僵尸boss	20723	93	107727	6058	1582	1400	620	9700	0	20723	10020382	-1	115	1	-1			207231401			-1
2072315	维京铁桶僵尸boss	20723	94	110438	6453	1615	1400	620	9700	0	20723	10020382	-1	115	1	-1			207231501			-1
2072401	号角僵尸	20724	80	16518	974	626	1400	620	9700	0	20724	-1	-1	115	0	-1						-1
2072402	号角僵尸	20724	81	16960	1020	638	1400	620	9700	0	20724	-1	-1	115	0	-1						-1
2072403	号角僵尸	20724	82	17409	1070	655	1400	620	9700	0	20724	-1	-1	115	0	-1						-1
2072404	号角僵尸	20724	83	17862	1122	667	1400	620	9700	0	20724	-1	-1	115	0	-1						-1
2072405	号角僵尸	20724	84	18353	1178	680	1400	620	9700	0	20724	-1	-1	115	0	-1						-1
2072406	号角僵尸	20724	85	18816	1239	693	1400	620	9700	0	20724	-1	-1	115	0	-1						-1
2072407	号角僵尸	20724	86	19318	1305	711	1400	620	9700	0	20724	-1	-1	115	0	-1						-1
2072408	号角僵尸	20724	87	19824	1374	724	1400	620	9700	0	20724	-1	-1	115	0	-1						-1
2072409	号角僵尸	20724	88	20336	1450	737	1400	620	9700	0	20724	-1	-1	115	0	-1						-1
2072410	号角僵尸	20724	89	20855	1532	751	1400	620	9700	0	20724	-1	-1	115	0	-1						-1
2072411	号角僵尸	20724	90	21410	1621	764	1400	620	9700	0	20724	-1	-1	115	0	-1						-1
2072412	号角僵尸	20724	91	21973	1717	782	1400	620	9700	0	20724	-1	-1	115	0	-1						-1
2072413	号角僵尸	20724	92	22509	1822	796	1400	620	9700	0	20724	-1	-1	115	0	-1						-1
2072414	号角僵尸	20724	93	23084	1938	810	1400	620	9700	0	20724	-1	-1	115	0	-1						-1
2072415	号角僵尸	20724	94	23665	2065	824	1400	620	9700	0	20724	-1	-1	115	0	-1						-1
2072501	号角僵尸BOSS	20725	80	77088	3043	1168	1400	620	9700	0	20725	10020376	-1	115	1	-1						-1
2072502	号角僵尸BOSS	20725	81	79152	3188	1196	1400	620	9700	0	20725	10020376	-1	115	1	-1						-1
2072503	号角僵尸BOSS	20725	82	81246	3343	1231	1400	620	9700	0	20725	10020376	-1	115	1	-1						-1
2072504	号角僵尸BOSS	20725	83	83363	3508	1260	1400	620	9700	0	20725	10020376	-1	115	1	-1						-1
2072505	号角僵尸BOSS	20725	84	85648	3683	1289	1400	620	9700	0	20725	10020376	-1	115	1	-1						-1
2072506	号角僵尸BOSS	20725	85	87814	3873	1319	1400	620	9700	0	20725	10020376	-1	115	1	-1						-1
2072507	号角僵尸BOSS	20725	86	90153	4078	1355	1400	620	9700	0	20725	10020376	-1	115	1	-1						-1
2072508	号角僵尸BOSS	20725	87	92516	4295	1385	1400	620	9700	0	20725	10020376	-1	115	1	-1						-1
2072509	号角僵尸BOSS	20725	88	94904	4533	1416	1400	620	9700	0	20725	10020376	-1	115	1	-1						-1
2072510	号角僵尸BOSS	20725	89	97326	4788	1447	1400	620	9700	0	20725	10020376	-1	115	1	-1						-1
2072511	号角僵尸BOSS	20725	90	99917	5065	1479	1400	620	9700	0	20725	10020376	-1	115	1	-1						-1
2072512	号角僵尸BOSS	20725	91	102543	5365	1517	1400	620	9700	0	20725	10020376	-1	115	1	-1						-1
2072513	号角僵尸BOSS	20725	92	105046	5695	1549	1400	620	9700	0	20725	10020376	-1	115	1	-1						-1
2072514	号角僵尸BOSS	20725	93	107727	6058	1582	1400	620	9700	0	20725	10020376	-1	115	1	-1						-1
2072515	号角僵尸BOSS	20725	94	110438	6453	1615	1400	620	9700	0	20725	10020376	-1	115	1	-1						-1
2072601	飞龙饲养员	20726	80	16518	974	2505	2040	2040	9900	0	20726	0	-1	115	0	-1	6	4	2074301	310203		-1
2072602	飞龙饲养员	20726	81	16960	1020	2555	2040	2040	9900	0	20726	0	-1	115	0	-1	6	4	2074302	310203		-1
2072603	飞龙饲养员	20726	82	17409	1070	2620	2040	2040	9900	0	20726	0	-1	115	0	-1	6	4	2074303	310203		-1
2072604	飞龙饲养员	20726	83	17862	1122	2672	2040	2040	9900	0	20726	0	-1	115	0	-1	6	4	2074304	310203		-1
2072605	飞龙饲养员	20726	84	18353	1178	2724	2040	2040	9900	0	20726	0	-1	115	0	-1	6	4	2074305	310203		-1
2072606	飞龙饲养员	20726	85	18816	1239	2776	2040	2040	9900	0	20726	0	-1	115	0	-1	6	4	2074306	310203		-1
2072607	飞龙饲养员	20726	86	19318	1305	2844	2040	2040	9900	0	20726	0	-1	115	0	-1	6	4	2074307	310203		-1
2072608	飞龙饲养员	20726	87	19824	1374	2897	2040	2040	9900	0	20726	0	-1	115	0	-1	6	4	2074308	310203		-1
2072609	飞龙饲养员	20726	88	20336	1450	2951	2040	2040	9900	0	20726	0	-1	115	0	-1	6	4	2074309	310203		-1
2072610	飞龙饲养员	20726	89	20855	1532	3005	2040	2040	9900	0	20726	0	-1	115	0	-1	6	4	2074310	310203		-1
2072611	飞龙饲养员	20726	90	21410	1621	3060	2040	2040	9900	0	20726	0	-1	115	0	-1	6	4	2074311	310203		-1
2072612	飞龙饲养员	20726	91	21973	1717	3130	2040	2040	9900	0	20726	0	-1	115	0	-1	6	4	2074312	310203		-1
2072613	飞龙饲养员	20726	92	22509	1822	3186	2040	2040	9900	0	20726	0	-1	115	0	-1	6	4	2074313	310203		-1
2072614	飞龙饲养员	20726	93	23084	1938	3242	2040	2040	9900	0	20726	0	-1	115	0	-1	6	4	2074314	310203		-1
2072615	飞龙饲养员	20726	94	23665	2065	3298	2040	2040	9900	0	20726	0	-1	115	0	-1	6	4	2074315	310203		-1
2072701	飞龙饲养员Boss	20727	80	77088	3043	4675	2040	2040	9900	0	20727	10020377	-1	115	1	-1	6	4	2074401	9310203		-1
2072702	飞龙饲养员Boss	20727	81	79152	3188	4787	2040	2040	9900	0	20727	10020377	-1	115	1	-1	6	4	2074402	9310203		-1
2072703	飞龙饲养员Boss	20727	82	81246	3343	4926	2040	2040	9900	0	20727	10020377	-1	115	1	-1	6	4	2074403	9310203		-1
2072704	飞龙饲养员Boss	20727	83	83363	3508	5042	2040	2040	9900	0	20727	10020377	-1	115	1	-1	6	4	2074404	9310203		-1
2072705	飞龙饲养员Boss	20727	84	85648	3683	5159	2040	2040	9900	0	20727	10020377	-1	115	1	-1	6	4	2074405	9310203		-1
2072706	飞龙饲养员Boss	20727	85	87814	3873	5277	2040	2040	9900	0	20727	10020377	-1	115	1	-1	6	4	2074406	9310203		-1
2072707	飞龙饲养员Boss	20727	86	90153	4078	5423	2040	2040	9900	0	20727	10020377	-1	115	1	-1	6	4	2074407	9310203		-1
2072708	飞龙饲养员Boss	20727	87	92516	4295	5544	2040	2040	9900	0	20727	10020377	-1	115	1	-1	6	4	2074408	9310203		-1
2072709	飞龙饲养员Boss	20727	88	94904	4533	5667	2040	2040	9900	0	20727	10020377	-1	115	1	-1	6	4	2074409	9310203		-1
2072710	飞龙饲养员Boss	20727	89	97326	4788	5791	2040	2040	9900	0	20727	10020377	-1	115	1	-1	6	4	2074410	9310203		-1
2072711	飞龙饲养员Boss	20727	90	99917	5065	5916	2040	2040	9900	0	20727	10020377	-1	115	1	-1	6	4	2074411	9310203		-1
2072712	飞龙饲养员Boss	20727	91	102543	5365	6071	2040	2040	9900	0	20727	10020377	-1	115	1	-1	6	4	2074412	9310203		-1
2072713	飞龙饲养员Boss	20727	92	105046	5695	6200	2040	2040	9900	0	20727	10020377	-1	115	1	-1	6	4	2074413	9310203		-1
2072714	飞龙饲养员Boss	20727	93	107727	6058	6329	2040	2040	9900	0	20727	10020377	-1	115	1	-1	6	4	2074414	9310203		-1
2072715	飞龙饲养员Boss	20727	94	110438	6453	6460	2040	2040	9900	0	20727	10020377	-1	115	1	-1	6	4	2074415	9310203		-1
2072801	维京龙骑兵	20728	80	77088	3043	4675	2040	2040	9900	0	20743	10020379	-1	115	1	-1	6	3	2074501	310302		-1
2072802	维京龙骑兵	20728	81	79152	3188	4787	2040	2040	9900	0	20743	10020379	-1	115	1	-1	6	3	2074502	310302		-1
2072803	维京龙骑兵	20728	82	81246	3343	4926	2040	2040	9900	0	20743	10020379	-1	115	1	-1	6	3	2074503	310302		-1
2072804	维京龙骑兵	20728	83	83363	3508	5042	2040	2040	9900	0	20743	10020379	-1	115	1	-1	6	3	2074504	310302		-1
2072805	维京龙骑兵	20728	84	85648	3683	5159	2040	2040	9900	0	20743	10020379	-1	115	1	-1	6	3	2074505	310302		-1
2072806	维京龙骑兵	20728	85	87814	3873	5277	2040	2040	9900	0	20743	10020379	-1	115	1	-1	6	3	2074506	310302		-1
2072807	维京龙骑兵	20728	86	90153	4078	5423	2040	2040	9900	0	20743	10020379	-1	115	1	-1	6	3	2074507	310302		-1
2072808	维京龙骑兵	20728	87	92516	4295	5544	2040	2040	9900	0	20743	10020379	-1	115	1	-1	6	3	2074508	310302		-1
2072809	维京龙骑兵	20728	88	94904	4533	5667	2040	2040	9900	0	20743	10020379	-1	115	1	-1	6	3	2074509	310302		-1
2072810	维京龙骑兵	20728	89	97326	4788	5791	2040	2040	9900	0	20743	10020379	-1	115	1	-1	6	3	2074510	310302		-1
2072811	维京龙骑兵	20728	90	99917	5065	5916	2040	2040	9900	0	20743	10020379	-1	115	1	-1	6	3	2074511	310302		-1
2072812	维京龙骑兵	20728	91	102543	5365	6071	2040	2040	9900	0	20743	10020379	-1	115	1	-1	6	3	2074512	310302		-1
2072813	维京龙骑兵	20728	92	105046	5695	6200	2040	2040	9900	0	20743	10020379	-1	115	1	-1	6	3	2074513	310302		-1
2072814	维京龙骑兵	20728	93	107727	6058	6329	2040	2040	9900	0	20743	10020379	-1	115	1	-1	6	3	2074514	310302		-1
2072815	维京龙骑兵	20728	94	110438	6453	6460	2040	2040	9900	0	20743	10020379	-1	115	1	-1	6	3	2074515	310302		-1
2074301	飞龙饲养员（带金币）	20743	80	16518	974	626	2040	2040	9900	0	20743	0	-1	115	0	-1						-1
2074302	飞龙饲养员（带金币）	20743	81	16960	1020	638	2040	2040	9900	0	20743	0	-1	115	0	-1						-1
2074303	飞龙饲养员（带金币）	20743	82	17409	1070	655	2040	2040	9900	0	20743	0	-1	115	0	-1						-1
2074304	飞龙饲养员（带金币）	20743	83	17862	1122	667	2040	2040	9900	0	20743	0	-1	115	0	-1						-1
2074305	飞龙饲养员（带金币）	20743	84	18353	1178	680	2040	2040	9900	0	20743	0	-1	115	0	-1						-1
2074306	飞龙饲养员（带金币）	20743	85	18816	1239	693	2040	2040	9900	0	20743	0	-1	115	0	-1						-1
2074307	飞龙饲养员（带金币）	20743	86	19318	1305	711	2040	2040	9900	0	20743	0	-1	115	0	-1						-1
2074308	飞龙饲养员（带金币）	20743	87	19824	1374	724	2040	2040	9900	0	20743	0	-1	115	0	-1						-1
2074309	飞龙饲养员（带金币）	20743	88	20336	1450	737	2040	2040	9900	0	20743	0	-1	115	0	-1						-1
2074310	飞龙饲养员（带金币）	20743	89	20855	1532	751	2040	2040	9900	0	20743	0	-1	115	0	-1						-1
2074311	飞龙饲养员（带金币）	20743	90	21410	1621	764	2040	2040	9900	0	20743	0	-1	115	0	-1						-1
2074312	飞龙饲养员（带金币）	20743	91	21973	1717	782	2040	2040	9900	0	20743	0	-1	115	0	-1						-1
2074313	飞龙饲养员（带金币）	20743	92	22509	1822	796	2040	2040	9900	0	20743	0	-1	115	0	-1						-1
2074314	飞龙饲养员（带金币）	20743	93	23084	1938	810	2040	2040	9900	0	20743	0	-1	115	0	-1						-1
2074315	飞龙饲养员（带金币）	20743	94	23665	2065	824	2040	2040	9900	0	20743	0	-1	115	0	-1						-1
2074401	飞龙饲养员Boss（带金币）	20744	80	77088	3043	1168	2040	2040	9900	0	20744	10020378	-1	115	1	-1						-1
2074402	飞龙饲养员Boss（带金币）	20744	81	79152	3188	1196	2040	2040	9900	0	20744	10020378	-1	115	1	-1						-1
2074403	飞龙饲养员Boss（带金币）	20744	82	81246	3343	1231	2040	2040	9900	0	20744	10020378	-1	115	1	-1						-1
2074404	飞龙饲养员Boss（带金币）	20744	83	83363	3508	1260	2040	2040	9900	0	20744	10020378	-1	115	1	-1						-1
2074405	飞龙饲养员Boss（带金币）	20744	84	85648	3683	1289	2040	2040	9900	0	20744	10020378	-1	115	1	-1						-1
2074406	飞龙饲养员Boss（带金币）	20744	85	87814	3873	1319	2040	2040	9900	0	20744	10020378	-1	115	1	-1						-1
2074407	飞龙饲养员Boss（带金币）	20744	86	90153	4078	1355	2040	2040	9900	0	20744	10020378	-1	115	1	-1						-1
2074408	飞龙饲养员Boss（带金币）	20744	87	92516	4295	1385	2040	2040	9900	0	20744	10020378	-1	115	1	-1						-1
2074409	飞龙饲养员Boss（带金币）	20744	88	94904	4533	1416	2040	2040	9900	0	20744	10020378	-1	115	1	-1						-1
2074410	飞龙饲养员Boss（带金币）	20744	89	97326	4788	1447	2040	2040	9900	0	20744	10020378	-1	115	1	-1						-1
2074411	飞龙饲养员Boss（带金币）	20744	90	99917	5065	1479	2040	2040	9900	0	20744	10020378	-1	115	1	-1						-1
2074412	飞龙饲养员Boss（带金币）	20744	91	102543	5365	1517	2040	2040	9900	0	20744	10020378	-1	115	1	-1						-1
2074413	飞龙饲养员Boss（带金币）	20744	92	105046	5695	1549	2040	2040	9900	0	20744	10020378	-1	115	1	-1						-1
2074414	飞龙饲养员Boss（带金币）	20744	93	107727	6058	1582	2040	2040	9900	0	20744	10020378	-1	115	1	-1						-1
2074415	飞龙饲养员Boss（带金币）	20744	94	110438	6453	1615	2040	2040	9900	0	20744	10020378	-1	115	1	-1						-1
2074501	维京龙骑兵（吞金币）	20745	80	77088	3043	1168	2040	2040	9900	0	20744	10020380	-1	115	1	-1	6	3	2072801	310304		-1
2074502	维京龙骑兵（吞金币）	20745	81	79152	3188	1196	2040	2040	9900	0	20744	10020380	-1	115	1	-1	6	3	2072802	310304		-1
2074503	维京龙骑兵（吞金币）	20745	82	81246	3343	1231	2040	2040	9900	0	20744	10020380	-1	115	1	-1	6	3	2072803	310304		-1
2074504	维京龙骑兵（吞金币）	20745	83	83363	3508	1260	2040	2040	9900	0	20744	10020380	-1	115	1	-1	6	3	2072804	310304		-1
2074505	维京龙骑兵（吞金币）	20745	84	85648	3683	1289	2040	2040	9900	0	20744	10020380	-1	115	1	-1	6	3	2072805	310304		-1
2074506	维京龙骑兵（吞金币）	20745	85	87814	3873	1319	2040	2040	9900	0	20744	10020380	-1	115	1	-1	6	3	2072806	310304		-1
2074507	维京龙骑兵（吞金币）	20745	86	90153	4078	1355	2040	2040	9900	0	20744	10020380	-1	115	1	-1	6	3	2072807	310304		-1
2074508	维京龙骑兵（吞金币）	20745	87	92516	4295	1385	2040	2040	9900	0	20744	10020380	-1	115	1	-1	6	3	2072808	310304		-1
2074509	维京龙骑兵（吞金币）	20745	88	94904	4533	1416	2040	2040	9900	0	20744	10020380	-1	115	1	-1	6	3	2072809	310304		-1
2074510	维京龙骑兵（吞金币）	20745	89	97326	4788	1447	2040	2040	9900	0	20744	10020380	-1	115	1	-1	6	3	2072810	310304		-1
2074511	维京龙骑兵（吞金币）	20745	90	99917	5065	1479	2040	2040	9900	0	20744	10020380	-1	115	1	-1	6	3	2072811	310304		-1
2074512	维京龙骑兵（吞金币）	20745	91	102543	5365	1517	2040	2040	9900	0	20744	10020380	-1	115	1	-1	6	3	2072812	310304		-1
2074513	维京龙骑兵（吞金币）	20745	92	105046	5695	1549	2040	2040	9900	0	20744	10020380	-1	115	1	-1	6	3	2072813	310304		-1
2074514	维京龙骑兵（吞金币）	20745	93	107727	6058	1582	2040	2040	9900	0	20744	10020380	-1	115	1	-1	6	3	2072814	310304		-1
2074515	维京龙骑兵（吞金币）	20745	94	110438	6453	1615	2040	2040	9900	0	20744	10020380	-1	115	1	-1	6	3	2072815	310304		-1
80901	普通僵尸	20001	1	600	34	10	0	-1	10000	0	20004	-1	-1	110	0	-1						-1
7021101	普通僵尸	20001	40	4750	286	193	1290	587	9645	0	20004	-1	-1	115	0	-1						-1
20004501	普通僵尸	20001	5	256	42	20	500	540	9500	0	20004	-1	-1	115	0	-1						-1
20004601	普通僵尸	20001	6	305	46	22	500	550	9500	0	20004	-1	-1	115	0	-1						-1
20004701	普通僵尸	20001	7	361	48	24	500	560	9500	0	20004	-1	-1	115	0	-1						-1
20004801	普通僵尸	20001	8	416	52	26	500	570	9500	0	20004	-1	-1	115	0	-1						-1
20004901	普通僵尸	20001	9	477	56	28	500	580	9500	0	20004	-1	-1	115	0	-1						-1
200041001	普通僵尸	20001	10	545	60	31	500	590	9500	0	20004	-1	-1	115	0	-1						-1
200041101	普通僵尸	20001	11	612	64	33	500	600	9500	0	20004	-1	-1	115	0	-1						-1
200041201	普通僵尸	20001	12	689	69	35	500	610	9500	0	20004	-1	-1	115	0	-1						-1
200041301	普通僵尸	20001	13	770	73	37	500	620	9500	0	20004	-1	-1	115	0	-1						-1
201042501	木乃伊僵尸	20101	30	3174	195	120	500	740	9500	0	20104	-1	-1	115	0	-1						-1
201042601	木乃伊僵尸	20101	31	3307	203	127	500	750	9500	0	20104	-1	-1	115	0	-1						-1
201042701	木乃伊僵尸	20101	32	3458	211	134	500	760	9500	0	20104	-1	-1	115	0	-1						-1
201042801	木乃伊僵尸	20101	33	3598	218	142	500	770	9500	0	20104	-1	-1	115	0	-1						-1
201042901	木乃伊僵尸	20101	34	3756	228	148	500	780	9500	0	20104	-1	-1	115	0	-1						-1
201043001	木乃伊僵尸	20101	35	3917	237	155	500	790	9500	0	20104	-1	-1	115	0	-1						-1
201043101	木乃伊僵尸	20101	36	4081	246	162	500	800	9500	0	20104	-1	-1	115	0	-1						-1
201043201	木乃伊僵尸	20101	37	4230	255	171	500	810	9500	0	20104	-1	-1	115	0	-1						-1
201043301	木乃伊僵尸	20101	38	4401	265	179	500	820	9500	0	20104	-1	-1	115	0	-1						-1
201043401	木乃伊僵尸	20101	39	4574	276	186	500	830	9500	0	20104	-1	-1	115	0	-1						-1
201052701	木乃伊僵尸	20101	32	3458	211	134	500	760	9500	0	20105	-1	-1	115	0	-1						-1
201052801	木乃伊僵尸	20101	33	3598	218	142	500	770	9500	0	20105	-1	-1	115	0	-1						-1
201052901	木乃伊僵尸	20101	34	3756	228	148	500	780	9500	0	20105	-1	-1	115	0	-1						-1
201053001	木乃伊僵尸	20101	35	3917	237	155	500	790	9500	0	20105	-1	-1	115	0	-1						-1
201053101	木乃伊僵尸	20101	36	4081	246	162	500	800	9500	0	20105	-1	-1	115	0	-1						-1
201053201	木乃伊僵尸	20101	37	4230	255	171	500	810	9500	0	20105	-1	-1	115	0	-1						-1
201053301	木乃伊僵尸	20101	38	4401	265	179	500	820	9500	0	20105	-1	-1	115	0	-1						-1
201053401	木乃伊僵尸	20101	39	4574	276	186	500	830	9500	0	20105	-1	-1	115	0	-1						-1
202043201	海盗僵尸	20201	42	5131	308	211	500	810	9500	0	20204	-1	-1	115	0	-1						-1
202043301	海盗僵尸	20201	43	5317	320	219	500	820	9500	0	20204	-1	-1	115	0	-1						-1
202043401	海盗僵尸	20201	44	5507	333	227	500	830	9500	0	20204	-1	-1	115	0	-1						-1
202043501	海盗僵尸	20201	45	5719	346	236	500	840	9500	0	20204	-1	-1	115	0	-1						-1
202043601	海盗僵尸	20201	46	5914	359	246	500	850	9500	0	20204	-1	-1	115	0	-1						-1
202043701	海盗僵尸	20201	47	6135	372	254	500	860	9500	0	20204	-1	-1	115	0	-1						-1
202043801	海盗僵尸	20201	48	6337	386	263	500	870	9500	0	20204	-1	-1	115	0	-1						-1
202043901	海盗僵尸	20201	49	6562	400	272	500	880	9500	0	20204	-1	-1	115	0	-1						-1
202044001	海盗僵尸	20201	50	6794	416	283	500	890	9500	0	20204	-1	-1	115	0	-1						-1
202044101	海盗僵尸	20201	51	7027	432	292	500	900	9500	0	20204	-1	-1	115	0	-1						-1
204031501	普通僵尸	20001	15	938	83	42	500	640	9500	0	20403	-1	-1	115	0	-1						-1
204031601	普通僵尸	20001	16	1033	88	44	500	650	9500	0	20403	-1	-1	115	0	-1						-1
204031701	普通僵尸	20001	17	1131	94	46	500	660	9500	0	20403	-1	-1	115	0	-1						-1
204031801	普通僵尸	20001	18	1225	100	48	500	670	9500	0	20403	-1	-1	115	0	-1						-1
204031901	普通僵尸	20001	19	1332	105	51	500	680	9500	0	20403	-1	-1	115	0	-1						-1
204032001	普通僵尸	20001	20	1443	113	62	500	690	9500	0	20403	-1	-1	115	0	-1						-1
204032101	普通僵尸	20001	21	1559	120	67	500	700	9500	0	20403	-1	-1	115	0	-1						-1
204032201	普通僵尸	20001	22	1678	127	72	500	710	9500	0	20403	-1	-1	115	0	-1						-1
204032301	普通僵尸	20001	23	1803	135	78	500	720	9500	0	20403	-1	-1	115	0	-1						-1
204032401	普通僵尸	20001	24	1944	143	84	500	730	9500	0	20403	-1	-1	115	0	-1						-1
204032501	普通僵尸	20001	25	2077	159	89	500	740	9500	0	20403	-1	-1	115	0	-1						-1
204032601	普通僵尸	20001	26	2171	165	95	500	750	9500	0	20403	-1	-1	115	0	-1						-1
204032701	普通僵尸	20001	27	2266	172	101	500	760	9500	0	20403	-1	-1	115	0	-1						-1
205031301	普通原始人	20501	11	612	64	33	500	620	9500	0	20503	-1	-1	115	0	-1						-1
205031401	普通原始人	20501	12	689	69	35	500	630	9500	0	20503	-1	-1	115	0	-1						-1
205031501	普通原始人	20501	12	689	69	35	500	640	9500	0	20503	-1	-1	115	0	-1						-1
205031601	普通原始人	20501	13	770	73	37	500	650	9500	0	20503	-1	-1	115	0	-1						-1
205031701	普通原始人	20501	13	770	73	37	500	660	9500	0	20503	-1	-1	115	0	-1						-1
205031801	普通原始人	20501	14	848	78	40	500	670	9500	0	20503	-1	-1	115	0	-1						-1
205031901	普通原始人	20501	14	848	78	40	500	680	9500	0	20503	-1	-1	115	0	-1						-1
205032001	普通原始人	20501	15	938	83	42	500	690	9500	0	20503	-1	-1	115	0	-1						-1
8051801	精英美国铁桶	20518	70	16202	293	288	1390	617	9695	0	20004	10020317	-1	115	0	-1						-1
201132401	木乃伊僵尸	20101	29	4125	302	114	500	730	9500	0	20113	10020337	-1	115	0	-1						-1
201132501	木乃伊僵尸	20101	30	5291	315	120	500	740	9500	0	20113	10020337	-1	115	0	-1						-1
201132601	木乃伊僵尸	20101	31	5512	329	127	500	750	9500	0	20113	10020337	-1	115	0	-1						-1
201132701	木乃伊僵尸	20101	32	5766	342	134	500	760	9500	0	20113	10020337	-1	115	0	-1						-1
201132801	木乃伊僵尸	20101	33	5997	356	142	500	770	9500	0	20113	10020337	-1	115	0	-1						-1
201132901	木乃伊僵尸	20101	34	6260	371	148	500	780	9500	0	20113	10020337	-1	115	0	-1						-1
201133001	木乃伊僵尸	20101	35	6529	385	155	500	790	9500	0	20113	10020337	-1	115	0	-1						-1
201133101	木乃伊僵尸	20101	36	6802	401	162	500	800	9500	0	20113	10020337	-1	115	0	-1						-1
201133201	木乃伊僵尸	20101	37	7052	418	171	500	810	9500	0	20113	10020337	-1	115	0	-1						-1
201133301	木乃伊僵尸	20101	38	7336	434	179	500	820	9500	0	20113	10020337	-1	115	0	-1						-1
202133201	普通原始人	20501	42	8552	508	211	500	810	9500	0	20213	-1	-1	115	0	-1						-1
202133301	普通原始人	20501	43	8864	527	219	500	820	9500	0	20213	-1	-1	115	0	-1						-1
202133401	普通原始人	20501	44	9178	547	227	500	830	9500	0	20213	-1	-1	115	0	-1						-1
202133501	普通原始人	20501	45	9533	569	236	500	840	9500	0	20213	-1	-1	115	0	-1						-1
202133601	普通原始人	20501	46	9859	592	246	500	850	9500	0	20213	-1	-1	115	0	-1						-1
202133701	普通原始人	20501	47	10224	616	254	500	860	9500	0	20213	-1	-1	115	0	-1						-1
202133801	普通原始人	20501	48	10562	639	263	500	870	9500	0	20213	-1	-1	115	0	-1						-1
202133901	普通原始人	20501	49	10938	664	272	500	880	9500	0	20213	-1	-1	115	0	-1						-1
203153901	牛仔僵尸	20301	54	12917	808	320	500	880	9500	0	20315	-1	-1	115	0	-1						-1
203154001	牛仔僵尸	20301	55	13332	841	332	500	890	9500	0	20315	-1	-1	115	0	-1						-1
203154101	牛仔僵尸	20301	56	13751	875	342	500	900	9500	0	20315	-1	-1	115	0	-1						-1
203154201	牛仔僵尸	20301	57	14217	911	352	500	910	9500	0	20315	-1	-1	115	0	-1						-1
203154301	牛仔僵尸	20301	58	14648	949	362	500	920	9500	0	20315	-1	-1	115	0	-1						-1
203154401	牛仔僵尸	20301	59	15127	988	374	500	930	9500	0	20315	-1	-1	115	0	-1						-1
204131401	普通僵尸	20001	14	1414	108	40	500	630	9500	0	20413	-1	-1	115	0	-1						-1
204131601	普通僵尸	20001	16	1722	122	44	500	650	9500	0	20413	-1	-1	115	0	-1						-1
204131701	普通僵尸	20001	17	1885	130	46	500	660	9500	0	20413	-1	-1	115	0	-1						-1
204131801	普通僵尸	20001	18	2041	139	48	500	670	9500	0	20413	-1	-1	115	0	-1						-1
204131901	普通僵尸	20001	19	2220	146	51	500	680	9500	0	20413	-1	-1	115	0	-1						-1
204132001	普通僵尸	20001	20	2406	157	62	500	690	9500	0	20413	-1	-1	115	0	-1						-1
204132101	普通僵尸	20001	21	2598	166	67	500	700	9500	0	20413	-1	-1	115	0	-1						-1
204132201	普通僵尸	20001	22	2797	176	72	500	710	9500	0	20413	-1	-1	115	0	-1						-1
204132301	普通僵尸	20001	23	3006	187	78	500	720	9500	0	20413	-1	-1	115	0	-1						-1
204132401	普通僵尸	20001	24	3240	198	84	500	730	9500	0	20413	-1	-1	115	0	-1						-1
204132501	普通僵尸	20001	25	3462	256	89	500	740	9500	0	20413	-1	-1	115	0	-1						-1
204132601	普通僵尸	20001	26	3618	266	95	500	750	9500	0	20413	-1	-1	115	0	-1						-1
3000401	普通原始人	20501	50	3160	200	710	0	-1	10000	0	20513	10020327	-1	115	0	-1						-1
20513901	普通原始人	20501	8	515	55	26	500	620	9500	0	20513	10020327	-1	115	0	-1						-1
205131101	普通原始人	20501	11	1020	88	33	500	650	9500	0	20513	10020327	-1	115	0	-1						-1
205131201	普通原始人	20501	12	1149	95	35	1110	533	9555	0	20513	10020327	-1	115	0	-1						-1
205131301	普通原始人	20501	13	1284	101	37	1120	536	9560	0	20513	10020327	-1	115	0	-1						-1
205131401	普通原始人	20501	14	1414	108	40	1130	539	9565	0	20513	10020327	-1	115	0	-1						-1
205131501	普通原始人	20501	15	1564	115	42	1140	542	9570	0	20513	10020327	-1	115	0	-1						-1
205131601	普通原始人	20501	15	1564	115	42	1150	545	9575	0	20513	10020327	-1	115	0	-1						-1
205131701	普通原始人	20501	16	1722	122	44	500	740	9500	0	20513	10020327	-1	115	0	-1						-1
205131901	普通原始人	20501	16	1722	122	44	500	770	9500	0	20513	10020327	-1	115	0	-1						-1
206034801	普通武师	20601	68	11850	835	476	500	970	9500	0	20603	-1	-1	115	0	-1						-1
206034901	普通武师	20601	69	12204	870	488	500	980	9500	0	20603	-1	-1	115	0	-1						-1
206035001	普通武师	20601	70	12539	907	499	500	990	9500	0	20603	-1	-1	115	0	-1						-1
206035101	普通武师	20601	71	12904	946	510	500	1000	9500	0	20603	-1	-1	115	0	-1						-1
206035201	普通武师	20601	72	13273	988	522	500	1010	9500	0	20603	-1	-1	115	0	-1						-1
206035301	普通武师	20601	73	13646	1031	537	500	1020	9500	0	20603	-1	-1	115	0	-1						-1
109100201	维京普通僵尸	20719	80	32639	5452	626	2400	2400	9900	0	20722	0	-1	115	0	-1						-1
109150201	维京普通僵尸	20719	84	18329	5220	680	2520	2520	9900	0	20722	0	-1	115	0	-1						-1
109200201	维京普通僵尸	20719	88	41032	9212	737	2640	2640	9900	0	20722	0	-1	115	0	-1						-1
109250201	维京普通僵尸	20719	92	45843	12900	796	2760	2760	9900	0	20722	0	-1	115	0	-1						-1
207220101	维京普通僵尸	20719	80	16518	1420	626	1400	620	9900	0	20722	-1	-1	115	0	-1						-1
207220201	维京普通僵尸	20719	81	16960	1491	638	1400	620	9900	0	20722	-1	-1	115	0	-1						-1
207220301	维京普通僵尸	20719	82	17409	1567	655	1400	620	9900	0	20722	-1	-1	115	0	-1						-1
207220401	维京普通僵尸	20719	83	17862	1648	667	1400	620	9900	0	20722	-1	-1	115	0	-1						-1
207220501	维京普通僵尸	20719	84	18353	1737	680	1400	620	9900	0	20722	-1	-1	115	0	-1						-1
207220601	维京普通僵尸	20719	85	18816	1830	693	1400	620	9900	0	20722	-1	-1	115	0	-1						-1
207220701	维京普通僵尸	20719	86	19318	1933	711	1400	620	9900	0	20722	-1	-1	115	0	-1						-1
207220801	维京普通僵尸	20719	87	19824	2044	724	1400	620	9900	0	20722	-1	-1	115	0	-1						-1
207220901	维京普通僵尸	20719	88	20335	2165	737	1400	620	9900	0	20722	-1	-1	115	0	-1						-1
207221001	维京普通僵尸	20719	89	20855	2295	751	1400	620	9900	0	20722	-1	-1	115	0	-1						-1
207221101	维京普通僵尸	20719	90	21410	2439	764	1400	620	9900	0	20722	-1	-1	115	0	-1						-1
207221201	维京普通僵尸	20719	91	21973	2596	782	1400	620	9900	0	20722	-1	-1	115	0	-1						-1
207221301	维京普通僵尸	20719	92	22509	2769	796	1400	620	9900	0	20722	-1	-1	115	0	-1						-1
207221401	维京普通僵尸	20719	93	23084	2961	810	1400	620	9900	0	20722	-1	-1	115	0	-1						-1
207221501	维京普通僵尸	20719	94	23665	3175	824	1400	620	9900	0	20722	-1	-1	115	0	-1						-1
109100401	维京普通僵尸	20719	82	147020	21476	655	1400	620	9900	0	20723	10020382	-1	115	0	-1						-1
207230101	维京普通僵尸	20719	80	38543	2730	626	1400	620	9900	0	20723	10020382	-1	115	0	-1						-1
207230201	维京普通僵尸	20719	81	39576	2868	638	1400	620	9900	0	20723	10020382	-1	115	0	-1						-1
207230301	维京普通僵尸	20719	82	40622	3013	655	1400	620	9900	0	20723	10020382	-1	115	0	-1						-1
207230401	维京普通僵尸	20719	83	41680	3170	667	1400	620	9900	0	20723	10020382	-1	115	0	-1						-1
207230501	维京普通僵尸	20719	84	42824	3340	680	1400	620	9900	0	20723	10020382	-1	115	0	-1						-1
207230601	维京普通僵尸	20719	85	43906	3520	693	1400	620	9900	0	20723	10020382	-1	115	0	-1						-1
207230701	维京普通僵尸	20719	86	45076	3718	711	1400	620	9900	0	20723	10020382	-1	115	0	-1						-1
207230801	维京普通僵尸	20719	87	46257	3930	724	1400	620	9900	0	20723	10020382	-1	115	0	-1						-1
207230901	维京普通僵尸	20719	88	47451	4163	737	1400	620	9900	0	20723	10020382	-1	115	0	-1						-1
207231001	维京普通僵尸	20719	89	48663	4413	751	1400	620	9900	0	20723	10020382	-1	115	0	-1						-1
207231101	维京普通僵尸	20719	90	49958	4690	764	1400	620	9900	0	20723	10020382	-1	115	0	-1						-1
207231201	维京普通僵尸	20719	91	51270	4993	782	1400	620	9900	0	20723	10020382	-1	115	0	-1						-1
207231301	维京普通僵尸	20719	92	52522	5325	796	1400	620	9900	0	20723	10020382	-1	115	0	-1						-1
207231401	维京普通僵尸	20719	93	53863	5695	810	1400	620	9900	0	20723	10020382	-1	115	0	-1						-1
207231501	维京普通僵尸	20719	94	55219	6105	824	1400	620	9900	0	20723	10020382	-1	115	0	-1						-1
101050301	普通僵尸	20001	2	370	52	13	60	60	9900	0	20004	-1	-1	115	0	-1						-1
101100301	普通僵尸	20001	4	494	64	17	120	120	9900	0	20004	-1	-1	115	0	-1						-1
102150301	普通原始人	20501	10	962	132	31	300	300	9900	0	20503	-1	-1	115	0	-1						-1
103050301	海盗僵尸	20201	11	1050	152	33	330	330	9900	0	20403	-1	-1	115	0	-1						-1
103100301	普通僵尸	20001	12	1154	176	35	360	360	9900	0	20403	-1	-1	115	0	-1						-1
103150301	普通僵尸	20001	13	1264	200	37	390	390	9900	0	20403	-1	-1	115	0	-1						-1
104150101	木乃伊僵尸	20101	23	2592	468	78	690	690	9900	0	20104	-1	-1	115	0	-1						-1
104200101	木乃伊僵尸	20101	26	3110	536	95	780	780	9900	0	20104	0	-1	115	0	-1						-1
104250101	木乃伊僵尸	20101	30	4768	632	120	900	900	9900	0	20104	0	-1	115	0	-1						-1
105150201	海盗僵尸	20201	36	6494	804	162	1080	1080	9900	0	20204	0	-1	115	0	-1						-1
105200101	海盗僵尸	20201	38	7119	872	179	1140	1140	9900	0	20204	0	-1	115	0	-1						-1
105250101	海盗僵尸	20201	40	7807	944	193	1200	1200	9900	0	20204	0	-1	115	0	-1						-1
106050301	牛仔僵尸	20301	42	8558	1020	211	1260	1260	9900	0	20303	0	-1	115	0	-1						-1
106100301	牛仔僵尸	20301	44	9313	1104	227	1320	1320	9900	0	20303	0	-1	115	0	-1						-1
106150301	牛仔僵尸	20301	46	10133	1192	246	1380	1380	9900	0	20303	0	-1	115	0	-1						-1
106200201	牛仔僵尸	20301	48	10989	1292	263	1440	1440	9900	0	20303	0	-1	115	0	-1						-1
106250201	牛仔僵尸	20301	50	11916	1396	283	1500	1500	9900	0	20303	0	-1	115	0	-1						-1
107050301	普通武师	20601	52	12883	1512	301	1560	1560	9900	0	20603	0	-1	115	0	-1						-1
107100301	普通武师	20601	54	13887	1636	320	1620	1620	9900	0	20603	0	-1	115	0	-1						-1
107150101	普通武师	20601	56	14931	1776	342	1680	1680	9900	0	20603	0	-1	115	0	-1						-1
107200101	普通武师	20601	58	16054	1928	362	1740	1740	9900	0	20603	0	-1	115	0	-1						-1
107250101	普通武师	20601	60	17220	2092	385	1800	1800	9900	0	20603	0	-1	115	0	-1						-1
2020130	小鬼炮弹	20740	41	5499	220	203	500	800	9900	0	20740	-1	-1	115	0	-1						-1
3010101	普通僵尸	20001	1	62	12	7	0	500	10000	0	20001	-1	-1	115	0	-1						-1
3010201	撑杆僵尸	20009	1	66	12	8	0	500	10000	0	20009	-1	-1	115	0	-1						-1
3010301	路障僵尸	20003	1	153	12	25	0	500	10000	0	20003	-1	-1	115	0	-1						-1
3010202	撑杆僵尸	20009	2	71	14	10	0	510	10000	0	20009	-1	-1	115	0	-1						-1
3010302	路障僵尸	20003	2	166	14	30	0	500	10000	0	20003	-1	-1	115	0	-1						-1
3010102	普通僵尸	20001	2	110	14	21	0	500	10000	0	20001	-1	-1	115	0	-1						-1
3010402	铁桶僵尸	20004	2	249	14	30	0	540	10000	0	20004	-1	-1	115	0	-1			200016			-1
3010203	撑杆僵尸	20009	3	71	25	12	0	520	9505	0	20009	-1	-1	115	0	-1						-1
3010303	路障僵尸	20003	3	166	25	35	0	520	9500	0	20003	-1	-1	115	0	-1						-1
3010103	普通僵尸	20001	3	110	25	21	0	520	9500	0	20001	-1	-1	115	0	-1						-1
3010403	铁桶僵尸	20004	3	500	14	35	0	540	9500	0	11111000	-1	-1	115	1	-1			200016			-1
3010503	橄榄球僵尸	20005	3	71	14	13	0	520	9520	0	11111000	-1	-1	115	0	-1						-1
3010204	撑杆僵尸	20009	4	71	30	13	0	530	9500	0	20009	-1	-1	115	0	-1						-1
3010304	路障僵尸	20003	4	166	30	40	0	530	9500	0	20003	-1	-1	115	0	-1						-1
3010104	普通僵尸	20001	4	110	30	21	0	530	9500	0	20001	-1	-1	115	0	-1						-1
3010404	铁桶僵尸	20004	4	198	30	40	0	530	9500	0	20004	-1	-1	115	0	-1			200016			-1
3010504	橄榄球僵尸	20005	4	71	16	13	0	530	9500	0	11111000	-1	-1	115	0	-1						-1
4010002	雪人僵尸	20008	5	570	28	20	0	512	10000	0	20008	-1	-1	115	1	-1						-1
3010205	撑杆僵尸	20009	5	91	32	15	0	530	10000	0	20009	-1	-1	115	0	-1						-1
3010105	普通僵尸	20001	5	140	32	21	0	530	10000	0	20001	-1	-1	115	0	-1						-1
3010405	铁桶僵尸	20004	5	316	32	45	0	530	10000	0	20004	-1	-1	115	0	-1			200016			-1
3010505	橄榄球僵尸	20005	5	91	16	15	0	530	10000	0	11111000	-1	-1	115	0	-1						-1
3010305	路障僵尸	20003	5	211	32	45	0	530	10000	0	20003	-1	-1	115	0	-1						-1
3010215	撑杆僵尸	20009	5	135	32	15	0	530	10000	0	20009	-1	-1	115	0	-1						-1
3010115	普通僵尸	20001	5	208	32	21	0	530	10000	0	20001	-1	-1	115	0	-1						-1
3010415	铁桶僵尸	20004	5	469	32	45	0	530	10000	0	20004	-1	-1	115	0	-1			200016			-1
3010515	橄榄球僵尸	20005	5	135	16	15	0	530	10000	0	11111000	-1	-1	115	0	-1						-1
3010315	路障僵尸	20003	5	270	30	45	0	530	10000	0	20003	-1	-1	115	0	-1						-1
4010003	卡车司机	20010	6	650	23	26	0	605	10000	0	20010	-1	-1	115	1	-1						-1
3010206	撑杆僵尸	20009	6	231	35	15	0	530	10000	0	20009	-1	-1	115	0	-1						-1
3010106	普通僵尸	20001	6	357	32	35	0	530	10000	0	20001	-1	-1	115	0	-1						-1
3010406	铁桶僵尸	20004	6	530	32	45	0	530	10000	0	20004	-1	-1	115	0	-1			200016			-1
3010506	橄榄球僵尸	20005	6	231	17	15	0	530	10000	0	11111000	-1	-1	115	0	-1						-1
3010306	路障僵尸	20003	6	500	32	50	0	530	10000	0	20003	-1	-1	115	0	-1						-1
4010001	歌王僵尸	20746	3	550	14	13	0	60	10000	0	20746	100294504	-1	115	1	-1						-1
13020106	路障原始人	20502	6	500	32	50	0	590	9500	0	20502	-1	-1	115	0	-1						-1
13020206	铁桶原始人	20503	6	672	32	50	0	620	9500	0	20503	-1	-1	115	0	-1			2050111			-1
13020306	木棍原始人	20505	6	357	32	35	0	600	9500	0	20505	-1	-1	115	0	-1						-1
13020406	弹弓原始人	20506	6	220	32	17	0	527	9545	0	20506	-1	-1	115	0	-1						-1
13020506	蜂窝僵尸	20510	6	220	20	37	0	545	9575	0	11111001	-1	-1	115	0	-1						-1
13020606	面具原始人	20504	6	357	36	17	0	524	9540	0	20504	-1	-1	115	0	-1						-1
13020107	路障原始人	20502	7	530	35	55	0	590	9500	0	20502	-1	-1	115	0	-1						-1
13020207	铁桶原始人	20503	7	688	25	55	0	620	9500	0	20503	-1	-1	115	0	-1			2050111			-1
13020307	木棍原始人	20505	7	365	25	38	0	600	9500	0	20505	-1	-1	115	0	-1						-1
13020407	弹弓原始人	20506	7	230	25	19	0	527	9545	0	20506	-1	-1	115	0	-1						-1
13020507	蜂窝僵尸	20510	7	230	22	37	0	545	9575	0	11111001	-1	-1	115	0	-1						-1
13020607	面具原始人	20504	7	365	25	38	0	524	9540	0	20504	-1	-1	115	0	-1						-1
13020108	路障原始人	20502	8	563	50	60	0	590	9500	0	20502	-1	-1	115	0	-1						-1
13020208	铁桶原始人	20503	8	704	50	60	0	620	9500	0	20503	-1	-1	115	0	-1			2050111			-1
13020308	木棍原始人	20505	8	374	50	42	0	600	9500	0	20505	-1	-1	115	0	-1						-1
13020408	弹弓原始人	20506	8	240	50	20	0	527	9545	0	20506	-1	-1	115	0	-1						-1
13020508	蜂窝僵尸	20510	8	240	35	20	0	545	9575	0	11111001	-1	-1	115	0	-1						-1
13020608	面具原始人	20504	8	374	50	42	0	524	9540	0	20504	-1	-1	115	0	-1						-1
4020001	骑鸟僵尸	20507	7	800	35	55	0	587	9645	0	20507	-1	-1	115	1	-1						-1
3040101	木乃伊僵尸1	20101	31	598	105	0	500	1000	9500	0	20101	-1	-1	115	0	-1						-1
3040102	木乃伊僵尸2	20101	31	633	107	0	500	1000	9500	0	20101	-1	-1	115	0	-1						-1
3040103	木乃伊僵尸3	20101	31	669	110	0	500	1000	9500	0	20101	-1	-1	115	0	-1						-1
3040104	木乃伊僵尸4	20101	31	703	113	0	500	1000	9500	0	20101	-1	-1	115	0	-1						-1
3040105	木乃伊僵尸5	20101	31	739	116	0	500	1000	9500	0	20101	-1	-1	115	0	-1						-1
3040106	木乃伊僵尸6	20101	31	774	119	0	500	1000	9500	0	20101	-1	-1	115	0	-1						-1
3040107	木乃伊僵尸7	20101	31	809	121	0	500	1000	9500	0	20101	-1	-1	115	0	-1						-1
3040108	木乃伊僵尸8	20101	31	844	124	0	500	1000	9500	0	20101	-1	-1	115	0	-1						-1
3040109	木乃伊僵尸9	20101	31	879	127	0	500	1000	9500	0	20101	-1	-1	115	0	-1						-1
3040110	木乃伊僵尸10	20101	31	915	130	0	500	1000	9500	0	20101	-1	-1	115	0	-1						-1
3040111	木乃伊僵尸11	20101	31	950	133	0	500	1000	9500	0	20101	-1	-1	115	0	-1						-1
3040112	木乃伊僵尸12	20101	31	984	135	0	500	1000	9500	0	20101	-1	-1	115	0	-1						-1
3040113	木乃伊僵尸13	20101	31	1020	138	0	500	1000	9500	0	20101	-1	-1	115	0	-1						-1
3040114	木乃伊僵尸14	20101	31	1054	141	0	500	1000	9500	0	20101	-1	-1	115	0	-1						-1
3040115	木乃伊僵尸15	20101	31	1090	144	0	500	1000	9500	0	20101	-1	-1	115	0	-1						-1
3040116	木乃伊僵尸16	20101	31	1126	147	0	500	1000	9500	0	20101	-1	-1	115	0	-1						-1
3040117	木乃伊僵尸17	20101	31	1161	149	0	500	1000	9500	0	20101	-1	-1	115	0	-1						-1
3040118	木乃伊僵尸18	20101	31	1196	152	0	500	1000	9500	0	20101	-1	-1	115	0	-1						-1
3040119	木乃伊僵尸19	20101	31	1230	155	0	500	1000	9500	0	20101	-1	-1	115	0	-1						-1
3040120	木乃伊僵尸20	20101	31	1266	158	0	500	1000	9500	0	20101	-1	-1	115	0	-1						-1
3040121	木乃伊僵尸21	20101	31	1302	161	0	500	1000	9500	0	20101	-1	-1	115	0	-1						-1
3040122	木乃伊僵尸22	20101	31	1336	163	0	500	1000	9500	0	20101	-1	-1	115	0	-1						-1
3040123	木乃伊僵尸23	20101	31	1371	166	0	500	1000	9500	0	20101	-1	-1	115	0	-1						-1
3040124	木乃伊僵尸24	20101	31	1406	169	0	500	1000	9500	0	20101	-1	-1	115	0	-1						-1
3040125	木乃伊僵尸25	20101	31	1442	172	0	500	1000	9500	0	20101	-1	-1	115	0	-1						-1
3040126	木乃伊僵尸26	20101	31	1477	175	0	500	1000	9500	0	20101	-1	-1	115	0	-1						-1
3040127	木乃伊僵尸27	20101	31	1512	177	0	500	1000	9500	0	20101	-1	-1	115	0	-1						-1
3040128	木乃伊僵尸28	20101	31	1548	180	0	500	1000	9500	0	20101	-1	-1	115	0	-1						-1
3040129	木乃伊僵尸29	20101	31	1582	183	0	500	1000	9500	0	20101	-1	-1	115	0	-1						-1
3040130	木乃伊僵尸30	20101	31	1617	186	0	500	1000	9500	0	20101	-1	-1	115	0	-1						-1
3040201	旗子木乃伊1	20103	31	718	114	0	500	1000	9500	0	20103	-1	-1	115	0	-1						-1
3040202	旗子木乃伊2	20103	31	748	116	0	500	1000	9500	0	20103	-1	-1	115	0	-1						-1
3040203	旗子木乃伊3	20103	31	780	118	0	500	1000	9500	0	20103	-1	-1	115	0	-1						-1
3040204	旗子木乃伊4	20103	31	810	121	0	500	1000	9500	0	20103	-1	-1	115	0	-1						-1
3040205	旗子木乃伊5	20103	31	841	123	0	500	1000	9500	0	20103	-1	-1	115	0	-1						-1
3040206	旗子木乃伊6	20103	31	873	126	0	500	1000	9500	0	20103	-1	-1	115	0	-1						-1
3040207	旗子木乃伊7	20103	31	903	128	0	500	1000	9500	0	20103	-1	-1	115	0	-1						-1
3040208	旗子木乃伊8	20103	31	934	130	0	500	1000	9500	0	20103	-1	-1	115	0	-1						-1
3040209	旗子木乃伊9	20103	31	965	133	0	500	1000	9500	0	20103	-1	-1	115	0	-1						-1
3040210	旗子木乃伊10	20103	31	996	135	0	500	1000	9500	0	20103	-1	-1	115	0	-1						-1
3040211	旗子木乃伊11	20103	31	1027	138	0	500	1000	9500	0	20103	-1	-1	115	0	-1						-1
3040212	旗子木乃伊12	20103	31	1059	140	0	500	1000	9500	0	20103	-1	-1	115	0	-1						-1
3040213	旗子木乃伊13	20103	31	1089	142	0	500	1000	9500	0	20103	-1	-1	115	0	-1						-1
3040214	旗子木乃伊14	20103	31	1120	145	0	500	1000	9500	0	20103	-1	-1	115	0	-1						-1
3040215	旗子木乃伊15	20103	31	1150	147	0	500	1000	9500	0	20103	-1	-1	115	0	-1						-1
3040216	旗子木乃伊16	20103	31	1182	150	0	500	1000	9500	0	20103	-1	-1	115	0	-1						-1
3040217	旗子木乃伊17	20103	31	1213	152	0	500	1000	9500	0	20103	-1	-1	115	0	-1						-1
3040218	旗子木乃伊18	20103	31	1244	154	0	500	1000	9500	0	20103	-1	-1	115	0	-1						-1
3040219	旗子木乃伊19	20103	31	1275	157	0	500	1000	9500	0	20103	-1	-1	115	0	-1						-1
3040220	旗子木乃伊20	20103	31	1305	159	0	500	1000	9500	0	20103	-1	-1	115	0	-1						-1
3040221	旗子木乃伊21	20103	31	1337	162	0	500	1000	9500	0	20103	-1	-1	115	0	-1						-1
3040222	旗子木乃伊22	20103	31	1368	164	0	500	1000	9500	0	20103	-1	-1	115	0	-1						-1
3040223	旗子木乃伊23	20103	31	1399	166	0	500	1000	9500	0	20103	-1	-1	115	0	-1						-1
3040224	旗子木乃伊24	20103	31	1429	169	0	500	1000	9500	0	20103	-1	-1	115	0	-1						-1
3040225	旗子木乃伊25	20103	31	1460	171	0	500	1000	9500	0	20103	-1	-1	115	0	-1						-1
3040226	旗子木乃伊26	20103	31	1492	174	0	500	1000	9500	0	20103	-1	-1	115	0	-1						-1
3040227	旗子木乃伊27	20103	31	1523	176	0	500	1000	9500	0	20103	-1	-1	115	0	-1						-1
3040228	旗子木乃伊28	20103	31	1554	178	0	500	1000	9500	0	20103	-1	-1	115	0	-1						-1
3040229	旗子木乃伊29	20103	31	1584	181	0	500	1000	9500	0	20103	-1	-1	115	0	-1						-1
3040230	旗子木乃伊30	20103	31	1617	185	0	500	1000	9500	0	20103	-1	-1	115	0	-1						-1
3040301	路障木乃伊1	20102	31	1170	112	0	500	1000	9500	0	20102	-1	-1	115	0	-1						-1
3040302	路障木乃伊2	20102	31	1221	115	0	500	1000	9500	0	20102	-1	-1	115	0	-1						-1
3040303	路障木乃伊3	20102	31	1271	119	0	500	1000	9500	0	20102	-1	-1	115	0	-1						-1
3040304	路障木乃伊4	20102	31	1321	122	0	500	1000	9500	0	20102	-1	-1	115	0	-1						-1
3040305	路障木乃伊5	20102	31	1371	126	0	500	1000	9500	0	20102	-1	-1	115	0	-1						-1
3040306	路障木乃伊6	20102	31	1422	129	0	500	1000	9500	0	20102	-1	-1	115	0	-1						-1
3040307	路障木乃伊7	20102	31	1473	133	0	500	1000	9500	0	20102	-1	-1	115	0	-1						-1
3040308	路障木乃伊8	20102	31	1523	136	0	500	1000	9500	0	20102	-1	-1	115	0	-1						-1
3040309	路障木乃伊9	20102	31	1573	140	0	500	1000	9500	0	20102	-1	-1	115	0	-1						-1
3040310	路障木乃伊10	20102	31	1623	143	0	500	1000	9500	0	20102	-1	-1	115	0	-1						-1
3040311	路障木乃伊11	20102	31	1675	147	0	500	1000	9500	0	20102	-1	-1	115	0	-1						-1
3040312	路障木乃伊12	20102	31	1725	150	0	500	1000	9500	0	20102	-1	-1	115	0	-1						-1
3040313	路障木乃伊13	20102	31	1776	154	0	500	1000	9500	0	20102	-1	-1	115	0	-1						-1
3040314	路障木乃伊14	20102	31	1826	157	0	500	1000	9500	0	20102	-1	-1	115	0	-1						-1
3040315	路障木乃伊15	20102	31	1877	161	0	500	1000	9500	0	20102	-1	-1	115	0	-1						-1
3040316	路障木乃伊16	20102	31	1927	164	0	500	1000	9500	0	20102	-1	-1	115	0	-1						-1
3040317	路障木乃伊17	20102	31	1977	168	0	500	1000	9500	0	20102	-1	-1	115	0	-1						-1
3040318	路障木乃伊18	20102	31	2028	171	0	500	1000	9500	0	20102	-1	-1	115	0	-1						-1
3040319	路障木乃伊19	20102	31	2078	175	0	500	1000	9500	0	20102	-1	-1	115	0	-1						-1
3040320	路障木乃伊20	20102	31	2129	178	0	500	1000	9500	0	20102	-1	-1	115	0	-1						-1
3040321	路障木乃伊21	20102	31	2180	182	0	500	1000	9500	0	20102	-1	-1	115	0	-1						-1
3040322	路障木乃伊22	20102	31	2231	185	0	500	1000	9500	0	20102	-1	-1	115	0	-1						-1
3040323	路障木乃伊23	20102	31	2281	189	0	500	1000	9500	0	20102	-1	-1	115	0	-1						-1
3040324	路障木乃伊24	20102	31	2331	192	0	500	1000	9500	0	20102	-1	-1	115	0	-1						-1
3040325	路障木乃伊25	20102	31	2382	196	0	500	1000	9500	0	20102	-1	-1	115	0	-1						-1
3040326	路障木乃伊26	20102	31	2432	199	0	500	1000	9500	0	20102	-1	-1	115	0	-1						-1
3040327	路障木乃伊27	20102	31	2483	203	0	500	1000	9500	0	20102	-1	-1	115	0	-1						-1
3040328	路障木乃伊28	20102	31	2533	206	0	500	1000	9500	0	20102	-1	-1	115	0	-1						-1
3040329	路障木乃伊29	20102	31	2583	210	0	500	1000	9500	0	20102	-1	-1	115	0	-1						-1
3040330	路障木乃伊30	20102	31	2635	213	0	500	1000	9500	0	20102	-1	-1	115	0	-1						-1
3040401	铁桶木乃伊1	20104	31	1442	112	0	500	1000	9500	0	20104	-1	-1	115	0	-1			7022201			-1
3040402	铁桶木乃伊2	20104	31	1503	115	0	500	1000	9500	0	20104	-1	-1	115	0	-1			7022201			-1
3040403	铁桶木乃伊3	20104	31	1566	118	0	500	1000	9500	0	20104	-1	-1	115	0	-1			7022201			-1
3040404	铁桶木乃伊4	20104	31	1627	122	0	500	1000	9500	0	20104	-1	-1	115	0	-1			7022201			-1
3040405	铁桶木乃伊5	20104	31	1690	125	0	500	1000	9500	0	20104	-1	-1	115	0	-1			7022201			-1
3040406	铁桶木乃伊6	20104	31	1752	129	0	500	1000	9500	0	20104	-1	-1	115	0	-1			7022201			-1
3040407	铁桶木乃伊7	20104	31	1814	132	0	500	1000	9500	0	20104	-1	-1	115	0	-1			7022201			-1
3040408	铁桶木乃伊8	20104	31	1877	135	0	500	1000	9500	0	20104	-1	-1	115	0	-1			7022201			-1
3040409	铁桶木乃伊9	20104	31	1938	139	0	500	1000	9500	0	20104	-1	-1	115	0	-1			7022201			-1
3040410	铁桶木乃伊10	20104	31	2001	142	0	500	1000	9500	0	20104	-1	-1	115	0	-1			7022201			-1
3040411	铁桶木乃伊11	20104	31	2064	146	0	500	1000	9500	0	20104	-1	-1	115	0	-1			7022201			-1
3040412	铁桶木乃伊12	20104	31	2125	149	0	500	1000	9500	0	20104	-1	-1	115	0	-1			7022201			-1
3040413	铁桶木乃伊13	20104	31	2187	152	0	500	1000	9500	0	20104	-1	-1	115	0	-1			7022201			-1
3040414	铁桶木乃伊14	20104	31	2249	156	0	500	1000	9500	0	20104	-1	-1	115	0	-1			7022201			-1
3040415	铁桶木乃伊15	20104	31	2312	159	0	500	1000	9500	0	20104	-1	-1	115	0	-1			7022201			-1
3040416	铁桶木乃伊16	20104	31	2375	163	0	500	1000	9500	0	20104	-1	-1	115	0	-1			7022201			-1
3040417	铁桶木乃伊17	20104	31	2436	166	0	500	1000	9500	0	20104	-1	-1	115	0	-1			7022201			-1
3040418	铁桶木乃伊18	20104	31	2499	169	0	500	1000	9500	0	20104	-1	-1	115	0	-1			7022201			-1
3040419	铁桶木乃伊19	20104	31	2560	173	0	500	1000	9500	0	20104	-1	-1	115	0	-1			7022201			-1
3040420	铁桶木乃伊20	20104	31	2622	176	0	500	1000	9500	0	20104	-1	-1	115	0	-1			7022201			-1
3040421	铁桶木乃伊21	20104	31	2685	180	0	500	1000	9500	0	20104	-1	-1	115	0	-1			7022201			-1
3040422	铁桶木乃伊22	20104	31	2747	183	0	500	1000	9500	0	20104	-1	-1	115	0	-1			7022201			-1
3040423	铁桶木乃伊23	20104	31	2810	186	0	500	1000	9500	0	20104	-1	-1	115	0	-1			7022201			-1
3040424	铁桶木乃伊24	20104	31	2871	190	0	500	1000	9500	0	20104	-1	-1	115	0	-1			7022201			-1
3040425	铁桶木乃伊25	20104	31	2933	193	0	500	1000	9500	0	20104	-1	-1	115	0	-1			7022201			-1
3040426	铁桶木乃伊26	20104	31	2996	197	0	500	1000	9500	0	20104	-1	-1	115	0	-1			7022201			-1
3040427	铁桶木乃伊27	20104	31	3057	200	0	500	1000	9500	0	20104	-1	-1	115	0	-1			7022201			-1
3040428	铁桶木乃伊28	20104	31	3120	203	0	500	1000	9500	0	20104	-1	-1	115	0	-1			7022201			-1
3040429	铁桶木乃伊29	20104	31	3182	207	0	500	1000	9500	0	20104	-1	-1	115	0	-1			7022201			-1
3040430	铁桶木乃伊30	20104	31	3246	210	0	500	1000	9500	0	20104	-1	-1	115	0	-1			7022201			-1
3040501	死神僵尸1	20107	31	876	130	0	500	1000	9500	0	20107	-1	-1	115	0	-1						-1
3040502	死神僵尸2	20107	31	912	133	0	500	1000	9500	0	20107	-1	-1	115	0	-1						-1
3040503	死神僵尸3	20107	31	950	137	0	500	1000	9500	0	20107	-1	-1	115	0	-1						-1
3040504	死神僵尸4	20107	31	988	141	0	500	1000	9500	0	20107	-1	-1	115	0	-1						-1
3040505	死神僵尸5	20107	31	1026	145	0	500	1000	9500	0	20107	-1	-1	115	0	-1						-1
3040506	死神僵尸6	20107	31	1065	149	0	500	1000	9500	0	20107	-1	-1	115	0	-1						-1
3040507	死神僵尸7	20107	31	1101	153	0	500	1000	9500	0	20107	-1	-1	115	0	-1						-1
3040508	死神僵尸8	20107	31	1140	157	0	500	1000	9500	0	20107	-1	-1	115	0	-1						-1
3040509	死神僵尸9	20107	31	1177	161	0	500	1000	9500	0	20107	-1	-1	115	0	-1						-1
3040510	死神僵尸10	20107	31	1215	165	0	500	1000	9500	0	20107	-1	-1	115	0	-1						-1
3040511	死神僵尸11	20107	31	1254	169	0	500	1000	9500	0	20107	-1	-1	115	0	-1						-1
3040512	死神僵尸12	20107	31	1290	172	0	500	1000	9500	0	20107	-1	-1	115	0	-1						-1
3040513	死神僵尸13	20107	31	1329	176	0	500	1000	9500	0	20107	-1	-1	115	0	-1						-1
3040514	死神僵尸14	20107	31	1367	180	0	500	1000	9500	0	20107	-1	-1	115	0	-1						-1
3040515	死神僵尸15	20107	31	1405	184	0	500	1000	9500	0	20107	-1	-1	115	0	-1						-1
3040516	死神僵尸16	20107	31	1443	188	0	500	1000	9500	0	20107	-1	-1	115	0	-1						-1
3040517	死神僵尸17	20107	31	1480	192	0	500	1000	9500	0	20107	-1	-1	115	0	-1						-1
3040518	死神僵尸18	20107	31	1518	196	0	500	1000	9500	0	20107	-1	-1	115	0	-1						-1
3040519	死神僵尸19	20107	31	1556	200	0	500	1000	9500	0	20107	-1	-1	115	0	-1						-1
3040520	死神僵尸20	20107	31	1594	204	0	500	1000	9500	0	20107	-1	-1	115	0	-1						-1
3040521	死神僵尸21	20107	31	1632	208	0	500	1000	9500	0	20107	-1	-1	115	0	-1						-1
3040522	死神僵尸22	20107	31	1669	211	0	500	1000	9500	0	20107	-1	-1	115	0	-1						-1
3040523	死神僵尸23	20107	31	1707	215	0	500	1000	9500	0	20107	-1	-1	115	0	-1						-1
3040524	死神僵尸24	20107	31	1745	219	0	500	1000	9500	0	20107	-1	-1	115	0	-1						-1
3040525	死神僵尸25	20107	31	1783	223	0	500	1000	9500	0	20107	-1	-1	115	0	-1						-1
3040526	死神僵尸26	20107	31	1821	227	0	500	1000	9500	0	20107	-1	-1	115	0	-1						-1
3040527	死神僵尸27	20107	31	1858	231	0	500	1000	9500	0	20107	-1	-1	115	0	-1						-1
3040528	死神僵尸28	20107	31	1896	235	0	500	1000	9500	0	20107	-1	-1	115	0	-1						-1
3040529	死神僵尸29	20107	31	1935	239	0	500	1000	9500	0	20107	-1	-1	115	0	-1						-1
3040530	死神僵尸30	20107	31	1971	242	0	500	1000	9500	0	20107	-1	-1	115	0	-1						-1
3040601	太阳神僵尸1	20108	31	496	50	0	500	1000	9500	0	11111003	-1	-1	115	0	-1						-1
3040602	太阳神僵尸2	20108	31	520	51	0	500	1000	9500	0	11111003	-1	-1	115	0	-1						-1
3040603	太阳神僵尸3	20108	31	544	53	0	500	1000	9500	0	11111003	-1	-1	115	0	-1						-1
3040604	太阳神僵尸4	20108	31	570	55	0	500	1000	9500	0	11111003	-1	-1	115	0	-1						-1
3040605	太阳神僵尸5	20108	31	594	57	0	500	1000	9500	0	11111003	-1	-1	115	0	-1						-1
3040606	太阳神僵尸6	20108	31	618	59	0	500	1000	9500	0	11111003	-1	-1	115	0	-1						-1
3040607	太阳神僵尸7	20108	31	643	60	0	500	1000	9500	0	11111003	-1	-1	115	0	-1						-1
3040608	太阳神僵尸8	20108	31	667	62	0	500	1000	9500	0	11111003	-1	-1	115	0	-1						-1
3040609	太阳神僵尸9	20108	31	692	64	0	500	1000	9500	0	11111003	-1	-1	115	0	-1						-1
3040610	太阳神僵尸10	20108	31	717	66	0	500	1000	9500	0	11111003	-1	-1	115	0	-1						-1
3040611	太阳神僵尸11	20108	31	741	68	0	500	1000	9500	0	11111003	-1	-1	115	0	-1						-1
3040612	太阳神僵尸12	20108	31	765	69	0	500	1000	9500	0	11111003	-1	-1	115	0	-1						-1
3040613	太阳神僵尸13	20108	31	789	71	0	500	1000	9500	0	11111003	-1	-1	115	0	-1						-1
3040614	太阳神僵尸14	20108	31	814	73	0	500	1000	9500	0	11111003	-1	-1	115	0	-1						-1
3040615	太阳神僵尸15	20108	31	838	75	0	500	1000	9500	0	11111003	-1	-1	115	0	-1						-1
3040616	太阳神僵尸16	20108	31	863	77	0	500	1000	9500	0	11111003	-1	-1	115	0	-1						-1
3040617	太阳神僵尸17	20108	31	888	78	0	500	1000	9500	0	11111003	-1	-1	115	0	-1						-1
3040618	太阳神僵尸18	20108	31	912	80	0	500	1000	9500	0	11111003	-1	-1	115	0	-1						-1
3040619	太阳神僵尸19	20108	31	937	82	0	500	1000	9500	0	11111003	-1	-1	115	0	-1						-1
3040620	太阳神僵尸20	20108	31	961	84	0	500	1000	9500	0	11111003	-1	-1	115	0	-1						-1
3040621	太阳神僵尸21	20108	31	986	86	0	500	1000	9500	0	11111003	-1	-1	115	0	-1						-1
3040622	太阳神僵尸22	20108	31	1009	87	0	500	1000	9500	0	11111003	-1	-1	115	0	-1						-1
3040623	太阳神僵尸23	20108	31	1033	89	0	500	1000	9500	0	11111003	-1	-1	115	0	-1						-1
3040624	太阳神僵尸24	20108	31	1059	91	0	500	1000	9500	0	11111003	-1	-1	115	0	-1						-1
3040625	太阳神僵尸25	20108	31	1083	93	0	500	1000	9500	0	11111003	-1	-1	115	0	-1						-1
3040626	太阳神僵尸26	20108	31	1107	95	0	500	1000	9500	0	11111003	-1	-1	115	0	-1						-1
3040627	太阳神僵尸27	20108	31	1132	96	0	500	1000	9500	0	11111003	-1	-1	115	0	-1						-1
3040628	太阳神僵尸28	20108	31	1156	98	0	500	1000	9500	0	11111003	-1	-1	115	0	-1						-1
3040629	太阳神僵尸29	20108	31	1181	100	0	500	1000	9500	0	11111003	-1	-1	115	0	-1						-1
3040630	太阳神僵尸30	20108	31	1206	101	0	500	1000	9500	0	11111003	-1	-1	115	0	-1						-1
3040701	探险家僵尸1	20106	31	540	112	0	500	1000	9500	0	11111005	-1	-1	115	0	-1			2073001			-1
3040702	探险家僵尸2	20106	31	563	113	0	500	1000	9500	0	11111005	-1	-1	115	0	-1			2073001			-1
3040703	探险家僵尸3	20106	31	586	115	0	500	1000	9500	0	11111005	-1	-1	115	0	-1			2073001			-1
3040704	探险家僵尸4	20106	31	610	116	0	500	1000	9500	0	11111005	-1	-1	115	0	-1			2073001			-1
3040705	探险家僵尸5	20106	31	633	118	0	500	1000	9500	0	11111005	-1	-1	115	0	-1			2073001			-1
3040706	探险家僵尸6	20106	31	657	119	0	500	1000	9500	0	11111005	-1	-1	115	0	-1			2073001			-1
3040707	探险家僵尸7	20106	31	679	121	0	500	1000	9500	0	11111005	-1	-1	115	0	-1			2073001			-1
3040708	探险家僵尸8	20106	31	703	122	0	500	1000	9500	0	11111005	-1	-1	115	0	-1			2073001			-1
3040709	探险家僵尸9	20106	31	726	124	0	500	1000	9500	0	11111005	-1	-1	115	0	-1			2073001			-1
3040710	探险家僵尸10	20106	31	750	125	0	500	1000	9500	0	11111005	-1	-1	115	0	-1			2073001			-1
3040711	探险家僵尸11	20106	31	774	127	0	500	1000	9500	0	11111005	-1	-1	115	0	-1			2073001			-1
3040712	探险家僵尸12	20106	31	796	128	0	500	1000	9500	0	11111005	-1	-1	115	0	-1			2073001			-1
3040713	探险家僵尸13	20106	31	820	130	0	500	1000	9500	0	11111005	-1	-1	115	0	-1			2073001			-1
3040714	探险家僵尸14	20106	31	843	131	0	500	1000	9500	0	11111005	-1	-1	115	0	-1			2073001			-1
3040715	探险家僵尸15	20106	31	867	133	0	500	1000	9500	0	11111005	-1	-1	115	0	-1			2073001			-1
3040716	探险家僵尸16	20106	31	890	134	0	500	1000	9500	0	11111005	-1	-1	115	0	-1			2073001			-1
3040717	探险家僵尸17	20106	31	913	136	0	500	1000	9500	0	11111005	-1	-1	115	0	-1			2073001			-1
3040718	探险家僵尸18	20106	31	937	137	0	500	1000	9500	0	11111005	-1	-1	115	0	-1			2073001			-1
3040719	探险家僵尸19	20106	31	960	139	0	500	1000	9500	0	11111005	-1	-1	115	0	-1			2073001			-1
3040720	探险家僵尸20	20106	31	984	140	0	500	1000	9500	0	11111005	-1	-1	115	0	-1			2073001			-1
3040721	探险家僵尸21	20106	31	1006	142	0	500	1000	9500	0	11111005	-1	-1	115	0	-1			2073001			-1
3040722	探险家僵尸22	20106	31	1030	143	0	500	1000	9500	0	11111005	-1	-1	115	0	-1			2073001			-1
3040723	探险家僵尸23	20106	31	1053	145	0	500	1000	9500	0	11111005	-1	-1	115	0	-1			2073001			-1
3040724	探险家僵尸24	20106	31	1077	146	0	500	1000	9500	0	11111005	-1	-1	115	0	-1			2073001			-1
3040725	探险家僵尸25	20106	31	1100	148	0	500	1000	9500	0	11111005	-1	-1	115	0	-1			2073001			-1
3040726	探险家僵尸26	20106	31	1123	149	0	500	1000	9500	0	11111005	-1	-1	115	0	-1			2073001			-1
3040727	探险家僵尸27	20106	31	1147	151	0	500	1000	9500	0	11111005	-1	-1	115	0	-1			2073001			-1
3040728	探险家僵尸28	20106	31	1170	152	0	500	1000	9500	0	11111005	-1	-1	115	0	-1			2073001			-1
3040729	探险家僵尸29	20106	31	1194	154	0	500	1000	9500	0	11111005	-1	-1	115	0	-1			2073001			-1
3040730	探险家僵尸30	20106	31	1215	156	0	500	1000	9500	0	11111005	-1	-1	115	0	-1			2073001			-1
3050801	海盗僵尸1	20201	39	1501	174	0	500	1000	9500	0	20201	-1	-1	115	0	-1						-1
3050802	海盗僵尸2	20201	39	1534	180	0	500	1000	9500	0	20201	-1	-1	115	0	-1						-1
3050803	海盗僵尸3	20201	39	1568	187	0	500	1000	9500	0	20201	-1	-1	115	0	-1						-1
3050804	海盗僵尸4	20201	39	1602	193	0	500	1000	9500	0	20201	-1	-1	115	0	-1						-1
3050805	海盗僵尸5	20201	39	1636	200	0	500	1000	9500	0	20201	-1	-1	115	0	-1						-1
3050806	海盗僵尸6	20201	39	1670	207	0	500	1000	9500	0	20201	-1	-1	115	0	-1						-1
3050807	海盗僵尸7	20201	39	1704	213	0	500	1000	9500	0	20201	-1	-1	115	0	-1						-1
3050808	海盗僵尸8	20201	39	1738	220	0	500	1000	9500	0	20201	-1	-1	115	0	-1						-1
3050809	海盗僵尸9	20201	39	1772	226	0	500	1000	9500	0	20201	-1	-1	115	0	-1						-1
3050810	海盗僵尸10	20201	39	1805	233	0	500	1000	9500	0	20201	-1	-1	115	0	-1						-1
3050811	海盗僵尸11	20201	39	1840	240	0	500	1000	9500	0	20201	-1	-1	115	0	-1						-1
3050812	海盗僵尸12	20201	39	1874	246	0	500	1000	9500	0	20201	-1	-1	115	0	-1						-1
3050813	海盗僵尸13	20201	39	1907	253	0	500	1000	9500	0	20201	-1	-1	115	0	-1						-1
3050814	海盗僵尸14	20201	39	1941	259	0	500	1000	9500	0	20201	-1	-1	115	0	-1						-1
3050815	海盗僵尸15	20201	39	1976	266	0	500	1000	9500	0	20201	-1	-1	115	0	-1						-1
3050816	海盗僵尸16	20201	39	2010	273	0	500	1000	9500	0	20201	-1	-1	115	0	-1						-1
3050817	海盗僵尸17	20201	39	2044	279	0	500	1000	9500	0	20201	-1	-1	115	0	-1						-1
3050818	海盗僵尸18	20201	39	2078	286	0	500	1000	9500	0	20201	-1	-1	115	0	-1						-1
3050819	海盗僵尸19	20201	39	2112	292	0	500	1000	9500	0	20201	-1	-1	115	0	-1						-1
3050820	海盗僵尸20	20201	39	2146	299	0	500	1000	9500	0	20201	-1	-1	115	0	-1						-1
3050821	海盗僵尸21	20201	39	2180	306	0	500	1000	9500	0	20201	-1	-1	115	0	-1						-1
3050822	海盗僵尸22	20201	39	2214	312	0	500	1000	9500	0	20201	-1	-1	115	0	-1						-1
3050823	海盗僵尸23	20201	39	2248	319	0	500	1000	9500	0	20201	-1	-1	115	0	-1						-1
3050824	海盗僵尸24	20201	39	2281	325	0	500	1000	9500	0	20201	-1	-1	115	0	-1						-1
3050825	海盗僵尸25	20201	39	2316	332	0	500	1000	9500	0	20201	-1	-1	115	0	-1						-1
3050826	海盗僵尸26	20201	39	2350	339	0	500	1000	9500	0	20201	-1	-1	115	0	-1						-1
3050827	海盗僵尸27	20201	39	2383	345	0	500	1000	9500	0	20201	-1	-1	115	0	-1						-1
3050828	海盗僵尸28	20201	39	2419	352	0	500	1000	9500	0	20201	-1	-1	115	0	-1						-1
3050829	海盗僵尸29	20201	39	2452	358	0	500	1000	9500	0	20201	-1	-1	115	0	-1						-1
3050830	海盗僵尸30	20201	39	2489	366	0	500	1000	9500	0	20201	-1	-1	115	0	-1						-1
3050901	旗子海盗1	20203	39	1640	186	0	500	1000	9500	0	20203	-1	-1	115	0	-1						-1
3050902	旗子海盗2	20203	39	1673	192	0	500	1000	9500	0	20203	-1	-1	115	0	-1						-1
3050903	旗子海盗3	20203	39	1709	199	0	500	1000	9500	0	20203	-1	-1	115	0	-1						-1
3050904	旗子海盗4	20203	39	1743	205	0	500	1000	9500	0	20203	-1	-1	115	0	-1						-1
3050905	旗子海盗5	20203	39	1778	212	0	500	1000	9500	0	20203	-1	-1	115	0	-1						-1
3050906	旗子海盗6	20203	39	1813	219	0	500	1000	9500	0	20203	-1	-1	115	0	-1						-1
3050907	旗子海盗7	20203	39	1847	225	0	500	1000	9500	0	20203	-1	-1	115	0	-1						-1
3050908	旗子海盗8	20203	39	1881	232	0	500	1000	9500	0	20203	-1	-1	115	0	-1						-1
3050909	旗子海盗9	20203	39	1916	238	0	500	1000	9500	0	20203	-1	-1	115	0	-1						-1
3050910	旗子海盗10	20203	39	1951	245	0	500	1000	9500	0	20203	-1	-1	115	0	-1						-1
3050911	旗子海盗11	20203	39	1986	252	0	500	1000	9500	0	20203	-1	-1	115	0	-1						-1
3050912	旗子海盗12	20203	39	2020	258	0	500	1000	9500	0	20203	-1	-1	115	0	-1						-1
3050913	旗子海盗13	20203	39	2055	265	0	500	1000	9500	0	20203	-1	-1	115	0	-1						-1
3050914	旗子海盗14	20203	39	2090	271	0	500	1000	9500	0	20203	-1	-1	115	0	-1						-1
3050915	旗子海盗15	20203	39	2124	278	0	500	1000	9500	0	20203	-1	-1	115	0	-1						-1
3050916	旗子海盗16	20203	39	2160	285	0	500	1000	9500	0	20203	-1	-1	115	0	-1						-1
3050917	旗子海盗17	20203	39	2193	291	0	500	1000	9500	0	20203	-1	-1	115	0	-1						-1
3050918	旗子海盗18	20203	39	2228	298	0	500	1000	9500	0	20203	-1	-1	115	0	-1						-1
3050919	旗子海盗19	20203	39	2262	304	0	500	1000	9500	0	20203	-1	-1	115	0	-1						-1
3050920	旗子海盗20	20203	39	2298	311	0	500	1000	9500	0	20203	-1	-1	115	0	-1						-1
3050921	旗子海盗21	20203	39	2332	318	0	500	1000	9500	0	20203	-1	-1	115	0	-1						-1
3050922	旗子海盗22	20203	39	2366	324	0	500	1000	9500	0	20203	-1	-1	115	0	-1						-1
3050923	旗子海盗23	20203	39	2401	331	0	500	1000	9500	0	20203	-1	-1	115	0	-1						-1
3050924	旗子海盗24	20203	39	2436	337	0	500	1000	9500	0	20203	-1	-1	115	0	-1						-1
3050925	旗子海盗25	20203	39	2471	344	0	500	1000	9500	0	20203	-1	-1	115	0	-1						-1
3050926	旗子海盗26	20203	39	2506	351	0	500	1000	9500	0	20203	-1	-1	115	0	-1						-1
3050927	旗子海盗27	20203	39	2540	357	0	500	1000	9500	0	20203	-1	-1	115	0	-1						-1
3050928	旗子海盗28	20203	39	2574	364	0	500	1000	9500	0	20203	-1	-1	115	0	-1						-1
3050929	旗子海盗29	20203	39	2609	370	0	500	1000	9500	0	20203	-1	-1	115	0	-1						-1
3050930	旗子海盗30	20203	39	2642	378	0	500	1000	9500	0	20203	-1	-1	115	0	-1						-1
3051001	路障海盗1	20202	39	2672	213	0	500	1000	9500	0	20202	-1	-1	115	0	-1						-1
3051002	路障海盗2	20202	39	2728	217	0	500	1000	9500	0	20202	-1	-1	115	0	-1						-1
3051003	路障海盗3	20202	39	2783	221	0	500	1000	9500	0	20202	-1	-1	115	0	-1						-1
3051004	路障海盗4	20202	39	2839	226	0	500	1000	9500	0	20202	-1	-1	115	0	-1						-1
3051005	路障海盗5	20202	39	2895	230	0	500	1000	9500	0	20202	-1	-1	115	0	-1						-1
3051006	路障海盗6	20202	39	2953	235	0	500	1000	9500	0	20202	-1	-1	115	0	-1						-1
3051007	路障海盗7	20202	39	3009	239	0	500	1000	9500	0	20202	-1	-1	115	0	-1						-1
3051008	路障海盗8	20202	39	3065	243	0	500	1000	9500	0	20202	-1	-1	115	0	-1						-1
3051009	路障海盗9	20202	39	3121	248	0	500	1000	9500	0	20202	-1	-1	115	0	-1						-1
3051010	路障海盗10	20202	39	3177	252	0	500	1000	9500	0	20202	-1	-1	115	0	-1						-1
3051011	路障海盗11	20202	39	3235	257	0	500	1000	9500	0	20202	-1	-1	115	0	-1						-1
3051012	路障海盗12	20202	39	3291	261	0	500	1000	9500	0	20202	-1	-1	115	0	-1						-1
3051013	路障海盗13	20202	39	3346	265	0	500	1000	9500	0	20202	-1	-1	115	0	-1						-1
3051014	路障海盗14	20202	39	3402	270	0	500	1000	9500	0	20202	-1	-1	115	0	-1						-1
3051015	路障海盗15	20202	39	3459	274	0	500	1000	9500	0	20202	-1	-1	115	0	-1						-1
3051016	路障海盗16	20202	39	3516	279	0	500	1000	9500	0	20202	-1	-1	115	0	-1						-1
3051017	路障海盗17	20202	39	3573	283	0	500	1000	9500	0	20202	-1	-1	115	0	-1						-1
3051018	路障海盗18	20202	39	3628	287	0	500	1000	9500	0	20202	-1	-1	115	0	-1						-1
3051019	路障海盗19	20202	39	3684	292	0	500	1000	9500	0	20202	-1	-1	115	0	-1						-1
3051020	路障海盗20	20202	39	3740	296	0	500	1000	9500	0	20202	-1	-1	115	0	-1						-1
3051021	路障海盗21	20202	39	3798	301	0	500	1000	9500	0	20202	-1	-1	115	0	-1						-1
3051022	路障海盗22	20202	39	3853	305	0	500	1000	9500	0	20202	-1	-1	115	0	-1						-1
3051023	路障海盗23	20202	39	3909	309	0	500	1000	9500	0	20202	-1	-1	115	0	-1						-1
3051024	路障海盗24	20202	39	3966	314	0	500	1000	9500	0	20202	-1	-1	115	0	-1						-1
3051025	路障海盗25	20202	39	4022	318	0	500	1000	9500	0	20202	-1	-1	115	0	-1						-1
3051026	路障海盗26	20202	39	4080	323	0	500	1000	9500	0	20202	-1	-1	115	0	-1						-1
3051027	路障海盗27	20202	39	4135	327	0	500	1000	9500	0	20202	-1	-1	115	0	-1						-1
3051028	路障海盗28	20202	39	4191	331	0	500	1000	9500	0	20202	-1	-1	115	0	-1						-1
3051029	路障海盗29	20202	39	4247	336	0	500	1000	9500	0	20202	-1	-1	115	0	-1						-1
3051030	路障海盗30	20202	39	4305	342	0	500	1000	9500	0	20202	-1	-1	115	0	-1						-1
3051101	铁桶海盗1	20204	39	3291	210	0	500	1000	9500	0	20204	-1	-1	115	0	-1			2020135			-1
3051102	铁桶海盗2	20204	39	3359	215	0	500	1000	9500	0	20204	-1	-1	115	0	-1			2020135			-1
3051103	铁桶海盗3	20204	39	3429	220	0	500	1000	9500	0	20204	-1	-1	115	0	-1			2020135			-1
3051104	铁桶海盗4	20204	39	3498	225	0	500	1000	9500	0	20204	-1	-1	115	0	-1			2020135			-1
3051105	铁桶海盗5	20204	39	3567	230	0	500	1000	9500	0	20204	-1	-1	115	0	-1			2020135			-1
3051106	铁桶海盗6	20204	39	3637	235	0	500	1000	9500	0	20204	-1	-1	115	0	-1			2020135			-1
3051107	铁桶海盗7	20204	39	3706	240	0	500	1000	9500	0	20204	-1	-1	115	0	-1			2020135			-1
3051108	铁桶海盗8	20204	39	3776	245	0	500	1000	9500	0	20204	-1	-1	115	0	-1			2020135			-1
3051109	铁桶海盗9	20204	39	3845	250	0	500	1000	9500	0	20204	-1	-1	115	0	-1			2020135			-1
3051110	铁桶海盗10	20204	39	3915	255	0	500	1000	9500	0	20204	-1	-1	115	0	-1			2020135			-1
3051111	铁桶海盗11	20204	39	3985	260	0	500	1000	9500	0	20204	-1	-1	115	0	-1			2020135			-1
3051112	铁桶海盗12	20204	39	4053	265	0	500	1000	9500	0	20204	-1	-1	115	0	-1			2020135			-1
3051113	铁桶海盗13	20204	39	4123	270	0	500	1000	9500	0	20204	-1	-1	115	0	-1			2020135			-1
3051114	铁桶海盗14	20204	39	4193	275	0	500	1000	9500	0	20204	-1	-1	115	0	-1			2020135			-1
3051115	铁桶海盗15	20204	39	4261	280	0	500	1000	9500	0	20204	-1	-1	115	0	-1			2020135			-1
3051116	铁桶海盗16	20204	39	4331	285	0	500	1000	9500	0	20204	-1	-1	115	0	-1			2020135			-1
3051117	铁桶海盗17	20204	39	4401	290	0	500	1000	9500	0	20204	-1	-1	115	0	-1			2020135			-1
3051118	铁桶海盗18	20204	39	4469	295	0	500	1000	9500	0	20204	-1	-1	115	0	-1			2020135			-1
3051119	铁桶海盗19	20204	39	4539	300	0	500	1000	9500	0	20204	-1	-1	115	0	-1			2020135			-1
3051120	铁桶海盗20	20204	39	4609	305	0	500	1000	9500	0	20204	-1	-1	115	0	-1			2020135			-1
3051121	铁桶海盗21	20204	39	4678	310	0	500	1000	9500	0	20204	-1	-1	115	0	-1			2020135			-1
3051122	铁桶海盗22	20204	39	4747	315	0	500	1000	9500	0	20204	-1	-1	115	0	-1			2020135			-1
3051123	铁桶海盗23	20204	39	4817	320	0	500	1000	9500	0	20204	-1	-1	115	0	-1			2020135			-1
3051124	铁桶海盗24	20204	39	4886	325	0	500	1000	9500	0	20204	-1	-1	115	0	-1			2020135			-1
3051125	铁桶海盗25	20204	39	4955	330	0	500	1000	9500	0	20204	-1	-1	115	0	-1			2020135			-1
3051126	铁桶海盗26	20204	39	5024	335	0	500	1000	9500	0	20204	-1	-1	115	0	-1			2020135			-1
3051127	铁桶海盗27	20204	39	5094	340	0	500	1000	9500	0	20204	-1	-1	115	0	-1			2020135			-1
3051128	铁桶海盗28	20204	39	5163	345	0	500	1000	9500	0	20204	-1	-1	115	0	-1			2020135			-1
3051129	铁桶海盗29	20204	39	5233	350	0	500	1000	9500	0	20204	-1	-1	115	0	-1			2020135			-1
3051130	铁桶海盗30	20204	39	5303	355	0	500	1000	9500	0	20204	-1	-1	115	0	-1			2020135			-1
3051201	飞索海盗1	20205	39	1999	226	0	500	1000	9500	0	20205	-1	-1	115	0	-1						-1
3051202	飞索海盗2	20205	39	2020	235	0	500	1000	9500	0	20205	-1	-1	115	0	-1						-1
3051203	飞索海盗3	20205	39	2041	244	0	500	1000	9500	0	20205	-1	-1	115	0	-1						-1
3051204	飞索海盗4	20205	39	2062	253	0	500	1000	9500	0	20205	-1	-1	115	0	-1						-1
3051205	飞索海盗5	20205	39	2084	262	0	500	1000	9500	0	20205	-1	-1	115	0	-1						-1
3051206	飞索海盗6	20205	39	2104	271	0	500	1000	9500	0	20205	-1	-1	115	0	-1						-1
3051207	飞索海盗7	20205	39	2126	280	0	500	1000	9500	0	20205	-1	-1	115	0	-1						-1
3051208	飞索海盗8	20205	39	2147	289	0	500	1000	9500	0	20205	-1	-1	115	0	-1						-1
3051209	飞索海盗9	20205	39	2168	298	0	500	1000	9500	0	20205	-1	-1	115	0	-1						-1
3051210	飞索海盗10	20205	39	2189	307	0	500	1000	9500	0	20205	-1	-1	115	0	-1						-1
3051211	飞索海盗11	20205	39	2211	317	0	500	1000	9500	0	20205	-1	-1	115	0	-1						-1
3051212	飞索海盗12	20205	39	2233	326	0	500	1000	9500	0	20205	-1	-1	115	0	-1						-1
3051213	飞索海盗13	20205	39	2254	335	0	500	1000	9500	0	20205	-1	-1	115	0	-1						-1
3051214	飞索海盗14	20205	39	2275	344	0	500	1000	9500	0	20205	-1	-1	115	0	-1						-1
3051215	飞索海盗15	20205	39	2296	353	0	500	1000	9500	0	20205	-1	-1	115	0	-1						-1
3051216	飞索海盗16	20205	39	2318	362	0	500	1000	9500	0	20205	-1	-1	115	0	-1						-1
3051217	飞索海盗17	20205	39	2338	371	0	500	1000	9500	0	20205	-1	-1	115	0	-1						-1
3051218	飞索海盗18	20205	39	2360	380	0	500	1000	9500	0	20205	-1	-1	115	0	-1						-1
3051219	飞索海盗19	20205	39	2382	389	0	500	1000	9500	0	20205	-1	-1	115	0	-1						-1
3051220	飞索海盗20	20205	39	2402	398	0	500	1000	9500	0	20205	-1	-1	115	0	-1						-1
3051221	飞索海盗21	20205	39	2425	408	0	500	1000	9500	0	20205	-1	-1	115	0	-1						-1
3051222	飞索海盗22	20205	39	2446	417	0	500	1000	9500	0	20205	-1	-1	115	0	-1						-1
3051223	飞索海盗23	20205	39	2467	426	0	500	1000	9500	0	20205	-1	-1	115	0	-1						-1
3051224	飞索海盗24	20205	39	2489	435	0	500	1000	9500	0	20205	-1	-1	115	0	-1						-1
3051225	飞索海盗25	20205	39	2509	444	0	500	1000	9500	0	20205	-1	-1	115	0	-1						-1
3051226	飞索海盗26	20205	39	2531	453	0	500	1000	9500	0	20205	-1	-1	115	0	-1						-1
3051227	飞索海盗27	20205	39	2552	462	0	500	1000	9500	0	20205	-1	-1	115	0	-1						-1
3051228	飞索海盗28	20205	39	2573	471	0	500	1000	9500	0	20205	-1	-1	115	0	-1						-1
3051229	飞索海盗29	20205	39	2594	480	0	500	1000	9500	0	20205	-1	-1	115	0	-1						-1
3051230	飞索海盗30	20205	39	2616	490	0	500	1000	9500	0	20205	-1	-1	115	0	-1						-1
3051301	海鸥海盗1	20206	39	1222	158	0	500	1000	9500	0	11111004	-1	-1	115	0	-1						-1
3051302	海鸥海盗2	20206	39	1248	165	0	500	1000	9500	0	11111004	-1	-1	115	0	-1						-1
3051303	海鸥海盗3	20206	39	1275	172	0	500	1000	9500	0	11111004	-1	-1	115	0	-1						-1
3051304	海鸥海盗4	20206	39	1301	179	0	500	1000	9500	0	11111004	-1	-1	115	0	-1						-1
3051305	海鸥海盗5	20206	39	1327	186	0	500	1000	9500	0	11111004	-1	-1	115	0	-1						-1
3051306	海鸥海盗6	20206	39	1353	194	0	500	1000	9500	0	11111004	-1	-1	115	0	-1						-1
3051307	海鸥海盗7	20206	39	1380	201	0	500	1000	9500	0	11111004	-1	-1	115	0	-1						-1
3051308	海鸥海盗8	20206	39	1406	208	0	500	1000	9500	0	11111004	-1	-1	115	0	-1						-1
3051309	海鸥海盗9	20206	39	1431	215	0	500	1000	9500	0	11111004	-1	-1	115	0	-1						-1
3051310	海鸥海盗10	20206	39	1458	222	0	500	1000	9500	0	11111004	-1	-1	115	0	-1						-1
3051311	海鸥海盗11	20206	39	1485	230	0	500	1000	9500	0	11111004	-1	-1	115	0	-1						-1
3051312	海鸥海盗12	20206	39	1512	237	0	500	1000	9500	0	11111004	-1	-1	115	0	-1						-1
3051313	海鸥海盗13	20206	39	1538	244	0	500	1000	9500	0	11111004	-1	-1	115	0	-1						-1
3051314	海鸥海盗14	20206	39	1564	251	0	500	1000	9500	0	11111004	-1	-1	115	0	-1						-1
3051315	海鸥海盗15	20206	39	1590	258	0	500	1000	9500	0	11111004	-1	-1	115	0	-1						-1
3051316	海鸥海盗16	20206	39	1616	266	0	500	1000	9500	0	11111004	-1	-1	115	0	-1						-1
3051317	海鸥海盗17	20206	39	1642	273	0	500	1000	9500	0	11111004	-1	-1	115	0	-1						-1
3051318	海鸥海盗18	20206	39	1668	280	0	500	1000	9500	0	11111004	-1	-1	115	0	-1						-1
3051319	海鸥海盗19	20206	39	1695	287	0	500	1000	9500	0	11111004	-1	-1	115	0	-1						-1
3051320	海鸥海盗20	20206	39	1721	294	0	500	1000	9500	0	11111004	-1	-1	115	0	-1						-1
3051321	海鸥海盗21	20206	39	1748	302	0	500	1000	9500	0	11111004	-1	-1	115	0	-1						-1
3051322	海鸥海盗22	20206	39	1774	309	0	500	1000	9500	0	11111004	-1	-1	115	0	-1						-1
3051323	海鸥海盗23	20206	39	1800	316	0	500	1000	9500	0	11111004	-1	-1	115	0	-1						-1
3051324	海鸥海盗24	20206	39	1827	323	0	500	1000	9500	0	11111004	-1	-1	115	0	-1						-1
3051325	海鸥海盗25	20206	39	1853	330	0	500	1000	9500	0	11111004	-1	-1	115	0	-1						-1
3051326	海鸥海盗26	20206	39	1879	338	0	500	1000	9500	0	11111004	-1	-1	115	0	-1						-1
3051327	海鸥海盗27	20206	39	1905	345	0	500	1000	9500	0	11111004	-1	-1	115	0	-1						-1
3051328	海鸥海盗28	20206	39	1932	352	0	500	1000	9500	0	11111004	-1	-1	115	0	-1						-1
3051329	海鸥海盗29	20206	39	1957	359	0	500	1000	9500	0	11111004	-1	-1	115	0	-1						-1
3051330	海鸥海盗30	20206	39	1986	366	0	500	1000	9500	0	11111004	-1	-1	115	0	-1						-1
3051401	火炬武师1	20610	39	1222	136	0	500	1000	9500	0	11111008	-1	-1	115	0	-1						-1
3051402	火炬武师2	20610	39	1248	136	0	500	1000	9500	0	11111008	-1	-1	115	0	-1						-1
3051403	火炬武师3	20610	39	1273	137	0	500	1000	9500	0	11111008	-1	-1	115	0	-1						-1
3051404	火炬武师4	20610	39	1299	138	0	500	1000	9500	0	11111008	-1	-1	115	0	-1						-1
3051405	火炬武师5	20610	39	1324	138	0	500	1000	9500	0	11111008	-1	-1	115	0	-1						-1
3051406	火炬武师6	20610	39	1351	139	0	500	1000	9500	0	11111008	-1	-1	115	0	-1						-1
3051407	火炬武师7	20610	39	1377	140	0	500	1000	9500	0	11111008	-1	-1	115	0	-1						-1
3051408	火炬武师8	20610	39	1402	140	0	500	1000	9500	0	11111008	-1	-1	115	0	-1						-1
3051409	火炬武师9	20610	39	1428	141	0	500	1000	9500	0	11111008	-1	-1	115	0	-1						-1
3051410	火炬武师10	20610	39	1454	142	0	500	1000	9500	0	11111008	-1	-1	115	0	-1						-1
3051411	火炬武师11	20610	39	1481	143	0	500	1000	9500	0	11111008	-1	-1	115	0	-1						-1
3051412	火炬武师12	20610	39	1505	143	0	500	1000	9500	0	11111008	-1	-1	115	0	-1						-1
3051413	火炬武师13	20610	39	1532	144	0	500	1000	9500	0	11111008	-1	-1	115	0	-1						-1
3051414	火炬武师14	20610	39	1558	145	0	500	1000	9500	0	11111008	-1	-1	115	0	-1						-1
3051415	火炬武师15	20610	39	1583	145	0	500	1000	9500	0	11111008	-1	-1	115	0	-1						-1
3051416	火炬武师16	20610	39	1609	146	0	500	1000	9500	0	11111008	-1	-1	115	0	-1						-1
3051417	火炬武师17	20610	39	1634	147	0	500	1000	9500	0	11111008	-1	-1	115	0	-1						-1
3051418	火炬武师18	20610	39	1660	147	0	500	1000	9500	0	11111008	-1	-1	115	0	-1						-1
3051419	火炬武师19	20610	39	1686	148	0	500	1000	9500	0	11111008	-1	-1	115	0	-1						-1
3051420	火炬武师20	20610	39	1712	149	0	500	1000	9500	0	11111008	-1	-1	115	0	-1						-1
3051421	火炬武师21	20610	39	1738	150	0	500	1000	9500	0	11111008	-1	-1	115	0	-1						-1
3051422	火炬武师22	20610	39	1763	150	0	500	1000	9500	0	11111008	-1	-1	115	0	-1						-1
3051423	火炬武师23	20610	39	1789	151	0	500	1000	9500	0	11111008	-1	-1	115	0	-1						-1
3051424	火炬武师24	20610	39	1816	152	0	500	1000	9500	0	11111008	-1	-1	115	0	-1						-1
3051425	火炬武师25	20610	39	1840	152	0	500	1000	9500	0	11111008	-1	-1	115	0	-1						-1
3051426	火炬武师26	20610	39	1867	153	0	500	1000	9500	0	11111008	-1	-1	115	0	-1						-1
3051427	火炬武师27	20610	39	1893	154	0	500	1000	9500	0	11111008	-1	-1	115	0	-1						-1
3051428	火炬武师28	20610	39	1918	154	0	500	1000	9500	0	11111008	-1	-1	115	0	-1						-1
3051429	火炬武师29	20610	39	1944	155	0	500	1000	9500	0	11111008	-1	-1	115	0	-1						-1
3051430	火炬武师30	20610	39	1971	156	0	500	1000	9500	0	11111008	-1	-1	115	0	-1						-1
3061501	牛仔僵尸1	20301	47	2672	378	0	500	1000	9500	0	20301	-1	-1	115	0	-1						-1
3061502	牛仔僵尸2	20301	47	2709	401	0	500	1000	9500	0	20301	-1	-1	115	0	-1						-1
3061503	牛仔僵尸3	20301	47	2745	424	0	500	1000	9500	0	20301	-1	-1	115	0	-1						-1
3061504	牛仔僵尸4	20301	47	2782	448	0	500	1000	9500	0	20301	-1	-1	115	0	-1						-1
3061505	牛仔僵尸5	20301	47	2819	471	0	500	1000	9500	0	20301	-1	-1	115	0	-1						-1
3061506	牛仔僵尸6	20301	47	2855	495	0	500	1000	9500	0	20301	-1	-1	115	0	-1						-1
3061507	牛仔僵尸7	20301	47	2892	518	0	500	1000	9500	0	20301	-1	-1	115	0	-1						-1
3061508	牛仔僵尸8	20301	47	2928	541	0	500	1000	9500	0	20301	-1	-1	115	0	-1						-1
3061509	牛仔僵尸9	20301	47	2965	565	0	500	1000	9500	0	20301	-1	-1	115	0	-1						-1
3061510	牛仔僵尸10	20301	47	3002	588	0	500	1000	9500	0	20301	-1	-1	115	0	-1						-1
3061511	牛仔僵尸11	20301	47	3038	612	0	500	1000	9500	0	20301	-1	-1	115	0	-1						-1
3061512	牛仔僵尸12	20301	47	3075	635	0	500	1000	9500	0	20301	-1	-1	115	0	-1						-1
3061513	牛仔僵尸13	20301	47	3111	658	0	500	1000	9500	0	20301	-1	-1	115	0	-1						-1
3061514	牛仔僵尸14	20301	47	3147	682	0	500	1000	9500	0	20301	-1	-1	115	0	-1						-1
3061515	牛仔僵尸15	20301	47	3184	705	0	500	1000	9500	0	20301	-1	-1	115	0	-1						-1
3061516	牛仔僵尸16	20301	47	3220	729	0	500	1000	9500	0	20301	-1	-1	115	0	-1						-1
3061517	牛仔僵尸17	20301	47	3257	752	0	500	1000	9500	0	20301	-1	-1	115	0	-1						-1
3061518	牛仔僵尸18	20301	47	3294	775	0	500	1000	9500	0	20301	-1	-1	115	0	-1						-1
3061519	牛仔僵尸19	20301	47	3330	799	0	500	1000	9500	0	20301	-1	-1	115	0	-1						-1
3061520	牛仔僵尸20	20301	47	3367	822	0	500	1000	9500	0	20301	-1	-1	115	0	-1						-1
3061521	牛仔僵尸21	20301	47	3403	846	0	500	1000	9500	0	20301	-1	-1	115	0	-1						-1
3061522	牛仔僵尸22	20301	47	3440	869	0	500	1000	9500	0	20301	-1	-1	115	0	-1						-1
3061523	牛仔僵尸23	20301	47	3477	892	0	500	1000	9500	0	20301	-1	-1	115	0	-1						-1
3061524	牛仔僵尸24	20301	47	3513	916	0	500	1000	9500	0	20301	-1	-1	115	0	-1						-1
3061525	牛仔僵尸25	20301	47	3549	939	0	500	1000	9500	0	20301	-1	-1	115	0	-1						-1
3061526	牛仔僵尸26	20301	47	3586	963	0	500	1000	9500	0	20301	-1	-1	115	0	-1						-1
3061527	牛仔僵尸27	20301	47	3622	986	0	500	1000	9500	0	20301	-1	-1	115	0	-1						-1
3061528	牛仔僵尸28	20301	47	3659	1009	0	500	1000	9500	0	20301	-1	-1	115	0	-1						-1
3061529	牛仔僵尸29	20301	47	3695	1033	0	500	1000	9500	0	20301	-1	-1	115	0	-1						-1
3061530	牛仔僵尸30	20301	47	3734	1056	0	500	1000	9500	0	20301	-1	-1	115	0	-1						-1
3061601	路障牛仔1	20302	47	4354	434	0	500	1000	9500	0	20302	-1	-1	115	0	-1						-1
3061602	路障牛仔2	20302	47	4413	460	0	500	1000	9500	0	20302	-1	-1	115	0	-1						-1
3061603	路障牛仔3	20302	47	4472	487	0	500	1000	9500	0	20302	-1	-1	115	0	-1						-1
3061604	路障牛仔4	20302	47	4531	514	0	500	1000	9500	0	20302	-1	-1	115	0	-1						-1
3061605	路障牛仔5	20302	47	4591	541	0	500	1000	9500	0	20302	-1	-1	115	0	-1						-1
3061606	路障牛仔6	20302	47	4650	568	0	500	1000	9500	0	20302	-1	-1	115	0	-1						-1
3061607	路障牛仔7	20302	47	4709	594	0	500	1000	9500	0	20302	-1	-1	115	0	-1						-1
3061608	路障牛仔8	20302	47	4770	621	0	500	1000	9500	0	20302	-1	-1	115	0	-1						-1
3061609	路障牛仔9	20302	47	4829	648	0	500	1000	9500	0	20302	-1	-1	115	0	-1						-1
3061610	路障牛仔10	20302	47	4888	675	0	500	1000	9500	0	20302	-1	-1	115	0	-1						-1
3061611	路障牛仔11	20302	47	4949	702	0	500	1000	9500	0	20302	-1	-1	115	0	-1						-1
3061612	路障牛仔12	20302	47	5009	728	0	500	1000	9500	0	20302	-1	-1	115	0	-1						-1
3061613	路障牛仔13	20302	47	5068	755	0	500	1000	9500	0	20302	-1	-1	115	0	-1						-1
3061614	路障牛仔14	20302	47	5127	782	0	500	1000	9500	0	20302	-1	-1	115	0	-1						-1
3061615	路障牛仔15	20302	47	5187	809	0	500	1000	9500	0	20302	-1	-1	115	0	-1						-1
3061616	路障牛仔16	20302	47	5247	836	0	500	1000	9500	0	20302	-1	-1	115	0	-1						-1
3061617	路障牛仔17	20302	47	5306	862	0	500	1000	9500	0	20302	-1	-1	115	0	-1						-1
3061618	路障牛仔18	20302	47	5366	889	0	500	1000	9500	0	20302	-1	-1	115	0	-1						-1
3061619	路障牛仔19	20302	47	5425	916	0	500	1000	9500	0	20302	-1	-1	115	0	-1						-1
3061620	路障牛仔20	20302	47	5484	943	0	500	1000	9500	0	20302	-1	-1	115	0	-1						-1
3061621	路障牛仔21	20302	47	5545	970	0	500	1000	9500	0	20302	-1	-1	115	0	-1						-1
3061622	路障牛仔22	20302	47	5604	996	0	500	1000	9500	0	20302	-1	-1	115	0	-1						-1
3061623	路障牛仔23	20302	47	5663	1023	0	500	1000	9500	0	20302	-1	-1	115	0	-1						-1
3061624	路障牛仔24	20302	47	5723	1050	0	500	1000	9500	0	20302	-1	-1	115	0	-1						-1
3061625	路障牛仔25	20302	47	5783	1077	0	500	1000	9500	0	20302	-1	-1	115	0	-1						-1
3061626	路障牛仔26	20302	47	5843	1104	0	500	1000	9500	0	20302	-1	-1	115	0	-1						-1
3061627	路障牛仔27	20302	47	5902	1130	0	500	1000	9500	0	20302	-1	-1	115	0	-1						-1
3061628	路障牛仔28	20302	47	5962	1157	0	500	1000	9500	0	20302	-1	-1	115	0	-1						-1
3061629	路障牛仔29	20302	47	6021	1184	0	500	1000	9500	0	20302	-1	-1	115	0	-1						-1
3061630	路障牛仔30	20302	47	6080	1212	0	500	1000	9500	0	20302	-1	-1	115	0	-1						-1
3061701	铁桶牛仔1	20303	47	5363	426	0	500	1000	9500	0	20303	-1	-1	115	0	-1			7024201			-1
3061702	铁桶牛仔2	20303	47	5435	452	0	500	1000	9500	0	20303	-1	-1	115	0	-1			7024201			-1
3061703	铁桶牛仔3	20303	47	5508	478	0	500	1000	9500	0	20303	-1	-1	115	0	-1			7024201			-1
3061704	铁桶牛仔4	20303	47	5581	505	0	500	1000	9500	0	20303	-1	-1	115	0	-1			7024201			-1
3061705	铁桶牛仔5	20303	47	5655	531	0	500	1000	9500	0	20303	-1	-1	115	0	-1			7024201			-1
3061706	铁桶牛仔6	20303	47	5729	558	0	500	1000	9500	0	20303	-1	-1	115	0	-1			7024201			-1
3061707	铁桶牛仔7	20303	47	5802	584	0	500	1000	9500	0	20303	-1	-1	115	0	-1			7024201			-1
3061708	铁桶牛仔8	20303	47	5875	610	0	500	1000	9500	0	20303	-1	-1	115	0	-1			7024201			-1
3061709	铁桶牛仔9	20303	47	5948	637	0	500	1000	9500	0	20303	-1	-1	115	0	-1			7024201			-1
3061710	铁桶牛仔10	20303	47	6021	663	0	500	1000	9500	0	20303	-1	-1	115	0	-1			7024201			-1
3061711	铁桶牛仔11	20303	47	6096	690	0	500	1000	9500	0	20303	-1	-1	115	0	-1			7024201			-1
3061712	铁桶牛仔12	20303	47	6168	716	0	500	1000	9500	0	20303	-1	-1	115	0	-1			7024201			-1
3061713	铁桶牛仔13	20303	47	6242	742	0	500	1000	9500	0	20303	-1	-1	115	0	-1			7024201			-1
3061714	铁桶牛仔14	20303	47	6315	769	0	500	1000	9500	0	20303	-1	-1	115	0	-1			7024201			-1
3061715	铁桶牛仔15	20303	47	6388	795	0	500	1000	9500	0	20303	-1	-1	115	0	-1			7024201			-1
3061716	铁桶牛仔16	20303	47	6462	822	0	500	1000	9500	0	20303	-1	-1	115	0	-1			7024201			-1
3061717	铁桶牛仔17	20303	47	6535	848	0	500	1000	9500	0	20303	-1	-1	115	0	-1			7024201			-1
3061718	铁桶牛仔18	20303	47	6608	874	0	500	1000	9500	0	20303	-1	-1	115	0	-1			7024201			-1
3061719	铁桶牛仔19	20303	47	6681	901	0	500	1000	9500	0	20303	-1	-1	115	0	-1			7024201			-1
3061720	铁桶牛仔20	20303	47	6755	927	0	500	1000	9500	0	20303	-1	-1	115	0	-1			7024201			-1
3061721	铁桶牛仔21	20303	47	6828	954	0	500	1000	9500	0	20303	-1	-1	115	0	-1			7024201			-1
3061722	铁桶牛仔22	20303	47	6902	980	0	500	1000	9500	0	20303	-1	-1	115	0	-1			7024201			-1
3061723	铁桶牛仔23	20303	47	6975	1006	0	500	1000	9500	0	20303	-1	-1	115	0	-1			7024201			-1
3061724	铁桶牛仔24	20303	47	7048	1033	0	500	1000	9500	0	20303	-1	-1	115	0	-1			7024201			-1
3061725	铁桶牛仔25	20303	47	7121	1059	0	500	1000	9500	0	20303	-1	-1	115	0	-1			7024201			-1
3061726	铁桶牛仔26	20303	47	7195	1086	0	500	1000	9500	0	20303	-1	-1	115	0	-1			7024201			-1
3061727	铁桶牛仔27	20303	47	7268	1112	0	500	1000	9500	0	20303	-1	-1	115	0	-1			7024201			-1
3061728	铁桶牛仔28	20303	47	7342	1138	0	500	1000	9500	0	20303	-1	-1	115	0	-1			7024201			-1
3061729	铁桶牛仔29	20303	47	7415	1165	0	500	1000	9500	0	20303	-1	-1	115	0	-1			7024201			-1
3061730	铁桶牛仔30	20303	47	7489	1192	0	500	1000	9500	0	20303	-1	-1	115	0	-1			7024201			-1
3061801	淘金僵尸1	20305	47	3257	490	0	500	1000	9500	0	20305	-1	-1	115	0	-1			2073601	17214		-1
3061802	淘金僵尸2	20305	47	3301	520	0	500	1000	9500	0	20305	-1	-1	115	0	-1			2073601	17214		-1
3061803	淘金僵尸3	20305	47	3345	550	0	500	1000	9500	0	20305	-1	-1	115	0	-1			2073601	17214		-1
3061804	淘金僵尸4	20305	47	3391	581	0	500	1000	9500	0	20305	-1	-1	115	0	-1			2073601	17214		-1
3061805	淘金僵尸5	20305	47	3435	611	0	500	1000	9500	0	20305	-1	-1	115	0	-1			2073601	17214		-1
3061806	淘金僵尸6	20305	47	3480	642	0	500	1000	9500	0	20305	-1	-1	115	0	-1			2073601	17214		-1
3061807	淘金僵尸7	20305	47	3525	672	0	500	1000	9500	0	20305	-1	-1	115	0	-1			2073601	17214		-1
3061808	淘金僵尸8	20305	47	3568	702	0	500	1000	9500	0	20305	-1	-1	115	0	-1			2073601	17214		-1
3061809	淘金僵尸9	20305	47	3614	733	0	500	1000	9500	0	20305	-1	-1	115	0	-1			2073601	17214		-1
3061810	淘金僵尸10	20305	47	3657	763	0	500	1000	9500	0	20305	-1	-1	115	0	-1			2073601	17214		-1
3061811	淘金僵尸11	20305	47	3703	794	0	500	1000	9500	0	20305	-1	-1	115	0	-1			2073601	17214		-1
3061812	淘金僵尸12	20305	47	3747	824	0	500	1000	9500	0	20305	-1	-1	115	0	-1			2073601	17214		-1
3061813	淘金僵尸13	20305	47	3791	854	0	500	1000	9500	0	20305	-1	-1	115	0	-1			2073601	17214		-1
3061814	淘金僵尸14	20305	47	3837	885	0	500	1000	9500	0	20305	-1	-1	115	0	-1			2073601	17214		-1
3061815	淘金僵尸15	20305	47	3880	915	0	500	1000	9500	0	20305	-1	-1	115	0	-1			2073601	17214		-1
3061816	淘金僵尸16	20305	47	3926	946	0	500	1000	9500	0	20305	-1	-1	115	0	-1			2073601	17214		-1
3061817	淘金僵尸17	20305	47	3970	976	0	500	1000	9500	0	20305	-1	-1	115	0	-1			2073601	17214		-1
3061818	淘金僵尸18	20305	47	4014	1006	0	500	1000	9500	0	20305	-1	-1	115	0	-1			2073601	17214		-1
3061819	淘金僵尸19	20305	47	4060	1037	0	500	1000	9500	0	20305	-1	-1	115	0	-1			2073601	17214		-1
3061820	淘金僵尸20	20305	47	4104	1067	0	500	1000	9500	0	20305	-1	-1	115	0	-1			2073601	17214		-1
3061821	淘金僵尸21	20305	47	4149	1098	0	500	1000	9500	0	20305	-1	-1	115	0	-1			2073601	17214		-1
3061822	淘金僵尸22	20305	47	4193	1128	0	500	1000	9500	0	20305	-1	-1	115	0	-1			2073601	17214		-1
3061823	淘金僵尸23	20305	47	4237	1158	0	500	1000	9500	0	20305	-1	-1	115	0	-1			2073601	17214		-1
3061824	淘金僵尸24	20305	47	4282	1189	0	500	1000	9500	0	20305	-1	-1	115	0	-1			2073601	17214		-1
3061825	淘金僵尸25	20305	47	4327	1219	0	500	1000	9500	0	20305	-1	-1	115	0	-1			2073601	17214		-1
3061826	淘金僵尸26	20305	47	4372	1250	0	500	1000	9500	0	20305	-1	-1	115	0	-1			2073601	17214		-1
3061827	淘金僵尸27	20305	47	4416	1280	0	500	1000	9500	0	20305	-1	-1	115	0	-1			2073601	17214		-1
3061828	淘金僵尸28	20305	47	4460	1310	0	500	1000	9500	0	20305	-1	-1	115	0	-1			2073601	17214		-1
3061829	淘金僵尸29	20305	47	4505	1341	0	500	1000	9500	0	20305	-1	-1	115	0	-1			2073601	17214		-1
3061830	淘金僵尸30	20305	47	4550	1372	0	500	1000	9500	0	20305	-1	-1	115	0	-1			2073601	17214		-1
3061901	钢琴僵尸1	20306	47	1994	154	0	500	1000	9500	0	11111007	-1	-1	115	0	-1						-1
3061902	钢琴僵尸2	20306	47	2020	156	0	500	1000	9500	0	11111007	-1	-1	115	0	-1						-1
3061903	钢琴僵尸3	20306	47	2048	158	0	500	1000	9500	0	11111007	-1	-1	115	0	-1						-1
3061904	钢琴僵尸4	20306	47	2075	160	0	500	1000	9500	0	11111007	-1	-1	115	0	-1						-1
3061905	钢琴僵尸5	20306	47	2102	163	0	500	1000	9500	0	11111007	-1	-1	115	0	-1						-1
3061906	钢琴僵尸6	20306	47	2130	165	0	500	1000	9500	0	11111007	-1	-1	115	0	-1						-1
3061907	钢琴僵尸7	20306	47	2157	167	0	500	1000	9500	0	11111007	-1	-1	115	0	-1						-1
3061908	钢琴僵尸8	20306	47	2184	170	0	500	1000	9500	0	11111007	-1	-1	115	0	-1						-1
3061909	钢琴僵尸9	20306	47	2211	172	0	500	1000	9500	0	11111007	-1	-1	115	0	-1						-1
3061910	钢琴僵尸10	20306	47	2240	174	0	500	1000	9500	0	11111007	-1	-1	115	0	-1						-1
3061911	钢琴僵尸11	20306	47	2267	177	0	500	1000	9500	0	11111007	-1	-1	115	0	-1						-1
3061912	钢琴僵尸12	20306	47	2294	179	0	500	1000	9500	0	11111007	-1	-1	115	0	-1						-1
3061913	钢琴僵尸13	20306	47	2321	181	0	500	1000	9500	0	11111007	-1	-1	115	0	-1						-1
3061914	钢琴僵尸14	20306	47	2348	183	0	500	1000	9500	0	11111007	-1	-1	115	0	-1						-1
3061915	钢琴僵尸15	20306	47	2375	186	0	500	1000	9500	0	11111007	-1	-1	115	0	-1						-1
3061916	钢琴僵尸16	20306	47	2403	188	0	500	1000	9500	0	11111007	-1	-1	115	0	-1						-1
3061917	钢琴僵尸17	20306	47	2431	190	0	500	1000	9500	0	11111007	-1	-1	115	0	-1						-1
3061918	钢琴僵尸18	20306	47	2457	193	0	500	1000	9500	0	11111007	-1	-1	115	0	-1						-1
3061919	钢琴僵尸19	20306	47	2485	195	0	500	1000	9500	0	11111007	-1	-1	115	0	-1						-1
3061920	钢琴僵尸20	20306	47	2512	197	0	500	1000	9500	0	11111007	-1	-1	115	0	-1						-1
3061921	钢琴僵尸21	20306	47	2540	200	0	500	1000	9500	0	11111007	-1	-1	115	0	-1						-1
3061922	钢琴僵尸22	20306	47	2567	202	0	500	1000	9500	0	11111007	-1	-1	115	0	-1						-1
3061923	钢琴僵尸23	20306	47	2594	204	0	500	1000	9500	0	11111007	-1	-1	115	0	-1						-1
3061924	钢琴僵尸24	20306	47	2622	206	0	500	1000	9500	0	11111007	-1	-1	115	0	-1						-1
3061925	钢琴僵尸25	20306	47	2648	209	0	500	1000	9500	0	11111007	-1	-1	115	0	-1						-1
3061926	钢琴僵尸26	20306	47	2676	211	0	500	1000	9500	0	11111007	-1	-1	115	0	-1						-1
3061927	钢琴僵尸27	20306	47	2704	213	0	500	1000	9500	0	11111007	-1	-1	115	0	-1						-1
3061928	钢琴僵尸28	20306	47	2731	216	0	500	1000	9500	0	11111007	-1	-1	115	0	-1						-1
3061929	钢琴僵尸29	20306	47	2758	218	0	500	1000	9500	0	11111007	-1	-1	115	0	-1						-1
3061930	钢琴僵尸30	20306	47	2785	221	0	500	1000	9500	0	11111007	-1	-1	115	0	-1						-1
3072001	普通武师1	20601	55	3769	528	0	500	1000	9500	0	20601	-1	-1	115	0	-1						-1
3072002	普通武师2	20601	55	3852	539	0	500	1000	9500	0	20601	-1	-1	115	0	-1						-1
3072003	普通武师3	20601	55	3935	551	0	500	1000	9500	0	20601	-1	-1	115	0	-1						-1
3072004	普通武师4	20601	55	4018	562	0	500	1000	9500	0	20601	-1	-1	115	0	-1						-1
3072005	普通武师5	20601	55	4102	574	0	500	1000	9500	0	20601	-1	-1	115	0	-1						-1
3072006	普通武师6	20601	55	4186	586	0	500	1000	9500	0	20601	-1	-1	115	0	-1						-1
3072007	普通武师7	20601	55	4268	597	0	500	1000	9500	0	20601	-1	-1	115	0	-1						-1
3072008	普通武师8	20601	55	4353	609	0	500	1000	9500	0	20601	-1	-1	115	0	-1						-1
3072009	普通武师9	20601	55	4435	620	0	500	1000	9500	0	20601	-1	-1	115	0	-1						-1
3072010	普通武师10	20601	55	4519	632	0	500	1000	9500	0	20601	-1	-1	115	0	-1						-1
3072011	普通武师11	20601	55	4603	644	0	500	1000	9500	0	20601	-1	-1	115	0	-1						-1
3072012	普通武师12	20601	55	4686	655	0	500	1000	9500	0	20601	-1	-1	115	0	-1						-1
3072013	普通武师13	20601	55	4769	667	0	500	1000	9500	0	20601	-1	-1	115	0	-1						-1
3072014	普通武师14	20601	55	4852	678	0	500	1000	9500	0	20601	-1	-1	115	0	-1						-1
3072015	普通武师15	20601	55	4936	690	0	500	1000	9500	0	20601	-1	-1	115	0	-1						-1
3072016	普通武师16	20601	55	5021	702	0	500	1000	9500	0	20601	-1	-1	115	0	-1						-1
3072017	普通武师17	20601	55	5103	713	0	500	1000	9500	0	20601	-1	-1	115	0	-1						-1
3072018	普通武师18	20601	55	5187	725	0	500	1000	9500	0	20601	-1	-1	115	0	-1						-1
3072019	普通武师19	20601	55	5269	736	0	500	1000	9500	0	20601	-1	-1	115	0	-1						-1
3072020	普通武师20	20601	55	5354	748	0	500	1000	9500	0	20601	-1	-1	115	0	-1						-1
3072021	普通武师21	20601	55	5437	760	0	500	1000	9500	0	20601	-1	-1	115	0	-1						-1
3072022	普通武师22	20601	55	5520	771	0	500	1000	9500	0	20601	-1	-1	115	0	-1						-1
3072023	普通武师23	20601	55	5604	783	0	500	1000	9500	0	20601	-1	-1	115	0	-1						-1
3072024	普通武师24	20601	55	5687	794	0	500	1000	9500	0	20601	-1	-1	115	0	-1						-1
3072025	普通武师25	20601	55	5770	806	0	500	1000	9500	0	20601	-1	-1	115	0	-1						-1
3072026	普通武师26	20601	55	5855	818	0	500	1000	9500	0	20601	-1	-1	115	0	-1						-1
3072027	普通武师27	20601	55	5937	829	0	500	1000	9500	0	20601	-1	-1	115	0	-1						-1
3072028	普通武师28	20601	55	6021	841	0	500	1000	9500	0	20601	-1	-1	115	0	-1						-1
3072029	普通武师29	20601	55	6104	852	0	500	1000	9500	0	20601	-1	-1	115	0	-1						-1
3072030	普通武师30	20601	55	6189	864	0	500	1000	9500	0	20601	-1	-1	115	0	-1						-1
3072101	路障武师1	20602	55	6138	606	0	500	1000	9500	0	20602	-1	-1	115	0	-1						-1
3072102	路障武师2	20602	55	6273	619	0	500	1000	9500	0	20602	-1	-1	115	0	-1						-1
3072103	路障武师3	20602	55	6409	632	0	500	1000	9500	0	20602	-1	-1	115	0	-1						-1
3072104	路障武师4	20602	55	6545	645	0	500	1000	9500	0	20602	-1	-1	115	0	-1						-1
3072105	路障武师5	20602	55	6681	659	0	500	1000	9500	0	20602	-1	-1	115	0	-1						-1
3072106	路障武师6	20602	55	6817	672	0	500	1000	9500	0	20602	-1	-1	115	0	-1						-1
3072107	路障武师7	20602	55	6954	685	0	500	1000	9500	0	20602	-1	-1	115	0	-1						-1
3072108	路障武师8	20602	55	7090	699	0	500	1000	9500	0	20602	-1	-1	115	0	-1						-1
3072109	路障武师9	20602	55	7225	712	0	500	1000	9500	0	20602	-1	-1	115	0	-1						-1
3072110	路障武师10	20602	55	7362	725	0	500	1000	9500	0	20602	-1	-1	115	0	-1						-1
3072111	路障武师11	20602	55	7498	739	0	500	1000	9500	0	20602	-1	-1	115	0	-1						-1
3072112	路障武师12	20602	55	7632	752	0	500	1000	9500	0	20602	-1	-1	115	0	-1						-1
3072113	路障武师13	20602	55	7769	765	0	500	1000	9500	0	20602	-1	-1	115	0	-1						-1
3072114	路障武师14	20602	55	7904	778	0	500	1000	9500	0	20602	-1	-1	115	0	-1						-1
3072115	路障武师15	20602	55	8041	792	0	500	1000	9500	0	20602	-1	-1	115	0	-1						-1
3072116	路障武师16	20602	55	8177	805	0	500	1000	9500	0	20602	-1	-1	115	0	-1						-1
3072117	路障武师17	20602	55	8313	818	0	500	1000	9500	0	20602	-1	-1	115	0	-1						-1
3072118	路障武师18	20602	55	8449	832	0	500	1000	9500	0	20602	-1	-1	115	0	-1						-1
3072119	路障武师19	20602	55	8585	845	0	500	1000	9500	0	20602	-1	-1	115	0	-1						-1
3072120	路障武师20	20602	55	8721	858	0	500	1000	9500	0	20602	-1	-1	115	0	-1						-1
3072121	路障武师21	20602	55	8857	872	0	500	1000	9500	0	20602	-1	-1	115	0	-1						-1
3072122	路障武师22	20602	55	8992	885	0	500	1000	9500	0	20602	-1	-1	115	0	-1						-1
3072123	路障武师23	20602	55	9128	898	0	500	1000	9500	0	20602	-1	-1	115	0	-1						-1
3072124	路障武师24	20602	55	9264	911	0	500	1000	9500	0	20602	-1	-1	115	0	-1						-1
3072125	路障武师25	20602	55	9400	925	0	500	1000	9500	0	20602	-1	-1	115	0	-1						-1
3072126	路障武师26	20602	55	9536	938	0	500	1000	9500	0	20602	-1	-1	115	0	-1						-1
3072127	路障武师27	20602	55	9673	951	0	500	1000	9500	0	20602	-1	-1	115	0	-1						-1
3072128	路障武师28	20602	55	9808	965	0	500	1000	9500	0	20602	-1	-1	115	0	-1						-1
3072129	路障武师29	20602	55	9945	978	0	500	1000	9500	0	20602	-1	-1	115	0	-1						-1
3072130	路障武师30	20602	55	10079	992	0	500	1000	9500	0	20602	-1	-1	115	0	-1						-1
3072201	铁桶武师1	20603	55	7560	596	0	500	1000	9500	0	20603	-1	-1	115	0	-1			2060148			-1
3072202	铁桶武师2	20603	55	7726	609	0	500	1000	9500	0	20603	-1	-1	115	0	-1			2060148			-1
3072203	铁桶武师3	20603	55	7895	622	0	500	1000	9500	0	20603	-1	-1	115	0	-1			2060148			-1
3072204	铁桶武师4	20603	55	8061	635	0	500	1000	9500	0	20603	-1	-1	115	0	-1			2060148			-1
3072205	铁桶武师5	20603	55	8229	648	0	500	1000	9500	0	20603	-1	-1	115	0	-1			2060148			-1
3072206	铁桶武师6	20603	55	8397	661	0	500	1000	9500	0	20603	-1	-1	115	0	-1			2060148			-1
3072207	铁桶武师7	20603	55	8564	674	0	500	1000	9500	0	20603	-1	-1	115	0	-1			2060148			-1
3072208	铁桶武师8	20603	55	8731	687	0	500	1000	9500	0	20603	-1	-1	115	0	-1			2060148			-1
3072209	铁桶武师9	20603	55	8898	700	0	500	1000	9500	0	20603	-1	-1	115	0	-1			2060148			-1
3072210	铁桶武师10	20603	55	9066	713	0	500	1000	9500	0	20603	-1	-1	115	0	-1			2060148			-1
3072211	铁桶武师11	20603	55	9234	727	0	500	1000	9500	0	20603	-1	-1	115	0	-1			2060148			-1
3072212	铁桶武师12	20603	55	9400	740	0	500	1000	9500	0	20603	-1	-1	115	0	-1			2060148			-1
3072213	铁桶武师13	20603	55	9568	753	0	500	1000	9500	0	20603	-1	-1	115	0	-1			2060148			-1
3072214	铁桶武师14	20603	55	9735	766	0	500	1000	9500	0	20603	-1	-1	115	0	-1			2060148			-1
3072215	铁桶武师15	20603	55	9903	779	0	500	1000	9500	0	20603	-1	-1	115	0	-1			2060148			-1
3072216	铁桶武师16	20603	55	10071	792	0	500	1000	9500	0	20603	-1	-1	115	0	-1			2060148			-1
3072217	铁桶武师17	20603	55	10237	805	0	500	1000	9500	0	20603	-1	-1	115	0	-1			2060148			-1
3072218	铁桶武师18	20603	55	10405	818	0	500	1000	9500	0	20603	-1	-1	115	0	-1			2060148			-1
3072219	铁桶武师19	20603	55	10572	831	0	500	1000	9500	0	20603	-1	-1	115	0	-1			2060148			-1
3072220	铁桶武师20	20603	55	10739	844	0	500	1000	9500	0	20603	-1	-1	115	0	-1			2060148			-1
3072221	铁桶武师21	20603	55	10907	858	0	500	1000	9500	0	20603	-1	-1	115	0	-1			2060148			-1
3072222	铁桶武师22	20603	55	11074	871	0	500	1000	9500	0	20603	-1	-1	115	0	-1			2060148			-1
3072223	铁桶武师23	20603	55	11242	884	0	500	1000	9500	0	20603	-1	-1	115	0	-1			2060148			-1
3072224	铁桶武师24	20603	55	11408	897	0	500	1000	9500	0	20603	-1	-1	115	0	-1			2060148			-1
3072225	铁桶武师25	20603	55	11577	910	0	500	1000	9500	0	20603	-1	-1	115	0	-1			2060148			-1
3072226	铁桶武师26	20603	55	11745	923	0	500	1000	9500	0	20603	-1	-1	115	0	-1			2060148			-1
3072227	铁桶武师27	20603	55	11911	936	0	500	1000	9500	0	20603	-1	-1	115	0	-1			2060148			-1
3072228	铁桶武师28	20603	55	12079	949	0	500	1000	9500	0	20603	-1	-1	115	0	-1			2060148			-1
3072229	铁桶武师29	20603	55	12245	962	0	500	1000	9500	0	20603	-1	-1	115	0	-1			2060148			-1
3072230	铁桶武师30	20603	55	12414	976	0	500	1000	9500	0	20603	-1	-1	115	0	-1			2060148			-1
3072301	铜锣僵尸1	20612	55	6613	596	0	500	1000	9500	0	20612	-1	-1	115	0	-1			2060148			-1
3072302	铜锣僵尸2	20612	55	6804	609	0	500	1000	9500	0	20612	-1	-1	115	0	-1			2060148			-1
3072303	铜锣僵尸3	20612	55	6998	622	0	500	1000	9500	0	20612	-1	-1	115	0	-1			2060148			-1
3072304	铜锣僵尸4	20612	55	7191	635	0	500	1000	9500	0	20612	-1	-1	115	0	-1			2060148			-1
3072305	铜锣僵尸5	20612	55	7383	648	0	500	1000	9500	0	20612	-1	-1	115	0	-1			2060148			-1
3072306	铜锣僵尸6	20612	55	7576	661	0	500	1000	9500	0	20612	-1	-1	115	0	-1			2060148			-1
3072307	铜锣僵尸7	20612	55	7770	674	0	500	1000	9500	0	20612	-1	-1	115	0	-1			2060148			-1
3072308	铜锣僵尸8	20612	55	7962	687	0	500	1000	9500	0	20612	-1	-1	115	0	-1			2060148			-1
3072309	铜锣僵尸9	20612	55	8156	700	0	500	1000	9500	0	20612	-1	-1	115	0	-1			2060148			-1
3072310	铜锣僵尸10	20612	55	8349	713	0	500	1000	9500	0	20612	-1	-1	115	0	-1			2060148			-1
3072311	铜锣僵尸11	20612	55	8541	727	0	500	1000	9500	0	20612	-1	-1	115	0	-1			2060148			-1
3072312	铜锣僵尸12	20612	55	8734	740	0	500	1000	9500	0	20612	-1	-1	115	0	-1			2060148			-1
3072313	铜锣僵尸13	20612	55	8927	753	0	500	1000	9500	0	20612	-1	-1	115	0	-1			2060148			-1
3072314	铜锣僵尸14	20612	55	9121	766	0	500	1000	9500	0	20612	-1	-1	115	0	-1			2060148			-1
3072315	铜锣僵尸15	20612	55	9312	779	0	500	1000	9500	0	20612	-1	-1	115	0	-1			2060148			-1
3072316	铜锣僵尸16	20612	55	9506	792	0	500	1000	9500	0	20612	-1	-1	115	0	-1			2060148			-1
3072317	铜锣僵尸17	20612	55	9699	805	0	500	1000	9500	0	20612	-1	-1	115	0	-1			2060148			-1
3072318	铜锣僵尸18	20612	55	9891	818	0	500	1000	9500	0	20612	-1	-1	115	0	-1			2060148			-1
3072319	铜锣僵尸19	20612	55	10084	831	0	500	1000	9500	0	20612	-1	-1	115	0	-1			2060148			-1
3072320	铜锣僵尸20	20612	55	10278	844	0	500	1000	9500	0	20612	-1	-1	115	0	-1			2060148			-1
3072321	铜锣僵尸21	20612	55	10471	858	0	500	1000	9500	0	20612	-1	-1	115	0	-1			2060148			-1
3072322	铜锣僵尸22	20612	55	10664	871	0	500	1000	9500	0	20612	-1	-1	115	0	-1			2060148			-1
3072323	铜锣僵尸23	20612	55	10857	884	0	500	1000	9500	0	20612	-1	-1	115	0	-1			2060148			-1
3072324	铜锣僵尸24	20612	55	11049	897	0	500	1000	9500	0	20612	-1	-1	115	0	-1			2060148			-1
3072325	铜锣僵尸25	20612	55	11242	910	0	500	1000	9500	0	20612	-1	-1	115	0	-1			2060148			-1
3072326	铜锣僵尸26	20612	55	11435	923	0	500	1000	9500	0	20612	-1	-1	115	0	-1			2060148			-1
3072327	铜锣僵尸27	20612	55	11629	936	0	500	1000	9500	0	20612	-1	-1	115	0	-1			2060148			-1
3072328	铜锣僵尸28	20612	55	11820	949	0	500	1000	9500	0	20612	-1	-1	115	0	-1			2060148			-1
3072329	铜锣僵尸29	20612	55	12014	962	0	500	1000	9500	0	20612	-1	-1	115	0	-1			2060148			-1
3072330	铜锣僵尸30	20612	55	12209	976	0	500	1000	9500	0	20612	-1	-1	115	0	-1			2060148			-1
3072401	大锤武师1	20607	55	4593	686	0	500	1000	9500	0	20607	-1	-1	115	0	-1						-1
3072402	大锤武师2	20607	55	4694	701	0	500	1000	9500	0	20607	-1	-1	115	0	-1						-1
3072403	大锤武师3	20607	55	4797	716	0	500	1000	9500	0	20607	-1	-1	115	0	-1						-1
3072404	大锤武师4	20607	55	4898	731	0	500	1000	9500	0	20607	-1	-1	115	0	-1						-1
3072405	大锤武师5	20607	55	5000	746	0	500	1000	9500	0	20607	-1	-1	115	0	-1						-1
3072406	大锤武师6	20607	55	5101	761	0	500	1000	9500	0	20607	-1	-1	115	0	-1						-1
3072407	大锤武师7	20607	55	5204	776	0	500	1000	9500	0	20607	-1	-1	115	0	-1						-1
3072408	大锤武师8	20607	55	5305	791	0	500	1000	9500	0	20607	-1	-1	115	0	-1						-1
3072409	大锤武师9	20607	55	5406	806	0	500	1000	9500	0	20607	-1	-1	115	0	-1						-1
3072410	大锤武师10	20607	55	5509	821	0	500	1000	9500	0	20607	-1	-1	115	0	-1						-1
3072411	大锤武师11	20607	55	5610	836	0	500	1000	9500	0	20607	-1	-1	115	0	-1						-1
3072412	大锤武师12	20607	55	5712	851	0	500	1000	9500	0	20607	-1	-1	115	0	-1						-1
3072413	大锤武师13	20607	55	5814	866	0	500	1000	9500	0	20607	-1	-1	115	0	-1						-1
3072414	大锤武师14	20607	55	5916	881	0	500	1000	9500	0	20607	-1	-1	115	0	-1						-1
3072415	大锤武师15	20607	55	6017	896	0	500	1000	9500	0	20607	-1	-1	115	0	-1						-1
3072416	大锤武师16	20607	55	6119	911	0	500	1000	9500	0	20607	-1	-1	115	0	-1						-1
3072417	大锤武师17	20607	55	6221	926	0	500	1000	9500	0	20607	-1	-1	115	0	-1						-1
3072418	大锤武师18	20607	55	6322	941	0	500	1000	9500	0	20607	-1	-1	115	0	-1						-1
3072419	大锤武师19	20607	55	6424	956	0	500	1000	9500	0	20607	-1	-1	115	0	-1						-1
3072420	大锤武师20	20607	55	6526	971	0	500	1000	9500	0	20607	-1	-1	115	0	-1						-1
3072421	大锤武师21	20607	55	6628	986	0	500	1000	9500	0	20607	-1	-1	115	0	-1						-1
3072422	大锤武师22	20607	55	6729	1001	0	500	1000	9500	0	20607	-1	-1	115	0	-1						-1
3072423	大锤武师23	20607	55	6831	1016	0	500	1000	9500	0	20607	-1	-1	115	0	-1						-1
3072424	大锤武师24	20607	55	6933	1031	0	500	1000	9500	0	20607	-1	-1	115	0	-1						-1
3072425	大锤武师25	20607	55	7034	1046	0	500	1000	9500	0	20607	-1	-1	115	0	-1						-1
3072426	大锤武师26	20607	55	7137	1061	0	500	1000	9500	0	20607	-1	-1	115	0	-1						-1
3072427	大锤武师27	20607	55	7238	1076	0	500	1000	9500	0	20607	-1	-1	115	0	-1						-1
3072428	大锤武师28	20607	55	7340	1091	0	500	1000	9500	0	20607	-1	-1	115	0	-1						-1
3072429	大锤武师29	20607	55	7442	1106	0	500	1000	9500	0	20607	-1	-1	115	0	-1						-1
3072430	大锤武师30	20607	55	7542	1120	0	500	1000	9500	0	20607	-1	-1	115	0	-1						-1
3072501	酒鬼武师1	20609	55	4593	686	0	500	1000	9500	0	20609	-1	-1	115	0	-1						-1
3072502	酒鬼武师2	20609	55	4694	701	0	500	1000	9500	0	20609	-1	-1	115	0	-1						-1
3072503	酒鬼武师3	20609	55	4797	716	0	500	1000	9500	0	20609	-1	-1	115	0	-1						-1
3072504	酒鬼武师4	20609	55	4898	731	0	500	1000	9500	0	20609	-1	-1	115	0	-1						-1
3072505	酒鬼武师5	20609	55	5000	746	0	500	1000	9500	0	20609	-1	-1	115	0	-1						-1
3072506	酒鬼武师6	20609	55	5101	761	0	500	1000	9500	0	20609	-1	-1	115	0	-1						-1
3072507	酒鬼武师7	20609	55	5204	776	0	500	1000	9500	0	20609	-1	-1	115	0	-1						-1
3072508	酒鬼武师8	20609	55	5305	791	0	500	1000	9500	0	20609	-1	-1	115	0	-1						-1
3072509	酒鬼武师9	20609	55	5406	806	0	500	1000	9500	0	20609	-1	-1	115	0	-1						-1
3072510	酒鬼武师10	20609	55	5509	821	0	500	1000	9500	0	20609	-1	-1	115	0	-1						-1
3072511	酒鬼武师11	20609	55	5610	836	0	500	1000	9500	0	20609	-1	-1	115	0	-1						-1
3072512	酒鬼武师12	20609	55	5712	851	0	500	1000	9500	0	20609	-1	-1	115	0	-1						-1
3072513	酒鬼武师13	20609	55	5814	866	0	500	1000	9500	0	20609	-1	-1	115	0	-1						-1
3072514	酒鬼武师14	20609	55	5916	881	0	500	1000	9500	0	20609	-1	-1	115	0	-1						-1
3072515	酒鬼武师15	20609	55	6017	896	0	500	1000	9500	0	20609	-1	-1	115	0	-1						-1
3072516	酒鬼武师16	20609	55	6119	911	0	500	1000	9500	0	20609	-1	-1	115	0	-1						-1
3072517	酒鬼武师17	20609	55	6221	926	0	500	1000	9500	0	20609	-1	-1	115	0	-1						-1
3072518	酒鬼武师18	20609	55	6322	941	0	500	1000	9500	0	20609	-1	-1	115	0	-1						-1
3072519	酒鬼武师19	20609	55	6424	956	0	500	1000	9500	0	20609	-1	-1	115	0	-1						-1
3072520	酒鬼武师20	20609	55	6526	971	0	500	1000	9500	0	20609	-1	-1	115	0	-1						-1
3072521	酒鬼武师21	20609	55	6628	986	0	500	1000	9500	0	20609	-1	-1	115	0	-1						-1
3072522	酒鬼武师22	20609	55	6729	1001	0	500	1000	9500	0	20609	-1	-1	115	0	-1						-1
3072523	酒鬼武师23	20609	55	6831	1016	0	500	1000	9500	0	20609	-1	-1	115	0	-1						-1
3072524	酒鬼武师24	20609	55	6933	1031	0	500	1000	9500	0	20609	-1	-1	115	0	-1						-1
3072525	酒鬼武师25	20609	55	7034	1046	0	500	1000	9500	0	20609	-1	-1	115	0	-1						-1
3072526	酒鬼武师26	20609	55	7137	1061	0	500	1000	9500	0	20609	-1	-1	115	0	-1						-1
3072527	酒鬼武师27	20609	55	7238	1076	0	500	1000	9500	0	20609	-1	-1	115	0	-1						-1
3072528	酒鬼武师28	20609	55	7340	1091	0	500	1000	9500	0	20609	-1	-1	115	0	-1						-1
3072529	酒鬼武师29	20609	55	7442	1106	0	500	1000	9500	0	20609	-1	-1	115	0	-1						-1
3072530	酒鬼武师30	20609	55	7542	1120	0	500	1000	9500	0	20609	-1	-1	115	0	-1						-1
3072601	气功师1	20611	55	2824	226	0	500	1000	9500	0	11111009	-1	-1	115	0	-1						-1
3072602	气功师2	20611	55	2885	230	0	500	1000	9500	0	11111009	-1	-1	115	0	-1						-1
3072603	气功师3	20611	55	2947	234	0	500	1000	9500	0	11111009	-1	-1	115	0	-1						-1
3072604	气功师4	20611	55	3008	238	0	500	1000	9500	0	11111009	-1	-1	115	0	-1						-1
3072605	气功师5	20611	55	3071	242	0	500	1000	9500	0	11111009	-1	-1	115	0	-1						-1
3072606	气功师6	20611	55	3133	246	0	500	1000	9500	0	11111009	-1	-1	115	0	-1						-1
3072607	气功师7	20611	55	3194	250	0	500	1000	9500	0	11111009	-1	-1	115	0	-1						-1
3072608	气功师8	20611	55	3256	254	0	500	1000	9500	0	11111009	-1	-1	115	0	-1						-1
3072609	气功师9	20611	55	3318	258	0	500	1000	9500	0	11111009	-1	-1	115	0	-1						-1
3072610	气功师10	20611	55	3380	262	0	500	1000	9500	0	11111009	-1	-1	115	0	-1						-1
3072611	气功师11	20611	55	3442	267	0	500	1000	9500	0	11111009	-1	-1	115	0	-1						-1
3072612	气功师12	20611	55	3502	271	0	500	1000	9500	0	11111009	-1	-1	115	0	-1						-1
3072613	气功师13	20611	55	3566	275	0	500	1000	9500	0	11111009	-1	-1	115	0	-1						-1
3072614	气功师14	20611	55	3626	279	0	500	1000	9500	0	11111009	-1	-1	115	0	-1						-1
3072615	气功师15	20611	55	3688	283	0	500	1000	9500	0	11111009	-1	-1	115	0	-1						-1
3072616	气功师16	20611	55	3751	287	0	500	1000	9500	0	11111009	-1	-1	115	0	-1						-1
3072617	气功师17	20611	55	3812	291	0	500	1000	9500	0	11111009	-1	-1	115	0	-1						-1
3072618	气功师18	20611	55	3874	295	0	500	1000	9500	0	11111009	-1	-1	115	0	-1						-1
3072619	气功师19	20611	55	3935	299	0	500	1000	9500	0	11111009	-1	-1	115	0	-1						-1
3072620	气功师20	20611	55	3997	303	0	500	1000	9500	0	11111009	-1	-1	115	0	-1						-1
3072621	气功师21	20611	55	4060	308	0	500	1000	9500	0	11111009	-1	-1	115	0	-1						-1
3072622	气功师22	20611	55	4121	312	0	500	1000	9500	0	11111009	-1	-1	115	0	-1						-1
3072623	气功师23	20611	55	4183	316	0	500	1000	9500	0	11111009	-1	-1	115	0	-1						-1
3072624	气功师24	20611	55	4244	320	0	500	1000	9500	0	11111009	-1	-1	115	0	-1						-1
3072625	气功师25	20611	55	4307	324	0	500	1000	9500	0	11111009	-1	-1	115	0	-1						-1
3072626	气功师26	20611	55	4369	328	0	500	1000	9500	0	11111009	-1	-1	115	0	-1						-1
3072627	气功师27	20611	55	4430	332	0	500	1000	9500	0	11111009	-1	-1	115	0	-1						-1
3072628	气功师28	20611	55	4492	336	0	500	1000	9500	0	11111009	-1	-1	115	0	-1						-1
3072629	气功师29	20611	55	4554	340	0	500	1000	9500	0	11111009	-1	-1	115	0	-1						-1
3072630	气功师30	20611	55	4616	346	0	500	1000	9500	0	11111009	-1	-1	115	0	-1						-1
3072701	炸弹僵尸1	20604	55	2831	606	0	500	1000	9500	0	11111010	-1	-1	115	0	-1						-1
3072702	炸弹僵尸2	20604	55	2893	619	0	500	1000	9500	0	11111010	-1	-1	115	0	-1						-1
3072703	炸弹僵尸3	20604	55	2956	632	0	500	1000	9500	0	11111010	-1	-1	115	0	-1						-1
3072704	炸弹僵尸4	20604	55	3019	645	0	500	1000	9500	0	11111010	-1	-1	115	0	-1						-1
3072705	炸弹僵尸5	20604	55	3082	659	0	500	1000	9500	0	11111010	-1	-1	115	0	-1						-1
3072706	炸弹僵尸6	20604	55	3144	672	0	500	1000	9500	0	11111010	-1	-1	115	0	-1						-1
3072707	炸弹僵尸7	20604	55	3207	685	0	500	1000	9500	0	11111010	-1	-1	115	0	-1						-1
3072708	炸弹僵尸8	20604	55	3270	699	0	500	1000	9500	0	11111010	-1	-1	115	0	-1						-1
3072709	炸弹僵尸9	20604	55	3332	712	0	500	1000	9500	0	11111010	-1	-1	115	0	-1						-1
3072710	炸弹僵尸10	20604	55	3395	725	0	500	1000	9500	0	11111010	-1	-1	115	0	-1						-1
3072711	炸弹僵尸11	20604	55	3458	739	0	500	1000	9500	0	11111010	-1	-1	115	0	-1						-1
3072712	炸弹僵尸12	20604	55	3520	752	0	500	1000	9500	0	11111010	-1	-1	115	0	-1						-1
3072713	炸弹僵尸13	20604	55	3583	765	0	500	1000	9500	0	11111010	-1	-1	115	0	-1						-1
3072714	炸弹僵尸14	20604	55	3646	778	0	500	1000	9500	0	11111010	-1	-1	115	0	-1						-1
3072715	炸弹僵尸15	20604	55	3709	792	0	500	1000	9500	0	11111010	-1	-1	115	0	-1						-1
3072716	炸弹僵尸16	20604	55	3771	805	0	500	1000	9500	0	11111010	-1	-1	115	0	-1						-1
3072717	炸弹僵尸17	20604	55	3834	818	0	500	1000	9500	0	11111010	-1	-1	115	0	-1						-1
3072718	炸弹僵尸18	20604	55	3897	832	0	500	1000	9500	0	11111010	-1	-1	115	0	-1						-1
3072719	炸弹僵尸19	20604	55	3959	845	0	500	1000	9500	0	11111010	-1	-1	115	0	-1						-1
3072720	炸弹僵尸20	20604	55	4022	858	0	500	1000	9500	0	11111010	-1	-1	115	0	-1						-1
3072721	炸弹僵尸21	20604	55	4085	872	0	500	1000	9500	0	11111010	-1	-1	115	0	-1						-1
3072722	炸弹僵尸22	20604	55	4147	885	0	500	1000	9500	0	11111010	-1	-1	115	0	-1						-1
3072723	炸弹僵尸23	20604	55	4210	898	0	500	1000	9500	0	11111010	-1	-1	115	0	-1						-1
3072724	炸弹僵尸24	20604	55	4273	911	0	500	1000	9500	0	11111010	-1	-1	115	0	-1						-1
3072725	炸弹僵尸25	20604	55	4336	925	0	500	1000	9500	0	11111010	-1	-1	115	0	-1						-1
3072726	炸弹僵尸26	20604	55	4399	938	0	500	1000	9500	0	11111010	-1	-1	115	0	-1						-1
3072727	炸弹僵尸27	20604	55	4461	951	0	500	1000	9500	0	11111010	-1	-1	115	0	-1						-1
3072728	炸弹僵尸28	20604	55	4524	965	0	500	1000	9500	0	11111010	-1	-1	115	0	-1						-1
3072729	炸弹僵尸29	20604	55	4586	978	0	500	1000	9500	0	11111010	-1	-1	115	0	-1						-1
3072730	炸弹僵尸30	20604	55	4650	992	0	500	1000	9500	0	11111010	-1	-1	115	0	-1						-1
3082801	普通小鬼1	20701	63	6240	864	0	500	1000	9500	0	20701	-1	-1	115	0	-1						-1
3082802	普通小鬼2	20701	63	6347	878	0	500	1000	9500	0	20701	-1	-1	115	0	-1						-1
3082803	普通小鬼3	20701	63	6457	893	0	500	1000	9500	0	20701	-1	-1	115	0	-1						-1
3082804	普通小鬼4	20701	63	6564	908	0	500	1000	9500	0	20701	-1	-1	115	0	-1						-1
3082805	普通小鬼5	20701	63	6673	923	0	500	1000	9500	0	20701	-1	-1	115	0	-1						-1
3082806	普通小鬼6	20701	63	6782	938	0	500	1000	9500	0	20701	-1	-1	115	0	-1						-1
3082807	普通小鬼7	20701	63	6890	953	0	500	1000	9500	0	20701	-1	-1	115	0	-1						-1
3082808	普通小鬼8	20701	63	6999	968	0	500	1000	9500	0	20701	-1	-1	115	0	-1						-1
3082809	普通小鬼9	20701	63	7106	983	0	500	1000	9500	0	20701	-1	-1	115	0	-1						-1
3082810	普通小鬼10	20701	63	7216	998	0	500	1000	9500	0	20701	-1	-1	115	0	-1						-1
3082811	普通小鬼11	20701	63	7324	1013	0	500	1000	9500	0	20701	-1	-1	115	0	-1						-1
3082812	普通小鬼12	20701	63	7432	1027	0	500	1000	9500	0	20701	-1	-1	115	0	-1						-1
3082813	普通小鬼13	20701	63	7541	1042	0	500	1000	9500	0	20701	-1	-1	115	0	-1						-1
3082814	普通小鬼14	20701	63	7649	1057	0	500	1000	9500	0	20701	-1	-1	115	0	-1						-1
3082815	普通小鬼15	20701	63	7758	1072	0	500	1000	9500	0	20701	-1	-1	115	0	-1						-1
3082816	普通小鬼16	20701	63	7866	1087	0	500	1000	9500	0	20701	-1	-1	115	0	-1						-1
3082817	普通小鬼17	20701	63	7974	1102	0	500	1000	9500	0	20701	-1	-1	115	0	-1						-1
3082818	普通小鬼18	20701	63	8083	1117	0	500	1000	9500	0	20701	-1	-1	115	0	-1						-1
3082819	普通小鬼19	20701	63	8191	1132	0	500	1000	9500	0	20701	-1	-1	115	0	-1						-1
3082820	普通小鬼20	20701	63	8300	1147	0	500	1000	9500	0	20701	-1	-1	115	0	-1						-1
3082821	普通小鬼21	20701	63	8409	1162	0	500	1000	9500	0	20701	-1	-1	115	0	-1						-1
3082822	普通小鬼22	20701	63	8517	1176	0	500	1000	9500	0	20701	-1	-1	115	0	-1						-1
3082823	普通小鬼23	20701	63	8626	1191	0	500	1000	9500	0	20701	-1	-1	115	0	-1						-1
3082824	普通小鬼24	20701	63	8733	1206	0	500	1000	9500	0	20701	-1	-1	115	0	-1						-1
3082825	普通小鬼25	20701	63	8843	1221	0	500	1000	9500	0	20701	-1	-1	115	0	-1						-1
3082826	普通小鬼26	20701	63	8952	1236	0	500	1000	9500	0	20701	-1	-1	115	0	-1						-1
3082827	普通小鬼27	20701	63	9059	1251	0	500	1000	9500	0	20701	-1	-1	115	0	-1						-1
3082828	普通小鬼28	20701	63	9168	1266	0	500	1000	9500	0	20701	-1	-1	115	0	-1						-1
3082829	普通小鬼29	20701	63	9276	1281	0	500	1000	9500	0	20701	-1	-1	115	0	-1						-1
3082830	普通小鬼30	20701	63	9385	1296	0	500	1000	9500	0	20701	-1	-1	115	0	-1						-1
3082901	铁锅小鬼1	20703	63	10162	946	0	500	1000	9500	0	20703	-1	-1	115	0	-1						-1
3082902	铁锅小鬼2	20703	63	10337	964	0	500	1000	9500	0	20703	-1	-1	115	0	-1						-1
3082903	铁锅小鬼3	20703	63	10514	983	0	500	1000	9500	0	20703	-1	-1	115	0	-1						-1
3082904	铁锅小鬼4	20703	63	10691	1002	0	500	1000	9500	0	20703	-1	-1	115	0	-1						-1
3082905	铁锅小鬼5	20703	63	10867	1020	0	500	1000	9500	0	20703	-1	-1	115	0	-1						-1
3082906	铁锅小鬼6	20703	63	11044	1039	0	500	1000	9500	0	20703	-1	-1	115	0	-1						-1
3082907	铁锅小鬼7	20703	63	11221	1058	0	500	1000	9500	0	20703	-1	-1	115	0	-1						-1
3082908	铁锅小鬼8	20703	63	11397	1076	0	500	1000	9500	0	20703	-1	-1	115	0	-1						-1
3082909	铁锅小鬼9	20703	63	11573	1095	0	500	1000	9500	0	20703	-1	-1	115	0	-1						-1
3082910	铁锅小鬼10	20703	63	11750	1114	0	500	1000	9500	0	20703	-1	-1	115	0	-1						-1
3082911	铁锅小鬼11	20703	63	11927	1133	0	500	1000	9500	0	20703	-1	-1	115	0	-1						-1
3082912	铁锅小鬼12	20703	63	12103	1151	0	500	1000	9500	0	20703	-1	-1	115	0	-1						-1
3082913	铁锅小鬼13	20703	63	12280	1170	0	500	1000	9500	0	20703	-1	-1	115	0	-1						-1
3082914	铁锅小鬼14	20703	63	12457	1189	0	500	1000	9500	0	20703	-1	-1	115	0	-1						-1
3082915	铁锅小鬼15	20703	63	12632	1207	0	500	1000	9500	0	20703	-1	-1	115	0	-1						-1
3082916	铁锅小鬼16	20703	63	12810	1226	0	500	1000	9500	0	20703	-1	-1	115	0	-1						-1
3082917	铁锅小鬼17	20703	63	12987	1245	0	500	1000	9500	0	20703	-1	-1	115	0	-1						-1
3082918	铁锅小鬼18	20703	63	13162	1263	0	500	1000	9500	0	20703	-1	-1	115	0	-1						-1
3082919	铁锅小鬼19	20703	63	13339	1282	0	500	1000	9500	0	20703	-1	-1	115	0	-1						-1
3082920	铁锅小鬼20	20703	63	13516	1301	0	500	1000	9500	0	20703	-1	-1	115	0	-1						-1
3082921	铁锅小鬼21	20703	63	13693	1320	0	500	1000	9500	0	20703	-1	-1	115	0	-1						-1
3082922	铁锅小鬼22	20703	63	13869	1338	0	500	1000	9500	0	20703	-1	-1	115	0	-1						-1
3082923	铁锅小鬼23	20703	63	14046	1357	0	500	1000	9500	0	20703	-1	-1	115	0	-1						-1
3082924	铁锅小鬼24	20703	63	14223	1376	0	500	1000	9500	0	20703	-1	-1	115	0	-1						-1
3082925	铁锅小鬼25	20703	63	14398	1394	0	500	1000	9500	0	20703	-1	-1	115	0	-1						-1
3082926	铁锅小鬼26	20703	63	14575	1413	0	500	1000	9500	0	20703	-1	-1	115	0	-1						-1
3082927	铁锅小鬼27	20703	63	14752	1432	0	500	1000	9500	0	20703	-1	-1	115	0	-1						-1
3082928	铁锅小鬼28	20703	63	14928	1450	0	500	1000	9500	0	20703	-1	-1	115	0	-1						-1
3082929	铁锅小鬼29	20703	63	15105	1469	0	500	1000	9500	0	20703	-1	-1	115	0	-1						-1
3082930	铁锅小鬼30	20703	63	15283	1488	0	500	1000	9500	0	20703	-1	-1	115	0	-1						-1
3083001	铁盘小鬼1	20704	63	12516	976	0	500	1000	9500	0	20704	-1	-1	115	0	-1			2070150			-1
3083002	铁盘小鬼2	20704	63	12732	992	0	500	1000	9500	0	20704	-1	-1	115	0	-1			2070150			-1
3083003	铁盘小鬼3	20704	63	12951	1009	0	500	1000	9500	0	20704	-1	-1	115	0	-1			2070150			-1
3083004	铁盘小鬼4	20704	63	13167	1026	0	500	1000	9500	0	20704	-1	-1	115	0	-1			2070150			-1
3083005	铁盘小鬼5	20704	63	13386	1043	0	500	1000	9500	0	20704	-1	-1	115	0	-1			2070150			-1
3083006	铁盘小鬼6	20704	63	13603	1060	0	500	1000	9500	0	20704	-1	-1	115	0	-1			2070150			-1
3083007	铁盘小鬼7	20704	63	13820	1076	0	500	1000	9500	0	20704	-1	-1	115	0	-1			2070150			-1
3083008	铁盘小鬼8	20704	63	14038	1093	0	500	1000	9500	0	20704	-1	-1	115	0	-1			2070150			-1
3083009	铁盘小鬼9	20704	63	14255	1110	0	500	1000	9500	0	20704	-1	-1	115	0	-1			2070150			-1
3083010	铁盘小鬼10	20704	63	14473	1127	0	500	1000	9500	0	20704	-1	-1	115	0	-1			2070150			-1
3083011	铁盘小鬼11	20704	63	14690	1144	0	500	1000	9500	0	20704	-1	-1	115	0	-1			2070150			-1
3083012	铁盘小鬼12	20704	63	14907	1160	0	500	1000	9500	0	20704	-1	-1	115	0	-1			2070150			-1
3083013	铁盘小鬼13	20704	63	15125	1177	0	500	1000	9500	0	20704	-1	-1	115	0	-1			2070150			-1
3083014	铁盘小鬼14	20704	63	15342	1194	0	500	1000	9500	0	20704	-1	-1	115	0	-1			2070150			-1
3083015	铁盘小鬼15	20704	63	15560	1211	0	500	1000	9500	0	20704	-1	-1	115	0	-1			2070150			-1
3083016	铁盘小鬼16	20704	63	15778	1228	0	500	1000	9500	0	20704	-1	-1	115	0	-1			2070150			-1
3083017	铁盘小鬼17	20704	63	15994	1244	0	500	1000	9500	0	20704	-1	-1	115	0	-1			2070150			-1
3083018	铁盘小鬼18	20704	63	16213	1261	0	500	1000	9500	0	20704	-1	-1	115	0	-1			2070150			-1
3083019	铁盘小鬼19	20704	63	16429	1278	0	500	1000	9500	0	20704	-1	-1	115	0	-1			2070150			-1
3083020	铁盘小鬼20	20704	63	16648	1295	0	500	1000	9500	0	20704	-1	-1	115	0	-1			2070150			-1
3083021	铁盘小鬼21	20704	63	16865	1312	0	500	1000	9500	0	20704	-1	-1	115	0	-1			2070150			-1
3083022	铁盘小鬼22	20704	63	17082	1328	0	500	1000	9500	0	20704	-1	-1	115	0	-1			2070150			-1
3083023	铁盘小鬼23	20704	63	17300	1345	0	500	1000	9500	0	20704	-1	-1	115	0	-1			2070150			-1
3083024	铁盘小鬼24	20704	63	17517	1362	0	500	1000	9500	0	20704	-1	-1	115	0	-1			2070150			-1
3083025	铁盘小鬼25	20704	63	17735	1379	0	500	1000	9500	0	20704	-1	-1	115	0	-1			2070150			-1
3083026	铁盘小鬼26	20704	63	17952	1396	0	500	1000	9500	0	20704	-1	-1	115	0	-1			2070150			-1
3083027	铁盘小鬼27	20704	63	18169	1412	0	500	1000	9500	0	20704	-1	-1	115	0	-1			2070150			-1
3083028	铁盘小鬼28	20704	63	18387	1429	0	500	1000	9500	0	20704	-1	-1	115	0	-1			2070150			-1
3083029	铁盘小鬼29	20704	63	18604	1446	0	500	1000	9500	0	20704	-1	-1	115	0	-1			2070150			-1
3083030	铁盘小鬼30	20704	63	18822	1464	0	500	1000	9500	0	20704	-1	-1	115	0	-1			2070150			-1
3083101	红孩儿1	20707	63	7604	1180	0	500	1000	9500	0	20707	-1	-1	115	0	-1						-1
3083102	红孩儿2	20707	63	7736	1200	0	500	1000	9500	0	20707	-1	-1	115	0	-1						-1
3083103	红孩儿3	20707	63	7868	1221	0	500	1000	9500	0	20707	-1	-1	115	0	-1						-1
3083104	红孩儿4	20707	63	8000	1241	0	500	1000	9500	0	20707	-1	-1	115	0	-1						-1
3083105	红孩儿5	20707	63	8133	1262	0	500	1000	9500	0	20707	-1	-1	115	0	-1						-1
3083106	红孩儿6	20707	63	8264	1283	0	500	1000	9500	0	20707	-1	-1	115	0	-1						-1
3083107	红孩儿7	20707	63	8396	1303	0	500	1000	9500	0	20707	-1	-1	115	0	-1						-1
3083108	红孩儿8	20707	63	8528	1324	0	500	1000	9500	0	20707	-1	-1	115	0	-1						-1
3083109	红孩儿9	20707	63	8660	1344	0	500	1000	9500	0	20707	-1	-1	115	0	-1						-1
3083110	红孩儿10	20707	63	8793	1365	0	500	1000	9500	0	20707	-1	-1	115	0	-1						-1
3083111	红孩儿11	20707	63	8926	1386	0	500	1000	9500	0	20707	-1	-1	115	0	-1						-1
3083112	红孩儿12	20707	63	9058	1406	0	500	1000	9500	0	20707	-1	-1	115	0	-1						-1
3083113	红孩儿13	20707	63	9190	1427	0	500	1000	9500	0	20707	-1	-1	115	0	-1						-1
3083114	红孩儿14	20707	63	9322	1447	0	500	1000	9500	0	20707	-1	-1	115	0	-1						-1
3083115	红孩儿15	20707	63	9454	1468	0	500	1000	9500	0	20707	-1	-1	115	0	-1						-1
3083116	红孩儿16	20707	63	9586	1489	0	500	1000	9500	0	20707	-1	-1	115	0	-1						-1
3083117	红孩儿17	20707	63	9719	1509	0	500	1000	9500	0	20707	-1	-1	115	0	-1						-1
3083118	红孩儿18	20707	63	9850	1530	0	500	1000	9500	0	20707	-1	-1	115	0	-1						-1
3083119	红孩儿19	20707	63	9982	1550	0	500	1000	9500	0	20707	-1	-1	115	0	-1						-1
3083120	红孩儿20	20707	63	10114	1571	0	500	1000	9500	0	20707	-1	-1	115	0	-1						-1
3083121	红孩儿21	20707	63	10248	1592	0	500	1000	9500	0	20707	-1	-1	115	0	-1						-1
3083122	红孩儿22	20707	63	10380	1612	0	500	1000	9500	0	20707	-1	-1	115	0	-1						-1
3083123	红孩儿23	20707	63	10512	1633	0	500	1000	9500	0	20707	-1	-1	115	0	-1						-1
3083124	红孩儿24	20707	63	10644	1653	0	500	1000	9500	0	20707	-1	-1	115	0	-1						-1
3083125	红孩儿25	20707	63	10776	1674	0	500	1000	9500	0	20707	-1	-1	115	0	-1						-1
3083126	红孩儿26	20707	63	10908	1695	0	500	1000	9500	0	20707	-1	-1	115	0	-1						-1
3083127	红孩儿27	20707	63	11040	1715	0	500	1000	9500	0	20707	-1	-1	115	0	-1						-1
3083128	红孩儿28	20707	63	11173	1736	0	500	1000	9500	0	20707	-1	-1	115	0	-1						-1
3083129	红孩儿29	20707	63	11305	1756	0	500	1000	9500	0	20707	-1	-1	115	0	-1						-1
3083130	红孩儿30	20707	63	11436	1776	0	500	1000	9500	0	20707	-1	-1	115	0	-1						-1
3083201	黑熊精1	20708	63	8461	1121	0	500	1000	9500	0	20708	-1	-1	115	0	-1						-1
3083202	黑熊精2	20708	63	8581	1140	0	500	1000	9500	0	20708	-1	-1	115	0	-1						-1
3083203	黑熊精3	20708	63	8701	1159	0	500	1000	9500	0	20708	-1	-1	115	0	-1						-1
3083204	黑熊精4	20708	63	8822	1178	0	500	1000	9500	0	20708	-1	-1	115	0	-1						-1
3083205	黑熊精5	20708	63	8943	1198	0	500	1000	9500	0	20708	-1	-1	115	0	-1						-1
3083206	黑熊精6	20708	63	9063	1217	0	500	1000	9500	0	20708	-1	-1	115	0	-1						-1
3083207	黑熊精7	20708	63	9182	1236	0	500	1000	9500	0	20708	-1	-1	115	0	-1						-1
3083208	黑熊精8	20708	63	9303	1256	0	500	1000	9500	0	20708	-1	-1	115	0	-1						-1
3083209	黑熊精9	20708	63	9423	1275	0	500	1000	9500	0	20708	-1	-1	115	0	-1						-1
3083210	黑熊精10	20708	63	9544	1294	0	500	1000	9500	0	20708	-1	-1	115	0	-1						-1
3083211	黑熊精11	20708	63	9664	1314	0	500	1000	9500	0	20708	-1	-1	115	0	-1						-1
3083212	黑熊精12	20708	63	9784	1333	0	500	1000	9500	0	20708	-1	-1	115	0	-1						-1
3083213	黑熊精13	20708	63	9904	1352	0	500	1000	9500	0	20708	-1	-1	115	0	-1						-1
3083214	黑熊精14	20708	63	10025	1371	0	500	1000	9500	0	20708	-1	-1	115	0	-1						-1
3083215	黑熊精15	20708	63	10145	1391	0	500	1000	9500	0	20708	-1	-1	115	0	-1						-1
3083216	黑熊精16	20708	63	10266	1410	0	500	1000	9500	0	20708	-1	-1	115	0	-1						-1
3083217	黑熊精17	20708	63	10385	1429	0	500	1000	9500	0	20708	-1	-1	115	0	-1						-1
3083218	黑熊精18	20708	63	10506	1449	0	500	1000	9500	0	20708	-1	-1	115	0	-1						-1
3083219	黑熊精19	20708	63	10626	1468	0	500	1000	9500	0	20708	-1	-1	115	0	-1						-1
3083220	黑熊精20	20708	63	10746	1487	0	500	1000	9500	0	20708	-1	-1	115	0	-1						-1
3083221	黑熊精21	20708	63	10867	1507	0	500	1000	9500	0	20708	-1	-1	115	0	-1						-1
3083222	黑熊精22	20708	63	10986	1526	0	500	1000	9500	0	20708	-1	-1	115	0	-1						-1
3083223	黑熊精23	20708	63	11106	1545	0	500	1000	9500	0	20708	-1	-1	115	0	-1						-1
3083224	黑熊精24	20708	63	11228	1564	0	500	1000	9500	0	20708	-1	-1	115	0	-1						-1
3083225	黑熊精25	20708	63	11348	1584	0	500	1000	9500	0	20708	-1	-1	115	0	-1						-1
3083226	黑熊精26	20708	63	11468	1603	0	500	1000	9500	0	20708	-1	-1	115	0	-1						-1
3083227	黑熊精27	20708	63	11588	1622	0	500	1000	9500	0	20708	-1	-1	115	0	-1						-1
3083228	黑熊精28	20708	63	11708	1642	0	500	1000	9500	0	20708	-1	-1	115	0	-1						-1
3083229	黑熊精29	20708	63	11828	1661	0	500	1000	9500	0	20708	-1	-1	115	0	-1						-1
3083230	黑熊精30	20708	63	11950	1680	0	500	1000	9500	0	20708	-1	-1	115	0	-1						-1
3083301	叉子小鬼1	20705	63	4688	352	0	500	1000	9500	0	11111011	-1	-1	115	0	-1						-1
3083302	叉子小鬼2	20705	63	4768	357	0	500	1000	9500	0	11111011	-1	-1	115	0	-1						-1
3083303	叉子小鬼3	20705	63	4847	363	0	500	1000	9500	0	11111011	-1	-1	115	0	-1						-1
3083304	叉子小鬼4	20705	63	4926	369	0	500	1000	9500	0	11111011	-1	-1	115	0	-1						-1
3083305	叉子小鬼5	20705	63	5006	375	0	500	1000	9500	0	11111011	-1	-1	115	0	-1						-1
3083306	叉子小鬼6	20705	63	5087	381	0	500	1000	9500	0	11111011	-1	-1	115	0	-1						-1
3083307	叉子小鬼7	20705	63	5166	387	0	500	1000	9500	0	11111011	-1	-1	115	0	-1						-1
3083308	叉子小鬼8	20705	63	5246	393	0	500	1000	9500	0	11111011	-1	-1	115	0	-1						-1
3083309	叉子小鬼9	20705	63	5325	399	0	500	1000	9500	0	11111011	-1	-1	115	0	-1						-1
3083310	叉子小鬼10	20705	63	5405	405	0	500	1000	9500	0	11111011	-1	-1	115	0	-1						-1
3083311	叉子小鬼11	20705	63	5486	411	0	500	1000	9500	0	11111011	-1	-1	115	0	-1						-1
3083312	叉子小鬼12	20705	63	5565	416	0	500	1000	9500	0	11111011	-1	-1	115	0	-1						-1
3083313	叉子小鬼13	20705	63	5645	422	0	500	1000	9500	0	11111011	-1	-1	115	0	-1						-1
3083314	叉子小鬼14	20705	63	5725	428	0	500	1000	9500	0	11111011	-1	-1	115	0	-1						-1
3083315	叉子小鬼15	20705	63	5803	434	0	500	1000	9500	0	11111011	-1	-1	115	0	-1						-1
3083316	叉子小鬼16	20705	63	5885	440	0	500	1000	9500	0	11111011	-1	-1	115	0	-1						-1
3083317	叉子小鬼17	20705	63	5964	446	0	500	1000	9500	0	11111011	-1	-1	115	0	-1						-1
3083318	叉子小鬼18	20705	63	6043	452	0	500	1000	9500	0	11111011	-1	-1	115	0	-1						-1
3083319	叉子小鬼19	20705	63	6123	458	0	500	1000	9500	0	11111011	-1	-1	115	0	-1						-1
3083320	叉子小鬼20	20705	63	6202	464	0	500	1000	9500	0	11111011	-1	-1	115	0	-1						-1
3083321	叉子小鬼21	20705	63	6283	470	0	500	1000	9500	0	11111011	-1	-1	115	0	-1						-1
3083322	叉子小鬼22	20705	63	6363	475	0	500	1000	9500	0	11111011	-1	-1	115	0	-1						-1
3083323	叉子小鬼23	20705	63	6442	481	0	500	1000	9500	0	11111011	-1	-1	115	0	-1						-1
3083324	叉子小鬼24	20705	63	6522	487	0	500	1000	9500	0	11111011	-1	-1	115	0	-1						-1
3083325	叉子小鬼25	20705	63	6601	493	0	500	1000	9500	0	11111011	-1	-1	115	0	-1						-1
3083326	叉子小鬼26	20705	63	6682	499	0	500	1000	9500	0	11111011	-1	-1	115	0	-1						-1
3083327	叉子小鬼27	20705	63	6762	505	0	500	1000	9500	0	11111011	-1	-1	115	0	-1						-1
3083328	叉子小鬼28	20705	63	6841	511	0	500	1000	9500	0	11111011	-1	-1	115	0	-1						-1
3083329	叉子小鬼29	20705	63	6920	517	0	500	1000	9500	0	11111011	-1	-1	115	0	-1						-1
3083330	叉子小鬼30	20705	63	7000	524	0	500	1000	9500	0	11111011	-1	-1	115	0	-1						-1
3083401	蜘蛛精1	20711	63	4654	992	0	500	1000	9500	0	11111012	-1	-1	115	0	-1						-1
3083402	蜘蛛精2	20711	63	4736	1009	0	500	1000	9500	0	11111012	-1	-1	115	0	-1						-1
3083403	蜘蛛精3	20711	63	4819	1026	0	500	1000	9500	0	11111012	-1	-1	115	0	-1						-1
3083404	蜘蛛精4	20711	63	4901	1044	0	500	1000	9500	0	11111012	-1	-1	115	0	-1						-1
3083405	蜘蛛精5	20711	63	4984	1061	0	500	1000	9500	0	11111012	-1	-1	115	0	-1						-1
3083406	蜘蛛精6	20711	63	5066	1079	0	500	1000	9500	0	11111012	-1	-1	115	0	-1						-1
3083407	蜘蛛精7	20711	63	5150	1096	0	500	1000	9500	0	11111012	-1	-1	115	0	-1						-1
3083408	蜘蛛精8	20711	63	5231	1113	0	500	1000	9500	0	11111012	-1	-1	115	0	-1						-1
3083409	蜘蛛精9	20711	63	5315	1131	0	500	1000	9500	0	11111012	-1	-1	115	0	-1						-1
3083410	蜘蛛精10	20711	63	5398	1148	0	500	1000	9500	0	11111012	-1	-1	115	0	-1						-1
3083411	蜘蛛精11	20711	63	5481	1166	0	500	1000	9500	0	11111012	-1	-1	115	0	-1						-1
3083412	蜘蛛精12	20711	63	5563	1183	0	500	1000	9500	0	11111012	-1	-1	115	0	-1						-1
3083413	蜘蛛精13	20711	63	5646	1200	0	500	1000	9500	0	11111012	-1	-1	115	0	-1						-1
3083414	蜘蛛精14	20711	63	5728	1218	0	500	1000	9500	0	11111012	-1	-1	115	0	-1						-1
3083415	蜘蛛精15	20711	63	5811	1235	0	500	1000	9500	0	11111012	-1	-1	115	0	-1						-1
3083416	蜘蛛精16	20711	63	5893	1253	0	500	1000	9500	0	11111012	-1	-1	115	0	-1						-1
3083417	蜘蛛精17	20711	63	5977	1270	0	500	1000	9500	0	11111012	-1	-1	115	0	-1						-1
3083418	蜘蛛精18	20711	63	6059	1287	0	500	1000	9500	0	11111012	-1	-1	115	0	-1						-1
3083419	蜘蛛精19	20711	63	6142	1305	0	500	1000	9500	0	11111012	-1	-1	115	0	-1						-1
3083420	蜘蛛精20	20711	63	6224	1322	0	500	1000	9500	0	11111012	-1	-1	115	0	-1						-1
3083421	蜘蛛精21	20711	63	6307	1340	0	500	1000	9500	0	11111012	-1	-1	115	0	-1						-1
3083422	蜘蛛精22	20711	63	6390	1357	0	500	1000	9500	0	11111012	-1	-1	115	0	-1						-1
3083423	蜘蛛精23	20711	63	6473	1374	0	500	1000	9500	0	11111012	-1	-1	115	0	-1						-1
3083424	蜘蛛精24	20711	63	6555	1392	0	500	1000	9500	0	11111012	-1	-1	115	0	-1						-1
3083425	蜘蛛精25	20711	63	6639	1409	0	500	1000	9500	0	11111012	-1	-1	115	0	-1						-1
3083426	蜘蛛精26	20711	63	6720	1427	0	500	1000	9500	0	11111012	-1	-1	115	0	-1						-1
3083427	蜘蛛精27	20711	63	6804	1444	0	500	1000	9500	0	11111012	-1	-1	115	0	-1						-1
3083428	蜘蛛精28	20711	63	6886	1461	0	500	1000	9500	0	11111012	-1	-1	115	0	-1						-1
3083429	蜘蛛精29	20711	63	6969	1479	0	500	1000	9500	0	11111012	-1	-1	115	0	-1						-1
3083430	蜘蛛精30	20711	63	7051	1498	0	500	1000	9500	0	11111012	-1	-1	115	0	-1						-1
3093501	维京普通僵尸1	20719	71	9452	1296	0	500	1000	9500	0	20719	-1	-1	115	0	-1						-1
3093502	维京普通僵尸2	20719	71	9534	1307	0	500	1000	9500	0	20719	-1	-1	115	0	-1						-1
3093503	维京普通僵尸3	20719	71	9615	1318	0	500	1000	9500	0	20719	-1	-1	115	0	-1						-1
3093504	维京普通僵尸4	20719	71	9697	1329	0	500	1000	9500	0	20719	-1	-1	115	0	-1						-1
3093505	维京普通僵尸5	20719	71	9778	1340	0	500	1000	9500	0	20719	-1	-1	115	0	-1						-1
3093506	维京普通僵尸6	20719	71	9859	1352	0	500	1000	9500	0	20719	-1	-1	115	0	-1						-1
3093507	维京普通僵尸7	20719	71	9940	1363	0	500	1000	9500	0	20719	-1	-1	115	0	-1						-1
3093508	维京普通僵尸8	20719	71	10022	1374	0	500	1000	9500	0	20719	-1	-1	115	0	-1						-1
3093509	维京普通僵尸9	20719	71	10103	1385	0	500	1000	9500	0	20719	-1	-1	115	0	-1						-1
3093510	维京普通僵尸10	20719	71	10185	1396	0	500	1000	9500	0	20719	-1	-1	115	0	-1						-1
3093511	维京普通僵尸11	20719	71	10268	1408	0	500	1000	9500	0	20719	-1	-1	115	0	-1						-1
3093512	维京普通僵尸12	20719	71	10349	1419	0	500	1000	9500	0	20719	-1	-1	115	0	-1						-1
3093513	维京普通僵尸13	20719	71	10430	1430	0	500	1000	9500	0	20719	-1	-1	115	0	-1						-1
3093514	维京普通僵尸14	20719	71	10511	1441	0	500	1000	9500	0	20719	-1	-1	115	0	-1						-1
3093515	维京普通僵尸15	20719	71	10593	1452	0	500	1000	9500	0	20719	-1	-1	115	0	-1						-1
3093516	维京普通僵尸16	20719	71	10674	1464	0	500	1000	9500	0	20719	-1	-1	115	0	-1						-1
3093517	维京普通僵尸17	20719	71	10756	1475	0	500	1000	9500	0	20719	-1	-1	115	0	-1						-1
3093518	维京普通僵尸18	20719	71	10837	1486	0	500	1000	9500	0	20719	-1	-1	115	0	-1						-1
3093519	维京普通僵尸19	20719	71	10919	1497	0	500	1000	9500	0	20719	-1	-1	115	0	-1						-1
3093520	维京普通僵尸20	20719	71	11000	1508	0	500	1000	9500	0	20719	-1	-1	115	0	-1						-1
3093521	维京普通僵尸21	20719	71	11082	1520	0	500	1000	9500	0	20719	-1	-1	115	0	-1						-1
3093522	维京普通僵尸22	20719	71	11164	1531	0	500	1000	9500	0	20719	-1	-1	115	0	-1						-1
3093523	维京普通僵尸23	20719	71	11245	1542	0	500	1000	9500	0	20719	-1	-1	115	0	-1						-1
3093524	维京普通僵尸24	20719	71	11327	1553	0	500	1000	9500	0	20719	-1	-1	115	0	-1						-1
3093525	维京普通僵尸25	20719	71	11408	1564	0	500	1000	9500	0	20719	-1	-1	115	0	-1						-1
3093526	维京普通僵尸26	20719	71	11489	1576	0	500	1000	9500	0	20719	-1	-1	115	0	-1						-1
3093527	维京普通僵尸27	20719	71	11570	1587	0	500	1000	9500	0	20719	-1	-1	115	0	-1						-1
3093528	维京普通僵尸28	20719	71	11652	1598	0	500	1000	9500	0	20719	-1	-1	115	0	-1						-1
3093529	维京普通僵尸29	20719	71	11733	1609	0	500	1000	9500	0	20719	-1	-1	115	0	-1						-1
3093530	维京普通僵尸30	20719	71	11816	1620	0	500	1000	9500	0	20719	-1	-1	115	0	-1						-1
3093601	维京路障僵尸1	20720	71	15393	1488	0	500	1000	9500	0	20720	-1	-1	115	0	-1						-1
3093602	维京路障僵尸2	20720	71	15525	1500	0	500	1000	9500	0	20720	-1	-1	115	0	-1						-1
3093603	维京路障僵尸3	20720	71	15658	1513	0	500	1000	9500	0	20720	-1	-1	115	0	-1						-1
3093604	维京路障僵尸4	20720	71	15791	1526	0	500	1000	9500	0	20720	-1	-1	115	0	-1						-1
3093605	维京路障僵尸5	20720	71	15924	1539	0	500	1000	9500	0	20720	-1	-1	115	0	-1						-1
3093606	维京路障僵尸6	20720	71	16057	1552	0	500	1000	9500	0	20720	-1	-1	115	0	-1						-1
3093607	维京路障僵尸7	20720	71	16189	1564	0	500	1000	9500	0	20720	-1	-1	115	0	-1						-1
3093608	维京路障僵尸8	20720	71	16322	1577	0	500	1000	9500	0	20720	-1	-1	115	0	-1						-1
3093609	维京路障僵尸9	20720	71	16454	1590	0	500	1000	9500	0	20720	-1	-1	115	0	-1						-1
3093610	维京路障僵尸10	20720	71	16588	1603	0	500	1000	9500	0	20720	-1	-1	115	0	-1						-1
3093611	维京路障僵尸11	20720	71	16721	1616	0	500	1000	9500	0	20720	-1	-1	115	0	-1						-1
3093612	维京路障僵尸12	20720	71	16852	1628	0	500	1000	9500	0	20720	-1	-1	115	0	-1						-1
3093613	维京路障僵尸13	20720	71	16986	1641	0	500	1000	9500	0	20720	-1	-1	115	0	-1						-1
3093614	维京路障僵尸14	20720	71	17118	1654	0	500	1000	9500	0	20720	-1	-1	115	0	-1						-1
3093615	维京路障僵尸15	20720	71	17251	1667	0	500	1000	9500	0	20720	-1	-1	115	0	-1						-1
3093616	维京路障僵尸16	20720	71	17385	1680	0	500	1000	9500	0	20720	-1	-1	115	0	-1						-1
3093617	维京路障僵尸17	20720	71	17516	1692	0	500	1000	9500	0	20720	-1	-1	115	0	-1						-1
3093618	维京路障僵尸18	20720	71	17649	1705	0	500	1000	9500	0	20720	-1	-1	115	0	-1						-1
3093619	维京路障僵尸19	20720	71	17783	1718	0	500	1000	9500	0	20720	-1	-1	115	0	-1						-1
3093620	维京路障僵尸20	20720	71	17915	1731	0	500	1000	9500	0	20720	-1	-1	115	0	-1						-1
3093621	维京路障僵尸21	20720	71	18048	1744	0	500	1000	9500	0	20720	-1	-1	115	0	-1						-1
3093622	维京路障僵尸22	20720	71	18180	1756	0	500	1000	9500	0	20720	-1	-1	115	0	-1						-1
3093623	维京路障僵尸23	20720	71	18313	1769	0	500	1000	9500	0	20720	-1	-1	115	0	-1						-1
3093624	维京路障僵尸24	20720	71	18446	1782	0	500	1000	9500	0	20720	-1	-1	115	0	-1						-1
3093625	维京路障僵尸25	20720	71	18579	1795	0	500	1000	9500	0	20720	-1	-1	115	0	-1						-1
3093626	维京路障僵尸26	20720	71	18712	1808	0	500	1000	9500	0	20720	-1	-1	115	0	-1						-1
3093627	维京路障僵尸27	20720	71	18844	1820	0	500	1000	9500	0	20720	-1	-1	115	0	-1						-1
3093628	维京路障僵尸28	20720	71	18977	1833	0	500	1000	9500	0	20720	-1	-1	115	0	-1						-1
3093629	维京路障僵尸29	20720	71	19110	1846	0	500	1000	9500	0	20720	-1	-1	115	0	-1						-1
3093630	维京路障僵尸30	20720	71	19241	1860	0	500	1000	9500	0	20720	-1	-1	115	0	-1						-1
3093701	维京铁桶僵尸1	20722	71	18957	1464	0	500	1000	9500	0	20722	-1	-1	115	0	-1			109100201			-1
3093702	维京铁桶僵尸2	20722	71	19120	1476	0	500	1000	9500	0	20722	-1	-1	115	0	-1			109100201			-1
3093703	维京铁桶僵尸3	20722	71	19284	1489	0	500	1000	9500	0	20722	-1	-1	115	0	-1			109100201			-1
3093704	维京铁桶僵尸4	20722	71	19447	1501	0	500	1000	9500	0	20722	-1	-1	115	0	-1			109100201			-1
3093705	维京铁桶僵尸5	20722	71	19611	1514	0	500	1000	9500	0	20722	-1	-1	115	0	-1			109100201			-1
3093706	维京铁桶僵尸6	20722	71	19775	1527	0	500	1000	9500	0	20722	-1	-1	115	0	-1			109100201			-1
3093707	维京铁桶僵尸7	20722	71	19938	1539	0	500	1000	9500	0	20722	-1	-1	115	0	-1			109100201			-1
3093708	维京铁桶僵尸8	20722	71	20101	1552	0	500	1000	9500	0	20722	-1	-1	115	0	-1			109100201			-1
3093709	维京铁桶僵尸9	20722	71	20264	1564	0	500	1000	9500	0	20722	-1	-1	115	0	-1			109100201			-1
3093710	维京铁桶僵尸10	20722	71	20429	1577	0	500	1000	9500	0	20722	-1	-1	115	0	-1			109100201			-1
3093711	维京铁桶僵尸11	20722	71	20592	1590	0	500	1000	9500	0	20722	-1	-1	115	0	-1			109100201			-1
3093712	维京铁桶僵尸12	20722	71	20755	1602	0	500	1000	9500	0	20722	-1	-1	115	0	-1			109100201			-1
3093713	维京铁桶僵尸13	20722	71	20919	1615	0	500	1000	9500	0	20722	-1	-1	115	0	-1			109100201			-1
3093714	维京铁桶僵尸14	20722	71	21082	1627	0	500	1000	9500	0	20722	-1	-1	115	0	-1			109100201			-1
3093715	维京铁桶僵尸15	20722	71	21246	1640	0	500	1000	9500	0	20722	-1	-1	115	0	-1			109100201			-1
3093716	维京铁桶僵尸16	20722	71	21410	1653	0	500	1000	9500	0	20722	-1	-1	115	0	-1			109100201			-1
3093717	维京铁桶僵尸17	20722	71	21573	1665	0	500	1000	9500	0	20722	-1	-1	115	0	-1			109100201			-1
3093718	维京铁桶僵尸18	20722	71	21736	1678	0	500	1000	9500	0	20722	-1	-1	115	0	-1			109100201			-1
3093719	维京铁桶僵尸19	20722	71	21899	1690	0	500	1000	9500	0	20722	-1	-1	115	0	-1			109100201			-1
3093720	维京铁桶僵尸20	20722	71	22064	1703	0	500	1000	9500	0	20722	-1	-1	115	0	-1			109100201			-1
3093721	维京铁桶僵尸21	20722	71	22227	1716	0	500	1000	9500	0	20722	-1	-1	115	0	-1			109100201			-1
3093722	维京铁桶僵尸22	20722	71	22390	1728	0	500	1000	9500	0	20722	-1	-1	115	0	-1			109100201			-1
3093723	维京铁桶僵尸23	20722	71	22554	1741	0	500	1000	9500	0	20722	-1	-1	115	0	-1			109100201			-1
3093724	维京铁桶僵尸24	20722	71	22717	1753	0	500	1000	9500	0	20722	-1	-1	115	0	-1			109100201			-1
3093725	维京铁桶僵尸25	20722	71	22881	1766	0	500	1000	9500	0	20722	-1	-1	115	0	-1			109100201			-1
3093726	维京铁桶僵尸26	20722	71	23045	1779	0	500	1000	9500	0	20722	-1	-1	115	0	-1			109100201			-1
3093727	维京铁桶僵尸27	20722	71	23208	1791	0	500	1000	9500	0	20722	-1	-1	115	0	-1			109100201			-1
3093728	维京铁桶僵尸28	20722	71	23372	1804	0	500	1000	9500	0	20722	-1	-1	115	0	-1			109100201			-1
3093729	维京铁桶僵尸29	20722	71	23534	1816	0	500	1000	9500	0	20722	-1	-1	115	0	-1			109100201			-1
3093730	维京铁桶僵尸30	20722	71	23697	1830	0	500	1000	9500	0	20722	-1	-1	115	0	-1			109100201			-1
3093801	号角僵尸1	20724	71	7051	531	0	500	1000	9500	0	11111013	-1	-1	115	0	-1						-1
3093802	号角僵尸2	20724	71	7111	535	0	500	1000	9500	0	11111013	-1	-1	115	0	-1						-1
3093803	号角僵尸3	20724	71	7172	540	0	500	1000	9500	0	11111013	-1	-1	115	0	-1						-1
3093804	号角僵尸4	20724	71	7233	545	0	500	1000	9500	0	11111013	-1	-1	115	0	-1						-1
3093805	号角僵尸5	20724	71	7294	550	0	500	1000	9500	0	11111013	-1	-1	115	0	-1						-1
3093806	号角僵尸6	20724	71	7354	555	0	500	1000	9500	0	11111013	-1	-1	115	0	-1						-1
3093807	号角僵尸7	20724	71	7415	560	0	500	1000	9500	0	11111013	-1	-1	115	0	-1						-1
3093808	号角僵尸8	20724	71	7476	565	0	500	1000	9500	0	11111013	-1	-1	115	0	-1						-1
3093809	号角僵尸9	20724	71	7536	570	0	500	1000	9500	0	11111013	-1	-1	115	0	-1						-1
3093810	号角僵尸10	20724	71	7596	575	0	500	1000	9500	0	11111013	-1	-1	115	0	-1						-1
3093811	号角僵尸11	20724	71	7659	580	0	500	1000	9500	0	11111013	-1	-1	115	0	-1						-1
3093812	号角僵尸12	20724	71	7719	584	0	500	1000	9500	0	11111013	-1	-1	115	0	-1						-1
3093813	号角僵尸13	20724	71	7780	589	0	500	1000	9500	0	11111013	-1	-1	115	0	-1						-1
3093814	号角僵尸14	20724	71	7841	594	0	500	1000	9500	0	11111013	-1	-1	115	0	-1						-1
3093815	号角僵尸15	20724	71	7901	599	0	500	1000	9500	0	11111013	-1	-1	115	0	-1						-1
3093816	号角僵尸16	20724	71	7962	604	0	500	1000	9500	0	11111013	-1	-1	115	0	-1						-1
3093817	号角僵尸17	20724	71	8023	609	0	500	1000	9500	0	11111013	-1	-1	115	0	-1						-1
3093818	号角僵尸18	20724	71	8084	614	0	500	1000	9500	0	11111013	-1	-1	115	0	-1						-1
3093819	号角僵尸19	20724	71	8144	619	0	500	1000	9500	0	11111013	-1	-1	115	0	-1						-1
3093820	号角僵尸20	20724	71	8205	624	0	500	1000	9500	0	11111013	-1	-1	115	0	-1						-1
3093821	号角僵尸21	20724	71	8267	629	0	500	1000	9500	0	11111013	-1	-1	115	0	-1						-1
3093822	号角僵尸22	20724	71	8327	633	0	500	1000	9500	0	11111013	-1	-1	115	0	-1						-1
3093823	号角僵尸23	20724	71	8388	638	0	500	1000	9500	0	11111013	-1	-1	115	0	-1						-1
3093824	号角僵尸24	20724	71	8449	643	0	500	1000	9500	0	11111013	-1	-1	115	0	-1						-1
3093825	号角僵尸25	20724	71	8509	648	0	500	1000	9500	0	11111013	-1	-1	115	0	-1						-1
3093826	号角僵尸26	20724	71	8570	653	0	500	1000	9500	0	11111013	-1	-1	115	0	-1						-1
3093827	号角僵尸27	20724	71	8631	658	0	500	1000	9500	0	11111013	-1	-1	115	0	-1						-1
3093828	号角僵尸28	20724	71	8692	663	0	500	1000	9500	0	11111013	-1	-1	115	0	-1						-1
3093829	号角僵尸29	20724	71	8752	668	0	500	1000	9500	0	11111013	-1	-1	115	0	-1						-1
3093830	号角僵尸30	20724	71	8813	672	0	500	1000	9500	0	11111013	-1	-1	115	0	-1						-1
3093901	飞龙饲养员1	20726	71	7102	1488	0	500	1000	9500	0	11111014	-1	-1	115	0	-1						-1
3093902	飞龙饲养员2	20726	71	7163	1500	0	500	1000	9500	0	11111014	-1	-1	115	0	-1						-1
3093903	飞龙饲养员3	20726	71	7224	1513	0	500	1000	9500	0	11111014	-1	-1	115	0	-1						-1
3093904	飞龙饲养员4	20726	71	7285	1526	0	500	1000	9500	0	11111014	-1	-1	115	0	-1						-1
3093905	飞龙饲养员5	20726	71	7346	1539	0	500	1000	9500	0	11111014	-1	-1	115	0	-1						-1
3093906	飞龙饲养员6	20726	71	7408	1552	0	500	1000	9500	0	11111014	-1	-1	115	0	-1						-1
3093907	飞龙饲养员7	20726	71	7469	1564	0	500	1000	9500	0	11111014	-1	-1	115	0	-1						-1
3093908	飞龙饲养员8	20726	71	7530	1577	0	500	1000	9500	0	11111014	-1	-1	115	0	-1						-1
3093909	飞龙饲养员9	20726	71	7591	1590	0	500	1000	9500	0	11111014	-1	-1	115	0	-1						-1
3093910	飞龙饲养员10	20726	71	7652	1603	0	500	1000	9500	0	11111014	-1	-1	115	0	-1						-1
3093911	飞龙饲养员11	20726	71	7714	1616	0	500	1000	9500	0	11111014	-1	-1	115	0	-1						-1
3093912	飞龙饲养员12	20726	71	7775	1628	0	500	1000	9500	0	11111014	-1	-1	115	0	-1						-1
3093913	飞龙饲养员13	20726	71	7836	1641	0	500	1000	9500	0	11111014	-1	-1	115	0	-1						-1
3093914	飞龙饲养员14	20726	71	7897	1654	0	500	1000	9500	0	11111014	-1	-1	115	0	-1						-1
3093915	飞龙饲养员15	20726	71	7958	1667	0	500	1000	9500	0	11111014	-1	-1	115	0	-1						-1
3093916	飞龙饲养员16	20726	71	8020	1680	0	500	1000	9500	0	11111014	-1	-1	115	0	-1						-1
3093917	飞龙饲养员17	20726	71	8081	1692	0	500	1000	9500	0	11111014	-1	-1	115	0	-1						-1
3093918	飞龙饲养员18	20726	71	8142	1705	0	500	1000	9500	0	11111014	-1	-1	115	0	-1						-1
3093919	飞龙饲养员19	20726	71	8203	1718	0	500	1000	9500	0	11111014	-1	-1	115	0	-1						-1
3093920	飞龙饲养员20	20726	71	8264	1731	0	500	1000	9500	0	11111014	-1	-1	115	0	-1						-1
3093921	飞龙饲养员21	20726	71	8326	1744	0	500	1000	9500	0	11111014	-1	-1	115	0	-1						-1
3093922	飞龙饲养员22	20726	71	8387	1756	0	500	1000	9500	0	11111014	-1	-1	115	0	-1						-1
3093923	飞龙饲养员23	20726	71	8448	1769	0	500	1000	9500	0	11111014	-1	-1	115	0	-1						-1
3093924	飞龙饲养员24	20726	71	8509	1782	0	500	1000	9500	0	11111014	-1	-1	115	0	-1						-1
3093925	飞龙饲养员25	20726	71	8570	1795	0	500	1000	9500	0	11111014	-1	-1	115	0	-1						-1
3093926	飞龙饲养员26	20726	71	8633	1808	0	500	1000	9500	0	11111014	-1	-1	115	0	-1						-1
3093927	飞龙饲养员27	20726	71	8693	1820	0	500	1000	9500	0	11111014	-1	-1	115	0	-1						-1
3093928	飞龙饲养员28	20726	71	8754	1833	0	500	1000	9500	0	11111014	-1	-1	115	0	-1						-1
3093929	飞龙饲养员29	20726	71	8816	1846	0	500	1000	9500	0	11111014	-1	-1	115	0	-1						-1
3093930	飞龙饲养员30	20726	71	8878	1860	0	500	1000	9500	0	11111014	-1	-1	115	0	-1						-1
4100401	旗子木乃伊1boss	20103	31	1077	114	0	500	1000	9500	0	20103	-1	-1	115	1	-1						-1
4100402	死神僵尸2boss	20107	31	1369	134	0	500	1000	9500	0	20107	-1	-1	115	1	-1						-1
4100403	太阳神僵尸3boss	20108	31	819	74	0	500	1000	9500	0	20108	-1	-1	115	1	-1						-1
4100404	铁桶木乃伊4boss	20104	31	2442	122	0	500	1000	9500	0	20104	10020337	-1	115	1	-1						-1
4100406	旗子木乃伊6boss	20103	31	1309	126	0	500	1000	9500	0	20103	-1	-1	115	1	-1						-1
4100407	探险家僵尸7boss	20106	31	1020	133	0	500	1000	9500	0	20106	-1	-1	115	1	-1						-1
4100408	探险家僵尸8boss	20106	31	1054	136	0	500	1000	9500	0	20106	-1	-1	115	1	-1						-1
4100409	死神僵尸9boss	20107	31	1767	161	0	500	1000	9500	0	20107	-1	-1	115	1	-1						-1
4100411	太阳神僵尸11boss	20108	31	1113	97	0	500	1000	9500	0	20108	10020108	-1	115	1	-1						-1
4100412	探险家僵尸12boss	20106	31	1195	150	0	500	1000	9500	0	20106	-1	-1	115	1	-1						-1
4100413	路障木乃伊13boss	20102	31	2664	153	0	500	1000	9500	0	20102	-1	-1	115	1	-1						-1
4100414	路障木乃伊14boss	20102	31	2739	157	0	500	1000	9500	0	20102	-1	-1	115	1	-1						-1
4100416	路障木乃伊16boos	20102	31	2892	164	0	500	1000	9500	0	20102	-1	-1	115	1	-1						-1
4100417	死神僵尸17boss	20107	31	2220	192	0	500	1000	9500	0	20107	-1	-1	115	1	-1						-1
4100418	铁桶木乃伊18boss	20104	31	3748	168	0	500	1000	9500	0	20104	10020337	-1	115	1	-1						-1
4100419	旗子木乃伊19boss	20103	31	1912	159	0	500	1000	9500	0	20103	-1	-1	115	1	-1						-1
4100421	太阳神僵尸21boss	20108	31	1479	126	0	500	1000	9500	0	20108	10020108	-1	115	1	-1						-1
4100422	铁桶木乃伊22boss	20104	31	4121	181	0	500	1000	9500	0	20104	10020337	-1	115	1	-1						-1
4100423	路障木乃伊23boss	20102	31	3422	188	0	500	1000	9500	0	20102	-1	-1	115	1	-1						-1
4100424	探险家僵尸24boss	20106	31	1615	191	0	500	1000	9500	0	20106	-1	-1	115	1	-1						-1
4100426	太阳神僵尸26boss	20108	31	1662	140	0	500	1000	9500	0	20108	10020108	-1	115	1	-1						-1
4100427	探险家僵尸27boss	20106	31	1721	202	0	500	1000	9500	0	20106	-1	-1	115	1	-1						-1
4100428	太阳神僵尸28boss	20108	31	1735	145	0	500	1000	9500	0	20108	10020108	-1	115	1	-1						-1
4100429	探险家僵尸29boss	20106	31	1791	209	0	500	1000	9500	0	20106	-1	-1	115	1	-1						-1
4100501	铁桶海盗1boss	20204	39	4936	210	0	500	1000	9500	0	20204	-1	-1	115	1	-1						-1
4100502	飞索海盗2boss	20205	39	3030	244	0	500	1000	9500	0	20205	10020356	-1	115	1	-1						-1
4100503	海鸥海盗3boss	20206	39	1913	243	0	500	1000	9500	0	20206	-1	-1	115	1	-1						-1
4100504	火炬武师4boss	20610	39	1950	158	0	500	1000	9500	0	20610	-1	-1	115	1	-1						-1
4100506	铁桶海盗6boss	20204	39	5456	265	0	500	1000	9500	0	20204	-1	-1	115	1	-1						-1
4100507	飞索海盗7boss	20205	39	3190	331	0	500	1000	9500	0	20205	10020356	-1	115	1	-1						-1
4100508	海鸥海盗8boss	20206	39	2109	319	0	500	1000	9500	0	20206	-1	-1	115	1	-1						-1
4100509	火炬武师9boss	20610	39	2143	169	0	500	1000	9500	0	20610	-1	-1	115	1	-1						-1
4100511	路障海盗11boss	20202	39	4852	316	0	500	1000	9500	0	20202	-1	-1	115	1	-1						-1
4100512	飞索海盗12boss	20205	39	3349	419	0	500	1000	9500	0	20205	10020356	-1	115	1	-1						-1
4100513	海鸥海盗13boss	20206	39	2306	394	0	500	1000	9500	0	20206	-1	-1	115	1	-1						-1
4100514	火炬武师14boss	20610	39	2337	180	0	500	1000	9500	0	20610	-1	-1	115	1	-1						-1
4100516	路障海盗16boss	20202	39	5274	368	0	500	1000	9500	0	20202	-1	-1	115	1	-1						-1
4100517	铁桶海盗17boss	20204	39	6601	387	0	500	1000	9500	0	20204	-1	-1	115	1	-1						-1
4100518	飞索海盗18boss	20205	39	3541	524	0	500	1000	9500	0	20205	10020356	-1	115	1	-1						-1
4100519	海鸥海盗19boss	20206	39	2543	485	0	500	1000	9500	0	20206	-1	-1	115	1	-1						-1
4100521	火炬武师21boss	20610	39	2608	196	0	500	1000	9500	0	20610	-1	-1	115	1	-1						-1
4100522	铁桶海盗22boss	20204	39	7121	443	0	500	1000	9500	0	20204	-1	-1	115	1	-1						-1
4100523	飞索海盗23boss	20205	39	3700	612	0	500	1000	9500	0	20205	10020356	-1	115	1	-1						-1
4100524	海鸥海盗24boss	20206	39	2740	561	0	500	1000	9500	0	20206	-1	-1	115	1	-1						-1
4100526	火炬武师26boss	20610	39	2801	207	0	500	1000	9500	0	20610	-1	-1	115	1	-1						-1
4100527	路障海盗27boss	20202	39	6203	482	0	500	1000	9500	0	20202	-1	-1	115	1	-1						-1
4100528	飞索海盗28boss	20205	39	3861	700	0	500	1000	9500	0	20205	10020356	-1	115	1	-1						-1
4100529	海鸥海盗29boss	20206	39	2938	637	0	500	1000	9500	0	20206	-1	-1	115	1	-1						-1
4100601	淘金僵尸1boss	20305	47	4886	735	0	500	1000	9500	0	20305	10020329	-1	115	1	-1						-1
4100602	铁桶牛仔2boss	20303	47	8153	678	0	500	1000	9500	0	20303	-1	-1	115	1	-1						-1
4100603	钢琴僵尸3boss	20306	47	3072	237	0	500	1000	9500	0	20306	-1	-1	115	1	-1						-1
4100604	淘金僵尸4boss	20305	47	5087	871	0	500	1000	9500	0	20305	10020329	-1	115	1	-1						-1
4100606	钢琴僵尸6boss	20306	47	3195	248	0	500	1000	9500	0	20306	-1	-1	115	1	-1						-1
4100607	铁桶牛仔7boss	20303	47	8703	876	0	500	1000	9500	0	20303	-1	-1	115	1	-1						-1
4100608	淘金僵尸8boss	20305	47	5353	1054	0	500	1000	9500	0	20305	10020329	-1	115	1	-1						-1
4100609	路障牛仔9boss	20302	47	7244	972	0	500	1000	9500	0	20302	-1	-1	115	1	-1						-1
4100611	钢琴僵尸11boss	20306	47	3401	265	0	500	1000	9500	0	20306	-1	-1	115	1	-1						-1
4100612	铁桶牛仔12boss	20303	47	9253	1074	0	500	1000	9500	0	20303	-1	-1	115	1	-1						-1
4100613	钢琴僵尸13boss	20306	47	3483	272	0	500	1000	9500	0	20306	-1	-1	115	1	-1						-1
4100614	淘金僵尸14boss	20305	47	5755	1327	0	500	1000	9500	0	20305	10020329	-1	115	1	-1						-1
4100616	钢琴僵尸16boss	20306	47	3605	282	0	500	1000	9500	0	20306	-1	-1	115	1	-1						-1
4100617	铁桶牛仔17boss	20303	47	9803	1272	0	500	1000	9500	0	20303	-1	-1	115	1	-1						-1
4100618	淘金僵尸18boss	20305	47	6023	1510	0	500	1000	9500	0	20305	10020329	-1	115	1	-1						-1
4100619	路障牛仔19boss	20302	47	8139	1374	0	500	1000	9500	0	20302	-1	-1	115	1	-1						-1
4100621	淘金僵尸21boss	20305	47	6224	1647	0	500	1000	9500	0	20305	-1	-1	115	1	-1						-1
4100622	铁桶牛仔22boss	20303	47	10353	1470	0	500	1000	9500	0	20303	-1	-1	115	1	-1						-1
4100623	钢琴僵尸23boss	20306	47	3892	306	0	500	1000	9500	0	20306	-1	-1	115	1	-1						-1
4100624	淘金僵尸24boss	20305	47	6425	1783	0	500	1000	9500	0	20305	10020329	-1	115	1	-1						-1
4100626	钢琴僵尸26boss	20306	47	4016	317	0	500	1000	9500	0	20306	-1	-1	115	1	-1						-1
4100627	铁桶牛仔27boss	20303	47	10903	1668	0	500	1000	9500	0	20303	-1	-1	115	1	-1						-1
4100628	淘金僵尸28boss	20305	47	6691	1966	0	500	1000	9500	0	20305	10020329	-1	115	1	-1						-1
4100629	钢琴僵尸29boss	20306	47	4138	327	0	500	1000	9500	0	20306	-1	-1	115	1	-1						-1
4100701	路障武师1boss	20602	55	9207	909	0	500	1000	9500	0	20602	-1	-1	115	1	-1						-1
4100702	气功师2boss	20611	55	4328	345	0	500	1000	9500	0	20611	10020357	-1	115	1	-1						-1
4100703	铜锣僵尸3boss	20612	55	10498	933	0	500	1000	9500	0	20612	-1	-1	115	1	-1						-1
4100704	酒鬼武师4boss	20609	55	7348	1096	0	500	1000	9500	0	20609	-1	-1	115	1	-1						-1
4100706	气功师6boss	20611	55	4699	369	0	500	1000	9500	0	20611	10020357	-1	115	1	-1						-1
4100707	大锤武师7boss	20607	55	7805	1164	0	500	1000	9500	0	20607	-1	-1	115	1	-1						-1
4100708	路障武师8boss	20602	55	10634	1048	0	500	1000	9500	0	20602	-1	-1	115	1	-1						-1
4100709	炸弹僵尸9boss	20604	55	5000	1068	0	500	1000	9500	0	20604	-1	-1	115	1	-1						-1
4100711	铜锣僵尸11boss	20612	55	12813	1090	0	500	1000	9500	0	20612	-1	-1	115	1	-1						-1
4100712	酒鬼武师12boss	20609	55	8569	1276	0	500	1000	9500	0	20609	-1	-1	115	1	-1						-1
4100713	气功师13boss	20611	55	5349	412	0	500	1000	9500	0	20611	10020357	-1	115	1	-1						-1
4100714	大锤武师14boss	20607	55	8874	1321	0	500	1000	9500	0	20607	-1	-1	115	1	-1						-1
4100716	路障武师16boss	20602	55	12266	1208	0	500	1000	9500	0	20602	-1	-1	115	1	-1						-1
4100717	气功师17boss	20611	55	5718	437	0	500	1000	9500	0	20611	10020357	-1	115	1	-1						-1
4100718	炸弹僵尸18boss	20604	55	5845	1248	0	500	1000	9500	0	20604	-1	-1	115	1	-1						-1
4100719	酒鬼武师19boss	20609	55	9637	1434	0	500	1000	9500	0	20609	-1	-1	115	1	-1						-1
4100721	气功师21boss	20611	55	6090	462	0	500	1000	9500	0	20611	10020357	-1	115	1	-1						-1
4100722	大锤武师22boss	20607	55	10094	1501	0	500	1000	9500	0	20607	-1	-1	115	1	-1						-1
4100723	路障武师23boss	20602	55	13694	1347	0	500	1000	9500	0	20602	-1	-1	115	1	-1						-1
4100724	炸弹僵尸24boss	20604	55	6410	1367	0	500	1000	9500	0	20604	-1	-1	115	1	-1						-1
4100726	铜锣僵尸26boss	20612	55	17153	1385	0	500	1000	9500	0	20612	-1	-1	115	1	-1						-1
4100727	酒鬼武师27boss	20609	55	10858	1614	0	500	1000	9500	0	20609	-1	-1	115	1	-1						-1
4100728	气功师28boss	20611	55	6738	505	0	500	1000	9500	0	20611	10020357	-1	115	1	-1						-1
4100729	大锤武师29boss	20607	55	11163	1659	0	500	1000	9500	0	20607	-1	-1	115	1	-1						-1
4100801	红孩儿1boss	20707	63	11406	1770	0	500	1000	9500	0	20707	10020361	-1	115	1	-1						-1
4100802	蜘蛛精2boss	20711	63	7104	1514	0	500	1000	9500	0	20711	10020362	-1	115	1	-1						-1
4100803	黑熊精3boss	20708	63	13054	1739	0	500	1000	9500	0	20708	10020363	-1	115	1	-1						-1
4100804	叉子小鬼4boss	20705	63	7391	554	0	500	1000	9500	0	11111011	-1	-1	115	1	-1						-1
4100806	蜘蛛精6boss	20711	63	7600	1618	0	500	1000	9500	0	20711	10020362	-1	115	1	-1						-1
4100807	红孩儿7boss	20707	63	12595	1955	0	500	1000	9500	0	20707	10020361	-1	115	1	-1						-1
4100808	蜘蛛精8boss	20711	63	7849	1670	0	500	1000	9500	0	20711	10020362	-1	115	1	-1						-1
4100809	黑熊精9boss	20708	63	14136	1913	0	500	1000	9500	0	20708	10020363	-1	115	1	-1						-1
4100811	黑熊精11boss	20708	63	14497	1971	0	500	1000	9500	0	20708	10020363	-1	115	1	-1						-1
4100812	红孩儿12boss	20707	63	13586	2109	0	500	1000	9500	0	20707	10020361	-1	115	1	-1						-1
4100813	叉子小鬼13boss	20705	63	8468	634	0	500	1000	9500	0	11111011	-1	-1	115	1	-1						-1
4100814	红孩儿14boss	20707	63	13983	2171	0	500	1000	9500	0	20707	10020361	-1	115	1	-1						-1
4100816	黑熊精16boss	20708	63	15399	2115	0	500	1000	9500	0	20708	10020363	-1	115	1	-1						-1
4100817	蜘蛛精17boss	20711	63	8965	1905	0	500	1000	9500	0	20711	10020362	-1	115	1	-1						-1
4100818	叉子小鬼18boss	20705	63	9065	678	0	500	1000	9500	0	11111011	-1	-1	115	1	-1						-1
4100819	红孩儿19boss	20707	63	14975	2326	0	500	1000	9500	0	20707	10020361	-1	115	1	-1						-1
4100821	黑熊精21boss	20708	63	16301	2260	0	500	1000	9500	0	20708	10020363	-1	115	1	-1						-1
4100822	叉子小鬼22boss	20705	63	9544	713	0	500	1000	9500	0	11111011	-1	-1	115	1	-1						-1
4100823	叉子小鬼23boss	20705	63	9664	722	0	500	1000	9500	0	11111011	-1	-1	115	1	-1						-1
4100824	红孩儿24boss	20707	63	15966	2480	0	500	1000	9500	0	20707	10020361	-1	115	1	-1						-1
4100826	黑熊精26boss	20708	63	17203	2405	0	500	1000	9500	0	20708	10020363	-1	115	1	-1						-1
4100827	叉子小鬼27boss	20705	63	10142	758	0	500	1000	9500	0	11111011	-1	-1	115	1	-1						-1
4100828	叉子小鬼28boss	20705	63	10262	766	0	500	1000	9500	0	11111011	-1	-1	115	1	-1						-1
4100829	红孩儿29boss	20707	63	16958	2635	0	500	1000	9500	0	20707	10020361	-1	115	1	-1						-1
4100901	维京路障僵尸1boss	20720	71	23090	2232	0	500	1000	9500	0	20720	10020381	-1	115	1	-1						-1
4100902	维京铁桶僵尸2boss	20722	71	28681	2214	0	500	1000	9500	0	20722	10020382	-1	115	1	-1						-1
4100903	号角僵尸3boss	20724	71	10758	811	0	500	1000	9500	0	20724	10020376	-1	115	1	-1						-1
4100904	飞龙饲养员4boss	20726	71	10929	2289	0	500	1000	9500	0	20726	10020377	-1	115	1	-1						-1
4100906	维京路障僵尸6boss	20720	71	24086	2328	0	500	1000	9500	0	20720	10020381	-1	115	1	-1						-1
4100907	维京铁桶僵尸7boss	20722	71	29907	2309	0	500	1000	9500	0	20722	10020382	-1	115	1	-1						-1
4100908	号角僵尸8boss	20724	71	11214	847	0	500	1000	9500	0	20724	10020376	-1	115	1	-1						-1
4100909	飞龙饲养员9boss	20726	71	11387	2385	0	500	1000	9500	0	20726	10020377	-1	115	1	-1						-1
4100911	维京路障僵尸11boss	20720	71	25082	2424	0	500	1000	9500	0	20720	10020381	-1	115	1	-1						-1
4100912	维京铁桶僵尸12boss	20722	71	31133	2403	0	500	1000	9500	0	20722	10020382	-1	115	1	-1						-1
4100913	号角僵尸13boss	20724	71	11670	884	0	500	1000	9500	0	20724	10020376	-1	115	1	-1						-1
4100914	飞龙饲养员14boss	20726	71	11847	2481	0	500	1000	9500	0	20726	10020377	-1	115	1	-1						-1
4100916	维京路障僵尸16boss	20720	71	26077	2520	0	500	1000	9500	0	20720	10020381	-1	115	1	-1						-1
4100917	维京铁桶僵尸17boss	20722	71	32360	2498	0	500	1000	9500	0	20722	10020382	-1	115	1	-1						-1
4100918	号角僵尸18boss	20724	71	12127	921	0	500	1000	9500	0	20724	10020376	-1	115	1	-1						-1
4100919	飞龙饲养员19boss	20726	71	12305	2577	0	500	1000	9500	0	20726	10020377	-1	115	1	-1						-1
4100921	维京路障僵尸21boss	20720	71	27073	2616	0	500	1000	9500	0	20720	10020381	-1	115	1	-1						-1
4100922	维京铁桶僵尸22boss	20722	71	33586	2592	0	500	1000	9500	0	20722	10020382	-1	115	1	-1						-1
4100923	号角僵尸23boss	20724	71	12583	958	0	500	1000	9500	0	20724	10020376	-1	115	1	-1						-1
4100924	飞龙饲养员24boss	20726	71	12765	2673	0	500	1000	9500	0	20726	10020377	-1	115	1	-1						-1
4100926	维京路障僵尸26boss	20720	71	28068	2712	0	500	1000	9500	0	20720	10020381	-1	115	1	-1						-1
4100927	维京铁桶僵尸27boss	20722	71	34813	2687	0	500	1000	9500	0	20722	10020382	-1	115	1	-1						-1
4100928	号角僵尸28boss	20724	71	13038	994	0	500	1000	9500	0	20724	10020376	-1	115	1	-1						-1
4100929	飞龙饲养员29boss	20726	71	13223	2769	0	500	1000	9500	0	20726	10020377	-1	115	1	-1						-1
3020106	普通原始人6	20501	23	290	51	0	0	1000	9500	0	20501	-1	-1	115	0	-1						-1
3020107	普通原始人7	20501	23	295	51	0	0	1000	9500	0	20501	-1	-1	115	0	-1						-1
3020108	普通原始人8	20501	23	305	51	0	0	1000	9500	0	20501	-1	-1	115	0	-1						-1
3020109	普通原始人9	20501	23	314	51	0	0	1000	9500	0	20501	-1	-1	115	0	-1						-1
3020110	普通原始人10	20501	23	324	52	0	0	1000	9500	0	20501	-1	-1	115	0	-1						-1
3020111	普通原始人11	20501	23	326	51	0	0	1000	9500	0	20501	-1	-1	115	0	-1						-1
3020112	普通原始人12	20501	23	329	52	0	0	1000	9500	0	20501	-1	-1	115	0	-1						-1
3020113	普通原始人13	20501	23	335	52	0	0	1000	9500	0	20501	-1	-1	115	0	-1						-1
3020114	普通原始人14	20501	23	341	52	0	0	1000	9500	0	20501	-1	-1	115	0	-1						-1
3020115	普通原始人15	20501	23	347	53	0	0	1000	9500	0	20501	-1	-1	115	0	-1						-1
3020116	普通原始人16	20501	23	349	53	0	0	1000	9500	0	20501	-1	-1	115	0	-1						-1
3020117	普通原始人17	20501	23	351	53	0	0	1000	9500	0	20501	-1	-1	115	0	-1						-1
3020118	普通原始人18	20501	23	356	53	0	0	1000	9500	0	20501	-1	-1	115	0	-1						-1
3020119	普通原始人19	20501	23	361	53	0	0	1000	9500	0	20501	-1	-1	115	0	-1						-1
3020120	普通原始人20	20501	23	366	54	0	0	1000	9500	0	20501	-1	-1	115	0	-1						-1
3020206	面具原始人6	20504	23	379	50	0	0	1000	9500	0	20504	-1	-1	115	0	-1						-1
3020207	面具原始人7	20504	23	384	51	0	0	1000	9500	0	20504	-1	-1	115	0	-1						-1
3020208	面具原始人8	20504	23	395	52	0	0	1000	9500	0	20504	-1	-1	115	0	-1						-1
3020209	面具原始人9	20504	23	405	53	0	0	1000	9500	0	20504	-1	-1	115	0	-1						-1
3020210	面具原始人10	20504	23	416	54	0	0	1000	9500	0	20504	-1	-1	115	0	-1						-1
3020211	面具原始人11	20504	23	421	54	0	0	1000	9500	0	20504	-1	-1	115	0	-1						-1
3020212	面具原始人12	20504	23	426	55	0	0	1000	9500	0	20504	-1	-1	115	0	-1						-1
3020213	面具原始人13	20504	23	436	56	0	0	1000	9500	0	20504	-1	-1	115	0	-1						-1
3020214	面具原始人14	20504	23	446	57	0	0	1000	9500	0	20504	-1	-1	115	0	-1						-1
3020215	面具原始人15	20504	23	457	58	0	0	1000	9500	0	20504	-1	-1	115	0	-1						-1
3020216	面具原始人16	20504	23	460	58	0	0	1000	9500	0	20504	-1	-1	115	0	-1						-1
3020217	面具原始人17	20504	23	463	59	0	0	1000	9500	0	20504	-1	-1	115	0	-1						-1
3020218	面具原始人18	20504	23	469	60	0	0	1000	9500	0	20504	-1	-1	115	0	-1						-1
3020219	面具原始人19	20504	23	475	61	0	0	1000	9500	0	20504	-1	-1	115	0	-1						-1
3020220	面具原始人20	20504	23	482	62	0	0	1000	9500	0	20504	-1	-1	115	0	-1						-1
3020306	路障原始人6	20502	23	564	50	0	0	1000	9500	0	20502	-1	-1	115	0	-1						-1
3020307	路障原始人7	20502	23	565	51	0	0	1000	9500	0	20502	-1	-1	115	0	-1						-1
3020308	路障原始人8	20502	23	567	52	0	0	1000	9500	0	20502	-1	-1	115	0	-1						-1
3020309	路障原始人9	20502	23	569	53	0	0	1000	9500	0	20502	-1	-1	115	0	-1						-1
3020310	路障原始人10	20502	23	572	54	0	0	1000	9500	0	20502	-1	-1	115	0	-1						-1
3020311	路障原始人11	20502	23	574	54	0	0	1000	9500	0	20502	-1	-1	115	0	-1						-1
3020312	路障原始人12	20502	23	576	55	0	0	1000	9500	0	20502	-1	-1	115	0	-1						-1
3020313	路障原始人13	20502	23	580	56	0	0	1000	9500	0	20502	-1	-1	115	0	-1						-1
3020314	路障原始人14	20502	23	584	57	0	0	1000	9500	0	20502	-1	-1	115	0	-1						-1
3020315	路障原始人15	20502	23	588	58	0	0	1000	9500	0	20502	-1	-1	115	0	-1						-1
3020316	路障原始人16	20502	23	589	58	0	0	1000	9500	0	20502	-1	-1	115	0	-1						-1
3020317	路障原始人17	20502	23	590	59	0	0	1000	9500	0	20502	-1	-1	115	0	-1						-1
3020318	路障原始人18	20502	23	592	60	0	0	1000	9500	0	20502	-1	-1	115	0	-1						-1
3020319	路障原始人19	20502	23	594	61	0	0	1000	9500	0	20502	-1	-1	115	0	-1						-1
3020320	路障原始人20	20502	23	596	62	0	0	1000	9500	0	20502	-1	-1	115	0	-1						-1
3020406	铁桶原始人6	20503	23	705	50	0	0	1000	9500	0	20503	-1	-1	115	0	-1			8050301			-1
3020407	铁桶原始人7	20503	23	707	51	0	0	1000	9500	0	20503	-1	-1	115	0	-1			8050301			-1
3020408	铁桶原始人8	20503	23	710	52	0	0	1000	9500	0	20503	-1	-1	115	0	-1			8050301			-1
3020409	铁桶原始人9	20503	23	713	53	0	0	1000	9500	0	20503	-1	-1	115	0	-1			8050301			-1
3020410	铁桶原始人10	20503	23	716	54	0	0	1000	9500	0	20503	-1	-1	115	0	-1			8050301			-1
3020411	铁桶原始人11	20503	23	717	54	0	0	1000	9500	0	20503	-1	-1	115	0	-1			8050301			-1
3020412	铁桶原始人12	20503	23	718	54	0	0	1000	9500	0	20503	-1	-1	115	0	-1			8050301			-1
3020413	铁桶原始人13	20503	23	721	55	0	0	1000	9500	0	20503	-1	-1	115	0	-1			8050301			-1
3020414	铁桶原始人14	20503	23	724	56	0	0	1000	9500	0	20503	-1	-1	115	0	-1			8050301			-1
3020415	铁桶原始人15	20503	23	727	57	0	0	1000	9500	0	20503	-1	-1	115	0	-1			8050301			-1
3020416	铁桶原始人16	20503	23	727	57	0	0	1000	9500	0	20503	-1	-1	115	0	-1			8050301			-1
3020417	铁桶原始人17	20503	23	728	58	0	0	1000	9500	0	20503	-1	-1	115	0	-1			8050301			-1
3020418	铁桶原始人18	20503	23	730	59	0	0	1000	9500	0	20503	-1	-1	115	0	-1			8050301			-1
3020419	铁桶原始人19	20503	23	732	60	0	0	1000	9500	0	20503	-1	-1	115	0	-1			8050301			-1
3020420	铁桶原始人20	20503	23	734	61	0	0	1000	9500	0	20503	-1	-1	115	0	-1			8050301			-1
3020506	木棍原始人6	20505	23	376	58	0	0	1000	9500	0	20505	-1	-1	115	0	-1						-1
3020507	木棍原始人7	20505	23	378	59	0	0	1000	9500	0	20505	-1	-1	115	0	-1						-1
3020508	木棍原始人8	20505	23	383	60	0	0	1000	9500	0	20505	-1	-1	115	0	-1						-1
3020509	木棍原始人9	20505	23	387	61	0	0	1000	9500	0	20505	-1	-1	115	0	-1						-1
3020510	木棍原始人10	20505	23	392	62	0	0	1000	9500	0	20505	-1	-1	115	0	-1						-1
3020511	木棍原始人11	20505	23	394	62	0	0	1000	9500	0	20505	-1	-1	115	0	-1						-1
3020512	木棍原始人12	20505	23	397	63	0	0	1000	9500	0	20505	-1	-1	115	0	-1						-1
3020513	木棍原始人13	20505	23	402	64	0	0	1000	9500	0	20505	-1	-1	115	0	-1						-1
3020514	木棍原始人14	20505	23	407	65	0	0	1000	9500	0	20505	-1	-1	115	0	-1						-1
3020515	木棍原始人15	20505	23	413	66	0	0	1000	9500	0	20505	-1	-1	115	0	-1						-1
3020516	木棍原始人16	20505	23	417	66	0	0	1000	9500	0	20505	-1	-1	115	0	-1						-1
3020517	木棍原始人17	20505	23	421	67	0	0	1000	9500	0	20505	-1	-1	115	0	-1						-1
3020518	木棍原始人18	20505	23	429	68	0	0	1000	9500	0	20505	-1	-1	115	0	-1						-1
3020519	木棍原始人19	20505	23	437	69	0	0	1000	9500	0	20505	-1	-1	115	0	-1						-1
3020520	木棍原始人20	20505	23	446	70	0	0	1000	9500	0	20505	-1	-1	115	0	-1						-1
3020606	蜂窝僵尸6	20510	23	244	35	0	0	1000	9500	0	11111001	-1	-1	115	0	-1						-1
3020607	蜂窝僵尸7	20510	23	246	35	0	0	1000	9500	0	11111001	-1	-1	115	0	-1						-1
3020608	蜂窝僵尸8	20510	23	250	36	0	0	1000	9500	0	11111001	-1	-1	115	0	-1						-1
3020609	蜂窝僵尸9	20510	23	254	37	0	0	1000	9500	0	11111001	-1	-1	115	0	-1						-1
3020610	蜂窝僵尸10	20510	23	258	38	0	0	1000	9500	0	11111001	-1	-1	115	0	-1						-1
3020611	蜂窝僵尸11	20510	23	259	38	0	0	1000	9500	0	11111001	-1	-1	115	0	-1						-1
3020612	蜂窝僵尸12	20510	23	260	38	0	0	1000	9500	0	11111001	-1	-1	115	0	-1						-1
3020613	蜂窝僵尸13	20510	23	262	39	0	0	1000	9500	0	11111001	-1	-1	115	0	-1						-1
3020614	蜂窝僵尸14	20510	23	264	40	0	0	1000	9500	0	11111001	-1	-1	115	0	-1						-1
3020615	蜂窝僵尸15	20510	23	266	41	0	0	1000	9500	0	11111001	-1	-1	115	0	-1						-1
3020616	蜂窝僵尸16	20510	23	266	41	0	0	1000	9500	0	11111001	-1	-1	115	0	-1						-1
3020617	蜂窝僵尸17	20510	23	267	41	0	0	1000	9500	0	11111001	-1	-1	115	0	-1						-1
3020618	蜂窝僵尸18	20510	23	269	42	0	0	1000	9500	0	11111001	-1	-1	115	0	-1						-1
3020619	蜂窝僵尸19	20510	23	271	43	0	0	1000	9500	0	11111001	-1	-1	115	0	-1						-1
3020620	蜂窝僵尸20	20510	23	273	44	0	0	1000	9500	0	11111001	-1	-1	115	0	-1						-1
3020706	弹弓原始人6	20506	23	243	50	0	0	1000	9500	0	20506	-1	-1	115	0	-1						-1
3020707	弹弓原始人7	20506	23	244	51	0	0	1000	9500	0	20506	-1	-1	115	0	-1						-1
3020708	弹弓原始人8	20506	23	247	52	0	0	1000	9500	0	20506	-1	-1	115	0	-1						-1
3020709	弹弓原始人9	20506	23	250	53	0	0	1000	9500	0	20506	-1	-1	115	0	-1						-1
3020710	弹弓原始人10	20506	23	253	54	0	0	1000	9500	0	20506	-1	-1	115	0	-1						-1
3020711	弹弓原始人11	20506	23	254	54	0	0	1000	9500	0	20506	-1	-1	115	0	-1						-1
3020712	弹弓原始人12	20506	23	255	55	0	0	1000	9500	0	20506	-1	-1	115	0	-1						-1
3020713	弹弓原始人13	20506	23	258	56	0	0	1000	9500	0	20506	-1	-1	115	0	-1						-1
3020714	弹弓原始人14	20506	23	261	57	0	0	1000	9500	0	20506	-1	-1	115	0	-1						-1
3020715	弹弓原始人15	20506	23	264	58	0	0	1000	9500	0	20506	-1	-1	115	0	-1						-1
3020716	弹弓原始人16	20506	23	265	58	0	0	1000	9500	0	20506	-1	-1	115	0	-1						-1
3020717	弹弓原始人17	20506	23	266	59	0	0	1000	9500	0	20506	-1	-1	115	0	-1						-1
3020718	弹弓原始人18	20506	23	269	60	0	0	1000	9500	0	20506	-1	-1	115	0	-1						-1
3020719	弹弓原始人19	20506	23	272	61	0	0	1000	9500	0	20506	-1	-1	115	0	-1						-1
3020720	弹弓原始人20	20506	23	275	62	0	0	1000	9500	0	20506	-1	-1	115	0	-1						-1
3030801	长城旗帜1	20401	23	384	60	0	0	1000	9500	0	20401	-1	-1	115	0	-1						-1
3030802	长城旗帜2	20401	23	392	61	0	0	1000	9500	0	20401	-1	-1	115	0	-1						-1
3030803	长城旗帜3	20401	23	400	62	0	0	1000	9500	0	20401	-1	-1	115	0	-1						-1
3030804	长城旗帜4	20401	23	408	62	0	0	1000	9500	0	20401	-1	-1	115	0	-1						-1
3030805	长城旗帜5	20401	23	416	63	0	0	1000	9500	0	20401	-1	-1	115	0	-1						-1
3030806	长城旗帜6	20401	23	424	64	0	0	1000	9500	0	20401	-1	-1	115	0	-1						-1
3030807	长城旗帜7	20401	23	432	64	0	0	1000	9500	0	20401	-1	-1	115	0	-1						-1
3030808	长城旗帜8	20401	23	440	65	0	0	1000	9500	0	20401	-1	-1	115	0	-1						-1
3030809	长城旗帜9	20401	23	448	66	0	0	1000	9500	0	20401	-1	-1	115	0	-1						-1
3030810	长城旗帜10	20401	23	456	66	0	0	1000	9500	0	20401	-1	-1	115	0	-1						-1
3030811	长城旗帜11	20401	23	464	67	0	0	1000	9500	0	20401	-1	-1	115	0	-1						-1
3030812	长城旗帜12	20401	23	472	68	0	0	1000	9500	0	20401	-1	-1	115	0	-1						-1
3030813	长城旗帜13	20401	23	480	68	0	0	1000	9500	0	20401	-1	-1	115	0	-1						-1
3030814	长城旗帜14	20401	23	488	69	0	0	1000	9500	0	20401	-1	-1	115	0	-1						-1
3030815	长城旗帜15	20401	23	496	70	0	0	1000	9500	0	20401	-1	-1	115	0	-1						-1
3030816	长城旗帜16	20401	23	504	70	0	0	1000	9500	0	20401	-1	-1	115	0	-1						-1
3030817	长城旗帜17	20401	23	512	71	0	0	1000	9500	0	20401	-1	-1	115	0	-1						-1
3030818	长城旗帜18	20401	23	520	72	0	0	1000	9500	0	20401	-1	-1	115	0	-1						-1
3030819	长城旗帜19	20401	23	528	72	0	0	1000	9500	0	20401	-1	-1	115	0	-1						-1
3030820	长城旗帜20	20401	23	536	73	0	0	1000	9500	0	20401	-1	-1	115	0	-1						-1
3030821	长城旗帜21	20401	23	544	74	0	0	1000	9500	0	20401	-1	-1	115	0	-1						-1
3030822	长城旗帜22	20401	23	552	74	0	0	1000	9500	0	20401	-1	-1	115	0	-1						-1
3030823	长城旗帜23	20401	23	560	75	0	0	1000	9500	0	20401	-1	-1	115	0	-1						-1
3030824	长城旗帜24	20401	23	568	76	0	0	1000	9500	0	20401	-1	-1	115	0	-1						-1
3030825	长城旗帜25	20401	23	585	76	0	0	1000	9500	0	20401	-1	-1	115	0	-1						-1
3030901	长城路障1	20402	23	625	61	0	0	1000	9500	0	20402	-1	-1	115	0	-1						-1
3030902	长城路障2	20402	23	639	62	0	0	1000	9500	0	20402	-1	-1	115	0	-1						-1
3030903	长城路障3	20402	23	653	62	0	0	1000	9500	0	20402	-1	-1	115	0	-1						-1
3030904	长城路障4	20402	23	667	63	0	0	1000	9500	0	20402	-1	-1	115	0	-1						-1
3030905	长城路障5	20402	23	681	63	0	0	1000	9500	0	20402	-1	-1	115	0	-1						-1
3030906	长城路障6	20402	23	695	64	0	0	1000	9500	0	20402	-1	-1	115	0	-1						-1
3030907	长城路障7	20402	23	709	65	0	0	1000	9500	0	20402	-1	-1	115	0	-1						-1
3030908	长城路障8	20402	23	723	65	0	0	1000	9500	0	20402	-1	-1	115	0	-1						-1
3030909	长城路障9	20402	23	737	66	0	0	1000	9500	0	20402	-1	-1	115	0	-1						-1
3030910	长城路障10	20402	23	751	66	0	0	1000	9500	0	20402	-1	-1	115	0	-1						-1
3030911	长城路障11	20402	23	765	67	0	0	1000	9500	0	20402	-1	-1	115	0	-1						-1
3030912	长城路障12	20402	23	779	68	0	0	1000	9500	0	20402	-1	-1	115	0	-1						-1
3030913	长城路障13	20402	23	793	68	0	0	1000	9500	0	20402	-1	-1	115	0	-1						-1
3030914	长城路障14	20402	23	807	69	0	0	1000	9500	0	20402	-1	-1	115	0	-1						-1
3030915	长城路障15	20402	23	821	69	0	0	1000	9500	0	20402	-1	-1	115	0	-1						-1
3030916	长城路障16	20402	23	835	70	0	0	1000	9500	0	20402	-1	-1	115	0	-1						-1
3030917	长城路障17	20402	23	849	70	0	0	1000	9500	0	20402	-1	-1	115	0	-1						-1
3030918	长城路障18	20402	23	863	71	0	0	1000	9500	0	20402	-1	-1	115	0	-1						-1
3030919	长城路障19	20402	23	877	72	0	0	1000	9500	0	20402	-1	-1	115	0	-1						-1
3030920	长城路障20	20402	23	891	72	0	0	1000	9500	0	20402	-1	-1	115	0	-1						-1
3030921	长城路障21	20402	23	905	73	0	0	1000	9500	0	20402	-1	-1	115	0	-1						-1
3030922	长城路障22	20402	23	919	73	0	0	1000	9500	0	20402	-1	-1	115	0	-1						-1
3030923	长城路障23	20402	23	933	74	0	0	1000	9500	0	20402	-1	-1	115	0	-1						-1
3030924	长城路障24	20402	23	947	75	0	0	1000	9500	0	20402	-1	-1	115	0	-1						-1
3030925	长城路障25	20402	23	953	75	0	0	1000	9500	0	20402	-1	-1	115	0	-1						-1
3031001	长城铁桶1	20403	23	770	60	0	0	1000	9500	0	20403	-1	-1	115	0	-1			2040116			-1
3031002	长城铁桶2	20403	23	787	61	0	0	1000	9500	0	20403	-1	-1	115	0	-1			2040116			-1
3031003	长城铁桶3	20403	23	804	61	0	0	1000	9500	0	20403	-1	-1	115	0	-1			2040116			-1
3031004	长城铁桶4	20403	23	821	62	0	0	1000	9500	0	20403	-1	-1	115	0	-1			2040116			-1
3031005	长城铁桶5	20403	23	838	63	0	0	1000	9500	0	20403	-1	-1	115	0	-1			2040116			-1
3031006	长城铁桶6	20403	23	855	63	0	0	1000	9500	0	20403	-1	-1	115	0	-1			2040116			-1
3031007	长城铁桶7	20403	23	872	64	0	0	1000	9500	0	20403	-1	-1	115	0	-1			2040116			-1
3031008	长城铁桶8	20403	23	889	65	0	0	1000	9500	0	20403	-1	-1	115	0	-1			2040116			-1
3031009	长城铁桶9	20403	23	906	65	0	0	1000	9500	0	20403	-1	-1	115	0	-1			2040116			-1
3031010	长城铁桶10	20403	23	923	66	0	0	1000	9500	0	20403	-1	-1	115	0	-1			2040116			-1
3031011	长城铁桶11	20403	23	940	66	0	0	1000	9500	0	20403	-1	-1	115	0	-1			2040116			-1
3031012	长城铁桶12	20403	23	957	67	0	0	1000	9500	0	20403	-1	-1	115	0	-1			2040116			-1
3031013	长城铁桶13	20403	23	974	68	0	0	1000	9500	0	20403	-1	-1	115	0	-1			2040116			-1
3031014	长城铁桶14	20403	23	991	68	0	0	1000	9500	0	20403	-1	-1	115	0	-1			2040116			-1
3031015	长城铁桶15	20403	23	1008	69	0	0	1000	9500	0	20403	-1	-1	115	0	-1			2040116			-1
3031016	长城铁桶16	20403	23	1025	70	0	0	1000	9500	0	20403	-1	-1	115	0	-1			2040116			-1
3031017	长城铁桶17	20403	23	1042	70	0	0	1000	9500	0	20403	-1	-1	115	0	-1			2040116			-1
3031018	长城铁桶18	20403	23	1059	71	0	0	1000	9500	0	20403	-1	-1	115	0	-1			2040116			-1
3031019	长城铁桶19	20403	23	1076	71	0	0	1000	9500	0	20403	-1	-1	115	0	-1			2040116			-1
3031020	长城铁桶20	20403	23	1093	72	0	0	1000	9500	0	20403	-1	-1	115	0	-1			2040116			-1
3031021	长城铁桶21	20403	23	1110	73	0	0	1000	9500	0	20403	-1	-1	115	0	-1			2040116			-1
3031022	长城铁桶22	20403	23	1127	73	0	0	1000	9500	0	20403	-1	-1	115	0	-1			2040116			-1
3031023	长城铁桶23	20403	23	1144	74	0	0	1000	9500	0	20403	-1	-1	115	0	-1			2040116			-1
3031024	长城铁桶24	20403	23	1161	75	0	0	1000	9500	0	20403	-1	-1	115	0	-1			2040116			-1
3031025	长城铁桶25	20403	23	1174	75	0	0	1000	9500	0	20403	-1	-1	115	0	-1			2040116			-1
3031101	长城大刀1	20405	23	468	71	0	0	1000	9500	0	20405	-1	-1	115	0	-1						-1
3031102	长城大刀2	20405	23	478	72	0	0	1000	9500	0	20405	-1	-1	115	0	-1						-1
3031103	长城大刀3	20405	23	488	73	0	0	1000	9500	0	20405	-1	-1	115	0	-1						-1
3031104	长城大刀4	20405	23	498	73	0	0	1000	9500	0	20405	-1	-1	115	0	-1						-1
3031105	长城大刀5	20405	23	508	74	0	0	1000	9500	0	20405	-1	-1	115	0	-1						-1
3031106	长城大刀6	20405	23	518	75	0	0	1000	9500	0	20405	-1	-1	115	0	-1						-1
3031107	长城大刀7	20405	23	528	75	0	0	1000	9500	0	20405	-1	-1	115	0	-1						-1
3031108	长城大刀8	20405	23	538	76	0	0	1000	9500	0	20405	-1	-1	115	0	-1						-1
3031109	长城大刀9	20405	23	548	77	0	0	1000	9500	0	20405	-1	-1	115	0	-1						-1
3031110	长城大刀10	20405	23	558	77	0	0	1000	9500	0	20405	-1	-1	115	0	-1						-1
3031111	长城大刀11	20405	23	568	78	0	0	1000	9500	0	20405	-1	-1	115	0	-1						-1
3031112	长城大刀12	20405	23	578	79	0	0	1000	9500	0	20405	-1	-1	115	0	-1						-1
3031113	长城大刀13	20405	23	588	79	0	0	1000	9500	0	20405	-1	-1	115	0	-1						-1
3031114	长城大刀14	20405	23	598	80	0	0	1000	9500	0	20405	-1	-1	115	0	-1						-1
3031115	长城大刀15	20405	23	608	81	0	0	1000	9500	0	20405	-1	-1	115	0	-1						-1
3031116	长城大刀16	20405	23	618	81	0	0	1000	9500	0	20405	-1	-1	115	0	-1						-1
3031117	长城大刀17	20405	23	628	82	0	0	1000	9500	0	20405	-1	-1	115	0	-1						-1
3031118	长城大刀18	20405	23	638	83	0	0	1000	9500	0	20405	-1	-1	115	0	-1						-1
3031119	长城大刀19	20405	23	648	83	0	0	1000	9500	0	20405	-1	-1	115	0	-1						-1
3031120	长城大刀20	20405	23	658	84	0	0	1000	9500	0	20405	-1	-1	115	0	-1						-1
3031121	长城大刀21	20405	23	668	85	0	0	1000	9500	0	20405	-1	-1	115	0	-1						-1
3031122	长城大刀22	20405	23	678	85	0	0	1000	9500	0	20405	-1	-1	115	0	-1						-1
3031123	长城大刀23	20405	23	688	86	0	0	1000	9500	0	20405	-1	-1	115	0	-1						-1
3031124	长城大刀24	20405	23	698	87	0	0	1000	9500	0	20405	-1	-1	115	0	-1						-1
3031125	长城大刀25	20405	23	713	87	0	0	1000	9500	0	20405	-1	-1	115	0	-1						-1
3031201	长城长矛1	20406	23	288	62	0	0	1000	9500	0	20406	-1	-1	115	0	-1						-1
3031202	长城长矛2	20406	23	294	63	0	0	1000	9500	0	20406	-1	-1	115	0	-1						-1
3031203	长城长矛3	20406	23	300	63	0	0	1000	9500	0	20406	-1	-1	115	0	-1						-1
3031204	长城长矛4	20406	23	306	64	0	0	1000	9500	0	20406	-1	-1	115	0	-1						-1
3031205	长城长矛5	20406	23	312	64	0	0	1000	9500	0	20406	-1	-1	115	0	-1						-1
3031206	长城长矛6	20406	23	318	65	0	0	1000	9500	0	20406	-1	-1	115	0	-1						-1
3031207	长城长矛7	20406	23	324	65	0	0	1000	9500	0	20406	-1	-1	115	0	-1						-1
3031208	长城长矛8	20406	23	330	66	0	0	1000	9500	0	20406	-1	-1	115	0	-1						-1
3031209	长城长矛9	20406	23	336	66	0	0	1000	9500	0	20406	-1	-1	115	0	-1						-1
3031210	长城长矛10	20406	23	342	67	0	0	1000	9500	0	20406	-1	-1	115	0	-1						-1
3031211	长城长矛11	20406	23	348	67	0	0	1000	9500	0	20406	-1	-1	115	0	-1						-1
3031212	长城长矛12	20406	23	354	68	0	0	1000	9500	0	20406	-1	-1	115	0	-1						-1
3031213	长城长矛13	20406	23	360	69	0	0	1000	9500	0	20406	-1	-1	115	0	-1						-1
3031214	长城长矛14	20406	23	366	69	0	0	1000	9500	0	20406	-1	-1	115	0	-1						-1
3031215	长城长矛15	20406	23	372	70	0	0	1000	9500	0	20406	-1	-1	115	0	-1						-1
3031216	长城长矛16	20406	23	378	70	0	0	1000	9500	0	20406	-1	-1	115	0	-1						-1
3031217	长城长矛17	20406	23	384	71	0	0	1000	9500	0	20406	-1	-1	115	0	-1						-1
3031218	长城长矛18	20406	23	390	71	0	0	1000	9500	0	20406	-1	-1	115	0	-1						-1
3031219	长城长矛19	20406	23	396	72	0	0	1000	9500	0	20406	-1	-1	115	0	-1						-1
3031220	长城长矛20	20406	23	402	72	0	0	1000	9500	0	20406	-1	-1	115	0	-1						-1
3031221	长城长矛21	20406	23	408	73	0	0	1000	9500	0	20406	-1	-1	115	0	-1						-1
3031222	长城长矛22	20406	23	414	73	0	0	1000	9500	0	20406	-1	-1	115	0	-1						-1
3031223	长城长矛23	20406	23	420	74	0	0	1000	9500	0	20406	-1	-1	115	0	-1						-1
3031224	长城长矛24	20406	23	426	75	0	0	1000	9500	0	20406	-1	-1	115	0	-1						-1
3031225	长城长矛25	20406	23	440	75	0	0	1000	9500	0	20406	-1	-1	115	0	-1						-1
3031301	长城投石车1	20408	23	270	40	0	0	1000	9500	0	11111002	-1	-1	115	0	-1						-1
3031302	长城投石车2	20408	23	275	40	0	0	1000	9500	0	11111002	-1	-1	115	0	-1						-1
3031303	长城投石车3	20408	23	280	40	0	0	1000	9500	0	11111002	-1	-1	115	0	-1						-1
3031304	长城投石车4	20408	23	285	41	0	0	1000	9500	0	11111002	-1	-1	115	0	-1						-1
3031305	长城投石车5	20408	23	290	41	0	0	1000	9500	0	11111002	-1	-1	115	0	-1						-1
3031306	长城投石车6	20408	23	295	41	0	0	1000	9500	0	11111002	-1	-1	115	0	-1						-1
3031307	长城投石车7	20408	23	300	41	0	0	1000	9500	0	11111002	-1	-1	115	0	-1						-1
3031308	长城投石车8	20408	23	305	42	0	0	1000	9500	0	11111002	-1	-1	115	0	-1						-1
3031309	长城投石车9	20408	23	310	42	0	0	1000	9500	0	11111002	-1	-1	115	0	-1						-1
3031310	长城投石车10	20408	23	315	42	0	0	1000	9500	0	11111002	-1	-1	115	0	-1						-1
3031311	长城投石车11	20408	23	320	42	0	0	1000	9500	0	11111002	-1	-1	115	0	-1						-1
3031312	长城投石车12	20408	23	325	43	0	0	1000	9500	0	11111002	-1	-1	115	0	-1						-1
3031313	长城投石车13	20408	23	330	43	0	0	1000	9500	0	11111002	-1	-1	115	0	-1						-1
3031314	长城投石车14	20408	23	335	43	0	0	1000	9500	0	11111002	-1	-1	115	0	-1						-1
3031315	长城投石车15	20408	23	340	43	0	0	1000	9500	0	11111002	-1	-1	115	0	-1						-1
3031316	长城投石车16	20408	23	345	44	0	0	1000	9500	0	11111002	-1	-1	115	0	-1						-1
3031317	长城投石车17	20408	23	350	44	0	0	1000	9500	0	11111002	-1	-1	115	0	-1						-1
3031318	长城投石车18	20408	23	355	44	0	0	1000	9500	0	11111002	-1	-1	115	0	-1						-1
3031319	长城投石车19	20408	23	360	44	0	0	1000	9500	0	11111002	-1	-1	115	0	-1						-1
3031320	长城投石车20	20408	23	365	45	0	0	1000	9500	0	11111002	-1	-1	115	0	-1						-1
3031321	长城投石车21	20408	23	370	45	0	0	1000	9500	0	11111002	-1	-1	115	0	-1						-1
3031322	长城投石车22	20408	23	375	45	0	0	1000	9500	0	11111002	-1	-1	115	0	-1						-1
3031323	长城投石车23	20408	23	380	45	0	0	1000	9500	0	11111002	-1	-1	115	0	-1						-1
3031324	长城投石车24	20408	23	385	46	0	0	1000	9500	0	11111002	-1	-1	115	0	-1						-1
3031325	长城投石车25	20408	23	405	46	0	0	1000	9500	0	11111002	-1	-1	115	0	-1						-1
4000406	面具原始人6boss	20504	23	568	75	0	0	1000	9500	0	20504	-1	-1	115	1	-1						-1
4000407	弹弓原始人7boss	20506	23	366	76	0	0	1000	9500	0	20506	10020326	-1	115	1	-1						-1
4000408	弹弓原始人8boss	20506	23	370	78	0	0	1000	9500	0	20506	10020326	-1	115	1	-1						-1
4000409	木棍原始人9boss	20505	23	580	91	0	0	1000	9500	0	20505	10020324	-1	115	1	-1						-1
4000411	蜂窝僵尸11boss	20510	23	388	57	0	0	1000	9500	0	11111001	-1	-1	115	1	-1						-1
4000412	弹弓原始人12boss	20506	23	382	82	0	0	1000	9500	0	20506	10020326	-1	115	1	-1						-1
4000413	路障原始人13boss	20502	23	870	84	0	0	1000	9500	0	20502	-1	-1	115	1	-1						-1
4000414	路障原始人14boss	20502	23	876	85	0	0	1000	9500	0	20502	-1	-1	115	1	-1						-1
4000416	路障原始人16boos	20502	23	883	87	0	0	1000	9500	0	20502	-1	-1	115	1	-1						-1
4000417	木棍原始人17boss	20505	23	631	100	0	0	1000	9500	0	20505	10020324	-1	115	1	-1						-1
4000418	铁桶原始人18boss	20503	23	1095	88	0	0	1000	9500	0	20503	10020327	-1	115	1	-1						-1
4000419	面具原始人19boss	20504	23	712	91	0	0	1000	9500	0	20504	-1	-1	115	1	-1						-1
4000501	长城铁桶1boss	20403	23	1155	90	0	0	1000	9500	0	20403	-1	-1	115	1	-1						-1
4000502	长城大刀2boss	20405	23	717	108	0	0	1000	9500	0	20405	10020348	-1	115	1	-1						-1
4000503	长城长矛3boss	20406	23	450	94	0	0	1000	9500	0	20406	-1	-1	115	1	-1						-1
4000504	长城投石车4boss	20408	23	427	61	0	0	1000	9500	0	11111002	10020349	-1	115	1	-1						-1
4000506	长城铁桶6boss	20403	23	1282	94	0	0	1000	9500	0	20403	-1	-1	115	1	-1						-1
4000507	长城大刀7boss	20405	23	792	112	0	0	1000	9500	0	20405	10020348	-1	115	1	-1						-1
4000508	长城长矛8boss	20406	23	495	99	0	0	1000	9500	0	20406	-1	-1	115	1	-1						-1
4000509	长城投石车9boss	20408	23	465	63	0	0	1000	9500	0	11111002	10020349	-1	115	1	-1						-1
4000511	长城路障11boss	20402	23	1147	100	0	0	1000	9500	0	20402	-1	-1	115	1	-1						-1
4000512	长城大刀12boss	20405	23	867	118	0	0	1000	9500	0	20405	10020348	-1	115	1	-1						-1
4000513	长城长矛13boss	20406	23	540	103	0	0	1000	9500	0	20406	-1	-1	115	1	-1						-1
4000514	长城投石车14boss	20408	23	502	64	0	0	1000	9500	0	11111002	10020349	-1	115	1	-1						-1
4000516	长城路障16boss	20402	23	1252	105	0	0	1000	9500	0	20402	-1	-1	115	1	-1						-1
4000517	长城铁桶17boss	20403	23	1563	105	0	0	1000	9500	0	20403	-1	-1	115	1	-1						-1
4000518	长城大刀18boss	20405	23	957	124	0	0	1000	9500	0	20405	10020348	-1	115	1	-1						-1
4000519	长城长矛19boss	20406	23	594	108	0	0	1000	9500	0	20406	-1	-1	115	1	-1						-1
4000521	长城投石车21boss	20408	23	555	67	0	0	1000	9500	0	11111002	10020349	-1	115	1	-1						-1
4000522	长城铁桶22boss	20403	23	1690	109	0	0	1000	9500	0	20403	-1	-1	115	1	-1						-1
4000523	长城大刀23boss	20405	23	1032	129	0	0	1000	9500	0	20405	10020348	-1	115	1	-1						-1
4000524	长城长矛24boss	20406	23	639	112	0	0	1000	9500	0	20406	-1	-1	115	1	-1						-1
5100001	骑鸟僵尸	1020504	23	1288	82	0	0	180	9900	0	20507	100220504	-1	115	1	-1						-1
5100002	蜗牛僵尸	1021004	23	1344	86	0	0	240	9900	0	20508	10020508	-1	115	1	-1						-1
5100003	力士僵尸	1021504	23	1444	88	0	0	300	9900	0	20511	10020331	-1	115	1	-1						-1
5100004	猛犸僵尸	20509	23	1450	90	0	0	695	9500	0	20509	-1	-1	115	0	-1						-1
5100005	长城大刀boss	1030504	11	1555	92	0	0	330	9900	0	20416	10020348	-1	115	1	-1						-1
5100006	长城投石车boss	1031004	12	1612	94	0	0	360	9900	0	11111002	10020349	-1	115	1	-1						-1
5100007	长城圆锤	1031504	13	1722	96	0	0	390	9900	0	20409	10020348	-1	115	1	-1						-1
5100008	长城战车	1032004	15	1832	97	0	0	450	9900	0	20410	10020347	-1	115	1	-1						-1
5100009	皇帝僵尸	20411	23	1849	102	0	0	563	9710	0	20411	-1	-1	115	1	-1						-1
5200001	死神boss	20115	31	2852	110	0	1330	599	9665	0	20115	-1	-1	115	1	-1			2010901			-1
5200002	太阳神boss	1040504	31	2441	115	0	900	900	9900	0	20116	10020108	-1	115	1	-1						-1
5200003	法老僵尸	20109	31	3005	120	0	500	740	9500	0	20109	-1	-1	115	0	-1						-1
5200004	埃及艳后boss	20118	31	2459	125	0	770	770	9770	0	20118	-1	-1	115	1	-1						-1
5200005	死神boss	20115	31	3005	130	0	1330	599	9665	0	20115	-1	-1	115	1	-1			2010901			-1
5200006	太阳神boss	1040504	31	2465	135	0	900	900	9900	0	20116	10020108	-1	115	1	-1						-1
5200007	法老僵尸	20109	31	3561	140	0	500	740	9500	0	20109	-1	-1	115	0	-1						-1
5200008	埃及艳后boss	20118	31	2949	145	0	770	770	9770	0	20118	-1	-1	115	1	-1						-1
5200009	飞索海盗boss	1050504	39	4187	211	0	960	960	9900	0	20214	10020356	-1	115	1	-1						-1
5200010	滚筒boss	1051004	39	4698	254	0	1020	1020	9900	0	20217	10020328	-1	115	1	-1						-1
5200011	海鸥海盗boss	1051504	39	5210	297	0	1080	1080	9900	0	20216	0	-1	115	1	-1						-1
5200012	小鬼僵尸炮	20209	39	5722	340	0	1400	620	9700	0	20209	-1	-1	115	0	-1						-1
5200013	船长boss	1052504	39	6234	383	0	1200	1200	9900	0	20218	0	-1	115	1	-1						-1
5200014	船长boss	1052504	39	6747	426	0	1200	1200	9900	0	20218	0	-1	115	1	-1						-1
5200015	鸡贼boss	1060504	47	7340	469	0	1260	1260	9900	0	20319	10020333	-1	115	1	-1						-1
5200016	淘金boss	1061004	47	7858	512	0	1320	1320	9900	0	20317	10020329	-1	115	1	-1						-1
5200017	钢琴boss	1061504	47	8376	555	0	1380	1380	9900	0	20318	0	-1	115	1	-1						-1
5200018	机器牛boss	1062004	47	8894	598	0	1440	1440	9900	0	20311	10020311	-1	115	1	-1						-1
5200019	僵尸警长	1062504	47	9411	641	0	1500	1500	9900	0	20104	10020312	-1	115	1	-1						-1
5200020	僵尸酋长	20313	47	9929	684	0	500	1190	9500	0	20313	-1	-1	115	0	-1						-1
5200021	酒鬼武师boss	20616	55	10546	727	0	500	1010	9500	0	20616	-1	-1	115	1	-1						-1
5200022	大锤武师boss	1071004	55	11069	770	0	1620	1620	9900	0	20617	0	-1	115	1	-1						-1
5200023	气功师boss	1071504	55	11591	813	0	1680	1680	9900	0	20618	10020357	-1	115	1	-1						-1
5200024	刀客boss	1072004	55	12114	856	0	1740	1740	9900	0	20619	0	-1	115	1	-1						-1
5200025	刺客	1072504	55	12637	899	0	1800	1800	9900	0	20613	10020358	-1	115	1	-1						-1
5200026	禅杖武僧	20605	55	13160	942	0	500	1280	9500	0	20605	-1	-1	115	0	-1						-1
5200027	土地爷爷BOSS	20714	63	13794	985	0	500	1340	9500	0	20714	-1	-1	115	1	-1						-1
5200028	黑熊精BOSS	1081004	63	14321	1028	0	1920	1920	9900	0	20716	10020363	-1	115	1	-1						-1
5200029	黄梅大王BOSS	1081504	63	14848	1071	0	1980	1980	9900	0	20715	0	-1	115	1	-1						-1
5200030	白骨精	20710	63	15375	1114	0	1550	665	9775	0	20710	-1	-1	115	0	-1						-1
5200031	蜘蛛精	1082504	63	15902	1157	0	2220	2220	9900	0	20711	10020359	-1	115	1	-1						-1
5200032	牛魔王	20712	63	16429	1200	0	500	1040	9500	0	20712	-1	-1	115	1	-1						-1
5200033	维京路障僵尸boss	20721	71	17078	1243	0	2340	2340	9900	0	20721	10020381	-1	115	1	-1						-1
5200034	飞龙饲养员Boss	20727	71	17609	1286	0	2700	2700	9900	0	20727	10020377	-1	115	1	-1						-1
5200035	号角僵尸BOSS	20725	71	18140	1329	0	1400	620	9700	0	20725	10020376	-1	115	1	-1						-1
5200036	飞龙饲养员Boss	20727	71	18670	1372	0	2700	2700	9900	0	20727	10020377	-1	115	1	-1						-1
5200037	维京龙骑兵	20728	71	19202	1415	0	2040	2040	9900	0	20743	10020379	-1	115	1	-1	6	3	2074515	310302		-1
5200038	维京龙骑兵	20728	71	19732	1458	0	2040	2040	9900	0	20743	10020379	-1	115	1	-1	6	3	2074515	310302		-1
6010001	未来普通僵尸（普通）	1090001	80	17551	1827	888	500	1000	9500	0	11122001	-1	-1	115	0	-1						1000
6010002	未来铁桶僵尸（技能）	1090002	80	33037	1582	1168	1400	620	9700	0	11122002	11122003	-1	115	1	-1						1250
6010003	未来路障僵尸（技能）	1090003	80	26430	1827	2356	500	1000	9500	0	11122004	11122005	-1	115	1	-1						1500
6010004	未来旗子僵尸（技能）	1090004	80	26430	1827	2356	500	1000	9500	0	11122006	11122007	-1	115	1	-1						1250
6010005	未来喷射器僵尸（技能）	1090005	80	26430	1827	2356	500	1000	9500	0	11122008		-1	115	1	-1						1500
6010006	未来电磁盾僵尸（BOSS）	1090006	80	26430	1827	2356	500	1000	9500	0	11122009	11122010	-1	115	1	-1						3000
6010007	未来舞者3000僵尸（BOSS）	1090007	80	26430	1827	2356	500	1000	9500	0	11122017	11122018	-1	115	1	-1						3800
6010008	未来僵尸博士(BOSS)	1090008	85	78745	2827	3850	800	1500	9500	0	11122011	11122012	11122013	115	1	1						5000
6010009	未来橄榄球僵尸(BOSS)	1090009	80	26430	1827	2356	500	1000	9500	0	11122014	11122015	-1	115	1	-1						2000
6010010	未来机甲蝗虫小鬼(技能)	1090010	80	26430	1827	1262	500	1000	9500	0	11122016		-1	115	0	-1				64213		1000
6010011	未来僵尸统领(BOSS)	1090011	85	39581	1827	2511	500	1000	9500	0	11122019	11122020	-1	115	1	-1						1000
6010012	未来铁桶僵尸（普通）	1090012	80	17551	1827	888	500	1000	9500	0	11122002		-1	115	0	-1						800
6010013	未来路障僵尸（普通）	1090013	80	17551	1827	888	500	1000	9500	0	11122004		-1	115	0	-1						800
6010014	未来旗子僵尸（普通）	1090014	80	17551	1827	888	500	1000	9500	0	11122006		-1	115	0	-1						800
6010015	未来喷射器僵尸（普通）	1090015	80	17551	1827	888	500	1000	9500	0	11122008		-1	115	0	-1						800
6020001	黑暗蓝袍法师（普通）	1096001	90	17676	1827	970	500	1000	9500	0	11123001		-1	115	0	-1						-1
6020002	黑暗僧侣小鬼（普通）	1096101	90	17676	1827	970	500	1000	9500	0	11123101		-1	115	0	-1						-1
6020003	黑暗小龙小鬼（普通）	1096201	90	17676	1827	970	500	1000	9500	0	11123201		-1	115	0	-1						-1
6020004	黑暗盗贼僵尸（普通）	1096301	90	17676	1827	970	500	1000	9500	0	11123301		-1	115	0	-1						-1
6020005	黑暗旗帜僵尸（技能）	1096401	90	30775	1827	970	500	1000	9500	0	11123401	11123411	-1	115	0	-1						-1
6020006	黑暗小丑僵尸（技能）	1096501	90	30775	1827	970	500	1000	9500	0	11123501	11123511	-1	115	0	-1						-1
6020007	黑暗小狼僵尸（技能）	1096601	90	30775	1827	970	500	1000	9500	0	11123601	11123611	-1	115	0	-1						-1
6020008	黑暗盔甲僵尸（技能）	1096701	90	30775	1827	970	500	1000	9500	0	11123701	11123711	-1	115	0	-1						-1
																						
																						
3100101	未来普僵1	1090001	71	12289	1620	0	960	960	9900	0	11122001	-1	-1	115	0	-1						-1
3100102	未来普僵2	1090001	71	12394	1634	0	1020	1020	9900	0	11122001	-1	-1	115	0	-1						-1
3100103	未来普僵3	1090001	72	12510	1648	0	1080	1080	9900	0	11122001	-1	-1	115	0	-1						-1
3100104	未来普僵4	1090001	72	12617	1662	0	1400	620	9700	0	11122001	-1	-1	115	0	-1						-1
3100105	未来普僵5	1090001	73	12733	1676	0	1200	1200	9900	0	11122001	-1	-1	115	0	-1						-1
3100106	未来普僵6	1090001	73	12840	1690	0	1200	1200	9900	0	11122001	-1	-1	115	0	-1						-1
3100107	未来普僵7	1090001	74	12956	1704	0	1260	1260	9900	0	11122001	-1	-1	115	0	-1						-1
3100108	未来普僵8	1090001	74	13062	1718	0	1320	1320	9900	0	11122001	-1	-1	115	0	-1						-1
3100109	未来普僵9	1090001	75	13179	1732	0	1380	1380	9900	0	11122001	-1	-1	115	0	-1						-1
3100110	未来普僵10	1090001	75	13285	1746	0	1440	1440	9900	0	11122001	-1	-1	115	0	-1						-1
3100111	未来普僵11	1090001	76	13402	1760	0	1500	1500	9900	0	11122001	-1	-1	115	0	-1						-1
3100112	未来普僵12	1090001	76	13508	1774	0	500	1190	9500	0	11122001	-1	-1	115	0	-1						-1
3100113	未来普僵13	1090001	77	13626	1788	0	500	1010	9500	0	11122001	-1	-1	115	0	-1						-1
3100114	未来普僵14	1090001	77	13732	1802	0	1620	1620	9900	0	11122001	-1	-1	115	0	-1						-1
3100115	未来普僵15	1090001	78	13849	1816	0	1680	1680	9900	0	11122001	-1	-1	115	0	-1						-1
3100116	未来普僵16	1090001	78	13956	1830	0	1740	1740	9900	0	11122001	-1	-1	115	0	-1						-1
3100117	未来普僵17	1090001	79	14073	1844	0	1800	1800	9900	0	11122001	-1	-1	115	0	-1						-1
3100118	未来普僵18	1090001	79	14179	1858	0	500	1280	9500	0	11122001	-1	-1	115	0	-1						-1
3100119	未来普僵19	1090001	80	14296	1872	0	500	1340	9500	0	11122001	-1	-1	115	0	-1						-1
3100120	未来普僵20	1090001	80	14403	1886	0	1920	1920	9900	0	11122001	-1	-1	115	0	-1						-1
3100121	未来普僵21	1090001	81	14521	1900	0	1980	1980	9900	0	11122001	-1	-1	115	0	-1						-1
3100122	未来普僵22	1090001	81	14627	1914	0	1550	665	9775	0	11122001	-1	-1	115	0	-1						-1
3100123	未来普僵23	1090001	82	14745	1928	0	2220	2220	9900	0	11122001	-1	-1	115	0	-1						-1
3100124	未来普僵24	1090001	82	14852	1942	0	500	1040	9500	0	11122001	-1	-1	115	0	-1						-1
3100125	未来普僵25	1090001	83	14969	1956	0	2340	2340	9900	0	11122001	-1	-1	115	0	-1						-1
3100126	未来普僵26	1090001	83	15077	1970	0	2700	2700	9900	0	11122001	-1	-1	115	0	-1						-1
3100127	未来普僵27	1090001	84	15194	1984	0	1400	620	9700	0	11122001	-1	-1	115	0	-1						-1
3100128	未来普僵28	1090001	84	15301	1998	0	2700	2700	9900	0	11122001	-1	-1	115	0	-1						-1
3100129	未来普僵29	1090001	85	15419	2012	0	2040	2040	9900	0	11122001	-1	-1	115	0	-1						-1
3100130	未来普僵30	1090001	85	15528	2025	0	2040	2040	9900	0	11122001	-1	-1	115	0	-1						-1
3100201	未来路障1	1090013	71	19241	1860	0	960	960	9900	0	11122004	-1	-1	115	0	-1						-1
3100202	未来路障2	1090013	71	19407	1876	0	1020	1020	9900	0	11122004	-1	-1	115	0	-1						-1
3100203	未来路障3	1090013	72	19572	1892	0	1080	1080	9900	0	11122004	-1	-1	115	0	-1						-1
3100204	未来路障4	1090013	72	19722	1908	0	1400	620	9700	0	11122004	-1	-1	115	0	-1						-1
3100205	未来路障5	1090013	73	19871	1924	0	1200	1200	9900	0	11122004	-1	-1	115	0	-1						-1
3100206	未来路障6	1090013	73	19989	1940	0	1200	1200	9900	0	11122004	-1	-1	115	0	-1						-1
3100207	未来路障7	1090013	74	20108	1956	0	1260	1260	9900	0	11122004	-1	-1	115	0	-1						-1
3100208	未来路障8	1090013	74	20195	1972	0	1320	1320	9900	0	11122004	-1	-1	115	0	-1						-1
3100209	未来路障9	1090013	75	20287	1988	0	1380	1380	9900	0	11122004	-1	-1	115	0	-1						-1
3100210	未来路障10	1090013	75	20349	2004	0	1440	1440	9900	0	11122004	-1	-1	115	0	-1						-1
3100211	未来路障11	1090013	76	20416	2020	0	1500	1500	9900	0	11122004	-1	-1	115	0	-1						-1
3100212	未来路障12	1090013	76	20455	2036	0	500	1190	9500	0	11122004	-1	-1	115	0	-1						-1
3100213	未来路障13	1090013	77	20499	2052	0	500	1010	9500	0	11122004	-1	-1	115	0	-1						-1
3100214	未来路障14	1090013	77	20515	2068	0	1620	1620	9900	0	11122004	-1	-1	115	0	-1						-1
3100215	未来路障15	1090013	78	20538	2084	0	1680	1680	9900	0	11122004	-1	-1	115	0	-1						-1
3100216	未来路障16	1090013	78	20538	2100	0	1740	1740	9900	0	11122004	-1	-1	115	0	-1						-1
3100217	未来路障17	1090013	79	20544	2116	0	1800	1800	9900	0	11122004	-1	-1	115	0	-1						-1
3100218	未来路障18	1090013	79	20527	2132	0	500	1280	9500	0	11122004	-1	-1	115	0	-1						-1
3100219	未来路障19	1090013	80	20519	2148	0	500	1340	9500	0	11122004	-1	-1	115	0	-1						-1
3100220	未来路障20	1090013	80	20489	2164	0	1920	1920	9900	0	11122004	-1	-1	115	0	-1						-1
3100221	未来路障21	1090013	81	20468	2180	0	1980	1980	9900	0	11122004	-1	-1	115	0	-1						-1
3100222	未来路障22	1090013	81	20427	2196	0	1550	665	9775	0	11122004	-1	-1	115	0	-1						-1
3100223	未来路障23	1090013	82	20396	2212	0	2220	2220	9900	0	11122004	-1	-1	115	0	-1						-1
3100224	未来路障24	1090013	82	20346	2228	0	500	1040	9500	0	11122004	-1	-1	115	0	-1						-1
3100225	未来路障25	1090013	83	20308	2244	0	2340	2340	9900	0	11122004	-1	-1	115	0	-1						-1
3100226	未来路障26	1090013	83	20252	2260	0	2700	2700	9900	0	11122004	-1	-1	115	0	-1						-1
3100227	未来路障27	1090013	84	20208	2276	0	1400	620	9700	0	11122004	-1	-1	115	0	-1						-1
3100228	未来路障28	1090013	84	20147	2292	0	2700	2700	9900	0	11122004	-1	-1	115	0	-1						-1
3100229	未来路障29	1090013	85	20098	2308	0	2040	2040	9900	0	11122004	-1	-1	115	0	-1						-1
3100230	未来路障30	1090013	85	24313	2325	0	2040	2040	9900	0	11122004	-1	-1	115	0	-1						-1
3100301	未来铁桶1	1090012	71	23697	1830	0	960	960	9900	0	11122002	-1	-1	115	0	-1			3100101			-1
3100302	未来铁桶2	1090012	71	23901	1846	0	1020	1020	9900	0	11122002	-1	-1	115	0	-1			3100102			-1
3100303	未来铁桶3	1090012	72	23585	1849	0	1080	1080	9900	0	11122002	-1	-1	115	0	-1			3100103			-1
3100304	未来铁桶4	1090012	72	23266	1853	0	1400	620	9700	0	11122002	-1	-1	115	0	-1			3100104			-1
3100305	未来铁桶5	1090012	73	22970	1857	0	1200	1200	9900	0	11122002	-1	-1	115	0	-1			3100105			-1
3100306	未来铁桶6	1090012	73	22659	1860	0	1200	1200	9900	0	11122002	-1	-1	115	0	-1			3100106			-1
3100307	未来铁桶7	1090012	74	22372	1863	0	1260	1260	9900	0	11122002	-1	-1	115	0	-1			3100107			-1
3100308	未来铁桶8	1090012	74	22073	1866	0	1320	1320	9900	0	11122002	-1	-1	115	0	-1			3100108			-1
3100309	未来铁桶9	1090012	75	21799	1869	0	1380	1380	9900	0	11122002	-1	-1	115	0	-1			3100109			-1
3100310	未来铁桶10	1090012	75	21516	1872	0	1440	1440	9900	0	11122002	-1	-1	115	0	-1			3100110			-1
3100311	未来铁桶11	1090012	76	21256	1875	0	1500	1500	9900	0	11122002	-1	-1	115	0	-1			3100111			-1
3100312	未来铁桶12	1090012	76	20989	1878	0	500	1190	9500	0	11122002	-1	-1	115	0	-1			3100112			-1
3100313	未来铁桶13	1090012	77	20747	1881	0	500	1010	9500	0	11122002	-1	-1	115	0	-1			3100113			-1
3100314	未来铁桶14	1090012	77	20499	1884	0	1620	1620	9900	0	11122002	-1	-1	115	0	-1			3100114			-1
3100315	未来铁桶15	1090012	78	20275	1886	0	1680	1680	9900	0	11122002	-1	-1	115	0	-1			3100115			-1
3100316	未来铁桶16	1090012	78	20045	1889	0	1740	1740	9900	0	11122002	-1	-1	115	0	-1			3100116			-1
3100317	未来铁桶17	1090012	79	19841	1892	0	1800	1800	9900	0	11122002	-1	-1	115	0	-1			3100117			-1
3100318	未来铁桶18	1090012	79	19633	1895	0	500	1280	9500	0	11122002	-1	-1	115	0	-1			3100118			-1
3100319	未来铁桶19	1090012	80	19450	1898	0	500	1340	9500	0	11122002	-1	-1	115	0	-1			3100119			-1
3100320	未来铁桶20	1090012	80	19263	1901	0	1920	1920	9900	0	11122002	-1	-1	115	0	-1			3100120			-1
3100321	未来铁桶21	1090012	81	19100	1904	0	1980	1980	9900	0	11122002	-1	-1	115	0	-1			3100121			-1
3100322	未来铁桶22	1090012	81	18935	1907	0	1550	665	9775	0	11122002	-1	-1	115	0	-1			3100122			-1
3100323	未来铁桶23	1090012	82	18795	1910	0	2220	2220	9900	0	11122002	-1	-1	115	0	-1			3100123			-1
3100324	未来铁桶24	1090012	82	18652	1913	0	500	1040	9500	0	11122002	-1	-1	115	0	-1			3100124			-1
3100325	未来铁桶25	1090012	83	18532	1916	0	2340	2340	9900	0	11122002	-1	-1	115	0	-1			3100125			-1
3100326	未来铁桶26	1090012	83	18411	1919	0	2700	2700	9900	0	11122002	-1	-1	115	0	-1			3100126			-1
3100327	未来铁桶27	1090012	84	18313	1922	0	1400	620	9700	0	11122002	-1	-1	115	0	-1			3100127			-1
3100328	未来铁桶28	1090012	84	18214	1925	0	2700	2700	9900	0	11122002	-1	-1	115	0	-1			3100128			-1
3100329	未来铁桶29	1090012	85	18140	1929	0	2040	2040	9900	0	11122002	-1	-1	115	0	-1			3100129			-1
3100330	未来铁桶30	1090012	85	29944	2288	0	2040	2040	9900	0	11122002	-1	-1	115	0	-1			3100130			-1
3100401	未来旗子1	1090014	71	14179	1944	0	960	960	9900	0	11122006	-1	-1	115	0	-1						-1
3100402	未来旗子2	1090014	71	14302	1961	0	1020	1020	9900	0	11122006	-1	-1	115	0	-1						-1
3100403	未来旗子3	1090014	72	14127	1958	0	1080	1080	9900	0	11122006	-1	-1	115	0	-1						-1
3100404	未来旗子4	1090014	72	13948	1955	0	1400	620	9700	0	11122006	-1	-1	115	0	-1						-1
3100405	未来旗子5	1090014	73	13812	1953	0	1200	1200	9900	0	11122006	-1	-1	115	0	-1						-1
3100406	未来旗子6	1090014	73	13704	1951	0	1200	1200	9900	0	11122006	-1	-1	115	0	-1						-1
3100407	未来旗子7	1090014	74	13626	1950	0	1260	1260	9900	0	11122006	-1	-1	115	0	-1						-1
3100408	未来旗子8	1090014	74	13545	1950	0	1320	1320	9900	0	11122006	-1	-1	115	0	-1						-1
3100409	未来旗子9	1090014	75	13506	1950	0	1380	1380	9900	0	11122006	-1	-1	115	0	-1						-1
3100410	未来旗子10	1090014	75	13482	1951	0	1440	1440	9900	0	11122006	-1	-1	115	0	-1						-1
3100411	未来旗子11	1090014	76	13501	1952	0	1500	1500	9900	0	11122006	-1	-1	115	0	-1						-1
3100412	未来旗子12	1090014	76	13523	1954	0	500	1190	9500	0	11122006	-1	-1	115	0	-1						-1
3100413	未来旗子13	1090014	77	13555	1956	0	500	1010	9500	0	11122006	-1	-1	115	0	-1						-1
3100414	未来旗子14	1090014	77	13606	1959	0	1620	1620	9900	0	11122006	-1	-1	115	0	-1						-1
3100415	未来旗子15	1090014	78	13687	1962	0	1680	1680	9900	0	11122006	-1	-1	115	0	-1						-1
3100416	未来旗子16	1090014	78	13785	1966	0	1740	1740	9900	0	11122006	-1	-1	115	0	-1						-1
3100417	未来旗子17	1090014	79	13904	1970	0	1800	1800	9900	0	11122006	-1	-1	115	0	-1						-1
3100418	未来旗子18	1090014	79	14006	1974	0	500	1280	9500	0	11122006	-1	-1	115	0	-1						-1
3100419	未来旗子19	1090014	80	14145	1979	0	500	1340	9500	0	11122006	-1	-1	115	0	-1						-1
3100420	未来旗子20	1090014	80	14287	1984	0	1920	1920	9900	0	11122006	-1	-1	115	0	-1						-1
3100421	未来旗子21	1090014	81	14466	1990	0	1980	1980	9900	0	11122006	-1	-1	115	0	-1						-1
3100422	未来旗子22	1090014	81	14641	1996	0	1550	665	9775	0	11122006	-1	-1	115	0	-1						-1
3100423	未来旗子23	1090014	82	14816	2002	0	2220	2220	9900	0	11122006	-1	-1	115	0	-1						-1
3100424	未来旗子24	1090014	82	15002	2009	0	500	1040	9500	0	11122006	-1	-1	115	0	-1						-1
3100425	未来旗子25	1090014	83	15212	2016	0	2340	2340	9900	0	11122006	-1	-1	115	0	-1						-1
3100426	未来旗子26	1090014	83	15434	2023	0	2700	2700	9900	0	11122006	-1	-1	115	0	-1						-1
3100427	未来旗子27	1090014	84	15671	2031	0	1400	620	9700	0	11122006	-1	-1	115	0	-1						-1
3100428	未来旗子28	1090014	84	15882	2039	0	2700	2700	9900	0	11122006	-1	-1	115	0	-1						-1
3100429	未来旗子29	1090014	85	16125	2047	0	2040	2040	9900	0	11122006	-1	-1	115	0	-1						-1
3100430	未来旗子30	1090014	85	17916	2430	0	2040	2040	9900	0	11122006	-1	-1	115	0	-1						-1
3100501	喷射器舞者1	1090015	71	8878	1860	0	960	960	9900	0	11122008	-1	-1	115	0	-1						-1
3100502	喷射器舞者2	1090015	71	8954	1876	0	1020	1020	9900	0	11122008	-1	-1	115	0	-1						-1
3100503	喷射器舞者3	1090015	72	9688	1892	0	1080	1080	9900	0	11122008	-1	-1	115	0	-1						-1
3100504	喷射器舞者4	1090015	72	10640	1908	0	1400	620	9700	0	11122008	-1	-1	115	0	-1						-1
3100505	喷射器舞者5	1090015	73	11140	1924	0	1200	1200	9900	0	11122008	-1	-1	115	0	-1						-1
3100506	喷射器舞者6	1090015	73	11247	1940	0	1200	1200	9900	0	11122008	-1	-1	115	0	-1						-1
3100507	喷射器舞者7	1090015	74	12113	1956	0	1260	1260	9900	0	11122008	-1	-1	115	0	-1						-1
3100508	喷射器舞者8	1090015	74	12785	1972	0	1320	1320	9900	0	11122008	-1	-1	115	0	-1						-1
3100509	喷射器舞者9	1090015	75	13709	1988	0	1380	1380	9900	0	11122008	-1	-1	115	0	-1						-1
3100510	喷射器舞者10	1090015	75	14137	2004	0	1440	1440	9900	0	11122008	-1	-1	115	0	-1						-1
3100511	喷射器舞者11	1090015	76	14178	2020	0	1500	1500	9900	0	11122008	-1	-1	115	0	-1						-1
3100512	喷射器舞者12	1090015	76	14999	2036	0	500	1190	9500	0	11122008	-1	-1	115	0	-1						-1
3100513	喷射器舞者13	1090015	77	15640	2052	0	500	1010	9500	0	11122008	-1	-1	115	0	-1						-1
3100514	喷射器舞者14	1090015	77	16525	2068	0	1620	1620	9900	0	11122008	-1	-1	115	0	-1						-1
3100515	喷射器舞者15	1090015	78	16915	2084	0	1680	1680	9900	0	11122008	-1	-1	115	0	-1						-1
3100516	喷射器舞者16	1090015	78	16875	2100	0	1740	1740	9900	0	11122008	-1	-1	115	0	-1						-1
3100517	喷射器舞者17	1090015	79	17683	2116	0	1800	1800	9900	0	11122008	-1	-1	115	0	-1						-1
3100518	喷射器舞者18	1090015	79	18280	2132	0	500	1280	9500	0	11122008	-1	-1	115	0	-1						-1
3100519	喷射器舞者19	1090015	80	19162	2148	0	500	1340	9500	0	11122008	-1	-1	115	0	-1						-1
3100520	喷射器舞者20	1090015	80	19500	2164	0	1920	1920	9900	0	11122008	-1	-1	115	0	-1						-1
3100521	喷射器舞者21	1090015	81	19413	2180	0	1980	1980	9900	0	11122008	-1	-1	115	0	-1						-1
3100522	喷射器舞者22	1090015	81	20192	2196	0	1550	665	9775	0	11122008	-1	-1	115	0	-1						-1
3100523	喷射器舞者23	1090015	82	20779	2212	0	2220	2220	9900	0	11122008	-1	-1	115	0	-1						-1
3100524	喷射器舞者24	1090015	82	21638	2228	0	500	1040	9500	0	11122008	-1	-1	115	0	-1						-1
3100525	喷射器舞者25	1090015	83	21957	2244	0	2340	2340	9900	0	11122008	-1	-1	115	0	-1						-1
3100526	喷射器舞者26	1090015	83	21801	2260	0	2700	2700	9900	0	11122008	-1	-1	115	0	-1						-1
3100527	喷射器舞者27	1090015	84	22588	2276	0	1400	620	9700	0	11122008	-1	-1	115	0	-1						-1
3100528	喷射器舞者28	1090015	84	23144	2292	0	2700	2700	9900	0	11122008	-1	-1	115	0	-1						-1
3100529	喷射器舞者29	1090015	85	24021	2308	0	2040	2040	9900	0	11122008	-1	-1	115	0	-1						-1
3100530	喷射器舞者30	1090015	85	11219	2325	0	2040	2040	9900	0	11122008	-1	-1	115	0	-1						-1
3100601	路障BOSS1	1090003	71	30019	2901	0	960	960	9900	0	11122004	11122005	-1	115	1	-1						-1
3100602	铁桶BOSS1	1090002	71	37284	2878	0	1020	1020	9900	0	11122002	11122003	-1	115	1	-1			3100130			-1
3100603	旗子BOSS1	1090004	72	24830	2576	0	1080	1080	9900	0	11122006	11122007	-1	115	1	-1						-1
3100604	喷射器BOSS1	1090005	72	14224	2501	0	1400	620	9700	0	11122008	11122010	-1	115	1	-1						-1
3100605	电磁盾僵尸（BOSS）	1090006	73	28866	3481	0	1200	1200	9900	0	11122009	11122010	-1	115	1	-1						13947
3100606	路障BOSS2	1090003	73	31572	3046	0	1200	1200	9900	0	11122004	11122005	-1	115	1	-1						-1
3100607	铁桶BOSS2	1090002	74	39246	3022	0	1260	1260	9900	0	11122002	11122003	-1	115	1	-1			3100130			-1
3100608	旗子BOSS2	1090004	74	26115	2705	0	1320	1320	9900	0	11122006	11122007	-1	115	1	-1						-1
3100609	喷射器BOSS2	1090005	75	14971	2626	0	1380	1380	9900	0	11122008	-1	-1	115	1	-1						-1
3100610	舞者3000(BOSS)	1090007	75	30357	3655	0	1440	1440	9900	0	11122017	11122018	-1	115	-1	-1						14644
3100611	路障BOSS3	1090003	76	33230	3198	0	1500	1500	9900	0	11122004	11122005	-1	115	1	-1						-1
3100612	铁桶BOSS3	1090002	76	41276	3173	0	500	1190	9500	0	11122002	11122003	-1	115	1	-1			3100130			-1
3100613	旗子BOSS3	1090004	77	27487	2840	0	500	1010	9500	0	11122006	11122007	-1	115	1	-1						-1
3100614	喷射器BOSS3	1090005	77	15745	2757	0	1620	1620	9900	0	11122008	-1	-1	115	1	-1						-1
3100615	橄榄球机车(boss)	1090009	78	31951	3838	0	1680	1680	9900	0	11122014	11122015	-1	115	1	-1						15376
3100616	路障BOSS4	1090003	78	34946	3358	0	1740	1740	9900	0	11122004	11122005	-1	115	1	-1						-1
3100617	铁桶BOSS4	1090002	79	43440	3332	0	1800	1800	9900	0	11122002	11122003	-1	115	1	-1			3100130			-1
3100618	旗子BOSS4	1090004	79	28905	2982	0	500	1280	9500	0	11122006	11122007	-1	115	1	-1						-1
3100619	喷射器BOSS4	1090005	80	16570	2895	0	500	1340	9500	0	11122008	-1	-1	115	1	-1						-1
3100620	巨人统领(boss)	1090011	80	33599	4030	0	1920	1920	9900	0	11122019	11122020	-1	115	-1	-1						16145
3100621	路障BOSS5	1090003	81	36776	3526	0	1980	1980	9900	0	11122004	11122005	-1	115	1	-1						-1
3100622	铁桶BOSS5	1090002	81	45681	3499	0	1550	665	9775	0	11122002	11122003	-1	115	1	-1			3100130			-1
3100623	旗子BOSS5	1090004	82	30419	3131	0	2220	2220	9900	0	11122006	11122007	-1	115	1	-1						-1
3100624	喷射器BOSS5	1090005	82	17425	3040	0	500	1040	9500	0	11122008	-1	-1	115	1	-1						-1
3100625	橄榄球机车2(boss)	1090009	83	35357	4231	0	2340	2340	9900	0	11122014	11122015	-1	115	-1	-1						16952
3100626	路障BOSS6	1090003	83	38672	3702	0	2700	2700	9900	0	11122004	11122005	-1	115	1	-1						-1
3100627	铁桶BOSS6	1090002	84	48070	3674	0	1400	620	9700	0	11122002	11122003	-1	115	1	-1			3100130			-1
3100628	旗子BOSS6	1090004	84	31986	3288	0	2700	2700	9900	0	11122006	11122007	-1	115	1	-1						-1
3100629	喷射器BOSS6	1090005	85	18336	3192	0	2040	2040	9900	0	11122008	-1	-1	115	1	-1						-1
3100630	僵尸博士（大BOSS）	1090008	85	46996	4000	0	2040	2040	9900	0	11122011	11122012	-1	115	1	-1						22500
3100701	机甲蝗虫小鬼僵尸(召唤)	1090010	85	11466	1944	0	960	960	9900	0	11122016	-1	-1	115	0	-1						5490
8800	歌王僵尸大格	21000	3	180000	14	0	0	60	10000	0	22101	11130001	-1	115	1	1						-1
8801	雪人僵尸大格	21008	1	6150	25	11	500	500	9000	0	22102	11130011	-1	115	1	1						-1
8805	雪人僵尸大格（增强）	21009	1	11000	25	13	500	500	9000	0	22102	11130012	-1	115	1	1						-1
8806	卡车司机大格	21010	6	180000	23	0	0	605	10000	0	22103	11130021	-1	115	1	1						-1
8820	骑鸟僵尸大格	21020	7	180000	35	0	0	587	9645	0	22104	11130031	-1	115	1	1						-1
8830	蜗牛僵尸大格	21030	23	180000	86	0	0	240	9900	0	22105	11130041	-1	115	1	1						-1
8840	力士僵尸大格	21040	23	180000	88	0	0	300	9900	0	22106	11130051	-1	115	1	1						-1
8850	猛犸僵尸大格	21050	23	180000	90	0	0	695	9500	0	22107	11130061	-1	115	1	1						-1
8860	长城大刀boss大格	21060	11	180000	92	0	0	330	9900	0	22108	11130071	-1	115	1	1						-1
8870	长城投石车boss大格	21070	12	180000	94	0	0	360	9900	0	22109	11130081	-1	115	1	1						-1
8880	长城圆锤大格	21080	13	180000	96	0	0	390	9900	0	22110	11130091	-1	115	1	1						-1
8890	长城战车大格	21090	15	180000	97	0	0	450	9900	0	22111	11130101	-1	115	1	1						-1
8900	皇帝僵尸大格	21100	23	180000	102	0	0	563	9710	0	22112	11130111	-1	115	1	1						-1
8910	死神boss大格	21110	31	221183	110	0	1330	599	9665	0	22113	11130121	-1	115	1	1			2010901			-1
8920	太阳神boss大格	21120	31	221183	115	0	900	900	9900	0	22114	11130131	-1	115	1	1						-1
8930	大锤武师boss大格	21130	31	221183	75	0	500	1000	9500	0	22115	11130141	-1	115	1	1						-1
8940	埃及艳后boss大格	21140	31	221183	125	0	770	770	9770	0	22116	11130151	-1	115	1	1						-1
8950	死神boss大格	21150	31	221183	130	0	1330	599	9665	0	22113	11130161	-1	115	1	1			2010901			-1
8970	飞索海盗boss大格	21170	39	224251	211	0	960	960	9900	0	22117	11130181	-1	115	1	1						-1
8980	海鸥海盗boss大格	21180	39	224251	297	0	1080	1080	9900	0	22119	11130191	-1	115	1	1						-1
8990	船长boss大格	21190	39	224251	383	0	1200	1200	9900	0	22120	11130201	-1	115	1	1						-1
9010	鸡贼boss大格	21210	47	226776	469	0	1260	1260	9900	0	22121	11130211	-1	115	1	1						-1
9020	淘金boss大格	21220	47	226776	512	0	1320	1320	9900	0	22122	11130221	-1	115	1	1						-1
9030	钢琴boss大格	21230	47	226776	555	0	1380	1380	9900	0	22123	11130231	-1	115	1	1						-1
9040	机器牛boss大格	21240	47	226776	598	0	1440	1440	9900	0	22124	11130241	-1	115	1	1						-1
9050	僵尸警长大格	21250	47	226776	641	0	1500	1500	9900	0	22125	11130251	-1	115	1	1						-1
9060	僵尸酋长大格	21260	47	226776	684	0	500	1190	9500	0	22126	11130261	-1	115	1	1						-1
9070	酒鬼武师大格	21270	55	228925	727	0	500	1010	9500	0	22127	11130161	-1	115	1	1						-1
9080	大锤武师boss大格	21280	55	228925	770	0	1620	1620	9900	0	22128	11130271	-1	115	1	1						-1
9090	气功师boss大格	21290	55	228925	813	0	1680	1680	9900	0	22129	11130281	-1	115	1	1						-1
9100	刀客boss大格	21300	55	228925	856	0	1740	1740	9900	0	22130	11130291	-1	115	1	1						-1
9110	刺客大格	21310	55	228925	899	0	1800	1800	9900	0	22131	11130301	-1	115	1	1						-1
9120	禅杖武僧大格	21320	55	228925	942	0	500	1280	9500	0	22132	11130305	-1	115	1	1						-1
9130	土地爷爷BOSS大格	21330	63	230797	985	0	500	1340	9500	0	22133	11130311	-1	115	1	1						-1
9140	黑熊精BOSS大格	21340	63	230797	1028	0	1920	1920	9900	0	22134	11130321	-1	115	1	1						-1
9150	黄梅大王BOSS大格	21350	63	230797	1071	0	1980	1980	9900	0	22135	11130331	-1	115	1	1						-1
9160	白骨精大格	21360	63	230797	1114	0	1550	665	9775	0	22136	11130338	-1	115	1	1						-1
9170	蜘蛛精大格	21370	63	230797	1157	0	2220	2220	9900	0	22137	11130341	-1	115	1	1						-1
9180	牛魔王大格	21380	63	230797	1200	0	500	1040	9500	0	22138	11130351	-1	115	1	1						-1
9190	维京路障僵尸boss大格	21390	71	232459	1243	0	2340	2340	9900	0	22139	11130361	-1	115	1	1						-1
9200	飞龙饲养员Boss大格	21400	71	232459	1286	0	2700	2700	9900	0	22140	11130371	-1	115	1	1						-1
9210	号角僵尸BOSS大格	21410	71	232459	1329	0	1400	620	9700	0	22141	11130381	-1	115	1	1						-1
9230	维京龙骑兵	21430	71	232459	1415	0	2040	2040	9900	0	22143	11130391	-1	115	1	1			9231	63702		-1
9231	维京龙骑兵吞金币	21431	94	403939	27244	1615	2820	2820	9900	0	22143	11130392	-1	115	1	1	6	3	9230	63704		-1
9250	滚筒boss大格	21450	39	224251	254	0	1020	1020	9900	0	22118	11130431	-1	115	1	1						-1
9310	未来世界电磁盾僵尸（BOSS）	21510	80	26430	1827	2356	500	1000	9500	0	22144	11122010	-1	115	1	1						6000
9320	未来舞者3000僵尸（BOSS）	21520	80	26430	1827	2356	500	1000	9500	0	22145	11131031	-1	115	1	1						6800
9330	未来世界僵尸博士(BOSS)	21530	85	78745	2827	3850	800	1500	9500	0	22146	11131011	11122013	115	1	1						10000
9340	未来世界橄榄球僵尸(BOSS)	21540	80	26430	1827	2356	500	1000	9500	0	22147	11131021	-1	115	1	1						4000
9350	未来世界僵尸统领(BOSS)	21550	85	39581	1827	2511	500	1000	9500	0	22148	11131041	-1	115	1	1						2000
9510	黑暗狼人僵尸大格	21610	90	39717	1827	2666	500	1000	9500	0	22149	11133011	-1	115	1	1						-1
9520	黑暗骑士僵尸大格	21620	90	39717	1827	2666	500	1000	9500	0	22150	11133021	-1	115	1	1						-1
9530	黑暗黑袍巫师大格	21630	90	39717	1827	2666	500	1000	9500	0	22151	11133031	-1	115	1	1						-1
9540	黑暗国王大格	21640	90	39717	1827	2666	500	1000	9500	0	22152	11133041	-1	115	1	1						-1
9550	黑暗加刚特尔大格	21650	90	39717	1827	2666	500	1000	9500	0	22153	11133051	-1	115	1	1						-1
9560	黑暗巨龙大格	21660	90	39717	1827	2666	500	1000	9500	0	22154	11133061	-1	115	1	1						8800
																						
7010101	普通僵尸1	20001	1	123	54	11	500	500	9000	0	20001	-1	-1	115	0	-1						-1
7010102	普通僵尸2	20001	1	142	54	11	500	500	9000	0	20001	-1	-1	115	0	-1						-1
7010103	普通僵尸3	20001	1	161	54	11	500	500	9000	0	20001	-1	-1	115	0	-1						-1
7010104	普通僵尸4	20001	1	180	54	11	500	500	9000	0	20001	-1	-1	115	0	-1						-1
7010105	普通僵尸5	20001	1	199	54	11	500	500	9000	0	20001	-1	-1	115	0	-1						-1
7010106	普通僵尸6	20001	2	218	58	13	500	500	9000	0	20001	-1	-1	115	0	-1						-1
7010107	普通僵尸7	20001	2	237	58	13	500	500	9000	0	20001	-1	-1	115	0	-1						-1
7010108	普通僵尸8	20001	2	256	58	13	500	500	9000	0	20001	-1	-1	115	0	-1						-1
7010109	普通僵尸9	20001	2	275	58	13	500	500	9000	0	20001	-1	-1	115	0	-1						-1
7010110	普通僵尸10	20001	3	279	63	15	500	500	9000	0	20001	-1	-1	115	0	-1						-1
7010201	旗帜僵尸1	20002	1	123	54	11	500	500	9000	0	20002	-1	-1	115	0	-1						-1
7010202	旗帜僵尸2	20002	1	142	54	11	500	500	9000	0	20002	-1	-1	115	0	-1						-1
7010203	旗帜僵尸3	20002	1	161	54	11	500	500	9000	0	20002	-1	-1	115	0	-1						-1
7010204	旗帜僵尸4	20002	1	180	54	11	500	500	9000	0	20002	-1	-1	115	0	-1						-1
7010205	旗帜僵尸5	20002	1	199	54	11	500	500	9000	0	20002	-1	-1	115	0	-1						-1
7010206	旗帜僵尸6	20002	2	218	58	13	500	500	9000	0	20002	-1	-1	115	0	-1						-1
7010207	旗帜僵尸7	20002	2	237	58	13	500	500	9000	0	20002	-1	-1	115	0	-1						-1
7010208	旗帜僵尸8	20002	2	256	58	13	500	500	9000	0	20002	-1	-1	115	0	-1						-1
7010209	旗帜僵尸9	20002	2	275	58	13	500	500	9000	0	20002	-1	-1	115	0	-1						-1
7010210	旗帜僵尸10	20002	3	279	63	15	500	500	9000	0	20002	-1	-1	115	0	-1						-1
7010301	路障僵尸1	20003	1	185	81	11	500	500	9000	0	20003	-1	-1	115	0	-1						-1
7010302	路障僵尸2	20003	1	214	81	11	500	500	9000	0	20003	-1	-1	115	0	-1						-1
7010303	路障僵尸3	20003	1	243	81	11	500	500	9000	0	20003	-1	-1	115	0	-1						-1
7010304	路障僵尸4	20003	1	272	81	11	500	500	9000	0	20003	-1	-1	115	0	-1						-1
7010305	路障僵尸5	20003	1	301	81	11	500	500	9000	0	20003	-1	-1	115	0	-1						-1
7010306	路障僵尸6	20003	2	330	87	13	500	500	9000	0	20003	-1	-1	115	0	-1						-1
7010307	路障僵尸7	20003	2	359	87	13	500	500	9000	0	20003	-1	-1	115	0	-1						-1
7010308	路障僵尸8	20003	2	388	87	13	500	500	9000	0	20003	-1	-1	115	0	-1						-1
7010309	路障僵尸9	20003	2	417	87	13	500	500	9000	0	20003	-1	-1	115	0	-1						-1
7010310	路障僵尸10	20003	3	419	95	15	500	500	9000	0	20003	-1	-1	115	0	-1						-1
7010401	铁桶僵尸1	20004	1	185	81	11	500	500	9000	0	20004	-1	-1	115	0	-1			7010101			-1
7010402	铁桶僵尸2	20004	1	214	81	11	500	500	9000	0	20004	-1	-1	115	0	-1			7010102			-1
7010403	铁桶僵尸3	20004	1	243	81	11	500	500	9000	0	20004	-1	-1	115	0	-1			7010103			-1
7010404	铁桶僵尸4	20004	1	272	81	11	500	500	9000	0	20004	-1	-1	115	0	-1			7010104			-1
7010405	铁桶僵尸5	20004	1	301	81	11	500	500	9000	0	20004	-1	-1	115	0	-1			7010105			-1
7010406	铁桶僵尸6	20004	2	330	87	13	500	500	9000	0	20004	-1	-1	115	0	-1			7010106			-1
7010407	铁桶僵尸7	20004	2	359	87	13	500	500	9000	0	20004	-1	-1	115	0	-1			7010107			-1
7010408	铁桶僵尸8	20004	2	388	87	13	500	500	9000	0	20004	-1	-1	115	0	-1			7010108			-1
7010409	铁桶僵尸9	20004	2	417	87	13	500	500	9000	0	20004	-1	-1	115	0	-1			7010109			-1
7010410	铁桶僵尸10	20004	3	419	95	15	500	500	9000	0	20004	-1	-1	115	0	-1			7010110			-1
7010501	撑杆僵尸1	20009	1	123	35	11	500	500	9000	0	20009	-1	-1	115	0	-1						-1
7010502	撑杆僵尸2	20009	1	142	38	11	500	500	9000	0	20009	-1	-1	115	0	-1						-1
7010503	撑杆僵尸3	20009	1	161	41	11	500	500	9000	0	20009	-1	-1	115	0	-1						-1
7010504	撑杆僵尸4	20009	1	180	44	11	500	500	9000	0	20009	-1	-1	115	0	-1						-1
7010505	撑杆僵尸5	20009	1	199	47	11	500	500	9000	0	20009	-1	-1	115	0	-1						-1
7010506	撑杆僵尸6	20009	2	218	50	13	500	500	9000	0	20009	-1	-1	115	0	-1						-1
7010507	撑杆僵尸7	20009	2	237	53	13	500	500	9000	0	20009	-1	-1	115	0	-1						-1
7010508	撑杆僵尸8	20009	2	256	56	13	500	500	9000	0	20009	-1	-1	115	0	-1						-1
7010509	撑杆僵尸9	20009	2	275	59	13	500	500	9000	0	20009	-1	-1	115	0	-1						-1
7010510	撑杆僵尸10	20009	3	279	62	15	500	500	9000	0	20009	-1	-1	115	0	-1						-1
7010601	橄榄球僵尸1	20005	1	123	20	11	500	500	9000	0	20005	-1	-1	115	0	-1						-1
7010602	橄榄球僵尸2	20005	1	142	23	11	500	500	9000	0	20005	-1	-1	115	0	-1						-1
7010603	橄榄球僵尸3	20005	1	161	26	11	500	500	9000	0	20005	-1	-1	115	0	-1						-1
7010604	橄榄球僵尸4	20005	1	180	29	11	500	500	9000	0	20005	-1	-1	115	0	-1						-1
7010605	橄榄球僵尸5	20005	1	199	32	11	500	500	9000	0	20005	-1	-1	115	0	-1						-1
7010606	橄榄球僵尸6	20005	2	218	35	13	500	500	9000	0	20005	-1	-1	115	0	-1						-1
7010607	橄榄球僵尸7	20005	2	237	38	13	500	500	9000	0	20005	-1	-1	115	0	-1						-1
7010608	橄榄球僵尸8	20005	2	256	41	13	500	500	9000	0	20005	-1	-1	115	0	-1						-1
7010609	橄榄球僵尸9	20005	2	275	44	13	500	500	9000	0	20005	-1	-1	115	0	-1						-1
7010610	橄榄球僵尸10	20005	3	279	47	15	500	500	9000	0	20005	-1	-1	115	0	-1						-1
7020101	普通原始人1	20501	3	279	63	15	500	500	9000	0	20501	-1	-1	115	0	-1						-1
7020102	普通原始人2	20501	3	292	63	15	500	500	9000	0	20501	-1	-1	115	0	-1						-1
7020103	普通原始人3	20501	3	305	63	15	500	500	9000	0	20501	-1	-1	115	0	-1						-1
7020104	普通原始人4	20501	3	318	63	15	500	500	9000	0	20501	-1	-1	115	0	-1						-1
7020105	普通原始人5	20501	3	331	63	15	500	500	9000	0	20501	-1	-1	115	0	-1						-1
7020106	普通原始人6	20501	3	344	63	15	500	500	9000	0	20501	-1	-1	115	0	-1						-1
7020107	普通原始人7	20501	3	357	63	15	500	500	9000	0	20501	-1	-1	115	0	-1						-1
7020108	普通原始人8	20501	4	370	70	17	500	500	9000	0	20501	-1	-1	115	0	-1						-1
7020109	普通原始人9	20501	4	383	70	17	500	500	9000	0	20501	-1	-1	115	0	-1						-1
7020110	普通原始人10	20501	4	396	70	17	500	500	9000	0	20501	-1	-1	115	0	-1						-1
7020111	普通原始人11	20501	4	409	70	17	500	500	9000	0	20501	-1	-1	115	0	-1						-1
7020112	普通原始人12	20501	4	422	70	17	500	500	9000	0	20501	-1	-1	115	0	-1						-1
7020113	普通原始人13	20501	4	435	70	17	500	500	9000	0	20501	-1	-1	115	0	-1						-1
7020114	普通原始人14	20501	4	448	70	17	500	500	9000	0	20501	-1	-1	115	0	-1						-1
7020115	普通原始人15	20501	5	461	76	20	500	500	9000	0	20501	-1	-1	115	0	-1						-1
7020116	普通原始人16	20501	5	474	76	20	500	500	9000	0	20501	-1	-1	115	0	-1						-1
7020117	普通原始人17	20501	5	487	76	20	500	500	9000	0	20501	-1	-1	115	0	-1						-1
7020118	普通原始人18	20501	5	500	76	20	500	500	9000	0	20501	-1	-1	115	0	-1						-1
7020119	普通原始人19	20501	5	513	76	20	500	500	9000	0	20501	-1	-1	115	0	-1						-1
7020120	普通原始人20	20501	6	524	84	22	500	500	9000	0	20501	-1	-1	115	0	-1						-1
7020201	路障原始人1	20502	3	419	95	15	500	500	9000	0	20502	-1	-1	115	0	-1						-1
7020202	路障原始人2	20502	3	439	95	15	500	500	9000	0	20502	-1	-1	115	0	-1						-1
7020203	路障原始人3	20502	3	459	95	15	500	500	9000	0	20502	-1	-1	115	0	-1						-1
7020204	路障原始人4	20502	3	479	95	15	500	500	9000	0	20502	-1	-1	115	0	-1						-1
7020205	路障原始人5	20502	3	499	95	15	500	500	9000	0	20502	-1	-1	115	0	-1						-1
7020206	路障原始人6	20502	3	519	95	15	500	500	9000	0	20502	-1	-1	115	0	-1						-1
7020207	路障原始人7	20502	3	539	95	15	500	500	9000	0	20502	-1	-1	115	0	-1						-1
7020208	路障原始人8	20502	4	559	105	17	500	500	9000	0	20502	-1	-1	115	0	-1						-1
7020209	路障原始人9	20502	4	579	105	17	500	500	9000	0	20502	-1	-1	115	0	-1						-1
7020210	路障原始人10	20502	4	599	105	17	500	500	9000	0	20502	-1	-1	115	0	-1						-1
7020211	路障原始人11	20502	4	619	105	17	500	500	9000	0	20502	-1	-1	115	0	-1						-1
7020212	路障原始人12	20502	4	639	105	17	500	500	9000	0	20502	-1	-1	115	0	-1						-1
7020213	路障原始人13	20502	4	659	105	17	500	500	9000	0	20502	-1	-1	115	0	-1						-1
7020214	路障原始人14	20502	4	679	105	17	500	500	9000	0	20502	-1	-1	115	0	-1						-1
7020215	路障原始人15	20502	5	699	114	20	500	500	9000	0	20502	-1	-1	115	0	-1						-1
7020216	路障原始人16	20502	5	719	114	20	500	500	9000	0	20502	-1	-1	115	0	-1						-1
7020217	路障原始人17	20502	5	739	114	20	500	500	9000	0	20502	-1	-1	115	0	-1						-1
7020218	路障原始人18	20502	5	759	114	20	500	500	9000	0	20502	-1	-1	115	0	-1						-1
7020219	路障原始人19	20502	5	779	114	20	500	500	9000	0	20502	-1	-1	115	0	-1						-1
7020220	路障原始人20	20502	6	786	126	22	500	500	9000	0	20502	-1	-1	115	0	-1						-1
7020301	铁桶原始人1	20503	3	419	95	15	500	500	9000	0	20503	-1	-1	115	0	-1			7020101			-1
7020302	铁桶原始人2	20503	3	439	95	15	500	500	9000	0	20503	-1	-1	115	0	-1			7020102			-1
7020303	铁桶原始人3	20503	3	459	95	15	500	500	9000	0	20503	-1	-1	115	0	-1			7020103			-1
7020304	铁桶原始人4	20503	3	479	95	15	500	500	9000	0	20503	-1	-1	115	0	-1			7020104			-1
7020305	铁桶原始人5	20503	3	499	95	15	500	500	9000	0	20503	-1	-1	115	0	-1			7020105			-1
7020306	铁桶原始人6	20503	3	519	95	15	500	500	9000	0	20503	-1	-1	115	0	-1			7020106			-1
7020307	铁桶原始人7	20503	3	539	95	15	500	500	9000	0	20503	-1	-1	115	0	-1			7020107			-1
7020308	铁桶原始人8	20503	4	559	105	17	500	500	9000	0	20503	-1	-1	115	0	-1			7020108			-1
7020309	铁桶原始人9	20503	4	579	105	17	500	500	9000	0	20503	-1	-1	115	0	-1			7020109			-1
7020310	铁桶原始人10	20503	4	599	105	17	500	500	9000	0	20503	-1	-1	115	0	-1			7020110			-1
7020311	铁桶原始人11	20503	4	619	105	17	500	500	9000	0	20503	-1	-1	115	0	-1			7020111			-1
7020312	铁桶原始人12	20503	4	639	105	17	500	500	9000	0	20503	-1	-1	115	0	-1			7020112			-1
7020313	铁桶原始人13	20503	4	659	105	17	500	500	9000	0	20503	-1	-1	115	0	-1			7020113			-1
7020314	铁桶原始人14	20503	4	679	105	17	500	500	9000	0	20503	-1	-1	115	0	-1			7020114			-1
7020315	铁桶原始人15	20503	5	699	114	20	500	500	9000	0	20503	-1	-1	115	0	-1			7020115			-1
7020316	铁桶原始人16	20503	5	719	114	20	500	500	9000	0	20503	-1	-1	115	0	-1			7020116			-1
7020317	铁桶原始人17	20503	5	739	114	20	500	500	9000	0	20503	-1	-1	115	0	-1			7020117			-1
7020318	铁桶原始人18	20503	5	759	114	20	500	500	9000	0	20503	-1	-1	115	0	-1			7020118			-1
7020319	铁桶原始人19	20503	5	779	114	20	500	500	9000	0	20503	-1	-1	115	0	-1			7020119			-1
7020320	铁桶原始人20	20503	6	786	126	22	500	500	9000	0	20503	-1	-1	115	0	-1			7020120			-1
7020401	面具原始人1	20504	3	419	95	15	500	500	9000	0	20504	-1	-1	115	0	-1						-1
7020402	面具原始人2	20504	3	439	95	15	500	500	9000	0	20504	-1	-1	115	0	-1						-1
7020403	面具原始人3	20504	3	459	95	15	500	500	9000	0	20504	-1	-1	115	0	-1						-1
7020404	面具原始人4	20504	3	479	95	15	500	500	9000	0	20504	-1	-1	115	0	-1						-1
7020405	面具原始人5	20504	3	499	95	15	500	500	9000	0	20504	-1	-1	115	0	-1						-1
7020406	面具原始人6	20504	3	519	95	15	500	500	9000	0	20504	-1	-1	115	0	-1						-1
7020407	面具原始人7	20504	3	539	95	15	500	500	9000	0	20504	-1	-1	115	0	-1						-1
7020408	面具原始人8	20504	4	559	105	17	500	500	9000	0	20504	-1	-1	115	0	-1						-1
7020409	面具原始人9	20504	4	579	105	17	500	500	9000	0	20504	-1	-1	115	0	-1						-1
7020410	面具原始人10	20504	4	599	105	17	500	500	9000	0	20504	-1	-1	115	0	-1						-1
7020411	面具原始人11	20504	4	619	105	17	500	500	9000	0	20504	-1	-1	115	0	-1						-1
7020412	面具原始人12	20504	4	639	105	17	500	500	9000	0	20504	-1	-1	115	0	-1						-1
7020413	面具原始人13	20504	4	659	105	17	500	500	9000	0	20504	-1	-1	115	0	-1						-1
7020414	面具原始人14	20504	4	679	105	17	500	500	9000	0	20504	-1	-1	115	0	-1						-1
7020415	面具原始人15	20504	5	699	114	20	500	500	9000	0	20504	-1	-1	115	0	-1						-1
7020416	面具原始人16	20504	5	719	114	20	500	500	9000	0	20504	-1	-1	115	0	-1						-1
7020417	面具原始人17	20504	5	739	114	20	500	500	9000	0	20504	-1	-1	115	0	-1						-1
7020418	面具原始人18	20504	5	759	114	20	500	500	9000	0	20504	-1	-1	115	0	-1						-1
7020419	面具原始人19	20504	5	779	114	20	500	500	9000	0	20504	-1	-1	115	0	-1						-1
7020420	面具原始人20	20504	6	786	126	22	500	500	9000	0	20504	-1	-1	115	0	-1						-1
7020501	木棍原始人1	20505	3	419	95	15	500	500	9000	0	20505	-1	-1	115	0	-1						-1
7020502	木棍原始人2	20505	3	439	95	15	500	500	9000	0	20505	-1	-1	115	0	-1						-1
7020503	木棍原始人3	20505	3	459	95	15	500	500	9000	0	20505	-1	-1	115	0	-1						-1
7020504	木棍原始人4	20505	3	479	95	15	500	500	9000	0	20505	-1	-1	115	0	-1						-1
7020505	木棍原始人5	20505	3	499	95	15	500	500	9000	0	20505	-1	-1	115	0	-1						-1
7020506	木棍原始人6	20505	3	519	95	15	500	500	9000	0	20505	-1	-1	115	0	-1						-1
7020507	木棍原始人7	20505	3	539	95	15	500	500	9000	0	20505	-1	-1	115	0	-1						-1
7020508	木棍原始人8	20505	4	559	105	17	500	500	9000	0	20505	-1	-1	115	0	-1						-1
7020509	木棍原始人9	20505	4	579	105	17	500	500	9000	0	20505	-1	-1	115	0	-1						-1
7020510	木棍原始人10	20505	4	599	105	17	500	500	9000	0	20505	-1	-1	115	0	-1						-1
7020511	木棍原始人11	20505	4	619	105	17	500	500	9000	0	20505	-1	-1	115	0	-1						-1
7020512	木棍原始人12	20505	4	639	105	17	500	500	9000	0	20505	-1	-1	115	0	-1						-1
7020513	木棍原始人13	20505	4	659	105	17	500	500	9000	0	20505	-1	-1	115	0	-1						-1
7020514	木棍原始人14	20505	4	679	105	17	500	500	9000	0	20505	-1	-1	115	0	-1						-1
7020515	木棍原始人15	20505	5	699	114	20	500	500	9000	0	20505	-1	-1	115	0	-1						-1
7020516	木棍原始人16	20505	5	719	114	20	500	500	9000	0	20505	-1	-1	115	0	-1						-1
7020517	木棍原始人17	20505	5	739	114	20	500	500	9000	0	20505	-1	-1	115	0	-1						-1
7020518	木棍原始人18	20505	5	759	114	20	500	500	9000	0	20505	-1	-1	115	0	-1						-1
7020519	木棍原始人19	20505	5	779	114	20	500	500	9000	0	20505	-1	-1	115	0	-1						-1
7020520	木棍原始人20	20505	6	786	126	22	500	500	9000	0	20505	-1	-1	115	0	-1						-1
7020601	弹弓原始人1	20506	3	279	88	15	500	500	9000	0	20506	-1	-1	115	0	-1						-1
7020602	弹弓原始人2	20506	3	292	88	15	500	500	9000	0	20506	-1	-1	115	0	-1						-1
7020603	弹弓原始人3	20506	3	305	88	15	500	500	9000	0	20506	-1	-1	115	0	-1						-1
7020604	弹弓原始人4	20506	3	318	88	15	500	500	9000	0	20506	-1	-1	115	0	-1						-1
7020605	弹弓原始人5	20506	3	331	88	15	500	500	9000	0	20506	-1	-1	115	0	-1						-1
7020606	弹弓原始人6	20506	3	344	88	15	500	500	9000	0	20506	-1	-1	115	0	-1						-1
7020607	弹弓原始人7	20506	3	357	88	15	500	500	9000	0	20506	-1	-1	115	0	-1						-1
7020608	弹弓原始人8	20506	4	370	98	17	500	500	9000	0	20506	-1	-1	115	0	-1						-1
7020609	弹弓原始人9	20506	4	383	98	17	500	500	9000	0	20506	-1	-1	115	0	-1						-1
7020610	弹弓原始人10	20506	4	396	98	17	500	500	9000	0	20506	-1	-1	115	0	-1						-1
7020611	弹弓原始人11	20506	4	409	98	17	500	500	9000	0	20506	-1	-1	115	0	-1						-1
7020612	弹弓原始人12	20506	4	422	98	17	500	500	9000	0	20506	-1	-1	115	0	-1						-1
7020613	弹弓原始人13	20506	4	435	98	17	500	500	9000	0	20506	-1	-1	115	0	-1						-1
7020614	弹弓原始人14	20506	4	448	98	17	500	500	9000	0	20506	-1	-1	115	0	-1						-1
7020615	弹弓原始人15	20506	5	461	106	20	500	500	9000	0	20506	-1	-1	115	0	-1						-1
7020616	弹弓原始人16	20506	5	474	106	20	500	500	9000	0	20506	-1	-1	115	0	-1						-1
7020617	弹弓原始人17	20506	5	487	106	20	500	500	9000	0	20506	-1	-1	115	0	-1						-1
7020618	弹弓原始人18	20506	5	500	106	20	500	500	9000	0	20506	-1	-1	115	0	-1						-1
7020619	弹弓原始人19	20506	5	513	106	20	500	500	9000	0	20506	-1	-1	115	0	-1						-1
7020620	弹弓原始人20	20506	6	524	118	22	500	500	9000	0	20506	-1	-1	115	0	-1						-1
7020701	蜂窝原始人1	20510	3	279	44	15	500	500	9000	0	11111001	-1	-1	115	0	-1						-1
7020702	蜂窝原始人2	20510	3	292	44	15	500	500	9000	0	11111001	-1	-1	115	0	-1						-1
7020703	蜂窝原始人3	20510	3	305	44	15	500	500	9000	0	11111001	-1	-1	115	0	-1						-1
7020704	蜂窝原始人4	20510	3	318	44	15	500	500	9000	0	11111001	-1	-1	115	0	-1						-1
7020705	蜂窝原始人5	20510	3	331	44	15	500	500	9000	0	11111001	-1	-1	115	0	-1						-1
7020706	蜂窝原始人6	20510	3	344	44	15	500	500	9000	0	11111001	-1	-1	115	0	-1						-1
7020707	蜂窝原始人7	20510	3	357	44	15	500	500	9000	0	11111001	-1	-1	115	0	-1						-1
7020708	蜂窝原始人8	20510	4	370	49	17	500	500	9000	0	11111001	-1	-1	115	0	-1						-1
7020709	蜂窝原始人9	20510	4	383	49	17	500	500	9000	0	11111001	-1	-1	115	0	-1						-1
7020710	蜂窝原始人10	20510	4	396	49	17	500	500	9000	0	11111001	-1	-1	115	0	-1						-1
7020711	蜂窝原始人11	20510	4	409	49	17	500	500	9000	0	11111001	-1	-1	115	0	-1						-1
7020712	蜂窝原始人12	20510	4	422	49	17	500	500	9000	0	11111001	-1	-1	115	0	-1						-1
7020713	蜂窝原始人13	20510	4	435	49	17	500	500	9000	0	11111001	-1	-1	115	0	-1						-1
7020714	蜂窝原始人14	20510	4	448	49	17	500	500	9000	0	11111001	-1	-1	115	0	-1						-1
7020715	蜂窝原始人15	20510	5	461	53	20	500	500	9000	0	11111001	-1	-1	115	0	-1						-1
7020716	蜂窝原始人16	20510	5	474	53	20	500	500	9000	0	11111001	-1	-1	115	0	-1						-1
7020717	蜂窝原始人17	20510	5	487	53	20	500	500	9000	0	11111001	-1	-1	115	0	-1						-1
7020718	蜂窝原始人18	20510	5	500	53	20	500	500	9000	0	11111001	-1	-1	115	0	-1						-1
7020719	蜂窝原始人19	20510	5	513	53	20	500	500	9000	0	11111001	-1	-1	115	0	-1						-1
7020720	蜂窝原始人20	20510	6	524	59	22	500	500	9000	0	11111001	-1	-1	115	0	-1						-1
7030101	长城普僵1	20624	6	524	84	22	500	500	9000	0	20001	-1	-1	115	0	-1						-1
7030102	长城普僵2	20624	6	547	84	22	500	500	9000	0	20001	-1	-1	115	0	-1						-1
7030103	长城普僵3	20624	6	570	84	22	500	500	9000	0	20001	-1	-1	115	0	-1						-1
7030104	长城普僵4	20624	6	593	84	22	500	500	9000	0	20001	-1	-1	115	0	-1						-1
7030105	长城普僵5	20624	6	616	84	22	500	500	9000	0	20001	-1	-1	115	0	-1						-1
7030106	长城普僵6	20624	7	639	91	24	500	500	9000	0	20001	-1	-1	115	0	-1						-1
7030107	长城普僵7	20624	7	662	91	24	500	500	9000	0	20001	-1	-1	115	0	-1						-1
7030108	长城普僵8	20624	7	685	91	24	500	500	9000	0	20001	-1	-1	115	0	-1						-1
7030109	长城普僵9	20624	7	708	91	24	500	500	9000	0	20001	-1	-1	115	0	-1						-1
7030110	长城普僵10	20624	7	731	91	24	500	500	9000	0	20001	-1	-1	115	0	-1						-1
7030111	长城普僵11	20624	8	754	100	26	500	500	9000	0	20001	-1	-1	115	0	-1						-1
7030112	长城普僵12	20624	8	777	100	26	500	500	9000	0	20001	-1	-1	115	0	-1						-1
7030113	长城普僵13	20624	8	800	100	26	500	500	9000	0	20001	-1	-1	115	0	-1						-1
7030114	长城普僵14	20624	8	823	100	26	500	500	9000	0	20001	-1	-1	115	0	-1						-1
7030115	长城普僵15	20624	8	846	100	26	500	500	9000	0	20001	-1	-1	115	0	-1						-1
7030116	长城普僵16	20624	9	869	109	28	500	500	9000	0	20001	-1	-1	115	0	-1						-1
7030117	长城普僵17	20624	9	892	109	28	500	500	9000	0	20001	-1	-1	115	0	-1						-1
7030118	长城普僵18	20624	9	915	109	28	500	500	9000	0	20001	-1	-1	115	0	-1						-1
7030119	长城普僵19	20624	10	938	118	31	500	500	9000	0	20001	-1	-1	115	0	-1						-1
7030120	长城普僵20	20624	10	961	118	31	500	500	9000	0	20001	-1	-1	115	0	-1						-1
7030121	长城普僵21	20624	10	984	118	31	500	500	9000	0	20001	-1	-1	115	0	-1						-1
7030122	长城普僵22	20624	11	1007	129	33	500	500	9000	0	20001	-1	-1	115	0	-1						-1
7030123	长城普僵23	20624	11	1030	129	33	500	500	9000	0	20001	-1	-1	115	0	-1						-1
7030124	长城普僵24	20624	11	1053	129	33	500	500	9000	0	20001	-1	-1	115	0	-1						-1
7030125	长城普僵25	20624	13	1054	154	37	500	500	9000	0	20001	-1	-1	115	0	-1						-1
7030201	长城旗帜1	20401	6	524	84	22	500	500	9000	0	20401	-1	-1	115	0	-1						-1
7030202	长城旗帜2	20401	6	547	84	22	500	500	9000	0	20401	-1	-1	115	0	-1						-1
7030203	长城旗帜3	20401	6	570	84	22	500	500	9000	0	20401	-1	-1	115	0	-1						-1
7030204	长城旗帜4	20401	6	593	84	22	500	500	9000	0	20401	-1	-1	115	0	-1						-1
7030205	长城旗帜5	20401	6	616	84	22	500	500	9000	0	20401	-1	-1	115	0	-1						-1
7030206	长城旗帜6	20401	7	639	91	24	500	500	9000	0	20401	-1	-1	115	0	-1						-1
7030207	长城旗帜7	20401	7	662	91	24	500	500	9000	0	20401	-1	-1	115	0	-1						-1
7030208	长城旗帜8	20401	7	685	91	24	500	500	9000	0	20401	-1	-1	115	0	-1						-1
7030209	长城旗帜9	20401	7	708	91	24	500	500	9000	0	20401	-1	-1	115	0	-1						-1
7030210	长城旗帜10	20401	7	731	91	24	500	500	9000	0	20401	-1	-1	115	0	-1						-1
7030211	长城旗帜11	20401	8	754	100	26	500	500	9000	0	20401	-1	-1	115	0	-1						-1
7030212	长城旗帜12	20401	8	777	100	26	500	500	9000	0	20401	-1	-1	115	0	-1						-1
7030213	长城旗帜13	20401	8	800	100	26	500	500	9000	0	20401	-1	-1	115	0	-1						-1
7030214	长城旗帜14	20401	8	823	100	26	500	500	9000	0	20401	-1	-1	115	0	-1						-1
7030215	长城旗帜15	20401	8	846	100	26	500	500	9000	0	20401	-1	-1	115	0	-1						-1
7030216	长城旗帜16	20401	9	869	109	28	500	500	9000	0	20401	-1	-1	115	0	-1						-1
7030217	长城旗帜17	20401	9	892	109	28	500	500	9000	0	20401	-1	-1	115	0	-1						-1
7030218	长城旗帜18	20401	9	915	109	28	500	500	9000	0	20401	-1	-1	115	0	-1						-1
7030219	长城旗帜19	20401	10	938	118	31	500	500	9000	0	20401	-1	-1	115	0	-1						-1
7030220	长城旗帜20	20401	10	961	118	31	500	500	9000	0	20401	-1	-1	115	0	-1						-1
7030221	长城旗帜21	20401	10	984	118	31	500	500	9000	0	20401	-1	-1	115	0	-1						-1
7030222	长城旗帜22	20401	11	1007	129	33	500	500	9000	0	20401	-1	-1	115	0	-1						-1
7030223	长城旗帜23	20401	11	1030	129	33	500	500	9000	0	20401	-1	-1	115	0	-1						-1
7030224	长城旗帜24	20401	11	1053	129	33	500	500	9000	0	20401	-1	-1	115	0	-1						-1
7030225	长城旗帜25	20401	13	1054	154	37	500	500	9000	0	20401	-1	-1	115	0	-1						-1
7030301	长城路障1	20402	6	786	126	22	500	500	9000	0	20402	-1	-1	115	0	-1						-1
7030302	长城路障2	20402	6	820	126	22	500	500	9000	0	20402	-1	-1	115	0	-1						-1
7030303	长城路障3	20402	6	854	126	22	500	500	9000	0	20402	-1	-1	115	0	-1						-1
7030304	长城路障4	20402	6	888	126	22	500	500	9000	0	20402	-1	-1	115	0	-1						-1
7030305	长城路障5	20402	6	922	126	22	500	500	9000	0	20402	-1	-1	115	0	-1						-1
7030306	长城路障6	20402	7	956	137	24	500	500	9000	0	20402	-1	-1	115	0	-1						-1
7030307	长城路障7	20402	7	990	137	24	500	500	9000	0	20402	-1	-1	115	0	-1						-1
7030308	长城路障8	20402	7	1024	137	24	500	500	9000	0	20402	-1	-1	115	0	-1						-1
7030309	长城路障9	20402	7	1058	137	24	500	500	9000	0	20402	-1	-1	115	0	-1						-1
7030310	长城路障10	20402	7	1092	137	24	500	500	9000	0	20402	-1	-1	115	0	-1						-1
7030311	长城路障11	20402	8	1126	150	26	500	500	9000	0	20402	-1	-1	115	0	-1						-1
7030312	长城路障12	20402	8	1160	150	26	500	500	9000	0	20402	-1	-1	115	0	-1						-1
7030313	长城路障13	20402	8	1194	150	26	500	500	9000	0	20402	-1	-1	115	0	-1						-1
7030314	长城路障14	20402	8	1228	150	26	500	500	9000	0	20402	-1	-1	115	0	-1						-1
7030315	长城路障15	20402	8	1262	150	26	500	500	9000	0	20402	-1	-1	115	0	-1						-1
7030316	长城路障16	20402	9	1296	164	28	500	500	9000	0	20402	-1	-1	115	0	-1						-1
7030317	长城路障17	20402	9	1330	164	28	500	500	9000	0	20402	-1	-1	115	0	-1						-1
7030318	长城路障18	20402	9	1364	164	28	500	500	9000	0	20402	-1	-1	115	0	-1						-1
7030319	长城路障19	20402	10	1398	177	31	500	500	9000	0	20402	-1	-1	115	0	-1						-1
7030320	长城路障20	20402	10	1432	177	31	500	500	9000	0	20402	-1	-1	115	0	-1						-1
7030321	长城路障21	20402	10	1466	177	31	500	500	9000	0	20402	-1	-1	115	0	-1						-1
7030322	长城路障22	20402	11	1500	194	33	500	500	9000	0	20402	-1	-1	115	0	-1						-1
7030323	长城路障23	20402	11	1534	194	33	500	500	9000	0	20402	-1	-1	115	0	-1						-1
7030324	长城路障24	20402	11	1568	194	33	500	500	9000	0	20402	-1	-1	115	0	-1						-1
7030325	长城路障25	20402	13	1581	231	37	500	500	9000	0	20402	-1	-1	115	0	-1						-1
7030401	长城铁桶1	20403	6	786	126	22	500	500	9000	0	20403	-1	-1	115	0	-1			7030101			-1
7030402	长城铁桶2	20403	6	820	126	22	500	500	9000	0	20403	-1	-1	115	0	-1			7030102			-1
7030403	长城铁桶3	20403	6	854	126	22	500	500	9000	0	20403	-1	-1	115	0	-1			7030103			-1
7030404	长城铁桶4	20403	6	888	126	22	500	500	9000	0	20403	-1	-1	115	0	-1			7030104			-1
7030405	长城铁桶5	20403	6	922	126	22	500	500	9000	0	20403	-1	-1	115	0	-1			7030105			-1
7030406	长城铁桶6	20403	7	956	137	24	500	500	9000	0	20403	-1	-1	115	0	-1			7030106			-1
7030407	长城铁桶7	20403	7	990	137	24	500	500	9000	0	20403	-1	-1	115	0	-1			7030107			-1
7030408	长城铁桶8	20403	7	1024	137	24	500	500	9000	0	20403	-1	-1	115	0	-1			7030108			-1
7030409	长城铁桶9	20403	7	1058	137	24	500	500	9000	0	20403	-1	-1	115	0	-1			7030109			-1
7030410	长城铁桶10	20403	7	1092	137	24	500	500	9000	0	20403	-1	-1	115	0	-1			7030110			-1
7030411	长城铁桶11	20403	8	1126	150	26	500	500	9000	0	20403	-1	-1	115	0	-1			7030111			-1
7030412	长城铁桶12	20403	8	1160	150	26	500	500	9000	0	20403	-1	-1	115	0	-1			7030112			-1
7030413	长城铁桶13	20403	8	1194	150	26	500	500	9000	0	20403	-1	-1	115	0	-1			7030113			-1
7030414	长城铁桶14	20403	8	1228	150	26	500	500	9000	0	20403	-1	-1	115	0	-1			7030114			-1
7030415	长城铁桶15	20403	8	1262	150	26	500	500	9000	0	20403	-1	-1	115	0	-1			7030115			-1
7030416	长城铁桶16	20403	9	1296	164	28	500	500	9000	0	20403	-1	-1	115	0	-1			7030116			-1
7030417	长城铁桶17	20403	9	1330	164	28	500	500	9000	0	20403	-1	-1	115	0	-1			7030117			-1
7030418	长城铁桶18	20403	9	1364	164	28	500	500	9000	0	20403	-1	-1	115	0	-1			7030118			-1
7030419	长城铁桶19	20403	10	1398	177	31	500	500	9000	0	20403	-1	-1	115	0	-1			7030119			-1
7030420	长城铁桶20	20403	10	1432	177	31	500	500	9000	0	20403	-1	-1	115	0	-1			7030120			-1
7030421	长城铁桶21	20403	10	1466	177	31	500	500	9000	0	20403	-1	-1	115	0	-1			7030121			-1
7030422	长城铁桶22	20403	11	1500	194	33	500	500	9000	0	20403	-1	-1	115	0	-1			7030122			-1
7030423	长城铁桶23	20403	11	1534	194	33	500	500	9000	0	20403	-1	-1	115	0	-1			7030123			-1
7030424	长城铁桶24	20403	11	1568	194	33	500	500	9000	0	20403	-1	-1	115	0	-1			7030124			-1
7030425	长城铁桶25	20403	13	1581	231	37	500	500	9000	0	20403	-1	-1	115	0	-1			7030125			-1
7030501	长城大刀1	20405	6	786	126	22	500	500	9000	0	20405	-1	-1	115	0	-1						-1
7030502	长城大刀2	20405	6	820	126	22	500	500	9000	0	20405	-1	-1	115	0	-1						-1
7030503	长城大刀3	20405	6	854	126	22	500	500	9000	0	20405	-1	-1	115	0	-1						-1
7030504	长城大刀4	20405	6	888	126	22	500	500	9000	0	20405	-1	-1	115	0	-1						-1
7030505	长城大刀5	20405	6	922	126	22	500	500	9000	0	20405	-1	-1	115	0	-1						-1
7030506	长城大刀6	20405	7	956	137	24	500	500	9000	0	20405	-1	-1	115	0	-1						-1
7030507	长城大刀7	20405	7	990	137	24	500	500	9000	0	20405	-1	-1	115	0	-1						-1
7030508	长城大刀8	20405	7	1024	137	24	500	500	9000	0	20405	-1	-1	115	0	-1						-1
7030509	长城大刀9	20405	7	1058	137	24	500	500	9000	0	20405	-1	-1	115	0	-1						-1
7030510	长城大刀10	20405	7	1092	137	24	500	500	9000	0	20405	-1	-1	115	0	-1						-1
7030511	长城大刀11	20405	8	1126	150	26	500	500	9000	0	20405	-1	-1	115	0	-1						-1
7030512	长城大刀12	20405	8	1160	150	26	500	500	9000	0	20405	-1	-1	115	0	-1						-1
7030513	长城大刀13	20405	8	1194	150	26	500	500	9000	0	20405	-1	-1	115	0	-1						-1
7030514	长城大刀14	20405	8	1228	150	26	500	500	9000	0	20405	-1	-1	115	0	-1						-1
7030515	长城大刀15	20405	8	1262	150	26	500	500	9000	0	20405	-1	-1	115	0	-1						-1
7030516	长城大刀16	20405	9	1296	164	28	500	500	9000	0	20405	-1	-1	115	0	-1						-1
7030517	长城大刀17	20405	9	1330	164	28	500	500	9000	0	20405	-1	-1	115	0	-1						-1
7030518	长城大刀18	20405	9	1364	164	28	500	500	9000	0	20405	-1	-1	115	0	-1						-1
7030519	长城大刀19	20405	10	1398	177	31	500	500	9000	0	20405	-1	-1	115	0	-1						-1
7030520	长城大刀20	20405	10	1432	177	31	500	500	9000	0	20405	-1	-1	115	0	-1						-1
7030521	长城大刀21	20405	10	1466	177	31	500	500	9000	0	20405	-1	-1	115	0	-1						-1
7030522	长城大刀22	20405	11	1500	194	33	500	500	9000	0	20405	-1	-1	115	0	-1						-1
7030523	长城大刀23	20405	11	1534	194	33	500	500	9000	0	20405	-1	-1	115	0	-1						-1
7030524	长城大刀24	20405	11	1568	194	33	500	500	9000	0	20405	-1	-1	115	0	-1						-1
7030525	长城大刀25	20405	13	1581	231	37	500	500	9000	0	20405	-1	-1	115	0	-1						-1
7030601	长城长矛1	20406	6	524	118	22	500	500	9000	0	20406	-1	-1	115	0	-1						-1
7030602	长城长矛2	20406	6	547	118	22	500	500	9000	0	20406	-1	-1	115	0	-1						-1
7030603	长城长矛3	20406	6	570	118	22	500	500	9000	0	20406	-1	-1	115	0	-1						-1
7030604	长城长矛4	20406	6	593	118	22	500	500	9000	0	20406	-1	-1	115	0	-1						-1
7030605	长城长矛5	20406	6	616	118	22	500	500	9000	0	20406	-1	-1	115	0	-1						-1
7030606	长城长矛6	20406	7	639	127	24	500	500	9000	0	20406	-1	-1	115	0	-1						-1
7030607	长城长矛7	20406	7	662	127	24	500	500	9000	0	20406	-1	-1	115	0	-1						-1
7030608	长城长矛8	20406	7	685	127	24	500	500	9000	0	20406	-1	-1	115	0	-1						-1
7030609	长城长矛9	20406	7	708	127	24	500	500	9000	0	20406	-1	-1	115	0	-1						-1
7030610	长城长矛10	20406	7	731	127	24	500	500	9000	0	20406	-1	-1	115	0	-1						-1
7030611	长城长矛11	20406	8	754	140	26	500	500	9000	0	20406	-1	-1	115	0	-1						-1
7030612	长城长矛12	20406	8	777	140	26	500	500	9000	0	20406	-1	-1	115	0	-1						-1
7030613	长城长矛13	20406	8	800	140	26	500	500	9000	0	20406	-1	-1	115	0	-1						-1
7030614	长城长矛14	20406	8	823	140	26	500	500	9000	0	20406	-1	-1	115	0	-1						-1
7030615	长城长矛15	20406	8	846	140	26	500	500	9000	0	20406	-1	-1	115	0	-1						-1
7030616	长城长矛16	20406	9	869	153	28	500	500	9000	0	20406	-1	-1	115	0	-1						-1
7030617	长城长矛17	20406	9	892	153	28	500	500	9000	0	20406	-1	-1	115	0	-1						-1
7030618	长城长矛18	20406	9	915	153	28	500	500	9000	0	20406	-1	-1	115	0	-1						-1
7030619	长城长矛19	20406	10	938	165	31	500	500	9000	0	20406	-1	-1	115	0	-1						-1
7030620	长城长矛20	20406	10	961	165	31	500	500	9000	0	20406	-1	-1	115	0	-1						-1
7030621	长城长矛21	20406	10	984	165	31	500	500	9000	0	20406	-1	-1	115	0	-1						-1
7030622	长城长矛22	20406	11	1007	181	33	500	500	9000	0	20406	-1	-1	115	0	-1						-1
7030623	长城长矛23	20406	11	1030	181	33	500	500	9000	0	20406	-1	-1	115	0	-1						-1
7030624	长城长矛24	20406	11	1053	181	33	500	500	9000	0	20406	-1	-1	115	0	-1						-1
7030625	长城长矛25	20406	13	1054	216	37	500	500	9000	0	20406	-1	-1	115	0	-1						-1
7030701	长城投石车1	20408	6	524	59	22	500	500	9000	0	11111002	-1	-1	115	0	-1						-1
7030702	长城投石车2	20408	6	547	59	22	500	500	9000	0	11111002	-1	-1	115	0	-1						-1
7030703	长城投石车3	20408	6	570	59	22	500	500	9000	0	11111002	-1	-1	115	0	-1						-1
7030704	长城投石车4	20408	6	593	59	22	500	500	9000	0	11111002	-1	-1	115	0	-1						-1
7030705	长城投石车5	20408	6	616	59	22	500	500	9000	0	11111002	-1	-1	115	0	-1						-1
7030706	长城投石车6	20408	7	639	64	24	500	500	9000	0	11111002	-1	-1	115	0	-1						-1
7030707	长城投石车7	20408	7	662	64	24	500	500	9000	0	11111002	-1	-1	115	0	-1						-1
7030708	长城投石车8	20408	7	685	64	24	500	500	9000	0	11111002	-1	-1	115	0	-1						-1
7030709	长城投石车9	20408	7	708	64	24	500	500	9000	0	11111002	-1	-1	115	0	-1						-1
7030710	长城投石车10	20408	7	731	64	24	500	500	9000	0	11111002	-1	-1	115	0	-1						-1
7030711	长城投石车11	20408	8	754	70	26	500	500	9000	0	11111002	-1	-1	115	0	-1						-1
7030712	长城投石车12	20408	8	777	70	26	500	500	9000	0	11111002	-1	-1	115	0	-1						-1
7030713	长城投石车13	20408	8	800	70	26	500	500	9000	0	11111002	-1	-1	115	0	-1						-1
7030714	长城投石车14	20408	8	823	70	26	500	500	9000	0	11111002	-1	-1	115	0	-1						-1
7030715	长城投石车15	20408	8	846	70	26	500	500	9000	0	11111002	-1	-1	115	0	-1						-1
7030716	长城投石车16	20408	9	869	76	28	500	500	9000	0	11111002	-1	-1	115	0	-1						-1
7030717	长城投石车17	20408	9	892	76	28	500	500	9000	0	11111002	-1	-1	115	0	-1						-1
7030718	长城投石车18	20408	9	915	76	28	500	500	9000	0	11111002	-1	-1	115	0	-1						-1
7030719	长城投石车19	20408	10	938	83	31	500	500	9000	0	11111002	-1	-1	115	0	-1						-1
7030720	长城投石车20	20408	10	961	83	31	500	500	9000	0	11111002	-1	-1	115	0	-1						-1
7030721	长城投石车21	20408	10	984	83	31	500	500	9000	0	11111002	-1	-1	115	0	-1						-1
7030722	长城投石车22	20408	11	1007	90	33	500	500	9000	0	11111002	-1	-1	115	0	-1						-1
7030723	长城投石车23	20408	11	1030	90	33	500	500	9000	0	11111002	-1	-1	115	0	-1						-1
7030724	长城投石车24	20408	11	1053	90	33	500	500	9000	0	11111002	-1	-1	115	0	-1						-1
7030725	长城投石车25	20408	13	1054	108	37	500	500	9000	0	11111002	-1	-1	115	0	-1						-1
7040101	木乃伊僵尸1	20101	13	1054	154	37	500	500	9000	0	20101	-1	-1	115	0	-1						-1
7040102	木乃伊僵尸2	20101	13	1102	154	37	500	500	9000	0	20101	-1	-1	115	0	-1						-1
7040103	木乃伊僵尸3	20101	14	1150	162	40	500	500	9000	0	20101	-1	-1	115	0	-1						-1
7040104	木乃伊僵尸4	20101	14	1198	162	40	500	500	9000	0	20101	-1	-1	115	0	-1						-1
7040105	木乃伊僵尸5	20101	15	1246	170	42	500	500	9000	0	20101	-1	-1	115	0	-1						-1
7040106	木乃伊僵尸6	20101	15	1294	170	42	500	500	9000	0	20101	-1	-1	115	0	-1						-1
7040107	木乃伊僵尸7	20101	16	1342	178	44	500	500	9000	0	20101	-1	-1	115	0	-1						-1
7040108	木乃伊僵尸8	20101	16	1390	178	44	500	500	9000	0	20101	-1	-1	115	0	-1						-1
7040109	木乃伊僵尸9	20101	17	1438	186	46	500	500	9000	0	20101	-1	-1	115	0	-1						-1
7040110	木乃伊僵尸10	20101	17	1486	186	46	500	500	9000	0	20101	-1	-1	115	0	-1						-1
7040111	木乃伊僵尸11	20101	18	1534	195	48	500	500	9000	0	20101	-1	-1	115	0	-1						-1
7040112	木乃伊僵尸12	20101	18	1582	195	48	500	500	9000	0	20101	-1	-1	115	0	-1						-1
7040113	木乃伊僵尸13	20101	19	1630	204	51	500	500	9000	0	20101	-1	-1	115	0	-1						-1
7040114	木乃伊僵尸14	20101	19	1678	204	51	500	500	9000	0	20101	-1	-1	115	0	-1						-1
7040115	木乃伊僵尸15	20101	20	1726	213	62	500	500	9000	0	20101	-1	-1	115	0	-1						-1
7040116	木乃伊僵尸16	20101	20	1774	213	62	500	500	9000	0	20101	-1	-1	115	0	-1						-1
7040117	木乃伊僵尸17	20101	21	1822	222	67	500	500	9000	0	20101	-1	-1	115	0	-1						-1
7040118	木乃伊僵尸18	20101	21	1870	222	67	500	500	9000	0	20101	-1	-1	115	0	-1						-1
7040119	木乃伊僵尸19	20101	22	1918	232	72	500	500	9000	0	20101	-1	-1	115	0	-1						-1
7040120	木乃伊僵尸20	20101	22	1966	232	72	500	500	9000	0	20101	-1	-1	115	0	-1						-1
7040121	木乃伊僵尸21	20101	23	2014	242	78	500	500	9000	0	20101	-1	-1	115	0	-1						-1
7040122	木乃伊僵尸22	20101	23	2062	242	78	500	500	9000	0	20101	-1	-1	115	0	-1						-1
7040123	木乃伊僵尸23	20101	24	2110	252	84	500	500	9000	0	20101	-1	-1	115	0	-1						-1
7040124	木乃伊僵尸24	20101	24	2158	252	84	500	500	9000	0	20101	-1	-1	115	0	-1						-1
7040125	木乃伊僵尸25	20101	25	2206	263	89	500	500	9000	0	20101	-1	-1	115	0	-1						-1
7040126	木乃伊僵尸26	20101	25	2254	263	89	500	500	9000	0	20101	-1	-1	115	0	-1						-1
7040127	木乃伊僵尸27	20101	26	2302	273	95	500	500	9000	0	20101	-1	-1	115	0	-1						-1
7040128	木乃伊僵尸28	20101	26	2350	273	95	500	500	9000	0	20101	-1	-1	115	0	-1						-1
7040129	木乃伊僵尸29	20101	27	2398	285	101	500	500	9000	0	20101	-1	-1	115	0	-1						-1
7040130	木乃伊僵尸30	20101	30	2971	320	120	500	500	9000	0	20101	-1	-1	115	0	-1						-1
7040201	旗帜木乃伊1	20103	13	1054	154	37	500	500	9000	0	20103	-1	-1	115	0	-1						-1
7040202	旗帜木乃伊2	20103	13	1102	154	37	500	500	9000	0	20103	-1	-1	115	0	-1						-1
7040203	旗帜木乃伊3	20103	14	1150	162	40	500	500	9000	0	20103	-1	-1	115	0	-1						-1
7040204	旗帜木乃伊4	20103	14	1198	162	40	500	500	9000	0	20103	-1	-1	115	0	-1						-1
7040205	旗帜木乃伊5	20103	15	1246	170	42	500	500	9000	0	20103	-1	-1	115	0	-1						-1
7040206	旗帜木乃伊6	20103	15	1294	170	42	500	500	9000	0	20103	-1	-1	115	0	-1						-1
7040207	旗帜木乃伊7	20103	16	1342	178	44	500	500	9000	0	20103	-1	-1	115	0	-1						-1
7040208	旗帜木乃伊8	20103	16	1390	178	44	500	500	9000	0	20103	-1	-1	115	0	-1						-1
7040209	旗帜木乃伊9	20103	17	1438	186	46	500	500	9000	0	20103	-1	-1	115	0	-1						-1
7040210	旗帜木乃伊10	20103	17	1486	186	46	500	500	9000	0	20103	-1	-1	115	0	-1						-1
7040211	旗帜木乃伊11	20103	18	1534	195	48	500	500	9000	0	20103	-1	-1	115	0	-1						-1
7040212	旗帜木乃伊12	20103	18	1582	195	48	500	500	9000	0	20103	-1	-1	115	0	-1						-1
7040213	旗帜木乃伊13	20103	19	1630	204	51	500	500	9000	0	20103	-1	-1	115	0	-1						-1
7040214	旗帜木乃伊14	20103	19	1678	204	51	500	500	9000	0	20103	-1	-1	115	0	-1						-1
7040215	旗帜木乃伊15	20103	20	1726	213	62	500	500	9000	0	20103	-1	-1	115	0	-1						-1
7040216	旗帜木乃伊16	20103	20	1774	213	62	500	500	9000	0	20103	-1	-1	115	0	-1						-1
7040217	旗帜木乃伊17	20103	21	1822	222	67	500	500	9000	0	20103	-1	-1	115	0	-1						-1
7040218	旗帜木乃伊18	20103	21	1870	222	67	500	500	9000	0	20103	-1	-1	115	0	-1						-1
7040219	旗帜木乃伊19	20103	22	1918	232	72	500	500	9000	0	20103	-1	-1	115	0	-1						-1
7040220	旗帜木乃伊20	20103	22	1966	232	72	500	500	9000	0	20103	-1	-1	115	0	-1						-1
7040221	旗帜木乃伊21	20103	23	2014	242	78	500	500	9000	0	20103	-1	-1	115	0	-1						-1
7040222	旗帜木乃伊22	20103	23	2062	242	78	500	500	9000	0	20103	-1	-1	115	0	-1						-1
7040223	旗帜木乃伊23	20103	24	2110	252	84	500	500	9000	0	20103	-1	-1	115	0	-1						-1
7040224	旗帜木乃伊24	20103	24	2158	252	84	500	500	9000	0	20103	-1	-1	115	0	-1						-1
7040225	旗帜木乃伊25	20103	25	2206	263	89	500	500	9000	0	20103	-1	-1	115	0	-1						-1
7040226	旗帜木乃伊26	20103	25	2254	263	89	500	500	9000	0	20103	-1	-1	115	0	-1						-1
7040227	旗帜木乃伊27	20103	26	2302	273	95	500	500	9000	0	20103	-1	-1	115	0	-1						-1
7040228	旗帜木乃伊28	20103	26	2350	273	95	500	500	9000	0	20103	-1	-1	115	0	-1						-1
7040229	旗帜木乃伊29	20103	27	2398	285	101	500	500	9000	0	20103	-1	-1	115	0	-1						-1
7040230	旗帜木乃伊30	20103	30	2971	320	120	500	500	9000	0	20103	-1	-1	115	0	-1						-1
7040301	路障木乃伊1	20102	13	1581	231	37	500	500	9000	0	20102	-1	-1	115	0	-1						-1
7040302	路障木乃伊2	20102	13	1654	231	37	500	500	9000	0	20102	-1	-1	115	0	-1						-1
7040303	路障木乃伊3	20102	14	1727	243	40	500	500	9000	0	20102	-1	-1	115	0	-1						-1
7040304	路障木乃伊4	20102	14	1800	243	40	500	500	9000	0	20102	-1	-1	115	0	-1						-1
7040305	路障木乃伊5	20102	15	1873	255	42	500	500	9000	0	20102	-1	-1	115	0	-1						-1
7040306	路障木乃伊6	20102	15	1946	255	42	500	500	9000	0	20102	-1	-1	115	0	-1						-1
7040307	路障木乃伊7	20102	16	2019	267	44	500	500	9000	0	20102	-1	-1	115	0	-1						-1
7040308	路障木乃伊8	20102	16	2092	267	44	500	500	9000	0	20102	-1	-1	115	0	-1						-1
7040309	路障木乃伊9	20102	17	2165	279	46	500	500	9000	0	20102	-1	-1	115	0	-1						-1
7040310	路障木乃伊10	20102	17	2238	279	46	500	500	9000	0	20102	-1	-1	115	0	-1						-1
7040311	路障木乃伊11	20102	18	2311	293	48	500	500	9000	0	20102	-1	-1	115	0	-1						-1
7040312	路障木乃伊12	20102	18	2384	293	48	500	500	9000	0	20102	-1	-1	115	0	-1						-1
7040313	路障木乃伊13	20102	19	2457	306	51	500	500	9000	0	20102	-1	-1	115	0	-1						-1
7040314	路障木乃伊14	20102	19	2530	306	51	500	500	9000	0	20102	-1	-1	115	0	-1						-1
7040315	路障木乃伊15	20102	20	2603	320	62	500	500	9000	0	20102	-1	-1	115	0	-1						-1
7040316	路障木乃伊16	20102	20	2676	320	62	500	500	9000	0	20102	-1	-1	115	0	-1						-1
7040317	路障木乃伊17	20102	21	2749	333	67	500	500	9000	0	20102	-1	-1	115	0	-1						-1
7040318	路障木乃伊18	20102	21	2822	333	67	500	500	9000	0	20102	-1	-1	115	0	-1						-1
7040319	路障木乃伊19	20102	22	2895	348	72	500	500	9000	0	20102	-1	-1	115	0	-1						-1
7040320	路障木乃伊20	20102	22	2968	348	72	500	500	9000	0	20102	-1	-1	115	0	-1						-1
7040321	路障木乃伊21	20102	23	3041	363	78	500	500	9000	0	20102	-1	-1	115	0	-1						-1
7040322	路障木乃伊22	20102	23	3114	363	78	500	500	9000	0	20102	-1	-1	115	0	-1						-1
7040323	路障木乃伊23	20102	24	3187	378	84	500	500	9000	0	20102	-1	-1	115	0	-1						-1
7040324	路障木乃伊24	20102	24	3260	378	84	500	500	9000	0	20102	-1	-1	115	0	-1						-1
7040325	路障木乃伊25	20102	25	3333	395	89	500	500	9000	0	20102	-1	-1	115	0	-1						-1
7040326	路障木乃伊26	20102	25	3406	395	89	500	500	9000	0	20102	-1	-1	115	0	-1						-1
7040327	路障木乃伊27	20102	26	3479	410	95	500	500	9000	0	20102	-1	-1	115	0	-1						-1
7040328	路障木乃伊28	20102	26	3552	410	95	500	500	9000	0	20102	-1	-1	115	0	-1						-1
7040329	路障木乃伊29	20102	27	3625	428	101	500	500	9000	0	20102	-1	-1	115	0	-1						-1
7040330	路障木乃伊30	20102	30	4457	480	120	500	500	9000	0	20102	-1	-1	115	0	-1						-1
7040401	铁桶木乃伊1	20104	13	1581	231	37	500	500	9000	0	20104	-1	-1	115	0	-1			7040101			-1
7040402	铁桶木乃伊2	20104	13	1654	231	37	500	500	9000	0	20104	-1	-1	115	0	-1			7040102			-1
7040403	铁桶木乃伊3	20104	14	1727	243	40	500	500	9000	0	20104	-1	-1	115	0	-1			7040103			-1
7040404	铁桶木乃伊4	20104	14	1800	243	40	500	500	9000	0	20104	-1	-1	115	0	-1			7040104			-1
7040405	铁桶木乃伊5	20104	15	1873	255	42	500	500	9000	0	20104	-1	-1	115	0	-1			7040105			-1
7040406	铁桶木乃伊6	20104	15	1946	255	42	500	500	9000	0	20104	-1	-1	115	0	-1			7040106			-1
7040407	铁桶木乃伊7	20104	16	2019	267	44	500	500	9000	0	20104	-1	-1	115	0	-1			7040107			-1
7040408	铁桶木乃伊8	20104	16	2092	267	44	500	500	9000	0	20104	-1	-1	115	0	-1			7040108			-1
7040409	铁桶木乃伊9	20104	17	2165	279	46	500	500	9000	0	20104	-1	-1	115	0	-1			7040109			-1
7040410	铁桶木乃伊10	20104	17	2238	279	46	500	500	9000	0	20104	-1	-1	115	0	-1			7040110			-1
7040411	铁桶木乃伊11	20104	18	2311	293	48	500	500	9000	0	20104	-1	-1	115	0	-1			7040111			-1
7040412	铁桶木乃伊12	20104	18	2384	293	48	500	500	9000	0	20104	-1	-1	115	0	-1			7040112			-1
7040413	铁桶木乃伊13	20104	19	2457	306	51	500	500	9000	0	20104	-1	-1	115	0	-1			7040113			-1
7040414	铁桶木乃伊14	20104	19	2530	306	51	500	500	9000	0	20104	-1	-1	115	0	-1			7040114			-1
7040415	铁桶木乃伊15	20104	20	2603	320	62	500	500	9000	0	20104	-1	-1	115	0	-1			7040115			-1
7040416	铁桶木乃伊16	20104	20	2676	320	62	500	500	9000	0	20104	-1	-1	115	0	-1			7040116			-1
7040417	铁桶木乃伊17	20104	21	2749	333	67	500	500	9000	0	20104	-1	-1	115	0	-1			7040117			-1
7040418	铁桶木乃伊18	20104	21	2822	333	67	500	500	9000	0	20104	-1	-1	115	0	-1			7040118			-1
7040419	铁桶木乃伊19	20104	22	2895	348	72	500	500	9000	0	20104	-1	-1	115	0	-1			7040119			-1
7040420	铁桶木乃伊20	20104	22	2968	348	72	500	500	9000	0	20104	-1	-1	115	0	-1			7040120			-1
7040421	铁桶木乃伊21	20104	23	3041	363	78	500	500	9000	0	20104	-1	-1	115	0	-1			7040121			-1
7040422	铁桶木乃伊22	20104	23	3114	363	78	500	500	9000	0	20104	-1	-1	115	0	-1			7040122			-1
7040423	铁桶木乃伊23	20104	24	3187	378	84	500	500	9000	0	20104	-1	-1	115	0	-1			7040123			-1
7040424	铁桶木乃伊24	20104	24	3260	378	84	500	500	9000	0	20104	-1	-1	115	0	-1			7040124			-1
7040425	铁桶木乃伊25	20104	25	3333	395	89	500	500	9000	0	20104	-1	-1	115	0	-1			7040125			-1
7040426	铁桶木乃伊26	20104	25	3406	395	89	500	500	9000	0	20104	-1	-1	115	0	-1			7040126			-1
7040427	铁桶木乃伊27	20104	26	3479	410	95	500	500	9000	0	20104	-1	-1	115	0	-1			7040127			-1
7040428	铁桶木乃伊28	20104	26	3552	410	95	500	500	9000	0	20104	-1	-1	115	0	-1			7040128			-1
7040429	铁桶木乃伊29	20104	27	3625	428	101	500	500	9000	0	20104	-1	-1	115	0	-1			7040129			-1
7040430	铁桶木乃伊30	20104	30	4457	480	120	500	500	9000	0	20104	-1	-1	115	0	-1			7040130			-1
7040501	死神僵尸1	20107	13	1581	231	37	500	500	9000	0	20107	-1	-1	115	0	-1						-1
7040502	死神僵尸2	20107	13	1654	231	37	500	500	9000	0	20107	-1	-1	115	0	-1						-1
7040503	死神僵尸3	20107	14	1727	243	40	500	500	9000	0	20107	-1	-1	115	0	-1						-1
7040504	死神僵尸4	20107	14	1800	243	40	500	500	9000	0	20107	-1	-1	115	0	-1						-1
7040505	死神僵尸5	20107	15	1873	255	42	500	500	9000	0	20107	-1	-1	115	0	-1						-1
7040506	死神僵尸6	20107	15	1946	255	42	500	500	9000	0	20107	-1	-1	115	0	-1						-1
7040507	死神僵尸7	20107	16	2019	267	44	500	500	9000	0	20107	-1	-1	115	0	-1						-1
7040508	死神僵尸8	20107	16	2092	267	44	500	500	9000	0	20107	-1	-1	115	0	-1						-1
7040509	死神僵尸9	20107	17	2165	279	46	500	500	9000	0	20107	-1	-1	115	0	-1						-1
7040510	死神僵尸10	20107	17	2238	279	46	500	500	9000	0	20107	-1	-1	115	0	-1						-1
7040511	死神僵尸11	20107	18	2311	293	48	500	500	9000	0	20107	-1	-1	115	0	-1						-1
7040512	死神僵尸12	20107	18	2384	293	48	500	500	9000	0	20107	-1	-1	115	0	-1						-1
7040513	死神僵尸13	20107	19	2457	306	51	500	500	9000	0	20107	-1	-1	115	0	-1						-1
7040514	死神僵尸14	20107	19	2530	306	51	500	500	9000	0	20107	-1	-1	115	0	-1						-1
7040515	死神僵尸15	20107	20	2603	320	62	500	500	9000	0	20107	-1	-1	115	0	-1						-1
7040516	死神僵尸16	20107	20	2676	320	62	500	500	9000	0	20107	-1	-1	115	0	-1						-1
7040517	死神僵尸17	20107	21	2749	333	67	500	500	9000	0	20107	-1	-1	115	0	-1						-1
7040518	死神僵尸18	20107	21	2822	333	67	500	500	9000	0	20107	-1	-1	115	0	-1						-1
7040519	死神僵尸19	20107	22	2895	348	72	500	500	9000	0	20107	-1	-1	115	0	-1						-1
7040520	死神僵尸20	20107	22	2968	348	72	500	500	9000	0	20107	-1	-1	115	0	-1						-1
7040521	死神僵尸21	20107	23	3041	363	78	500	500	9000	0	20107	-1	-1	115	0	-1						-1
7040522	死神僵尸22	20107	23	3114	363	78	500	500	9000	0	20107	-1	-1	115	0	-1						-1
7040523	死神僵尸23	20107	24	3187	378	84	500	500	9000	0	20107	-1	-1	115	0	-1						-1
7040524	死神僵尸24	20107	24	3260	378	84	500	500	9000	0	20107	-1	-1	115	0	-1						-1
7040525	死神僵尸25	20107	25	3333	395	89	500	500	9000	0	20107	-1	-1	115	0	-1						-1
7040526	死神僵尸26	20107	25	3406	395	89	500	500	9000	0	20107	-1	-1	115	0	-1						-1
7040527	死神僵尸27	20107	26	3479	410	95	500	500	9000	0	20107	-1	-1	115	0	-1						-1
7040528	死神僵尸28	20107	26	3552	410	95	500	500	9000	0	20107	-1	-1	115	0	-1						-1
7040529	死神僵尸29	20107	27	3625	428	101	500	500	9000	0	20107	-1	-1	115	0	-1						-1
7040530	死神僵尸30	20107	30	4457	480	120	500	500	9000	0	20107	-1	-1	115	0	-1						-1
7040601	太阳神僵尸1	20111	13	1054	108	37	500	500	9000	0	11111003	-1	-1	115	0	-1						-1
7040602	太阳神僵尸2	20111	13	1102	108	37	500	500	9000	0	11111003	-1	-1	115	0	-1						-1
7040603	太阳神僵尸3	20111	14	1150	113	40	500	500	9000	0	11111003	-1	-1	115	0	-1						-1
7040604	太阳神僵尸4	20111	14	1198	113	40	500	500	9000	0	11111003	-1	-1	115	0	-1						-1
7040605	太阳神僵尸5	20111	15	1246	118	42	500	500	9000	0	11111003	-1	-1	115	0	-1						-1
7040606	太阳神僵尸6	20111	15	1294	118	42	500	500	9000	0	11111003	-1	-1	115	0	-1						-1
7040607	太阳神僵尸7	20111	16	1342	124	44	500	500	9000	0	11111003	-1	-1	115	0	-1						-1
7040608	太阳神僵尸8	20111	16	1390	124	44	500	500	9000	0	11111003	-1	-1	115	0	-1						-1
7040609	太阳神僵尸9	20111	17	1438	130	46	500	500	9000	0	11111003	-1	-1	115	0	-1						-1
7040610	太阳神僵尸10	20111	17	1486	130	46	500	500	9000	0	11111003	-1	-1	115	0	-1						-1
7040611	太阳神僵尸11	20111	18	1534	136	48	500	500	9000	0	11111003	-1	-1	115	0	-1						-1
7040612	太阳神僵尸12	20111	18	1582	136	48	500	500	9000	0	11111003	-1	-1	115	0	-1						-1
7040613	太阳神僵尸13	20111	19	1630	141	51	500	500	9000	0	11111003	-1	-1	115	0	-1						-1
7040614	太阳神僵尸14	20111	19	1678	141	51	500	500	9000	0	11111003	-1	-1	115	0	-1						-1
7040615	太阳神僵尸15	20111	20	1726	148	62	500	500	9000	0	11111003	-1	-1	115	0	-1						-1
7040616	太阳神僵尸16	20111	20	1774	148	62	500	500	9000	0	11111003	-1	-1	115	0	-1						-1
7040617	太阳神僵尸17	20111	21	1822	154	67	500	500	9000	0	11111003	-1	-1	115	0	-1						-1
7040618	太阳神僵尸18	20111	21	1870	154	67	500	500	9000	0	11111003	-1	-1	115	0	-1						-1
7040619	太阳神僵尸19	20111	22	1918	160	72	500	500	9000	0	11111003	-1	-1	115	0	-1						-1
7040620	太阳神僵尸20	20111	22	1966	160	72	500	500	9000	0	11111003	-1	-1	115	0	-1						-1
7040621	太阳神僵尸21	20111	23	2014	167	78	500	500	9000	0	11111003	-1	-1	115	0	-1						-1
7040622	太阳神僵尸22	20111	23	2062	167	78	500	500	9000	0	11111003	-1	-1	115	0	-1						-1
7040623	太阳神僵尸23	20111	24	2110	174	84	500	500	9000	0	11111003	-1	-1	115	0	-1						-1
7040624	太阳神僵尸24	20111	24	2158	174	84	500	500	9000	0	11111003	-1	-1	115	0	-1						-1
7040625	太阳神僵尸25	20111	25	2206	180	89	500	500	9000	0	11111003	-1	-1	115	0	-1						-1
7040626	太阳神僵尸26	20111	25	2254	180	89	500	500	9000	0	11111003	-1	-1	115	0	-1						-1
7040627	太阳神僵尸27	20111	26	2302	187	95	500	500	9000	0	11111003	-1	-1	115	0	-1						-1
7040628	太阳神僵尸28	20111	26	2350	187	95	500	500	9000	0	11111003	-1	-1	115	0	-1						-1
7040629	太阳神僵尸29	20111	27	2398	195	101	500	500	9000	0	11111003	-1	-1	115	0	-1						-1
7040630	太阳神僵尸30	20111	30	2971	218	120	500	500	9000	0	11111003	-1	-1	115	0	-1						-1
7040701	探险家僵尸1	20106	13	1054	216	37	500	500	9000	0	11111005	-1	-1	115	0	-1			7040801	15607		-1
7040702	探险家僵尸2	20106	13	1102	216	37	500	500	9000	0	11111005	-1	-1	115	0	-1			7040802	15607		-1
7040703	探险家僵尸3	20106	14	1150	227	40	500	500	9000	0	11111005	-1	-1	115	0	-1			7040803	15607		-1
7040704	探险家僵尸4	20106	14	1198	227	40	500	500	9000	0	11111005	-1	-1	115	0	-1			7040804	15607		-1
7040705	探险家僵尸5	20106	15	1246	237	42	500	500	9000	0	11111005	-1	-1	115	0	-1			7040805	15607		-1
7040706	探险家僵尸6	20106	15	1294	237	42	500	500	9000	0	11111005	-1	-1	115	0	-1			7040806	15607		-1
7040707	探险家僵尸7	20106	16	1342	248	44	500	500	9000	0	11111005	-1	-1	115	0	-1			7040807	15607		-1
7040708	探险家僵尸8	20106	16	1390	248	44	500	500	9000	0	11111005	-1	-1	115	0	-1			7040808	15607		-1
7040709	探险家僵尸9	20106	17	1438	259	46	500	500	9000	0	11111005	-1	-1	115	0	-1			7040809	15607		-1
7040710	探险家僵尸10	20106	17	1486	259	46	500	500	9000	0	11111005	-1	-1	115	0	-1			7040810	15607		-1
7040711	探险家僵尸11	20106	18	1534	272	48	500	500	9000	0	11111005	-1	-1	115	0	-1			7040811	15607		-1
7040712	探险家僵尸12	20106	18	1582	272	48	500	500	9000	0	11111005	-1	-1	115	0	-1			7040812	15607		-1
7040713	探险家僵尸13	20106	19	1630	283	51	500	500	9000	0	11111005	-1	-1	115	0	-1			7040813	15607		-1
7040714	探险家僵尸14	20106	19	1678	283	51	500	500	9000	0	11111005	-1	-1	115	0	-1			7040814	15607		-1
7040715	探险家僵尸15	20106	20	1726	295	62	500	500	9000	0	11111005	-1	-1	115	0	-1			7040815	15607		-1
7040716	探险家僵尸16	20106	20	1774	295	62	500	500	9000	0	11111005	-1	-1	115	0	-1			7040816	15607		-1
7040717	探险家僵尸17	20106	21	1822	308	67	500	500	9000	0	11111005	-1	-1	115	0	-1			7040817	15607		-1
7040718	探险家僵尸18	20106	21	1870	308	67	500	500	9000	0	11111005	-1	-1	115	0	-1			7040818	15607		-1
7040719	探险家僵尸19	20106	22	1918	321	72	500	500	9000	0	11111005	-1	-1	115	0	-1			7040819	15607		-1
7040720	探险家僵尸20	20106	22	1966	321	72	500	500	9000	0	11111005	-1	-1	115	0	-1			7040820	15607		-1
7040721	探险家僵尸21	20106	23	2014	333	78	500	500	9000	0	11111005	-1	-1	115	0	-1			7040821	15607		-1
7040722	探险家僵尸22	20106	23	2062	333	78	500	500	9000	0	11111005	-1	-1	115	0	-1			7040822	15607		-1
7040723	探险家僵尸23	20106	24	2110	347	84	500	500	9000	0	11111005	-1	-1	115	0	-1			7040823	15607		-1
7040724	探险家僵尸24	20106	24	2158	347	84	500	500	9000	0	11111005	-1	-1	115	0	-1			7040824	15607		-1
7040725	探险家僵尸25	20106	25	2206	360	89	500	500	9000	0	11111005	-1	-1	115	0	-1			7040825	15607		-1
7040726	探险家僵尸26	20106	25	2254	360	89	500	500	9000	0	11111005	-1	-1	115	0	-1			7040826	15607		-1
7040727	探险家僵尸27	20106	26	2302	374	95	500	500	9000	0	11111005	-1	-1	115	0	-1			7040827	15607		-1
7040728	探险家僵尸28	20106	26	2350	374	95	500	500	9000	0	11111005	-1	-1	115	0	-1			7040828	15607		-1
7040729	探险家僵尸29	20106	27	2398	389	101	500	500	9000	0	11111005	-1	-1	115	0	-1			7040829	15607		-1
7040730	探险家僵尸30	20106	30	2971	435	120	500	500	9000	0	11111005	-1	-1	115	0	-1			7040830	15607		-1
7040801	埃及探险（无火）1	20730	13	1054	154	37	500	500	9000	0	20730	-1	-1	115	0	-1			7040701	15610		-1
7040802	埃及探险（无火）2	20730	13	1102	154	37	500	500	9000	0	20730	-1	-1	115	0	-1			7040702	15610		-1
7040803	埃及探险（无火）3	20730	14	1150	162	40	500	500	9000	0	20730	-1	-1	115	0	-1			7040703	15610		-1
7040804	埃及探险（无火）4	20730	14	1198	162	40	500	500	9000	0	20730	-1	-1	115	0	-1			7040704	15610		-1
7040805	埃及探险（无火）5	20730	15	1246	170	42	500	500	9000	0	20730	-1	-1	115	0	-1			7040705	15610		-1
7040806	埃及探险（无火）6	20730	15	1294	170	42	500	500	9000	0	20730	-1	-1	115	0	-1			7040706	15610		-1
7040807	埃及探险（无火）7	20730	16	1342	178	44	500	500	9000	0	20730	-1	-1	115	0	-1			7040707	15610		-1
7040808	埃及探险（无火）8	20730	16	1390	178	44	500	500	9000	0	20730	-1	-1	115	0	-1			7040708	15610		-1
7040809	埃及探险（无火）9	20730	17	1438	186	46	500	500	9000	0	20730	-1	-1	115	0	-1			7040709	15610		-1
7040810	埃及探险（无火）10	20730	17	1486	186	46	500	500	9000	0	20730	-1	-1	115	0	-1			7040710	15610		-1
7040811	埃及探险（无火）11	20730	18	1534	195	48	500	500	9000	0	20730	-1	-1	115	0	-1			7040711	15610		-1
7040812	埃及探险（无火）12	20730	18	1582	195	48	500	500	9000	0	20730	-1	-1	115	0	-1			7040712	15610		-1
7040813	埃及探险（无火）13	20730	19	1630	204	51	500	500	9000	0	20730	-1	-1	115	0	-1			7040713	15610		-1
7040814	埃及探险（无火）14	20730	19	1678	204	51	500	500	9000	0	20730	-1	-1	115	0	-1			7040714	15610		-1
7040815	埃及探险（无火）15	20730	20	1726	213	62	500	500	9000	0	20730	-1	-1	115	0	-1			7040715	15610		-1
7040816	埃及探险（无火）16	20730	20	1774	213	62	500	500	9000	0	20730	-1	-1	115	0	-1			7040716	15610		-1
7040817	埃及探险（无火）17	20730	21	1822	222	67	500	500	9000	0	20730	-1	-1	115	0	-1			7040717	15610		-1
7040818	埃及探险（无火）18	20730	21	1870	222	67	500	500	9000	0	20730	-1	-1	115	0	-1			7040718	15610		-1
7040819	埃及探险（无火）19	20730	22	1918	232	72	500	500	9000	0	20730	-1	-1	115	0	-1			7040719	15610		-1
7040820	埃及探险（无火）20	20730	22	1966	232	72	500	500	9000	0	20730	-1	-1	115	0	-1			7040720	15610		-1
7040821	埃及探险（无火）21	20730	23	2014	242	78	500	500	9000	0	20730	-1	-1	115	0	-1			7040721	15610		-1
7040822	埃及探险（无火）22	20730	23	2062	242	78	500	500	9000	0	20730	-1	-1	115	0	-1			7040722	15610		-1
7040823	埃及探险（无火）23	20730	24	2110	252	84	500	500	9000	0	20730	-1	-1	115	0	-1			7040723	15610		-1
7040824	埃及探险（无火）24	20730	24	2158	252	84	500	500	9000	0	20730	-1	-1	115	0	-1			7040724	15610		-1
7040825	埃及探险（无火）25	20730	25	2206	263	89	500	500	9000	0	20730	-1	-1	115	0	-1			7040725	15610		-1
7040826	埃及探险（无火）26	20730	25	2254	263	89	500	500	9000	0	20730	-1	-1	115	0	-1			7040726	15610		-1
7040827	埃及探险（无火）27	20730	26	2302	273	95	500	500	9000	0	20730	-1	-1	115	0	-1			7040727	15610		-1
7040828	埃及探险（无火）28	20730	26	2350	273	95	500	500	9000	0	20730	-1	-1	115	0	-1			7040728	15610		-1
7040829	埃及探险（无火）29	20730	27	2398	285	101	500	500	9000	0	20730	-1	-1	115	0	-1			7040729	15610		-1
7040830	埃及探险（无火）30	20730	30	2971	320	120	500	500	9000	0	20730	-1	-1	115	0	-1			7040730	15610		-1
7050101	海盗僵尸1	20201	28	2301	305	111	500	500	9000	0	20201	-1	-1	115	0	-1						-1
7050102	海盗僵尸2	20201	28	2301	305	111	500	500	9000	0	20201	-1	-1	115	0	-1						-1
7050103	海盗僵尸3	20201	29	2398	317	117	500	500	9000	0	20201	-1	-1	115	0	-1						-1
7050104	海盗僵尸4	20201	29	2398	317	117	500	500	9000	0	20201	-1	-1	115	0	-1						-1
7050105	海盗僵尸5	20201	30	3060	330	124	500	500	9000	0	20201	-1	-1	115	0	-1						-1
7050106	海盗僵尸6	20201	30	3060	330	124	500	500	9000	0	20201	-1	-1	115	0	-1						-1
7050107	海盗僵尸7	20201	31	3189	343	131	500	500	9000	0	20201	-1	-1	115	0	-1						-1
7050108	海盗僵尸8	20201	31	3189	343	131	500	500	9000	0	20201	-1	-1	115	0	-1						-1
7050109	海盗僵尸9	20201	32	3322	356	138	500	500	9000	0	20201	-1	-1	115	0	-1						-1
7050110	海盗僵尸10	20201	32	3322	356	138	500	500	9000	0	20201	-1	-1	115	0	-1						-1
7050111	海盗僵尸11	20201	33	3458	371	146	500	500	9000	0	20201	-1	-1	115	0	-1						-1
7050112	海盗僵尸12	20201	33	3458	371	146	500	500	9000	0	20201	-1	-1	115	0	-1						-1
7050113	海盗僵尸13	20201	34	3595	385	152	500	500	9000	0	20201	-1	-1	115	0	-1						-1
7050114	海盗僵尸14	20201	34	3595	385	152	500	500	9000	0	20201	-1	-1	115	0	-1						-1
7050115	海盗僵尸15	20201	35	3734	400	160	500	500	9000	0	20201	-1	-1	115	0	-1						-1
7050116	海盗僵尸16	20201	35	3734	400	160	500	500	9000	0	20201	-1	-1	115	0	-1						-1
7050117	海盗僵尸17	20201	36	3877	415	167	500	500	9000	0	20201	-1	-1	115	0	-1						-1
7050118	海盗僵尸18	20201	36	3877	415	167	500	500	9000	0	20201	-1	-1	115	0	-1						-1
7050119	海盗僵尸19	20201	37	4023	432	176	500	500	9000	0	20201	-1	-1	115	0	-1						-1
7050120	海盗僵尸20	20201	37	4023	432	176	500	500	9000	0	20201	-1	-1	115	0	-1						-1
7050121	海盗僵尸21	20201	37	4023	432	176	500	500	9000	0	20201	-1	-1	115	0	-1						-1
7050122	海盗僵尸22	20201	38	4172	448	184	500	500	9000	0	20201	-1	-1	115	0	-1						-1
7050123	海盗僵尸23	20201	38	4172	448	184	500	500	9000	0	20201	-1	-1	115	0	-1						-1
7050124	海盗僵尸24	20201	38	4172	448	184	500	500	9000	0	20201	-1	-1	115	0	-1						-1
7050125	海盗僵尸25	20201	38	4172	448	184	500	500	9000	0	20201	-1	-1	115	0	-1						-1
7050126	海盗僵尸26	20201	39	4322	466	192	500	500	9000	0	20201	-1	-1	115	0	-1						-1
7050127	海盗僵尸27	20201	39	4322	466	192	500	500	9000	0	20201	-1	-1	115	0	-1						-1
7050128	海盗僵尸28	20201	39	4322	466	192	500	500	9000	0	20201	-1	-1	115	0	-1						-1
7050129	海盗僵尸29	20201	39	4322	466	192	500	500	9000	0	20201	-1	-1	115	0	-1						-1
7050130	海盗僵尸30	20201	39	4322	466	192	500	500	9000	0	20201	-1	-1	115	0	-1						-1
7050201	旗帜海盗1	20203	28	2301	305	111	500	500	9000	0	20203	-1	-1	115	0	-1						-1
7050202	旗帜海盗2	20203	28	2301	305	111	500	500	9000	0	20203	-1	-1	115	0	-1						-1
7050203	旗帜海盗3	20203	29	2398	317	117	500	500	9000	0	20203	-1	-1	115	0	-1						-1
7050204	旗帜海盗4	20203	29	2398	317	117	500	500	9000	0	20203	-1	-1	115	0	-1						-1
7050205	旗帜海盗5	20203	30	3060	330	124	500	500	9000	0	20203	-1	-1	115	0	-1						-1
7050206	旗帜海盗6	20203	30	3060	330	124	500	500	9000	0	20203	-1	-1	115	0	-1						-1
7050207	旗帜海盗7	20203	31	3189	343	131	500	500	9000	0	20203	-1	-1	115	0	-1						-1
7050208	旗帜海盗8	20203	31	3189	343	131	500	500	9000	0	20203	-1	-1	115	0	-1						-1
7050209	旗帜海盗9	20203	32	3322	356	138	500	500	9000	0	20203	-1	-1	115	0	-1						-1
7050210	旗帜海盗10	20203	32	3322	356	138	500	500	9000	0	20203	-1	-1	115	0	-1						-1
7050211	旗帜海盗11	20203	33	3458	371	146	500	500	9000	0	20203	-1	-1	115	0	-1						-1
7050212	旗帜海盗12	20203	33	3458	371	146	500	500	9000	0	20203	-1	-1	115	0	-1						-1
7050213	旗帜海盗13	20203	34	3595	385	152	500	500	9000	0	20203	-1	-1	115	0	-1						-1
7050214	旗帜海盗14	20203	34	3595	385	152	500	500	9000	0	20203	-1	-1	115	0	-1						-1
7050215	旗帜海盗15	20203	35	3734	400	160	500	500	9000	0	20203	-1	-1	115	0	-1						-1
7050216	旗帜海盗16	20203	35	3734	400	160	500	500	9000	0	20203	-1	-1	115	0	-1						-1
7050217	旗帜海盗17	20203	36	3877	415	167	500	500	9000	0	20203	-1	-1	115	0	-1						-1
7050218	旗帜海盗18	20203	36	3877	415	167	500	500	9000	0	20203	-1	-1	115	0	-1						-1
7050219	旗帜海盗19	20203	37	4023	432	176	500	500	9000	0	20203	-1	-1	115	0	-1						-1
7050220	旗帜海盗20	20203	37	4023	432	176	500	500	9000	0	20203	-1	-1	115	0	-1						-1
7050221	旗帜海盗21	20203	37	4023	432	176	500	500	9000	0	20203	-1	-1	115	0	-1						-1
7050222	旗帜海盗22	20203	38	4172	448	184	500	500	9000	0	20203	-1	-1	115	0	-1						-1
7050223	旗帜海盗23	20203	38	4172	448	184	500	500	9000	0	20203	-1	-1	115	0	-1						-1
7050224	旗帜海盗24	20203	38	4172	448	184	500	500	9000	0	20203	-1	-1	115	0	-1						-1
7050225	旗帜海盗25	20203	38	4172	448	184	500	500	9000	0	20203	-1	-1	115	0	-1						-1
7050226	旗帜海盗26	20203	39	4322	466	192	500	500	9000	0	20203	-1	-1	115	0	-1						-1
7050227	旗帜海盗27	20203	39	4322	466	192	500	500	9000	0	20203	-1	-1	115	0	-1						-1
7050228	旗帜海盗28	20203	39	4322	466	192	500	500	9000	0	20203	-1	-1	115	0	-1						-1
7050229	旗帜海盗29	20203	39	4322	466	192	500	500	9000	0	20203	-1	-1	115	0	-1						-1
7050230	旗帜海盗30	20203	39	4322	466	192	500	500	9000	0	20203	-1	-1	115	0	-1						-1
7050301	路障海盗1	20202	28	3452	457	111	500	500	9000	0	20202	-1	-1	115	0	-1						-1
7050302	路障海盗2	20202	28	3452	457	111	500	500	9000	0	20202	-1	-1	115	0	-1						-1
7050303	路障海盗3	20202	29	3597	476	117	500	500	9000	0	20202	-1	-1	115	0	-1						-1
7050304	路障海盗4	20202	29	3597	476	117	500	500	9000	0	20202	-1	-1	115	0	-1						-1
7050305	路障海盗5	20202	30	4591	494	124	500	500	9000	0	20202	-1	-1	115	0	-1						-1
7050306	路障海盗6	20202	30	4591	494	124	500	500	9000	0	20202	-1	-1	115	0	-1						-1
7050307	路障海盗7	20202	31	4785	515	131	500	500	9000	0	20202	-1	-1	115	0	-1						-1
7050308	路障海盗8	20202	31	4785	515	131	500	500	9000	0	20202	-1	-1	115	0	-1						-1
7050309	路障海盗9	20202	32	4982	535	138	500	500	9000	0	20202	-1	-1	115	0	-1						-1
7050310	路障海盗10	20202	32	4982	535	138	500	500	9000	0	20202	-1	-1	115	0	-1						-1
7050311	路障海盗11	20202	33	5187	556	146	500	500	9000	0	20202	-1	-1	115	0	-1						-1
7050312	路障海盗12	20202	33	5187	556	146	500	500	9000	0	20202	-1	-1	115	0	-1						-1
7050313	路障海盗13	20202	34	5392	578	152	500	500	9000	0	20202	-1	-1	115	0	-1						-1
7050314	路障海盗14	20202	34	5392	578	152	500	500	9000	0	20202	-1	-1	115	0	-1						-1
7050315	路障海盗15	20202	35	5602	599	160	500	500	9000	0	20202	-1	-1	115	0	-1						-1
7050316	路障海盗16	20202	35	5602	599	160	500	500	9000	0	20202	-1	-1	115	0	-1						-1
7050317	路障海盗17	20202	36	5817	623	167	500	500	9000	0	20202	-1	-1	115	0	-1						-1
7050318	路障海盗18	20202	36	5817	623	167	500	500	9000	0	20202	-1	-1	115	0	-1						-1
7050319	路障海盗19	20202	37	6036	648	176	500	500	9000	0	20202	-1	-1	115	0	-1						-1
7050320	路障海盗20	20202	37	6036	648	176	500	500	9000	0	20202	-1	-1	115	0	-1						-1
7050321	路障海盗21	20202	37	6036	648	176	500	500	9000	0	20202	-1	-1	115	0	-1						-1
7050322	路障海盗22	20202	38	6259	673	184	500	500	9000	0	20202	-1	-1	115	0	-1						-1
7050323	路障海盗23	20202	38	6259	673	184	500	500	9000	0	20202	-1	-1	115	0	-1						-1
7050324	路障海盗24	20202	38	6259	673	184	500	500	9000	0	20202	-1	-1	115	0	-1						-1
7050325	路障海盗25	20202	38	6259	673	184	500	500	9000	0	20202	-1	-1	115	0	-1						-1
7050326	路障海盗26	20202	39	6485	698	192	500	500	9000	0	20202	-1	-1	115	0	-1						-1
7050327	路障海盗27	20202	39	6485	698	192	500	500	9000	0	20202	-1	-1	115	0	-1						-1
7050328	路障海盗28	20202	39	6485	698	192	500	500	9000	0	20202	-1	-1	115	0	-1						-1
7050329	路障海盗29	20202	39	6485	698	192	500	500	9000	0	20202	-1	-1	115	0	-1						-1
7050330	路障海盗30	20202	39	6485	698	192	500	500	9000	0	20202	-1	-1	115	0	-1						-1
7050401	铁桶海盗1	20204	28	3452	457	111	500	500	9000	0	20204	-1	-1	115	0	-1			7050101			-1
7050402	铁桶海盗2	20204	28	3452	457	111	500	500	9000	0	20204	-1	-1	115	0	-1			7050102			-1
7050403	铁桶海盗3	20204	29	3597	476	117	500	500	9000	0	20204	-1	-1	115	0	-1			7050103			-1
7050404	铁桶海盗4	20204	29	3597	476	117	500	500	9000	0	20204	-1	-1	115	0	-1			7050104			-1
7050405	铁桶海盗5	20204	30	4591	494	124	500	500	9000	0	20204	-1	-1	115	0	-1			7050105			-1
7050406	铁桶海盗6	20204	30	4591	494	124	500	500	9000	0	20204	-1	-1	115	0	-1			7050106			-1
7050407	铁桶海盗7	20204	31	4785	515	131	500	500	9000	0	20204	-1	-1	115	0	-1			7050107			-1
7050408	铁桶海盗8	20204	31	4785	515	131	500	500	9000	0	20204	-1	-1	115	0	-1			7050108			-1
7050409	铁桶海盗9	20204	32	4982	535	138	500	500	9000	0	20204	-1	-1	115	0	-1			7050109			-1
7050410	铁桶海盗10	20204	32	4982	535	138	500	500	9000	0	20204	-1	-1	115	0	-1			7050110			-1
7050411	铁桶海盗11	20204	33	5187	556	146	500	500	9000	0	20204	-1	-1	115	0	-1			7050111			-1
7050412	铁桶海盗12	20204	33	5187	556	146	500	500	9000	0	20204	-1	-1	115	0	-1			7050112			-1
7050413	铁桶海盗13	20204	34	5392	578	152	500	500	9000	0	20204	-1	-1	115	0	-1			7050113			-1
7050414	铁桶海盗14	20204	34	5392	578	152	500	500	9000	0	20204	-1	-1	115	0	-1			7050114			-1
7050415	铁桶海盗15	20204	35	5602	599	160	500	500	9000	0	20204	-1	-1	115	0	-1			7050115			-1
7050416	铁桶海盗16	20204	35	5602	599	160	500	500	9000	0	20204	-1	-1	115	0	-1			7050116			-1
7050417	铁桶海盗17	20204	36	5817	623	167	500	500	9000	0	20204	-1	-1	115	0	-1			7050117			-1
7050418	铁桶海盗18	20204	36	5817	623	167	500	500	9000	0	20204	-1	-1	115	0	-1			7050118			-1
7050419	铁桶海盗19	20204	37	6036	648	176	500	500	9000	0	20204	-1	-1	115	0	-1			7050119			-1
7050420	铁桶海盗20	20204	37	6036	648	176	500	500	9000	0	20204	-1	-1	115	0	-1			7050120			-1
7050421	铁桶海盗21	20204	37	6036	648	176	500	500	9000	0	20204	-1	-1	115	0	-1			7050121			-1
7050422	铁桶海盗22	20204	38	6259	673	184	500	500	9000	0	20204	-1	-1	115	0	-1			7050122			-1
7050423	铁桶海盗23	20204	38	6259	673	184	500	500	9000	0	20204	-1	-1	115	0	-1			7050123			-1
7050424	铁桶海盗24	20204	38	6259	673	184	500	500	9000	0	20204	-1	-1	115	0	-1			7050124			-1
7050425	铁桶海盗25	20204	38	6259	673	184	500	500	9000	0	20204	-1	-1	115	0	-1			7050125			-1
7050426	铁桶海盗26	20204	39	6485	698	192	500	500	9000	0	20204	-1	-1	115	0	-1			7050126			-1
7050427	铁桶海盗27	20204	39	6485	698	192	500	500	9000	0	20204	-1	-1	115	0	-1			7050127			-1
7050428	铁桶海盗28	20204	39	6485	698	192	500	500	9000	0	20204	-1	-1	115	0	-1			7050128			-1
7050429	铁桶海盗29	20204	39	6485	698	192	500	500	9000	0	20204	-1	-1	115	0	-1			7050129			-1
7050430	铁桶海盗30	20204	39	6485	698	192	500	500	9000	0	20204	-1	-1	115	0	-1			7050130			-1
7050501	飞索海盗1	20205	28	3452	457	111	500	500	9000	0	20205	-1	-1	115	0	-1						-1
7050502	飞索海盗2	20205	28	3452	457	111	500	500	9000	0	20205	-1	-1	115	0	-1						-1
7050503	飞索海盗3	20205	29	3597	476	117	500	500	9000	0	20205	-1	-1	115	0	-1						-1
7050504	飞索海盗4	20205	29	3597	476	117	500	500	9000	0	20205	-1	-1	115	0	-1						-1
7050505	飞索海盗5	20205	30	4591	494	124	500	500	9000	0	20205	-1	-1	115	0	-1						-1
7050506	飞索海盗6	20205	30	4591	494	124	500	500	9000	0	20205	-1	-1	115	0	-1						-1
7050507	飞索海盗7	20205	31	4785	515	131	500	500	9000	0	20205	-1	-1	115	0	-1						-1
7050508	飞索海盗8	20205	31	4785	515	131	500	500	9000	0	20205	-1	-1	115	0	-1						-1
7050509	飞索海盗9	20205	32	4982	535	138	500	500	9000	0	20205	-1	-1	115	0	-1						-1
7050510	飞索海盗10	20205	32	4982	535	138	500	500	9000	0	20205	-1	-1	115	0	-1						-1
7050511	飞索海盗11	20205	33	5187	556	146	500	500	9000	0	20205	-1	-1	115	0	-1						-1
7050512	飞索海盗12	20205	33	5187	556	146	500	500	9000	0	20205	-1	-1	115	0	-1						-1
7050513	飞索海盗13	20205	34	5392	578	152	500	500	9000	0	20205	-1	-1	115	0	-1						-1
7050514	飞索海盗14	20205	34	5392	578	152	500	500	9000	0	20205	-1	-1	115	0	-1						-1
7050515	飞索海盗15	20205	35	5602	599	160	500	500	9000	0	20205	-1	-1	115	0	-1						-1
7050516	飞索海盗16	20205	35	5602	599	160	500	500	9000	0	20205	-1	-1	115	0	-1						-1
7050517	飞索海盗17	20205	36	5817	623	167	500	500	9000	0	20205	-1	-1	115	0	-1						-1
7050518	飞索海盗18	20205	36	5817	623	167	500	500	9000	0	20205	-1	-1	115	0	-1						-1
7050519	飞索海盗19	20205	37	6036	648	176	500	500	9000	0	20205	-1	-1	115	0	-1						-1
7050520	飞索海盗20	20205	37	6036	648	176	500	500	9000	0	20205	-1	-1	115	0	-1						-1
7050521	飞索海盗21	20205	37	6036	648	176	500	500	9000	0	20205	-1	-1	115	0	-1						-1
7050522	飞索海盗22	20205	38	6259	673	184	500	500	9000	0	20205	-1	-1	115	0	-1						-1
7050523	飞索海盗23	20205	38	6259	673	184	500	500	9000	0	20205	-1	-1	115	0	-1						-1
7050524	飞索海盗24	20205	38	6259	673	184	500	500	9000	0	20205	-1	-1	115	0	-1						-1
7050525	飞索海盗25	20205	38	6259	673	184	500	500	9000	0	20205	-1	-1	115	0	-1						-1
7050526	飞索海盗26	20205	39	6485	698	192	500	500	9000	0	20205	-1	-1	115	0	-1						-1
7050527	飞索海盗27	20205	39	6485	698	192	500	500	9000	0	20205	-1	-1	115	0	-1						-1
7050528	飞索海盗28	20205	39	6485	698	192	500	500	9000	0	20205	-1	-1	115	0	-1						-1
7050529	飞索海盗29	20205	39	6485	698	192	500	500	9000	0	20205	-1	-1	115	0	-1						-1
7050530	飞索海盗30	20205	39	6485	698	192	500	500	9000	0	20205	-1	-1	115	0	-1						-1
7050601	海鸥海盗1	20206	28	1151	417	111	500	500	9000	0	11111004	-1	-1	115	0	-1						-1
7050602	海鸥海盗2	20206	28	1151	417	111	500	500	9000	0	11111004	-1	-1	115	0	-1						-1
7050603	海鸥海盗3	20206	29	1199	432	117	500	500	9000	0	11111004	-1	-1	115	0	-1						-1
7050604	海鸥海盗4	20206	29	1199	432	117	500	500	9000	0	11111004	-1	-1	115	0	-1						-1
7050605	海鸥海盗5	20206	30	1529	448	124	500	500	9000	0	11111004	-1	-1	115	0	-1						-1
7050606	海鸥海盗6	20206	30	1529	448	124	500	500	9000	0	11111004	-1	-1	115	0	-1						-1
7050607	海鸥海盗7	20206	31	1594	465	131	500	500	9000	0	11111004	-1	-1	115	0	-1						-1
7050608	海鸥海盗8	20206	31	1594	465	131	500	500	9000	0	11111004	-1	-1	115	0	-1						-1
7050609	海鸥海盗9	20206	32	1660	482	138	500	500	9000	0	11111004	-1	-1	115	0	-1						-1
7050610	海鸥海盗10	20206	32	1660	482	138	500	500	9000	0	11111004	-1	-1	115	0	-1						-1
7050611	海鸥海盗11	20206	33	1728	499	146	500	500	9000	0	11111004	-1	-1	115	0	-1						-1
7050612	海鸥海盗12	20206	33	1728	499	146	500	500	9000	0	11111004	-1	-1	115	0	-1						-1
7050613	海鸥海盗13	20206	34	1796	518	152	500	500	9000	0	11111004	-1	-1	115	0	-1						-1
7050614	海鸥海盗14	20206	34	1796	518	152	500	500	9000	0	11111004	-1	-1	115	0	-1						-1
7050615	海鸥海盗15	20206	35	1866	537	160	500	500	9000	0	11111004	-1	-1	115	0	-1						-1
7050616	海鸥海盗16	20206	35	1866	537	160	500	500	9000	0	11111004	-1	-1	115	0	-1						-1
7050617	海鸥海盗17	20206	36	1937	556	167	500	500	9000	0	11111004	-1	-1	115	0	-1						-1
7050618	海鸥海盗18	20206	36	1937	556	167	500	500	9000	0	11111004	-1	-1	115	0	-1						-1
7050619	海鸥海盗19	20206	37	2012	576	176	500	500	9000	0	11111004	-1	-1	115	0	-1						-1
7050620	海鸥海盗20	20206	37	2012	576	176	500	500	9000	0	11111004	-1	-1	115	0	-1						-1
7050621	海鸥海盗21	20206	37	2012	576	176	500	500	9000	0	11111004	-1	-1	115	0	-1						-1
7050622	海鸥海盗22	20206	38	2085	597	184	500	500	9000	0	11111004	-1	-1	115	0	-1						-1
7050623	海鸥海盗23	20206	38	2085	597	184	500	500	9000	0	11111004	-1	-1	115	0	-1						-1
7050624	海鸥海盗24	20206	38	2085	597	184	500	500	9000	0	11111004	-1	-1	115	0	-1						-1
7050625	海鸥海盗25	20206	38	2085	597	184	500	500	9000	0	11111004	-1	-1	115	0	-1						-1
7050626	海鸥海盗26	20206	39	2160	617	192	500	500	9000	0	11111004	-1	-1	115	0	-1						-1
7050627	海鸥海盗27	20206	39	2160	617	192	500	500	9000	0	11111004	-1	-1	115	0	-1						-1
7050628	海鸥海盗28	20206	39	2160	617	192	500	500	9000	0	11111004	-1	-1	115	0	-1						-1
7050629	海鸥海盗29	20206	39	2160	617	192	500	500	9000	0	11111004	-1	-1	115	0	-1						-1
7050630	海鸥海盗30	20206	39	2160	617	192	500	500	9000	0	11111004	-1	-1	115	0	-1						-1
7050701	火炬武师1	20610	28	2301	208	111	500	500	9000	0	11111008	-1	-1	115	0	-1						-1
7050702	火炬武师2	20610	28	2301	208	111	500	500	9000	0	11111008	-1	-1	115	0	-1						-1
7050703	火炬武师3	20610	29	2398	215	117	500	500	9000	0	11111008	-1	-1	115	0	-1						-1
7050704	火炬武师4	20610	29	2398	215	117	500	500	9000	0	11111008	-1	-1	115	0	-1						-1
7050705	火炬武师5	20610	30	3060	225	124	500	500	9000	0	11111008	-1	-1	115	0	-1						-1
7050706	火炬武师6	20610	30	3060	225	124	500	500	9000	0	11111008	-1	-1	115	0	-1						-1
7050707	火炬武师7	20610	31	3189	232	131	500	500	9000	0	11111008	-1	-1	115	0	-1						-1
7050708	火炬武师8	20610	31	3189	232	131	500	500	9000	0	11111008	-1	-1	115	0	-1						-1
7050709	火炬武师9	20610	32	3322	241	138	500	500	9000	0	11111008	-1	-1	115	0	-1						-1
7050710	火炬武师10	20610	32	3322	241	138	500	500	9000	0	11111008	-1	-1	115	0	-1						-1
7050711	火炬武师11	20610	33	3458	249	146	500	500	9000	0	11111008	-1	-1	115	0	-1						-1
7050712	火炬武师12	20610	33	3458	249	146	500	500	9000	0	11111008	-1	-1	115	0	-1						-1
7050713	火炬武师13	20610	34	3595	259	152	500	500	9000	0	11111008	-1	-1	115	0	-1						-1
7050714	火炬武师14	20610	34	3595	259	152	500	500	9000	0	11111008	-1	-1	115	0	-1						-1
7050715	火炬武师15	20610	35	3734	268	160	500	500	9000	0	11111008	-1	-1	115	0	-1						-1
7050716	火炬武师16	20610	35	3734	268	160	500	500	9000	0	11111008	-1	-1	115	0	-1						-1
7050717	火炬武师17	20610	36	3877	278	167	500	500	9000	0	11111008	-1	-1	115	0	-1						-1
7050718	火炬武师18	20610	36	3877	278	167	500	500	9000	0	11111008	-1	-1	115	0	-1						-1
7050719	火炬武师19	20610	37	4023	287	176	500	500	9000	0	11111008	-1	-1	115	0	-1						-1
7050720	火炬武师20	20610	37	4023	287	176	500	500	9000	0	11111008	-1	-1	115	0	-1						-1
7050721	火炬武师21	20610	37	4023	287	176	500	500	9000	0	11111008	-1	-1	115	0	-1						-1
7050722	火炬武师22	20610	38	4172	299	184	500	500	9000	0	11111008	-1	-1	115	0	-1						-1
7050723	火炬武师23	20610	38	4172	299	184	500	500	9000	0	11111008	-1	-1	115	0	-1						-1
7050724	火炬武师24	20610	38	4172	299	184	500	500	9000	0	11111008	-1	-1	115	0	-1						-1
7050725	火炬武师25	20610	38	4172	299	184	500	500	9000	0	11111008	-1	-1	115	0	-1						-1
7050726	火炬武师26	20610	39	4322	309	192	500	500	9000	0	11111008	-1	-1	115	0	-1						-1
7050727	火炬武师27	20610	39	4322	309	192	500	500	9000	0	11111008	-1	-1	115	0	-1						-1
7050728	火炬武师28	20610	39	4322	309	192	500	500	9000	0	11111008	-1	-1	115	0	-1						-1
7050729	火炬武师29	20610	39	4322	309	192	500	500	9000	0	11111008	-1	-1	115	0	-1						-1
7050730	火炬武师30	20610	39	4322	309	192	500	500	9000	0	11111008	-1	-1	115	0	-1						-1
7060101	普通牛仔1	20301	39	4406	475	195	500	500	9000	0	20301	-1	-1	115	0	-1						-1
7060102	普通牛仔2	20301	39	4406	475	195	500	500	9000	0	20301	-1	-1	115	0	-1						-1
7060103	普通牛仔3	20301	39	4406	475	195	500	500	9000	0	20301	-1	-1	115	0	-1						-1
7060104	普通牛仔4	20301	40	4563	494	203	500	500	9000	0	20301	-1	-1	115	0	-1						-1
7060105	普通牛仔5	20301	40	4563	494	203	500	500	9000	0	20301	-1	-1	115	0	-1						-1
7060106	普通牛仔6	20301	40	4563	494	203	500	500	9000	0	20301	-1	-1	115	0	-1						-1
7060107	普通牛仔7	20301	41	4722	512	213	500	500	9000	0	20301	-1	-1	115	0	-1						-1
7060108	普通牛仔8	20301	41	4722	512	213	500	500	9000	0	20301	-1	-1	115	0	-1						-1
7060109	普通牛仔9	20301	41	4722	512	213	500	500	9000	0	20301	-1	-1	115	0	-1						-1
7060110	普通牛仔10	20301	42	4886	532	222	500	500	9000	0	20301	-1	-1	115	0	-1						-1
7060111	普通牛仔11	20301	42	4886	532	222	500	500	9000	0	20301	-1	-1	115	0	-1						-1
7060112	普通牛仔12	20301	42	4886	532	222	500	500	9000	0	20301	-1	-1	115	0	-1						-1
7060113	普通牛仔13	20301	43	5051	553	230	500	500	9000	0	20301	-1	-1	115	0	-1						-1
7060114	普通牛仔14	20301	43	5051	553	230	500	500	9000	0	20301	-1	-1	115	0	-1						-1
7060115	普通牛仔15	20301	43	5051	553	230	500	500	9000	0	20301	-1	-1	115	0	-1						-1
7060116	普通牛仔16	20301	44	5217	574	238	500	500	9000	0	20301	-1	-1	115	0	-1						-1
7060117	普通牛仔17	20301	44	5217	574	238	500	500	9000	0	20301	-1	-1	115	0	-1						-1
7060118	普通牛仔18	20301	44	5217	574	238	500	500	9000	0	20301	-1	-1	115	0	-1						-1
7060119	普通牛仔19	20301	44	5217	574	238	500	500	9000	0	20301	-1	-1	115	0	-1						-1
7060120	普通牛仔20	20301	45	5389	597	248	500	500	9000	0	20301	-1	-1	115	0	-1						-1
7060121	普通牛仔21	20301	45	5389	597	248	500	500	9000	0	20301	-1	-1	115	0	-1						-1
7060122	普通牛仔22	20301	45	5389	597	248	500	500	9000	0	20301	-1	-1	115	0	-1						-1
7060123	普通牛仔23	20301	45	5389	597	248	500	500	9000	0	20301	-1	-1	115	0	-1						-1
7060124	普通牛仔24	20301	46	5563	621	258	500	500	9000	0	20301	-1	-1	115	0	-1						-1
7060125	普通牛仔25	20301	46	5563	621	258	500	500	9000	0	20301	-1	-1	115	0	-1						-1
7060126	普通牛仔26	20301	46	5563	621	258	500	500	9000	0	20301	-1	-1	115	0	-1						-1
7060127	普通牛仔27	20301	46	5563	621	258	500	500	9000	0	20301	-1	-1	115	0	-1						-1
7060128	普通牛仔28	20301	47	5738	646	267	500	500	9000	0	20301	-1	-1	115	0	-1						-1
7060129	普通牛仔29	20301	47	5738	646	267	500	500	9000	0	20301	-1	-1	115	0	-1						-1
7060130	普通牛仔30	20301	47	5738	646	267	500	500	9000	0	20301	-1	-1	115	0	-1						-1
7060201	路障牛仔1	20302	39	6611	712	195	500	500	9000	0	20302	-1	-1	115	0	-1						-1
7060202	路障牛仔2	20302	39	6611	712	195	500	500	9000	0	20302	-1	-1	115	0	-1						-1
7060203	路障牛仔3	20302	39	6611	712	195	500	500	9000	0	20302	-1	-1	115	0	-1						-1
7060204	路障牛仔4	20302	40	6846	740	203	500	500	9000	0	20302	-1	-1	115	0	-1						-1
7060205	路障牛仔5	20302	40	6846	740	203	500	500	9000	0	20302	-1	-1	115	0	-1						-1
7060206	路障牛仔6	20302	40	6846	740	203	500	500	9000	0	20302	-1	-1	115	0	-1						-1
7060207	路障牛仔7	20302	41	7084	769	213	500	500	9000	0	20302	-1	-1	115	0	-1						-1
7060208	路障牛仔8	20302	41	7084	769	213	500	500	9000	0	20302	-1	-1	115	0	-1						-1
7060209	路障牛仔9	20302	41	7084	769	213	500	500	9000	0	20302	-1	-1	115	0	-1						-1
7060210	路障牛仔10	20302	42	7330	799	222	500	500	9000	0	20302	-1	-1	115	0	-1						-1
7060211	路障牛仔11	20302	42	7330	799	222	500	500	9000	0	20302	-1	-1	115	0	-1						-1
7060212	路障牛仔12	20302	42	7330	799	222	500	500	9000	0	20302	-1	-1	115	0	-1						-1
7060213	路障牛仔13	20302	43	7577	831	230	500	500	9000	0	20302	-1	-1	115	0	-1						-1
7060214	路障牛仔14	20302	43	7577	831	230	500	500	9000	0	20302	-1	-1	115	0	-1						-1
7060215	路障牛仔15	20302	43	7577	831	230	500	500	9000	0	20302	-1	-1	115	0	-1						-1
7060216	路障牛仔16	20302	44	7829	862	238	500	500	9000	0	20302	-1	-1	115	0	-1						-1
7060217	路障牛仔17	20302	44	7829	862	238	500	500	9000	0	20302	-1	-1	115	0	-1						-1
7060218	路障牛仔18	20302	44	7829	862	238	500	500	9000	0	20302	-1	-1	115	0	-1						-1
7060219	路障牛仔19	20302	44	7829	862	238	500	500	9000	0	20302	-1	-1	115	0	-1						-1
7060220	路障牛仔20	20302	45	8084	897	248	500	500	9000	0	20302	-1	-1	115	0	-1						-1
7060221	路障牛仔21	20302	45	8084	897	248	500	500	9000	0	20302	-1	-1	115	0	-1						-1
7060222	路障牛仔22	20302	45	8084	897	248	500	500	9000	0	20302	-1	-1	115	0	-1						-1
7060223	路障牛仔23	20302	45	8084	897	248	500	500	9000	0	20302	-1	-1	115	0	-1						-1
7060224	路障牛仔24	20302	46	8344	931	258	500	500	9000	0	20302	-1	-1	115	0	-1						-1
7060225	路障牛仔25	20302	46	8344	931	258	500	500	9000	0	20302	-1	-1	115	0	-1						-1
7060226	路障牛仔26	20302	46	8344	931	258	500	500	9000	0	20302	-1	-1	115	0	-1						-1
7060227	路障牛仔27	20302	46	8344	931	258	500	500	9000	0	20302	-1	-1	115	0	-1						-1
7060228	路障牛仔28	20302	47	8609	969	267	500	500	9000	0	20302	-1	-1	115	0	-1						-1
7060229	路障牛仔29	20302	47	8609	969	267	500	500	9000	0	20302	-1	-1	115	0	-1						-1
7060230	路障牛仔30	20302	47	8609	969	267	500	500	9000	0	20302	-1	-1	115	0	-1						-1
7060301	铁桶牛仔1	20303	39	6611	712	195	500	500	9000	0	20303	-1	-1	115	0	-1			7060101			-1
7060302	铁桶牛仔2	20303	39	6611	712	195	500	500	9000	0	20303	-1	-1	115	0	-1			7060102			-1
7060303	铁桶牛仔3	20303	39	6611	712	195	500	500	9000	0	20303	-1	-1	115	0	-1			7060103			-1
7060304	铁桶牛仔4	20303	40	6846	740	203	500	500	9000	0	20303	-1	-1	115	0	-1			7060104			-1
7060305	铁桶牛仔5	20303	40	6846	740	203	500	500	9000	0	20303	-1	-1	115	0	-1			7060105			-1
7060306	铁桶牛仔6	20303	40	6846	740	203	500	500	9000	0	20303	-1	-1	115	0	-1			7060106			-1
7060307	铁桶牛仔7	20303	41	7084	769	213	500	500	9000	0	20303	-1	-1	115	0	-1			7060107			-1
7060308	铁桶牛仔8	20303	41	7084	769	213	500	500	9000	0	20303	-1	-1	115	0	-1			7060108			-1
7060309	铁桶牛仔9	20303	41	7084	769	213	500	500	9000	0	20303	-1	-1	115	0	-1			7060109			-1
7060310	铁桶牛仔10	20303	42	7330	799	222	500	500	9000	0	20303	-1	-1	115	0	-1			7060110			-1
7060311	铁桶牛仔11	20303	42	7330	799	222	500	500	9000	0	20303	-1	-1	115	0	-1			7060111			-1
7060312	铁桶牛仔12	20303	42	7330	799	222	500	500	9000	0	20303	-1	-1	115	0	-1			7060112			-1
7060313	铁桶牛仔13	20303	43	7577	831	230	500	500	9000	0	20303	-1	-1	115	0	-1			7060113			-1
7060314	铁桶牛仔14	20303	43	7577	831	230	500	500	9000	0	20303	-1	-1	115	0	-1			7060114			-1
7060315	铁桶牛仔15	20303	43	7577	831	230	500	500	9000	0	20303	-1	-1	115	0	-1			7060115			-1
7060316	铁桶牛仔16	20303	44	7829	862	238	500	500	9000	0	20303	-1	-1	115	0	-1			7060116			-1
7060317	铁桶牛仔17	20303	44	7829	862	238	500	500	9000	0	20303	-1	-1	115	0	-1			7060117			-1
7060318	铁桶牛仔18	20303	44	7829	862	238	500	500	9000	0	20303	-1	-1	115	0	-1			7060118			-1
7060319	铁桶牛仔19	20303	44	7829	862	238	500	500	9000	0	20303	-1	-1	115	0	-1			7060119			-1
7060320	铁桶牛仔20	20303	45	8084	897	248	500	500	9000	0	20303	-1	-1	115	0	-1			7060120			-1
7060321	铁桶牛仔21	20303	45	8084	897	248	500	500	9000	0	20303	-1	-1	115	0	-1			7060121			-1
7060322	铁桶牛仔22	20303	45	8084	897	248	500	500	9000	0	20303	-1	-1	115	0	-1			7060122			-1
7060323	铁桶牛仔23	20303	45	8084	897	248	500	500	9000	0	20303	-1	-1	115	0	-1			7060123			-1
7060324	铁桶牛仔24	20303	46	8344	931	258	500	500	9000	0	20303	-1	-1	115	0	-1			7060124			-1
7060325	铁桶牛仔25	20303	46	8344	931	258	500	500	9000	0	20303	-1	-1	115	0	-1			7060125			-1
7060326	铁桶牛仔26	20303	46	8344	931	258	500	500	9000	0	20303	-1	-1	115	0	-1			7060126			-1
7060327	铁桶牛仔27	20303	46	8344	931	258	500	500	9000	0	20303	-1	-1	115	0	-1			7060127			-1
7060328	铁桶牛仔28	20303	47	8609	969	267	500	500	9000	0	20303	-1	-1	115	0	-1			7060128			-1
7060329	铁桶牛仔29	20303	47	8609	969	267	500	500	9000	0	20303	-1	-1	115	0	-1			7060129			-1
7060330	铁桶牛仔30	20303	47	8609	969	267	500	500	9000	0	20303	-1	-1	115	0	-1			7060130			-1
7060401	淘金僵尸1	20305	39	4406	629	195	500	500	9000	0	20305	-1	-1	115	0	-1			7060501	17214		-1
7060402	淘金僵尸2	20305	39	4406	629	195	500	500	9000	0	20305	-1	-1	115	0	-1			7060502	17214		-1
7060403	淘金僵尸3	20305	39	4406	629	195	500	500	9000	0	20305	-1	-1	115	0	-1			7060503	17214		-1
7060404	淘金僵尸4	20305	40	4563	653	203	500	500	9000	0	20305	-1	-1	115	0	-1			7060504	17214		-1
7060405	淘金僵尸5	20305	40	4563	653	203	500	500	9000	0	20305	-1	-1	115	0	-1			7060505	17214		-1
7060406	淘金僵尸6	20305	40	4563	653	203	500	500	9000	0	20305	-1	-1	115	0	-1			7060506	17214		-1
7060407	淘金僵尸7	20305	41	4722	675	213	500	500	9000	0	20305	-1	-1	115	0	-1			7060507	17214		-1
7060408	淘金僵尸8	20305	41	4722	675	213	500	500	9000	0	20305	-1	-1	115	0	-1			7060508	17214		-1
7060409	淘金僵尸9	20305	41	4722	675	213	500	500	9000	0	20305	-1	-1	115	0	-1			7060509	17214		-1
7060410	淘金僵尸10	20305	42	4886	699	222	500	500	9000	0	20305	-1	-1	115	0	-1			7060510	17214		-1
7060411	淘金僵尸11	20305	42	4886	699	222	500	500	9000	0	20305	-1	-1	115	0	-1			7060511	17214		-1
7060412	淘金僵尸12	20305	42	4886	699	222	500	500	9000	0	20305	-1	-1	115	0	-1			7060512	17214		-1
7060413	淘金僵尸13	20305	43	5051	725	230	500	500	9000	0	20305	-1	-1	115	0	-1			7060513	17214		-1
7060414	淘金僵尸14	20305	43	5051	725	230	500	500	9000	0	20305	-1	-1	115	0	-1			7060514	17214		-1
7060415	淘金僵尸15	20305	43	5051	725	230	500	500	9000	0	20305	-1	-1	115	0	-1			7060515	17214		-1
7060416	淘金僵尸16	20305	44	5217	750	238	500	500	9000	0	20305	-1	-1	115	0	-1			7060516	17214		-1
7060417	淘金僵尸17	20305	44	5217	750	238	500	500	9000	0	20305	-1	-1	115	0	-1			7060517	17214		-1
7060418	淘金僵尸18	20305	44	5217	750	238	500	500	9000	0	20305	-1	-1	115	0	-1			7060518	17214		-1
7060419	淘金僵尸19	20305	44	5217	750	238	500	500	9000	0	20305	-1	-1	115	0	-1			7060519	17214		-1
7060420	淘金僵尸20	20305	45	5389	776	248	500	500	9000	0	20305	-1	-1	115	0	-1			7060520	17214		-1
7060421	淘金僵尸21	20305	45	5389	776	248	500	500	9000	0	20305	-1	-1	115	0	-1			7060521	17214		-1
7060422	淘金僵尸22	20305	45	5389	776	248	500	500	9000	0	20305	-1	-1	115	0	-1			7060522	17214		-1
7060423	淘金僵尸23	20305	45	5389	776	248	500	500	9000	0	20305	-1	-1	115	0	-1			7060523	17214		-1
7060424	淘金僵尸24	20305	46	5563	804	258	500	500	9000	0	20305	-1	-1	115	0	-1			7060524	17214		-1
7060425	淘金僵尸25	20305	46	5563	804	258	500	500	9000	0	20305	-1	-1	115	0	-1			7060525	17214		-1
7060426	淘金僵尸26	20305	46	5563	804	258	500	500	9000	0	20305	-1	-1	115	0	-1			7060526	17214		-1
7060427	淘金僵尸27	20305	46	5563	804	258	500	500	9000	0	20305	-1	-1	115	0	-1			7060527	17214		-1
7060428	淘金僵尸28	20305	47	5738	832	267	500	500	9000	0	20305	-1	-1	115	0	-1			7060528	17214		-1
7060429	淘金僵尸29	20305	47	5738	832	267	500	500	9000	0	20305	-1	-1	115	0	-1			7060529	17214		-1
7060430	淘金僵尸30	20305	47	5738	832	267	500	500	9000	0	20305	-1	-1	115	0	-1			7060530	17214		-1
7060501	淘金僵尸（熄火）1	20736	39	4406	629	195	500	500	9000	0	20736	-1	-1	115	0	-1			7060401			-1
7060502	淘金僵尸（熄火）2	20736	39	4406	629	195	500	500	9000	0	20736	-1	-1	115	0	-1			7060402			-1
7060503	淘金僵尸（熄火）3	20736	39	4406	629	195	500	500	9000	0	20736	-1	-1	115	0	-1			7060403			-1
7060504	淘金僵尸（熄火）4	20736	40	4563	653	203	500	500	9000	0	20736	-1	-1	115	0	-1			7060404			-1
7060505	淘金僵尸（熄火）5	20736	40	4563	653	203	500	500	9000	0	20736	-1	-1	115	0	-1			7060405			-1
7060506	淘金僵尸（熄火）6	20736	40	4563	653	203	500	500	9000	0	20736	-1	-1	115	0	-1			7060406			-1
7060507	淘金僵尸（熄火）7	20736	41	4722	675	213	500	500	9000	0	20736	-1	-1	115	0	-1			7060407			-1
7060508	淘金僵尸（熄火）8	20736	41	4722	675	213	500	500	9000	0	20736	-1	-1	115	0	-1			7060408			-1
7060509	淘金僵尸（熄火）9	20736	41	4722	675	213	500	500	9000	0	20736	-1	-1	115	0	-1			7060409			-1
7060510	淘金僵尸（熄火）10	20736	42	4886	699	222	500	500	9000	0	20736	-1	-1	115	0	-1			7060410			-1
7060511	淘金僵尸（熄火）11	20736	42	4886	699	222	500	500	9000	0	20736	-1	-1	115	0	-1			7060411			-1
7060512	淘金僵尸（熄火）12	20736	42	4886	699	222	500	500	9000	0	20736	-1	-1	115	0	-1			7060412			-1
7060513	淘金僵尸（熄火）13	20736	43	5051	725	230	500	500	9000	0	20736	-1	-1	115	0	-1			7060413			-1
7060514	淘金僵尸（熄火）14	20736	43	5051	725	230	500	500	9000	0	20736	-1	-1	115	0	-1			7060414			-1
7060515	淘金僵尸（熄火）15	20736	43	5051	725	230	500	500	9000	0	20736	-1	-1	115	0	-1			7060415			-1
7060516	淘金僵尸（熄火）16	20736	44	5217	750	238	500	500	9000	0	20736	-1	-1	115	0	-1			7060416			-1
7060517	淘金僵尸（熄火）17	20736	44	5217	750	238	500	500	9000	0	20736	-1	-1	115	0	-1			7060417			-1
7060518	淘金僵尸（熄火）18	20736	44	5217	750	238	500	500	9000	0	20736	-1	-1	115	0	-1			7060418			-1
7060519	淘金僵尸（熄火）19	20736	44	5217	750	238	500	500	9000	0	20736	-1	-1	115	0	-1			7060419			-1
7060520	淘金僵尸（熄火）20	20736	45	5389	776	248	500	500	9000	0	20736	-1	-1	115	0	-1			7060420			-1
7060521	淘金僵尸（熄火）21	20736	45	5389	776	248	500	500	9000	0	20736	-1	-1	115	0	-1			7060421			-1
7060522	淘金僵尸（熄火）22	20736	45	5389	776	248	500	500	9000	0	20736	-1	-1	115	0	-1			7060422			-1
7060523	淘金僵尸（熄火）23	20736	45	5389	776	248	500	500	9000	0	20736	-1	-1	115	0	-1			7060423			-1
7060524	淘金僵尸（熄火）24	20736	46	5563	804	258	500	500	9000	0	20736	-1	-1	115	0	-1			7060424			-1
7060525	淘金僵尸（熄火）25	20736	46	5563	804	258	500	500	9000	0	20736	-1	-1	115	0	-1			7060425			-1
7060526	淘金僵尸（熄火）26	20736	46	5563	804	258	500	500	9000	0	20736	-1	-1	115	0	-1			7060426			-1
7060527	淘金僵尸（熄火）27	20736	46	5563	804	258	500	500	9000	0	20736	-1	-1	115	0	-1			7060427			-1
7060528	淘金僵尸（熄火）28	20736	47	5738	832	267	500	500	9000	0	20736	-1	-1	115	0	-1			7060428			-1
7060529	淘金僵尸（熄火）29	20736	47	5738	832	267	500	500	9000	0	20736	-1	-1	115	0	-1			7060429			-1
7060530	淘金僵尸（熄火）30	20736	47	5738	832	267	500	500	9000	0	20736	-1	-1	115	0	-1			7060430			-1
7060601	钢琴僵尸1	20306	39	4406	315	195	500	500	9000	0	11111007	-1	-1	115	0	-1						-1
7060602	钢琴僵尸2	20306	39	4406	315	195	500	500	9000	0	11111007	-1	-1	115	0	-1						-1
7060603	钢琴僵尸3	20306	39	4406	315	195	500	500	9000	0	11111007	-1	-1	115	0	-1						-1
7060604	钢琴僵尸4	20306	40	4563	327	203	500	500	9000	0	11111007	-1	-1	115	0	-1						-1
7060605	钢琴僵尸5	20306	40	4563	327	203	500	500	9000	0	11111007	-1	-1	115	0	-1						-1
7060606	钢琴僵尸6	20306	40	4563	327	203	500	500	9000	0	11111007	-1	-1	115	0	-1						-1
7060607	钢琴僵尸7	20306	41	4722	337	213	500	500	9000	0	11111007	-1	-1	115	0	-1						-1
7060608	钢琴僵尸8	20306	41	4722	337	213	500	500	9000	0	11111007	-1	-1	115	0	-1						-1
7060609	钢琴僵尸9	20306	41	4722	337	213	500	500	9000	0	11111007	-1	-1	115	0	-1						-1
7060610	钢琴僵尸10	20306	42	4886	350	222	500	500	9000	0	11111007	-1	-1	115	0	-1						-1
7060611	钢琴僵尸11	20306	42	4886	350	222	500	500	9000	0	11111007	-1	-1	115	0	-1						-1
7060612	钢琴僵尸12	20306	42	4886	350	222	500	500	9000	0	11111007	-1	-1	115	0	-1						-1
7060613	钢琴僵尸13	20306	43	5051	362	230	500	500	9000	0	11111007	-1	-1	115	0	-1						-1
7060614	钢琴僵尸14	20306	43	5051	362	230	500	500	9000	0	11111007	-1	-1	115	0	-1						-1
7060615	钢琴僵尸15	20306	43	5051	362	230	500	500	9000	0	11111007	-1	-1	115	0	-1						-1
7060616	钢琴僵尸16	20306	44	5217	375	238	500	500	9000	0	11111007	-1	-1	115	0	-1						-1
7060617	钢琴僵尸17	20306	44	5217	375	238	500	500	9000	0	11111007	-1	-1	115	0	-1						-1
7060618	钢琴僵尸18	20306	44	5217	375	238	500	500	9000	0	11111007	-1	-1	115	0	-1						-1
7060619	钢琴僵尸19	20306	44	5217	375	238	500	500	9000	0	11111007	-1	-1	115	0	-1						-1
7060620	钢琴僵尸20	20306	45	5389	389	248	500	500	9000	0	11111007	-1	-1	115	0	-1						-1
7060621	钢琴僵尸21	20306	45	5389	389	248	500	500	9000	0	11111007	-1	-1	115	0	-1						-1
7060622	钢琴僵尸22	20306	45	5389	389	248	500	500	9000	0	11111007	-1	-1	115	0	-1						-1
7060623	钢琴僵尸23	20306	45	5389	389	248	500	500	9000	0	11111007	-1	-1	115	0	-1						-1
7060624	钢琴僵尸24	20306	46	5563	402	258	500	500	9000	0	11111007	-1	-1	115	0	-1						-1
7060625	钢琴僵尸25	20306	46	5563	402	258	500	500	9000	0	11111007	-1	-1	115	0	-1						-1
7060626	钢琴僵尸26	20306	46	5563	402	258	500	500	9000	0	11111007	-1	-1	115	0	-1						-1
7060627	钢琴僵尸27	20306	46	5563	402	258	500	500	9000	0	11111007	-1	-1	115	0	-1						-1
7060628	钢琴僵尸28	20306	47	5738	416	267	500	500	9000	0	11111007	-1	-1	115	0	-1						-1
7060629	钢琴僵尸29	20306	47	5738	416	267	500	500	9000	0	11111007	-1	-1	115	0	-1						-1
7060630	钢琴僵尸30	20306	47	5738	416	267	500	500	9000	0	11111007	-1	-1	115	0	-1						-1
7070101	普通武师1	20601	47	5738	646	267	500	500	9000	0	20601	-1	-1	115	0	-1						-1
7070102	普通武师2	20601	47	5738	646	267	500	500	9000	0	20601	-1	-1	115	0	-1						-1
7070103	普通武师3	20601	47	5738	646	267	500	500	9000	0	20601	-1	-1	115	0	-1						-1
7070104	普通武师4	20601	47	5738	646	267	500	500	9000	0	20601	-1	-1	115	0	-1						-1
7070105	普通武师5	20601	48	5907	671	276	500	500	9000	0	20601	-1	-1	115	0	-1						-1
7070106	普通武师6	20601	48	5907	671	276	500	500	9000	0	20601	-1	-1	115	0	-1						-1
7070107	普通武师7	20601	48	5907	671	276	500	500	9000	0	20601	-1	-1	115	0	-1						-1
7070108	普通武师8	20601	48	5907	671	276	500	500	9000	0	20601	-1	-1	115	0	-1						-1
7070109	普通武师9	20601	49	6089	698	286	500	500	9000	0	20601	-1	-1	115	0	-1						-1
7070110	普通武师10	20601	49	6089	698	286	500	500	9000	0	20601	-1	-1	115	0	-1						-1
7070111	普通武师11	20601	49	6089	698	286	500	500	9000	0	20601	-1	-1	115	0	-1						-1
7070112	普通武师12	20601	49	6089	698	286	500	500	9000	0	20601	-1	-1	115	0	-1						-1
7070113	普通武师13	20601	50	6274	727	297	500	500	9000	0	20601	-1	-1	115	0	-1						-1
7070114	普通武师14	20601	50	6274	727	297	500	500	9000	0	20601	-1	-1	115	0	-1						-1
7070115	普通武师15	20601	50	6274	727	297	500	500	9000	0	20601	-1	-1	115	0	-1						-1
7070116	普通武师16	20601	50	6274	727	297	500	500	9000	0	20601	-1	-1	115	0	-1						-1
7070117	普通武师17	20601	51	6461	750	307	500	500	9000	0	20601	-1	-1	115	0	-1						-1
7070118	普通武师18	20601	51	6461	750	307	500	500	9000	0	20601	-1	-1	115	0	-1						-1
7070119	普通武师19	20601	51	6461	750	307	500	500	9000	0	20601	-1	-1	115	0	-1						-1
7070120	普通武师20	20601	52	6651	774	316	500	500	9000	0	20601	-1	-1	115	0	-1						-1
7070121	普通武师21	20601	52	6651	774	316	500	500	9000	0	20601	-1	-1	115	0	-1						-1
7070122	普通武师22	20601	52	6651	774	316	500	500	9000	0	20601	-1	-1	115	0	-1						-1
7070123	普通武师23	20601	52	6651	774	316	500	500	9000	0	20601	-1	-1	115	0	-1						-1
7070124	普通武师24	20601	53	6844	799	327	500	500	9000	0	20601	-1	-1	115	0	-1						-1
7070125	普通武师25	20601	53	6844	799	327	500	500	9000	0	20601	-1	-1	115	0	-1						-1
7070126	普通武师26	20601	53	6844	799	327	500	500	9000	0	20601	-1	-1	115	0	-1						-1
7070127	普通武师27	20601	53	6844	799	327	500	500	9000	0	20601	-1	-1	115	0	-1						-1
7070128	普通武师28	20601	54	7040	824	336	500	500	9000	0	20601	-1	-1	115	0	-1						-1
7070129	普通武师29	20601	54	7040	824	336	500	500	9000	0	20601	-1	-1	115	0	-1						-1
7070130	普通武师30	20601	54	7040	824	336	500	500	9000	0	20601	-1	-1	115	0	-1						-1
7070201	路障武师1	20602	47	8609	969	267	500	500	9000	0	20602	-1	-1	115	0	-1						-1
7070202	路障武师2	20602	47	8609	969	267	500	500	9000	0	20602	-1	-1	115	0	-1						-1
7070203	路障武师3	20602	47	8609	969	267	500	500	9000	0	20602	-1	-1	115	0	-1						-1
7070204	路障武师4	20602	47	8609	969	267	500	500	9000	0	20602	-1	-1	115	0	-1						-1
7070205	路障武师5	20602	48	8863	1007	276	500	500	9000	0	20602	-1	-1	115	0	-1						-1
7070206	路障武师6	20602	48	8863	1007	276	500	500	9000	0	20602	-1	-1	115	0	-1						-1
7070207	路障武师7	20602	48	8863	1007	276	500	500	9000	0	20602	-1	-1	115	0	-1						-1
7070208	路障武师8	20602	48	8863	1007	276	500	500	9000	0	20602	-1	-1	115	0	-1						-1
7070209	路障武师9	20602	49	9134	1048	286	500	500	9000	0	20602	-1	-1	115	0	-1						-1
7070210	路障武师10	20602	49	9134	1048	286	500	500	9000	0	20602	-1	-1	115	0	-1						-1
7070211	路障武师11	20602	49	9134	1048	286	500	500	9000	0	20602	-1	-1	115	0	-1						-1
7070212	路障武师12	20602	49	9134	1048	286	500	500	9000	0	20602	-1	-1	115	0	-1						-1
7070213	路障武师13	20602	50	9411	1090	297	500	500	9000	0	20602	-1	-1	115	0	-1						-1
7070214	路障武师14	20602	50	9411	1090	297	500	500	9000	0	20602	-1	-1	115	0	-1						-1
7070215	路障武师15	20602	50	9411	1090	297	500	500	9000	0	20602	-1	-1	115	0	-1						-1
7070216	路障武师16	20602	50	9411	1090	297	500	500	9000	0	20602	-1	-1	115	0	-1						-1
7070217	路障武师17	20602	51	9693	1125	307	500	500	9000	0	20602	-1	-1	115	0	-1						-1
7070218	路障武师18	20602	51	9693	1125	307	500	500	9000	0	20602	-1	-1	115	0	-1						-1
7070219	路障武师19	20602	51	9693	1125	307	500	500	9000	0	20602	-1	-1	115	0	-1						-1
7070220	路障武师20	20602	52	9977	1161	316	500	500	9000	0	20602	-1	-1	115	0	-1						-1
7070221	路障武师21	20602	52	9977	1161	316	500	500	9000	0	20602	-1	-1	115	0	-1						-1
7070222	路障武师22	20602	52	9977	1161	316	500	500	9000	0	20602	-1	-1	115	0	-1						-1
7070223	路障武师23	20602	52	9977	1161	316	500	500	9000	0	20602	-1	-1	115	0	-1						-1
7070224	路障武师24	20602	53	10267	1199	327	500	500	9000	0	20602	-1	-1	115	0	-1						-1
7070225	路障武师25	20602	53	10267	1199	327	500	500	9000	0	20602	-1	-1	115	0	-1						-1
7070226	路障武师26	20602	53	10267	1199	327	500	500	9000	0	20602	-1	-1	115	0	-1						-1
7070227	路障武师27	20602	53	10267	1199	327	500	500	9000	0	20602	-1	-1	115	0	-1						-1
7070228	路障武师28	20602	54	10560	1237	336	500	500	9000	0	20602	-1	-1	115	0	-1						-1
7070229	路障武师29	20602	54	10560	1237	336	500	500	9000	0	20602	-1	-1	115	0	-1						-1
7070230	路障武师30	20602	54	10560	1237	336	500	500	9000	0	20602	-1	-1	115	0	-1						-1
7070301	铁桶武师1	20603	47	8609	969	267	500	500	9000	0	20603	-1	-1	115	0	-1			7070101			-1
7070302	铁桶武师2	20603	47	8609	969	267	500	500	9000	0	20603	-1	-1	115	0	-1			7070102			-1
7070303	铁桶武师3	20603	47	8609	969	267	500	500	9000	0	20603	-1	-1	115	0	-1			7070103			-1
7070304	铁桶武师4	20603	47	8609	969	267	500	500	9000	0	20603	-1	-1	115	0	-1			7070104			-1
7070305	铁桶武师5	20603	48	8863	1007	276	500	500	9000	0	20603	-1	-1	115	0	-1			7070105			-1
7070306	铁桶武师6	20603	48	8863	1007	276	500	500	9000	0	20603	-1	-1	115	0	-1			7070106			-1
7070307	铁桶武师7	20603	48	8863	1007	276	500	500	9000	0	20603	-1	-1	115	0	-1			7070107			-1
7070308	铁桶武师8	20603	48	8863	1007	276	500	500	9000	0	20603	-1	-1	115	0	-1			7070108			-1
7070309	铁桶武师9	20603	49	9134	1048	286	500	500	9000	0	20603	-1	-1	115	0	-1			7070109			-1
7070310	铁桶武师10	20603	49	9134	1048	286	500	500	9000	0	20603	-1	-1	115	0	-1			7070110			-1
7070311	铁桶武师11	20603	49	9134	1048	286	500	500	9000	0	20603	-1	-1	115	0	-1			7070111			-1
7070312	铁桶武师12	20603	49	9134	1048	286	500	500	9000	0	20603	-1	-1	115	0	-1			7070112			-1
7070313	铁桶武师13	20603	50	9411	1090	297	500	500	9000	0	20603	-1	-1	115	0	-1			7070113			-1
7070314	铁桶武师14	20603	50	9411	1090	297	500	500	9000	0	20603	-1	-1	115	0	-1			7070114			-1
7070315	铁桶武师15	20603	50	9411	1090	297	500	500	9000	0	20603	-1	-1	115	0	-1			7070115			-1
7070316	铁桶武师16	20603	50	9411	1090	297	500	500	9000	0	20603	-1	-1	115	0	-1			7070116			-1
7070317	铁桶武师17	20603	51	9693	1125	307	500	500	9000	0	20603	-1	-1	115	0	-1			7070117			-1
7070318	铁桶武师18	20603	51	9693	1125	307	500	500	9000	0	20603	-1	-1	115	0	-1			7070118			-1
7070319	铁桶武师19	20603	51	9693	1125	307	500	500	9000	0	20603	-1	-1	115	0	-1			7070119			-1
7070320	铁桶武师20	20603	52	9977	1161	316	500	500	9000	0	20603	-1	-1	115	0	-1			7070120			-1
7070321	铁桶武师21	20603	52	9977	1161	316	500	500	9000	0	20603	-1	-1	115	0	-1			7070121			-1
7070322	铁桶武师22	20603	52	9977	1161	316	500	500	9000	0	20603	-1	-1	115	0	-1			7070122			-1
7070323	铁桶武师23	20603	52	9977	1161	316	500	500	9000	0	20603	-1	-1	115	0	-1			7070123			-1
7070324	铁桶武师24	20603	53	10267	1199	327	500	500	9000	0	20603	-1	-1	115	0	-1			7070124			-1
7070325	铁桶武师25	20603	53	10267	1199	327	500	500	9000	0	20603	-1	-1	115	0	-1			7070125			-1
7070326	铁桶武师26	20603	53	10267	1199	327	500	500	9000	0	20603	-1	-1	115	0	-1			7070126			-1
7070327	铁桶武师27	20603	53	10267	1199	327	500	500	9000	0	20603	-1	-1	115	0	-1			7070127			-1
7070328	铁桶武师28	20603	54	10560	1237	336	500	500	9000	0	20603	-1	-1	115	0	-1			7070128			-1
7070329	铁桶武师29	20603	54	10560	1237	336	500	500	9000	0	20603	-1	-1	115	0	-1			7070129			-1
7070330	铁桶武师30	20603	54	10560	1237	336	500	500	9000	0	20603	-1	-1	115	0	-1			7070130			-1
7070401	铜锣僵尸1	20612	47	8609	969	267	500	500	9000	0	20612	-1	-1	115	0	-1			7070101			-1
7070402	铜锣僵尸2	20612	47	8609	969	267	500	500	9000	0	20612	-1	-1	115	0	-1			7070102			-1
7070403	铜锣僵尸3	20612	47	8609	969	267	500	500	9000	0	20612	-1	-1	115	0	-1			7070103			-1
7070404	铜锣僵尸4	20612	47	8609	969	267	500	500	9000	0	20612	-1	-1	115	0	-1			7070104			-1
7070405	铜锣僵尸5	20612	48	8863	1007	276	500	500	9000	0	20612	-1	-1	115	0	-1			7070105			-1
7070406	铜锣僵尸6	20612	48	8863	1007	276	500	500	9000	0	20612	-1	-1	115	0	-1			7070106			-1
7070407	铜锣僵尸7	20612	48	8863	1007	276	500	500	9000	0	20612	-1	-1	115	0	-1			7070107			-1
7070408	铜锣僵尸8	20612	48	8863	1007	276	500	500	9000	0	20612	-1	-1	115	0	-1			7070108			-1
7070409	铜锣僵尸9	20612	49	9134	1048	286	500	500	9000	0	20612	-1	-1	115	0	-1			7070109			-1
7070410	铜锣僵尸10	20612	49	9134	1048	286	500	500	9000	0	20612	-1	-1	115	0	-1			7070110			-1
7070411	铜锣僵尸11	20612	49	9134	1048	286	500	500	9000	0	20612	-1	-1	115	0	-1			7070111			-1
7070412	铜锣僵尸12	20612	49	9134	1048	286	500	500	9000	0	20612	-1	-1	115	0	-1			7070112			-1
7070413	铜锣僵尸13	20612	50	9411	1090	297	500	500	9000	0	20612	-1	-1	115	0	-1			7070113			-1
7070414	铜锣僵尸14	20612	50	9411	1090	297	500	500	9000	0	20612	-1	-1	115	0	-1			7070114			-1
7070415	铜锣僵尸15	20612	50	9411	1090	297	500	500	9000	0	20612	-1	-1	115	0	-1			7070115			-1
7070416	铜锣僵尸16	20612	50	9411	1090	297	500	500	9000	0	20612	-1	-1	115	0	-1			7070116			-1
7070417	铜锣僵尸17	20612	51	9693	1125	307	500	500	9000	0	20612	-1	-1	115	0	-1			7070117			-1
7070418	铜锣僵尸18	20612	51	9693	1125	307	500	500	9000	0	20612	-1	-1	115	0	-1			7070118			-1
7070419	铜锣僵尸19	20612	51	9693	1125	307	500	500	9000	0	20612	-1	-1	115	0	-1			7070119			-1
7070420	铜锣僵尸20	20612	52	9977	1161	316	500	500	9000	0	20612	-1	-1	115	0	-1			7070120			-1
7070421	铜锣僵尸21	20612	52	9977	1161	316	500	500	9000	0	20612	-1	-1	115	0	-1			7070121			-1
7070422	铜锣僵尸22	20612	52	9977	1161	316	500	500	9000	0	20612	-1	-1	115	0	-1			7070122			-1
7070423	铜锣僵尸23	20612	52	9977	1161	316	500	500	9000	0	20612	-1	-1	115	0	-1			7070123			-1
7070424	铜锣僵尸24	20612	53	10267	1199	327	500	500	9000	0	20612	-1	-1	115	0	-1			7070124			-1
7070425	铜锣僵尸25	20612	53	10267	1199	327	500	500	9000	0	20612	-1	-1	115	0	-1			7070125			-1
7070426	铜锣僵尸26	20612	53	10267	1199	327	500	500	9000	0	20612	-1	-1	115	0	-1			7070126			-1
7070427	铜锣僵尸27	20612	53	10267	1199	327	500	500	9000	0	20612	-1	-1	115	0	-1			7070127			-1
7070428	铜锣僵尸28	20612	54	10560	1237	336	500	500	9000	0	20612	-1	-1	115	0	-1			7070128			-1
7070429	铜锣僵尸29	20612	54	10560	1237	336	500	500	9000	0	20612	-1	-1	115	0	-1			7070129			-1
7070430	铜锣僵尸30	20612	54	10560	1237	336	500	500	9000	0	20612	-1	-1	115	0	-1			7070130			-1
7070501	大锤武师1	20607	47	8609	969	267	500	500	9000	0	20607	-1	-1	115	0	-1						-1
7070502	大锤武师2	20607	47	8609	969	267	500	500	9000	0	20607	-1	-1	115	0	-1						-1
7070503	大锤武师3	20607	47	8609	969	267	500	500	9000	0	20607	-1	-1	115	0	-1						-1
7070504	大锤武师4	20607	47	8609	969	267	500	500	9000	0	20607	-1	-1	115	0	-1						-1
7070505	大锤武师5	20607	48	8863	1007	276	500	500	9000	0	20607	-1	-1	115	0	-1						-1
7070506	大锤武师6	20607	48	8863	1007	276	500	500	9000	0	20607	-1	-1	115	0	-1						-1
7070507	大锤武师7	20607	48	8863	1007	276	500	500	9000	0	20607	-1	-1	115	0	-1						-1
7070508	大锤武师8	20607	48	8863	1007	276	500	500	9000	0	20607	-1	-1	115	0	-1						-1
7070509	大锤武师9	20607	49	9134	1048	286	500	500	9000	0	20607	-1	-1	115	0	-1						-1
7070510	大锤武师10	20607	49	9134	1048	286	500	500	9000	0	20607	-1	-1	115	0	-1						-1
7070511	大锤武师11	20607	49	9134	1048	286	500	500	9000	0	20607	-1	-1	115	0	-1						-1
7070512	大锤武师12	20607	49	9134	1048	286	500	500	9000	0	20607	-1	-1	115	0	-1						-1
7070513	大锤武师13	20607	50	9411	1090	297	500	500	9000	0	20607	-1	-1	115	0	-1						-1
7070514	大锤武师14	20607	50	9411	1090	297	500	500	9000	0	20607	-1	-1	115	0	-1						-1
7070515	大锤武师15	20607	50	9411	1090	297	500	500	9000	0	20607	-1	-1	115	0	-1						-1
7070516	大锤武师16	20607	50	9411	1090	297	500	500	9000	0	20607	-1	-1	115	0	-1						-1
7070517	大锤武师17	20607	51	9693	1125	307	500	500	9000	0	20607	-1	-1	115	0	-1						-1
7070518	大锤武师18	20607	51	9693	1125	307	500	500	9000	0	20607	-1	-1	115	0	-1						-1
7070519	大锤武师19	20607	51	9693	1125	307	500	500	9000	0	20607	-1	-1	115	0	-1						-1
7070520	大锤武师20	20607	52	9977	1161	316	500	500	9000	0	20607	-1	-1	115	0	-1						-1
7070521	大锤武师21	20607	52	9977	1161	316	500	500	9000	0	20607	-1	-1	115	0	-1						-1
7070522	大锤武师22	20607	52	9977	1161	316	500	500	9000	0	20607	-1	-1	115	0	-1						-1
7070523	大锤武师23	20607	52	9977	1161	316	500	500	9000	0	20607	-1	-1	115	0	-1						-1
7070524	大锤武师24	20607	53	10267	1199	327	500	500	9000	0	20607	-1	-1	115	0	-1						-1
7070525	大锤武师25	20607	53	10267	1199	327	500	500	9000	0	20607	-1	-1	115	0	-1						-1
7070526	大锤武师26	20607	53	10267	1199	327	500	500	9000	0	20607	-1	-1	115	0	-1						-1
7070527	大锤武师27	20607	53	10267	1199	327	500	500	9000	0	20607	-1	-1	115	0	-1						-1
7070528	大锤武师28	20607	54	10560	1237	336	500	500	9000	0	20607	-1	-1	115	0	-1						-1
7070529	大锤武师29	20607	54	10560	1237	336	500	500	9000	0	20607	-1	-1	115	0	-1						-1
7070530	大锤武师30	20607	54	10560	1237	336	500	500	9000	0	20607	-1	-1	115	0	-1						-1
7070601	酒鬼武师1	20609	47	8609	969	267	500	500	9000	0	20609	-1	-1	115	0	-1						-1
7070602	酒鬼武师2	20609	47	8609	969	267	500	500	9000	0	20609	-1	-1	115	0	-1						-1
7070603	酒鬼武师3	20609	47	8609	969	267	500	500	9000	0	20609	-1	-1	115	0	-1						-1
7070604	酒鬼武师4	20609	47	8609	969	267	500	500	9000	0	20609	-1	-1	115	0	-1						-1
7070605	酒鬼武师5	20609	48	8863	1007	276	500	500	9000	0	20609	-1	-1	115	0	-1						-1
7070606	酒鬼武师6	20609	48	8863	1007	276	500	500	9000	0	20609	-1	-1	115	0	-1						-1
7070607	酒鬼武师7	20609	48	8863	1007	276	500	500	9000	0	20609	-1	-1	115	0	-1						-1
7070608	酒鬼武师8	20609	48	8863	1007	276	500	500	9000	0	20609	-1	-1	115	0	-1						-1
7070609	酒鬼武师9	20609	49	9134	1048	286	500	500	9000	0	20609	-1	-1	115	0	-1						-1
7070610	酒鬼武师10	20609	49	9134	1048	286	500	500	9000	0	20609	-1	-1	115	0	-1						-1
7070611	酒鬼武师11	20609	49	9134	1048	286	500	500	9000	0	20609	-1	-1	115	0	-1						-1
7070612	酒鬼武师12	20609	49	9134	1048	286	500	500	9000	0	20609	-1	-1	115	0	-1						-1
7070613	酒鬼武师13	20609	50	9411	1090	297	500	500	9000	0	20609	-1	-1	115	0	-1						-1
7070614	酒鬼武师14	20609	50	9411	1090	297	500	500	9000	0	20609	-1	-1	115	0	-1						-1
7070615	酒鬼武师15	20609	50	9411	1090	297	500	500	9000	0	20609	-1	-1	115	0	-1						-1
7070616	酒鬼武师16	20609	50	9411	1090	297	500	500	9000	0	20609	-1	-1	115	0	-1						-1
7070617	酒鬼武师17	20609	51	9693	1125	307	500	500	9000	0	20609	-1	-1	115	0	-1						-1
7070618	酒鬼武师18	20609	51	9693	1125	307	500	500	9000	0	20609	-1	-1	115	0	-1						-1
7070619	酒鬼武师19	20609	51	9693	1125	307	500	500	9000	0	20609	-1	-1	115	0	-1						-1
7070620	酒鬼武师20	20609	52	9977	1161	316	500	500	9000	0	20609	-1	-1	115	0	-1						-1
7070621	酒鬼武师21	20609	52	9977	1161	316	500	500	9000	0	20609	-1	-1	115	0	-1						-1
7070622	酒鬼武师22	20609	52	9977	1161	316	500	500	9000	0	20609	-1	-1	115	0	-1						-1
7070623	酒鬼武师23	20609	52	9977	1161	316	500	500	9000	0	20609	-1	-1	115	0	-1						-1
7070624	酒鬼武师24	20609	53	10267	1199	327	500	500	9000	0	20609	-1	-1	115	0	-1						-1
7070625	酒鬼武师25	20609	53	10267	1199	327	500	500	9000	0	20609	-1	-1	115	0	-1						-1
7070626	酒鬼武师26	20609	53	10267	1199	327	500	500	9000	0	20609	-1	-1	115	0	-1						-1
7070627	酒鬼武师27	20609	53	10267	1199	327	500	500	9000	0	20609	-1	-1	115	0	-1						-1
7070628	酒鬼武师28	20609	54	10560	1237	336	500	500	9000	0	20609	-1	-1	115	0	-1						-1
7070629	酒鬼武师29	20609	54	10560	1237	336	500	500	9000	0	20609	-1	-1	115	0	-1						-1
7070630	酒鬼武师30	20609	54	10560	1237	336	500	500	9000	0	20609	-1	-1	115	0	-1						-1
7070701	炸弹僵尸1	20604	47	8609	969	267	500	500	9000	0	11111010	-1	-1	115	0	-1						-1
7070702	炸弹僵尸2	20604	47	8609	969	267	500	500	9000	0	11111010	-1	-1	115	0	-1						-1
7070703	炸弹僵尸3	20604	47	8609	969	267	500	500	9000	0	11111010	-1	-1	115	0	-1						-1
7070704	炸弹僵尸4	20604	47	8609	969	267	500	500	9000	0	11111010	-1	-1	115	0	-1						-1
7070705	炸弹僵尸5	20604	48	8863	1007	276	500	500	9000	0	11111010	-1	-1	115	0	-1						-1
7070706	炸弹僵尸6	20604	48	8863	1007	276	500	500	9000	0	11111010	-1	-1	115	0	-1						-1
7070707	炸弹僵尸7	20604	48	8863	1007	276	500	500	9000	0	11111010	-1	-1	115	0	-1						-1
7070708	炸弹僵尸8	20604	48	8863	1007	276	500	500	9000	0	11111010	-1	-1	115	0	-1						-1
7070709	炸弹僵尸9	20604	49	9134	1048	286	500	500	9000	0	11111010	-1	-1	115	0	-1						-1
7070710	炸弹僵尸10	20604	49	9134	1048	286	500	500	9000	0	11111010	-1	-1	115	0	-1						-1
7070711	炸弹僵尸11	20604	49	9134	1048	286	500	500	9000	0	11111010	-1	-1	115	0	-1						-1
7070712	炸弹僵尸12	20604	49	9134	1048	286	500	500	9000	0	11111010	-1	-1	115	0	-1						-1
7070713	炸弹僵尸13	20604	50	9411	1090	297	500	500	9000	0	11111010	-1	-1	115	0	-1						-1
7070714	炸弹僵尸14	20604	50	9411	1090	297	500	500	9000	0	11111010	-1	-1	115	0	-1						-1
7070715	炸弹僵尸15	20604	50	9411	1090	297	500	500	9000	0	11111010	-1	-1	115	0	-1						-1
7070716	炸弹僵尸16	20604	50	9411	1090	297	500	500	9000	0	11111010	-1	-1	115	0	-1						-1
7070717	炸弹僵尸17	20604	51	9693	1125	307	500	500	9000	0	11111010	-1	-1	115	0	-1						-1
7070718	炸弹僵尸18	20604	51	9693	1125	307	500	500	9000	0	11111010	-1	-1	115	0	-1						-1
7070719	炸弹僵尸19	20604	51	9693	1125	307	500	500	9000	0	11111010	-1	-1	115	0	-1						-1
7070720	炸弹僵尸20	20604	52	9977	1161	316	500	500	9000	0	11111010	-1	-1	115	0	-1						-1
7070721	炸弹僵尸21	20604	52	9977	1161	316	500	500	9000	0	11111010	-1	-1	115	0	-1						-1
7070722	炸弹僵尸22	20604	52	9977	1161	316	500	500	9000	0	11111010	-1	-1	115	0	-1						-1
7070723	炸弹僵尸23	20604	52	9977	1161	316	500	500	9000	0	11111010	-1	-1	115	0	-1						-1
7070724	炸弹僵尸24	20604	53	10267	1199	327	500	500	9000	0	11111010	-1	-1	115	0	-1						-1
7070725	炸弹僵尸25	20604	53	10267	1199	327	500	500	9000	0	11111010	-1	-1	115	0	-1						-1
7070726	炸弹僵尸26	20604	53	10267	1199	327	500	500	9000	0	11111010	-1	-1	115	0	-1						-1
7070727	炸弹僵尸27	20604	53	10267	1199	327	500	500	9000	0	11111010	-1	-1	115	0	-1						-1
7070728	炸弹僵尸28	20604	54	10560	1237	336	500	500	9000	0	11111010	-1	-1	115	0	-1						-1
7070729	炸弹僵尸29	20604	54	10560	1237	336	500	500	9000	0	11111010	-1	-1	115	0	-1						-1
7070730	炸弹僵尸30	20604	54	10560	1237	336	500	500	9000	0	11111010	-1	-1	115	0	-1						-1
7070801	气功师1	20611	47	5738	956	267	500	500	9000	0	11111009	-1	-1	115	0	-1						-1
7070802	气功师2	20611	47	5738	956	267	500	500	9000	0	11111009	-1	-1	115	0	-1						-1
7070803	气功师3	20611	47	5738	956	267	500	500	9000	0	11111009	-1	-1	115	0	-1						-1
7070804	气功师4	20611	47	5738	956	267	500	500	9000	0	11111009	-1	-1	115	0	-1						-1
7070805	气功师5	20611	48	5907	990	276	500	500	9000	0	11111009	-1	-1	115	0	-1						-1
7070806	气功师6	20611	48	5907	990	276	500	500	9000	0	11111009	-1	-1	115	0	-1						-1
7070807	气功师7	20611	48	5907	990	276	500	500	9000	0	11111009	-1	-1	115	0	-1						-1
7070808	气功师8	20611	48	5907	990	276	500	500	9000	0	11111009	-1	-1	115	0	-1						-1
7070809	气功师9	20611	49	6089	1026	286	500	500	9000	0	11111009	-1	-1	115	0	-1						-1
7070810	气功师10	20611	49	6089	1026	286	500	500	9000	0	11111009	-1	-1	115	0	-1						-1
7070811	气功师11	20611	49	6089	1026	286	500	500	9000	0	11111009	-1	-1	115	0	-1						-1
7070812	气功师12	20611	49	6089	1026	286	500	500	9000	0	11111009	-1	-1	115	0	-1						-1
7070813	气功师13	20611	50	6274	1063	297	500	500	9000	0	11111009	-1	-1	115	0	-1						-1
7070814	气功师14	20611	50	6274	1063	297	500	500	9000	0	11111009	-1	-1	115	0	-1						-1
7070815	气功师15	20611	50	6274	1063	297	500	500	9000	0	11111009	-1	-1	115	0	-1						-1
7070816	气功师16	20611	50	6274	1063	297	500	500	9000	0	11111009	-1	-1	115	0	-1						-1
7070817	气功师17	20611	51	6461	1096	307	500	500	9000	0	11111009	-1	-1	115	0	-1						-1
7070818	气功师18	20611	51	6461	1096	307	500	500	9000	0	11111009	-1	-1	115	0	-1						-1
7070819	气功师19	20611	51	6461	1096	307	500	500	9000	0	11111009	-1	-1	115	0	-1						-1
7070820	气功师20	20611	52	6651	1132	316	500	500	9000	0	11111009	-1	-1	115	0	-1						-1
7070821	气功师21	20611	52	6651	1132	316	500	500	9000	0	11111009	-1	-1	115	0	-1						-1
7070822	气功师22	20611	52	6651	1132	316	500	500	9000	0	11111009	-1	-1	115	0	-1						-1
7070823	气功师23	20611	52	6651	1132	316	500	500	9000	0	11111009	-1	-1	115	0	-1						-1
7070824	气功师24	20611	53	6844	1169	327	500	500	9000	0	11111009	-1	-1	115	0	-1						-1
7070825	气功师25	20611	53	6844	1169	327	500	500	9000	0	11111009	-1	-1	115	0	-1						-1
7070826	气功师26	20611	53	6844	1169	327	500	500	9000	0	11111009	-1	-1	115	0	-1						-1
7070827	气功师27	20611	53	6844	1169	327	500	500	9000	0	11111009	-1	-1	115	0	-1						-1
7070828	气功师28	20611	54	7040	1210	336	500	500	9000	0	11111009	-1	-1	115	0	-1						-1
7070829	气功师29	20611	54	7040	1210	336	500	500	9000	0	11111009	-1	-1	115	0	-1						-1
7070830	气功师30	20611	54	7040	1210	336	500	500	9000	0	11111009	-1	-1	115	0	-1						-1
7080101	普通小鬼1	20701	55	7239	852	349	500	500	9000	0	20701	-1	-1	115	0	-1						-1
7080102	普通小鬼2	20701	55	7239	852	349	500	500	9000	0	20701	-1	-1	115	0	-1						-1
7080103	普通小鬼3	20701	55	7239	852	349	500	500	9000	0	20701	-1	-1	115	0	-1						-1
7080104	普通小鬼4	20701	55	7239	852	349	500	500	9000	0	20701	-1	-1	115	0	-1						-1
7080105	普通小鬼5	20701	56	7440	879	359	500	500	9000	0	20701	-1	-1	115	0	-1						-1
7080106	普通小鬼6	20701	56	7440	879	359	500	500	9000	0	20701	-1	-1	115	0	-1						-1
7080107	普通小鬼7	20701	56	7440	879	359	500	500	9000	0	20701	-1	-1	115	0	-1						-1
7080108	普通小鬼8	20701	57	7644	907	370	500	500	9000	0	20701	-1	-1	115	0	-1						-1
7080109	普通小鬼9	20701	57	7644	907	370	500	500	9000	0	20701	-1	-1	115	0	-1						-1
7080110	普通小鬼10	20701	57	7644	907	370	500	500	9000	0	20701	-1	-1	115	0	-1						-1
7080111	普通小鬼11	20701	58	7851	937	380	500	500	9000	0	20701	-1	-1	115	0	-1						-1
7080112	普通小鬼12	20701	58	7851	937	380	500	500	9000	0	20701	-1	-1	115	0	-1						-1
7080113	普通小鬼13	20701	58	7851	937	380	500	500	9000	0	20701	-1	-1	115	0	-1						-1
7080114	普通小鬼14	20701	58	7851	937	380	500	500	9000	0	20701	-1	-1	115	0	-1						-1
7080115	普通小鬼15	20701	59	8060	967	393	500	500	9000	0	20701	-1	-1	115	0	-1						-1
7080116	普通小鬼16	20701	59	8060	967	393	500	500	9000	0	20701	-1	-1	115	0	-1						-1
7080117	普通小鬼17	20701	59	8060	967	393	500	500	9000	0	20701	-1	-1	115	0	-1						-1
7080118	普通小鬼18	20701	59	8060	967	393	500	500	9000	0	20701	-1	-1	115	0	-1						-1
7080119	普通小鬼19	20701	60	8272	1000	404	500	500	9000	0	20701	-1	-1	115	0	-1						-1
7080120	普通小鬼20	20701	60	8272	1000	404	500	500	9000	0	20701	-1	-1	115	0	-1						-1
7080121	普通小鬼21	20701	60	8272	1000	404	500	500	9000	0	20701	-1	-1	115	0	-1						-1
7080122	普通小鬼22	20701	60	8272	1000	404	500	500	9000	0	20701	-1	-1	115	0	-1						-1
7080123	普通小鬼23	20701	61	8488	1032	415	500	500	9000	0	20701	-1	-1	115	0	-1						-1
7080124	普通小鬼24	20701	61	8488	1032	415	500	500	9000	0	20701	-1	-1	115	0	-1						-1
7080125	普通小鬼25	20701	61	8488	1032	415	500	500	9000	0	20701	-1	-1	115	0	-1						-1
7080126	普通小鬼26	20701	61	8488	1032	415	500	500	9000	0	20701	-1	-1	115	0	-1						-1
7080127	普通小鬼27	20701	62	8707	1067	425	500	500	9000	0	20701	-1	-1	115	0	-1						-1
7080128	普通小鬼28	20701	62	8707	1067	425	500	500	9000	0	20701	-1	-1	115	0	-1						-1
7080129	普通小鬼29	20701	62	8707	1067	425	500	500	9000	0	20701	-1	-1	115	0	-1						-1
7080130	普通小鬼30	20701	62	8707	1067	425	500	500	9000	0	20701	-1	-1	115	0	-1						-1
7080201	铁锅小鬼1	20703	55	10858	1278	349	500	500	9000	0	20703	-1	-1	115	0	-1						-1
7080202	铁锅小鬼2	20703	55	10858	1278	349	500	500	9000	0	20703	-1	-1	115	0	-1						-1
7080203	铁锅小鬼3	20703	55	10858	1278	349	500	500	9000	0	20703	-1	-1	115	0	-1						-1
7080204	铁锅小鬼4	20703	55	10858	1278	349	500	500	9000	0	20703	-1	-1	115	0	-1						-1
7080205	铁锅小鬼5	20703	56	11160	1319	359	500	500	9000	0	20703	-1	-1	115	0	-1						-1
7080206	铁锅小鬼6	20703	56	11160	1319	359	500	500	9000	0	20703	-1	-1	115	0	-1						-1
7080207	铁锅小鬼7	20703	56	11160	1319	359	500	500	9000	0	20703	-1	-1	115	0	-1						-1
7080208	铁锅小鬼8	20703	57	11466	1361	370	500	500	9000	0	20703	-1	-1	115	0	-1						-1
7080209	铁锅小鬼9	20703	57	11466	1361	370	500	500	9000	0	20703	-1	-1	115	0	-1						-1
7080210	铁锅小鬼10	20703	57	11466	1361	370	500	500	9000	0	20703	-1	-1	115	0	-1						-1
7080211	铁锅小鬼11	20703	58	11777	1405	380	500	500	9000	0	20703	-1	-1	115	0	-1						-1
7080212	铁锅小鬼12	20703	58	11777	1405	380	500	500	9000	0	20703	-1	-1	115	0	-1						-1
7080213	铁锅小鬼13	20703	58	11777	1405	380	500	500	9000	0	20703	-1	-1	115	0	-1						-1
7080214	铁锅小鬼14	20703	58	11777	1405	380	500	500	9000	0	20703	-1	-1	115	0	-1						-1
7080215	铁锅小鬼15	20703	59	12091	1451	393	500	500	9000	0	20703	-1	-1	115	0	-1						-1
7080216	铁锅小鬼16	20703	59	12091	1451	393	500	500	9000	0	20703	-1	-1	115	0	-1						-1
7080217	铁锅小鬼17	20703	59	12091	1451	393	500	500	9000	0	20703	-1	-1	115	0	-1						-1
7080218	铁锅小鬼18	20703	59	12091	1451	393	500	500	9000	0	20703	-1	-1	115	0	-1						-1
7080219	铁锅小鬼19	20703	60	12409	1499	404	500	500	9000	0	20703	-1	-1	115	0	-1						-1
7080220	铁锅小鬼20	20703	60	12409	1499	404	500	500	9000	0	20703	-1	-1	115	0	-1						-1
7080221	铁锅小鬼21	20703	60	12409	1499	404	500	500	9000	0	20703	-1	-1	115	0	-1						-1
7080222	铁锅小鬼22	20703	60	12409	1499	404	500	500	9000	0	20703	-1	-1	115	0	-1						-1
7080223	铁锅小鬼23	20703	61	12733	1549	415	500	500	9000	0	20703	-1	-1	115	0	-1						-1
7080224	铁锅小鬼24	20703	61	12733	1549	415	500	500	9000	0	20703	-1	-1	115	0	-1						-1
7080225	铁锅小鬼25	20703	61	12733	1549	415	500	500	9000	0	20703	-1	-1	115	0	-1						-1
7080226	铁锅小鬼26	20703	61	12733	1549	415	500	500	9000	0	20703	-1	-1	115	0	-1						-1
7080227	铁锅小鬼27	20703	62	13061	1600	425	500	500	9000	0	20703	-1	-1	115	0	-1						-1
7080228	铁锅小鬼28	20703	62	13061	1600	425	500	500	9000	0	20703	-1	-1	115	0	-1						-1
7080229	铁锅小鬼29	20703	62	13061	1600	425	500	500	9000	0	20703	-1	-1	115	0	-1						-1
7080230	铁锅小鬼30	20703	62	13061	1600	425	500	500	9000	0	20703	-1	-1	115	0	-1						-1
7080301	铁盘小鬼1	20704	55	10858	1278	349	500	500	9000	0	20704	-1	-1	115	0	-1			7080101			-1
7080302	铁盘小鬼2	20704	55	10858	1278	349	500	500	9000	0	20704	-1	-1	115	0	-1			7080102			-1
7080303	铁盘小鬼3	20704	55	10858	1278	349	500	500	9000	0	20704	-1	-1	115	0	-1			7080103			-1
7080304	铁盘小鬼4	20704	55	10858	1278	349	500	500	9000	0	20704	-1	-1	115	0	-1			7080104			-1
7080305	铁盘小鬼5	20704	56	11160	1319	359	500	500	9000	0	20704	-1	-1	115	0	-1			7080105			-1
7080306	铁盘小鬼6	20704	56	11160	1319	359	500	500	9000	0	20704	-1	-1	115	0	-1			7080106			-1
7080307	铁盘小鬼7	20704	56	11160	1319	359	500	500	9000	0	20704	-1	-1	115	0	-1			7080107			-1
7080308	铁盘小鬼8	20704	57	11466	1361	370	500	500	9000	0	20704	-1	-1	115	0	-1			7080108			-1
7080309	铁盘小鬼9	20704	57	11466	1361	370	500	500	9000	0	20704	-1	-1	115	0	-1			7080109			-1
7080310	铁盘小鬼10	20704	57	11466	1361	370	500	500	9000	0	20704	-1	-1	115	0	-1			7080110			-1
7080311	铁盘小鬼11	20704	58	11777	1405	380	500	500	9000	0	20704	-1	-1	115	0	-1			7080111			-1
7080312	铁盘小鬼12	20704	58	11777	1405	380	500	500	9000	0	20704	-1	-1	115	0	-1			7080112			-1
7080313	铁盘小鬼13	20704	58	11777	1405	380	500	500	9000	0	20704	-1	-1	115	0	-1			7080113			-1
7080314	铁盘小鬼14	20704	58	11777	1405	380	500	500	9000	0	20704	-1	-1	115	0	-1			7080114			-1
7080315	铁盘小鬼15	20704	59	12091	1451	393	500	500	9000	0	20704	-1	-1	115	0	-1			7080115			-1
7080316	铁盘小鬼16	20704	59	12091	1451	393	500	500	9000	0	20704	-1	-1	115	0	-1			7080116			-1
7080317	铁盘小鬼17	20704	59	12091	1451	393	500	500	9000	0	20704	-1	-1	115	0	-1			7080117			-1
7080318	铁盘小鬼18	20704	59	12091	1451	393	500	500	9000	0	20704	-1	-1	115	0	-1			7080118			-1
7080319	铁盘小鬼19	20704	60	12409	1499	404	500	500	9000	0	20704	-1	-1	115	0	-1			7080119			-1
7080320	铁盘小鬼20	20704	60	12409	1499	404	500	500	9000	0	20704	-1	-1	115	0	-1			7080120			-1
7080321	铁盘小鬼21	20704	60	12409	1499	404	500	500	9000	0	20704	-1	-1	115	0	-1			7080121			-1
7080322	铁盘小鬼22	20704	60	12409	1499	404	500	500	9000	0	20704	-1	-1	115	0	-1			7080122			-1
7080323	铁盘小鬼23	20704	61	12733	1549	415	500	500	9000	0	20704	-1	-1	115	0	-1			7080123			-1
7080324	铁盘小鬼24	20704	61	12733	1549	415	500	500	9000	0	20704	-1	-1	115	0	-1			7080124			-1
7080325	铁盘小鬼25	20704	61	12733	1549	415	500	500	9000	0	20704	-1	-1	115	0	-1			7080125			-1
7080326	铁盘小鬼26	20704	61	12733	1549	415	500	500	9000	0	20704	-1	-1	115	0	-1			7080126			-1
7080327	铁盘小鬼27	20704	62	13061	1600	425	500	500	9000	0	20704	-1	-1	115	0	-1			7080127			-1
7080328	铁盘小鬼28	20704	62	13061	1600	425	500	500	9000	0	20704	-1	-1	115	0	-1			7080128			-1
7080329	铁盘小鬼29	20704	62	13061	1600	425	500	500	9000	0	20704	-1	-1	115	0	-1			7080129			-1
7080330	铁盘小鬼30	20704	62	13061	1600	425	500	500	9000	0	20704	-1	-1	115	0	-1			7080130			-1
7080401	红孩儿1	20707	55	10858	1278	349	500	500	9000	0	20707	-1	-1	115	0	-1						-1
7080402	红孩儿2	20707	55	10858	1278	349	500	500	9000	0	20707	-1	-1	115	0	-1						-1
7080403	红孩儿3	20707	55	10858	1278	349	500	500	9000	0	20707	-1	-1	115	0	-1						-1
7080404	红孩儿4	20707	55	10858	1278	349	500	500	9000	0	20707	-1	-1	115	0	-1						-1
7080405	红孩儿5	20707	56	11160	1319	359	500	500	9000	0	20707	-1	-1	115	0	-1						-1
7080406	红孩儿6	20707	56	11160	1319	359	500	500	9000	0	20707	-1	-1	115	0	-1						-1
7080407	红孩儿7	20707	56	11160	1319	359	500	500	9000	0	20707	-1	-1	115	0	-1						-1
7080408	红孩儿8	20707	57	11466	1361	370	500	500	9000	0	20707	-1	-1	115	0	-1						-1
7080409	红孩儿9	20707	57	11466	1361	370	500	500	9000	0	20707	-1	-1	115	0	-1						-1
7080410	红孩儿10	20707	57	11466	1361	370	500	500	9000	0	20707	-1	-1	115	0	-1						-1
7080411	红孩儿11	20707	58	11777	1405	380	500	500	9000	0	20707	-1	-1	115	0	-1						-1
7080412	红孩儿12	20707	58	11777	1405	380	500	500	9000	0	20707	-1	-1	115	0	-1						-1
7080413	红孩儿13	20707	58	11777	1405	380	500	500	9000	0	20707	-1	-1	115	0	-1						-1
7080414	红孩儿14	20707	58	11777	1405	380	500	500	9000	0	20707	-1	-1	115	0	-1						-1
7080415	红孩儿15	20707	59	12091	1451	393	500	500	9000	0	20707	-1	-1	115	0	-1						-1
7080416	红孩儿16	20707	59	12091	1451	393	500	500	9000	0	20707	-1	-1	115	0	-1						-1
7080417	红孩儿17	20707	59	12091	1451	393	500	500	9000	0	20707	-1	-1	115	0	-1						-1
7080418	红孩儿18	20707	59	12091	1451	393	500	500	9000	0	20707	-1	-1	115	0	-1						-1
7080419	红孩儿19	20707	60	12409	1499	404	500	500	9000	0	20707	-1	-1	115	0	-1						-1
7080420	红孩儿20	20707	60	12409	1499	404	500	500	9000	0	20707	-1	-1	115	0	-1						-1
7080421	红孩儿21	20707	60	12409	1499	404	500	500	9000	0	20707	-1	-1	115	0	-1						-1
7080422	红孩儿22	20707	60	12409	1499	404	500	500	9000	0	20707	-1	-1	115	0	-1						-1
7080423	红孩儿23	20707	61	12733	1549	415	500	500	9000	0	20707	-1	-1	115	0	-1						-1
7080424	红孩儿24	20707	61	12733	1549	415	500	500	9000	0	20707	-1	-1	115	0	-1						-1
7080425	红孩儿25	20707	61	12733	1549	415	500	500	9000	0	20707	-1	-1	115	0	-1						-1
7080426	红孩儿26	20707	61	12733	1549	415	500	500	9000	0	20707	-1	-1	115	0	-1						-1
7080427	红孩儿27	20707	62	13061	1600	425	500	500	9000	0	20707	-1	-1	115	0	-1						-1
7080428	红孩儿28	20707	62	13061	1600	425	500	500	9000	0	20707	-1	-1	115	0	-1						-1
7080429	红孩儿29	20707	62	13061	1600	425	500	500	9000	0	20707	-1	-1	115	0	-1						-1
7080430	红孩儿30	20707	62	13061	1600	425	500	500	9000	0	20707	-1	-1	115	0	-1						-1
7080501	黑熊精1	20708	55	10858	1278	349	500	500	9000	0	20708	-1	-1	115	0	-1						-1
7080502	黑熊精2	20708	55	10858	1278	349	500	500	9000	0	20708	-1	-1	115	0	-1						-1
7080503	黑熊精3	20708	55	10858	1278	349	500	500	9000	0	20708	-1	-1	115	0	-1						-1
7080504	黑熊精4	20708	55	10858	1278	349	500	500	9000	0	20708	-1	-1	115	0	-1						-1
7080505	黑熊精5	20708	56	11160	1319	359	500	500	9000	0	20708	-1	-1	115	0	-1						-1
7080506	黑熊精6	20708	56	11160	1319	359	500	500	9000	0	20708	-1	-1	115	0	-1						-1
7080507	黑熊精7	20708	56	11160	1319	359	500	500	9000	0	20708	-1	-1	115	0	-1						-1
7080508	黑熊精8	20708	57	11466	1361	370	500	500	9000	0	20708	-1	-1	115	0	-1						-1
7080509	黑熊精9	20708	57	11466	1361	370	500	500	9000	0	20708	-1	-1	115	0	-1						-1
7080510	黑熊精10	20708	57	11466	1361	370	500	500	9000	0	20708	-1	-1	115	0	-1						-1
7080511	黑熊精11	20708	58	11777	1405	380	500	500	9000	0	20708	-1	-1	115	0	-1						-1
7080512	黑熊精12	20708	58	11777	1405	380	500	500	9000	0	20708	-1	-1	115	0	-1						-1
7080513	黑熊精13	20708	58	11777	1405	380	500	500	9000	0	20708	-1	-1	115	0	-1						-1
7080514	黑熊精14	20708	58	11777	1405	380	500	500	9000	0	20708	-1	-1	115	0	-1						-1
7080515	黑熊精15	20708	59	12091	1451	393	500	500	9000	0	20708	-1	-1	115	0	-1						-1
7080516	黑熊精16	20708	59	12091	1451	393	500	500	9000	0	20708	-1	-1	115	0	-1						-1
7080517	黑熊精17	20708	59	12091	1451	393	500	500	9000	0	20708	-1	-1	115	0	-1						-1
7080518	黑熊精18	20708	59	12091	1451	393	500	500	9000	0	20708	-1	-1	115	0	-1						-1
7080519	黑熊精19	20708	60	12409	1499	404	500	500	9000	0	20708	-1	-1	115	0	-1						-1
7080520	黑熊精20	20708	60	12409	1499	404	500	500	9000	0	20708	-1	-1	115	0	-1						-1
7080521	黑熊精21	20708	60	12409	1499	404	500	500	9000	0	20708	-1	-1	115	0	-1						-1
7080522	黑熊精22	20708	60	12409	1499	404	500	500	9000	0	20708	-1	-1	115	0	-1						-1
7080523	黑熊精23	20708	61	12733	1549	415	500	500	9000	0	20708	-1	-1	115	0	-1						-1
7080524	黑熊精24	20708	61	12733	1549	415	500	500	9000	0	20708	-1	-1	115	0	-1						-1
7080525	黑熊精25	20708	61	12733	1549	415	500	500	9000	0	20708	-1	-1	115	0	-1						-1
7080526	黑熊精26	20708	61	12733	1549	415	500	500	9000	0	20708	-1	-1	115	0	-1						-1
7080527	黑熊精27	20708	62	13061	1600	425	500	500	9000	0	20708	-1	-1	115	0	-1						-1
7080528	黑熊精28	20708	62	13061	1600	425	500	500	9000	0	20708	-1	-1	115	0	-1						-1
7080529	黑熊精29	20708	62	13061	1600	425	500	500	9000	0	20708	-1	-1	115	0	-1						-1
7080530	黑熊精30	20708	62	13061	1600	425	500	500	9000	0	20708	-1	-1	115	0	-1						-1
7080601	蜘蛛精1	20711	55	7239	1085	349	500	500	9000	0	11111012	-1	-1	115	0	-1						-1
7080602	蜘蛛精2	20711	55	7239	1085	349	500	500	9000	0	11111012	-1	-1	115	0	-1						-1
7080603	蜘蛛精3	20711	55	7239	1085	349	500	500	9000	0	11111012	-1	-1	115	0	-1						-1
7080604	蜘蛛精4	20711	55	7239	1085	349	500	500	9000	0	11111012	-1	-1	115	0	-1						-1
7080605	蜘蛛精5	20711	56	7440	1121	359	500	500	9000	0	11111012	-1	-1	115	0	-1						-1
7080606	蜘蛛精6	20711	56	7440	1121	359	500	500	9000	0	11111012	-1	-1	115	0	-1						-1
7080607	蜘蛛精7	20711	56	7440	1121	359	500	500	9000	0	11111012	-1	-1	115	0	-1						-1
7080608	蜘蛛精8	20711	57	7644	1158	370	500	500	9000	0	11111012	-1	-1	115	0	-1						-1
7080609	蜘蛛精9	20711	57	7644	1158	370	500	500	9000	0	11111012	-1	-1	115	0	-1						-1
7080610	蜘蛛精10	20711	57	7644	1158	370	500	500	9000	0	11111012	-1	-1	115	0	-1						-1
7080611	蜘蛛精11	20711	58	7851	1197	380	500	500	9000	0	11111012	-1	-1	115	0	-1						-1
7080612	蜘蛛精12	20711	58	7851	1197	380	500	500	9000	0	11111012	-1	-1	115	0	-1						-1
7080613	蜘蛛精13	20711	58	7851	1197	380	500	500	9000	0	11111012	-1	-1	115	0	-1						-1
7080614	蜘蛛精14	20711	58	7851	1197	380	500	500	9000	0	11111012	-1	-1	115	0	-1						-1
7080615	蜘蛛精15	20711	59	8060	1236	393	500	500	9000	0	11111012	-1	-1	115	0	-1						-1
7080616	蜘蛛精16	20711	59	8060	1236	393	500	500	9000	0	11111012	-1	-1	115	0	-1						-1
7080617	蜘蛛精17	20711	59	8060	1236	393	500	500	9000	0	11111012	-1	-1	115	0	-1						-1
7080618	蜘蛛精18	20711	59	8060	1236	393	500	500	9000	0	11111012	-1	-1	115	0	-1						-1
7080619	蜘蛛精19	20711	60	8272	1278	404	500	500	9000	0	11111012	-1	-1	115	0	-1						-1
7080620	蜘蛛精20	20711	60	8272	1278	404	500	500	9000	0	11111012	-1	-1	115	0	-1						-1
7080621	蜘蛛精21	20711	60	8272	1278	404	500	500	9000	0	11111012	-1	-1	115	0	-1						-1
7080622	蜘蛛精22	20711	60	8272	1278	404	500	500	9000	0	11111012	-1	-1	115	0	-1						-1
7080623	蜘蛛精23	20711	61	8488	1320	415	500	500	9000	0	11111012	-1	-1	115	0	-1						-1
7080624	蜘蛛精24	20711	61	8488	1320	415	500	500	9000	0	11111012	-1	-1	115	0	-1						-1
7080625	蜘蛛精25	20711	61	8488	1320	415	500	500	9000	0	11111012	-1	-1	115	0	-1						-1
7080626	蜘蛛精26	20711	61	8488	1320	415	500	500	9000	0	11111012	-1	-1	115	0	-1						-1
7080627	蜘蛛精27	20711	62	8707	1366	425	500	500	9000	0	11111012	-1	-1	115	0	-1						-1
7080628	蜘蛛精28	20711	62	8707	1366	425	500	500	9000	0	11111012	-1	-1	115	0	-1						-1
7080629	蜘蛛精29	20711	62	8707	1366	425	500	500	9000	0	11111012	-1	-1	115	0	-1						-1
7080630	蜘蛛精30	20711	62	8707	1366	425	500	500	9000	0	11111012	-1	-1	115	0	-1						-1
7080701	叉子小鬼1	20705	55	7239	543	349	500	500	9000	0	11111011	-1	-1	115	0	-1						-1
7080702	叉子小鬼2	20705	55	7239	543	349	500	500	9000	0	11111011	-1	-1	115	0	-1						-1
7080703	叉子小鬼3	20705	55	7239	543	349	500	500	9000	0	11111011	-1	-1	115	0	-1						-1
7080704	叉子小鬼4	20705	55	7239	543	349	500	500	9000	0	11111011	-1	-1	115	0	-1						-1
7080705	叉子小鬼5	20705	56	7440	561	359	500	500	9000	0	11111011	-1	-1	115	0	-1						-1
7080706	叉子小鬼6	20705	56	7440	561	359	500	500	9000	0	11111011	-1	-1	115	0	-1						-1
7080707	叉子小鬼7	20705	56	7440	561	359	500	500	9000	0	11111011	-1	-1	115	0	-1						-1
7080708	叉子小鬼8	20705	57	7644	580	370	500	500	9000	0	11111011	-1	-1	115	0	-1						-1
7080709	叉子小鬼9	20705	57	7644	580	370	500	500	9000	0	11111011	-1	-1	115	0	-1						-1
7080710	叉子小鬼10	20705	57	7644	580	370	500	500	9000	0	11111011	-1	-1	115	0	-1						-1
7080711	叉子小鬼11	20705	58	7851	599	380	500	500	9000	0	11111011	-1	-1	115	0	-1						-1
7080712	叉子小鬼12	20705	58	7851	599	380	500	500	9000	0	11111011	-1	-1	115	0	-1						-1
7080713	叉子小鬼13	20705	58	7851	599	380	500	500	9000	0	11111011	-1	-1	115	0	-1						-1
7080714	叉子小鬼14	20705	58	7851	599	380	500	500	9000	0	11111011	-1	-1	115	0	-1						-1
7080715	叉子小鬼15	20705	59	8060	618	393	500	500	9000	0	11111011	-1	-1	115	0	-1						-1
7080716	叉子小鬼16	20705	59	8060	618	393	500	500	9000	0	11111011	-1	-1	115	0	-1						-1
7080717	叉子小鬼17	20705	59	8060	618	393	500	500	9000	0	11111011	-1	-1	115	0	-1						-1
7080718	叉子小鬼18	20705	59	8060	618	393	500	500	9000	0	11111011	-1	-1	115	0	-1						-1
7080719	叉子小鬼19	20705	60	8272	638	404	500	500	9000	0	11111011	-1	-1	115	0	-1						-1
7080720	叉子小鬼20	20705	60	8272	638	404	500	500	9000	0	11111011	-1	-1	115	0	-1						-1
7080721	叉子小鬼21	20705	60	8272	638	404	500	500	9000	0	11111011	-1	-1	115	0	-1						-1
7080722	叉子小鬼22	20705	60	8272	638	404	500	500	9000	0	11111011	-1	-1	115	0	-1						-1
7080723	叉子小鬼23	20705	61	8488	660	415	500	500	9000	0	11111011	-1	-1	115	0	-1						-1
7080724	叉子小鬼24	20705	61	8488	660	415	500	500	9000	0	11111011	-1	-1	115	0	-1						-1
7080725	叉子小鬼25	20705	61	8488	660	415	500	500	9000	0	11111011	-1	-1	115	0	-1						-1
7080726	叉子小鬼26	20705	61	8488	660	415	500	500	9000	0	11111011	-1	-1	115	0	-1						-1
7080727	叉子小鬼27	20705	62	8707	683	425	500	500	9000	0	11111011	-1	-1	115	0	-1						-1
7080728	叉子小鬼28	20705	62	8707	683	425	500	500	9000	0	11111011	-1	-1	115	0	-1						-1
7080729	叉子小鬼29	20705	62	8707	683	425	500	500	9000	0	11111011	-1	-1	115	0	-1						-1
7080730	叉子小鬼30	20705	62	8707	683	425	500	500	9000	0	11111011	-1	-1	115	0	-1						-1
7090101	维京普通僵尸1	20719	63	9098	1124	445	500	500	9000	0	20719	-1	-1	115	0	-1						-1
7090102	维京普通僵尸2	20719	63	9098	1124	445	500	500	9000	0	20719	-1	-1	115	0	-1						-1
7090103	维京普通僵尸3	20719	64	9325	1162	459	500	500	9000	0	20719	-1	-1	115	0	-1						-1
7090104	维京普通僵尸4	20719	64	9325	1162	459	500	500	9000	0	20719	-1	-1	115	0	-1						-1
7090105	维京普通僵尸5	20719	65	9556	1202	471	500	500	9000	0	20719	-1	-1	115	0	-1						-1
7090106	维京普通僵尸6	20719	65	9556	1202	471	500	500	9000	0	20719	-1	-1	115	0	-1						-1
7090107	维京普通僵尸7	20719	66	9791	1243	483	500	500	9000	0	20719	-1	-1	115	0	-1						-1
7090108	维京普通僵尸8	20719	66	9791	1243	483	500	500	9000	0	20719	-1	-1	115	0	-1						-1
7090109	维京普通僵尸9	20719	67	10027	1286	494	500	500	9000	0	20719	-1	-1	115	0	-1						-1
7090110	维京普通僵尸10	20719	67	10027	1286	494	500	500	9000	0	20719	-1	-1	115	0	-1						-1
7090111	维京普通僵尸11	20719	68	10267	1331	509	500	500	9000	0	20719	-1	-1	115	0	-1						-1
7090112	维京普通僵尸12	20719	68	10267	1331	509	500	500	9000	0	20719	-1	-1	115	0	-1						-1
7090113	维京普通僵尸13	20719	69	10510	1378	522	500	500	9000	0	20719	-1	-1	115	0	-1						-1
7090114	维京普通僵尸14	20719	69	10510	1378	522	500	500	9000	0	20719	-1	-1	115	0	-1						-1
7090115	维京普通僵尸15	20719	70	10755	1427	534	500	500	9000	0	20719	-1	-1	115	0	-1						-1
7090116	维京普通僵尸16	20719	70	10755	1427	534	500	500	9000	0	20719	-1	-1	115	0	-1						-1
7090117	维京普通僵尸17	20719	71	11003	1480	546	500	500	9000	0	20719	-1	-1	115	0	-1						-1
7090118	维京普通僵尸18	20719	71	11003	1480	546	500	500	9000	0	20719	-1	-1	115	0	-1						-1
7090119	维京普通僵尸19	20719	72	11254	1533	559	500	500	9000	0	20719	-1	-1	115	0	-1						-1
7090120	维京普通僵尸20	20719	72	11254	1533	559	500	500	9000	0	20719	-1	-1	115	0	-1						-1
7090121	维京普通僵尸21	20719	73	11509	1591	575	500	500	9000	0	20719	-1	-1	115	0	-1						-1
7090122	维京普通僵尸22	20719	73	11509	1591	575	500	500	9000	0	20719	-1	-1	115	0	-1						-1
7090123	维京普通僵尸23	20719	74	11766	1651	586	500	500	9000	0	20719	-1	-1	115	0	-1						-1
7090124	维京普通僵尸24	20719	74	11766	1651	586	500	500	9000	0	20719	-1	-1	115	0	-1						-1
7090125	维京普通僵尸25	20719	75	12025	1714	599	500	500	9000	0	20719	-1	-1	115	0	-1						-1
7090126	维京普通僵尸26	20719	75	12025	1714	599	500	500	9000	0	20719	-1	-1	115	0	-1						-1
7090127	维京普通僵尸27	20719	76	12288	1780	613	500	500	9000	0	20719	-1	-1	115	0	-1						-1
7090128	维京普通僵尸28	20719	77	12553	1851	629	500	500	9000	0	20719	-1	-1	115	0	-1						-1
7090129	维京普通僵尸29	20719	78	12823	1926	642	500	500	9000	0	20719	-1	-1	115	0	-1						-1
7090130	维京普通僵尸30	20719	79	13094	2005	656	500	500	9000	0	20719	-1	-1	115	0	-1						-1
7090201	维京路障僵尸1	20720	63	13647	1685	445	500	500	9000	0	20720	-1	-1	115	0	-1						-1
7090202	维京路障僵尸2	20720	63	13647	1685	445	500	500	9000	0	20720	-1	-1	115	0	-1						-1
7090203	维京路障僵尸3	20720	64	13988	1743	459	500	500	9000	0	20720	-1	-1	115	0	-1						-1
7090204	维京路障僵尸4	20720	64	13988	1743	459	500	500	9000	0	20720	-1	-1	115	0	-1						-1
7090205	维京路障僵尸5	20720	65	14336	1803	471	500	500	9000	0	20720	-1	-1	115	0	-1						-1
7090206	维京路障僵尸6	20720	65	14336	1803	471	500	500	9000	0	20720	-1	-1	115	0	-1						-1
7090207	维京路障僵尸7	20720	66	14687	1865	483	500	500	9000	0	20720	-1	-1	115	0	-1						-1
7090208	维京路障僵尸8	20720	66	14687	1865	483	500	500	9000	0	20720	-1	-1	115	0	-1						-1
7090209	维京路障僵尸9	20720	67	15041	1929	494	500	500	9000	0	20720	-1	-1	115	0	-1						-1
7090210	维京路障僵尸10	20720	67	15041	1929	494	500	500	9000	0	20720	-1	-1	115	0	-1						-1
7090211	维京路障僵尸11	20720	68	15402	1997	509	500	500	9000	0	20720	-1	-1	115	0	-1						-1
7090212	维京路障僵尸12	20720	68	15402	1997	509	500	500	9000	0	20720	-1	-1	115	0	-1						-1
7090213	维京路障僵尸13	20720	69	15764	2067	522	500	500	9000	0	20720	-1	-1	115	0	-1						-1
7090214	维京路障僵尸14	20720	69	15764	2067	522	500	500	9000	0	20720	-1	-1	115	0	-1						-1
7090215	维京路障僵尸15	20720	70	16132	2141	534	500	500	9000	0	20720	-1	-1	115	0	-1						-1
7090216	维京路障僵尸16	20720	70	16132	2141	534	500	500	9000	0	20720	-1	-1	115	0	-1						-1
7090217	维京路障僵尸17	20720	71	16506	2220	546	500	500	9000	0	20720	-1	-1	115	0	-1						-1
7090218	维京路障僵尸18	20720	71	16506	2220	546	500	500	9000	0	20720	-1	-1	115	0	-1						-1
7090219	维京路障僵尸19	20720	72	16881	2301	559	500	500	9000	0	20720	-1	-1	115	0	-1						-1
7090220	维京路障僵尸20	20720	72	16881	2301	559	500	500	9000	0	20720	-1	-1	115	0	-1						-1
7090221	维京路障僵尸21	20720	73	17263	2387	575	500	500	9000	0	20720	-1	-1	115	0	-1						-1
7090222	维京路障僵尸22	20720	73	17263	2387	575	500	500	9000	0	20720	-1	-1	115	0	-1						-1
7090223	维京路障僵尸23	20720	74	17650	2477	586	500	500	9000	0	20720	-1	-1	115	0	-1						-1
7090224	维京路障僵尸24	20720	74	17650	2477	586	500	500	9000	0	20720	-1	-1	115	0	-1						-1
7090225	维京路障僵尸25	20720	75	18038	2571	599	500	500	9000	0	20720	-1	-1	115	0	-1						-1
7090226	维京路障僵尸26	20720	75	18038	2571	599	500	500	9000	0	20720	-1	-1	115	0	-1						-1
7090227	维京路障僵尸27	20720	76	18433	2671	613	500	500	9000	0	20720	-1	-1	115	0	-1						-1
7090228	维京路障僵尸28	20720	77	18831	2777	629	500	500	9000	0	20720	-1	-1	115	0	-1						-1
7090229	维京路障僵尸29	20720	78	19234	2889	642	500	500	9000	0	20720	-1	-1	115	0	-1						-1
7090230	维京路障僵尸30	20720	79	19642	3008	656	500	500	9000	0	20720	-1	-1	115	0	-1						-1
7090301	维京铁桶僵尸1	20722	63	13647	1685	445	500	500	9000	0	20722	-1	-1	115	0	-1			7090101			-1
7090302	维京铁桶僵尸2	20722	63	13647	1685	445	500	500	9000	0	20722	-1	-1	115	0	-1			7090102			-1
7090303	维京铁桶僵尸3	20722	64	13988	1743	459	500	500	9000	0	20722	-1	-1	115	0	-1			7090103			-1
7090304	维京铁桶僵尸4	20722	64	13988	1743	459	500	500	9000	0	20722	-1	-1	115	0	-1			7090104			-1
7090305	维京铁桶僵尸5	20722	65	14336	1803	471	500	500	9000	0	20722	-1	-1	115	0	-1			7090105			-1
7090306	维京铁桶僵尸6	20722	65	14336	1803	471	500	500	9000	0	20722	-1	-1	115	0	-1			7090106			-1
7090307	维京铁桶僵尸7	20722	66	14687	1865	483	500	500	9000	0	20722	-1	-1	115	0	-1			7090107			-1
7090308	维京铁桶僵尸8	20722	66	14687	1865	483	500	500	9000	0	20722	-1	-1	115	0	-1			7090108			-1
7090309	维京铁桶僵尸9	20722	67	15041	1929	494	500	500	9000	0	20722	-1	-1	115	0	-1			7090109			-1
7090310	维京铁桶僵尸10	20722	67	15041	1929	494	500	500	9000	0	20722	-1	-1	115	0	-1			7090110			-1
7090311	维京铁桶僵尸11	20722	68	15402	1997	509	500	500	9000	0	20722	-1	-1	115	0	-1			7090111			-1
7090312	维京铁桶僵尸12	20722	68	15402	1997	509	500	500	9000	0	20722	-1	-1	115	0	-1			7090112			-1
7090313	维京铁桶僵尸13	20722	69	15764	2067	522	500	500	9000	0	20722	-1	-1	115	0	-1			7090113			-1
7090314	维京铁桶僵尸14	20722	69	15764	2067	522	500	500	9000	0	20722	-1	-1	115	0	-1			7090114			-1
7090315	维京铁桶僵尸15	20722	70	16132	2141	534	500	500	9000	0	20722	-1	-1	115	0	-1			7090115			-1
7090316	维京铁桶僵尸16	20722	70	16132	2141	534	500	500	9000	0	20722	-1	-1	115	0	-1			7090116			-1
7090317	维京铁桶僵尸17	20722	71	16506	2220	546	500	500	9000	0	20722	-1	-1	115	0	-1			7090117			-1
7090318	维京铁桶僵尸18	20722	71	16506	2220	546	500	500	9000	0	20722	-1	-1	115	0	-1			7090118			-1
7090319	维京铁桶僵尸19	20722	72	16881	2301	559	500	500	9000	0	20722	-1	-1	115	0	-1			7090119			-1
7090320	维京铁桶僵尸20	20722	72	16881	2301	559	500	500	9000	0	20722	-1	-1	115	0	-1			7090120			-1
7090321	维京铁桶僵尸21	20722	73	17263	2387	575	500	500	9000	0	20722	-1	-1	115	0	-1			7090121			-1
7090322	维京铁桶僵尸22	20722	73	17263	2387	575	500	500	9000	0	20722	-1	-1	115	0	-1			7090122			-1
7090323	维京铁桶僵尸23	20722	74	17650	2477	586	500	500	9000	0	20722	-1	-1	115	0	-1			7090123			-1
7090324	维京铁桶僵尸24	20722	74	17650	2477	586	500	500	9000	0	20722	-1	-1	115	0	-1			7090124			-1
7090325	维京铁桶僵尸25	20722	75	18038	2571	599	500	500	9000	0	20722	-1	-1	115	0	-1			7090125			-1
7090326	维京铁桶僵尸26	20722	75	18038	2571	599	500	500	9000	0	20722	-1	-1	115	0	-1			7090126			-1
7090327	维京铁桶僵尸27	20722	76	18433	2671	613	500	500	9000	0	20722	-1	-1	115	0	-1			7090127			-1
7090328	维京铁桶僵尸28	20722	77	18831	2777	629	500	500	9000	0	20722	-1	-1	115	0	-1			7090128			-1
7090329	维京铁桶僵尸29	20722	78	19234	2889	642	500	500	9000	0	20722	-1	-1	115	0	-1			7090129			-1
7090330	维京铁桶僵尸30	20722	79	19642	3008	656	500	500	9000	0	20722	-1	-1	115	0	-1			7090130			-1
7090401	飞龙饲养员1	20726	63	9098	2878	445	500	500	9000	0	11111014	-1	-1	115	0	-1						-1
7090402	飞龙饲养员2	20726	63	9098	2878	445	500	500	9000	0	11111014	-1	-1	115	0	-1						-1
7090403	飞龙饲养员3	20726	64	9325	2979	459	500	500	9000	0	11111014	-1	-1	115	0	-1						-1
7090404	飞龙饲养员4	20726	64	9325	2979	459	500	500	9000	0	11111014	-1	-1	115	0	-1						-1
7090405	飞龙饲养员5	20726	65	9556	3079	471	500	500	9000	0	11111014	-1	-1	115	0	-1						-1
7090406	飞龙饲养员6	20726	65	9556	3079	471	500	500	9000	0	11111014	-1	-1	115	0	-1						-1
7090407	飞龙饲养员7	20726	66	9791	3189	483	500	500	9000	0	11111014	-1	-1	115	0	-1						-1
7090408	飞龙饲养员8	20726	66	9791	3189	483	500	500	9000	0	11111014	-1	-1	115	0	-1						-1
7090409	飞龙饲养员9	20726	67	10027	3302	494	500	500	9000	0	11111014	-1	-1	115	0	-1						-1
7090410	飞龙饲养员10	20726	67	10027	3302	494	500	500	9000	0	11111014	-1	-1	115	0	-1						-1
7090411	飞龙饲养员11	20726	68	10267	3418	509	500	500	9000	0	11111014	-1	-1	115	0	-1						-1
7090412	飞龙饲养员12	20726	68	10267	3418	509	500	500	9000	0	11111014	-1	-1	115	0	-1						-1
7090413	飞龙饲养员13	20726	69	10510	3544	522	500	500	9000	0	11111014	-1	-1	115	0	-1						-1
7090414	飞龙饲养员14	20726	69	10510	3544	522	500	500	9000	0	11111014	-1	-1	115	0	-1						-1
7090415	飞龙饲养员15	20726	70	10755	3672	534	500	500	9000	0	11111014	-1	-1	115	0	-1						-1
7090416	飞龙饲养员16	20726	70	10755	3672	534	500	500	9000	0	11111014	-1	-1	115	0	-1						-1
7090417	飞龙饲养员17	20726	71	11003	3811	546	500	500	9000	0	11111014	-1	-1	115	0	-1						-1
7090418	飞龙饲养员18	20726	71	11003	3811	546	500	500	9000	0	11111014	-1	-1	115	0	-1						-1
7090419	飞龙饲养员19	20726	72	11254	3953	559	500	500	9000	0	11111014	-1	-1	115	0	-1						-1
7090420	飞龙饲养员20	20726	72	11254	3953	559	500	500	9000	0	11111014	-1	-1	115	0	-1						-1
7090421	飞龙饲养员21	20726	73	11509	4105	575	500	500	9000	0	11111014	-1	-1	115	0	-1						-1
7090422	飞龙饲养员22	20726	73	11509	4105	575	500	500	9000	0	11111014	-1	-1	115	0	-1						-1
7090423	飞龙饲养员23	20726	74	11766	4263	586	500	500	9000	0	11111014	-1	-1	115	0	-1						-1
7090424	飞龙饲养员24	20726	74	11766	4263	586	500	500	9000	0	11111014	-1	-1	115	0	-1						-1
7090425	飞龙饲养员25	20726	75	12025	4432	599	500	500	9000	0	11111014	-1	-1	115	0	-1						-1
7090426	飞龙饲养员26	20726	75	12025	4432	599	500	500	9000	0	11111014	-1	-1	115	0	-1						-1
7090427	飞龙饲养员27	20726	76	12288	4607	613	500	500	9000	0	11111014	-1	-1	115	0	-1						-1
7090428	飞龙饲养员28	20726	77	12553	4796	629	500	500	9000	0	11111014	-1	-1	115	0	-1						-1
7090429	飞龙饲养员29	20726	78	12823	4995	642	500	500	9000	0	11111014	-1	-1	115	0	-1						-1
7090430	飞龙饲养员30	20726	79	13094	5207	656	500	500	9000	0	11111014	-1	-1	115	0	-1						-1
7090501	号角僵尸1	20724	63	9098	1081	445	500	500	9000	0	11111013	-1	-1	115	0	-1						-1
7090502	号角僵尸2	20724	63	9098	1081	445	500	500	9000	0	11111013	-1	-1	115	0	-1						-1
7090503	号角僵尸3	20724	64	9325	1117	459	500	500	9000	0	11111013	-1	-1	115	0	-1						-1
7090504	号角僵尸4	20724	64	9325	1117	459	500	500	9000	0	11111013	-1	-1	115	0	-1						-1
7090505	号角僵尸5	20724	65	9556	1156	471	500	500	9000	0	11111013	-1	-1	115	0	-1						-1
7090506	号角僵尸6	20724	65	9556	1156	471	500	500	9000	0	11111013	-1	-1	115	0	-1						-1
7090507	号角僵尸7	20724	66	9791	1196	483	500	500	9000	0	11111013	-1	-1	115	0	-1						-1
7090508	号角僵尸8	20724	66	9791	1196	483	500	500	9000	0	11111013	-1	-1	115	0	-1						-1
7090509	号角僵尸9	20724	67	10027	1238	494	500	500	9000	0	11111013	-1	-1	115	0	-1						-1
7090510	号角僵尸10	20724	67	10027	1238	494	500	500	9000	0	11111013	-1	-1	115	0	-1						-1
7090511	号角僵尸11	20724	68	10267	1283	509	500	500	9000	0	11111013	-1	-1	115	0	-1						-1
7090512	号角僵尸12	20724	68	10267	1283	509	500	500	9000	0	11111013	-1	-1	115	0	-1						-1
7090513	号角僵尸13	20724	69	10510	1329	522	500	500	9000	0	11111013	-1	-1	115	0	-1						-1
7090514	号角僵尸14	20724	69	10510	1329	522	500	500	9000	0	11111013	-1	-1	115	0	-1						-1
7090515	号角僵尸15	20724	70	10755	1377	534	500	500	9000	0	11111013	-1	-1	115	0	-1						-1
7090516	号角僵尸16	20724	70	10755	1377	534	500	500	9000	0	11111013	-1	-1	115	0	-1						-1
7090517	号角僵尸17	20724	71	11003	1428	546	500	500	9000	0	11111013	-1	-1	115	0	-1						-1
7090518	号角僵尸18	20724	71	11003	1428	546	500	500	9000	0	11111013	-1	-1	115	0	-1						-1
7090519	号角僵尸19	20724	72	11254	1482	559	500	500	9000	0	11111013	-1	-1	115	0	-1						-1
7090520	号角僵尸20	20724	72	11254	1482	559	500	500	9000	0	11111013	-1	-1	115	0	-1						-1
7090521	号角僵尸21	20724	73	11509	1540	575	500	500	9000	0	11111013	-1	-1	115	0	-1						-1
7090522	号角僵尸22	20724	73	11509	1540	575	500	500	9000	0	11111013	-1	-1	115	0	-1						-1
7090523	号角僵尸23	20724	74	11766	1599	586	500	500	9000	0	11111013	-1	-1	115	0	-1						-1
7090524	号角僵尸24	20724	74	11766	1599	586	500	500	9000	0	11111013	-1	-1	115	0	-1						-1
7090525	号角僵尸25	20724	75	12025	1662	599	500	500	9000	0	11111013	-1	-1	115	0	-1						-1
7090526	号角僵尸26	20724	75	12025	1662	599	500	500	9000	0	11111013	-1	-1	115	0	-1						-1
7090527	号角僵尸27	20724	76	12288	1729	613	500	500	9000	0	11111013	-1	-1	115	0	-1						-1
7090528	号角僵尸28	20724	77	12553	1800	629	500	500	9000	0	11111013	-1	-1	115	0	-1						-1
7090529	号角僵尸29	20724	78	12823	1874	642	500	500	9000	0	11111013	-1	-1	115	0	-1						-1
7090530	号角僵尸30	20724	79	13094	1954	656	500	500	9000	0	11111013	-1	-1	115	0	-1						-1
7100101	未来普僵1	1090001	80	13369	2089	670	500	500	9000	0	11122001	-1	-1	115	0	-1						-1
7100102	未来普僵2	1090001	80	13369	2089	670	500	500	9000	0	11122001	-1	-1	115	0	-1						-1
7100103	未来普僵3	1090001	81	13646	2179	683	500	500	9000	0	11122001	-1	-1	115	0	-1						-1
7100104	未来普僵4	1090001	81	13646	2179	683	500	500	9000	0	11122001	-1	-1	115	0	-1						-1
7100105	未来普僵5	1090001	82	13927	2273	701	500	500	9000	0	11122001	-1	-1	115	0	-1						-1
7100106	未来普僵6	1090001	82	13927	2273	701	500	500	9000	0	11122001	-1	-1	115	0	-1						-1
7100107	未来普僵7	1090001	83	14209	2374	714	500	500	9000	0	11122001	-1	-1	115	0	-1						-1
7100108	未来普僵8	1090001	83	14209	2374	714	500	500	9000	0	11122001	-1	-1	115	0	-1						-1
7100109	未来普僵9	1090001	84	14495	2483	728	500	500	9000	0	11122001	-1	-1	115	0	-1						-1
7100110	未来普僵10	1090001	84	14495	2483	728	500	500	9000	0	11122001	-1	-1	115	0	-1						-1
7100111	未来普僵11	1090001	85	14784	2600	742	500	500	9000	0	11122001	-1	-1	115	0	-1						-1
7100112	未来普僵12	1090001	85	14784	2600	742	500	500	9000	0	11122001	-1	-1	115	0	-1						-1
7100113	未来普僵13	1090001	86	15075	2725	761	500	500	9000	0	11122001	-1	-1	115	0	-1						-1
7100114	未来普僵14	1090001	86	15075	2725	761	500	500	9000	0	11122001	-1	-1	115	0	-1						-1
7100115	未来普僵15	1090001	87	15353	2860	775	500	500	9000	0	11122001	-1	-1	115	0	-1						-1
7100116	未来普僵16	1090001	87	15353	2860	775	500	500	9000	0	11122001	-1	-1	115	0	-1						-1
7100117	未来普僵17	1090001	88	15651	3007	789	500	500	9000	0	11122001	-1	-1	115	0	-1						-1
7100118	未来普僵18	1090001	88	15651	3007	789	500	500	9000	0	11122001	-1	-1	115	0	-1						-1
7100119	未来普僵19	1090001	89	15952	3165	804	500	500	9000	0	11122001	-1	-1	115	0	-1						-1
7100120	未来普僵20	1090001	89	15952	3165	804	500	500	9000	0	11122001	-1	-1	115	0	-1						-1
7100121	未来普僵21	1090001	90	16255	3337	817	500	500	9000	0	11122001	-1	-1	115	0	-1						-1
7100122	未来普僵22	1090001	90	16255	3337	817	500	500	9000	0	11122001	-1	-1	115	0	-1						-1
7100123	未来普僵23	1090001	91	16563	3527	837	500	500	9000	0	11122001	-1	-1	115	0	-1						-1
7100124	未来普僵24	1090001	91	16563	3527	837	500	500	9000	0	11122001	-1	-1	115	0	-1						-1
7100125	未来普僵25	1090001	92	16872	3733	852	500	500	9000	0	11122001	-1	-1	115	0	-1						-1
7100126	未来普僵26	1090001	92	16872	3733	852	500	500	9000	0	11122001	-1	-1	115	0	-1						-1
7100127	未来普僵27	1090001	93	17183	3962	867	500	500	9000	0	11122001	-1	-1	115	0	-1						-1
7100128	未来普僵28	1090001	93	17183	3962	867	500	500	9000	0	11122001	-1	-1	115	0	-1						-1
7100129	未来普僵29	1090001	94	17499	4215	882	500	500	9000	0	11122001	-1	-1	115	0	-1						-1
7100130	未来普僵30	1090001	95	17817	4497	901	500	500	9000	0	11122001	-1	-1	115	0	-1						-1
7100201	未来旗子1	1090014	80	13369	2089	670	500	500	9000	0	11122006	-1	-1	115	0	-1						-1
7100202	未来旗子2	1090014	80	13369	2089	670	500	500	9000	0	11122006	-1	-1	115	0	-1						-1
7100203	未来旗子3	1090014	81	13646	2179	683	500	500	9000	0	11122006	-1	-1	115	0	-1						-1
7100204	未来旗子4	1090014	81	13646	2179	683	500	500	9000	0	11122006	-1	-1	115	0	-1						-1
7100205	未来旗子5	1090014	82	13927	2273	701	500	500	9000	0	11122006	-1	-1	115	0	-1						-1
7100206	未来旗子6	1090014	82	13927	2273	701	500	500	9000	0	11122006	-1	-1	115	0	-1						-1
7100207	未来旗子7	1090014	83	14209	2374	714	500	500	9000	0	11122006	-1	-1	115	0	-1						-1
7100208	未来旗子8	1090014	83	14209	2374	714	500	500	9000	0	11122006	-1	-1	115	0	-1						-1
7100209	未来旗子9	1090014	84	14495	2483	728	500	500	9000	0	11122006	-1	-1	115	0	-1						-1
7100210	未来旗子10	1090014	84	14495	2483	728	500	500	9000	0	11122006	-1	-1	115	0	-1						-1
7100211	未来旗子11	1090014	85	14784	2600	742	500	500	9000	0	11122006	-1	-1	115	0	-1						-1
7100212	未来旗子12	1090014	85	14784	2600	742	500	500	9000	0	11122006	-1	-1	115	0	-1						-1
7100213	未来旗子13	1090014	86	15075	2725	761	500	500	9000	0	11122006	-1	-1	115	0	-1						-1
7100214	未来旗子14	1090014	86	15075	2725	761	500	500	9000	0	11122006	-1	-1	115	0	-1						-1
7100215	未来旗子15	1090014	87	15353	2860	775	500	500	9000	0	11122006	-1	-1	115	0	-1						-1
7100216	未来旗子16	1090014	87	15353	2860	775	500	500	9000	0	11122006	-1	-1	115	0	-1						-1
7100217	未来旗子17	1090014	88	15651	3007	789	500	500	9000	0	11122006	-1	-1	115	0	-1						-1
7100218	未来旗子18	1090014	88	15651	3007	789	500	500	9000	0	11122006	-1	-1	115	0	-1						-1
7100219	未来旗子19	1090014	89	15952	3165	804	500	500	9000	0	11122006	-1	-1	115	0	-1						-1
7100220	未来旗子20	1090014	89	15952	3165	804	500	500	9000	0	11122006	-1	-1	115	0	-1						-1
7100221	未来旗子21	1090014	90	16255	3337	817	500	500	9000	0	11122006	-1	-1	115	0	-1						-1
7100222	未来旗子22	1090014	90	16255	3337	817	500	500	9000	0	11122006	-1	-1	115	0	-1						-1
7100223	未来旗子23	1090014	91	16563	3527	837	500	500	9000	0	11122006	-1	-1	115	0	-1						-1
7100224	未来旗子24	1090014	91	16563	3527	837	500	500	9000	0	11122006	-1	-1	115	0	-1						-1
7100225	未来旗子25	1090014	92	16872	3733	852	500	500	9000	0	11122006	-1	-1	115	0	-1						-1
7100226	未来旗子26	1090014	92	16872	3733	852	500	500	9000	0	11122006	-1	-1	115	0	-1						-1
7100227	未来旗子27	1090014	93	17183	3962	867	500	500	9000	0	11122006	-1	-1	115	0	-1						-1
7100228	未来旗子28	1090014	93	17183	3962	867	500	500	9000	0	11122006	-1	-1	115	0	-1						-1
7100229	未来旗子29	1090014	94	17499	4215	882	500	500	9000	0	11122006	-1	-1	115	0	-1						-1
7100230	未来旗子30	1090014	95	17817	4497	901	500	500	9000	0	11122006	-1	-1	115	0	-1						-1
7100301	未来路障僵尸1	1090013	80	20053	3133	670	500	500	9000	0	11122004	-1	-1	115	0	-1						-1
7100302	未来路障僵尸2	1090013	80	20053	3133	670	500	500	9000	0	11122004	-1	-1	115	0	-1						-1
7100303	未来路障僵尸3	1090013	81	20469	3268	683	500	500	9000	0	11122004	-1	-1	115	0	-1						-1
7100304	未来路障僵尸4	1090013	81	20469	3268	683	500	500	9000	0	11122004	-1	-1	115	0	-1						-1
7100305	未来路障僵尸5	1090013	82	20890	3409	701	500	500	9000	0	11122004	-1	-1	115	0	-1						-1
7100306	未来路障僵尸6	1090013	82	20890	3409	701	500	500	9000	0	11122004	-1	-1	115	0	-1						-1
7100307	未来路障僵尸7	1090013	83	21313	3562	714	500	500	9000	0	11122004	-1	-1	115	0	-1						-1
7100308	未来路障僵尸8	1090013	83	21313	3562	714	500	500	9000	0	11122004	-1	-1	115	0	-1						-1
7100309	未来路障僵尸9	1090013	84	21743	3726	728	500	500	9000	0	11122004	-1	-1	115	0	-1						-1
7100310	未来路障僵尸10	1090013	84	21743	3726	728	500	500	9000	0	11122004	-1	-1	115	0	-1						-1
7100311	未来路障僵尸11	1090013	85	22178	3900	742	500	500	9000	0	11122004	-1	-1	115	0	-1						-1
7100312	未来路障僵尸12	1090013	85	22178	3900	742	500	500	9000	0	11122004	-1	-1	115	0	-1						-1
7100313	未来路障僵尸13	1090013	86	22614	4088	761	500	500	9000	0	11122004	-1	-1	115	0	-1						-1
7100314	未来路障僵尸14	1090013	86	22614	4088	761	500	500	9000	0	11122004	-1	-1	115	0	-1						-1
7100315	未来路障僵尸15	1090013	87	23032	4291	775	500	500	9000	0	11122004	-1	-1	115	0	-1						-1
7100316	未来路障僵尸16	1090013	87	23032	4291	775	500	500	9000	0	11122004	-1	-1	115	0	-1						-1
7100317	未来路障僵尸17	1090013	88	23477	4510	789	500	500	9000	0	11122004	-1	-1	115	0	-1						-1
7100318	未来路障僵尸18	1090013	88	23477	4510	789	500	500	9000	0	11122004	-1	-1	115	0	-1						-1
7100319	未来路障僵尸19	1090013	89	23928	4748	804	500	500	9000	0	11122004	-1	-1	115	0	-1						-1
7100320	未来路障僵尸20	1090013	89	23928	4748	804	500	500	9000	0	11122004	-1	-1	115	0	-1						-1
7100321	未来路障僵尸21	1090013	90	24383	5007	817	500	500	9000	0	11122004	-1	-1	115	0	-1						-1
7100322	未来路障僵尸22	1090013	90	24383	5007	817	500	500	9000	0	11122004	-1	-1	115	0	-1						-1
7100323	未来路障僵尸23	1090013	91	24844	5290	837	500	500	9000	0	11122004	-1	-1	115	0	-1						-1
7100324	未来路障僵尸24	1090013	91	24844	5290	837	500	500	9000	0	11122004	-1	-1	115	0	-1						-1
7100325	未来路障僵尸25	1090013	92	25309	5600	852	500	500	9000	0	11122004	-1	-1	115	0	-1						-1
7100326	未来路障僵尸26	1090013	92	25309	5600	852	500	500	9000	0	11122004	-1	-1	115	0	-1						-1
7100327	未来路障僵尸27	1090013	93	25775	5944	867	500	500	9000	0	11122004	-1	-1	115	0	-1						-1
7100328	未来路障僵尸28	1090013	93	25775	5944	867	500	500	9000	0	11122004	-1	-1	115	0	-1						-1
7100329	未来路障僵尸29	1090013	94	26250	6323	882	500	500	9000	0	11122004	-1	-1	115	0	-1						-1
7100330	未来路障僵尸30	1090013	95	26726	6746	901	500	500	9000	0	11122004	-1	-1	115	0	-1						-1
7100401	未来铁桶僵尸1	1090012	80	20053	3133	670	500	500	9000	0	11122002	-1	-1	115	0	-1			7100101			-1
7100402	未来铁桶僵尸2	1090012	80	20053	3133	670	500	500	9000	0	11122002	-1	-1	115	0	-1			7100102			-1
7100403	未来铁桶僵尸3	1090012	81	20469	3268	683	500	500	9000	0	11122002	-1	-1	115	0	-1			7100103			-1
7100404	未来铁桶僵尸4	1090012	81	20469	3268	683	500	500	9000	0	11122002	-1	-1	115	0	-1			7100104			-1
7100405	未来铁桶僵尸5	1090012	82	20890	3409	701	500	500	9000	0	11122002	-1	-1	115	0	-1			7100105			-1
7100406	未来铁桶僵尸6	1090012	82	20890	3409	701	500	500	9000	0	11122002	-1	-1	115	0	-1			7100106			-1
7100407	未来铁桶僵尸7	1090012	83	21313	3562	714	500	500	9000	0	11122002	-1	-1	115	0	-1			7100107			-1
7100408	未来铁桶僵尸8	1090012	83	21313	3562	714	500	500	9000	0	11122002	-1	-1	115	0	-1			7100108			-1
7100409	未来铁桶僵尸9	1090012	84	21743	3726	728	500	500	9000	0	11122002	-1	-1	115	0	-1			7100109			-1
7100410	未来铁桶僵尸10	1090012	84	21743	3726	728	500	500	9000	0	11122002	-1	-1	115	0	-1			7100110			-1
7100411	未来铁桶僵尸11	1090012	85	22178	3900	742	500	500	9000	0	11122002	-1	-1	115	0	-1			7100111			-1
7100412	未来铁桶僵尸12	1090012	85	22178	3900	742	500	500	9000	0	11122002	-1	-1	115	0	-1			7100112			-1
7100413	未来铁桶僵尸13	1090012	86	22614	4088	761	500	500	9000	0	11122002	-1	-1	115	0	-1			7100113			-1
7100414	未来铁桶僵尸14	1090012	86	22614	4088	761	500	500	9000	0	11122002	-1	-1	115	0	-1			7100114			-1
7100415	未来铁桶僵尸15	1090012	87	23032	4291	775	500	500	9000	0	11122002	-1	-1	115	0	-1			7100115			-1
7100416	未来铁桶僵尸16	1090012	87	23032	4291	775	500	500	9000	0	11122002	-1	-1	115	0	-1			7100116			-1
7100417	未来铁桶僵尸17	1090012	88	23477	4510	789	500	500	9000	0	11122002	-1	-1	115	0	-1			7100117			-1
7100418	未来铁桶僵尸18	1090012	88	23477	4510	789	500	500	9000	0	11122002	-1	-1	115	0	-1			7100118			-1
7100419	未来铁桶僵尸19	1090012	89	23928	4748	804	500	500	9000	0	11122002	-1	-1	115	0	-1			7100119			-1
7100420	未来铁桶僵尸20	1090012	89	23928	4748	804	500	500	9000	0	11122002	-1	-1	115	0	-1			7100120			-1
7100421	未来铁桶僵尸21	1090012	90	24383	5007	817	500	500	9000	0	11122002	-1	-1	115	0	-1			7100121			-1
7100422	未来铁桶僵尸22	1090012	90	24383	5007	817	500	500	9000	0	11122002	-1	-1	115	0	-1			7100122			-1
7100423	未来铁桶僵尸23	1090012	91	24844	5290	837	500	500	9000	0	11122002	-1	-1	115	0	-1			7100123			-1
7100424	未来铁桶僵尸24	1090012	91	24844	5290	837	500	500	9000	0	11122002	-1	-1	115	0	-1			7100124			-1
7100425	未来铁桶僵尸25	1090012	92	25309	5600	852	500	500	9000	0	11122002	-1	-1	115	0	-1			7100125			-1
7100426	未来铁桶僵尸26	1090012	92	25309	5600	852	500	500	9000	0	11122002	-1	-1	115	0	-1			7100126			-1
7100427	未来铁桶僵尸27	1090012	93	25775	5944	867	500	500	9000	0	11122002	-1	-1	115	0	-1			7100127			-1
7100428	未来铁桶僵尸28	1090012	93	25775	5944	867	500	500	9000	0	11122002	-1	-1	115	0	-1			7100128			-1
7100429	未来铁桶僵尸29	1090012	94	26250	6323	882	500	500	9000	0	11122002	-1	-1	115	0	-1			7100129			-1
7100430	未来铁桶僵尸30	1090012	95	26726	6746	901	500	500	9000	0	11122002	-1	-1	115	0	-1			7100130			-1
7100501	喷射器舞者1	1090015	80	13369	2716	670	500	500	9000	0	11122008	-1	-1	115	0	-1						-1
7100502	喷射器舞者2	1090015	80	13369	2716	670	500	500	9000	0	11122008	-1	-1	115	0	-1						-1
7100503	喷射器舞者3	1090015	81	13646	2836	683	500	500	9000	0	11122008	-1	-1	115	0	-1						-1
7100504	喷射器舞者4	1090015	81	13646	2836	683	500	500	9000	0	11122008	-1	-1	115	0	-1						-1
7100505	喷射器舞者5	1090015	82	13927	2963	701	500	500	9000	0	11122008	-1	-1	115	0	-1						-1
7100506	喷射器舞者6	1090015	82	13927	2963	701	500	500	9000	0	11122008	-1	-1	115	0	-1						-1
7100507	喷射器舞者7	1090015	83	14209	3101	714	500	500	9000	0	11122008	-1	-1	115	0	-1						-1
7100508	喷射器舞者8	1090015	83	14209	3101	714	500	500	9000	0	11122008	-1	-1	115	0	-1						-1
7100509	喷射器舞者9	1090015	84	14495	3247	728	500	500	9000	0	11122008	-1	-1	115	0	-1						-1
7100510	喷射器舞者10	1090015	84	14495	3247	728	500	500	9000	0	11122008	-1	-1	115	0	-1						-1
7100511	喷射器舞者11	1090015	85	14784	3407	742	500	500	9000	0	11122008	-1	-1	115	0	-1						-1
7100512	喷射器舞者12	1090015	85	14784	3407	742	500	500	9000	0	11122008	-1	-1	115	0	-1						-1
7100513	喷射器舞者13	1090015	86	15075	3579	761	500	500	9000	0	11122008	-1	-1	115	0	-1						-1
7100514	喷射器舞者14	1090015	86	15075	3579	761	500	500	9000	0	11122008	-1	-1	115	0	-1						-1
7100515	喷射器舞者15	1090015	87	15353	3764	775	500	500	9000	0	11122008	-1	-1	115	0	-1						-1
7100516	喷射器舞者16	1090015	87	15353	3764	775	500	500	9000	0	11122008	-1	-1	115	0	-1						-1
7100517	喷射器舞者17	1090015	88	15651	3965	789	500	500	9000	0	11122008	-1	-1	115	0	-1						-1
7100518	喷射器舞者18	1090015	88	15651	3965	789	500	500	9000	0	11122008	-1	-1	115	0	-1						-1
7100519	喷射器舞者19	1090015	89	15952	4186	804	500	500	9000	0	11122008	-1	-1	115	0	-1						-1
7100520	喷射器舞者20	1090015	89	15952	4186	804	500	500	9000	0	11122008	-1	-1	115	0	-1						-1
7100521	喷射器舞者21	1090015	90	16255	4427	817	500	500	9000	0	11122008	-1	-1	115	0	-1						-1
7100522	喷射器舞者22	1090015	90	16255	4427	817	500	500	9000	0	11122008	-1	-1	115	0	-1						-1
7100523	喷射器舞者23	1090015	91	16563	4692	837	500	500	9000	0	11122008	-1	-1	115	0	-1						-1
7100524	喷射器舞者24	1090015	91	16563	4692	837	500	500	9000	0	11122008	-1	-1	115	0	-1						-1
7100525	喷射器舞者25	1090015	92	16872	4984	852	500	500	9000	0	11122008	-1	-1	115	0	-1						-1
7100526	喷射器舞者26	1090015	92	16872	4984	852	500	500	9000	0	11122008	-1	-1	115	0	-1						-1
7100527	喷射器舞者27	1090015	93	17183	5309	867	500	500	9000	0	11122008	-1	-1	115	0	-1						-1
7100528	喷射器舞者28	1090015	93	17183	5309	867	500	500	9000	0	11122008	-1	-1	115	0	-1						-1
7100529	喷射器舞者29	1090015	94	17499	5671	487	500	500	9000	0	11122008	-1	-1	115	0	-1						-1
7100530	喷射器舞者30	1090015	95	17817	6079	901	500	500	9000	0	11122008	-1	-1	115	0	-1						-1
7110101	黑暗僧侣1	1096101	96	18138	4813	916	500	500	9000	0	11123101	-1	-1	115	0	-1						-1
7110102	黑暗僧侣2	1096101	96	18138	4813	916	500	500	9000	0	11123101	-1	-1	115	0	-1						-1
7110103	黑暗僧侣3	1096101	97	18462	5170	932	500	500	9000	0	11123101	-1	-1	115	0	-1						-1
7110104	黑暗僧侣4	1096101	97	18462	5170	932	500	500	9000	0	11123101	-1	-1	115	0	-1						-1
7110105	黑暗僧侣5	1096101	98	18789	5577	947	500	500	9000	0	11123101	-1	-1	115	0	-1						-1
7110106	黑暗僧侣6	1096101	98	18789	5577	947	500	500	9000	0	11123101	-1	-1	115	0	-1						-1
7110107	黑暗僧侣7	1096101	99	19119	6043	963	500	500	9000	0	11123101	-1	-1	115	0	-1						-1
7110108	黑暗僧侣8	1096101	99	19119	6043	963	500	500	9000	0	11123101	-1	-1	115	0	-1						-1
7110109	黑暗僧侣9	1096101	100	19517	6584	983	500	500	9000	0	11123101	-1	-1	115	0	-1						-1
7110110	黑暗僧侣10	1096101	100	19517	6584	983	500	500	9000	0	11123101	-1	-1	115	0	-1						-1
7110111	黑暗僧侣11	1096101	101	20028	6641	999	500	500	9000	0	11123101	-1	-1	115	0	-1						-1
7110112	黑暗僧侣12	1096101	101	20028	6641	999	500	500	9000	0	11123101	-1	-1	115	0	-1						-1
7110113	黑暗僧侣13	1096101	102	20545	6699	1015	500	500	9000	0	11123101	-1	-1	115	0	-1						-1
7110114	黑暗僧侣14	1096101	102	20545	6699	1015	500	500	9000	0	11123101	-1	-1	115	0	-1						-1
7110115	黑暗僧侣15	1096101	103	21070	6757	1031	500	500	9000	0	11123101	-1	-1	115	0	-1						-1
7110116	黑暗僧侣16	1096101	103	21070	6757	1031	500	500	9000	0	11123101	-1	-1	115	0	-1						-1
7110117	黑暗僧侣17	1096101	104	21600	6815	1052	500	500	9000	0	11123101	-1	-1	115	0	-1						-1
7110118	黑暗僧侣18	1096101	104	21600	6815	1052	500	500	9000	0	11123101	-1	-1	115	0	-1						-1
7110119	黑暗僧侣19	1096101	105	22135	6873	1069	500	500	9000	0	11123101	-1	-1	115	0	-1						-1
7110120	黑暗僧侣20	1096101	105	22135	6873	1069	500	500	9000	0	11123101	-1	-1	115	0	-1						-1
7110121	黑暗僧侣21	1096101	106	22680	6929	1085	500	500	9000	0	11123101	-1	-1	115	0	-1						-1
7110122	黑暗僧侣22	1096101	106	22680	6929	1085	500	500	9000	0	11123101	-1	-1	115	0	-1						-1
7110123	黑暗僧侣23	1096101	107	23228	6987	1101	500	500	9000	0	11123101	-1	-1	115	0	-1						-1
7110124	黑暗僧侣24	1096101	107	23228	6987	1101	500	500	9000	0	11123101	-1	-1	115	0	-1						-1
7110125	黑暗僧侣25	1096101	108	23783	7045	1118	500	500	9000	0	11123101	-1	-1	115	0	-1						-1
7110126	黑暗僧侣26	1096101	108	23783	7045	1118	500	500	9000	0	11123101	-1	-1	115	0	-1						-1
7110127	黑暗僧侣27	1096101	109	24344	7103	1140	500	500	9000	0	11123101	-1	-1	115	0	-1						-1
7110128	黑暗僧侣28	1096101	109	24344	7103	1140	500	500	9000	0	11123101	-1	-1	115	0	-1						-1
7110129	黑暗僧侣29	1096101	110	24911	7160	1157	500	500	9000	0	11123101	-1	-1	115	0	-1						-1
7110130	黑暗僧侣30	1096101	110	24911	7160	1157	500	500	9000	0	11123101	-1	-1	115	0	-1						-1
7110201	黑暗小龙1	1096201	96	18138	4813	916	500	500	9000	0	11123201	-1	-1	115	0	-1						-1
7110202	黑暗小龙2	1096201	96	18138	4813	916	500	500	9000	0	11123201	-1	-1	115	0	-1						-1
7110203	黑暗小龙3	1096201	97	18462	5170	932	500	500	9000	0	11123201	-1	-1	115	0	-1						-1
7110204	黑暗小龙4	1096201	97	18462	5170	932	500	500	9000	0	11123201	-1	-1	115	0	-1						-1
7110205	黑暗小龙5	1096201	98	18789	5577	947	500	500	9000	0	11123201	-1	-1	115	0	-1						-1
7110206	黑暗小龙6	1096201	98	18789	5577	947	500	500	9000	0	11123201	-1	-1	115	0	-1						-1
7110207	黑暗小龙7	1096201	99	19119	6043	963	500	500	9000	0	11123201	-1	-1	115	0	-1						-1
7110208	黑暗小龙8	1096201	99	19119	6043	963	500	500	9000	0	11123201	-1	-1	115	0	-1						-1
7110209	黑暗小龙9	1096201	100	19517	6584	983	500	500	9000	0	11123201	-1	-1	115	0	-1						-1
7110210	黑暗小龙10	1096201	100	19517	6584	983	500	500	9000	0	11123201	-1	-1	115	0	-1						-1
7110211	黑暗小龙11	1096201	101	20028	6641	999	500	500	9000	0	11123201	-1	-1	115	0	-1						-1
7110212	黑暗小龙12	1096201	101	20028	6641	999	500	500	9000	0	11123201	-1	-1	115	0	-1						-1
7110213	黑暗小龙13	1096201	102	20545	6699	1015	500	500	9000	0	11123201	-1	-1	115	0	-1						-1
7110214	黑暗小龙14	1096201	102	20545	6699	1015	500	500	9000	0	11123201	-1	-1	115	0	-1						-1
7110215	黑暗小龙15	1096201	103	21070	6757	1031	500	500	9000	0	11123201	-1	-1	115	0	-1						-1
7110216	黑暗小龙16	1096201	103	21070	6757	1031	500	500	9000	0	11123201	-1	-1	115	0	-1						-1
7110217	黑暗小龙17	1096201	104	21600	6815	1052	500	500	9000	0	11123201	-1	-1	115	0	-1						-1
7110218	黑暗小龙18	1096201	104	21600	6815	1052	500	500	9000	0	11123201	-1	-1	115	0	-1						-1
7110219	黑暗小龙19	1096201	105	22135	6873	1069	500	500	9000	0	11123201	-1	-1	115	0	-1						-1
7110220	黑暗小龙20	1096201	105	22135	6873	1069	500	500	9000	0	11123201	-1	-1	115	0	-1						-1
7110221	黑暗小龙21	1096201	106	22680	6929	1085	500	500	9000	0	11123201	-1	-1	115	0	-1						-1
7110222	黑暗小龙22	1096201	106	22680	6929	1085	500	500	9000	0	11123201	-1	-1	115	0	-1						-1
7110223	黑暗小龙23	1096201	107	23228	6987	1101	500	500	9000	0	11123201	-1	-1	115	0	-1						-1
7110224	黑暗小龙24	1096201	107	23228	6987	1101	500	500	9000	0	11123201	-1	-1	115	0	-1						-1
7110225	黑暗小龙25	1096201	108	23783	7045	1118	500	500	9000	0	11123201	-1	-1	115	0	-1						-1
7110226	黑暗小龙26	1096201	108	23783	7045	1118	500	500	9000	0	11123201	-1	-1	115	0	-1						-1
7110227	黑暗小龙27	1096201	109	24344	7103	1140	500	500	9000	0	11123201	-1	-1	115	0	-1						-1
7110228	黑暗小龙28	1096201	109	24344	7103	1140	500	500	9000	0	11123201	-1	-1	115	0	-1						-1
7110229	黑暗小龙29	1096201	110	24911	7160	1157	500	500	9000	0	11123201	-1	-1	115	0	-1						-1
7110230	黑暗小龙30	1096201	110	24911	7160	1157	500	500	9000	0	11123201	-1	-1	115	0	-1						-1
7110301	黑暗盗贼1	1096301	96	18138	4813	916	500	500	9000	0	11123301	-1	-1	115	0	-1						-1
7110302	黑暗盗贼2	1096301	96	18138	4813	916	500	500	9000	0	11123301	-1	-1	115	0	-1						-1
7110303	黑暗盗贼3	1096301	97	18462	5170	932	500	500	9000	0	11123301	-1	-1	115	0	-1						-1
7110304	黑暗盗贼4	1096301	97	18462	5170	932	500	500	9000	0	11123301	-1	-1	115	0	-1						-1
7110305	黑暗盗贼5	1096301	98	18789	5577	947	500	500	9000	0	11123301	-1	-1	115	0	-1						-1
7110306	黑暗盗贼6	1096301	98	18789	5577	947	500	500	9000	0	11123301	-1	-1	115	0	-1						-1
7110307	黑暗盗贼7	1096301	99	19119	6043	963	500	500	9000	0	11123301	-1	-1	115	0	-1						-1
7110308	黑暗盗贼8	1096301	99	19119	6043	963	500	500	9000	0	11123301	-1	-1	115	0	-1						-1
7110309	黑暗盗贼9	1096301	100	19517	6584	983	500	500	9000	0	11123301	-1	-1	115	0	-1						-1
7110310	黑暗盗贼10	1096301	100	19517	6584	983	500	500	9000	0	11123301	-1	-1	115	0	-1						-1
7110311	黑暗盗贼11	1096301	101	20028	6641	999	500	500	9000	0	11123301	-1	-1	115	0	-1						-1
7110312	黑暗盗贼12	1096301	101	20028	6641	999	500	500	9000	0	11123301	-1	-1	115	0	-1						-1
7110313	黑暗盗贼13	1096301	102	20545	6699	1015	500	500	9000	0	11123301	-1	-1	115	0	-1						-1
7110314	黑暗盗贼14	1096301	102	20545	6699	1015	500	500	9000	0	11123301	-1	-1	115	0	-1						-1
7110315	黑暗盗贼15	1096301	103	21070	6757	1031	500	500	9000	0	11123301	-1	-1	115	0	-1						-1
7110316	黑暗盗贼16	1096301	103	21070	6757	1031	500	500	9000	0	11123301	-1	-1	115	0	-1						-1
7110317	黑暗盗贼17	1096301	104	21600	6815	1052	500	500	9000	0	11123301	-1	-1	115	0	-1						-1
7110318	黑暗盗贼18	1096301	104	21600	6815	1052	500	500	9000	0	11123301	-1	-1	115	0	-1						-1
7110319	黑暗盗贼19	1096301	105	22135	6873	1069	500	500	9000	0	11123301	-1	-1	115	0	-1						-1
7110320	黑暗盗贼20	1096301	105	22135	6873	1069	500	500	9000	0	11123301	-1	-1	115	0	-1						-1
7110321	黑暗盗贼21	1096301	106	22680	6929	1085	500	500	9000	0	11123301	-1	-1	115	0	-1						-1
7110322	黑暗盗贼22	1096301	106	22680	6929	1085	500	500	9000	0	11123301	-1	-1	115	0	-1						-1
7110323	黑暗盗贼23	1096301	107	23228	6987	1101	500	500	9000	0	11123301	-1	-1	115	0	-1						-1
7110324	黑暗盗贼24	1096301	107	23228	6987	1101	500	500	9000	0	11123301	-1	-1	115	0	-1						-1
7110325	黑暗盗贼25	1096301	108	23783	7045	1118	500	500	9000	0	11123301	-1	-1	115	0	-1						-1
7110326	黑暗盗贼26	1096301	108	23783	7045	1118	500	500	9000	0	11123301	-1	-1	115	0	-1						-1
7110327	黑暗盗贼27	1096301	109	24344	7103	1140	500	500	9000	0	11123301	-1	-1	115	0	-1						-1
7110328	黑暗盗贼28	1096301	109	24344	7103	1140	500	500	9000	0	11123301	-1	-1	115	0	-1						-1
7110329	黑暗盗贼29	1096301	110	24911	7160	1157	500	500	9000	0	11123301	-1	-1	115	0	-1						-1
7110330	黑暗盗贼30	1096301	110	24911	7160	1157	500	500	9000	0	11123301	-1	-1	115	0	-1						-1
7110401	黑暗法师1	1096001	96	18138	6738	916	500	500	9000	0	11123001	-1	-1	115	0	-1						-1
7110402	黑暗法师2	1096001	96	18138	6738	916	500	500	9000	0	11123001	-1	-1	115	0	-1						-1
7110403	黑暗法师3	1096001	97	18462	7239	932	500	500	9000	0	11123001	-1	-1	115	0	-1						-1
7110404	黑暗法师4	1096001	97	18462	7239	932	500	500	9000	0	11123001	-1	-1	115	0	-1						-1
7110405	黑暗法师5	1096001	98	18789	7808	947	500	500	9000	0	11123001	-1	-1	115	0	-1						-1
7110406	黑暗法师6	1096001	98	18789	7808	947	500	500	9000	0	11123001	-1	-1	115	0	-1						-1
7110407	黑暗法师7	1096001	99	19119	8460	963	500	500	9000	0	11123001	-1	-1	115	0	-1						-1
7110408	黑暗法师8	1096001	99	19119	8460	963	500	500	9000	0	11123001	-1	-1	115	0	-1						-1
7110409	黑暗法师9	1096001	100	19517	9217	983	500	500	9000	0	11123001	-1	-1	115	0	-1						-1
7110410	黑暗法师10	1096001	100	19517	9217	983	500	500	9000	0	11123001	-1	-1	115	0	-1						-1
7110411	黑暗法师11	1096001	101	20028	9298	999	500	500	9000	0	11123001	-1	-1	115	0	-1						-1
7110412	黑暗法师12	1096001	101	20028	9298	999	500	500	9000	0	11123001	-1	-1	115	0	-1						-1
7110413	黑暗法师13	1096001	102	20545	9379	1015	500	500	9000	0	11123001	-1	-1	115	0	-1						-1
7110414	黑暗法师14	1096001	102	20545	9379	1015	500	500	9000	0	11123001	-1	-1	115	0	-1						-1
7110415	黑暗法师15	1096001	103	21070	9460	1031	500	500	9000	0	11123001	-1	-1	115	0	-1						-1
7110416	黑暗法师16	1096001	103	21070	9460	1031	500	500	9000	0	11123001	-1	-1	115	0	-1						-1
7110417	黑暗法师17	1096001	104	21600	9541	1052	500	500	9000	0	11123001	-1	-1	115	0	-1						-1
7110418	黑暗法师18	1096001	104	21600	9541	1052	500	500	9000	0	11123001	-1	-1	115	0	-1						-1
7110419	黑暗法师19	1096001	105	22135	9621	1069	500	500	9000	0	11123001	-1	-1	115	0	-1						-1
7110420	黑暗法师20	1096001	105	22135	9621	1069	500	500	9000	0	11123001	-1	-1	115	0	-1						-1
7110421	黑暗法师21	1096001	106	22680	9701	1085	500	500	9000	0	11123001	-1	-1	115	0	-1						-1
7110422	黑暗法师22	1096001	106	22680	9701	1085	500	500	9000	0	11123001	-1	-1	115	0	-1						-1
7110423	黑暗法师23	1096001	107	23228	9782	1101	500	500	9000	0	11123001	-1	-1	115	0	-1						-1
7110424	黑暗法师24	1096001	107	23228	9782	1101	500	500	9000	0	11123001	-1	-1	115	0	-1						-1
7110425	黑暗法师25	1096001	108	23783	9863	1118	500	500	9000	0	11123001	-1	-1	115	0	-1						-1
7110426	黑暗法师26	1096001	108	23783	9863	1118	500	500	9000	0	11123001	-1	-1	115	0	-1						-1
7110427	黑暗法师27	1096001	109	24344	9944	1140	500	500	9000	0	11123001	-1	-1	115	0	-1						-1
7110428	黑暗法师28	1096001	109	24344	9944	1140	500	500	9000	0	11123001	-1	-1	115	0	-1						-1
7110429	黑暗法师29	1096001	110	24911	10025	1157	500	500	9000	0	11123001	-1	-1	115	0	-1						-1
7110430	黑暗法师30	1096001	110	24911	10025	1157	500	500	9000	0	11123001	-1	-1	115	0	-1						-1
7110490	国王的召唤小怪	1096001	108	76108	17612	1118	500	500	9000	0	11123001	-1	-1	115	0	-1						-1
7110501	黑暗小狼1	1096601	96	27208	7219	916	500	500	9000	0	11123601	11123611	-1	115	0	-1						-1
7110502	黑暗小狼2	1096601	96	27208	7219	916	500	500	9000	0	11123601	11123611	-1	115	0	-1						-1
7110503	黑暗小狼3	1096601	97	27694	7755	932	500	500	9000	0	11123601	11123611	-1	115	0	-1						-1
7110504	黑暗小狼4	1096601	97	27694	7755	932	500	500	9000	0	11123601	11123611	-1	115	0	-1						-1
7110505	黑暗小狼5	1096601	98	28184	8365	947	500	500	9000	0	11123601	11123611	-1	115	0	-1						-1
7110506	黑暗小狼6	1096601	98	28184	8365	947	500	500	9000	0	11123601	11123611	-1	115	0	-1						-1
7110507	黑暗小狼7	1096601	99	28679	9065	963	500	500	9000	0	11123601	11123611	-1	115	0	-1						-1
7110508	黑暗小狼8	1096601	99	28679	9065	963	500	500	9000	0	11123601	11123611	-1	115	0	-1						-1
7110509	黑暗小狼9	1096601	100	29276	9876	983	500	500	9000	0	11123601	11123611	-1	115	0	-1						-1
7110510	黑暗小狼10	1096601	100	29276	9876	983	500	500	9000	0	11123601	11123611	-1	115	0	-1						-1
7110511	黑暗小狼11	1096601	101	30043	9963	999	500	500	9000	0	11123601	11123611	-1	115	0	-1						-1
7110512	黑暗小狼12	1096601	101	30043	9963	999	500	500	9000	0	11123601	11123611	-1	115	0	-1						-1
7110513	黑暗小狼13	1096601	102	30819	10049	1015	500	500	9000	0	11123601	11123611	-1	115	0	-1						-1
7110514	黑暗小狼14	1096601	102	30819	10049	1015	500	500	9000	0	11123601	11123611	-1	115	0	-1						-1
7110515	黑暗小狼15	1096601	103	31606	10136	1031	500	500	9000	0	11123601	11123611	-1	115	0	-1						-1
7110516	黑暗小狼16	1096601	103	31606	10136	1031	500	500	9000	0	11123601	11123611	-1	115	0	-1						-1
7110517	黑暗小狼17	1096601	104	32401	10223	1052	500	500	9000	0	11123601	11123611	-1	115	0	-1						-1
7110518	黑暗小狼18	1096601	104	32401	10223	1052	500	500	9000	0	11123601	11123611	-1	115	0	-1						-1
7110519	黑暗小狼19	1096601	105	33204	10309	1069	500	500	9000	0	11123601	11123611	-1	115	0	-1						-1
7110520	黑暗小狼20	1096601	105	33204	10309	1069	500	500	9000	0	11123601	11123611	-1	115	0	-1						-1
7110521	黑暗小狼21	1096601	106	34020	10394	1085	500	500	9000	0	11123601	11123611	-1	115	0	-1						-1
7110522	黑暗小狼22	1096601	106	34020	10394	1085	500	500	9000	0	11123601	11123611	-1	115	0	-1						-1
7110523	黑暗小狼23	1096601	107	34842	10481	1101	500	500	9000	0	11123601	11123611	-1	115	0	-1						-1
7110524	黑暗小狼24	1096601	107	34842	10481	1101	500	500	9000	0	11123601	11123611	-1	115	0	-1						-1
7110525	黑暗小狼25	1096601	108	35675	10567	1118	500	500	9000	0	11123601	11123611	-1	115	0	-1						-1
7110526	黑暗小狼26	1096601	108	35675	10567	1118	500	500	9000	0	11123601	11123611	-1	115	0	-1						-1
7110527	黑暗小狼27	1096601	109	36516	10654	1140	500	500	9000	0	11123601	11123611	-1	115	0	-1						-1
7110528	黑暗小狼28	1096601	109	36516	10654	1140	500	500	9000	0	11123601	11123611	-1	115	0	-1						-1
7110529	黑暗小狼29	1096601	110	37369	10741	1157	500	500	9000	0	11123601	11123611	-1	115	0	-1						-1
7110530	黑暗小狼30	1096601	110	37369	10741	1157	500	500	9000	0	11123601	11123611	-1	115	0	-1						-1
7110601	黑暗小丑1	1096501	96	27208	7219	916	500	500	9000	0	11123501	11123511	-1	115	0	-1						-1
7110602	黑暗小丑2	1096501	96	27208	7219	916	500	500	9000	0	11123501	11123511	-1	115	0	-1						-1
7110603	黑暗小丑3	1096501	97	27694	7755	932	500	500	9000	0	11123501	11123511	-1	115	0	-1						-1
7110604	黑暗小丑4	1096501	97	27694	7755	932	500	500	9000	0	11123501	11123511	-1	115	0	-1						-1
7110605	黑暗小丑5	1096501	98	28184	8365	947	500	500	9000	0	11123501	11123511	-1	115	0	-1						-1
7110606	黑暗小丑6	1096501	98	28184	8365	947	500	500	9000	0	11123501	11123511	-1	115	0	-1						-1
7110607	黑暗小丑7	1096501	99	28679	9065	963	500	500	9000	0	11123501	11123511	-1	115	0	-1						-1
7110608	黑暗小丑8	1096501	99	28679	9065	963	500	500	9000	0	11123501	11123511	-1	115	0	-1						-1
7110609	黑暗小丑9	1096501	100	29276	9876	983	500	500	9000	0	11123501	11123511	-1	115	0	-1						-1
7110610	黑暗小丑10	1096501	100	29276	9876	983	500	500	9000	0	11123501	11123511	-1	115	0	-1						-1
7110611	黑暗小丑11	1096501	101	30043	9963	999	500	500	9000	0	11123501	11123511	-1	115	0	-1						-1
7110612	黑暗小丑12	1096501	101	30043	9963	999	500	500	9000	0	11123501	11123511	-1	115	0	-1						-1
7110613	黑暗小丑13	1096501	102	30819	10049	1015	500	500	9000	0	11123501	11123511	-1	115	0	-1						-1
7110614	黑暗小丑14	1096501	102	30819	10049	1015	500	500	9000	0	11123501	11123511	-1	115	0	-1						-1
7110615	黑暗小丑15	1096501	103	31606	10136	1031	500	500	9000	0	11123501	11123511	-1	115	0	-1						-1
7110616	黑暗小丑16	1096501	103	31606	10136	1031	500	500	9000	0	11123501	11123511	-1	115	0	-1						-1
7110617	黑暗小丑17	1096501	104	32401	10223	1052	500	500	9000	0	11123501	11123511	-1	115	0	-1						-1
7110618	黑暗小丑18	1096501	104	32401	10223	1052	500	500	9000	0	11123501	11123511	-1	115	0	-1						-1
7110619	黑暗小丑19	1096501	105	33204	10309	1069	500	500	9000	0	11123501	11123511	-1	115	0	-1						-1
7110620	黑暗小丑20	1096501	105	33204	10309	1069	500	500	9000	0	11123501	11123511	-1	115	0	-1						-1
7110621	黑暗小丑21	1096501	106	34020	10394	1085	500	500	9000	0	11123501	11123511	-1	115	0	-1						-1
7110622	黑暗小丑22	1096501	106	34020	10394	1085	500	500	9000	0	11123501	11123511	-1	115	0	-1						-1
7110623	黑暗小丑23	1096501	107	34842	10481	1101	500	500	9000	0	11123501	11123511	-1	115	0	-1						-1
7110624	黑暗小丑24	1096501	107	34842	10481	1101	500	500	9000	0	11123501	11123511	-1	115	0	-1						-1
7110625	黑暗小丑25	1096501	108	35675	10567	1118	500	500	9000	0	11123501	11123511	-1	115	0	-1						-1
7110626	黑暗小丑26	1096501	108	35675	10567	1118	500	500	9000	0	11123501	11123511	-1	115	0	-1						-1
7110627	黑暗小丑27	1096501	109	36516	10654	1140	500	500	9000	0	11123501	11123511	-1	115	0	-1						-1
7110628	黑暗小丑28	1096501	109	36516	10654	1140	500	500	9000	0	11123501	11123511	-1	115	0	-1						-1
7110629	黑暗小丑29	1096501	110	37369	10741	1157	500	500	9000	0	11123501	11123511	-1	115	0	-1						-1
7110630	黑暗小丑30	1096501	110	37369	10741	1157	500	500	9000	0	11123501	11123511	-1	115	0	-1						-1
7110701	黑暗铁盔1	1096701	96	27208	7219	916	500	500	9000	0	11123701	11123711	-1	115	0	-1						-1
7110702	黑暗铁盔2	1096701	96	27208	7219	916	500	500	9000	0	11123701	11123711	-1	115	0	-1						-1
7110703	黑暗铁盔3	1096701	97	27694	7755	932	500	500	9000	0	11123701	11123711	-1	115	0	-1						-1
7110704	黑暗铁盔4	1096701	97	27694	7755	932	500	500	9000	0	11123701	11123711	-1	115	0	-1						-1
7110705	黑暗铁盔5	1096701	98	28184	8365	947	500	500	9000	0	11123701	11123711	-1	115	0	-1						-1
7110706	黑暗铁盔6	1096701	98	28184	8365	947	500	500	9000	0	11123701	11123711	-1	115	0	-1						-1
7110707	黑暗铁盔7	1096701	99	28679	9065	963	500	500	9000	0	11123701	11123711	-1	115	0	-1						-1
7110708	黑暗铁盔8	1096701	99	28679	9065	963	500	500	9000	0	11123701	11123711	-1	115	0	-1						-1
7110709	黑暗铁盔9	1096701	100	29276	9876	983	500	500	9000	0	11123701	11123711	-1	115	0	-1						-1
7110710	黑暗铁盔10	1096701	100	29276	9876	983	500	500	9000	0	11123701	11123711	-1	115	0	-1						-1
7110711	黑暗铁盔11	1096701	101	30043	9963	999	500	500	9000	0	11123701	11123711	-1	115	0	-1						-1
7110712	黑暗铁盔12	1096701	101	30043	9963	999	500	500	9000	0	11123701	11123711	-1	115	0	-1						-1
7110713	黑暗铁盔13	1096701	102	30819	10049	1015	500	500	9000	0	11123701	11123711	-1	115	0	-1						-1
7110714	黑暗铁盔14	1096701	102	30819	10049	1015	500	500	9000	0	11123701	11123711	-1	115	0	-1						-1
7110715	黑暗铁盔15	1096701	103	31606	10136	1031	500	500	9000	0	11123701	11123711	-1	115	0	-1						-1
7110716	黑暗铁盔16	1096701	103	31606	10136	1031	500	500	9000	0	11123701	11123711	-1	115	0	-1						-1
7110717	黑暗铁盔17	1096701	104	32401	10223	1052	500	500	9000	0	11123701	11123711	-1	115	0	-1						-1
7110718	黑暗铁盔18	1096701	104	32401	10223	1052	500	500	9000	0	11123701	11123711	-1	115	0	-1						-1
7110719	黑暗铁盔19	1096701	105	33204	10309	1069	500	500	9000	0	11123701	11123711	-1	115	0	-1						-1
7110720	黑暗铁盔20	1096701	105	33204	10309	1069	500	500	9000	0	11123701	11123711	-1	115	0	-1						-1
7110721	黑暗铁盔21	1096701	106	34020	10394	1085	500	500	9000	0	11123701	11123711	-1	115	0	-1						-1
7110722	黑暗铁盔22	1096701	106	34020	10394	1085	500	500	9000	0	11123701	11123711	-1	115	0	-1						-1
7110723	黑暗铁盔23	1096701	107	34842	10481	1101	500	500	9000	0	11123701	11123711	-1	115	0	-1						-1
7110724	黑暗铁盔24	1096701	107	34842	10481	1101	500	500	9000	0	11123701	11123711	-1	115	0	-1						-1
7110725	黑暗铁盔25	1096701	108	35675	10567	1118	500	500	9000	0	11123701	11123711	-1	115	0	-1						-1
7110726	黑暗铁盔26	1096701	108	35675	10567	1118	500	500	9000	0	11123701	11123711	-1	115	0	-1						-1
7110727	黑暗铁盔27	1096701	109	36516	10654	1140	500	500	9000	0	11123701	11123711	-1	115	0	-1						-1
7110728	黑暗铁盔28	1096701	109	36516	10654	1140	500	500	9000	0	11123701	11123711	-1	115	0	-1						-1
7110729	黑暗铁盔29	1096701	110	37369	10741	1157	500	500	9000	0	11123701	11123711	-1	115	0	-1						-1
7110730	黑暗铁盔30	1096701	110	37369	10741	1157	500	500	9000	0	11123701	11123711	-1	115	0	-1						-1
7110801	黑暗旗帜1	1096401	96	27208	7219	916	500	500	9000	0	11123401	11123411	-1	115	0	-1						-1
7110802	黑暗旗帜2	1096401	96	27208	7219	916	500	500	9000	0	11123401	11123411	-1	115	0	-1						-1
7110803	黑暗旗帜3	1096401	97	27694	7755	932	500	500	9000	0	11123401	11123411	-1	115	0	-1						-1
7110804	黑暗旗帜4	1096401	97	27694	7755	932	500	500	9000	0	11123401	11123411	-1	115	0	-1						-1
7110805	黑暗旗帜5	1096401	98	28184	8365	947	500	500	9000	0	11123401	11123411	-1	115	0	-1						-1
7110806	黑暗旗帜6	1096401	98	28184	8365	947	500	500	9000	0	11123401	11123411	-1	115	0	-1						-1
7110807	黑暗旗帜7	1096401	99	28679	9065	963	500	500	9000	0	11123401	11123411	-1	115	0	-1						-1
7110808	黑暗旗帜8	1096401	99	28679	9065	963	500	500	9000	0	11123401	11123411	-1	115	0	-1						-1
7110809	黑暗旗帜9	1096401	100	29276	9876	983	500	500	9000	0	11123401	11123411	-1	115	0	-1						-1
7110810	黑暗旗帜10	1096401	100	29276	9876	983	500	500	9000	0	11123401	11123411	-1	115	0	-1						-1
7110811	黑暗旗帜11	1096401	101	30043	9963	999	500	500	9000	0	11123401	11123411	-1	115	0	-1						-1
7110812	黑暗旗帜12	1096401	101	30043	9963	999	500	500	9000	0	11123401	11123411	-1	115	0	-1						-1
7110813	黑暗旗帜13	1096401	102	30819	10049	1015	500	500	9000	0	11123401	11123411	-1	115	0	-1						-1
7110814	黑暗旗帜14	1096401	102	30819	10049	1015	500	500	9000	0	11123401	11123411	-1	115	0	-1						-1
7110815	黑暗旗帜15	1096401	103	31606	10136	1031	500	500	9000	0	11123401	11123411	-1	115	0	-1						-1
7110816	黑暗旗帜16	1096401	103	31606	10136	1031	500	500	9000	0	11123401	11123411	-1	115	0	-1						-1
7110817	黑暗旗帜17	1096401	104	32401	10223	1052	500	500	9000	0	11123401	11123411	-1	115	0	-1						-1
7110818	黑暗旗帜18	1096401	104	32401	10223	1052	500	500	9000	0	11123401	11123411	-1	115	0	-1						-1
7110819	黑暗旗帜19	1096401	105	33204	10309	1069	500	500	9000	0	11123401	11123411	-1	115	0	-1						-1
7110820	黑暗旗帜20	1096401	105	33204	10309	1069	500	500	9000	0	11123401	11123411	-1	115	0	-1						-1
7110821	黑暗旗帜21	1096401	106	34020	10394	1085	500	500	9000	0	11123401	11123411	-1	115	0	-1						-1
7110822	黑暗旗帜22	1096401	106	34020	10394	1085	500	500	9000	0	11123401	11123411	-1	115	0	-1						-1
7110823	黑暗旗帜23	1096401	107	34842	10481	1101	500	500	9000	0	11123401	11123411	-1	115	0	-1						-1
7110824	黑暗旗帜24	1096401	107	34842	10481	1101	500	500	9000	0	11123401	11123411	-1	115	0	-1						-1
7110825	黑暗旗帜25	1096401	108	35675	10567	1118	500	500	9000	0	11123401	11123411	-1	115	0	-1						-1
7110826	黑暗旗帜26	1096401	108	35675	10567	1118	500	500	9000	0	11123401	11123411	-1	115	0	-1						-1
7110827	黑暗旗帜27	1096401	109	36516	10654	1140	500	500	9000	0	11123401	11123411	-1	115	0	-1						-1
7110828	黑暗旗帜28	1096401	109	36516	10654	1140	500	500	9000	0	11123401	11123411	-1	115	0	-1						-1
7110829	黑暗旗帜29	1096401	110	37369	10741	1157	500	500	9000	0	11123401	11123411	-1	115	0	-1						-1
7110830	黑暗旗帜30	1096401	110	37369	10741	1157	500	500	9000	0	11123401	11123411	-1	115	0	-1						-1
																						
																						
7120101	摇滚普通僵尸1	22000	80	42781	6685	2144	500	500	9000	0	11140000	-1	-1	115	0	-1						-1
7120102	摇滚普通僵尸2	22000	80	45989	7186	2305	500	500	9000	0	11140000	-1	-1	115	0	-1						-1
7120103	摇滚普通僵尸3	22000	81	50217	8019	2513	500	500	9000	0	11140000	-1	-1	115	0	-1						-1
7120104	摇滚普通僵尸4	22000	81	53492	8542	2677	500	500	9000	0	11140000	-1	-1	115	0	-1						-1
7120105	摇滚普通僵尸5	22000	82	57936	9456	2916	500	500	9000	0	11140000	-1	-1	115	0	-1						-1
7120106	摇滚普通僵尸6	22000	82	61279	10001	3084	500	500	9000	0	11140000	-1	-1	115	0	-1						-1
7120107	摇滚普通僵尸7	22000	83	65930	11015	3313	500	500	9000	0	11140000	-1	-1	115	0	-1						-1
7120108	摇滚普通僵尸8	22000	83	69340	11585	3484	500	500	9000	0	11140000	-1	-1	115	0	-1						-1
7120109	摇滚普通僵尸9	22000	84	81172	13905	4077	500	500	9000	0	11140000	-1	-1	115	0	-1						-1
7120110	摇滚普通僵尸10	22000	84	91608	15693	4601	500	500	9000	0	11140000	-1	-1	115	0	-1						-1
7120111	摇滚普通僵尸11	22000	85	104079	18304	5224	500	500	9000	0	11140000	-1	-1	115	0	-1						-1
7120112	摇滚普通僵尸12	22000	85	114724	20176	5758	500	500	9000	0	11140000	-1	-1	115	0	-1						-1
7120113	摇滚普通僵尸13	22000	86	120600	21800	6088	500	500	9000	0	11140000	-1	-1	115	0	-1						-1
7120114	摇滚普通僵尸14	22000	86	120600	21800	6088	500	500	9000	0	11140000	-1	-1	115	0	-1						-1
7120115	摇滚普通僵尸15	22000	87	122824	22880	6200	500	500	9000	0	11140000	-1	-1	115	0	-1						-1
7120116	摇滚普通僵尸16	22000	87	122824	22880	6200	500	500	9000	0	11140000	-1	-1	115	0	-1						-1
7120117	摇滚普通僵尸17	22000	88	125208	24056	6312	500	500	9000	0	11140000	-1	-1	115	0	-1						-1
7120118	摇滚普通僵尸18	22000	88	125208	24056	6312	500	500	9000	0	11140000	-1	-1	115	0	-1						-1
7120119	摇滚普通僵尸19	22000	89	127616	25320	6432	500	500	9000	0	11140000	-1	-1	115	0	-1						-1
7120120	摇滚普通僵尸20	22000	89	127616	25320	6432	500	500	9000	0	11140000	-1	-1	115	0	-1						-1
7120121	摇滚普通僵尸21	22000	90	130040	26696	6536	500	500	9000	0	11140000	-1	-1	115	0	-1						-1
7120122	摇滚普通僵尸22	22000	90	130040	26696	6536	500	500	9000	0	11140000	-1	-1	115	0	-1						-1
7120123	摇滚普通僵尸23	22000	91	132504	28216	6696	500	500	9000	0	11140000	-1	-1	115	0	-1						-1
7120124	摇滚普通僵尸24	22000	91	132504	28216	6696	500	500	9000	0	11140000	-1	-1	115	0	-1						-1
7120125	摇滚普通僵尸25	22000	92	134976	29864	6816	500	500	9000	0	11140000	-1	-1	115	0	-1						-1
7120126	摇滚普通僵尸26	22000	92	134976	29864	6816	500	500	9000	0	11140000	-1	-1	115	0	-1						-1
7120127	摇滚普通僵尸27	22000	93	137464	31696	6936	500	500	9000	0	11140000	-1	-1	115	0	-1						-1
7120128	摇滚普通僵尸28	22000	93	137464	31696	6936	500	500	9000	0	11140000	-1	-1	115	0	-1						-1
7120129	摇滚普通僵尸29	22000	94	139992	33720	7056	500	500	9000	0	11140000	-1	-1	115	0	-1						-1
7120130	摇滚普通僵尸30	22000	95	142536	35976	7208	500	500	9000	0	11140000	-1	-1	115	0	-1						-1
7120201	摇滚旗子1	22015	80	42781	6685	2144	500	500	9000	0	11140003	-1	-1	115	0	-1						-1
7120202	摇滚旗子2	22015	80	45989	7186	2305	500	500	9000	0	11140003	-1	-1	115	0	-1						-1
7120203	摇滚旗子3	22015	81	50217	8019	2513	500	500	9000	0	11140003	-1	-1	115	0	-1						-1
7120204	摇滚旗子4	22015	81	53492	8542	2677	500	500	9000	0	11140003	-1	-1	115	0	-1						-1
7120205	摇滚旗子5	22015	82	57936	9456	2916	500	500	9000	0	11140003	-1	-1	115	0	-1						-1
7120206	摇滚旗子6	22015	82	61279	10001	3084	500	500	9000	0	11140003	-1	-1	115	0	-1						-1
7120207	摇滚旗子7	22015	83	65930	11015	3313	500	500	9000	0	11140003	-1	-1	115	0	-1						-1
7120208	摇滚旗子8	22015	83	69340	11585	3484	500	500	9000	0	11140003	-1	-1	115	0	-1						-1
7120209	摇滚旗子9	22015	84	81172	13905	4077	500	500	9000	0	11140003	-1	-1	115	0	-1						-1
7120210	摇滚旗子10	22015	84	91608	15693	4601	500	500	9000	0	11140003	-1	-1	115	0	-1						-1
7120211	摇滚旗子11	22015	85	104079	18304	5224	500	500	9000	0	11140003	-1	-1	115	0	-1						-1
7120212	摇滚旗子12	22015	85	114724	20176	5758	500	500	9000	0	11140003	-1	-1	115	0	-1						-1
7120213	摇滚旗子13	22015	86	120600	21800	6088	500	500	9000	0	11140003	-1	-1	115	0	-1						-1
7120214	摇滚旗子14	22015	86	120600	21800	6088	500	500	9000	0	11140003	-1	-1	115	0	-1						-1
7120215	摇滚旗子15	22015	87	122824	22880	6200	500	500	9000	0	11140003	-1	-1	115	0	-1						-1
7120216	摇滚旗子16	22015	87	122824	22880	6200	500	500	9000	0	11140003	-1	-1	115	0	-1						-1
7120217	摇滚旗子17	22015	88	125208	24056	6312	500	500	9000	0	11140003	-1	-1	115	0	-1						-1
7120218	摇滚旗子18	22015	88	125208	24056	6312	500	500	9000	0	11140003	-1	-1	115	0	-1						-1
7120219	摇滚旗子19	22015	89	127616	25320	6432	500	500	9000	0	11140003	-1	-1	115	0	-1						-1
7120220	摇滚旗子20	22015	89	127616	25320	6432	500	500	9000	0	11140003	-1	-1	115	0	-1						-1
7120221	摇滚旗子21	22015	90	130040	26696	6536	500	500	9000	0	11140003	-1	-1	115	0	-1						-1
7120222	摇滚旗子22	22015	90	130040	26696	6536	500	500	9000	0	11140003	-1	-1	115	0	-1						-1
7120223	摇滚旗子23	22015	91	132504	28216	6696	500	500	9000	0	11140003	-1	-1	115	0	-1						-1
7120224	摇滚旗子24	22015	91	132504	28216	6696	500	500	9000	0	11140003	-1	-1	115	0	-1						-1
7120225	摇滚旗子25	22015	92	134976	29864	6816	500	500	9000	0	11140003	-1	-1	115	0	-1						-1
7120226	摇滚旗子26	22015	92	134976	29864	6816	500	500	9000	0	11140003	-1	-1	115	0	-1						-1
7120227	摇滚旗子27	22015	93	137464	31696	6936	500	500	9000	0	11140003	-1	-1	115	0	-1						-1
7120228	摇滚旗子28	22015	93	137464	31696	6936	500	500	9000	0	11140003	-1	-1	115	0	-1						-1
7120229	摇滚旗子29	22015	94	139992	33720	7056	500	500	9000	0	11140003	-1	-1	115	0	-1						-1
7120230	摇滚旗子30	22015	95	142536	35976	7208	500	500	9000	0	11140003	-1	-1	115	0	-1						-1
7120301	摇滚路障僵尸1	22013	80	64170	10026	2144	500	500	9000	0	11140001	-1	-1	115	0	-1						-1
7120302	摇滚路障僵尸2	22013	80	68982	10778	2305	500	500	9000	0	11140001	-1	-1	115	0	-1						-1
7120303	摇滚路障僵尸3	22013	81	75326	12026	2513	500	500	9000	0	11140001	-1	-1	115	0	-1						-1
7120304	摇滚路障僵尸4	22013	81	80238	12811	2677	500	500	9000	0	11140001	-1	-1	115	0	-1						-1
7120305	摇滚路障僵尸5	22013	82	86902	14181	2916	500	500	9000	0	11140001	-1	-1	115	0	-1						-1
7120306	摇滚路障僵尸6	22013	82	91916	15000	3084	500	500	9000	0	11140001	-1	-1	115	0	-1						-1
7120307	摇滚路障僵尸7	22013	83	98892	16528	3313	500	500	9000	0	11140001	-1	-1	115	0	-1						-1
7120308	摇滚路障僵尸8	22013	83	104007	17383	3484	500	500	9000	0	11140001	-1	-1	115	0	-1						-1
7120309	摇滚路障僵尸9	22013	84	121761	20866	4077	500	500	9000	0	11140001	-1	-1	115	0	-1						-1
7120310	摇滚路障僵尸10	22013	84	137416	23548	4601	500	500	9000	0	11140001	-1	-1	115	0	-1						-1
7120311	摇滚路障僵尸11	22013	85	156133	27456	5224	500	500	9000	0	11140001	-1	-1	115	0	-1						-1
7120312	摇滚路障僵尸12	22013	85	172101	30264	5758	500	500	9000	0	11140001	-1	-1	115	0	-1						-1
7120313	摇滚路障僵尸13	22013	86	180912	32704	6088	500	500	9000	0	11140001	-1	-1	115	0	-1						-1
7120314	摇滚路障僵尸14	22013	86	180912	32704	6088	500	500	9000	0	11140001	-1	-1	115	0	-1						-1
7120315	摇滚路障僵尸15	22013	87	184256	34328	6200	500	500	9000	0	11140001	-1	-1	115	0	-1						-1
7120316	摇滚路障僵尸16	22013	87	184256	34328	6200	500	500	9000	0	11140001	-1	-1	115	0	-1						-1
7120317	摇滚路障僵尸17	22013	88	187816	36080	6312	500	500	9000	0	11140001	-1	-1	115	0	-1						-1
7120318	摇滚路障僵尸18	22013	88	187816	36080	6312	500	500	9000	0	11140001	-1	-1	115	0	-1						-1
7120319	摇滚路障僵尸19	22013	89	191424	37984	6432	500	500	9000	0	11140001	-1	-1	115	0	-1						-1
7120320	摇滚路障僵尸20	22013	89	191424	37984	6432	500	500	9000	0	11140001	-1	-1	115	0	-1						-1
7120321	摇滚路障僵尸21	22013	90	195064	40056	6536	500	500	9000	0	11140001	-1	-1	115	0	-1						-1
7120322	摇滚路障僵尸22	22013	90	195064	40056	6536	500	500	9000	0	11140001	-1	-1	115	0	-1						-1
7120323	摇滚路障僵尸23	22013	91	198752	42320	6696	500	500	9000	0	11140001	-1	-1	115	0	-1						-1
7120324	摇滚路障僵尸24	22013	91	198752	42320	6696	500	500	9000	0	11140001	-1	-1	115	0	-1						-1
7120325	摇滚路障僵尸25	22013	92	202472	44800	6816	500	500	9000	0	11140001	-1	-1	115	0	-1						-1
7120326	摇滚路障僵尸26	22013	92	202472	44800	6816	500	500	9000	0	11140001	-1	-1	115	0	-1						-1
7120327	摇滚路障僵尸27	22013	93	206200	47552	6936	500	500	9000	0	11140001	-1	-1	115	0	-1						-1
7120328	摇滚路障僵尸28	22013	93	206200	47552	6936	500	500	9000	0	11140001	-1	-1	115	0	-1						-1
7120329	摇滚路障僵尸29	22013	94	210000	50584	7056	500	500	9000	0	11140001	-1	-1	115	0	-1						-1
7120330	摇滚路障僵尸30	22013	95	213808	53968	7208	500	500	9000	0	11140001	-1	-1	115	0	-1						-1
7120401	摇滚铁桶僵尸1	22014	80	64170	10026	2144	500	500	9000	0	11140002	-1	-1	115	0	-1						-1
7120402	摇滚铁桶僵尸2	22014	80	68982	10778	2305	500	500	9000	0	11140002	-1	-1	115	0	-1						-1
7120403	摇滚铁桶僵尸3	22014	81	75326	12026	2513	500	500	9000	0	11140002	-1	-1	115	0	-1						-1
7120404	摇滚铁桶僵尸4	22014	81	80238	12811	2677	500	500	9000	0	11140002	-1	-1	115	0	-1						-1
7120405	摇滚铁桶僵尸5	22014	82	86902	14181	2916	500	500	9000	0	11140002	-1	-1	115	0	-1						-1
7120406	摇滚铁桶僵尸6	22014	82	91916	15000	3084	500	500	9000	0	11140002	-1	-1	115	0	-1						-1
7120407	摇滚铁桶僵尸7	22014	83	98892	16528	3313	500	500	9000	0	11140002	-1	-1	115	0	-1						-1
7120408	摇滚铁桶僵尸8	22014	83	104007	17383	3484	500	500	9000	0	11140002	-1	-1	115	0	-1						-1
7120409	摇滚铁桶僵尸9	22014	84	121761	20866	4077	500	500	9000	0	11140002	-1	-1	115	0	-1						-1
7120410	摇滚铁桶僵尸10	22014	84	137416	23548	4601	500	500	9000	0	11140002	-1	-1	115	0	-1						-1
7120411	摇滚铁桶僵尸11	22014	85	156133	27456	5224	500	500	9000	0	11140002	-1	-1	115	0	-1						-1
7120412	摇滚铁桶僵尸12	22014	85	172101	30264	5758	500	500	9000	0	11140002	-1	-1	115	0	-1						-1
7120413	摇滚铁桶僵尸13	22014	86	180912	32704	6088	500	500	9000	0	11140002	-1	-1	115	0	-1						-1
7120414	摇滚铁桶僵尸14	22014	86	180912	32704	6088	500	500	9000	0	11140002	-1	-1	115	0	-1						-1
7120415	摇滚铁桶僵尸15	22014	87	184256	34328	6200	500	500	9000	0	11140002	-1	-1	115	0	-1						-1
7120416	摇滚铁桶僵尸16	22014	87	184256	34328	6200	500	500	9000	0	11140002	-1	-1	115	0	-1						-1
7120417	摇滚铁桶僵尸17	22014	88	187816	36080	6312	500	500	9000	0	11140002	-1	-1	115	0	-1						-1
7120418	摇滚铁桶僵尸18	22014	88	187816	36080	6312	500	500	9000	0	11140002	-1	-1	115	0	-1						-1
7120419	摇滚铁桶僵尸19	22014	89	191424	37984	6432	500	500	9000	0	11140002	-1	-1	115	0	-1						-1
7120420	摇滚铁桶僵尸20	22014	89	191424	37984	6432	500	500	9000	0	11140002	-1	-1	115	0	-1						-1
7120421	摇滚铁桶僵尸21	22014	90	195064	40056	6536	500	500	9000	0	11140002	-1	-1	115	0	-1						-1
7120422	摇滚铁桶僵尸22	22014	90	195064	40056	6536	500	500	9000	0	11140002	-1	-1	115	0	-1						-1
7120423	摇滚铁桶僵尸23	22014	91	198752	42320	6696	500	500	9000	0	11140002	-1	-1	115	0	-1						-1
7120424	摇滚铁桶僵尸24	22014	91	198752	42320	6696	500	500	9000	0	11140002	-1	-1	115	0	-1						-1
7120425	摇滚铁桶僵尸25	22014	92	202472	44800	6816	500	500	9000	0	11140002	-1	-1	115	0	-1						-1
7120426	摇滚铁桶僵尸26	22014	92	202472	44800	6816	500	500	9000	0	11140002	-1	-1	115	0	-1						-1
7120427	摇滚铁桶僵尸27	22014	93	206200	47552	6936	500	500	9000	0	11140002	-1	-1	115	0	-1						-1
7120428	摇滚铁桶僵尸28	22014	93	206200	47552	6936	500	500	9000	0	11140002	-1	-1	115	0	-1						-1
7120429	摇滚铁桶僵尸29	22014	94	210000	50584	7056	500	500	9000	0	11140002	-1	-1	115	0	-1						-1
7120430	摇滚铁桶僵尸30	22014	95	213808	53968	7208	500	500	9000	0	11140002	-1	-1	115	0	-1						-1
7120501	摇滚录音机1	22005	80	42781	8691	2144	500	500	9000	0	11140005	-1	-1	115	0	-1						-1
7120502	摇滚录音机2	22005	80	45989	9343	2305	500	500	9000	0	11140005	-1	-1	115	0	-1						-1
7120503	摇滚录音机3	22005	81	50217	10436	2513	500	500	9000	0	11140005	-1	-1	115	0	-1						-1
7120504	摇滚录音机4	22005	81	53492	11117	2677	500	500	9000	0	11140005	-1	-1	115	0	-1						-1
7120505	摇滚录音机5	22005	82	57936	12326	2916	500	500	9000	0	11140005	-1	-1	115	0	-1						-1
7120506	摇滚录音机6	22005	82	61279	13037	3084	500	500	9000	0	11140005	-1	-1	115	0	-1						-1
7120507	摇滚录音机7	22005	83	65930	14389	3313	500	500	9000	0	11140005	-1	-1	115	0	-1						-1
7120508	摇滚录音机8	22005	83	69340	15133	3484	500	500	9000	0	11140005	-1	-1	115	0	-1						-1
7120509	摇滚录音机9	22005	84	81172	18183	4077	500	500	9000	0	11140005	-1	-1	115	0	-1						-1
7120510	摇滚录音机10	22005	84	91608	20521	4601	500	500	9000	0	11140005	-1	-1	115	0	-1						-1
7120511	摇滚录音机11	22005	85	104079	23985	5224	500	500	9000	0	11140005	-1	-1	115	0	-1						-1
7120512	摇滚录音机12	22005	85	114724	26438	5758	500	500	9000	0	11140005	-1	-1	115	0	-1						-1
7120513	摇滚录音机13	22005	86	120600	28632	6088	500	500	9000	0	11140005	-1	-1	115	0	-1						-1
7120514	摇滚录音机14	22005	86	120600	28632	6088	500	500	9000	0	11140005	-1	-1	115	0	-1						-1
7120515	摇滚录音机15	22005	87	122824	30112	6200	500	500	9000	0	11140005	-1	-1	115	0	-1						-1
7120516	摇滚录音机16	22005	87	122824	30112	6200	500	500	9000	0	11140005	-1	-1	115	0	-1						-1
7120517	摇滚录音机17	22005	88	125208	31720	6312	500	500	9000	0	11140005	-1	-1	115	0	-1						-1
7120518	摇滚录音机18	22005	88	125208	31720	6312	500	500	9000	0	11140005	-1	-1	115	0	-1						-1
7120519	摇滚录音机19	22005	89	127616	33488	6432	500	500	9000	0	11140005	-1	-1	115	0	-1						-1
7120520	摇滚录音机20	22005	89	127616	33488	6432	500	500	9000	0	11140005	-1	-1	115	0	-1						-1
7120521	摇滚录音机21	22005	90	130040	35416	6536	500	500	9000	0	11140005	-1	-1	115	0	-1						-1
7120522	摇滚录音机22	22005	90	130040	35416	6536	500	500	9000	0	11140005	-1	-1	115	0	-1						-1
7120523	摇滚录音机23	22005	91	132504	37536	6696	500	500	9000	0	11140005	-1	-1	115	0	-1						-1
7120524	摇滚录音机24	22005	91	132504	37536	6696	500	500	9000	0	11140005	-1	-1	115	0	-1						-1
7120525	摇滚录音机25	22005	92	134976	39872	6816	500	500	9000	0	11140005	-1	-1	115	0	-1						-1
7120526	摇滚录音机26	22005	92	134976	39872	6816	500	500	9000	0	11140005	-1	-1	115	0	-1						-1
7120527	摇滚录音机27	22005	93	137464	42472	6936	500	500	9000	0	11140005	-1	-1	115	0	-1						-1
7120528	摇滚录音机28	22005	93	137464	42472	6936	500	500	9000	0	11140005	-1	-1	115	0	-1						-1
7120529	摇滚录音机29	22005	94	139992	45368	3896	500	500	9000	0	11140005	-1	-1	115	0	-1						-1
7120530	摇滚录音机30	22005	95	142536	48632	7208	500	500	9000	0	11140005	-1	-1	115	0	-1						-1
7120601	摇滚小鬼1	22004	80	17112	2674	858	500	500	9000	0	11140004	-1	-1	115	0	-1						-1
7120602	摇滚小鬼2	22004	80	19775	3090	991	500	500	9000	0	11140004	-1	-1	115	0	-1						-1
7120603	摇滚小鬼3	22004	81	23100	3689	1156	500	500	9000	0	11140004	-1	-1	115	0	-1						-1
7120604	摇滚小鬼4	22004	81	26211	4186	1312	500	500	9000	0	11140004	-1	-1	115	0	-1						-1
7120605	摇滚小鬼5	22004	82	30127	4917	1516	500	500	9000	0	11140004	-1	-1	115	0	-1						-1
7120606	摇滚小鬼6	22004	82	33703	5501	1696	500	500	9000	0	11140004	-1	-1	115	0	-1						-1
7120607	摇滚小鬼7	22004	83	38239	6389	1922	500	500	9000	0	11140004	-1	-1	115	0	-1						-1
7120608	摇滚小鬼8	22004	83	42297	7067	2125	500	500	9000	0	11140004	-1	-1	115	0	-1						-1
7120609	摇滚小鬼9	22004	84	56820	9734	2854	500	500	9000	0	11140004	-1	-1	115	0	-1						-1
7120610	摇滚小鬼10	22004	84	72370	12397	3635	500	500	9000	0	11140004	-1	-1	115	0	-1						-1
7120611	摇滚小鬼11	22004	85	91590	16108	4597	500	500	9000	0	11140004	-1	-1	115	0	-1						-1
7120612	摇滚小鬼12	22004	85	111282	19571	5585	500	500	9000	0	11140004	-1	-1	115	0	-1						-1
7120613	摇滚小鬼13	22004	86	120600	21800	6088	500	500	9000	0	11140004	-1	-1	115	0	-1						-1
7120614	摇滚小鬼14	22004	86	120600	21800	6088	500	500	9000	0	11140004	-1	-1	115	0	-1						-1
7120615	摇滚小鬼15	22004	87	122824	22880	6200	500	500	9000	0	11140004	-1	-1	115	0	-1						-1
7120616	摇滚小鬼16	22004	87	122824	22880	6200	500	500	9000	0	11140004	-1	-1	115	0	-1						-1
7120617	摇滚小鬼17	22004	88	125208	24056	6312	500	500	9000	0	11140004	-1	-1	115	0	-1						-1
7120618	摇滚小鬼18	22004	88	125208	24056	6312	500	500	9000	0	11140004	-1	-1	115	0	-1						-1
7120619	摇滚小鬼19	22004	89	127616	25320	6432	500	500	9000	0	11140004	-1	-1	115	0	-1						-1
7120620	摇滚小鬼20	22004	89	127616	25320	6432	500	500	9000	0	11140004	-1	-1	115	0	-1						-1
7120621	摇滚小鬼21	22004	90	130040	26696	6536	500	500	9000	0	11140004	-1	-1	115	0	-1						-1
7120622	摇滚小鬼22	22004	90	130040	26696	6536	500	500	9000	0	11140004	-1	-1	115	0	-1						-1
7120623	摇滚小鬼23	22004	91	132504	28216	6696	500	500	9000	0	11140004	-1	-1	115	0	-1						-1
7120624	摇滚小鬼24	22004	91	132504	28216	6696	500	500	9000	0	11140004	-1	-1	115	0	-1						-1
7120625	摇滚小鬼25	22004	92	134976	29864	6816	500	500	9000	0	11140004	-1	-1	115	0	-1						-1
7120626	摇滚小鬼26	22004	92	134976	29864	6816	500	500	9000	0	11140004	-1	-1	115	0	-1						-1
7120627	摇滚小鬼27	22004	93	137464	31696	6936	500	500	9000	0	11140004	-1	-1	115	0	-1						-1
7120628	摇滚小鬼28	22004	93	137464	31696	6936	500	500	9000	0	11140004	-1	-1	115	0	-1						-1
7120629	摇滚小鬼29	22004	94	139992	33720	7056	500	500	9000	0	11140004	-1	-1	115	0	-1						-1
7120630	摇滚小鬼30	22004	95	142536	35976	7208	500	500	9000	0	11140004	-1	-1	115	0	-1						-1
7120730	摇滚路障僵尸30（僵尸博士召唤）	22001	100	213808	53968	7208	500	500	9000	0	11140022	-1	-1	115	0	-1						-1
7120830	摇滚铁桶僵尸30（召唤后变身）	22002	100	213808	53968	7208	500	500	9000	0	11140023	-1	-1	115	0	-1						-1
																						
19020000	摇滚僵尸	22000	100	8000	200	100	0	0	9000	0	11140000	-1	-1	115	0	-1						-1
19020001	摇滚路障僵尸	22001	100	1000	200	100	0	0	9000	0	11140001	-1	-1	115	0	-1						-1
19020002	摇滚铁桶僵尸	22002	100	1500	200	100	0	0	9000	0	11140002	-1	-1	115	0	-1						-1
19020003	摇滚旗子	22003	100	9000	200	100	0	0	9000	0	11140003	-1	-1	115	0	-1						-1
19020004	摇滚小鬼	22004	100	9000	200	100	0	0	9000	0	11140004	-1	-1	115	0	-1						-1
19020005	摇滚录音机	22005	100	9000	200	100	0	0	9000	0	11140005	-1	-1	115	0	-1						-1
19020006	霹雳舞	22006	100	9000	200	100	0	0	9000	0	11140006	-1	-1	115	0	-1						-1
																						
																						
19020013	摇滚小鬼(远程)	22004	100	9000	200	100	0	0	9000	0	11140020	-1	-1	115	0	-1				64213		-1
19020014	说唱普通	22007	100	9000	20	100	0	0	9000	0	11140007	-1	-1	115	0	-1						-1
19020015	朋克普通	22008	100	9000	20	100	0	0	9000	0	11140009	-1	-1	115	0	-1						-1
19020016	街机普通	22009	100	9000	20	100	0	0	9000	0	11140011	-1	-1	115	0	-1						-1
19020017	贝斯手普通	22010	100	50000	20	1000	0	0	9000	0	11140013	-1	-1	115	0	-1						-1
19020018	重金属普通	22011	100	9000	20	100	0	0	9000	0	11140015	-1	-1	115	0	-1						-1
19020019	摇滚僵尸(远程)	22000	100	8000	200	100	0	0	9000	0	11140021	-1	-1	115	0	-1						-1
19020020	摇滚路障僵尸（远程）	22001	100	1000	200	100	0	0	9000	0	11140022	-1	-1	115	0	-1						-1
19020021	摇滚铁桶僵尸（远程）	22002	100	1500	200	100	0	0	9000	0	11140023	-1	-1	115	0	-1						-1
19020022	摇滚旗子（远程）	22003	100	9000	200	100	0	0	9000	0	11140024	-1	-1	115	0	-1						-1
19020023	霹雳舞（远程）	22006	100	9000	200	100	0	0	9000	0	11140025	-1	-1	115	0	-1						-1
																						
																						
8010001	1撑杆BOSS无	20522	1	604	30	11	500	500	9000	0	20012	-1	-1	115	1	-1						-1
8010002	2路障BOSS无	20521	1	894	60	11	500	500	9000	0	20011	-1	-1	115	1	-1						-1
8010003	3撑杆BOSS无	20522	1	894	70	11	500	500	9000	0	20012	-1	-1	115	1	-1						-1
8010004	4橄榄球BOSS	20015	1	894	50	11	500	500	9000	0	20005	10020321	-1	115	1	-1						-1
8010005	6路障BOSS	20011	2	894	116	13	500	500	9000	0	20011	10020318	-1	115	1	-1						-1
8010006	7旗帜BOSS	20014	2	894	116	13	500	500	9000	0	20014	10020320	-1	115	1	-1						-1
8010007	8撑杆BOSS	20012	2	894	60	13	500	500	9000	0	20012	10020319	-1	115	1	-1						-1
8010008	9橄榄球BOSS	20015	2	894	60	13	500	500	9000	0	20005	10020321	-1	115	1	-1						-1
8010009	1路障原始人BOSS	20502	3	993	126	15	500	500	9000	0	20502	-1	-1	115	1	-1						-1
8010010	2面具原始人BOSS	20504	3	993	126	15	500	500	9000	0	20504	-1	-1	115	1	-1						-1
8010011	3弹弓原始人BOSS	20506	3	814	100	15	500	500	9000	0	20506	10020326	-1	115	1	-1						-1
8010012	4木棍原始人BOSS	20505	3	993	126	15	500	500	9000	0	20505	10020324	-1	115	1	-1						-1
8010013	6蜂窝原始人BOSS	20510	3	546	63	15	500	500	9000	0	11111001	-1	-1	115	1	-1						-1
8010014	7路障原始人BOSS	20502	3	993	126	15	500	500	9000	0	20502	-1	-1	115	1	-1						-1
8010015	8面具原始人BOSS	20504	4	1181	140	17	500	500	9000	0	20504	-1	-1	115	1	-1						-1
8010016	9弹弓原始人BOSS	20506	4	944	112	17	500	500	9000	0	20506	10020326	-1	115	1	-1						-1
8010017	11木棍原始人BOSS	20505	4	1181	140	17	500	500	9000	0	20505	10020324	-1	115	1	-1						-1
8010018	12蜂窝原始人BOSS	20510	4	590	70	17	500	500	9000	0	11111001	-1	-1	115	1	-1						-1
8010019	13路障原始人BOSS	20502	4	1181	140	17	500	500	9000	0	20502	-1	-1	115	1	-1						-1
8010020	14面具原始人BOSS	20504	4	1181	140	17	500	500	9000	0	20504	-1	-1	115	1	-1						-1
8010021	16弹弓原始人BOSS	20506	5	1113	121	20	500	500	9000	0	20506	10020326	-1	115	1	-1						-1
8010022	17木棍原始人BOSS	20505	5	1392	152	20	500	500	9000	0	20505	10020324	-1	115	1	-1						-1
8010023	18蜂窝原始人BOSS	20510	5	696	76	20	500	500	9000	0	11111001	-1	-1	115	1	-1						-1
8010024	19蜂窝原始人BOSS	20510	5	696	76	20	500	500	9000	0	11111001	-1	-1	115	1	-1						-1
8010025	1长城路障BOSS	20402	6	1677	210	22	500	500	9000	0	20402	-1	-1	115	1	-1						-1
8010026	2长城大刀BOSS	20405	6	1677	210	22	500	500	9000	0	20405	10020348	-1	115	1	-1						-1
8010027	3长城长矛BOSS	20406	6	1677	210	22	500	500	9000	0	20406	-1	-1	115	1	-1						-1
8010028	4长城投石车BOSS	20408	6	838	105	22	500	500	9000	0	11111002	10020349	-1	115	1	-1						-1
8010029	6灵符僵尸boss	20415	7	1923	228	24	500	500	9000	0	20415	-1	-1	115	1	-1						-1
8010030	7长城路障BOSS	20402	7	1923	228	24	500	500	9000	0	20402	-1	-1	115	1	-1						-1
8010031	8长城大刀BOSS	20405	7	1923	228	24	500	500	9000	0	20405	10020348	-1	115	1	-1						-1
8010032	9长城长矛BOSS	20406	7	1538	182	24	500	500	9000	0	20406	-1	-1	115	1	-1						-1
8010033	11长城投石车BOSS	20408	8	1094	125	26	500	500	9000	0	11111002	10020349	-1	115	1	-1						-1
8010034	12灵符僵尸boss	20415	8	2189	250	26	500	500	9000	0	20415	-1	-1	115	1	-1						-1
8010035	13长城路障BOSS	20402	8	2189	250	26	500	500	9000	0	20402	-1	-1	115	1	-1						-1
8010036	14长城大刀BOSS	20405	8	2189	250	26	500	500	9000	0	20405	10020348	-1	115	1	-1						-1
8010037	16长城长矛BOSS	20406	9	1915	218	28	500	500	9000	0	20406	-1	-1	115	1	-1						-1
8010038	17长城投石车BOSS	20408	9	1197	136	28	500	500	9000	0	11111002	10020349	-1	115	1	-1						-1
8010039	18灵符僵尸boss	20415	9	2394	273	28	500	500	9000	0	20415	-1	-1	115	1	-1						-1
8010040	19长城路障BOSS	20402	10	2624	295	31	500	500	9000	0	20402	-1	-1	115	1	-1						-1
8010041	21长城大刀BOSS	20405	10	2624	295	31	500	500	9000	0	20405	10020348	-1	115	1	-1						-1
8010042	22长城长矛BOSS	20406	12	2488	282	35	500	500	9000	0	20406	-1	-1	115	1	-1						-1
8010043	23长城投石车BOSS	20408	12	1555	176	35	500	500	9000	0	11111002	10020349	-1	115	1	-1						-1
8010044	24灵符僵尸boss	20415	13	3373	385	37	500	500	9000	0	20415	-1	-1	115	1	-1						-1
8010045	1路障木乃伊BOSS	20102	13	3373	385	37	500	500	9000	0	20102	-1	-1	115	1	-1						-1
8010046	2旗帜木乃伊BOSS	20103	13	3373	385	37	500	500	9000	0	20103	-1	-1	115	1	-1						-1
8010047	3太阳神BOSS	20108	14	1790	202	40	500	500	9000	0	20108	10020108	-1	115	1	-1						-1
8010048	4死神BOSS	20107	14	3581	405	40	500	500	9000	0	20107	-1	-1	115	1	-1						-1
8010049	6路障木乃伊BOSS	20102	15	3795	425	42	500	500	9000	0	20102	-1	-1	115	1	-1						-1
8010050	7旗帜木乃伊BOSS	20103	16	4019	445	44	500	500	9000	0	20103	-1	-1	115	1	-1						-1
8010051	8太阳神BOSS	20108	16	2009	222	44	500	500	9000	0	20108	10020108	-1	115	1	-1						-1
8010052	9死神BOSS	20107	17	4246	465	46	500	500	9000	0	20107	-1	-1	115	1	-1						-1
8010053	11路障木乃伊BOSS	20102	18	4480	488	48	500	500	9000	0	20102	-1	-1	115	1	-1						-1
8010054	12旗帜木乃伊BOSS	20103	18	4480	488	48	500	500	9000	0	20103	-1	-1	115	1	-1						-1
8010055	13太阳神BOSS	20108	19	2360	255	51	500	500	9000	0	20108	10020108	-1	115	1	-1						-1
8010056	14死神BOSS	20107	19	4720	510	51	500	500	9000	0	20107	-1	-1	115	1	-1						-1
8010057	16路障木乃伊BOSS	20102	20	4963	533	77	500	500	9000	0	20102	-1	-1	115	1	-1						-1
8010058	17旗帜木乃伊BOSS	20103	21	5216	555	84	500	500	9000	0	20103	-1	-1	115	1	-1						-1
8010059	18太阳神BOSS	20108	21	2608	277	84	500	500	9000	0	20108	10020108	-1	115	1	-1						-1
8010060	19死神BOSS	20107	22	5475	580	91	500	500	9000	0	20107	-1	-1	115	1	-1						-1
8010061	21路障木乃伊BOSS	20102	23	5738	605	101	500	500	9000	0	20102	-1	-1	115	1	-1						-1
8010062	22旗帜木乃伊BOSS	20103	23	5738	605	101	500	500	9000	0	20103	-1	-1	115	1	-1						-1
8010063	23太阳神BOSS	20108	24	3003	315	109	500	500	9000	0	20108	10020108	-1	115	1	-1						-1
8010064	24死神BOSS	20107	24	6006	630	109	500	500	9000	0	20107	-1	-1	115	1	-1						-1
8010065	26路障木乃伊BOSS	20102	25	6285	658	118	500	500	9000	0	20102	-1	-1	115	1	-1						-1
8010066	27旗帜木乃伊BOSS	20103	26	6566	683	126	500	500	9000	0	20103	-1	-1	115	1	-1						-1
8010067	28太阳神BOSS	20108	26	3283	341	126	500	500	9000	0	20108	10020108	-1	115	1	-1						-1
8010068	29死神BOSS	20107	27	6854	713	136	500	500	9000	0	20107	-1	-1	115	1	-1						-1
8010069	1路障海盗BOSS	20202	28	7363	762	152	500	500	9000	0	20202	-1	-1	115	1	-1						-1
8010070	2飞索海盗BOSS	20205	28	5891	610	152	500	500	9000	0	20205	10020356	-1	115	1	-1						-1
8010071	3海鸥海盗BOSS	20206	29	6139	634	162	500	500	9000	0	20206	-1	-1	115	1	-1						-1
8010072	4火炬武师BOSS	20610	29	7674	793	162	500	500	9000	0	20610	-1	-1	115	1	-1						-1
8010073	6路障海盗BOSS	20202	30	9794	824	173	500	500	9000	0	20202	-1	-1	115	1	-1						-1
8010074	7飞索海盗BOSS	20205	31	8166	686	183	500	500	9000	0	20205	10020356	-1	115	1	-1						-1
8010075	8海鸥海盗BOSS	20206	31	8166	686	183	500	500	9000	0	20206	-1	-1	115	1	-1						-1
8010076	9火炬武师BOSS	20610	32	5315	445	198	500	500	9000	0	20610	-1	-1	115	1	-1						-1
8010077	11路障海盗BOSS	20202	33	11064	927	209	500	500	9000	0	20202	-1	-1	115	1	-1						-1
8010078	12飞索海盗BOSS	20205	33	8851	742	209	500	500	9000	0	20205	10020356	-1	115	1	-1						-1
8010079	13海鸥海盗BOSS	20206	34	9203	770	220	500	500	9000	0	20206	-1	-1	115	1	-1						-1
8010080	14火炬武师BOSS	20610	34	5752	481	220	500	500	9000	0	20610	-1	-1	115	1	-1						-1
8010081	16路障海盗BOSS	20202	35	11953	999	233	500	500	9000	0	20202	-1	-1	115	1	-1						-1
8010082	17飞索海盗BOSS	20205	36	9927	830	245	500	500	9000	0	20205	10020356	-1	115	1	-1						-1
8010083	18海鸥海盗BOSS	20206	36	9927	830	245	500	500	9000	0	20206	-1	-1	115	1	-1						-1
8010084	19火炬武师BOSS	20610	37	6436	540	262	500	500	9000	0	20610	-1	-1	115	1	-1						-1
8010085	21路障海盗BOSS	20202	37	12877	1079	262	500	500	9000	0	20202	-1	-1	115	1	-1						-1
8010086	22飞索海盗BOSS	20205	37	10300	863	262	500	500	9000	0	20205	10020356	-1	115	1	-1						-1
8010087	23海鸥海盗BOSS	20206	38	10680	896	275	500	500	9000	0	20206	-1	-1	115	1	-1						-1
8010088	24火炬武师BOSS	20610	38	6675	560	275	500	500	9000	0	20610	-1	-1	115	1	-1						-1
8010089	26路障海盗BOSS	20202	38	13352	1121	275	500	500	9000	0	20202	-1	-1	115	1	-1						-1
8010090	27飞索海盗BOSS	20205	39	11065	931	288	500	500	9000	0	20205	10020356	-1	115	1	-1						-1
8010091	28海鸥海盗BOSS	20206	39	11065	931	288	500	500	9000	0	20206	-1	-1	115	1	-1						-1
8010092	29火炬武师BOSS	20610	39	6915	582	288	500	500	9000	0	20610	-1	-1	115	1	-1						-1
8010093	1路障牛仔BOSS	20302	40	14606	1234	308	500	500	9000	0	20302	-1	-1	115	1	-1						-1
8010094	2钢琴BOSS	20306	40	7302	616	308	500	500	9000	0	20306	-1	-1	115	1	-1						-1
8010095	3路障牛仔BOSS	20302	40	14606	1234	308	500	500	9000	0	20302	-1	-1	115	1	-1						-1
8010096	4钢琴BOSS	20306	41	7557	641	327	500	500	9000	0	20306	-1	-1	115	1	-1						-1
8010097	6路障牛仔BOSS	20302	41	15114	1281	327	500	500	9000	0	20302	-1	-1	115	1	-1						-1
8010098	7钢琴BOSS	20306	41	7557	641	327	500	500	9000	0	20306	-1	-1	115	1	-1						-1
8010099	8路障牛仔BOSS	20302	42	15637	1331	341	500	500	9000	0	20302	-1	-1	115	1	-1						-1
8010100	9钢琴BOSS	20306	42	7817	666	341	500	500	9000	0	20306	-1	-1	115	1	-1						-1
8010101	11路障牛仔BOSS	20302	42	15637	1331	341	500	500	9000	0	20302	-1	-1	115	1	-1						-1
8010102	12钢琴BOSS	20306	43	8081	692	357	500	500	9000	0	20306	-1	-1	115	1	-1						-1
8010103	13路障牛仔BOSS	20302	43	16164	1384	357	500	500	9000	0	20302	-1	-1	115	1	-1						-1
8010104	14钢琴BOSS	20306	43	8081	692	357	500	500	9000	0	20306	-1	-1	115	1	-1						-1
8010105	16路障牛仔BOSS	20302	44	16700	1436	373	500	500	9000	0	20302	-1	-1	115	1	-1						-1
8010106	17钢琴BOSS	20306	44	8349	718	373	500	500	9000	0	20306	-1	-1	115	1	-1						-1
8010107	18路障牛仔BOSS	20302	44	16700	1436	373	500	500	9000	0	20302	-1	-1	115	1	-1						-1
8010108	19钢琴BOSS	20306	45	8623	747	389	500	500	9000	0	20306	-1	-1	115	1	-1						-1
8010109	21路障牛仔BOSS	20302	45	17246	1494	389	500	500	9000	0	20302	-1	-1	115	1	-1						-1
8010110	22钢琴BOSS	20306	45	8623	747	389	500	500	9000	0	20306	-1	-1	115	1	-1						-1
8010111	23路障牛仔BOSS	20302	46	17802	1552	408	500	500	9000	0	20302	-1	-1	115	1	-1						-1
8010112	24钢琴BOSS	20306	46	8900	776	408	500	500	9000	0	20306	-1	-1	115	1	-1						-1
8010113	26路障牛仔BOSS	20302	46	17802	1552	408	500	500	9000	0	20302	-1	-1	115	1	-1						-1
8010114	27钢琴BOSS	20306	47	9182	807	425	500	500	9000	0	20306	-1	-1	115	1	-1						-1
8010115	28路障牛仔BOSS	20302	47	18367	1615	425	500	500	9000	0	20302	-1	-1	115	1	-1						-1
8010116	29钢琴BOSS	20306	47	9182	807	425	500	500	9000	0	20306	-1	-1	115	1	-1						-1
8010117	1路障武师BOSS	20602	48	18907	1678	443	500	500	9000	0	20602	-1	-1	115	1	-1						-1
8010118	2酒鬼BOSS	20609	48	18907	1678	443	500	500	9000	0	20609	-1	-1	115	1	-1						-1
8010119	3炸弹僵尸BOSS	20604	48	18907	1678	443	500	500	9000	0	20604	-1	-1	115	1	-1						-1
8010120	4气功师BOSS	20611	49	9743	873	460	500	500	9000	0	11111009	10020357	-1	115	1	-1						-1
8010121	6路障武师BOSS	20602	49	19486	1746	460	500	500	9000	0	20602	-1	-1	115	1	-1						-1
8010122	7酒鬼BOSS	20609	49	19486	1746	460	500	500	9000	0	20609	-1	-1	115	1	-1						-1
8010123	8炸弹僵尸BOSS	20604	50	20079	1817	482	500	500	9000	0	20604	-1	-1	115	1	-1						-1
8010124	9气功师BOSS	20611	50	10038	908	482	500	500	9000	0	11111009	10020357	-1	115	1	-1						-1
8010125	11路障武师BOSS	20602	50	20079	1817	482	500	500	9000	0	20602	-1	-1	115	1	-1						-1
8010126	12酒鬼BOSS	20609	51	20677	1874	501	500	500	9000	0	20609	-1	-1	115	1	-1						-1
8010127	13炸弹僵尸BOSS	20604	51	20677	1874	501	500	500	9000	0	20604	-1	-1	115	1	-1						-1
8010128	14气功师BOSS	20611	51	10338	937	501	500	500	9000	0	11111009	10020357	-1	115	1	-1						-1
8010129	16路障武师BOSS	20602	52	21286	1935	520	500	500	9000	0	20602	-1	-1	115	1	-1						-1
8010130	17酒鬼BOSS	20609	52	21286	1935	520	500	500	9000	0	20609	-1	-1	115	1	-1						-1
8010131	18炸弹僵尸BOSS	20604	52	21286	1935	520	500	500	9000	0	20604	-1	-1	115	1	-1						-1
8010132	19气功师BOSS	20611	53	10949	999	539	500	500	9000	0	11111009	10020357	-1	115	1	-1						-1
8010133	21路障武师BOSS	20602	53	21901	1998	539	500	500	9000	0	20602	-1	-1	115	1	-1						-1
8010134	22酒鬼BOSS	20609	53	21901	1998	539	500	500	9000	0	20609	-1	-1	115	1	-1						-1
8010135	23炸弹僵尸BOSS	20604	54	22530	2061	559	500	500	9000	0	20604	-1	-1	115	1	-1						-1
8010136	24气功师BOSS	20611	54	11264	1030	559	500	500	9000	0	11111009	10020357	-1	115	1	-1						-1
8010137	26路障武师BOSS	20602	54	22530	2061	559	500	500	9000	0	20602	-1	-1	115	1	-1						-1
8010138	27酒鬼BOSS	20609	55	23164	2129	583	500	500	9000	0	20609	-1	-1	115	1	-1						-1
8010139	28炸弹僵尸BOSS	20604	55	23164	2129	583	500	500	9000	0	20604	-1	-1	115	1	-1						-1
8010140	29气功师BOSS	20611	55	11582	1065	583	500	500	9000	0	11111009	10020357	-1	115	1	-1						-1
8010141	1红孩儿BOSS	20707	56	23810	2198	603	500	500	9000	0	20707	10020361	-1	115	1	-1						-1
8010142	2蜘蛛精BOSS	20711	56	19046	1758	603	500	500	9000	0	20711	10020362	-1	115	1	-1						-1
8010143	3黑熊精BOSS	20708	56	23810	2198	603	500	500	9000	0	20708	10020363	-1	115	1	-1						-1
8010144	4叉子小鬼BOSS	20705	57	12229	1134	623	500	500	9000	0	11111011	-1	-1	115	1	-1						-1
8010145	6红孩儿BOSS	20707	57	24460	2268	623	500	500	9000	0	20707	10020361	-1	115	1	-1						-1
8010146	7蜘蛛精BOSS	20711	57	19567	1814	623	500	500	9000	0	20711	10020362	-1	115	1	-1						-1
8010147	8黑熊精BOSS	20708	58	25124	2342	645	500	500	9000	0	20708	10020363	-1	115	1	-1						-1
8010148	9叉子小鬼BOSS	20705	58	12561	1171	645	500	500	9000	0	11111011	-1	-1	115	1	-1						-1
8010149	11红孩儿BOSS	20707	58	25124	2342	645	500	500	9000	0	20707	10020361	-1	115	1	-1						-1
8010150	12蜘蛛精BOSS	20711	59	20635	1934	671	500	500	9000	0	20711	10020362	-1	115	1	-1						-1
8010151	13黑熊精BOSS	20708	59	25793	2418	671	500	500	9000	0	20708	10020363	-1	115	1	-1						-1
8010152	14叉子小鬼BOSS	20705	59	12896	1209	671	500	500	9000	0	11111011	-1	-1	115	1	-1						-1
8010153	16红孩儿BOSS	20707	60	26474	2499	692	500	500	9000	0	20707	10020361	-1	115	1	-1						-1
8010154	17蜘蛛精BOSS	20711	60	21177	1999	692	500	500	9000	0	20711	10020362	-1	115	1	-1						-1
8010155	18黑熊精BOSS	20708	60	26474	2499	692	500	500	9000	0	20708	10020363	-1	115	1	-1						-1
8010156	19叉子小鬼BOSS	20705	61	13582	1290	714	500	500	9000	0	11111011	-1	-1	115	1	-1						-1
8010157	21红孩儿BOSS	20707	61	27166	2581	714	500	500	9000	0	20707	10020361	-1	115	1	-1						-1
8010158	22蜘蛛精BOSS	20711	61	21732	2064	714	500	500	9000	0	20711	10020362	-1	115	1	-1						-1
8010159	23黑熊精BOSS	20708	62	27864	2667	736	500	500	9000	0	20708	10020363	-1	115	1	-1						-1
8010160	24叉子小鬼BOSS	20705	62	13931	1334	736	500	500	9000	0	11111011	-1	-1	115	1	-1						-1
8010161	26红孩儿BOSS	20707	62	27864	2667	736	500	500	9000	0	20707	10020361	-1	115	1	-1						-1
8010162	27蜘蛛精BOSS	20711	63	22855	2205	759	500	500	9000	0	20711	10020362	-1	115	1	-1						-1
8010163	28黑熊精BOSS	20708	63	28571	2756	759	500	500	9000	0	20708	10020363	-1	115	1	-1						-1
8010164	29叉子小鬼BOSS	20705	63	14284	1378	759	500	500	9000	0	11111011	-1	-1	115	1	-1						-1
8010165	1维京路障僵BOSS	20720	64	29842	2905	803	500	500	9000	0	20720	10020381	-1	115	1	-1						-1
8010166	2飞龙饲养员BOSS	20726	64	23872	2324	803	500	500	9000	0	20726	10020377	-1	115	1	-1						-1
8010167	3号角僵尸BOSS	20724	64	14920	1452	803	500	500	9000	0	20724	10020376	-1	115	1	-1						-1
8010168	4飞龙饲养员BOSS	20726	65	24466	2403	827	500	500	9000	0	20726	10020377	-1	115	1	-1						-1
8010169	6维京路障僵BOSS	20720	65	30583	3005	827	500	500	9000	0	20720	10020381	-1	115	1	-1						-1
8010170	7飞龙饲养员BOSS	20726	66	25065	2487	851	500	500	9000	0	20726	10020377	-1	115	1	-1						-1
8010171	8号角僵尸BOSS	20724	67	16043	1607	875	500	500	9000	0	20724	10020376	-1	115	1	-1						-1
8010172	9飞龙饲养员BOSS	20726	68	26286	2662	906	500	500	9000	0	20726	10020377	-1	115	1	-1						-1
8010173	11维京路障僵BOSS	20720	69	33632	3445	932	500	500	9000	0	20720	10020381	-1	115	1	-1						-1
8010174	12飞龙饲养员BOSS	20726	70	27532	2855	958	500	500	9000	0	20726	10020377	-1	115	1	-1						-1
8010175	13号角僵尸BOSS	20724	71	17606	1850	984	500	500	9000	0	20724	10020376	-1	115	1	-1						-1
8010176	14飞龙饲养员BOSS	20726	72	28812	3067	1011	500	500	9000	0	20726	10020377	-1	115	1	-1						-1
8010177	16维京路障僵BOSS	20720	73	36828	3978	1043	500	500	9000	0	20720	10020381	-1	115	1	-1						-1
8010178	17飞龙饲养员BOSS	20726	74	30121	3302	1071	500	500	9000	0	20726	10020377	-1	115	1	-1						-1
8010179	18号角僵尸BOSS	20724	75	19240	2142	1099	500	500	9000	0	20724	10020376	-1	115	1	-1						-1
8010180	19飞龙饲养员BOSS	20726	76	31458	3561	1127	500	500	9000	0	20726	10020377	-1	115	1	-1						-1
8010181	21维京路障僵BOSS	20720	77	40172	4628	1162	500	500	9000	0	20720	10020381	-1	115	1	-1						-1
8010182	22飞龙饲养员BOSS	20726	78	32829	3852	1191	500	500	9000	0	20726	10020377	-1	115	1	-1						-1
8010183	23号角僵尸BOSS	20724	79	20951	2506	1220	500	500	9000	0	20724	10020376	-1	115	1	-1						-1
8010184	24飞龙饲养员BOSS	20726	80	34225	4177	1250	500	500	9000	0	20726	10020377	-1	115	1	-1						-1
8010185	26维京路障僵BOSS	20720	81	43669	5446	1280	500	500	9000	0	20720	10020381	-1	115	1	-1						-1
8010186	27飞龙饲养员BOSS	20726	82	35652	4545	1317	500	500	9000	0	20726	10020377	-1	115	1	-1						-1
8010187	28号角僵尸BOSS	20724	83	22734	2968	1348	500	500	9000	0	20724	10020376	-1	115	1	-1						-1
8010188	29飞龙饲养员BOSS	20726	83	36374	4749	1348	500	500	9000	0	20726	10020377	-1	115	1	-1						-1
8010189	1未来铁桶BOSS	1090003	84	46386	6209	1379	500	500	9000	0	11122004	11122005	-1	115	1	-1			8010213			-1
8010190	2未来旗帜BOSS	1090004	84	46386	6209	1379	500	500	9000	0	11122006	11122007	-1	115	1	-1						-1
8010191	3喷射器BOSS	1090005	85	37849	5200	1411	500	500	9000	0	11122008	-1	-1	115	1	-1						-1
8010192	4未来旗帜BOSS	1090004	85	47313	6500	1411	500	500	9000	0	11122006	11122007	-1	115	1	-1						-1
8010193	6未来铁桶BOSS	1090003	86	48245	6814	1450	500	500	9000	0	11122004	11122005	-1	115	1	-1			8010214			-1
8010194	7未来旗帜BOSS	1090004	86	48245	6814	1450	500	500	9000	0	11122006	11122007	-1	115	1	-1						-1
8010195	8喷射器BOSS	1090005	87	39305	5720	1482	500	500	9000	0	11122008	-1	-1	115	1	-1						-1
8010196	9未来旗帜BOSS	1090004	87	49133	7151	1482	500	500	9000	0	11122006	11122007	-1	115	1	-1						-1
8010197	11未来铁桶BOSS	1090003	88	50086	7517	1515	500	500	9000	0	11122004	11122005	-1	115	1	-1			8010215			-1
8010198	12未来旗帜BOSS	1090004	88	50086	7517	1515	500	500	9000	0	11122006	11122007	-1	115	1	-1						-1
8010199	13喷射器BOSS	1090005	89	40838	6330	1548	500	500	9000	0	11122008	-1	-1	115	1	-1						-1
8010200	14未来旗帜BOSS	1090004	89	51048	7913	1548	500	500	9000	0	11122006	11122007	-1	115	1	-1						-1
8010201	16未来铁桶BOSS	1090003	90	52020	8344	1583	500	500	9000	0	11122004	11122005	-1	115	1	-1			8010216			-1
8010202	17未来旗帜BOSS	1090004	90	52020	8344	1583	500	500	9000	0	11122006	11122007	-1	115	1	-1						-1
8010203	18喷射器BOSS	1090005	91	42401	7053	1623	500	500	9000	0	11122008	-1	-1	115	1	-1						-1
8010204	19未来旗帜BOSS	1090004	91	53001	8817	1623	500	500	9000	0	11122006	11122007	-1	115	1	-1						-1
8010205	21未来铁桶BOSS	1090003	92	53991	9334	1657	500	500	9000	0	11122004	11122005	-1	115	1	-1			8010217			-1
8010206	22未来旗帜BOSS	1090004	92	53991	9334	1657	500	500	9000	0	11122006	11122007	-1	115	1	-1						-1
8010207	23喷射器BOSS	1090005	93	43991	7924	1693	500	500	9000	0	11122008	-1	-1	115	1	-1						-1
8010208	24未来旗帜BOSS	1090004	93	54988	9906	1693	500	500	9000	0	11122006	11122007	-1	115	1	-1						-1
8010209	26未来铁桶BOSS	1090003	94	56001	10537	1728	500	500	9000	0	11122004	11122005	-1	115	1	-1			8010218			-1
8010210	27未来旗帜BOSS	1090004	94	56001	10537	1728	500	500	9000	0	11122006	11122007	-1	115	1	-1						-1
8010211	28喷射器BOSS	1090005	95	45612	8994	1771	500	500	9000	0	11122008	-1	-1	115	1	-1						-1
8010212	29未来旗帜BOSS	1090004	95	57016	11244	1771	500	500	9000	0	11122006	11122007	-1	115	1	-1						-1
9010001	5歌王大格BOSS	21000	1	6150	25	11	500	500	9000	0	22101	11130001	-1	115	1	1						-1
9010002	10司机大格BOSS	21010	2	7650	60	13	500	500	9000	0	22103	11130021	-1	115	1	1						-1
9010003	5骑鸟僵尸大格	21020	3	7638	90	15	500	500	9000	0	22104	11130031	-1	115	1	1						-1
9010004	10蜗牛僵尸大格	21030	4	9336	150	17	500	500	9000	0	22105	11130041	-1	115	1	1						-1
9010005	15力士僵尸大格	21040	5	11006	180	20	500	500	9000	0	22106	11130051	-1	115	1	1						-1
9010006	20猛犸僵尸大格	21050	6	13257	210	22	500	500	9000	0	22107	11130061	-1	115	1	1						-1
9010007	5长城大刀大格	21060	7	15205	380	24	500	500	9000	0	22108	11130071	-1	115	1	1						-1
9010008	10长城投石车大格	21070	8	17305	400	26	500	500	9000	0	22109	11130081	-1	115	1	1						-1
9010009	15长城圆锤大格	21080	10	20746	519	31	500	500	9000	0	22110	11130091	-1	115	1	1						-1
9010010	20长城战车大格	21090	12	24592	564	35	500	500	9000	0	22111	11130101	-1	115	1	1						-1
9010011	25皇帝僵尸大格	21100	14	28311	644	40	500	500	9000	0	22112	11130111	-1	115	1	1						-1
9010012	5死神大格	21110	16	31777	704	44	500	500	9000	0	22113	11130121	-1	115	1	1						-1
9010013	10太阳神大格	21120	18	35420	844	48	500	500	9000	0	22114	11130131	-1	115	1	1						-1
9010014	15埃及艳后大格	21140	16	31777	774	44	500	500	9000	0	22116	11130151	-1	115	1	1						-1
9010015	20死神大格	21110	22	43288	900	91	500	500	9000	0	22113	11130121	-1	115	1	1						-1
9010016	25太阳神大格	21120	25	49689	1108	118	500	500	9000	0	22114	11130131	-1	115	1	1						-1
9010017	30埃及艳后大格	21140	24	56520	1124	126	500	500	9000	0	22116	11130151	-1	115	1	1						-1
9010018	5飞索海盗大格	21170	32	84055	1331	198	500	500	9000	0	22117	11130181	-1	115	1	1						-1
9010019	10海鸥海盗大格	21180	39	109376	1677	288	500	500	9000	0	22119	11130191	-1	115	1	1						-1
9010020	15滚筒大格	21450	35	94507	1618	233	500	500	9000	0	22118	11130431	-1	115	1	1						-1
9010021	20飞索海盗大格	21170	42	121276	1846	335	500	500	9000	0	22117	11130181	-1	115	1	1						-1
9010022	25海鸥海盗大格	21180	44	129529	1965	366	500	500	9000	0	22119	11130191	-1	115	1	1						-1
9010023	30船长大格	21190	46	138072	2093	401	500	500	9000	0	22120	11130201	-1	115	1	1						-1
9010024	5鸡贼大格	21210	48	149491	2272	443	500	500	9000	0	22121	11130211	-1	115	1	1						-1
9010025	10淘金大格	21220	50	158760	2661	482	500	500	9000	0	22122	11130221	-1	115	1	1						-1
9010026	15钢琴大格	21230	52	168292	2583	520	500	500	9000	0	22123	11130231	-1	115	1	1						-1
9010027	20机器牛大格	21240	54	178123	2755	559	500	500	9000	0	22124	11130241	-1	115	1	1						-1
9010028	25僵尸警长大格	21250	56	188253	2940	603	500	500	9000	0	22125	11130251	-1	115	1	1						-1
9010029	30僵尸酋长大格	21260	58	198648	3142	645	500	500	9000	0	22126	11130261	-1	115	1	1						-1
9010030	5酒鬼武师大格	21270	60	209310	3717	692	500	500	9000	0	22127	11130161	-1	115	1	1						-1
9010031	10大锤武师大格	21280	62	220305	3717	736	500	500	9000	0	22128	11130271	-1	115	1	1						-1
9010032	15气功师大格	21290	64	231532	3982	788	500	500	9000	0	22129	11130281	-1	115	1	1						-1
9010033	20刀客大格	21300	66	243096	4124	835	500	500	9000	0	22130	11130291	-1	115	1	1						-1
9010034	25刺客大格	21310	68	254926	4943	889	500	500	9000	0	22131	11130301	-1	115	1	1						-1
9010035	30禅杖武僧大格	21320	70	267026	5334	940	500	500	9000	0	22132	11130305	-1	115	1	1						-1
9010036	5土地爷爷大格	21330	71	273188	4943	966	500	500	9000	0	22133	11130311	-1	115	1	1						-1
9010037	10黑熊精大格	21340	73	285740	8148	1024	500	500	9000	0	22134	11130321	-1	115	1	1						-1
9010038	15黄梅大王大格	21350	75	298559	9958	1078	500	500	9000	0	22135	11130331	-1	115	1	1						-1
9010039	20白骨精大格	21360	77	311684	6254	1140	500	500	9000	0	22136	11130338	-1	115	1	1						-1
9010040	25蜘蛛精大格	21370	79	325113	6804	1197	500	500	9000	0	22137	11130341	-1	115	1	1						-1
9010041	30牛魔王大格	21380	81	338809	7430	1256	500	500	9000	0	22138	11130351	-1	115	1	1						-1
9010042	5飞龙饲养大格	21400	83	359496	9151	1348	500	500	9000	0	22140	11130371	-1	115	1	1						-1
9010043	10号角僵尸大格	21410	85	374076	12014	1411	500	500	9000	0	22141	11130381	-1	115	1	1						-1
9010044	15飞龙饲养大格	21400	87	388471	10148	1482	500	500	9000	0	22140	11130371	-1	115	1	1						-1
9010045	20号角僵尸大格	21410	89	403602	16790	1548	500	500	9000	0	22141	11130381	-1	115	1	1						-1
9010046	25维京龙骑兵大格	21430	91	419044	12767	1623	500	500	9000	0	22143	11130391	-1	115	1	1			9010055			-1
9010047	30维京龙骑兵大格	21430	93	434762	14543	1693	500	500	9000	0	22143	11130391	-1	115	1	1			9010055			-1
9010048	5电磁盾僵尸大格	21510	95	450793	16790	1771	500	500	9000	0	22144	11122010	-1	115	1	1						22156
9010049	10舞者3000大格	21520	97	467102	19727	1843	500	500	9000	0	22145	11131031	-1	115	1	1						32156
9010050	15僵尸头领	21550	98	475373	21563	1880	500	500	9000	0	22148	11131041	-1	115	1	1						32156
9010051	20橄榄球大格	21540	100	493793	26335	1962	500	500	9000	0	22147	11131021	-1	115	1	1						35604
9010052	25僵尸统领大格	21550	100	493793	26335	1962	500	500	9000	0	22148	11131041	-1	115	1	1						36604
9010053	30僵尸博士大格	21530	100	493793	26335	1962	500	500	9000	0	22146	11131011	11122013	115	1	1						38604
9010054	机甲蝗虫(召唤)	1090010	70	10051	934	499	500	500	9000	0	11122016	-1	-1	115	0	-1						1500
9010055	维京龙骑兵吞金币	21431	91	391630	13184	1517	500	500	9000	0	22143	11130392	-1	115	1	1	6	3	9010047	63704		-1
9010056	极限1电磁盾	21511	16	27632	384	44	500	500	9000	0	22144	11132011	-1	115	1	1						4528
9010057	极限2舞者	21520	35	79786	1270	226	500	500	9000	0	22145	11131031	-1	115	1	1						16816
9010058	极限3橄榄球	21540	54	147513	2361	532	500	500	9000	0	22147	11131021	-1	115	1	1						22024
9010059	极限4僵尸统领	21550	70	221138	4082	895	500	500	9000	0	22148	11131041	-1	115	1	1						30688
9010060	极限5博士大格	21530	90	334240	8421	1479	500	500	9000	0	22146	11131011	11122013	115	1	1						42752
																						
9010061	极限1猛犸僵尸	21050	16	27632	384	44	500	500	9000	0	22138	11130351	-1	115	1	1						-1
9010062	极限2埃及艳后	21140	35	79786	1270	226	500	500	9000	0	22138	11130351	-1	115	1	1						-1
9010063	极限3僵尸酋长	21260	54	147513	2361	532	500	500	9000	0	22138	11130351	-1	115	1	1						-1
9010064	极限4禅杖武僧	21320	70	221138	4082	895	500	500	9000	0	22138	11130351	-1	115	1	1						-1
9010065	极限5牛魔王	21380	90	334240	8421	1479	500	500	9000	0	22138	11130351	-1	115	1	1						-1
																						
8010213	1未来铁桶BOSS变身	1090001	84	15605	1465	680	500	500	9000	0	11122001	-1	-1	115	0	-1						-1
8010214	6未来铁桶BOSS变身	1090001	86	16231	1618	711	500	500	9000	0	11122001	-1	-1	115	0	-1						-1
8010215	11未来铁桶BOSS变身	1090001	88	16850	1801	737	500	500	9000	0	11122001	-1	-1	115	0	-1						-1
8010216	16未来铁桶BOSS变身	1090001	90	17500	2020	764	500	500	9000	0	11122001	-1	-1	115	0	-1						-1
8010217	21未来铁桶BOSS变身	1090001	92	18164	2288	796	500	500	9000	0	11122001	-1	-1	115	0	-1						-1
8010218	26未来铁桶BOSS变身	1090001	94	18841	2623	824	500	500	9000	0	11122001	-1	-1	115	0	-1						-1
																						
8010219	1黑暗僧侣boss	1096101	99	61183	15108	1916	500	500	9000	0	11123101		-1	115	1	-1						-1
8010220	2黑暗小龙boss	1096201	99	61183	15108	1916	500	500	9000	0	11123201		-1	115	1	-1						-1
8010221	3黑暗盗贼boss	1096301	100	62455	16460	1962	500	500	9000	0	11123301		-1	115	1	-1						-1
8010222	4黑暗法师boss	1096001	100	62455	16460	1962	500	500	9000	0	11123001		-1	115	1	-1						-1
8010223	6黑暗小狼boss	1096601	101	64091	16604	2001	500	500	9000	0	11123601	11123611	-1	115	1	-1						-1
8010224	7黑暗小丑boss	1096501	101	64091	16604	2001	500	500	9000	0	11123501	11123511	-1	115	1	-1						-1
8010225	8黑暗铁盔boss	1096701	102	65747	16749	2038	500	500	9000	0	11123701	11123711	-1	115	1	-1						-1
8010226	9黑暗旗帜boss	1096401	102	65747	16749	2038	500	500	9000	0	11123401	11123411	-1	115	1	-1						-1
8010227	11黑暗僧侣boss	1096101	103	67426	16893	2077	500	500	9000	0	11123101		-1	115	1	-1						-1
8010228	12黑暗小龙boss	1096201	103	67426	16893	2077	500	500	9000	0	11123201		-1	115	1	-1						-1
8010229	13黑暗盗贼boss	1096301	104	69122	17038	2125	500	500	9000	0	11123301		-1	115	1	-1						-1
8010230	14黑暗法师boss	1096001	104	69122	17038	2125	500	500	9000	0	11123001		-1	115	1	-1						-1
8010231	16黑暗小狼boss	1096601	105	70837	17182	2164	500	500	9000	0	11123601	11123611	-1	115	1	-1						-1
8010232	17黑暗小丑boss	1096501	105	70837	17182	2164	500	500	9000	0	11123501	11123511	-1	115	1	-1						-1
8010233	18黑暗铁盔boss	1096701	106	72576	17323	2204	500	500	9000	0	11123701	11123711	-1	115	1	-1						-1
8010234	19黑暗旗帜boss	1096401	106	72576	17323	2204	500	500	9000	0	11123401	11123411	-1	115	1	-1						-1
8010235	21黑暗僧侣boss	1096101	107	74329	17468	2244	500	500	9000	0	11123101		-1	115	1	-1						-1
8010236	22黑暗小龙boss	1096201	107	74329	17468	2244	500	500	9000	0	11123201		-1	115	1	-1						-1
8010237	23黑暗盗贼boss	1096301	108	76108	17612	2284	500	500	9000	0	11123301		-1	115	1	-1						-1
8010238	24黑暗法师boss	1096001	108	76108	17612	2284	500	500	9000	0	11123001		-1	115	1	-1						-1
8010239	26黑暗小狼boss	1096601	109	77901	17757	2335	500	500	9000	0	11123601	11123611	-1	115	1	-1						-1
8010240	27黑暗小丑boss	1096501	109	77901	17757	2335	500	500	9000	0	11123501	11123511	-1	115	1	-1						-1
8010241	28黑暗铁盔boss	1096701	110	79718	17901	2375	500	500	9000	0	11123701	11123711	-1	115	1	-1						-1
8010242	29黑暗旗帜boss	1096401	110	79718	17901	2375	500	500	9000	0	11123401	11123411	-1	115	1	-1						-1
																						
9010066	5黑暗狼人大格	21610	101	506728	26566	2001	500	500	9000	0	22149	11133011	-1	115	1	1						-1
9010067	10黑暗骑士大格	21620	102	519820	26797	2038	500	500	9000	0	22150	11133021	-1	115	1	1						-1
9010068	15黑暗巫师大格	21630	104	546501	27259	2125	500	500	9000	0	22151	11133031	-1	115	1	1						-1
9010069	20黑暗国王大格	21640	106	573807	27717	2204	500	500	9000	0	22152	11133041	-1	115	1	1						-1
9010070	25暗黑伽刚特尔大格	21650	108	601734	28180	2284	500	500	9000	0	22153	11133051	-1	115	1	1						-1
9010071	30暗黑巨龙大格	21660	110	630284	28642	2375	500	500	9000	0	22154	11133061	-1	115	1	1						40000
																						
8012189	1摇滚铁桶BOSS	22002	84	74218	9934	2206	500	500	9000	0	11140001	11140026	-1	115	1	-1			8010213			-1
8012190	2摇滚旗帜BOSS	22003	84	79784	10679	2372	500	500	9000	0	11140003	11140028	-1	115	1	-1						-1
8012191	3录音机BOSS	22005	85	69642	9568	2596	500	500	9000	0	11140005	-1	-1	115	1	-1						-1
8012192	4摇滚旗帜BOSS	22003	85	92733	12740	2766	500	500	9000	0	11140003	11140028	-1	115	1	-1						-1
8012193	6摇滚铁桶BOSS	22002	86	100350	14173	3016	500	500	9000	0	11140001	11140026	-1	115	1	-1			8010214			-1
8012194	7摇滚旗帜BOSS	22003	86	106139	14991	3190	500	500	9000	0	11122006	11122007	-1	115	1	-1						-1
8012195	8录音机BOSS	22005	87	91188	13270	3438	500	500	9000	0	11140005	-1	-1	115	1	-1						-1
8012196	9摇滚旗帜BOSS	22003	87	119885	17448	3616	500	500	9000	0	11140003	11140028	-1	115	1	-1						-1
8012197	11摇滚铁桶BOSS	22002	88	140241	21048	4242	500	500	9000	0	11140001	11140026	-1	115	1	-1			8010215			-1
8012198	12摇滚旗帜BOSS	22003	88	158272	23754	4787	500	500	9000	0	11140003	11140028	-1	115	1	-1						-1
8012199	13录音机BOSS	22005	89	143750	22282	5449	500	500	9000	0	11140005	-1	-1	115	1	-1						-1
8012200	14摇滚旗帜BOSS	22003	89	198066	30702	6006	500	500	9000	0	11140003	11140028	-1	115	1	-1						-1
8012201	16摇滚铁桶BOSS	22002	90	208080	33376	6332	500	500	9000	0	11140001	11140026	-1	115	1	-1			8010216			-1
8012202	17摇滚旗帜BOSS	22003	90	208080	33376	6332	500	500	9000	0	11122006	11122007	-1	115	1	-1						-1
8012203	18录音机BOSS	22005	91	169604	28212	6492	500	500	9000	0	11140005	-1	-1	115	1	-1						-1
8012204	19摇滚旗帜BOSS	22003	91	212004	35268	6492	500	500	9000	0	11140003	11140028	-1	115	1	-1						-1
8012205	21摇滚铁桶BOSS	22002	92	215964	37336	6628	500	500	9000	0	11140001	11140026	-1	115	1	-1			8010217			-1
8012206	22摇滚旗帜BOSS	22003	92	215964	37336	6628	500	500	9000	0	11122006	11122007	-1	115	1	-1						-1
8012207	23录音机BOSS	22005	93	175964	31696	6772	500	500	9000	0	11140005	-1	-1	115	1	-1						-1
8012208	24摇滚旗帜BOSS	22003	93	219952	39624	6772	500	500	9000	0	11140003	11140028	-1	115	1	-1						-1
8012209	26摇滚铁桶BOSS	22002	94	224004	42148	6912	500	500	9000	0	11140001	11140026	-1	115	1	-1			8010218			-1
8012210	27摇滚旗帜BOSS	22003	94	224004	42148	6912	500	500	9000	0	11140003	11140028	-1	115	1	-1						-1
8012211	28录音机BOSS	22005	95	182448	35976	7084	500	500	9000	0	11140005	-1	-1	115	1	-1						-1
8012212	29摇滚旗帜BOSS	22003	95	228064	44976	7084	500	500	9000	0	11140003	11140028	-1	115	1	-1						-1
																						
9012048	5说唱boss	22007	1	540952	13432	2125	500	500	9000	0	11140007	11140008	-1	115	1	1						-1
9012049	10朋克boss	22008	97	980914	27618	3870	500	500	9000	0	11140009	11140010	-1	115	1	1						-1
9012050	15街机boss	22009	98	1426119	43126	5640	500	500	9000	0	11140011	11140012	-1	115	1	1						-1
9012051	20贝斯手boss	22010	100	1481379	52670	5886	500	500	9000	0	11140013	11140014	-1	115	1	1						-1
9012052	25重金属boss	22011	100	1481379	52670	5886	500	500	9000	0	11140015	11140016	-1	115	1	1						-1
9012053	30摇滚僵尸博士boss	22012	100	1481379	52670	5886	500	500	9000	0	11140017	11140018	11140019	115	1	1						-1
																						
																						
																						
																						
																						
17010101	普通僵尸1	20001	1	123	54	11	500	500	9000	0	20001	-1	-1	115	0	-1						-1
17010102	普通僵尸2	20001	1	142	54	11	500	500	9000	0	20001	-1	-1	115	0	-1						-1
17010103	普通僵尸3	20001	1	161	54	11	500	500	9000	0	20001	-1	-1	115	0	-1						-1
17010104	普通僵尸4	20001	1	180	54	11	500	500	9000	0	20001	-1	-1	115	0	-1						-1
17010105	普通僵尸5	20001	1	199	54	11	500	500	9000	0	20001	-1	-1	115	0	-1						-1
17010106	普通僵尸6	20001	2	218	58	13	500	500	9000	0	20001	-1	-1	115	0	-1						-1
17010107	普通僵尸7	20001	2	237	58	13	500	500	9000	0	20001	-1	-1	115	0	-1						-1
17010108	普通僵尸8	20001	2	256	58	13	500	500	9000	0	20001	-1	-1	115	0	-1						-1
17010109	普通僵尸9	20001	2	275	58	13	500	500	9000	0	20001	-1	-1	115	0	-1						-1
17010110	普通僵尸10	20001	3	279	63	15	500	500	9000	0	20001	-1	-1	115	0	-1						-1
17010201	旗帜僵尸1	20002	1	123	54	11	500	500	9000	0	20002	-1	-1	115	0	-1						-1
17010202	旗帜僵尸2	20002	1	142	54	11	500	500	9000	0	20002	-1	-1	115	0	-1						-1
17010203	旗帜僵尸3	20002	1	161	54	11	500	500	9000	0	20002	-1	-1	115	0	-1						-1
17010204	旗帜僵尸4	20002	1	180	54	11	500	500	9000	0	20002	-1	-1	115	0	-1						-1
17010205	旗帜僵尸5	20002	1	199	54	11	500	500	9000	0	20002	-1	-1	115	0	-1						-1
17010206	旗帜僵尸6	20002	2	218	58	13	500	500	9000	0	20002	-1	-1	115	0	-1						-1
17010207	旗帜僵尸7	20002	2	237	58	13	500	500	9000	0	20002	-1	-1	115	0	-1						-1
17010208	旗帜僵尸8	20002	2	256	58	13	500	500	9000	0	20002	-1	-1	115	0	-1						-1
17010209	旗帜僵尸9	20002	2	275	58	13	500	500	9000	0	20002	-1	-1	115	0	-1						-1
17010210	旗帜僵尸10	20002	3	279	63	15	500	500	9000	0	20002	-1	-1	115	0	-1						-1
17010301	路障僵尸1	20003	1	185	81	11	500	500	9000	0	20003	-1	-1	115	0	-1						-1
17010302	路障僵尸2	20003	1	214	81	11	500	500	9000	0	20003	-1	-1	115	0	-1						-1
17010303	路障僵尸3	20003	1	243	81	11	500	500	9000	0	20003	-1	-1	115	0	-1						-1
17010304	路障僵尸4	20003	1	272	81	11	500	500	9000	0	20003	-1	-1	115	0	-1						-1
17010305	路障僵尸5	20003	1	301	81	11	500	500	9000	0	20003	-1	-1	115	0	-1						-1
17010306	路障僵尸6	20003	2	330	87	13	500	500	9000	0	20003	-1	-1	115	0	-1						-1
17010307	路障僵尸7	20003	2	359	87	13	500	500	9000	0	20003	-1	-1	115	0	-1						-1
17010308	路障僵尸8	20003	2	388	87	13	500	500	9000	0	20003	-1	-1	115	0	-1						-1
17010309	路障僵尸9	20003	2	417	87	13	500	500	9000	0	20003	-1	-1	115	0	-1						-1
17010310	路障僵尸10	20003	3	419	95	15	500	500	9000	0	20003	-1	-1	115	0	-1						-1
17010401	铁桶僵尸1	20004	1	185	81	11	500	500	9000	0	20004	-1	-1	115	0	-1			7010101			-1
17010402	铁桶僵尸2	20004	1	214	81	11	500	500	9000	0	20004	-1	-1	115	0	-1			7010102			-1
17010403	铁桶僵尸3	20004	1	243	81	11	500	500	9000	0	20004	-1	-1	115	0	-1			7010103			-1
17010404	铁桶僵尸4	20004	1	272	81	11	500	500	9000	0	20004	-1	-1	115	0	-1			7010104			-1
17010405	铁桶僵尸5	20004	1	301	81	11	500	500	9000	0	20004	-1	-1	115	0	-1			7010105			-1
17010406	铁桶僵尸6	20004	2	330	87	13	500	500	9000	0	20004	-1	-1	115	0	-1			7010106			-1
17010407	铁桶僵尸7	20004	2	359	87	13	500	500	9000	0	20004	-1	-1	115	0	-1			7010107			-1
17010408	铁桶僵尸8	20004	2	388	87	13	500	500	9000	0	20004	-1	-1	115	0	-1			7010108			-1
17010409	铁桶僵尸9	20004	2	417	87	13	500	500	9000	0	20004	-1	-1	115	0	-1			7010109			-1
17010410	铁桶僵尸10	20004	3	419	95	15	500	500	9000	0	20004	-1	-1	115	0	-1			7010110			-1
17010501	撑杆僵尸1	20009	1	123	35	11	500	500	9000	0	20009	-1	-1	115	0	-1						-1
17010502	撑杆僵尸2	20009	1	142	38	11	500	500	9000	0	20009	-1	-1	115	0	-1						-1
17010503	撑杆僵尸3	20009	1	161	41	11	500	500	9000	0	20009	-1	-1	115	0	-1						-1
17010504	撑杆僵尸4	20009	1	180	44	11	500	500	9000	0	20009	-1	-1	115	0	-1						-1
17010505	撑杆僵尸5	20009	1	199	47	11	500	500	9000	0	20009	-1	-1	115	0	-1						-1
17010506	撑杆僵尸6	20009	2	218	50	13	500	500	9000	0	20009	-1	-1	115	0	-1						-1
17010507	撑杆僵尸7	20009	2	237	53	13	500	500	9000	0	20009	-1	-1	115	0	-1						-1
17010508	撑杆僵尸8	20009	2	256	56	13	500	500	9000	0	20009	-1	-1	115	0	-1						-1
17010509	撑杆僵尸9	20009	2	275	59	13	500	500	9000	0	20009	-1	-1	115	0	-1						-1
17010510	撑杆僵尸10	20009	3	279	62	15	500	500	9000	0	20009	-1	-1	115	0	-1						-1
17010601	橄榄球僵尸1	20005	1	123	20	11	500	500	9000	0	20005	-1	-1	115	0	-1						-1
17010602	橄榄球僵尸2	20005	1	142	23	11	500	500	9000	0	20005	-1	-1	115	0	-1						-1
17010603	橄榄球僵尸3	20005	1	161	26	11	500	500	9000	0	20005	-1	-1	115	0	-1						-1
17010604	橄榄球僵尸4	20005	1	180	29	11	500	500	9000	0	20005	-1	-1	115	0	-1						-1
17010605	橄榄球僵尸5	20005	1	199	32	11	500	500	9000	0	20005	-1	-1	115	0	-1						-1
17010606	橄榄球僵尸6	20005	2	218	35	13	500	500	9000	0	20005	-1	-1	115	0	-1						-1
17010607	橄榄球僵尸7	20005	2	237	38	13	500	500	9000	0	20005	-1	-1	115	0	-1						-1
17010608	橄榄球僵尸8	20005	2	256	41	13	500	500	9000	0	20005	-1	-1	115	0	-1						-1
17010609	橄榄球僵尸9	20005	2	275	44	13	500	500	9000	0	20005	-1	-1	115	0	-1						-1
17010610	橄榄球僵尸10	20005	3	279	47	15	500	500	9000	0	20005	-1	-1	115	0	-1						-1
17020101	普通原始人1	20501	3	279	63	15	500	500	9000	0	20501	-1	-1	115	0	-1						-1
17020102	普通原始人2	20501	3	292	63	15	500	500	9000	0	20501	-1	-1	115	0	-1						-1
17020103	普通原始人3	20501	3	305	63	15	500	500	9000	0	20501	-1	-1	115	0	-1						-1
17020104	普通原始人4	20501	3	318	63	15	500	500	9000	0	20501	-1	-1	115	0	-1						-1
17020105	普通原始人5	20501	3	331	63	15	500	500	9000	0	20501	-1	-1	115	0	-1						-1
17020106	普通原始人6	20501	3	344	63	15	500	500	9000	0	20501	-1	-1	115	0	-1						-1
17020107	普通原始人7	20501	3	357	63	15	500	500	9000	0	20501	-1	-1	115	0	-1						-1
17020108	普通原始人8	20501	4	370	70	17	500	500	9000	0	20501	-1	-1	115	0	-1						-1
17020109	普通原始人9	20501	4	383	70	17	500	500	9000	0	20501	-1	-1	115	0	-1						-1
17020110	普通原始人10	20501	4	396	70	17	500	500	9000	0	20501	-1	-1	115	0	-1						-1
17020111	普通原始人11	20501	4	409	70	17	500	500	9000	0	20501	-1	-1	115	0	-1						-1
17020112	普通原始人12	20501	4	422	70	17	500	500	9000	0	20501	-1	-1	115	0	-1						-1
17020113	普通原始人13	20501	4	435	70	17	500	500	9000	0	20501	-1	-1	115	0	-1						-1
17020114	普通原始人14	20501	4	448	70	17	500	500	9000	0	20501	-1	-1	115	0	-1						-1
17020115	普通原始人15	20501	5	461	76	20	500	500	9000	0	20501	-1	-1	115	0	-1						-1
17020116	普通原始人16	20501	5	474	76	20	500	500	9000	0	20501	-1	-1	115	0	-1						-1
17020117	普通原始人17	20501	5	487	76	20	500	500	9000	0	20501	-1	-1	115	0	-1						-1
17020118	普通原始人18	20501	5	500	76	20	500	500	9000	0	20501	-1	-1	115	0	-1						-1
17020119	普通原始人19	20501	5	513	76	20	500	500	9000	0	20501	-1	-1	115	0	-1						-1
17020120	普通原始人20	20501	6	524	84	22	500	500	9000	0	20501	-1	-1	115	0	-1						-1
17020201	路障原始人1	20502	3	419	95	15	500	500	9000	0	20502	-1	-1	115	0	-1						-1
17020202	路障原始人2	20502	3	439	95	15	500	500	9000	0	20502	-1	-1	115	0	-1						-1
17020203	路障原始人3	20502	3	459	95	15	500	500	9000	0	20502	-1	-1	115	0	-1						-1
17020204	路障原始人4	20502	3	479	95	15	500	500	9000	0	20502	-1	-1	115	0	-1						-1
17020205	路障原始人5	20502	3	499	95	15	500	500	9000	0	20502	-1	-1	115	0	-1						-1
17020206	路障原始人6	20502	3	519	95	15	500	500	9000	0	20502	-1	-1	115	0	-1						-1
17020207	路障原始人7	20502	3	539	95	15	500	500	9000	0	20502	-1	-1	115	0	-1						-1
17020208	路障原始人8	20502	4	559	105	17	500	500	9000	0	20502	-1	-1	115	0	-1						-1
17020209	路障原始人9	20502	4	579	105	17	500	500	9000	0	20502	-1	-1	115	0	-1						-1
17020210	路障原始人10	20502	4	599	105	17	500	500	9000	0	20502	-1	-1	115	0	-1						-1
17020211	路障原始人11	20502	4	619	105	17	500	500	9000	0	20502	-1	-1	115	0	-1						-1
17020212	路障原始人12	20502	4	639	105	17	500	500	9000	0	20502	-1	-1	115	0	-1						-1
17020213	路障原始人13	20502	4	659	105	17	500	500	9000	0	20502	-1	-1	115	0	-1						-1
17020214	路障原始人14	20502	4	679	105	17	500	500	9000	0	20502	-1	-1	115	0	-1						-1
17020215	路障原始人15	20502	5	699	114	20	500	500	9000	0	20502	-1	-1	115	0	-1						-1
17020216	路障原始人16	20502	5	719	114	20	500	500	9000	0	20502	-1	-1	115	0	-1						-1
17020217	路障原始人17	20502	5	739	114	20	500	500	9000	0	20502	-1	-1	115	0	-1						-1
17020218	路障原始人18	20502	5	759	114	20	500	500	9000	0	20502	-1	-1	115	0	-1						-1
17020219	路障原始人19	20502	5	779	114	20	500	500	9000	0	20502	-1	-1	115	0	-1						-1
17020220	路障原始人20	20502	6	786	126	22	500	500	9000	0	20502	-1	-1	115	0	-1						-1
17020301	铁桶原始人1	20503	3	419	95	15	500	500	9000	0	20503	-1	-1	115	0	-1			7020101			-1
17020302	铁桶原始人2	20503	3	439	95	15	500	500	9000	0	20503	-1	-1	115	0	-1			7020102			-1
17020303	铁桶原始人3	20503	3	459	95	15	500	500	9000	0	20503	-1	-1	115	0	-1			7020103			-1
17020304	铁桶原始人4	20503	3	479	95	15	500	500	9000	0	20503	-1	-1	115	0	-1			7020104			-1
17020305	铁桶原始人5	20503	3	499	95	15	500	500	9000	0	20503	-1	-1	115	0	-1			7020105			-1
17020306	铁桶原始人6	20503	3	519	95	15	500	500	9000	0	20503	-1	-1	115	0	-1			7020106			-1
17020307	铁桶原始人7	20503	3	539	95	15	500	500	9000	0	20503	-1	-1	115	0	-1			7020107			-1
17020308	铁桶原始人8	20503	4	559	105	17	500	500	9000	0	20503	-1	-1	115	0	-1			7020108			-1
17020309	铁桶原始人9	20503	4	579	105	17	500	500	9000	0	20503	-1	-1	115	0	-1			7020109			-1
17020310	铁桶原始人10	20503	4	599	105	17	500	500	9000	0	20503	-1	-1	115	0	-1			7020110			-1
17020311	铁桶原始人11	20503	4	619	105	17	500	500	9000	0	20503	-1	-1	115	0	-1			7020111			-1
17020312	铁桶原始人12	20503	4	639	105	17	500	500	9000	0	20503	-1	-1	115	0	-1			7020112			-1
17020313	铁桶原始人13	20503	4	659	105	17	500	500	9000	0	20503	-1	-1	115	0	-1			7020113			-1
17020314	铁桶原始人14	20503	4	679	105	17	500	500	9000	0	20503	-1	-1	115	0	-1			7020114			-1
17020315	铁桶原始人15	20503	5	699	114	20	500	500	9000	0	20503	-1	-1	115	0	-1			7020115			-1
17020316	铁桶原始人16	20503	5	719	114	20	500	500	9000	0	20503	-1	-1	115	0	-1			7020116			-1
17020317	铁桶原始人17	20503	5	739	114	20	500	500	9000	0	20503	-1	-1	115	0	-1			7020117			-1
17020318	铁桶原始人18	20503	5	759	114	20	500	500	9000	0	20503	-1	-1	115	0	-1			7020118			-1
17020319	铁桶原始人19	20503	5	779	114	20	500	500	9000	0	20503	-1	-1	115	0	-1			7020119			-1
17020320	铁桶原始人20	20503	6	786	126	22	500	500	9000	0	20503	-1	-1	115	0	-1			7020120			-1
17020401	面具原始人1	20504	3	419	95	15	500	500	9000	0	20504	-1	-1	115	0	-1						-1
17020402	面具原始人2	20504	3	439	95	15	500	500	9000	0	20504	-1	-1	115	0	-1						-1
17020403	面具原始人3	20504	3	459	95	15	500	500	9000	0	20504	-1	-1	115	0	-1						-1
17020404	面具原始人4	20504	3	479	95	15	500	500	9000	0	20504	-1	-1	115	0	-1						-1
17020405	面具原始人5	20504	3	499	95	15	500	500	9000	0	20504	-1	-1	115	0	-1						-1
17020406	面具原始人6	20504	3	519	95	15	500	500	9000	0	20504	-1	-1	115	0	-1						-1
17020407	面具原始人7	20504	3	539	95	15	500	500	9000	0	20504	-1	-1	115	0	-1						-1
17020408	面具原始人8	20504	4	559	105	17	500	500	9000	0	20504	-1	-1	115	0	-1						-1
17020409	面具原始人9	20504	4	579	105	17	500	500	9000	0	20504	-1	-1	115	0	-1						-1
17020410	面具原始人10	20504	4	599	105	17	500	500	9000	0	20504	-1	-1	115	0	-1						-1
17020411	面具原始人11	20504	4	619	105	17	500	500	9000	0	20504	-1	-1	115	0	-1						-1
17020412	面具原始人12	20504	4	639	105	17	500	500	9000	0	20504	-1	-1	115	0	-1						-1
17020413	面具原始人13	20504	4	659	105	17	500	500	9000	0	20504	-1	-1	115	0	-1						-1
17020414	面具原始人14	20504	4	679	105	17	500	500	9000	0	20504	-1	-1	115	0	-1						-1
17020415	面具原始人15	20504	5	699	114	20	500	500	9000	0	20504	-1	-1	115	0	-1						-1
17020416	面具原始人16	20504	5	719	114	20	500	500	9000	0	20504	-1	-1	115	0	-1						-1
17020417	面具原始人17	20504	5	739	114	20	500	500	9000	0	20504	-1	-1	115	0	-1						-1
17020418	面具原始人18	20504	5	759	114	20	500	500	9000	0	20504	-1	-1	115	0	-1						-1
17020419	面具原始人19	20504	5	779	114	20	500	500	9000	0	20504	-1	-1	115	0	-1						-1
17020420	面具原始人20	20504	6	786	126	22	500	500	9000	0	20504	-1	-1	115	0	-1						-1
17020501	木棍原始人1	20505	3	419	95	15	500	500	9000	0	20505	-1	-1	115	0	-1						-1
17020502	木棍原始人2	20505	3	439	95	15	500	500	9000	0	20505	-1	-1	115	0	-1						-1
17020503	木棍原始人3	20505	3	459	95	15	500	500	9000	0	20505	-1	-1	115	0	-1						-1
17020504	木棍原始人4	20505	3	479	95	15	500	500	9000	0	20505	-1	-1	115	0	-1						-1
17020505	木棍原始人5	20505	3	499	95	15	500	500	9000	0	20505	-1	-1	115	0	-1						-1
17020506	木棍原始人6	20505	3	519	95	15	500	500	9000	0	20505	-1	-1	115	0	-1						-1
17020507	木棍原始人7	20505	3	539	95	15	500	500	9000	0	20505	-1	-1	115	0	-1						-1
17020508	木棍原始人8	20505	4	559	105	17	500	500	9000	0	20505	-1	-1	115	0	-1						-1
17020509	木棍原始人9	20505	4	579	105	17	500	500	9000	0	20505	-1	-1	115	0	-1						-1
17020510	木棍原始人10	20505	4	599	105	17	500	500	9000	0	20505	-1	-1	115	0	-1						-1
17020511	木棍原始人11	20505	4	619	105	17	500	500	9000	0	20505	-1	-1	115	0	-1						-1
17020512	木棍原始人12	20505	4	639	105	17	500	500	9000	0	20505	-1	-1	115	0	-1						-1
17020513	木棍原始人13	20505	4	659	105	17	500	500	9000	0	20505	-1	-1	115	0	-1						-1
17020514	木棍原始人14	20505	4	679	105	17	500	500	9000	0	20505	-1	-1	115	0	-1						-1
17020515	木棍原始人15	20505	5	699	114	20	500	500	9000	0	20505	-1	-1	115	0	-1						-1
17020516	木棍原始人16	20505	5	719	114	20	500	500	9000	0	20505	-1	-1	115	0	-1						-1
17020517	木棍原始人17	20505	5	739	114	20	500	500	9000	0	20505	-1	-1	115	0	-1						-1
17020518	木棍原始人18	20505	5	759	114	20	500	500	9000	0	20505	-1	-1	115	0	-1						-1
17020519	木棍原始人19	20505	5	779	114	20	500	500	9000	0	20505	-1	-1	115	0	-1						-1
17020520	木棍原始人20	20505	6	786	126	22	500	500	9000	0	20505	-1	-1	115	0	-1						-1
17020601	弹弓原始人1	20506	3	279	88	15	500	500	9000	0	20506	-1	-1	115	0	-1						-1
17020602	弹弓原始人2	20506	3	292	88	15	500	500	9000	0	20506	-1	-1	115	0	-1						-1
17020603	弹弓原始人3	20506	3	305	88	15	500	500	9000	0	20506	-1	-1	115	0	-1						-1
17020604	弹弓原始人4	20506	3	318	88	15	500	500	9000	0	20506	-1	-1	115	0	-1						-1
17020605	弹弓原始人5	20506	3	331	88	15	500	500	9000	0	20506	-1	-1	115	0	-1						-1
17020606	弹弓原始人6	20506	3	344	88	15	500	500	9000	0	20506	-1	-1	115	0	-1						-1
17020607	弹弓原始人7	20506	3	357	88	15	500	500	9000	0	20506	-1	-1	115	0	-1						-1
17020608	弹弓原始人8	20506	4	370	98	17	500	500	9000	0	20506	-1	-1	115	0	-1						-1
17020609	弹弓原始人9	20506	4	383	98	17	500	500	9000	0	20506	-1	-1	115	0	-1						-1
17020610	弹弓原始人10	20506	4	396	98	17	500	500	9000	0	20506	-1	-1	115	0	-1						-1
17020611	弹弓原始人11	20506	4	409	98	17	500	500	9000	0	20506	-1	-1	115	0	-1						-1
17020612	弹弓原始人12	20506	4	422	98	17	500	500	9000	0	20506	-1	-1	115	0	-1						-1
17020613	弹弓原始人13	20506	4	435	98	17	500	500	9000	0	20506	-1	-1	115	0	-1						-1
17020614	弹弓原始人14	20506	4	448	98	17	500	500	9000	0	20506	-1	-1	115	0	-1						-1
17020615	弹弓原始人15	20506	5	461	106	20	500	500	9000	0	20506	-1	-1	115	0	-1						-1
17020616	弹弓原始人16	20506	5	474	106	20	500	500	9000	0	20506	-1	-1	115	0	-1						-1
17020617	弹弓原始人17	20506	5	487	106	20	500	500	9000	0	20506	-1	-1	115	0	-1						-1
17020618	弹弓原始人18	20506	5	500	106	20	500	500	9000	0	20506	-1	-1	115	0	-1						-1
17020619	弹弓原始人19	20506	5	513	106	20	500	500	9000	0	20506	-1	-1	115	0	-1						-1
17020620	弹弓原始人20	20506	6	524	118	22	500	500	9000	0	20506	-1	-1	115	0	-1						-1
17020701	蜂窝原始人1	20510	3	279	44	15	500	500	9000	0	11111001	-1	-1	115	0	-1						-1
17020702	蜂窝原始人2	20510	3	292	44	15	500	500	9000	0	11111001	-1	-1	115	0	-1						-1
17020703	蜂窝原始人3	20510	3	305	44	15	500	500	9000	0	11111001	-1	-1	115	0	-1						-1
17020704	蜂窝原始人4	20510	3	318	44	15	500	500	9000	0	11111001	-1	-1	115	0	-1						-1
17020705	蜂窝原始人5	20510	3	331	44	15	500	500	9000	0	11111001	-1	-1	115	0	-1						-1
17020706	蜂窝原始人6	20510	3	344	44	15	500	500	9000	0	11111001	-1	-1	115	0	-1						-1
17020707	蜂窝原始人7	20510	3	357	44	15	500	500	9000	0	11111001	-1	-1	115	0	-1						-1
17020708	蜂窝原始人8	20510	4	370	49	17	500	500	9000	0	11111001	-1	-1	115	0	-1						-1
17020709	蜂窝原始人9	20510	4	383	49	17	500	500	9000	0	11111001	-1	-1	115	0	-1						-1
17020710	蜂窝原始人10	20510	4	396	49	17	500	500	9000	0	11111001	-1	-1	115	0	-1						-1
17020711	蜂窝原始人11	20510	4	409	49	17	500	500	9000	0	11111001	-1	-1	115	0	-1						-1
17020712	蜂窝原始人12	20510	4	422	49	17	500	500	9000	0	11111001	-1	-1	115	0	-1						-1
17020713	蜂窝原始人13	20510	4	435	49	17	500	500	9000	0	11111001	-1	-1	115	0	-1						-1
17020714	蜂窝原始人14	20510	4	448	49	17	500	500	9000	0	11111001	-1	-1	115	0	-1						-1
17020715	蜂窝原始人15	20510	5	461	53	20	500	500	9000	0	11111001	-1	-1	115	0	-1						-1
17020716	蜂窝原始人16	20510	5	474	53	20	500	500	9000	0	11111001	-1	-1	115	0	-1						-1
17020717	蜂窝原始人17	20510	5	487	53	20	500	500	9000	0	11111001	-1	-1	115	0	-1						-1
17020718	蜂窝原始人18	20510	5	500	53	20	500	500	9000	0	11111001	-1	-1	115	0	-1						-1
17020719	蜂窝原始人19	20510	5	513	53	20	500	500	9000	0	11111001	-1	-1	115	0	-1						-1
17020720	蜂窝原始人20	20510	6	524	59	22	500	500	9000	0	11111001	-1	-1	115	0	-1						-1
17030101	长城普僵1	20624	6	524	84	22	500	500	9000	0	20001	-1	-1	115	0	-1						-1
17030102	长城普僵2	20624	6	547	84	22	500	500	9000	0	20001	-1	-1	115	0	-1						-1
17030103	长城普僵3	20624	6	570	84	22	500	500	9000	0	20001	-1	-1	115	0	-1						-1
17030104	长城普僵4	20624	6	593	84	22	500	500	9000	0	20001	-1	-1	115	0	-1						-1
17030105	长城普僵5	20624	6	616	84	22	500	500	9000	0	20001	-1	-1	115	0	-1						-1
17030106	长城普僵6	20624	7	639	91	24	500	500	9000	0	20001	-1	-1	115	0	-1						-1
17030107	长城普僵7	20624	7	662	91	24	500	500	9000	0	20001	-1	-1	115	0	-1						-1
17030108	长城普僵8	20624	7	685	91	24	500	500	9000	0	20001	-1	-1	115	0	-1						-1
17030109	长城普僵9	20624	7	708	91	24	500	500	9000	0	20001	-1	-1	115	0	-1						-1
17030110	长城普僵10	20624	7	731	91	24	500	500	9000	0	20001	-1	-1	115	0	-1						-1
17030111	长城普僵11	20624	8	754	100	26	500	500	9000	0	20001	-1	-1	115	0	-1						-1
17030112	长城普僵12	20624	8	777	100	26	500	500	9000	0	20001	-1	-1	115	0	-1						-1
17030113	长城普僵13	20624	8	800	100	26	500	500	9000	0	20001	-1	-1	115	0	-1						-1
17030114	长城普僵14	20624	8	823	100	26	500	500	9000	0	20001	-1	-1	115	0	-1						-1
17030115	长城普僵15	20624	8	846	100	26	500	500	9000	0	20001	-1	-1	115	0	-1						-1
17030116	长城普僵16	20624	9	869	109	28	500	500	9000	0	20001	-1	-1	115	0	-1						-1
17030117	长城普僵17	20624	9	892	109	28	500	500	9000	0	20001	-1	-1	115	0	-1						-1
17030118	长城普僵18	20624	9	915	109	28	500	500	9000	0	20001	-1	-1	115	0	-1						-1
17030119	长城普僵19	20624	10	938	118	31	500	500	9000	0	20001	-1	-1	115	0	-1						-1
17030120	长城普僵20	20624	10	961	118	31	500	500	9000	0	20001	-1	-1	115	0	-1						-1
17030121	长城普僵21	20624	10	984	118	31	500	500	9000	0	20001	-1	-1	115	0	-1						-1
17030122	长城普僵22	20624	11	1007	129	33	500	500	9000	0	20001	-1	-1	115	0	-1						-1
17030123	长城普僵23	20624	11	1030	129	33	500	500	9000	0	20001	-1	-1	115	0	-1						-1
17030124	长城普僵24	20624	11	1053	129	33	500	500	9000	0	20001	-1	-1	115	0	-1						-1
17030125	长城普僵25	20624	13	1054	154	37	500	500	9000	0	20001	-1	-1	115	0	-1						-1
17030201	长城旗帜1	20401	6	524	84	22	500	500	9000	0	20401	-1	-1	115	0	-1						-1
17030202	长城旗帜2	20401	6	547	84	22	500	500	9000	0	20401	-1	-1	115	0	-1						-1
17030203	长城旗帜3	20401	6	570	84	22	500	500	9000	0	20401	-1	-1	115	0	-1						-1
17030204	长城旗帜4	20401	6	593	84	22	500	500	9000	0	20401	-1	-1	115	0	-1						-1
17030205	长城旗帜5	20401	6	616	84	22	500	500	9000	0	20401	-1	-1	115	0	-1						-1
17030206	长城旗帜6	20401	7	639	91	24	500	500	9000	0	20401	-1	-1	115	0	-1						-1
17030207	长城旗帜7	20401	7	662	91	24	500	500	9000	0	20401	-1	-1	115	0	-1						-1
17030208	长城旗帜8	20401	7	685	91	24	500	500	9000	0	20401	-1	-1	115	0	-1						-1
17030209	长城旗帜9	20401	7	708	91	24	500	500	9000	0	20401	-1	-1	115	0	-1						-1
17030210	长城旗帜10	20401	7	731	91	24	500	500	9000	0	20401	-1	-1	115	0	-1						-1
17030211	长城旗帜11	20401	8	754	100	26	500	500	9000	0	20401	-1	-1	115	0	-1						-1
17030212	长城旗帜12	20401	8	777	100	26	500	500	9000	0	20401	-1	-1	115	0	-1						-1
17030213	长城旗帜13	20401	8	800	100	26	500	500	9000	0	20401	-1	-1	115	0	-1						-1
17030214	长城旗帜14	20401	8	823	100	26	500	500	9000	0	20401	-1	-1	115	0	-1						-1
17030215	长城旗帜15	20401	8	846	100	26	500	500	9000	0	20401	-1	-1	115	0	-1						-1
17030216	长城旗帜16	20401	9	869	109	28	500	500	9000	0	20401	-1	-1	115	0	-1						-1
17030217	长城旗帜17	20401	9	892	109	28	500	500	9000	0	20401	-1	-1	115	0	-1						-1
17030218	长城旗帜18	20401	9	915	109	28	500	500	9000	0	20401	-1	-1	115	0	-1						-1
17030219	长城旗帜19	20401	10	938	118	31	500	500	9000	0	20401	-1	-1	115	0	-1						-1
17030220	长城旗帜20	20401	10	961	118	31	500	500	9000	0	20401	-1	-1	115	0	-1						-1
17030221	长城旗帜21	20401	10	984	118	31	500	500	9000	0	20401	-1	-1	115	0	-1						-1
17030222	长城旗帜22	20401	11	1007	129	33	500	500	9000	0	20401	-1	-1	115	0	-1						-1
17030223	长城旗帜23	20401	11	1030	129	33	500	500	9000	0	20401	-1	-1	115	0	-1						-1
17030224	长城旗帜24	20401	11	1053	129	33	500	500	9000	0	20401	-1	-1	115	0	-1						-1
17030225	长城旗帜25	20401	13	1054	154	37	500	500	9000	0	20401	-1	-1	115	0	-1						-1
17030301	长城路障1	20402	6	786	126	22	500	500	9000	0	20402	-1	-1	115	0	-1						-1
17030302	长城路障2	20402	6	820	126	22	500	500	9000	0	20402	-1	-1	115	0	-1						-1
17030303	长城路障3	20402	6	854	126	22	500	500	9000	0	20402	-1	-1	115	0	-1						-1
17030304	长城路障4	20402	6	888	126	22	500	500	9000	0	20402	-1	-1	115	0	-1						-1
17030305	长城路障5	20402	6	922	126	22	500	500	9000	0	20402	-1	-1	115	0	-1						-1
17030306	长城路障6	20402	7	956	137	24	500	500	9000	0	20402	-1	-1	115	0	-1						-1
17030307	长城路障7	20402	7	990	137	24	500	500	9000	0	20402	-1	-1	115	0	-1						-1
17030308	长城路障8	20402	7	1024	137	24	500	500	9000	0	20402	-1	-1	115	0	-1						-1
17030309	长城路障9	20402	7	1058	137	24	500	500	9000	0	20402	-1	-1	115	0	-1						-1
17030310	长城路障10	20402	7	1092	137	24	500	500	9000	0	20402	-1	-1	115	0	-1						-1
17030311	长城路障11	20402	8	1126	150	26	500	500	9000	0	20402	-1	-1	115	0	-1						-1
17030312	长城路障12	20402	8	1160	150	26	500	500	9000	0	20402	-1	-1	115	0	-1						-1
17030313	长城路障13	20402	8	1194	150	26	500	500	9000	0	20402	-1	-1	115	0	-1						-1
17030314	长城路障14	20402	8	1228	150	26	500	500	9000	0	20402	-1	-1	115	0	-1						-1
17030315	长城路障15	20402	8	1262	150	26	500	500	9000	0	20402	-1	-1	115	0	-1						-1
17030316	长城路障16	20402	9	1296	164	28	500	500	9000	0	20402	-1	-1	115	0	-1						-1
17030317	长城路障17	20402	9	1330	164	28	500	500	9000	0	20402	-1	-1	115	0	-1						-1
17030318	长城路障18	20402	9	1364	164	28	500	500	9000	0	20402	-1	-1	115	0	-1						-1
17030319	长城路障19	20402	10	1398	177	31	500	500	9000	0	20402	-1	-1	115	0	-1						-1
17030320	长城路障20	20402	10	1432	177	31	500	500	9000	0	20402	-1	-1	115	0	-1						-1
17030321	长城路障21	20402	10	1466	177	31	500	500	9000	0	20402	-1	-1	115	0	-1						-1
17030322	长城路障22	20402	11	1500	194	33	500	500	9000	0	20402	-1	-1	115	0	-1						-1
17030323	长城路障23	20402	11	1534	194	33	500	500	9000	0	20402	-1	-1	115	0	-1						-1
17030324	长城路障24	20402	11	1568	194	33	500	500	9000	0	20402	-1	-1	115	0	-1						-1
17030325	长城路障25	20402	13	1581	231	37	500	500	9000	0	20402	-1	-1	115	0	-1						-1
17030401	长城铁桶1	20403	6	786	126	22	500	500	9000	0	20403	-1	-1	115	0	-1			7030101			-1
17030402	长城铁桶2	20403	6	820	126	22	500	500	9000	0	20403	-1	-1	115	0	-1			7030102			-1
17030403	长城铁桶3	20403	6	854	126	22	500	500	9000	0	20403	-1	-1	115	0	-1			7030103			-1
17030404	长城铁桶4	20403	6	888	126	22	500	500	9000	0	20403	-1	-1	115	0	-1			7030104			-1
17030405	长城铁桶5	20403	6	922	126	22	500	500	9000	0	20403	-1	-1	115	0	-1			7030105			-1
17030406	长城铁桶6	20403	7	956	137	24	500	500	9000	0	20403	-1	-1	115	0	-1			7030106			-1
17030407	长城铁桶7	20403	7	990	137	24	500	500	9000	0	20403	-1	-1	115	0	-1			7030107			-1
17030408	长城铁桶8	20403	7	1024	137	24	500	500	9000	0	20403	-1	-1	115	0	-1			7030108			-1
17030409	长城铁桶9	20403	7	1058	137	24	500	500	9000	0	20403	-1	-1	115	0	-1			7030109			-1
17030410	长城铁桶10	20403	7	1092	137	24	500	500	9000	0	20403	-1	-1	115	0	-1			7030110			-1
17030411	长城铁桶11	20403	8	1126	150	26	500	500	9000	0	20403	-1	-1	115	0	-1			7030111			-1
17030412	长城铁桶12	20403	8	1160	150	26	500	500	9000	0	20403	-1	-1	115	0	-1			7030112			-1
17030413	长城铁桶13	20403	8	1194	150	26	500	500	9000	0	20403	-1	-1	115	0	-1			7030113			-1
17030414	长城铁桶14	20403	8	1228	150	26	500	500	9000	0	20403	-1	-1	115	0	-1			7030114			-1
17030415	长城铁桶15	20403	8	1262	150	26	500	500	9000	0	20403	-1	-1	115	0	-1			7030115			-1
17030416	长城铁桶16	20403	9	1296	164	28	500	500	9000	0	20403	-1	-1	115	0	-1			7030116			-1
17030417	长城铁桶17	20403	9	1330	164	28	500	500	9000	0	20403	-1	-1	115	0	-1			7030117			-1
17030418	长城铁桶18	20403	9	1364	164	28	500	500	9000	0	20403	-1	-1	115	0	-1			7030118			-1
17030419	长城铁桶19	20403	10	1398	177	31	500	500	9000	0	20403	-1	-1	115	0	-1			7030119			-1
17030420	长城铁桶20	20403	10	1432	177	31	500	500	9000	0	20403	-1	-1	115	0	-1			7030120			-1
17030421	长城铁桶21	20403	10	1466	177	31	500	500	9000	0	20403	-1	-1	115	0	-1			7030121			-1
17030422	长城铁桶22	20403	11	1500	194	33	500	500	9000	0	20403	-1	-1	115	0	-1			7030122			-1
17030423	长城铁桶23	20403	11	1534	194	33	500	500	9000	0	20403	-1	-1	115	0	-1			7030123			-1
17030424	长城铁桶24	20403	11	1568	194	33	500	500	9000	0	20403	-1	-1	115	0	-1			7030124			-1
17030425	长城铁桶25	20403	13	1581	231	37	500	500	9000	0	20403	-1	-1	115	0	-1			7030125			-1
17030501	长城大刀1	20405	6	786	126	22	500	500	9000	0	20405	-1	-1	115	0	-1						-1
17030502	长城大刀2	20405	6	820	126	22	500	500	9000	0	20405	-1	-1	115	0	-1						-1
17030503	长城大刀3	20405	6	854	126	22	500	500	9000	0	20405	-1	-1	115	0	-1						-1
17030504	长城大刀4	20405	6	888	126	22	500	500	9000	0	20405	-1	-1	115	0	-1						-1
17030505	长城大刀5	20405	6	922	126	22	500	500	9000	0	20405	-1	-1	115	0	-1						-1
17030506	长城大刀6	20405	7	956	137	24	500	500	9000	0	20405	-1	-1	115	0	-1						-1
17030507	长城大刀7	20405	7	990	137	24	500	500	9000	0	20405	-1	-1	115	0	-1						-1
17030508	长城大刀8	20405	7	1024	137	24	500	500	9000	0	20405	-1	-1	115	0	-1						-1
17030509	长城大刀9	20405	7	1058	137	24	500	500	9000	0	20405	-1	-1	115	0	-1						-1
17030510	长城大刀10	20405	7	1092	137	24	500	500	9000	0	20405	-1	-1	115	0	-1						-1
17030511	长城大刀11	20405	8	1126	150	26	500	500	9000	0	20405	-1	-1	115	0	-1						-1
17030512	长城大刀12	20405	8	1160	150	26	500	500	9000	0	20405	-1	-1	115	0	-1						-1
17030513	长城大刀13	20405	8	1194	150	26	500	500	9000	0	20405	-1	-1	115	0	-1						-1
17030514	长城大刀14	20405	8	1228	150	26	500	500	9000	0	20405	-1	-1	115	0	-1						-1
17030515	长城大刀15	20405	8	1262	150	26	500	500	9000	0	20405	-1	-1	115	0	-1						-1
17030516	长城大刀16	20405	9	1296	164	28	500	500	9000	0	20405	-1	-1	115	0	-1						-1
17030517	长城大刀17	20405	9	1330	164	28	500	500	9000	0	20405	-1	-1	115	0	-1						-1
17030518	长城大刀18	20405	9	1364	164	28	500	500	9000	0	20405	-1	-1	115	0	-1						-1
17030519	长城大刀19	20405	10	1398	177	31	500	500	9000	0	20405	-1	-1	115	0	-1						-1
17030520	长城大刀20	20405	10	1432	177	31	500	500	9000	0	20405	-1	-1	115	0	-1						-1
17030521	长城大刀21	20405	10	1466	177	31	500	500	9000	0	20405	-1	-1	115	0	-1						-1
17030522	长城大刀22	20405	11	1500	194	33	500	500	9000	0	20405	-1	-1	115	0	-1						-1
17030523	长城大刀23	20405	11	1534	194	33	500	500	9000	0	20405	-1	-1	115	0	-1						-1
17030524	长城大刀24	20405	11	1568	194	33	500	500	9000	0	20405	-1	-1	115	0	-1						-1
17030525	长城大刀25	20405	13	1581	231	37	500	500	9000	0	20405	-1	-1	115	0	-1						-1
17030601	长城长矛1	20406	6	524	118	22	500	500	9000	0	20406	-1	-1	115	0	-1						-1
17030602	长城长矛2	20406	6	547	118	22	500	500	9000	0	20406	-1	-1	115	0	-1						-1
17030603	长城长矛3	20406	6	570	118	22	500	500	9000	0	20406	-1	-1	115	0	-1						-1
17030604	长城长矛4	20406	6	593	118	22	500	500	9000	0	20406	-1	-1	115	0	-1						-1
17030605	长城长矛5	20406	6	616	118	22	500	500	9000	0	20406	-1	-1	115	0	-1						-1
17030606	长城长矛6	20406	7	639	127	24	500	500	9000	0	20406	-1	-1	115	0	-1						-1
17030607	长城长矛7	20406	7	662	127	24	500	500	9000	0	20406	-1	-1	115	0	-1						-1
17030608	长城长矛8	20406	7	685	127	24	500	500	9000	0	20406	-1	-1	115	0	-1						-1
17030609	长城长矛9	20406	7	708	127	24	500	500	9000	0	20406	-1	-1	115	0	-1						-1
17030610	长城长矛10	20406	7	731	127	24	500	500	9000	0	20406	-1	-1	115	0	-1						-1
17030611	长城长矛11	20406	8	754	140	26	500	500	9000	0	20406	-1	-1	115	0	-1						-1
17030612	长城长矛12	20406	8	777	140	26	500	500	9000	0	20406	-1	-1	115	0	-1						-1
17030613	长城长矛13	20406	8	800	140	26	500	500	9000	0	20406	-1	-1	115	0	-1						-1
17030614	长城长矛14	20406	8	823	140	26	500	500	9000	0	20406	-1	-1	115	0	-1						-1
17030615	长城长矛15	20406	8	846	140	26	500	500	9000	0	20406	-1	-1	115	0	-1						-1
17030616	长城长矛16	20406	9	869	153	28	500	500	9000	0	20406	-1	-1	115	0	-1						-1
17030617	长城长矛17	20406	9	892	153	28	500	500	9000	0	20406	-1	-1	115	0	-1						-1
17030618	长城长矛18	20406	9	915	153	28	500	500	9000	0	20406	-1	-1	115	0	-1						-1
17030619	长城长矛19	20406	10	938	165	31	500	500	9000	0	20406	-1	-1	115	0	-1						-1
17030620	长城长矛20	20406	10	961	165	31	500	500	9000	0	20406	-1	-1	115	0	-1						-1
17030621	长城长矛21	20406	10	984	165	31	500	500	9000	0	20406	-1	-1	115	0	-1						-1
17030622	长城长矛22	20406	11	1007	181	33	500	500	9000	0	20406	-1	-1	115	0	-1						-1
17030623	长城长矛23	20406	11	1030	181	33	500	500	9000	0	20406	-1	-1	115	0	-1						-1
17030624	长城长矛24	20406	11	1053	181	33	500	500	9000	0	20406	-1	-1	115	0	-1						-1
17030625	长城长矛25	20406	13	1054	216	37	500	500	9000	0	20406	-1	-1	115	0	-1						-1
17030701	长城投石车1	20408	6	524	59	22	500	500	9000	0	11111002	-1	-1	115	0	-1						-1
17030702	长城投石车2	20408	6	547	59	22	500	500	9000	0	11111002	-1	-1	115	0	-1						-1
17030703	长城投石车3	20408	6	570	59	22	500	500	9000	0	11111002	-1	-1	115	0	-1						-1
17030704	长城投石车4	20408	6	593	59	22	500	500	9000	0	11111002	-1	-1	115	0	-1						-1
17030705	长城投石车5	20408	6	616	59	22	500	500	9000	0	11111002	-1	-1	115	0	-1						-1
17030706	长城投石车6	20408	7	639	64	24	500	500	9000	0	11111002	-1	-1	115	0	-1						-1
17030707	长城投石车7	20408	7	662	64	24	500	500	9000	0	11111002	-1	-1	115	0	-1						-1
17030708	长城投石车8	20408	7	685	64	24	500	500	9000	0	11111002	-1	-1	115	0	-1						-1
17030709	长城投石车9	20408	7	708	64	24	500	500	9000	0	11111002	-1	-1	115	0	-1						-1
17030710	长城投石车10	20408	7	731	64	24	500	500	9000	0	11111002	-1	-1	115	0	-1						-1
17030711	长城投石车11	20408	8	754	70	26	500	500	9000	0	11111002	-1	-1	115	0	-1						-1
17030712	长城投石车12	20408	8	777	70	26	500	500	9000	0	11111002	-1	-1	115	0	-1						-1
17030713	长城投石车13	20408	8	800	70	26	500	500	9000	0	11111002	-1	-1	115	0	-1						-1
17030714	长城投石车14	20408	8	823	70	26	500	500	9000	0	11111002	-1	-1	115	0	-1						-1
17030715	长城投石车15	20408	8	846	70	26	500	500	9000	0	11111002	-1	-1	115	0	-1						-1
17030716	长城投石车16	20408	9	869	76	28	500	500	9000	0	11111002	-1	-1	115	0	-1						-1
17030717	长城投石车17	20408	9	892	76	28	500	500	9000	0	11111002	-1	-1	115	0	-1						-1
17030718	长城投石车18	20408	9	915	76	28	500	500	9000	0	11111002	-1	-1	115	0	-1						-1
17030719	长城投石车19	20408	10	938	83	31	500	500	9000	0	11111002	-1	-1	115	0	-1						-1
17030720	长城投石车20	20408	10	961	83	31	500	500	9000	0	11111002	-1	-1	115	0	-1						-1
17030721	长城投石车21	20408	10	984	83	31	500	500	9000	0	11111002	-1	-1	115	0	-1						-1
17030722	长城投石车22	20408	11	1007	90	33	500	500	9000	0	11111002	-1	-1	115	0	-1						-1
17030723	长城投石车23	20408	11	1030	90	33	500	500	9000	0	11111002	-1	-1	115	0	-1						-1
17030724	长城投石车24	20408	11	1053	90	33	500	500	9000	0	11111002	-1	-1	115	0	-1						-1
17030725	长城投石车25	20408	13	1054	108	37	500	500	9000	0	11111002	-1	-1	115	0	-1						-1
17040101	木乃伊僵尸1	20101	13	1054	154	37	500	500	9000	0	20101	-1	-1	115	0	-1						-1
17040102	木乃伊僵尸2	20101	13	1102	154	37	500	500	9000	0	20101	-1	-1	115	0	-1						-1
17040103	木乃伊僵尸3	20101	14	1150	162	40	500	500	9000	0	20101	-1	-1	115	0	-1						-1
17040104	木乃伊僵尸4	20101	14	1198	162	40	500	500	9000	0	20101	-1	-1	115	0	-1						-1
17040105	木乃伊僵尸5	20101	15	1246	170	42	500	500	9000	0	20101	-1	-1	115	0	-1						-1
17040106	木乃伊僵尸6	20101	15	1294	170	42	500	500	9000	0	20101	-1	-1	115	0	-1						-1
17040107	木乃伊僵尸7	20101	16	1342	178	44	500	500	9000	0	20101	-1	-1	115	0	-1						-1
17040108	木乃伊僵尸8	20101	16	1390	178	44	500	500	9000	0	20101	-1	-1	115	0	-1						-1
17040109	木乃伊僵尸9	20101	17	1438	186	46	500	500	9000	0	20101	-1	-1	115	0	-1						-1
17040110	木乃伊僵尸10	20101	17	1486	186	46	500	500	9000	0	20101	-1	-1	115	0	-1						-1
17040111	木乃伊僵尸11	20101	18	1534	195	48	500	500	9000	0	20101	-1	-1	115	0	-1						-1
17040112	木乃伊僵尸12	20101	18	1582	195	48	500	500	9000	0	20101	-1	-1	115	0	-1						-1
17040113	木乃伊僵尸13	20101	19	1630	204	51	500	500	9000	0	20101	-1	-1	115	0	-1						-1
17040114	木乃伊僵尸14	20101	19	1678	204	51	500	500	9000	0	20101	-1	-1	115	0	-1						-1
17040115	木乃伊僵尸15	20101	20	1726	213	62	500	500	9000	0	20101	-1	-1	115	0	-1						-1
17040116	木乃伊僵尸16	20101	20	1774	213	62	500	500	9000	0	20101	-1	-1	115	0	-1						-1
17040117	木乃伊僵尸17	20101	21	1822	222	67	500	500	9000	0	20101	-1	-1	115	0	-1						-1
17040118	木乃伊僵尸18	20101	21	1870	222	67	500	500	9000	0	20101	-1	-1	115	0	-1						-1
17040119	木乃伊僵尸19	20101	22	1918	232	72	500	500	9000	0	20101	-1	-1	115	0	-1						-1
17040120	木乃伊僵尸20	20101	22	1966	232	72	500	500	9000	0	20101	-1	-1	115	0	-1						-1
17040121	木乃伊僵尸21	20101	23	2014	242	78	500	500	9000	0	20101	-1	-1	115	0	-1						-1
17040122	木乃伊僵尸22	20101	23	2062	242	78	500	500	9000	0	20101	-1	-1	115	0	-1						-1
17040123	木乃伊僵尸23	20101	24	2110	252	84	500	500	9000	0	20101	-1	-1	115	0	-1						-1
17040124	木乃伊僵尸24	20101	24	2158	252	84	500	500	9000	0	20101	-1	-1	115	0	-1						-1
17040125	木乃伊僵尸25	20101	25	2206	263	89	500	500	9000	0	20101	-1	-1	115	0	-1						-1
17040126	木乃伊僵尸26	20101	25	2254	263	89	500	500	9000	0	20101	-1	-1	115	0	-1						-1
17040127	木乃伊僵尸27	20101	26	2302	273	95	500	500	9000	0	20101	-1	-1	115	0	-1						-1
17040128	木乃伊僵尸28	20101	26	2350	273	95	500	500	9000	0	20101	-1	-1	115	0	-1						-1
17040129	木乃伊僵尸29	20101	27	2398	285	101	500	500	9000	0	20101	-1	-1	115	0	-1						-1
17040130	木乃伊僵尸30	20101	30	2446	285	101	500	500	9000	0	20101	-1	-1	115	0	-1						-1
17040201	旗帜木乃伊1	20103	13	1054	154	37	500	500	9000	0	20103	-1	-1	115	0	-1						-1
17040202	旗帜木乃伊2	20103	13	1102	154	37	500	500	9000	0	20103	-1	-1	115	0	-1						-1
17040203	旗帜木乃伊3	20103	14	1150	162	40	500	500	9000	0	20103	-1	-1	115	0	-1						-1
17040204	旗帜木乃伊4	20103	14	1198	162	40	500	500	9000	0	20103	-1	-1	115	0	-1						-1
17040205	旗帜木乃伊5	20103	15	1246	170	42	500	500	9000	0	20103	-1	-1	115	0	-1						-1
17040206	旗帜木乃伊6	20103	15	1294	170	42	500	500	9000	0	20103	-1	-1	115	0	-1						-1
17040207	旗帜木乃伊7	20103	16	1342	178	44	500	500	9000	0	20103	-1	-1	115	0	-1						-1
17040208	旗帜木乃伊8	20103	16	1390	178	44	500	500	9000	0	20103	-1	-1	115	0	-1						-1
17040209	旗帜木乃伊9	20103	17	1438	186	46	500	500	9000	0	20103	-1	-1	115	0	-1						-1
17040210	旗帜木乃伊10	20103	17	1486	186	46	500	500	9000	0	20103	-1	-1	115	0	-1						-1
17040211	旗帜木乃伊11	20103	18	1534	195	48	500	500	9000	0	20103	-1	-1	115	0	-1						-1
17040212	旗帜木乃伊12	20103	18	1582	195	48	500	500	9000	0	20103	-1	-1	115	0	-1						-1
17040213	旗帜木乃伊13	20103	19	1630	204	51	500	500	9000	0	20103	-1	-1	115	0	-1						-1
17040214	旗帜木乃伊14	20103	19	1678	204	51	500	500	9000	0	20103	-1	-1	115	0	-1						-1
17040215	旗帜木乃伊15	20103	20	1726	213	62	500	500	9000	0	20103	-1	-1	115	0	-1						-1
17040216	旗帜木乃伊16	20103	20	1774	213	62	500	500	9000	0	20103	-1	-1	115	0	-1						-1
17040217	旗帜木乃伊17	20103	21	1822	222	67	500	500	9000	0	20103	-1	-1	115	0	-1						-1
17040218	旗帜木乃伊18	20103	21	1870	222	67	500	500	9000	0	20103	-1	-1	115	0	-1						-1
17040219	旗帜木乃伊19	20103	22	1918	232	72	500	500	9000	0	20103	-1	-1	115	0	-1						-1
17040220	旗帜木乃伊20	20103	22	1966	232	72	500	500	9000	0	20103	-1	-1	115	0	-1						-1
17040221	旗帜木乃伊21	20103	23	2014	242	78	500	500	9000	0	20103	-1	-1	115	0	-1						-1
17040222	旗帜木乃伊22	20103	23	2062	242	78	500	500	9000	0	20103	-1	-1	115	0	-1						-1
17040223	旗帜木乃伊23	20103	24	2110	252	84	500	500	9000	0	20103	-1	-1	115	0	-1						-1
17040224	旗帜木乃伊24	20103	24	2158	252	84	500	500	9000	0	20103	-1	-1	115	0	-1						-1
17040225	旗帜木乃伊25	20103	25	2206	263	89	500	500	9000	0	20103	-1	-1	115	0	-1						-1
17040226	旗帜木乃伊26	20103	25	2254	263	89	500	500	9000	0	20103	-1	-1	115	0	-1						-1
17040227	旗帜木乃伊27	20103	26	2302	273	95	500	500	9000	0	20103	-1	-1	115	0	-1						-1
17040228	旗帜木乃伊28	20103	26	2350	273	95	500	500	9000	0	20103	-1	-1	115	0	-1						-1
17040229	旗帜木乃伊29	20103	27	2398	285	101	500	500	9000	0	20103	-1	-1	115	0	-1						-1
17040230	旗帜木乃伊30	20103	30	2446	285	101	500	500	9000	0	20103	-1	-1	115	0	-1						-1
17040301	路障木乃伊1	20102	13	1581	231	37	500	500	9000	0	20102	-1	-1	115	0	-1						-1
17040302	路障木乃伊2	20102	13	1654	231	37	500	500	9000	0	20102	-1	-1	115	0	-1						-1
17040303	路障木乃伊3	20102	14	1727	243	40	500	500	9000	0	20102	-1	-1	115	0	-1						-1
17040304	路障木乃伊4	20102	14	1800	243	40	500	500	9000	0	20102	-1	-1	115	0	-1						-1
17040305	路障木乃伊5	20102	15	1873	255	42	500	500	9000	0	20102	-1	-1	115	0	-1						-1
17040306	路障木乃伊6	20102	15	1946	255	42	500	500	9000	0	20102	-1	-1	115	0	-1						-1
17040307	路障木乃伊7	20102	16	2019	267	44	500	500	9000	0	20102	-1	-1	115	0	-1						-1
17040308	路障木乃伊8	20102	16	2092	267	44	500	500	9000	0	20102	-1	-1	115	0	-1						-1
17040309	路障木乃伊9	20102	17	2165	279	46	500	500	9000	0	20102	-1	-1	115	0	-1						-1
17040310	路障木乃伊10	20102	17	2238	279	46	500	500	9000	0	20102	-1	-1	115	0	-1						-1
17040311	路障木乃伊11	20102	18	2311	293	48	500	500	9000	0	20102	-1	-1	115	0	-1						-1
17040312	路障木乃伊12	20102	18	2384	293	48	500	500	9000	0	20102	-1	-1	115	0	-1						-1
17040313	路障木乃伊13	20102	19	2457	306	51	500	500	9000	0	20102	-1	-1	115	0	-1						-1
17040314	路障木乃伊14	20102	19	2530	306	51	500	500	9000	0	20102	-1	-1	115	0	-1						-1
17040315	路障木乃伊15	20102	20	2603	320	62	500	500	9000	0	20102	-1	-1	115	0	-1						-1
17040316	路障木乃伊16	20102	20	2676	320	62	500	500	9000	0	20102	-1	-1	115	0	-1						-1
17040317	路障木乃伊17	20102	21	2749	333	67	500	500	9000	0	20102	-1	-1	115	0	-1						-1
17040318	路障木乃伊18	20102	21	2822	333	67	500	500	9000	0	20102	-1	-1	115	0	-1						-1
17040319	路障木乃伊19	20102	22	2895	348	72	500	500	9000	0	20102	-1	-1	115	0	-1						-1
17040320	路障木乃伊20	20102	22	2968	348	72	500	500	9000	0	20102	-1	-1	115	0	-1						-1
17040321	路障木乃伊21	20102	23	3041	363	78	500	500	9000	0	20102	-1	-1	115	0	-1						-1
17040322	路障木乃伊22	20102	23	3114	363	78	500	500	9000	0	20102	-1	-1	115	0	-1						-1
17040323	路障木乃伊23	20102	24	3187	378	84	500	500	9000	0	20102	-1	-1	115	0	-1						-1
17040324	路障木乃伊24	20102	24	3260	378	84	500	500	9000	0	20102	-1	-1	115	0	-1						-1
17040325	路障木乃伊25	20102	25	3333	395	89	500	500	9000	0	20102	-1	-1	115	0	-1						-1
17040326	路障木乃伊26	20102	25	3406	395	89	500	500	9000	0	20102	-1	-1	115	0	-1						-1
17040327	路障木乃伊27	20102	26	3479	410	95	500	500	9000	0	20102	-1	-1	115	0	-1						-1
17040328	路障木乃伊28	20102	26	3552	410	95	500	500	9000	0	20102	-1	-1	115	0	-1						-1
17040329	路障木乃伊29	20102	27	3625	428	101	500	500	9000	0	20102	-1	-1	115	0	-1						-1
17040330	路障木乃伊30	20102	30	3698	428	101	500	500	9000	0	20102	-1	-1	115	0	-1						-1
17040401	铁桶木乃伊1	20104	13	1581	231	37	500	500	9000	0	20104	-1	-1	115	0	-1			7040101			-1
17040402	铁桶木乃伊2	20104	13	1654	231	37	500	500	9000	0	20104	-1	-1	115	0	-1			7040102			-1
17040403	铁桶木乃伊3	20104	14	1727	243	40	500	500	9000	0	20104	-1	-1	115	0	-1			7040103			-1
17040404	铁桶木乃伊4	20104	14	1800	243	40	500	500	9000	0	20104	-1	-1	115	0	-1			7040104			-1
17040405	铁桶木乃伊5	20104	15	1873	255	42	500	500	9000	0	20104	-1	-1	115	0	-1			7040105			-1
17040406	铁桶木乃伊6	20104	15	1946	255	42	500	500	9000	0	20104	-1	-1	115	0	-1			7040106			-1
17040407	铁桶木乃伊7	20104	16	2019	267	44	500	500	9000	0	20104	-1	-1	115	0	-1			7040107			-1
17040408	铁桶木乃伊8	20104	16	2092	267	44	500	500	9000	0	20104	-1	-1	115	0	-1			7040108			-1
17040409	铁桶木乃伊9	20104	17	2165	279	46	500	500	9000	0	20104	-1	-1	115	0	-1			7040109			-1
17040410	铁桶木乃伊10	20104	17	2238	279	46	500	500	9000	0	20104	-1	-1	115	0	-1			7040110			-1
17040411	铁桶木乃伊11	20104	18	2311	293	48	500	500	9000	0	20104	-1	-1	115	0	-1			7040111			-1
17040412	铁桶木乃伊12	20104	18	2384	293	48	500	500	9000	0	20104	-1	-1	115	0	-1			7040112			-1
17040413	铁桶木乃伊13	20104	19	2457	306	51	500	500	9000	0	20104	-1	-1	115	0	-1			7040113			-1
17040414	铁桶木乃伊14	20104	19	2530	306	51	500	500	9000	0	20104	-1	-1	115	0	-1			7040114			-1
17040415	铁桶木乃伊15	20104	20	2603	320	62	500	500	9000	0	20104	-1	-1	115	0	-1			7040115			-1
17040416	铁桶木乃伊16	20104	20	2676	320	62	500	500	9000	0	20104	-1	-1	115	0	-1			7040116			-1
17040417	铁桶木乃伊17	20104	21	2749	333	67	500	500	9000	0	20104	-1	-1	115	0	-1			7040117			-1
17040418	铁桶木乃伊18	20104	21	2822	333	67	500	500	9000	0	20104	-1	-1	115	0	-1			7040118			-1
17040419	铁桶木乃伊19	20104	22	2895	348	72	500	500	9000	0	20104	-1	-1	115	0	-1			7040119			-1
17040420	铁桶木乃伊20	20104	22	2968	348	72	500	500	9000	0	20104	-1	-1	115	0	-1			7040120			-1
17040421	铁桶木乃伊21	20104	23	3041	363	78	500	500	9000	0	20104	-1	-1	115	0	-1			7040121			-1
17040422	铁桶木乃伊22	20104	23	3114	363	78	500	500	9000	0	20104	-1	-1	115	0	-1			7040122			-1
17040423	铁桶木乃伊23	20104	24	3187	378	84	500	500	9000	0	20104	-1	-1	115	0	-1			7040123			-1
17040424	铁桶木乃伊24	20104	24	3260	378	84	500	500	9000	0	20104	-1	-1	115	0	-1			7040124			-1
17040425	铁桶木乃伊25	20104	25	3333	395	89	500	500	9000	0	20104	-1	-1	115	0	-1			7040125			-1
17040426	铁桶木乃伊26	20104	25	3406	395	89	500	500	9000	0	20104	-1	-1	115	0	-1			7040126			-1
17040427	铁桶木乃伊27	20104	26	3479	410	95	500	500	9000	0	20104	-1	-1	115	0	-1			7040127			-1
17040428	铁桶木乃伊28	20104	26	3552	410	95	500	500	9000	0	20104	-1	-1	115	0	-1			7040128			-1
17040429	铁桶木乃伊29	20104	27	3625	428	101	500	500	9000	0	20104	-1	-1	115	0	-1			7040129			-1
17040430	铁桶木乃伊30	20104	30	3698	428	101	500	500	9000	0	20104	-1	-1	115	0	-1			7040130			-1
17040501	死神僵尸1	20107	13	1581	231	37	500	500	9000	0	20107	-1	-1	115	0	-1						-1
17040502	死神僵尸2	20107	13	1654	231	37	500	500	9000	0	20107	-1	-1	115	0	-1						-1
17040503	死神僵尸3	20107	14	1727	243	40	500	500	9000	0	20107	-1	-1	115	0	-1						-1
17040504	死神僵尸4	20107	14	1800	243	40	500	500	9000	0	20107	-1	-1	115	0	-1						-1
17040505	死神僵尸5	20107	15	1873	255	42	500	500	9000	0	20107	-1	-1	115	0	-1						-1
17040506	死神僵尸6	20107	15	1946	255	42	500	500	9000	0	20107	-1	-1	115	0	-1						-1
17040507	死神僵尸7	20107	16	2019	267	44	500	500	9000	0	20107	-1	-1	115	0	-1						-1
17040508	死神僵尸8	20107	16	2092	267	44	500	500	9000	0	20107	-1	-1	115	0	-1						-1
17040509	死神僵尸9	20107	17	2165	279	46	500	500	9000	0	20107	-1	-1	115	0	-1						-1
17040510	死神僵尸10	20107	17	2238	279	46	500	500	9000	0	20107	-1	-1	115	0	-1						-1
17040511	死神僵尸11	20107	18	2311	293	48	500	500	9000	0	20107	-1	-1	115	0	-1						-1
17040512	死神僵尸12	20107	18	2384	293	48	500	500	9000	0	20107	-1	-1	115	0	-1						-1
17040513	死神僵尸13	20107	19	2457	306	51	500	500	9000	0	20107	-1	-1	115	0	-1						-1
17040514	死神僵尸14	20107	19	2530	306	51	500	500	9000	0	20107	-1	-1	115	0	-1						-1
17040515	死神僵尸15	20107	20	2603	320	62	500	500	9000	0	20107	-1	-1	115	0	-1						-1
17040516	死神僵尸16	20107	20	2676	320	62	500	500	9000	0	20107	-1	-1	115	0	-1						-1
17040517	死神僵尸17	20107	21	2749	333	67	500	500	9000	0	20107	-1	-1	115	0	-1						-1
17040518	死神僵尸18	20107	21	2822	333	67	500	500	9000	0	20107	-1	-1	115	0	-1						-1
17040519	死神僵尸19	20107	22	2895	348	72	500	500	9000	0	20107	-1	-1	115	0	-1						-1
17040520	死神僵尸20	20107	22	2968	348	72	500	500	9000	0	20107	-1	-1	115	0	-1						-1
17040521	死神僵尸21	20107	23	3041	363	78	500	500	9000	0	20107	-1	-1	115	0	-1						-1
17040522	死神僵尸22	20107	23	3114	363	78	500	500	9000	0	20107	-1	-1	115	0	-1						-1
17040523	死神僵尸23	20107	24	3187	378	84	500	500	9000	0	20107	-1	-1	115	0	-1						-1
17040524	死神僵尸24	20107	24	3260	378	84	500	500	9000	0	20107	-1	-1	115	0	-1						-1
17040525	死神僵尸25	20107	25	3333	395	89	500	500	9000	0	20107	-1	-1	115	0	-1						-1
17040526	死神僵尸26	20107	25	3406	395	89	500	500	9000	0	20107	-1	-1	115	0	-1						-1
17040527	死神僵尸27	20107	26	3479	410	95	500	500	9000	0	20107	-1	-1	115	0	-1						-1
17040528	死神僵尸28	20107	26	3552	410	95	500	500	9000	0	20107	-1	-1	115	0	-1						-1
17040529	死神僵尸29	20107	27	3625	428	101	500	500	9000	0	20107	-1	-1	115	0	-1						-1
17040530	死神僵尸30	20107	30	3698	428	101	500	500	9000	0	20107	-1	-1	115	0	-1						-1
17040601	太阳神僵尸1	20111	13	1054	108	37	500	500	9000	0	11111003	-1	-1	115	0	-1						-1
17040602	太阳神僵尸2	20111	13	1102	108	37	500	500	9000	0	11111003	-1	-1	115	0	-1						-1
17040603	太阳神僵尸3	20111	14	1150	113	40	500	500	9000	0	11111003	-1	-1	115	0	-1						-1
17040604	太阳神僵尸4	20111	14	1198	113	40	500	500	9000	0	11111003	-1	-1	115	0	-1						-1
17040605	太阳神僵尸5	20111	15	1246	118	42	500	500	9000	0	11111003	-1	-1	115	0	-1						-1
17040606	太阳神僵尸6	20111	15	1294	118	42	500	500	9000	0	11111003	-1	-1	115	0	-1						-1
17040607	太阳神僵尸7	20111	16	1342	124	44	500	500	9000	0	11111003	-1	-1	115	0	-1						-1
17040608	太阳神僵尸8	20111	16	1390	124	44	500	500	9000	0	11111003	-1	-1	115	0	-1						-1
17040609	太阳神僵尸9	20111	17	1438	130	46	500	500	9000	0	11111003	-1	-1	115	0	-1						-1
17040610	太阳神僵尸10	20111	17	1486	130	46	500	500	9000	0	11111003	-1	-1	115	0	-1						-1
17040611	太阳神僵尸11	20111	18	1534	136	48	500	500	9000	0	11111003	-1	-1	115	0	-1						-1
17040612	太阳神僵尸12	20111	18	1582	136	48	500	500	9000	0	11111003	-1	-1	115	0	-1						-1
17040613	太阳神僵尸13	20111	19	1630	141	51	500	500	9000	0	11111003	-1	-1	115	0	-1						-1
17040614	太阳神僵尸14	20111	19	1678	141	51	500	500	9000	0	11111003	-1	-1	115	0	-1						-1
17040615	太阳神僵尸15	20111	20	1726	148	62	500	500	9000	0	11111003	-1	-1	115	0	-1						-1
17040616	太阳神僵尸16	20111	20	1774	148	62	500	500	9000	0	11111003	-1	-1	115	0	-1						-1
17040617	太阳神僵尸17	20111	21	1822	154	67	500	500	9000	0	11111003	-1	-1	115	0	-1						-1
17040618	太阳神僵尸18	20111	21	1870	154	67	500	500	9000	0	11111003	-1	-1	115	0	-1						-1
17040619	太阳神僵尸19	20111	22	1918	160	72	500	500	9000	0	11111003	-1	-1	115	0	-1						-1
17040620	太阳神僵尸20	20111	22	1966	160	72	500	500	9000	0	11111003	-1	-1	115	0	-1						-1
17040621	太阳神僵尸21	20111	23	2014	167	78	500	500	9000	0	11111003	-1	-1	115	0	-1						-1
17040622	太阳神僵尸22	20111	23	2062	167	78	500	500	9000	0	11111003	-1	-1	115	0	-1						-1
17040623	太阳神僵尸23	20111	24	2110	174	84	500	500	9000	0	11111003	-1	-1	115	0	-1						-1
17040624	太阳神僵尸24	20111	24	2158	174	84	500	500	9000	0	11111003	-1	-1	115	0	-1						-1
17040625	太阳神僵尸25	20111	25	2206	180	89	500	500	9000	0	11111003	-1	-1	115	0	-1						-1
17040626	太阳神僵尸26	20111	25	2254	180	89	500	500	9000	0	11111003	-1	-1	115	0	-1						-1
17040627	太阳神僵尸27	20111	26	2302	187	95	500	500	9000	0	11111003	-1	-1	115	0	-1						-1
17040628	太阳神僵尸28	20111	26	2350	187	95	500	500	9000	0	11111003	-1	-1	115	0	-1						-1
17040629	太阳神僵尸29	20111	27	2398	195	101	500	500	9000	0	11111003	-1	-1	115	0	-1						-1
17040630	太阳神僵尸30	20111	30	2446	195	101	500	500	9000	0	11111003	-1	-1	115	0	-1						-1
17040701	探险家僵尸1	20106	13	1054	216	37	500	500	9000	0	11111005	-1	-1	115	0	-1			7040801	15607		-1
17040702	探险家僵尸2	20106	13	1102	216	37	500	500	9000	0	11111005	-1	-1	115	0	-1			7040802	15607		-1
17040703	探险家僵尸3	20106	14	1150	227	40	500	500	9000	0	11111005	-1	-1	115	0	-1			7040803	15607		-1
17040704	探险家僵尸4	20106	14	1198	227	40	500	500	9000	0	11111005	-1	-1	115	0	-1			7040804	15607		-1
17040705	探险家僵尸5	20106	15	1246	237	42	500	500	9000	0	11111005	-1	-1	115	0	-1			7040805	15607		-1
17040706	探险家僵尸6	20106	15	1294	237	42	500	500	9000	0	11111005	-1	-1	115	0	-1			7040806	15607		-1
17040707	探险家僵尸7	20106	16	1342	248	44	500	500	9000	0	11111005	-1	-1	115	0	-1			7040807	15607		-1
17040708	探险家僵尸8	20106	16	1390	248	44	500	500	9000	0	11111005	-1	-1	115	0	-1			7040808	15607		-1
17040709	探险家僵尸9	20106	17	1438	259	46	500	500	9000	0	11111005	-1	-1	115	0	-1			7040809	15607		-1
17040710	探险家僵尸10	20106	17	1486	259	46	500	500	9000	0	11111005	-1	-1	115	0	-1			7040810	15607		-1
17040711	探险家僵尸11	20106	18	1534	272	48	500	500	9000	0	11111005	-1	-1	115	0	-1			7040811	15607		-1
17040712	探险家僵尸12	20106	18	1582	272	48	500	500	9000	0	11111005	-1	-1	115	0	-1			7040812	15607		-1
17040713	探险家僵尸13	20106	19	1630	283	51	500	500	9000	0	11111005	-1	-1	115	0	-1			7040813	15607		-1
17040714	探险家僵尸14	20106	19	1678	283	51	500	500	9000	0	11111005	-1	-1	115	0	-1			7040814	15607		-1
17040715	探险家僵尸15	20106	20	1726	295	62	500	500	9000	0	11111005	-1	-1	115	0	-1			7040815	15607		-1
17040716	探险家僵尸16	20106	20	1774	295	62	500	500	9000	0	11111005	-1	-1	115	0	-1			7040816	15607		-1
17040717	探险家僵尸17	20106	21	1822	308	67	500	500	9000	0	11111005	-1	-1	115	0	-1			7040817	15607		-1
17040718	探险家僵尸18	20106	21	1870	308	67	500	500	9000	0	11111005	-1	-1	115	0	-1			7040818	15607		-1
17040719	探险家僵尸19	20106	22	1918	321	72	500	500	9000	0	11111005	-1	-1	115	0	-1			7040819	15607		-1
17040720	探险家僵尸20	20106	22	1966	321	72	500	500	9000	0	11111005	-1	-1	115	0	-1			7040820	15607		-1
17040721	探险家僵尸21	20106	23	2014	333	78	500	500	9000	0	11111005	-1	-1	115	0	-1			7040821	15607		-1
17040722	探险家僵尸22	20106	23	2062	333	78	500	500	9000	0	11111005	-1	-1	115	0	-1			7040822	15607		-1
17040723	探险家僵尸23	20106	24	2110	347	84	500	500	9000	0	11111005	-1	-1	115	0	-1			7040823	15607		-1
17040724	探险家僵尸24	20106	24	2158	347	84	500	500	9000	0	11111005	-1	-1	115	0	-1			7040824	15607		-1
17040725	探险家僵尸25	20106	25	2206	360	89	500	500	9000	0	11111005	-1	-1	115	0	-1			7040825	15607		-1
17040726	探险家僵尸26	20106	25	2254	360	89	500	500	9000	0	11111005	-1	-1	115	0	-1			7040826	15607		-1
17040727	探险家僵尸27	20106	26	2302	374	95	500	500	9000	0	11111005	-1	-1	115	0	-1			7040827	15607		-1
17040728	探险家僵尸28	20106	26	2350	374	95	500	500	9000	0	11111005	-1	-1	115	0	-1			7040828	15607		-1
17040729	探险家僵尸29	20106	27	2398	389	101	500	500	9000	0	11111005	-1	-1	115	0	-1			7040829	15607		-1
17040730	探险家僵尸30	20106	30	2446	389	101	500	500	9000	0	11111005	-1	-1	115	0	-1			7040830	15607		-1
17040801	埃及探险（无火）1	20730	13	1054	154	37	500	500	9000	0	20730	-1	-1	115	0	-1			7040701	15610		-1
17040802	埃及探险（无火）2	20730	13	1102	154	37	500	500	9000	0	20730	-1	-1	115	0	-1			7040702	15610		-1
17040803	埃及探险（无火）3	20730	14	1150	162	40	500	500	9000	0	20730	-1	-1	115	0	-1			7040703	15610		-1
17040804	埃及探险（无火）4	20730	14	1198	162	40	500	500	9000	0	20730	-1	-1	115	0	-1			7040704	15610		-1
17040805	埃及探险（无火）5	20730	15	1246	170	42	500	500	9000	0	20730	-1	-1	115	0	-1			7040705	15610		-1
17040806	埃及探险（无火）6	20730	15	1294	170	42	500	500	9000	0	20730	-1	-1	115	0	-1			7040706	15610		-1
17040807	埃及探险（无火）7	20730	16	1342	178	44	500	500	9000	0	20730	-1	-1	115	0	-1			7040707	15610		-1
17040808	埃及探险（无火）8	20730	16	1390	178	44	500	500	9000	0	20730	-1	-1	115	0	-1			7040708	15610		-1
17040809	埃及探险（无火）9	20730	17	1438	186	46	500	500	9000	0	20730	-1	-1	115	0	-1			7040709	15610		-1
17040810	埃及探险（无火）10	20730	17	1486	186	46	500	500	9000	0	20730	-1	-1	115	0	-1			7040710	15610		-1
17040811	埃及探险（无火）11	20730	18	1534	195	48	500	500	9000	0	20730	-1	-1	115	0	-1			7040711	15610		-1
17040812	埃及探险（无火）12	20730	18	1582	195	48	500	500	9000	0	20730	-1	-1	115	0	-1			7040712	15610		-1
17040813	埃及探险（无火）13	20730	19	1630	204	51	500	500	9000	0	20730	-1	-1	115	0	-1			7040713	15610		-1
17040814	埃及探险（无火）14	20730	19	1678	204	51	500	500	9000	0	20730	-1	-1	115	0	-1			7040714	15610		-1
17040815	埃及探险（无火）15	20730	20	1726	213	62	500	500	9000	0	20730	-1	-1	115	0	-1			7040715	15610		-1
17040816	埃及探险（无火）16	20730	20	1774	213	62	500	500	9000	0	20730	-1	-1	115	0	-1			7040716	15610		-1
17040817	埃及探险（无火）17	20730	21	1822	222	67	500	500	9000	0	20730	-1	-1	115	0	-1			7040717	15610		-1
17040818	埃及探险（无火）18	20730	21	1870	222	67	500	500	9000	0	20730	-1	-1	115	0	-1			7040718	15610		-1
17040819	埃及探险（无火）19	20730	22	1918	232	72	500	500	9000	0	20730	-1	-1	115	0	-1			7040719	15610		-1
17040820	埃及探险（无火）20	20730	22	1966	232	72	500	500	9000	0	20730	-1	-1	115	0	-1			7040720	15610		-1
17040821	埃及探险（无火）21	20730	23	2014	242	78	500	500	9000	0	20730	-1	-1	115	0	-1			7040721	15610		-1
17040822	埃及探险（无火）22	20730	23	2062	242	78	500	500	9000	0	20730	-1	-1	115	0	-1			7040722	15610		-1
17040823	埃及探险（无火）23	20730	24	2110	252	84	500	500	9000	0	20730	-1	-1	115	0	-1			7040723	15610		-1
17040824	埃及探险（无火）24	20730	24	2158	252	84	500	500	9000	0	20730	-1	-1	115	0	-1			7040724	15610		-1
17040825	埃及探险（无火）25	20730	25	2206	263	89	500	500	9000	0	20730	-1	-1	115	0	-1			7040725	15610		-1
17040826	埃及探险（无火）26	20730	25	2254	263	89	500	500	9000	0	20730	-1	-1	115	0	-1			7040726	15610		-1
17040827	埃及探险（无火）27	20730	26	2302	273	95	500	500	9000	0	20730	-1	-1	115	0	-1			7040727	15610		-1
17040828	埃及探险（无火）28	20730	26	2350	273	95	500	500	9000	0	20730	-1	-1	115	0	-1			7040728	15610		-1
17040829	埃及探险（无火）29	20730	27	2398	285	101	500	500	9000	0	20730	-1	-1	115	0	-1			7040729	15610		-1
17040830	埃及探险（无火）30	20730	30	2971	320	120	500	500	9000	0	20730	-1	-1	115	0	-1			7040730	15610		-1
17050101	海盗僵尸1	20201	28	2301	305	111	500	500	9000	0	20201	-1	-1	115	0	-1						-1
17050102	海盗僵尸2	20201	28	2301	305	111	500	500	9000	0	20201	-1	-1	115	0	-1						-1
17050103	海盗僵尸3	20201	29	2398	317	117	500	500	9000	0	20201	-1	-1	115	0	-1						-1
17050104	海盗僵尸4	20201	29	2398	317	117	500	500	9000	0	20201	-1	-1	115	0	-1						-1
17050105	海盗僵尸5	20201	30	3060	330	124	500	500	9000	0	20201	-1	-1	115	0	-1						-1
17050106	海盗僵尸6	20201	30	3060	330	124	500	500	9000	0	20201	-1	-1	115	0	-1						-1
17050107	海盗僵尸7	20201	31	3189	343	131	500	500	9000	0	20201	-1	-1	115	0	-1						-1
17050108	海盗僵尸8	20201	31	3189	343	131	500	500	9000	0	20201	-1	-1	115	0	-1						-1
17050109	海盗僵尸9	20201	32	3322	356	138	500	500	9000	0	20201	-1	-1	115	0	-1						-1
17050110	海盗僵尸10	20201	32	3322	356	138	500	500	9000	0	20201	-1	-1	115	0	-1						-1
17050111	海盗僵尸11	20201	33	3458	371	146	500	500	9000	0	20201	-1	-1	115	0	-1						-1
17050112	海盗僵尸12	20201	33	3458	371	146	500	500	9000	0	20201	-1	-1	115	0	-1						-1
17050113	海盗僵尸13	20201	34	3595	385	152	500	500	9000	0	20201	-1	-1	115	0	-1						-1
17050114	海盗僵尸14	20201	34	3595	385	152	500	500	9000	0	20201	-1	-1	115	0	-1						-1
17050115	海盗僵尸15	20201	35	3734	400	160	500	500	9000	0	20201	-1	-1	115	0	-1						-1
17050116	海盗僵尸16	20201	35	3734	400	160	500	500	9000	0	20201	-1	-1	115	0	-1						-1
17050117	海盗僵尸17	20201	36	3877	415	167	500	500	9000	0	20201	-1	-1	115	0	-1						-1
17050118	海盗僵尸18	20201	36	3877	415	167	500	500	9000	0	20201	-1	-1	115	0	-1						-1
17050119	海盗僵尸19	20201	37	4023	432	176	500	500	9000	0	20201	-1	-1	115	0	-1						-1
17050120	海盗僵尸20	20201	37	4023	432	176	500	500	9000	0	20201	-1	-1	115	0	-1						-1
17050121	海盗僵尸21	20201	37	4023	432	176	500	500	9000	0	20201	-1	-1	115	0	-1						-1
17050122	海盗僵尸22	20201	38	4172	448	184	500	500	9000	0	20201	-1	-1	115	0	-1						-1
17050123	海盗僵尸23	20201	38	4172	448	184	500	500	9000	0	20201	-1	-1	115	0	-1						-1
17050124	海盗僵尸24	20201	38	4172	448	184	500	500	9000	0	20201	-1	-1	115	0	-1						-1
17050125	海盗僵尸25	20201	38	4172	448	184	500	500	9000	0	20201	-1	-1	115	0	-1						-1
17050126	海盗僵尸26	20201	39	4322	466	192	500	500	9000	0	20201	-1	-1	115	0	-1						-1
17050127	海盗僵尸27	20201	39	4322	466	192	500	500	9000	0	20201	-1	-1	115	0	-1						-1
17050128	海盗僵尸28	20201	39	4322	466	192	500	500	9000	0	20201	-1	-1	115	0	-1						-1
17050129	海盗僵尸29	20201	39	4322	466	192	500	500	9000	0	20201	-1	-1	115	0	-1						-1
17050130	海盗僵尸30	20201	39	4322	466	192	500	500	9000	0	20201	-1	-1	115	0	-1						-1
17050201	旗帜海盗1	20203	28	2301	305	111	500	500	9000	0	20203	-1	-1	115	0	-1						-1
17050202	旗帜海盗2	20203	28	2301	305	111	500	500	9000	0	20203	-1	-1	115	0	-1						-1
17050203	旗帜海盗3	20203	29	2398	317	117	500	500	9000	0	20203	-1	-1	115	0	-1						-1
17050204	旗帜海盗4	20203	29	2398	317	117	500	500	9000	0	20203	-1	-1	115	0	-1						-1
17050205	旗帜海盗5	20203	30	3060	330	124	500	500	9000	0	20203	-1	-1	115	0	-1						-1
17050206	旗帜海盗6	20203	30	3060	330	124	500	500	9000	0	20203	-1	-1	115	0	-1						-1
17050207	旗帜海盗7	20203	31	3189	343	131	500	500	9000	0	20203	-1	-1	115	0	-1						-1
17050208	旗帜海盗8	20203	31	3189	343	131	500	500	9000	0	20203	-1	-1	115	0	-1						-1
17050209	旗帜海盗9	20203	32	3322	356	138	500	500	9000	0	20203	-1	-1	115	0	-1						-1
17050210	旗帜海盗10	20203	32	3322	356	138	500	500	9000	0	20203	-1	-1	115	0	-1						-1
17050211	旗帜海盗11	20203	33	3458	371	146	500	500	9000	0	20203	-1	-1	115	0	-1						-1
17050212	旗帜海盗12	20203	33	3458	371	146	500	500	9000	0	20203	-1	-1	115	0	-1						-1
17050213	旗帜海盗13	20203	34	3595	385	152	500	500	9000	0	20203	-1	-1	115	0	-1						-1
17050214	旗帜海盗14	20203	34	3595	385	152	500	500	9000	0	20203	-1	-1	115	0	-1						-1
17050215	旗帜海盗15	20203	35	3734	400	160	500	500	9000	0	20203	-1	-1	115	0	-1						-1
17050216	旗帜海盗16	20203	35	3734	400	160	500	500	9000	0	20203	-1	-1	115	0	-1						-1
17050217	旗帜海盗17	20203	36	3877	415	167	500	500	9000	0	20203	-1	-1	115	0	-1						-1
17050218	旗帜海盗18	20203	36	3877	415	167	500	500	9000	0	20203	-1	-1	115	0	-1						-1
17050219	旗帜海盗19	20203	37	4023	432	176	500	500	9000	0	20203	-1	-1	115	0	-1						-1
17050220	旗帜海盗20	20203	37	4023	432	176	500	500	9000	0	20203	-1	-1	115	0	-1						-1
17050221	旗帜海盗21	20203	37	4023	432	176	500	500	9000	0	20203	-1	-1	115	0	-1						-1
17050222	旗帜海盗22	20203	38	4172	448	184	500	500	9000	0	20203	-1	-1	115	0	-1						-1
17050223	旗帜海盗23	20203	38	4172	448	184	500	500	9000	0	20203	-1	-1	115	0	-1						-1
17050224	旗帜海盗24	20203	38	4172	448	184	500	500	9000	0	20203	-1	-1	115	0	-1						-1
17050225	旗帜海盗25	20203	38	4172	448	184	500	500	9000	0	20203	-1	-1	115	0	-1						-1
17050226	旗帜海盗26	20203	39	4322	466	192	500	500	9000	0	20203	-1	-1	115	0	-1						-1
17050227	旗帜海盗27	20203	39	4322	466	192	500	500	9000	0	20203	-1	-1	115	0	-1						-1
17050228	旗帜海盗28	20203	39	4322	466	192	500	500	9000	0	20203	-1	-1	115	0	-1						-1
17050229	旗帜海盗29	20203	39	4322	466	192	500	500	9000	0	20203	-1	-1	115	0	-1						-1
17050230	旗帜海盗30	20203	39	4322	466	192	500	500	9000	0	20203	-1	-1	115	0	-1						-1
17050301	路障海盗1	20202	28	3452	457	111	500	500	9000	0	20202	-1	-1	115	0	-1						-1
17050302	路障海盗2	20202	28	3452	457	111	500	500	9000	0	20202	-1	-1	115	0	-1						-1
17050303	路障海盗3	20202	29	3597	476	117	500	500	9000	0	20202	-1	-1	115	0	-1						-1
17050304	路障海盗4	20202	29	3597	476	117	500	500	9000	0	20202	-1	-1	115	0	-1						-1
17050305	路障海盗5	20202	30	4591	494	124	500	500	9000	0	20202	-1	-1	115	0	-1						-1
17050306	路障海盗6	20202	30	4591	494	124	500	500	9000	0	20202	-1	-1	115	0	-1						-1
17050307	路障海盗7	20202	31	4785	515	131	500	500	9000	0	20202	-1	-1	115	0	-1						-1
17050308	路障海盗8	20202	31	4785	515	131	500	500	9000	0	20202	-1	-1	115	0	-1						-1
17050309	路障海盗9	20202	32	4982	535	138	500	500	9000	0	20202	-1	-1	115	0	-1						-1
17050310	路障海盗10	20202	32	4982	535	138	500	500	9000	0	20202	-1	-1	115	0	-1						-1
17050311	路障海盗11	20202	33	5187	556	146	500	500	9000	0	20202	-1	-1	115	0	-1						-1
17050312	路障海盗12	20202	33	5187	556	146	500	500	9000	0	20202	-1	-1	115	0	-1						-1
17050313	路障海盗13	20202	34	5392	578	152	500	500	9000	0	20202	-1	-1	115	0	-1						-1
17050314	路障海盗14	20202	34	5392	578	152	500	500	9000	0	20202	-1	-1	115	0	-1						-1
17050315	路障海盗15	20202	35	5602	599	160	500	500	9000	0	20202	-1	-1	115	0	-1						-1
17050316	路障海盗16	20202	35	5602	599	160	500	500	9000	0	20202	-1	-1	115	0	-1						-1
17050317	路障海盗17	20202	36	5817	623	167	500	500	9000	0	20202	-1	-1	115	0	-1						-1
17050318	路障海盗18	20202	36	5817	623	167	500	500	9000	0	20202	-1	-1	115	0	-1						-1
17050319	路障海盗19	20202	37	6036	648	176	500	500	9000	0	20202	-1	-1	115	0	-1						-1
17050320	路障海盗20	20202	37	6036	648	176	500	500	9000	0	20202	-1	-1	115	0	-1						-1
17050321	路障海盗21	20202	37	6036	648	176	500	500	9000	0	20202	-1	-1	115	0	-1						-1
17050322	路障海盗22	20202	38	6259	673	184	500	500	9000	0	20202	-1	-1	115	0	-1						-1
17050323	路障海盗23	20202	38	6259	673	184	500	500	9000	0	20202	-1	-1	115	0	-1						-1
17050324	路障海盗24	20202	38	6259	673	184	500	500	9000	0	20202	-1	-1	115	0	-1						-1
17050325	路障海盗25	20202	38	6259	673	184	500	500	9000	0	20202	-1	-1	115	0	-1						-1
17050326	路障海盗26	20202	39	6485	698	192	500	500	9000	0	20202	-1	-1	115	0	-1						-1
17050327	路障海盗27	20202	39	6485	698	192	500	500	9000	0	20202	-1	-1	115	0	-1						-1
17050328	路障海盗28	20202	39	6485	698	192	500	500	9000	0	20202	-1	-1	115	0	-1						-1
17050329	路障海盗29	20202	39	6485	698	192	500	500	9000	0	20202	-1	-1	115	0	-1						-1
17050330	路障海盗30	20202	39	6485	698	192	500	500	9000	0	20202	-1	-1	115	0	-1						-1
17050401	铁桶海盗1	20204	28	3452	457	111	500	500	9000	0	20204	-1	-1	115	0	-1			7050101			-1
17050402	铁桶海盗2	20204	28	3452	457	111	500	500	9000	0	20204	-1	-1	115	0	-1			7050102			-1
17050403	铁桶海盗3	20204	29	3597	476	117	500	500	9000	0	20204	-1	-1	115	0	-1			7050103			-1
17050404	铁桶海盗4	20204	29	3597	476	117	500	500	9000	0	20204	-1	-1	115	0	-1			7050104			-1
17050405	铁桶海盗5	20204	30	4591	494	124	500	500	9000	0	20204	-1	-1	115	0	-1			7050105			-1
17050406	铁桶海盗6	20204	30	4591	494	124	500	500	9000	0	20204	-1	-1	115	0	-1			7050106			-1
17050407	铁桶海盗7	20204	31	4785	515	131	500	500	9000	0	20204	-1	-1	115	0	-1			7050107			-1
17050408	铁桶海盗8	20204	31	4785	515	131	500	500	9000	0	20204	-1	-1	115	0	-1			7050108			-1
17050409	铁桶海盗9	20204	32	4982	535	138	500	500	9000	0	20204	-1	-1	115	0	-1			7050109			-1
17050410	铁桶海盗10	20204	32	4982	535	138	500	500	9000	0	20204	-1	-1	115	0	-1			7050110			-1
17050411	铁桶海盗11	20204	33	5187	556	146	500	500	9000	0	20204	-1	-1	115	0	-1			7050111			-1
17050412	铁桶海盗12	20204	33	5187	556	146	500	500	9000	0	20204	-1	-1	115	0	-1			7050112			-1
17050413	铁桶海盗13	20204	34	5392	578	152	500	500	9000	0	20204	-1	-1	115	0	-1			7050113			-1
17050414	铁桶海盗14	20204	34	5392	578	152	500	500	9000	0	20204	-1	-1	115	0	-1			7050114			-1
17050415	铁桶海盗15	20204	35	5602	599	160	500	500	9000	0	20204	-1	-1	115	0	-1			7050115			-1
17050416	铁桶海盗16	20204	35	5602	599	160	500	500	9000	0	20204	-1	-1	115	0	-1			7050116			-1
17050417	铁桶海盗17	20204	36	5817	623	167	500	500	9000	0	20204	-1	-1	115	0	-1			7050117			-1
17050418	铁桶海盗18	20204	36	5817	623	167	500	500	9000	0	20204	-1	-1	115	0	-1			7050118			-1
17050419	铁桶海盗19	20204	37	6036	648	176	500	500	9000	0	20204	-1	-1	115	0	-1			7050119			-1
17050420	铁桶海盗20	20204	37	6036	648	176	500	500	9000	0	20204	-1	-1	115	0	-1			7050120			-1
17050421	铁桶海盗21	20204	37	6036	648	176	500	500	9000	0	20204	-1	-1	115	0	-1			7050121			-1
17050422	铁桶海盗22	20204	38	6259	673	184	500	500	9000	0	20204	-1	-1	115	0	-1			7050122			-1
17050423	铁桶海盗23	20204	38	6259	673	184	500	500	9000	0	20204	-1	-1	115	0	-1			7050123			-1
17050424	铁桶海盗24	20204	38	6259	673	184	500	500	9000	0	20204	-1	-1	115	0	-1			7050124			-1
17050425	铁桶海盗25	20204	38	6259	673	184	500	500	9000	0	20204	-1	-1	115	0	-1			7050125			-1
17050426	铁桶海盗26	20204	39	6485	698	192	500	500	9000	0	20204	-1	-1	115	0	-1			7050126			-1
17050427	铁桶海盗27	20204	39	6485	698	192	500	500	9000	0	20204	-1	-1	115	0	-1			7050127			-1
17050428	铁桶海盗28	20204	39	6485	698	192	500	500	9000	0	20204	-1	-1	115	0	-1			7050128			-1
17050429	铁桶海盗29	20204	39	6485	698	192	500	500	9000	0	20204	-1	-1	115	0	-1			7050129			-1
17050430	铁桶海盗30	20204	39	6485	698	192	500	500	9000	0	20204	-1	-1	115	0	-1			7050130			-1
17050501	飞索海盗1	20205	28	3452	457	111	500	500	9000	0	20205	-1	-1	115	0	-1						-1
17050502	飞索海盗2	20205	28	3452	457	111	500	500	9000	0	20205	-1	-1	115	0	-1						-1
17050503	飞索海盗3	20205	29	3597	476	117	500	500	9000	0	20205	-1	-1	115	0	-1						-1
17050504	飞索海盗4	20205	29	3597	476	117	500	500	9000	0	20205	-1	-1	115	0	-1						-1
17050505	飞索海盗5	20205	30	4591	494	124	500	500	9000	0	20205	-1	-1	115	0	-1						-1
17050506	飞索海盗6	20205	30	4591	494	124	500	500	9000	0	20205	-1	-1	115	0	-1						-1
17050507	飞索海盗7	20205	31	4785	515	131	500	500	9000	0	20205	-1	-1	115	0	-1						-1
17050508	飞索海盗8	20205	31	4785	515	131	500	500	9000	0	20205	-1	-1	115	0	-1						-1
17050509	飞索海盗9	20205	32	4982	535	138	500	500	9000	0	20205	-1	-1	115	0	-1						-1
17050510	飞索海盗10	20205	32	4982	535	138	500	500	9000	0	20205	-1	-1	115	0	-1						-1
17050511	飞索海盗11	20205	33	5187	556	146	500	500	9000	0	20205	-1	-1	115	0	-1						-1
17050512	飞索海盗12	20205	33	5187	556	146	500	500	9000	0	20205	-1	-1	115	0	-1						-1
17050513	飞索海盗13	20205	34	5392	578	152	500	500	9000	0	20205	-1	-1	115	0	-1						-1
17050514	飞索海盗14	20205	34	5392	578	152	500	500	9000	0	20205	-1	-1	115	0	-1						-1
17050515	飞索海盗15	20205	35	5602	599	160	500	500	9000	0	20205	-1	-1	115	0	-1						-1
17050516	飞索海盗16	20205	35	5602	599	160	500	500	9000	0	20205	-1	-1	115	0	-1						-1
17050517	飞索海盗17	20205	36	5817	623	167	500	500	9000	0	20205	-1	-1	115	0	-1						-1
17050518	飞索海盗18	20205	36	5817	623	167	500	500	9000	0	20205	-1	-1	115	0	-1						-1
17050519	飞索海盗19	20205	37	6036	648	176	500	500	9000	0	20205	-1	-1	115	0	-1						-1
17050520	飞索海盗20	20205	37	6036	648	176	500	500	9000	0	20205	-1	-1	115	0	-1						-1
17050521	飞索海盗21	20205	37	6036	648	176	500	500	9000	0	20205	-1	-1	115	0	-1						-1
17050522	飞索海盗22	20205	38	6259	673	184	500	500	9000	0	20205	-1	-1	115	0	-1						-1
17050523	飞索海盗23	20205	38	6259	673	184	500	500	9000	0	20205	-1	-1	115	0	-1						-1
17050524	飞索海盗24	20205	38	6259	673	184	500	500	9000	0	20205	-1	-1	115	0	-1						-1
17050525	飞索海盗25	20205	38	6259	673	184	500	500	9000	0	20205	-1	-1	115	0	-1						-1
17050526	飞索海盗26	20205	39	6485	698	192	500	500	9000	0	20205	-1	-1	115	0	-1						-1
17050527	飞索海盗27	20205	39	6485	698	192	500	500	9000	0	20205	-1	-1	115	0	-1						-1
17050528	飞索海盗28	20205	39	6485	698	192	500	500	9000	0	20205	-1	-1	115	0	-1						-1
17050529	飞索海盗29	20205	39	6485	698	192	500	500	9000	0	20205	-1	-1	115	0	-1						-1
17050530	飞索海盗30	20205	39	6485	698	192	500	500	9000	0	20205	-1	-1	115	0	-1						-1
17050601	海鸥海盗1	20206	28	1151	417	111	500	500	9000	0	11111004	-1	-1	115	0	-1						-1
17050602	海鸥海盗2	20206	28	1151	417	111	500	500	9000	0	11111004	-1	-1	115	0	-1						-1
17050603	海鸥海盗3	20206	29	1199	432	117	500	500	9000	0	11111004	-1	-1	115	0	-1						-1
17050604	海鸥海盗4	20206	29	1199	432	117	500	500	9000	0	11111004	-1	-1	115	0	-1						-1
17050605	海鸥海盗5	20206	30	1529	448	124	500	500	9000	0	11111004	-1	-1	115	0	-1						-1
17050606	海鸥海盗6	20206	30	1529	448	124	500	500	9000	0	11111004	-1	-1	115	0	-1						-1
17050607	海鸥海盗7	20206	31	1594	465	131	500	500	9000	0	11111004	-1	-1	115	0	-1						-1
17050608	海鸥海盗8	20206	31	1594	465	131	500	500	9000	0	11111004	-1	-1	115	0	-1						-1
17050609	海鸥海盗9	20206	32	1660	482	138	500	500	9000	0	11111004	-1	-1	115	0	-1						-1
17050610	海鸥海盗10	20206	32	1660	482	138	500	500	9000	0	11111004	-1	-1	115	0	-1						-1
17050611	海鸥海盗11	20206	33	1728	499	146	500	500	9000	0	11111004	-1	-1	115	0	-1						-1
17050612	海鸥海盗12	20206	33	1728	499	146	500	500	9000	0	11111004	-1	-1	115	0	-1						-1
17050613	海鸥海盗13	20206	34	1796	518	152	500	500	9000	0	11111004	-1	-1	115	0	-1						-1
17050614	海鸥海盗14	20206	34	1796	518	152	500	500	9000	0	11111004	-1	-1	115	0	-1						-1
17050615	海鸥海盗15	20206	35	1866	537	160	500	500	9000	0	11111004	-1	-1	115	0	-1						-1
17050616	海鸥海盗16	20206	35	1866	537	160	500	500	9000	0	11111004	-1	-1	115	0	-1						-1
17050617	海鸥海盗17	20206	36	1937	556	167	500	500	9000	0	11111004	-1	-1	115	0	-1						-1
17050618	海鸥海盗18	20206	36	1937	556	167	500	500	9000	0	11111004	-1	-1	115	0	-1						-1
17050619	海鸥海盗19	20206	37	2012	576	176	500	500	9000	0	11111004	-1	-1	115	0	-1						-1
17050620	海鸥海盗20	20206	37	2012	576	176	500	500	9000	0	11111004	-1	-1	115	0	-1						-1
17050621	海鸥海盗21	20206	37	2012	576	176	500	500	9000	0	11111004	-1	-1	115	0	-1						-1
17050622	海鸥海盗22	20206	38	2085	597	184	500	500	9000	0	11111004	-1	-1	115	0	-1						-1
17050623	海鸥海盗23	20206	38	2085	597	184	500	500	9000	0	11111004	-1	-1	115	0	-1						-1
17050624	海鸥海盗24	20206	38	2085	597	184	500	500	9000	0	11111004	-1	-1	115	0	-1						-1
17050625	海鸥海盗25	20206	38	2085	597	184	500	500	9000	0	11111004	-1	-1	115	0	-1						-1
17050626	海鸥海盗26	20206	39	2160	617	192	500	500	9000	0	11111004	-1	-1	115	0	-1						-1
17050627	海鸥海盗27	20206	39	2160	617	192	500	500	9000	0	11111004	-1	-1	115	0	-1						-1
17050628	海鸥海盗28	20206	39	2160	617	192	500	500	9000	0	11111004	-1	-1	115	0	-1						-1
17050629	海鸥海盗29	20206	39	2160	617	192	500	500	9000	0	11111004	-1	-1	115	0	-1						-1
17050630	海鸥海盗30	20206	39	2160	617	192	500	500	9000	0	11111004	-1	-1	115	0	-1						-1
17050701	火炬武师1	20610	28	2301	208	111	500	500	9000	0	11111008	-1	-1	115	0	-1						-1
17050702	火炬武师2	20610	28	2301	208	111	500	500	9000	0	11111008	-1	-1	115	0	-1						-1
17050703	火炬武师3	20610	29	2398	215	117	500	500	9000	0	11111008	-1	-1	115	0	-1						-1
17050704	火炬武师4	20610	29	2398	215	117	500	500	9000	0	11111008	-1	-1	115	0	-1						-1
17050705	火炬武师5	20610	30	3060	225	124	500	500	9000	0	11111008	-1	-1	115	0	-1						-1
17050706	火炬武师6	20610	30	3060	225	124	500	500	9000	0	11111008	-1	-1	115	0	-1						-1
17050707	火炬武师7	20610	31	3189	232	131	500	500	9000	0	11111008	-1	-1	115	0	-1						-1
17050708	火炬武师8	20610	31	3189	232	131	500	500	9000	0	11111008	-1	-1	115	0	-1						-1
17050709	火炬武师9	20610	32	3322	241	138	500	500	9000	0	11111008	-1	-1	115	0	-1						-1
17050710	火炬武师10	20610	32	3322	241	138	500	500	9000	0	11111008	-1	-1	115	0	-1						-1
17050711	火炬武师11	20610	33	3458	249	146	500	500	9000	0	11111008	-1	-1	115	0	-1						-1
17050712	火炬武师12	20610	33	3458	249	146	500	500	9000	0	11111008	-1	-1	115	0	-1						-1
17050713	火炬武师13	20610	34	3595	259	152	500	500	9000	0	11111008	-1	-1	115	0	-1						-1
17050714	火炬武师14	20610	34	3595	259	152	500	500	9000	0	11111008	-1	-1	115	0	-1						-1
17050715	火炬武师15	20610	35	3734	268	160	500	500	9000	0	11111008	-1	-1	115	0	-1						-1
17050716	火炬武师16	20610	35	3734	268	160	500	500	9000	0	11111008	-1	-1	115	0	-1						-1
17050717	火炬武师17	20610	36	3877	278	167	500	500	9000	0	11111008	-1	-1	115	0	-1						-1
17050718	火炬武师18	20610	36	3877	278	167	500	500	9000	0	11111008	-1	-1	115	0	-1						-1
17050719	火炬武师19	20610	37	4023	287	176	500	500	9000	0	11111008	-1	-1	115	0	-1						-1
17050720	火炬武师20	20610	37	4023	287	176	500	500	9000	0	11111008	-1	-1	115	0	-1						-1
17050721	火炬武师21	20610	37	4023	287	176	500	500	9000	0	11111008	-1	-1	115	0	-1						-1
17050722	火炬武师22	20610	38	4172	299	184	500	500	9000	0	11111008	-1	-1	115	0	-1						-1
17050723	火炬武师23	20610	38	4172	299	184	500	500	9000	0	11111008	-1	-1	115	0	-1						-1
17050724	火炬武师24	20610	38	4172	299	184	500	500	9000	0	11111008	-1	-1	115	0	-1						-1
17050725	火炬武师25	20610	38	4172	299	184	500	500	9000	0	11111008	-1	-1	115	0	-1						-1
17050726	火炬武师26	20610	39	4322	309	192	500	500	9000	0	11111008	-1	-1	115	0	-1						-1
17050727	火炬武师27	20610	39	4322	309	192	500	500	9000	0	11111008	-1	-1	115	0	-1						-1
17050728	火炬武师28	20610	39	4322	309	192	500	500	9000	0	11111008	-1	-1	115	0	-1						-1
17050729	火炬武师29	20610	39	4322	309	192	500	500	9000	0	11111008	-1	-1	115	0	-1						-1
17050730	火炬武师30	20610	39	4322	309	192	500	500	9000	0	11111008	-1	-1	115	0	-1						-1
17060101	普通牛仔1	20301	39	4406	475	195	500	500	9000	0	20301	-1	-1	115	0	-1						-1
17060102	普通牛仔2	20301	39	4406	475	195	500	500	9000	0	20301	-1	-1	115	0	-1						-1
17060103	普通牛仔3	20301	39	4406	475	195	500	500	9000	0	20301	-1	-1	115	0	-1						-1
17060104	普通牛仔4	20301	40	4563	494	203	500	500	9000	0	20301	-1	-1	115	0	-1						-1
17060105	普通牛仔5	20301	40	4563	494	203	500	500	9000	0	20301	-1	-1	115	0	-1						-1
17060106	普通牛仔6	20301	40	4563	494	203	500	500	9000	0	20301	-1	-1	115	0	-1						-1
17060107	普通牛仔7	20301	41	4722	512	213	500	500	9000	0	20301	-1	-1	115	0	-1						-1
17060108	普通牛仔8	20301	41	4722	512	213	500	500	9000	0	20301	-1	-1	115	0	-1						-1
17060109	普通牛仔9	20301	41	4722	512	213	500	500	9000	0	20301	-1	-1	115	0	-1						-1
17060110	普通牛仔10	20301	42	4886	532	222	500	500	9000	0	20301	-1	-1	115	0	-1						-1
17060111	普通牛仔11	20301	42	4886	532	222	500	500	9000	0	20301	-1	-1	115	0	-1						-1
17060112	普通牛仔12	20301	42	4886	532	222	500	500	9000	0	20301	-1	-1	115	0	-1						-1
17060113	普通牛仔13	20301	43	5051	553	230	500	500	9000	0	20301	-1	-1	115	0	-1						-1
17060114	普通牛仔14	20301	43	5051	553	230	500	500	9000	0	20301	-1	-1	115	0	-1						-1
17060115	普通牛仔15	20301	43	5051	553	230	500	500	9000	0	20301	-1	-1	115	0	-1						-1
17060116	普通牛仔16	20301	44	5217	574	238	500	500	9000	0	20301	-1	-1	115	0	-1						-1
17060117	普通牛仔17	20301	44	5217	574	238	500	500	9000	0	20301	-1	-1	115	0	-1						-1
17060118	普通牛仔18	20301	44	5217	574	238	500	500	9000	0	20301	-1	-1	115	0	-1						-1
17060119	普通牛仔19	20301	44	5217	574	238	500	500	9000	0	20301	-1	-1	115	0	-1						-1
17060120	普通牛仔20	20301	45	5389	597	248	500	500	9000	0	20301	-1	-1	115	0	-1						-1
17060121	普通牛仔21	20301	45	5389	597	248	500	500	9000	0	20301	-1	-1	115	0	-1						-1
17060122	普通牛仔22	20301	45	5389	597	248	500	500	9000	0	20301	-1	-1	115	0	-1						-1
17060123	普通牛仔23	20301	45	5389	597	248	500	500	9000	0	20301	-1	-1	115	0	-1						-1
17060124	普通牛仔24	20301	46	5563	621	258	500	500	9000	0	20301	-1	-1	115	0	-1						-1
17060125	普通牛仔25	20301	46	5563	621	258	500	500	9000	0	20301	-1	-1	115	0	-1						-1
17060126	普通牛仔26	20301	46	5563	621	258	500	500	9000	0	20301	-1	-1	115	0	-1						-1
17060127	普通牛仔27	20301	46	5563	621	258	500	500	9000	0	20301	-1	-1	115	0	-1						-1
17060128	普通牛仔28	20301	47	5738	646	267	500	500	9000	0	20301	-1	-1	115	0	-1						-1
17060129	普通牛仔29	20301	47	5738	646	267	500	500	9000	0	20301	-1	-1	115	0	-1						-1
17060130	普通牛仔30	20301	47	5738	646	267	500	500	9000	0	20301	-1	-1	115	0	-1						-1
17060201	路障牛仔1	20302	39	6611	712	195	500	500	9000	0	20302	-1	-1	115	0	-1						-1
17060202	路障牛仔2	20302	39	6611	712	195	500	500	9000	0	20302	-1	-1	115	0	-1						-1
17060203	路障牛仔3	20302	39	6611	712	195	500	500	9000	0	20302	-1	-1	115	0	-1						-1
17060204	路障牛仔4	20302	40	6846	740	203	500	500	9000	0	20302	-1	-1	115	0	-1						-1
17060205	路障牛仔5	20302	40	6846	740	203	500	500	9000	0	20302	-1	-1	115	0	-1						-1
17060206	路障牛仔6	20302	40	6846	740	203	500	500	9000	0	20302	-1	-1	115	0	-1						-1
17060207	路障牛仔7	20302	41	7084	769	213	500	500	9000	0	20302	-1	-1	115	0	-1						-1
17060208	路障牛仔8	20302	41	7084	769	213	500	500	9000	0	20302	-1	-1	115	0	-1						-1
17060209	路障牛仔9	20302	41	7084	769	213	500	500	9000	0	20302	-1	-1	115	0	-1						-1
17060210	路障牛仔10	20302	42	7330	799	222	500	500	9000	0	20302	-1	-1	115	0	-1						-1
17060211	路障牛仔11	20302	42	7330	799	222	500	500	9000	0	20302	-1	-1	115	0	-1						-1
17060212	路障牛仔12	20302	42	7330	799	222	500	500	9000	0	20302	-1	-1	115	0	-1						-1
17060213	路障牛仔13	20302	43	7577	831	230	500	500	9000	0	20302	-1	-1	115	0	-1						-1
17060214	路障牛仔14	20302	43	7577	831	230	500	500	9000	0	20302	-1	-1	115	0	-1						-1
17060215	路障牛仔15	20302	43	7577	831	230	500	500	9000	0	20302	-1	-1	115	0	-1						-1
17060216	路障牛仔16	20302	44	7829	862	238	500	500	9000	0	20302	-1	-1	115	0	-1						-1
17060217	路障牛仔17	20302	44	7829	862	238	500	500	9000	0	20302	-1	-1	115	0	-1						-1
17060218	路障牛仔18	20302	44	7829	862	238	500	500	9000	0	20302	-1	-1	115	0	-1						-1
17060219	路障牛仔19	20302	44	7829	862	238	500	500	9000	0	20302	-1	-1	115	0	-1						-1
17060220	路障牛仔20	20302	45	8084	897	248	500	500	9000	0	20302	-1	-1	115	0	-1						-1
17060221	路障牛仔21	20302	45	8084	897	248	500	500	9000	0	20302	-1	-1	115	0	-1						-1
17060222	路障牛仔22	20302	45	8084	897	248	500	500	9000	0	20302	-1	-1	115	0	-1						-1
17060223	路障牛仔23	20302	45	8084	897	248	500	500	9000	0	20302	-1	-1	115	0	-1						-1
17060224	路障牛仔24	20302	46	8344	931	258	500	500	9000	0	20302	-1	-1	115	0	-1						-1
17060225	路障牛仔25	20302	46	8344	931	258	500	500	9000	0	20302	-1	-1	115	0	-1						-1
17060226	路障牛仔26	20302	46	8344	931	258	500	500	9000	0	20302	-1	-1	115	0	-1						-1
17060227	路障牛仔27	20302	46	8344	931	258	500	500	9000	0	20302	-1	-1	115	0	-1						-1
17060228	路障牛仔28	20302	47	8609	969	267	500	500	9000	0	20302	-1	-1	115	0	-1						-1
17060229	路障牛仔29	20302	47	8609	969	267	500	500	9000	0	20302	-1	-1	115	0	-1						-1
17060230	路障牛仔30	20302	47	8609	969	267	500	500	9000	0	20302	-1	-1	115	0	-1						-1
17060301	铁桶牛仔1	20303	39	6611	712	195	500	500	9000	0	20303	-1	-1	115	0	-1			7060101			-1
17060302	铁桶牛仔2	20303	39	6611	712	195	500	500	9000	0	20303	-1	-1	115	0	-1			7060102			-1
17060303	铁桶牛仔3	20303	39	6611	712	195	500	500	9000	0	20303	-1	-1	115	0	-1			7060103			-1
17060304	铁桶牛仔4	20303	40	6846	740	203	500	500	9000	0	20303	-1	-1	115	0	-1			7060104			-1
17060305	铁桶牛仔5	20303	40	6846	740	203	500	500	9000	0	20303	-1	-1	115	0	-1			7060105			-1
17060306	铁桶牛仔6	20303	40	6846	740	203	500	500	9000	0	20303	-1	-1	115	0	-1			7060106			-1
17060307	铁桶牛仔7	20303	41	7084	769	213	500	500	9000	0	20303	-1	-1	115	0	-1			7060107			-1
17060308	铁桶牛仔8	20303	41	7084	769	213	500	500	9000	0	20303	-1	-1	115	0	-1			7060108			-1
17060309	铁桶牛仔9	20303	41	7084	769	213	500	500	9000	0	20303	-1	-1	115	0	-1			7060109			-1
17060310	铁桶牛仔10	20303	42	7330	799	222	500	500	9000	0	20303	-1	-1	115	0	-1			7060110			-1
17060311	铁桶牛仔11	20303	42	7330	799	222	500	500	9000	0	20303	-1	-1	115	0	-1			7060111			-1
17060312	铁桶牛仔12	20303	42	7330	799	222	500	500	9000	0	20303	-1	-1	115	0	-1			7060112			-1
17060313	铁桶牛仔13	20303	43	7577	831	230	500	500	9000	0	20303	-1	-1	115	0	-1			7060113			-1
17060314	铁桶牛仔14	20303	43	7577	831	230	500	500	9000	0	20303	-1	-1	115	0	-1			7060114			-1
17060315	铁桶牛仔15	20303	43	7577	831	230	500	500	9000	0	20303	-1	-1	115	0	-1			7060115			-1
17060316	铁桶牛仔16	20303	44	7829	862	238	500	500	9000	0	20303	-1	-1	115	0	-1			7060116			-1
17060317	铁桶牛仔17	20303	44	7829	862	238	500	500	9000	0	20303	-1	-1	115	0	-1			7060117			-1
17060318	铁桶牛仔18	20303	44	7829	862	238	500	500	9000	0	20303	-1	-1	115	0	-1			7060118			-1
17060319	铁桶牛仔19	20303	44	7829	862	238	500	500	9000	0	20303	-1	-1	115	0	-1			7060119			-1
17060320	铁桶牛仔20	20303	45	8084	897	248	500	500	9000	0	20303	-1	-1	115	0	-1			7060120			-1
17060321	铁桶牛仔21	20303	45	8084	897	248	500	500	9000	0	20303	-1	-1	115	0	-1			7060121			-1
17060322	铁桶牛仔22	20303	45	8084	897	248	500	500	9000	0	20303	-1	-1	115	0	-1			7060122			-1
17060323	铁桶牛仔23	20303	45	8084	897	248	500	500	9000	0	20303	-1	-1	115	0	-1			7060123			-1
17060324	铁桶牛仔24	20303	46	8344	931	258	500	500	9000	0	20303	-1	-1	115	0	-1			7060124			-1
17060325	铁桶牛仔25	20303	46	8344	931	258	500	500	9000	0	20303	-1	-1	115	0	-1			7060125			-1
17060326	铁桶牛仔26	20303	46	8344	931	258	500	500	9000	0	20303	-1	-1	115	0	-1			7060126			-1
17060327	铁桶牛仔27	20303	46	8344	931	258	500	500	9000	0	20303	-1	-1	115	0	-1			7060127			-1
17060328	铁桶牛仔28	20303	47	8609	969	267	500	500	9000	0	20303	-1	-1	115	0	-1			7060128			-1
17060329	铁桶牛仔29	20303	47	8609	969	267	500	500	9000	0	20303	-1	-1	115	0	-1			7060129			-1
17060330	铁桶牛仔30	20303	47	8609	969	267	500	500	9000	0	20303	-1	-1	115	0	-1			7060130			-1
17060401	淘金僵尸1	20305	39	4406	629	195	500	500	9000	0	20305	-1	-1	115	0	-1			7060501	17214		-1
17060402	淘金僵尸2	20305	39	4406	629	195	500	500	9000	0	20305	-1	-1	115	0	-1			7060502	17214		-1
17060403	淘金僵尸3	20305	39	4406	629	195	500	500	9000	0	20305	-1	-1	115	0	-1			7060503	17214		-1
17060404	淘金僵尸4	20305	40	4563	653	203	500	500	9000	0	20305	-1	-1	115	0	-1			7060504	17214		-1
17060405	淘金僵尸5	20305	40	4563	653	203	500	500	9000	0	20305	-1	-1	115	0	-1			7060505	17214		-1
17060406	淘金僵尸6	20305	40	4563	653	203	500	500	9000	0	20305	-1	-1	115	0	-1			7060506	17214		-1
17060407	淘金僵尸7	20305	41	4722	675	213	500	500	9000	0	20305	-1	-1	115	0	-1			7060507	17214		-1
17060408	淘金僵尸8	20305	41	4722	675	213	500	500	9000	0	20305	-1	-1	115	0	-1			7060508	17214		-1
17060409	淘金僵尸9	20305	41	4722	675	213	500	500	9000	0	20305	-1	-1	115	0	-1			7060509	17214		-1
17060410	淘金僵尸10	20305	42	4886	699	222	500	500	9000	0	20305	-1	-1	115	0	-1			7060510	17214		-1
17060411	淘金僵尸11	20305	42	4886	699	222	500	500	9000	0	20305	-1	-1	115	0	-1			7060511	17214		-1
17060412	淘金僵尸12	20305	42	4886	699	222	500	500	9000	0	20305	-1	-1	115	0	-1			7060512	17214		-1
17060413	淘金僵尸13	20305	43	5051	725	230	500	500	9000	0	20305	-1	-1	115	0	-1			7060513	17214		-1
17060414	淘金僵尸14	20305	43	5051	725	230	500	500	9000	0	20305	-1	-1	115	0	-1			7060514	17214		-1
17060415	淘金僵尸15	20305	43	5051	725	230	500	500	9000	0	20305	-1	-1	115	0	-1			7060515	17214		-1
17060416	淘金僵尸16	20305	44	5217	750	238	500	500	9000	0	20305	-1	-1	115	0	-1			7060516	17214		-1
17060417	淘金僵尸17	20305	44	5217	750	238	500	500	9000	0	20305	-1	-1	115	0	-1			7060517	17214		-1
17060418	淘金僵尸18	20305	44	5217	750	238	500	500	9000	0	20305	-1	-1	115	0	-1			7060518	17214		-1
17060419	淘金僵尸19	20305	44	5217	750	238	500	500	9000	0	20305	-1	-1	115	0	-1			7060519	17214		-1
17060420	淘金僵尸20	20305	45	5389	776	248	500	500	9000	0	20305	-1	-1	115	0	-1			7060520	17214		-1
17060421	淘金僵尸21	20305	45	5389	776	248	500	500	9000	0	20305	-1	-1	115	0	-1			7060521	17214		-1
17060422	淘金僵尸22	20305	45	5389	776	248	500	500	9000	0	20305	-1	-1	115	0	-1			7060522	17214		-1
17060423	淘金僵尸23	20305	45	5389	776	248	500	500	9000	0	20305	-1	-1	115	0	-1			7060523	17214		-1
17060424	淘金僵尸24	20305	46	5563	804	258	500	500	9000	0	20305	-1	-1	115	0	-1			7060524	17214		-1
17060425	淘金僵尸25	20305	46	5563	804	258	500	500	9000	0	20305	-1	-1	115	0	-1			7060525	17214		-1
17060426	淘金僵尸26	20305	46	5563	804	258	500	500	9000	0	20305	-1	-1	115	0	-1			7060526	17214		-1
17060427	淘金僵尸27	20305	46	5563	804	258	500	500	9000	0	20305	-1	-1	115	0	-1			7060527	17214		-1
17060428	淘金僵尸28	20305	47	5738	832	267	500	500	9000	0	20305	-1	-1	115	0	-1			7060528	17214		-1
17060429	淘金僵尸29	20305	47	5738	832	267	500	500	9000	0	20305	-1	-1	115	0	-1			7060529	17214		-1
17060430	淘金僵尸30	20305	47	5738	832	267	500	500	9000	0	20305	-1	-1	115	0	-1			7060530	17214		-1
17060501	淘金僵尸（熄火）1	20736	39	4406	629	195	500	500	9000	0	20736	-1	-1	115	0	-1			7060401			-1
17060502	淘金僵尸（熄火）2	20736	39	4406	629	195	500	500	9000	0	20736	-1	-1	115	0	-1			7060402			-1
17060503	淘金僵尸（熄火）3	20736	39	4406	629	195	500	500	9000	0	20736	-1	-1	115	0	-1			7060403			-1
17060504	淘金僵尸（熄火）4	20736	40	4563	653	203	500	500	9000	0	20736	-1	-1	115	0	-1			7060404			-1
17060505	淘金僵尸（熄火）5	20736	40	4563	653	203	500	500	9000	0	20736	-1	-1	115	0	-1			7060405			-1
17060506	淘金僵尸（熄火）6	20736	40	4563	653	203	500	500	9000	0	20736	-1	-1	115	0	-1			7060406			-1
17060507	淘金僵尸（熄火）7	20736	41	4722	675	213	500	500	9000	0	20736	-1	-1	115	0	-1			7060407			-1
17060508	淘金僵尸（熄火）8	20736	41	4722	675	213	500	500	9000	0	20736	-1	-1	115	0	-1			7060408			-1
17060509	淘金僵尸（熄火）9	20736	41	4722	675	213	500	500	9000	0	20736	-1	-1	115	0	-1			7060409			-1
17060510	淘金僵尸（熄火）10	20736	42	4886	699	222	500	500	9000	0	20736	-1	-1	115	0	-1			7060410			-1
17060511	淘金僵尸（熄火）11	20736	42	4886	699	222	500	500	9000	0	20736	-1	-1	115	0	-1			7060411			-1
17060512	淘金僵尸（熄火）12	20736	42	4886	699	222	500	500	9000	0	20736	-1	-1	115	0	-1			7060412			-1
17060513	淘金僵尸（熄火）13	20736	43	5051	725	230	500	500	9000	0	20736	-1	-1	115	0	-1			7060413			-1
17060514	淘金僵尸（熄火）14	20736	43	5051	725	230	500	500	9000	0	20736	-1	-1	115	0	-1			7060414			-1
17060515	淘金僵尸（熄火）15	20736	43	5051	725	230	500	500	9000	0	20736	-1	-1	115	0	-1			7060415			-1
17060516	淘金僵尸（熄火）16	20736	44	5217	750	238	500	500	9000	0	20736	-1	-1	115	0	-1			7060416			-1
17060517	淘金僵尸（熄火）17	20736	44	5217	750	238	500	500	9000	0	20736	-1	-1	115	0	-1			7060417			-1
17060518	淘金僵尸（熄火）18	20736	44	5217	750	238	500	500	9000	0	20736	-1	-1	115	0	-1			7060418			-1
17060519	淘金僵尸（熄火）19	20736	44	5217	750	238	500	500	9000	0	20736	-1	-1	115	0	-1			7060419			-1
17060520	淘金僵尸（熄火）20	20736	45	5389	776	248	500	500	9000	0	20736	-1	-1	115	0	-1			7060420			-1
17060521	淘金僵尸（熄火）21	20736	45	5389	776	248	500	500	9000	0	20736	-1	-1	115	0	-1			7060421			-1
17060522	淘金僵尸（熄火）22	20736	45	5389	776	248	500	500	9000	0	20736	-1	-1	115	0	-1			7060422			-1
17060523	淘金僵尸（熄火）23	20736	45	5389	776	248	500	500	9000	0	20736	-1	-1	115	0	-1			7060423			-1
17060524	淘金僵尸（熄火）24	20736	46	5563	804	258	500	500	9000	0	20736	-1	-1	115	0	-1			7060424			-1
17060525	淘金僵尸（熄火）25	20736	46	5563	804	258	500	500	9000	0	20736	-1	-1	115	0	-1			7060425			-1
17060526	淘金僵尸（熄火）26	20736	46	5563	804	258	500	500	9000	0	20736	-1	-1	115	0	-1			7060426			-1
17060527	淘金僵尸（熄火）27	20736	46	5563	804	258	500	500	9000	0	20736	-1	-1	115	0	-1			7060427			-1
17060528	淘金僵尸（熄火）28	20736	47	5738	832	267	500	500	9000	0	20736	-1	-1	115	0	-1			7060428			-1
17060529	淘金僵尸（熄火）29	20736	47	5738	832	267	500	500	9000	0	20736	-1	-1	115	0	-1			7060429			-1
17060530	淘金僵尸（熄火）30	20736	47	5738	832	267	500	500	9000	0	20736	-1	-1	115	0	-1			7060430			-1
17060601	钢琴僵尸1	20306	39	4406	315	195	500	500	9000	0	11111007	-1	-1	115	0	-1						-1
17060602	钢琴僵尸2	20306	39	4406	315	195	500	500	9000	0	11111007	-1	-1	115	0	-1						-1
17060603	钢琴僵尸3	20306	39	4406	315	195	500	500	9000	0	11111007	-1	-1	115	0	-1						-1
17060604	钢琴僵尸4	20306	40	4563	327	203	500	500	9000	0	11111007	-1	-1	115	0	-1						-1
17060605	钢琴僵尸5	20306	40	4563	327	203	500	500	9000	0	11111007	-1	-1	115	0	-1						-1
17060606	钢琴僵尸6	20306	40	4563	327	203	500	500	9000	0	11111007	-1	-1	115	0	-1						-1
17060607	钢琴僵尸7	20306	41	4722	337	213	500	500	9000	0	11111007	-1	-1	115	0	-1						-1
17060608	钢琴僵尸8	20306	41	4722	337	213	500	500	9000	0	11111007	-1	-1	115	0	-1						-1
17060609	钢琴僵尸9	20306	41	4722	337	213	500	500	9000	0	11111007	-1	-1	115	0	-1						-1
17060610	钢琴僵尸10	20306	42	4886	350	222	500	500	9000	0	11111007	-1	-1	115	0	-1						-1
17060611	钢琴僵尸11	20306	42	4886	350	222	500	500	9000	0	11111007	-1	-1	115	0	-1						-1
17060612	钢琴僵尸12	20306	42	4886	350	222	500	500	9000	0	11111007	-1	-1	115	0	-1						-1
17060613	钢琴僵尸13	20306	43	5051	362	230	500	500	9000	0	11111007	-1	-1	115	0	-1						-1
17060614	钢琴僵尸14	20306	43	5051	362	230	500	500	9000	0	11111007	-1	-1	115	0	-1						-1
17060615	钢琴僵尸15	20306	43	5051	362	230	500	500	9000	0	11111007	-1	-1	115	0	-1						-1
17060616	钢琴僵尸16	20306	44	5217	375	238	500	500	9000	0	11111007	-1	-1	115	0	-1						-1
17060617	钢琴僵尸17	20306	44	5217	375	238	500	500	9000	0	11111007	-1	-1	115	0	-1						-1
17060618	钢琴僵尸18	20306	44	5217	375	238	500	500	9000	0	11111007	-1	-1	115	0	-1						-1
17060619	钢琴僵尸19	20306	44	5217	375	238	500	500	9000	0	11111007	-1	-1	115	0	-1						-1
17060620	钢琴僵尸20	20306	45	5389	389	248	500	500	9000	0	11111007	-1	-1	115	0	-1						-1
17060621	钢琴僵尸21	20306	45	5389	389	248	500	500	9000	0	11111007	-1	-1	115	0	-1						-1
17060622	钢琴僵尸22	20306	45	5389	389	248	500	500	9000	0	11111007	-1	-1	115	0	-1						-1
17060623	钢琴僵尸23	20306	45	5389	389	248	500	500	9000	0	11111007	-1	-1	115	0	-1						-1
17060624	钢琴僵尸24	20306	46	5563	402	258	500	500	9000	0	11111007	-1	-1	115	0	-1						-1
17060625	钢琴僵尸25	20306	46	5563	402	258	500	500	9000	0	11111007	-1	-1	115	0	-1						-1
17060626	钢琴僵尸26	20306	46	5563	402	258	500	500	9000	0	11111007	-1	-1	115	0	-1						-1
17060627	钢琴僵尸27	20306	46	5563	402	258	500	500	9000	0	11111007	-1	-1	115	0	-1						-1
17060628	钢琴僵尸28	20306	47	5738	416	267	500	500	9000	0	11111007	-1	-1	115	0	-1						-1
17060629	钢琴僵尸29	20306	47	5738	416	267	500	500	9000	0	11111007	-1	-1	115	0	-1						-1
17060630	钢琴僵尸30	20306	47	5738	416	267	500	500	9000	0	11111007	-1	-1	115	0	-1						-1
17070101	普通武师1	20601	47	5738	646	267	500	500	9000	0	20601	-1	-1	115	0	-1						-1
17070102	普通武师2	20601	47	5738	646	267	500	500	9000	0	20601	-1	-1	115	0	-1						-1
17070103	普通武师3	20601	47	5738	646	267	500	500	9000	0	20601	-1	-1	115	0	-1						-1
17070104	普通武师4	20601	47	5738	646	267	500	500	9000	0	20601	-1	-1	115	0	-1						-1
17070105	普通武师5	20601	48	5907	671	276	500	500	9000	0	20601	-1	-1	115	0	-1						-1
17070106	普通武师6	20601	48	5907	671	276	500	500	9000	0	20601	-1	-1	115	0	-1						-1
17070107	普通武师7	20601	48	5907	671	276	500	500	9000	0	20601	-1	-1	115	0	-1						-1
17070108	普通武师8	20601	48	5907	671	276	500	500	9000	0	20601	-1	-1	115	0	-1						-1
17070109	普通武师9	20601	49	6089	698	286	500	500	9000	0	20601	-1	-1	115	0	-1						-1
17070110	普通武师10	20601	49	6089	698	286	500	500	9000	0	20601	-1	-1	115	0	-1						-1
17070111	普通武师11	20601	49	6089	698	286	500	500	9000	0	20601	-1	-1	115	0	-1						-1
17070112	普通武师12	20601	49	6089	698	286	500	500	9000	0	20601	-1	-1	115	0	-1						-1
17070113	普通武师13	20601	50	6274	727	297	500	500	9000	0	20601	-1	-1	115	0	-1						-1
17070114	普通武师14	20601	50	6274	727	297	500	500	9000	0	20601	-1	-1	115	0	-1						-1
17070115	普通武师15	20601	50	6274	727	297	500	500	9000	0	20601	-1	-1	115	0	-1						-1
17070116	普通武师16	20601	50	6274	727	297	500	500	9000	0	20601	-1	-1	115	0	-1						-1
17070117	普通武师17	20601	51	6461	750	307	500	500	9000	0	20601	-1	-1	115	0	-1						-1
17070118	普通武师18	20601	51	6461	750	307	500	500	9000	0	20601	-1	-1	115	0	-1						-1
17070119	普通武师19	20601	51	6461	750	307	500	500	9000	0	20601	-1	-1	115	0	-1						-1
17070120	普通武师20	20601	52	6651	774	316	500	500	9000	0	20601	-1	-1	115	0	-1						-1
17070121	普通武师21	20601	52	6651	774	316	500	500	9000	0	20601	-1	-1	115	0	-1						-1
17070122	普通武师22	20601	52	6651	774	316	500	500	9000	0	20601	-1	-1	115	0	-1						-1
17070123	普通武师23	20601	52	6651	774	316	500	500	9000	0	20601	-1	-1	115	0	-1						-1
17070124	普通武师24	20601	53	6844	799	327	500	500	9000	0	20601	-1	-1	115	0	-1						-1
17070125	普通武师25	20601	53	6844	799	327	500	500	9000	0	20601	-1	-1	115	0	-1						-1
17070126	普通武师26	20601	53	6844	799	327	500	500	9000	0	20601	-1	-1	115	0	-1						-1
17070127	普通武师27	20601	53	6844	799	327	500	500	9000	0	20601	-1	-1	115	0	-1						-1
17070128	普通武师28	20601	54	7040	824	336	500	500	9000	0	20601	-1	-1	115	0	-1						-1
17070129	普通武师29	20601	54	7040	824	336	500	500	9000	0	20601	-1	-1	115	0	-1						-1
17070130	普通武师30	20601	54	7040	824	336	500	500	9000	0	20601	-1	-1	115	0	-1						-1
17070201	路障武师1	20602	47	8609	969	267	500	500	9000	0	20602	-1	-1	115	0	-1						-1
17070202	路障武师2	20602	47	8609	969	267	500	500	9000	0	20602	-1	-1	115	0	-1						-1
17070203	路障武师3	20602	47	8609	969	267	500	500	9000	0	20602	-1	-1	115	0	-1						-1
17070204	路障武师4	20602	47	8609	969	267	500	500	9000	0	20602	-1	-1	115	0	-1						-1
17070205	路障武师5	20602	48	8863	1007	276	500	500	9000	0	20602	-1	-1	115	0	-1						-1
17070206	路障武师6	20602	48	8863	1007	276	500	500	9000	0	20602	-1	-1	115	0	-1						-1
17070207	路障武师7	20602	48	8863	1007	276	500	500	9000	0	20602	-1	-1	115	0	-1						-1
17070208	路障武师8	20602	48	8863	1007	276	500	500	9000	0	20602	-1	-1	115	0	-1						-1
17070209	路障武师9	20602	49	9134	1048	286	500	500	9000	0	20602	-1	-1	115	0	-1						-1
17070210	路障武师10	20602	49	9134	1048	286	500	500	9000	0	20602	-1	-1	115	0	-1						-1
17070211	路障武师11	20602	49	9134	1048	286	500	500	9000	0	20602	-1	-1	115	0	-1						-1
17070212	路障武师12	20602	49	9134	1048	286	500	500	9000	0	20602	-1	-1	115	0	-1						-1
17070213	路障武师13	20602	50	9411	1090	297	500	500	9000	0	20602	-1	-1	115	0	-1						-1
17070214	路障武师14	20602	50	9411	1090	297	500	500	9000	0	20602	-1	-1	115	0	-1						-1
17070215	路障武师15	20602	50	9411	1090	297	500	500	9000	0	20602	-1	-1	115	0	-1						-1
17070216	路障武师16	20602	50	9411	1090	297	500	500	9000	0	20602	-1	-1	115	0	-1						-1
17070217	路障武师17	20602	51	9693	1125	307	500	500	9000	0	20602	-1	-1	115	0	-1						-1
17070218	路障武师18	20602	51	9693	1125	307	500	500	9000	0	20602	-1	-1	115	0	-1						-1
17070219	路障武师19	20602	51	9693	1125	307	500	500	9000	0	20602	-1	-1	115	0	-1						-1
17070220	路障武师20	20602	52	9977	1161	316	500	500	9000	0	20602	-1	-1	115	0	-1						-1
17070221	路障武师21	20602	52	9977	1161	316	500	500	9000	0	20602	-1	-1	115	0	-1						-1
17070222	路障武师22	20602	52	9977	1161	316	500	500	9000	0	20602	-1	-1	115	0	-1						-1
17070223	路障武师23	20602	52	9977	1161	316	500	500	9000	0	20602	-1	-1	115	0	-1						-1
17070224	路障武师24	20602	53	10267	1199	327	500	500	9000	0	20602	-1	-1	115	0	-1						-1
17070225	路障武师25	20602	53	10267	1199	327	500	500	9000	0	20602	-1	-1	115	0	-1						-1
17070226	路障武师26	20602	53	10267	1199	327	500	500	9000	0	20602	-1	-1	115	0	-1						-1
17070227	路障武师27	20602	53	10267	1199	327	500	500	9000	0	20602	-1	-1	115	0	-1						-1
17070228	路障武师28	20602	54	10560	1237	336	500	500	9000	0	20602	-1	-1	115	0	-1						-1
17070229	路障武师29	20602	54	10560	1237	336	500	500	9000	0	20602	-1	-1	115	0	-1						-1
17070230	路障武师30	20602	54	10560	1237	336	500	500	9000	0	20602	-1	-1	115	0	-1						-1
17070301	铁桶武师1	20603	47	8609	969	267	500	500	9000	0	20603	-1	-1	115	0	-1			7070101			-1
17070302	铁桶武师2	20603	47	8609	969	267	500	500	9000	0	20603	-1	-1	115	0	-1			7070102			-1
17070303	铁桶武师3	20603	47	8609	969	267	500	500	9000	0	20603	-1	-1	115	0	-1			7070103			-1
17070304	铁桶武师4	20603	47	8609	969	267	500	500	9000	0	20603	-1	-1	115	0	-1			7070104			-1
17070305	铁桶武师5	20603	48	8863	1007	276	500	500	9000	0	20603	-1	-1	115	0	-1			7070105			-1
17070306	铁桶武师6	20603	48	8863	1007	276	500	500	9000	0	20603	-1	-1	115	0	-1			7070106			-1
17070307	铁桶武师7	20603	48	8863	1007	276	500	500	9000	0	20603	-1	-1	115	0	-1			7070107			-1
17070308	铁桶武师8	20603	48	8863	1007	276	500	500	9000	0	20603	-1	-1	115	0	-1			7070108			-1
17070309	铁桶武师9	20603	49	9134	1048	286	500	500	9000	0	20603	-1	-1	115	0	-1			7070109			-1
17070310	铁桶武师10	20603	49	9134	1048	286	500	500	9000	0	20603	-1	-1	115	0	-1			7070110			-1
17070311	铁桶武师11	20603	49	9134	1048	286	500	500	9000	0	20603	-1	-1	115	0	-1			7070111			-1
17070312	铁桶武师12	20603	49	9134	1048	286	500	500	9000	0	20603	-1	-1	115	0	-1			7070112			-1
17070313	铁桶武师13	20603	50	9411	1090	297	500	500	9000	0	20603	-1	-1	115	0	-1			7070113			-1
17070314	铁桶武师14	20603	50	9411	1090	297	500	500	9000	0	20603	-1	-1	115	0	-1			7070114			-1
17070315	铁桶武师15	20603	50	9411	1090	297	500	500	9000	0	20603	-1	-1	115	0	-1			7070115			-1
17070316	铁桶武师16	20603	50	9411	1090	297	500	500	9000	0	20603	-1	-1	115	0	-1			7070116			-1
17070317	铁桶武师17	20603	51	9693	1125	307	500	500	9000	0	20603	-1	-1	115	0	-1			7070117			-1
17070318	铁桶武师18	20603	51	9693	1125	307	500	500	9000	0	20603	-1	-1	115	0	-1			7070118			-1
17070319	铁桶武师19	20603	51	9693	1125	307	500	500	9000	0	20603	-1	-1	115	0	-1			7070119			-1
17070320	铁桶武师20	20603	52	9977	1161	316	500	500	9000	0	20603	-1	-1	115	0	-1			7070120			-1
17070321	铁桶武师21	20603	52	9977	1161	316	500	500	9000	0	20603	-1	-1	115	0	-1			7070121			-1
17070322	铁桶武师22	20603	52	9977	1161	316	500	500	9000	0	20603	-1	-1	115	0	-1			7070122			-1
17070323	铁桶武师23	20603	52	9977	1161	316	500	500	9000	0	20603	-1	-1	115	0	-1			7070123			-1
17070324	铁桶武师24	20603	53	10267	1199	327	500	500	9000	0	20603	-1	-1	115	0	-1			7070124			-1
17070325	铁桶武师25	20603	53	10267	1199	327	500	500	9000	0	20603	-1	-1	115	0	-1			7070125			-1
17070326	铁桶武师26	20603	53	10267	1199	327	500	500	9000	0	20603	-1	-1	115	0	-1			7070126			-1
17070327	铁桶武师27	20603	53	10267	1199	327	500	500	9000	0	20603	-1	-1	115	0	-1			7070127			-1
17070328	铁桶武师28	20603	54	10560	1237	336	500	500	9000	0	20603	-1	-1	115	0	-1			7070128			-1
17070329	铁桶武师29	20603	54	10560	1237	336	500	500	9000	0	20603	-1	-1	115	0	-1			7070129			-1
17070330	铁桶武师30	20603	54	10560	1237	336	500	500	9000	0	20603	-1	-1	115	0	-1			7070130			-1
17070401	铜锣僵尸1	20612	47	8609	969	267	500	500	9000	0	20612	-1	-1	115	0	-1			7070101			-1
17070402	铜锣僵尸2	20612	47	8609	969	267	500	500	9000	0	20612	-1	-1	115	0	-1			7070102			-1
17070403	铜锣僵尸3	20612	47	8609	969	267	500	500	9000	0	20612	-1	-1	115	0	-1			7070103			-1
17070404	铜锣僵尸4	20612	47	8609	969	267	500	500	9000	0	20612	-1	-1	115	0	-1			7070104			-1
17070405	铜锣僵尸5	20612	48	8863	1007	276	500	500	9000	0	20612	-1	-1	115	0	-1			7070105			-1
17070406	铜锣僵尸6	20612	48	8863	1007	276	500	500	9000	0	20612	-1	-1	115	0	-1			7070106			-1
17070407	铜锣僵尸7	20612	48	8863	1007	276	500	500	9000	0	20612	-1	-1	115	0	-1			7070107			-1
17070408	铜锣僵尸8	20612	48	8863	1007	276	500	500	9000	0	20612	-1	-1	115	0	-1			7070108			-1
17070409	铜锣僵尸9	20612	49	9134	1048	286	500	500	9000	0	20612	-1	-1	115	0	-1			7070109			-1
17070410	铜锣僵尸10	20612	49	9134	1048	286	500	500	9000	0	20612	-1	-1	115	0	-1			7070110			-1
17070411	铜锣僵尸11	20612	49	9134	1048	286	500	500	9000	0	20612	-1	-1	115	0	-1			7070111			-1
17070412	铜锣僵尸12	20612	49	9134	1048	286	500	500	9000	0	20612	-1	-1	115	0	-1			7070112			-1
17070413	铜锣僵尸13	20612	50	9411	1090	297	500	500	9000	0	20612	-1	-1	115	0	-1			7070113			-1
17070414	铜锣僵尸14	20612	50	9411	1090	297	500	500	9000	0	20612	-1	-1	115	0	-1			7070114			-1
17070415	铜锣僵尸15	20612	50	9411	1090	297	500	500	9000	0	20612	-1	-1	115	0	-1			7070115			-1
17070416	铜锣僵尸16	20612	50	9411	1090	297	500	500	9000	0	20612	-1	-1	115	0	-1			7070116			-1
17070417	铜锣僵尸17	20612	51	9693	1125	307	500	500	9000	0	20612	-1	-1	115	0	-1			7070117			-1
17070418	铜锣僵尸18	20612	51	9693	1125	307	500	500	9000	0	20612	-1	-1	115	0	-1			7070118			-1
17070419	铜锣僵尸19	20612	51	9693	1125	307	500	500	9000	0	20612	-1	-1	115	0	-1			7070119			-1
17070420	铜锣僵尸20	20612	52	9977	1161	316	500	500	9000	0	20612	-1	-1	115	0	-1			7070120			-1
17070421	铜锣僵尸21	20612	52	9977	1161	316	500	500	9000	0	20612	-1	-1	115	0	-1			7070121			-1
17070422	铜锣僵尸22	20612	52	9977	1161	316	500	500	9000	0	20612	-1	-1	115	0	-1			7070122			-1
17070423	铜锣僵尸23	20612	52	9977	1161	316	500	500	9000	0	20612	-1	-1	115	0	-1			7070123			-1
17070424	铜锣僵尸24	20612	53	10267	1199	327	500	500	9000	0	20612	-1	-1	115	0	-1			7070124			-1
17070425	铜锣僵尸25	20612	53	10267	1199	327	500	500	9000	0	20612	-1	-1	115	0	-1			7070125			-1
17070426	铜锣僵尸26	20612	53	10267	1199	327	500	500	9000	0	20612	-1	-1	115	0	-1			7070126			-1
17070427	铜锣僵尸27	20612	53	10267	1199	327	500	500	9000	0	20612	-1	-1	115	0	-1			7070127			-1
17070428	铜锣僵尸28	20612	54	10560	1237	336	500	500	9000	0	20612	-1	-1	115	0	-1			7070128			-1
17070429	铜锣僵尸29	20612	54	10560	1237	336	500	500	9000	0	20612	-1	-1	115	0	-1			7070129			-1
17070430	铜锣僵尸30	20612	54	10560	1237	336	500	500	9000	0	20612	-1	-1	115	0	-1			7070130			-1
17070501	大锤武师1	20607	47	8609	969	267	500	500	9000	0	20607	-1	-1	115	0	-1						-1
17070502	大锤武师2	20607	47	8609	969	267	500	500	9000	0	20607	-1	-1	115	0	-1						-1
17070503	大锤武师3	20607	47	8609	969	267	500	500	9000	0	20607	-1	-1	115	0	-1						-1
17070504	大锤武师4	20607	47	8609	969	267	500	500	9000	0	20607	-1	-1	115	0	-1						-1
17070505	大锤武师5	20607	48	8863	1007	276	500	500	9000	0	20607	-1	-1	115	0	-1						-1
17070506	大锤武师6	20607	48	8863	1007	276	500	500	9000	0	20607	-1	-1	115	0	-1						-1
17070507	大锤武师7	20607	48	8863	1007	276	500	500	9000	0	20607	-1	-1	115	0	-1						-1
17070508	大锤武师8	20607	48	8863	1007	276	500	500	9000	0	20607	-1	-1	115	0	-1						-1
17070509	大锤武师9	20607	49	9134	1048	286	500	500	9000	0	20607	-1	-1	115	0	-1						-1
17070510	大锤武师10	20607	49	9134	1048	286	500	500	9000	0	20607	-1	-1	115	0	-1						-1
17070511	大锤武师11	20607	49	9134	1048	286	500	500	9000	0	20607	-1	-1	115	0	-1						-1
17070512	大锤武师12	20607	49	9134	1048	286	500	500	9000	0	20607	-1	-1	115	0	-1						-1
17070513	大锤武师13	20607	50	9411	1090	297	500	500	9000	0	20607	-1	-1	115	0	-1						-1
17070514	大锤武师14	20607	50	9411	1090	297	500	500	9000	0	20607	-1	-1	115	0	-1						-1
17070515	大锤武师15	20607	50	9411	1090	297	500	500	9000	0	20607	-1	-1	115	0	-1						-1
17070516	大锤武师16	20607	50	9411	1090	297	500	500	9000	0	20607	-1	-1	115	0	-1						-1
17070517	大锤武师17	20607	51	9693	1125	307	500	500	9000	0	20607	-1	-1	115	0	-1						-1
17070518	大锤武师18	20607	51	9693	1125	307	500	500	9000	0	20607	-1	-1	115	0	-1						-1
17070519	大锤武师19	20607	51	9693	1125	307	500	500	9000	0	20607	-1	-1	115	0	-1						-1
17070520	大锤武师20	20607	52	9977	1161	316	500	500	9000	0	20607	-1	-1	115	0	-1						-1
17070521	大锤武师21	20607	52	9977	1161	316	500	500	9000	0	20607	-1	-1	115	0	-1						-1
17070522	大锤武师22	20607	52	9977	1161	316	500	500	9000	0	20607	-1	-1	115	0	-1						-1
17070523	大锤武师23	20607	52	9977	1161	316	500	500	9000	0	20607	-1	-1	115	0	-1						-1
17070524	大锤武师24	20607	53	10267	1199	327	500	500	9000	0	20607	-1	-1	115	0	-1						-1
17070525	大锤武师25	20607	53	10267	1199	327	500	500	9000	0	20607	-1	-1	115	0	-1						-1
17070526	大锤武师26	20607	53	10267	1199	327	500	500	9000	0	20607	-1	-1	115	0	-1						-1
17070527	大锤武师27	20607	53	10267	1199	327	500	500	9000	0	20607	-1	-1	115	0	-1						-1
17070528	大锤武师28	20607	54	10560	1237	336	500	500	9000	0	20607	-1	-1	115	0	-1						-1
17070529	大锤武师29	20607	54	10560	1237	336	500	500	9000	0	20607	-1	-1	115	0	-1						-1
17070530	大锤武师30	20607	54	10560	1237	336	500	500	9000	0	20607	-1	-1	115	0	-1						-1
17070601	酒鬼武师1	20609	47	8609	969	267	500	500	9000	0	20609	-1	-1	115	0	-1						-1
17070602	酒鬼武师2	20609	47	8609	969	267	500	500	9000	0	20609	-1	-1	115	0	-1						-1
17070603	酒鬼武师3	20609	47	8609	969	267	500	500	9000	0	20609	-1	-1	115	0	-1						-1
17070604	酒鬼武师4	20609	47	8609	969	267	500	500	9000	0	20609	-1	-1	115	0	-1						-1
17070605	酒鬼武师5	20609	48	8863	1007	276	500	500	9000	0	20609	-1	-1	115	0	-1						-1
17070606	酒鬼武师6	20609	48	8863	1007	276	500	500	9000	0	20609	-1	-1	115	0	-1						-1
17070607	酒鬼武师7	20609	48	8863	1007	276	500	500	9000	0	20609	-1	-1	115	0	-1						-1
17070608	酒鬼武师8	20609	48	8863	1007	276	500	500	9000	0	20609	-1	-1	115	0	-1						-1
17070609	酒鬼武师9	20609	49	9134	1048	286	500	500	9000	0	20609	-1	-1	115	0	-1						-1
17070610	酒鬼武师10	20609	49	9134	1048	286	500	500	9000	0	20609	-1	-1	115	0	-1						-1
17070611	酒鬼武师11	20609	49	9134	1048	286	500	500	9000	0	20609	-1	-1	115	0	-1						-1
17070612	酒鬼武师12	20609	49	9134	1048	286	500	500	9000	0	20609	-1	-1	115	0	-1						-1
17070613	酒鬼武师13	20609	50	9411	1090	297	500	500	9000	0	20609	-1	-1	115	0	-1						-1
17070614	酒鬼武师14	20609	50	9411	1090	297	500	500	9000	0	20609	-1	-1	115	0	-1						-1
17070615	酒鬼武师15	20609	50	9411	1090	297	500	500	9000	0	20609	-1	-1	115	0	-1						-1
17070616	酒鬼武师16	20609	50	9411	1090	297	500	500	9000	0	20609	-1	-1	115	0	-1						-1
17070617	酒鬼武师17	20609	51	9693	1125	307	500	500	9000	0	20609	-1	-1	115	0	-1						-1
17070618	酒鬼武师18	20609	51	9693	1125	307	500	500	9000	0	20609	-1	-1	115	0	-1						-1
17070619	酒鬼武师19	20609	51	9693	1125	307	500	500	9000	0	20609	-1	-1	115	0	-1						-1
17070620	酒鬼武师20	20609	52	9977	1161	316	500	500	9000	0	20609	-1	-1	115	0	-1						-1
17070621	酒鬼武师21	20609	52	9977	1161	316	500	500	9000	0	20609	-1	-1	115	0	-1						-1
17070622	酒鬼武师22	20609	52	9977	1161	316	500	500	9000	0	20609	-1	-1	115	0	-1						-1
17070623	酒鬼武师23	20609	52	9977	1161	316	500	500	9000	0	20609	-1	-1	115	0	-1						-1
17070624	酒鬼武师24	20609	53	10267	1199	327	500	500	9000	0	20609	-1	-1	115	0	-1						-1
17070625	酒鬼武师25	20609	53	10267	1199	327	500	500	9000	0	20609	-1	-1	115	0	-1						-1
17070626	酒鬼武师26	20609	53	10267	1199	327	500	500	9000	0	20609	-1	-1	115	0	-1						-1
17070627	酒鬼武师27	20609	53	10267	1199	327	500	500	9000	0	20609	-1	-1	115	0	-1						-1
17070628	酒鬼武师28	20609	54	10560	1237	336	500	500	9000	0	20609	-1	-1	115	0	-1						-1
17070629	酒鬼武师29	20609	54	10560	1237	336	500	500	9000	0	20609	-1	-1	115	0	-1						-1
17070630	酒鬼武师30	20609	54	10560	1237	336	500	500	9000	0	20609	-1	-1	115	0	-1						-1
17070701	炸弹僵尸1	20604	47	8609	969	267	500	500	9000	0	11111010	-1	-1	115	0	-1						-1
17070702	炸弹僵尸2	20604	47	8609	969	267	500	500	9000	0	11111010	-1	-1	115	0	-1						-1
17070703	炸弹僵尸3	20604	47	8609	969	267	500	500	9000	0	11111010	-1	-1	115	0	-1						-1
17070704	炸弹僵尸4	20604	47	8609	969	267	500	500	9000	0	11111010	-1	-1	115	0	-1						-1
17070705	炸弹僵尸5	20604	48	8863	1007	276	500	500	9000	0	11111010	-1	-1	115	0	-1						-1
17070706	炸弹僵尸6	20604	48	8863	1007	276	500	500	9000	0	11111010	-1	-1	115	0	-1						-1
17070707	炸弹僵尸7	20604	48	8863	1007	276	500	500	9000	0	11111010	-1	-1	115	0	-1						-1
17070708	炸弹僵尸8	20604	48	8863	1007	276	500	500	9000	0	11111010	-1	-1	115	0	-1						-1
17070709	炸弹僵尸9	20604	49	9134	1048	286	500	500	9000	0	11111010	-1	-1	115	0	-1						-1
17070710	炸弹僵尸10	20604	49	9134	1048	286	500	500	9000	0	11111010	-1	-1	115	0	-1						-1
17070711	炸弹僵尸11	20604	49	9134	1048	286	500	500	9000	0	11111010	-1	-1	115	0	-1						-1
17070712	炸弹僵尸12	20604	49	9134	1048	286	500	500	9000	0	11111010	-1	-1	115	0	-1						-1
17070713	炸弹僵尸13	20604	50	9411	1090	297	500	500	9000	0	11111010	-1	-1	115	0	-1						-1
17070714	炸弹僵尸14	20604	50	9411	1090	297	500	500	9000	0	11111010	-1	-1	115	0	-1						-1
17070715	炸弹僵尸15	20604	50	9411	1090	297	500	500	9000	0	11111010	-1	-1	115	0	-1						-1
17070716	炸弹僵尸16	20604	50	9411	1090	297	500	500	9000	0	11111010	-1	-1	115	0	-1						-1
17070717	炸弹僵尸17	20604	51	9693	1125	307	500	500	9000	0	11111010	-1	-1	115	0	-1						-1
17070718	炸弹僵尸18	20604	51	9693	1125	307	500	500	9000	0	11111010	-1	-1	115	0	-1						-1
17070719	炸弹僵尸19	20604	51	9693	1125	307	500	500	9000	0	11111010	-1	-1	115	0	-1						-1
17070720	炸弹僵尸20	20604	52	9977	1161	316	500	500	9000	0	11111010	-1	-1	115	0	-1						-1
17070721	炸弹僵尸21	20604	52	9977	1161	316	500	500	9000	0	11111010	-1	-1	115	0	-1						-1
17070722	炸弹僵尸22	20604	52	9977	1161	316	500	500	9000	0	11111010	-1	-1	115	0	-1						-1
17070723	炸弹僵尸23	20604	52	9977	1161	316	500	500	9000	0	11111010	-1	-1	115	0	-1						-1
17070724	炸弹僵尸24	20604	53	10267	1199	327	500	500	9000	0	11111010	-1	-1	115	0	-1						-1
17070725	炸弹僵尸25	20604	53	10267	1199	327	500	500	9000	0	11111010	-1	-1	115	0	-1						-1
17070726	炸弹僵尸26	20604	53	10267	1199	327	500	500	9000	0	11111010	-1	-1	115	0	-1						-1
17070727	炸弹僵尸27	20604	53	10267	1199	327	500	500	9000	0	11111010	-1	-1	115	0	-1						-1
17070728	炸弹僵尸28	20604	54	10560	1237	336	500	500	9000	0	11111010	-1	-1	115	0	-1						-1
17070729	炸弹僵尸29	20604	54	10560	1237	336	500	500	9000	0	11111010	-1	-1	115	0	-1						-1
17070730	炸弹僵尸30	20604	54	10560	1237	336	500	500	9000	0	11111010	-1	-1	115	0	-1						-1
17070801	气功师1	20611	47	5738	956	267	500	500	9000	0	11111009	-1	-1	115	0	-1						-1
17070802	气功师2	20611	47	5738	956	267	500	500	9000	0	11111009	-1	-1	115	0	-1						-1
17070803	气功师3	20611	47	5738	956	267	500	500	9000	0	11111009	-1	-1	115	0	-1						-1
17070804	气功师4	20611	47	5738	956	267	500	500	9000	0	11111009	-1	-1	115	0	-1						-1
17070805	气功师5	20611	48	5907	990	276	500	500	9000	0	11111009	-1	-1	115	0	-1						-1
17070806	气功师6	20611	48	5907	990	276	500	500	9000	0	11111009	-1	-1	115	0	-1						-1
17070807	气功师7	20611	48	5907	990	276	500	500	9000	0	11111009	-1	-1	115	0	-1						-1
17070808	气功师8	20611	48	5907	990	276	500	500	9000	0	11111009	-1	-1	115	0	-1						-1
17070809	气功师9	20611	49	6089	1026	286	500	500	9000	0	11111009	-1	-1	115	0	-1						-1
17070810	气功师10	20611	49	6089	1026	286	500	500	9000	0	11111009	-1	-1	115	0	-1						-1
17070811	气功师11	20611	49	6089	1026	286	500	500	9000	0	11111009	-1	-1	115	0	-1						-1
17070812	气功师12	20611	49	6089	1026	286	500	500	9000	0	11111009	-1	-1	115	0	-1						-1
17070813	气功师13	20611	50	6274	1063	297	500	500	9000	0	11111009	-1	-1	115	0	-1						-1
17070814	气功师14	20611	50	6274	1063	297	500	500	9000	0	11111009	-1	-1	115	0	-1						-1
17070815	气功师15	20611	50	6274	1063	297	500	500	9000	0	11111009	-1	-1	115	0	-1						-1
17070816	气功师16	20611	50	6274	1063	297	500	500	9000	0	11111009	-1	-1	115	0	-1						-1
17070817	气功师17	20611	51	6461	1096	307	500	500	9000	0	11111009	-1	-1	115	0	-1						-1
17070818	气功师18	20611	51	6461	1096	307	500	500	9000	0	11111009	-1	-1	115	0	-1						-1
17070819	气功师19	20611	51	6461	1096	307	500	500	9000	0	11111009	-1	-1	115	0	-1						-1
17070820	气功师20	20611	52	6651	1132	316	500	500	9000	0	11111009	-1	-1	115	0	-1						-1
17070821	气功师21	20611	52	6651	1132	316	500	500	9000	0	11111009	-1	-1	115	0	-1						-1
17070822	气功师22	20611	52	6651	1132	316	500	500	9000	0	11111009	-1	-1	115	0	-1						-1
17070823	气功师23	20611	52	6651	1132	316	500	500	9000	0	11111009	-1	-1	115	0	-1						-1
17070824	气功师24	20611	53	6844	1169	327	500	500	9000	0	11111009	-1	-1	115	0	-1						-1
17070825	气功师25	20611	53	6844	1169	327	500	500	9000	0	11111009	-1	-1	115	0	-1						-1
17070826	气功师26	20611	53	6844	1169	327	500	500	9000	0	11111009	-1	-1	115	0	-1						-1
17070827	气功师27	20611	53	6844	1169	327	500	500	9000	0	11111009	-1	-1	115	0	-1						-1
17070828	气功师28	20611	54	7040	1210	336	500	500	9000	0	11111009	-1	-1	115	0	-1						-1
17070829	气功师29	20611	54	7040	1210	336	500	500	9000	0	11111009	-1	-1	115	0	-1						-1
17070830	气功师30	20611	54	7040	1210	336	500	500	9000	0	11111009	-1	-1	115	0	-1						-1
17080101	普通小鬼1	20701	55	7239	852	349	500	500	9000	0	20701	-1	-1	115	0	-1						-1
17080102	普通小鬼2	20701	55	7239	852	349	500	500	9000	0	20701	-1	-1	115	0	-1						-1
17080103	普通小鬼3	20701	55	7239	852	349	500	500	9000	0	20701	-1	-1	115	0	-1						-1
17080104	普通小鬼4	20701	55	7239	852	349	500	500	9000	0	20701	-1	-1	115	0	-1						-1
17080105	普通小鬼5	20701	56	7440	879	359	500	500	9000	0	20701	-1	-1	115	0	-1						-1
17080106	普通小鬼6	20701	56	7440	879	359	500	500	9000	0	20701	-1	-1	115	0	-1						-1
17080107	普通小鬼7	20701	56	7440	879	359	500	500	9000	0	20701	-1	-1	115	0	-1						-1
17080108	普通小鬼8	20701	57	7644	907	370	500	500	9000	0	20701	-1	-1	115	0	-1						-1
17080109	普通小鬼9	20701	57	7644	907	370	500	500	9000	0	20701	-1	-1	115	0	-1						-1
17080110	普通小鬼10	20701	57	7644	907	370	500	500	9000	0	20701	-1	-1	115	0	-1						-1
17080111	普通小鬼11	20701	58	7851	937	380	500	500	9000	0	20701	-1	-1	115	0	-1						-1
17080112	普通小鬼12	20701	58	7851	937	380	500	500	9000	0	20701	-1	-1	115	0	-1						-1
17080113	普通小鬼13	20701	58	7851	937	380	500	500	9000	0	20701	-1	-1	115	0	-1						-1
17080114	普通小鬼14	20701	58	7851	937	380	500	500	9000	0	20701	-1	-1	115	0	-1						-1
17080115	普通小鬼15	20701	59	8060	967	393	500	500	9000	0	20701	-1	-1	115	0	-1						-1
17080116	普通小鬼16	20701	59	8060	967	393	500	500	9000	0	20701	-1	-1	115	0	-1						-1
17080117	普通小鬼17	20701	59	8060	967	393	500	500	9000	0	20701	-1	-1	115	0	-1						-1
17080118	普通小鬼18	20701	59	8060	967	393	500	500	9000	0	20701	-1	-1	115	0	-1						-1
17080119	普通小鬼19	20701	60	8272	1000	404	500	500	9000	0	20701	-1	-1	115	0	-1						-1
17080120	普通小鬼20	20701	60	8272	1000	404	500	500	9000	0	20701	-1	-1	115	0	-1						-1
17080121	普通小鬼21	20701	60	8272	1000	404	500	500	9000	0	20701	-1	-1	115	0	-1						-1
17080122	普通小鬼22	20701	60	8272	1000	404	500	500	9000	0	20701	-1	-1	115	0	-1						-1
17080123	普通小鬼23	20701	61	8488	1032	415	500	500	9000	0	20701	-1	-1	115	0	-1						-1
17080124	普通小鬼24	20701	61	8488	1032	415	500	500	9000	0	20701	-1	-1	115	0	-1						-1
17080125	普通小鬼25	20701	61	8488	1032	415	500	500	9000	0	20701	-1	-1	115	0	-1						-1
17080126	普通小鬼26	20701	61	8488	1032	415	500	500	9000	0	20701	-1	-1	115	0	-1						-1
17080127	普通小鬼27	20701	62	8707	1067	425	500	500	9000	0	20701	-1	-1	115	0	-1						-1
17080128	普通小鬼28	20701	62	8707	1067	425	500	500	9000	0	20701	-1	-1	115	0	-1						-1
17080129	普通小鬼29	20701	62	8707	1067	425	500	500	9000	0	20701	-1	-1	115	0	-1						-1
17080130	普通小鬼30	20701	62	8707	1067	425	500	500	9000	0	20701	-1	-1	115	0	-1						-1
17080201	铁锅小鬼1	20703	55	10858	1278	349	500	500	9000	0	20703	-1	-1	115	0	-1						-1
17080202	铁锅小鬼2	20703	55	10858	1278	349	500	500	9000	0	20703	-1	-1	115	0	-1						-1
17080203	铁锅小鬼3	20703	55	10858	1278	349	500	500	9000	0	20703	-1	-1	115	0	-1						-1
17080204	铁锅小鬼4	20703	55	10858	1278	349	500	500	9000	0	20703	-1	-1	115	0	-1						-1
17080205	铁锅小鬼5	20703	56	11160	1319	359	500	500	9000	0	20703	-1	-1	115	0	-1						-1
17080206	铁锅小鬼6	20703	56	11160	1319	359	500	500	9000	0	20703	-1	-1	115	0	-1						-1
17080207	铁锅小鬼7	20703	56	11160	1319	359	500	500	9000	0	20703	-1	-1	115	0	-1						-1
17080208	铁锅小鬼8	20703	57	11466	1361	370	500	500	9000	0	20703	-1	-1	115	0	-1						-1
17080209	铁锅小鬼9	20703	57	11466	1361	370	500	500	9000	0	20703	-1	-1	115	0	-1						-1
17080210	铁锅小鬼10	20703	57	11466	1361	370	500	500	9000	0	20703	-1	-1	115	0	-1						-1
17080211	铁锅小鬼11	20703	58	11777	1405	380	500	500	9000	0	20703	-1	-1	115	0	-1						-1
17080212	铁锅小鬼12	20703	58	11777	1405	380	500	500	9000	0	20703	-1	-1	115	0	-1						-1
17080213	铁锅小鬼13	20703	58	11777	1405	380	500	500	9000	0	20703	-1	-1	115	0	-1						-1
17080214	铁锅小鬼14	20703	58	11777	1405	380	500	500	9000	0	20703	-1	-1	115	0	-1						-1
17080215	铁锅小鬼15	20703	59	12091	1451	393	500	500	9000	0	20703	-1	-1	115	0	-1						-1
17080216	铁锅小鬼16	20703	59	12091	1451	393	500	500	9000	0	20703	-1	-1	115	0	-1						-1
17080217	铁锅小鬼17	20703	59	12091	1451	393	500	500	9000	0	20703	-1	-1	115	0	-1						-1
17080218	铁锅小鬼18	20703	59	12091	1451	393	500	500	9000	0	20703	-1	-1	115	0	-1						-1
17080219	铁锅小鬼19	20703	60	12409	1499	404	500	500	9000	0	20703	-1	-1	115	0	-1						-1
17080220	铁锅小鬼20	20703	60	12409	1499	404	500	500	9000	0	20703	-1	-1	115	0	-1						-1
17080221	铁锅小鬼21	20703	60	12409	1499	404	500	500	9000	0	20703	-1	-1	115	0	-1						-1
17080222	铁锅小鬼22	20703	60	12409	1499	404	500	500	9000	0	20703	-1	-1	115	0	-1						-1
17080223	铁锅小鬼23	20703	61	12733	1549	415	500	500	9000	0	20703	-1	-1	115	0	-1						-1
17080224	铁锅小鬼24	20703	61	12733	1549	415	500	500	9000	0	20703	-1	-1	115	0	-1						-1
17080225	铁锅小鬼25	20703	61	12733	1549	415	500	500	9000	0	20703	-1	-1	115	0	-1						-1
17080226	铁锅小鬼26	20703	61	12733	1549	415	500	500	9000	0	20703	-1	-1	115	0	-1						-1
17080227	铁锅小鬼27	20703	62	13061	1600	425	500	500	9000	0	20703	-1	-1	115	0	-1						-1
17080228	铁锅小鬼28	20703	62	13061	1600	425	500	500	9000	0	20703	-1	-1	115	0	-1						-1
17080229	铁锅小鬼29	20703	62	13061	1600	425	500	500	9000	0	20703	-1	-1	115	0	-1						-1
17080230	铁锅小鬼30	20703	62	13061	1600	425	500	500	9000	0	20703	-1	-1	115	0	-1						-1
17080301	铁盘小鬼1	20704	55	10858	1278	349	500	500	9000	0	20704	-1	-1	115	0	-1			7080101			-1
17080302	铁盘小鬼2	20704	55	10858	1278	349	500	500	9000	0	20704	-1	-1	115	0	-1			7080102			-1
17080303	铁盘小鬼3	20704	55	10858	1278	349	500	500	9000	0	20704	-1	-1	115	0	-1			7080103			-1
17080304	铁盘小鬼4	20704	55	10858	1278	349	500	500	9000	0	20704	-1	-1	115	0	-1			7080104			-1
17080305	铁盘小鬼5	20704	56	11160	1319	359	500	500	9000	0	20704	-1	-1	115	0	-1			7080105			-1
17080306	铁盘小鬼6	20704	56	11160	1319	359	500	500	9000	0	20704	-1	-1	115	0	-1			7080106			-1
17080307	铁盘小鬼7	20704	56	11160	1319	359	500	500	9000	0	20704	-1	-1	115	0	-1			7080107			-1
17080308	铁盘小鬼8	20704	57	11466	1361	370	500	500	9000	0	20704	-1	-1	115	0	-1			7080108			-1
17080309	铁盘小鬼9	20704	57	11466	1361	370	500	500	9000	0	20704	-1	-1	115	0	-1			7080109			-1
17080310	铁盘小鬼10	20704	57	11466	1361	370	500	500	9000	0	20704	-1	-1	115	0	-1			7080110			-1
17080311	铁盘小鬼11	20704	58	11777	1405	380	500	500	9000	0	20704	-1	-1	115	0	-1			7080111			-1
17080312	铁盘小鬼12	20704	58	11777	1405	380	500	500	9000	0	20704	-1	-1	115	0	-1			7080112			-1
17080313	铁盘小鬼13	20704	58	11777	1405	380	500	500	9000	0	20704	-1	-1	115	0	-1			7080113			-1
17080314	铁盘小鬼14	20704	58	11777	1405	380	500	500	9000	0	20704	-1	-1	115	0	-1			7080114			-1
17080315	铁盘小鬼15	20704	59	12091	1451	393	500	500	9000	0	20704	-1	-1	115	0	-1			7080115			-1
17080316	铁盘小鬼16	20704	59	12091	1451	393	500	500	9000	0	20704	-1	-1	115	0	-1			7080116			-1
17080317	铁盘小鬼17	20704	59	12091	1451	393	500	500	9000	0	20704	-1	-1	115	0	-1			7080117			-1
17080318	铁盘小鬼18	20704	59	12091	1451	393	500	500	9000	0	20704	-1	-1	115	0	-1			7080118			-1
17080319	铁盘小鬼19	20704	60	12409	1499	404	500	500	9000	0	20704	-1	-1	115	0	-1			7080119			-1
17080320	铁盘小鬼20	20704	60	12409	1499	404	500	500	9000	0	20704	-1	-1	115	0	-1			7080120			-1
17080321	铁盘小鬼21	20704	60	12409	1499	404	500	500	9000	0	20704	-1	-1	115	0	-1			7080121			-1
17080322	铁盘小鬼22	20704	60	12409	1499	404	500	500	9000	0	20704	-1	-1	115	0	-1			7080122			-1
17080323	铁盘小鬼23	20704	61	12733	1549	415	500	500	9000	0	20704	-1	-1	115	0	-1			7080123			-1
17080324	铁盘小鬼24	20704	61	12733	1549	415	500	500	9000	0	20704	-1	-1	115	0	-1			7080124			-1
17080325	铁盘小鬼25	20704	61	12733	1549	415	500	500	9000	0	20704	-1	-1	115	0	-1			7080125			-1
17080326	铁盘小鬼26	20704	61	12733	1549	415	500	500	9000	0	20704	-1	-1	115	0	-1			7080126			-1
17080327	铁盘小鬼27	20704	62	13061	1600	425	500	500	9000	0	20704	-1	-1	115	0	-1			7080127			-1
17080328	铁盘小鬼28	20704	62	13061	1600	425	500	500	9000	0	20704	-1	-1	115	0	-1			7080128			-1
17080329	铁盘小鬼29	20704	62	13061	1600	425	500	500	9000	0	20704	-1	-1	115	0	-1			7080129			-1
17080330	铁盘小鬼30	20704	62	13061	1600	425	500	500	9000	0	20704	-1	-1	115	0	-1			7080130			-1
17080401	红孩儿1	20707	55	10858	1278	349	500	500	9000	0	20707	-1	-1	115	0	-1						-1
17080402	红孩儿2	20707	55	10858	1278	349	500	500	9000	0	20707	-1	-1	115	0	-1						-1
17080403	红孩儿3	20707	55	10858	1278	349	500	500	9000	0	20707	-1	-1	115	0	-1						-1
17080404	红孩儿4	20707	55	10858	1278	349	500	500	9000	0	20707	-1	-1	115	0	-1						-1
17080405	红孩儿5	20707	56	11160	1319	359	500	500	9000	0	20707	-1	-1	115	0	-1						-1
17080406	红孩儿6	20707	56	11160	1319	359	500	500	9000	0	20707	-1	-1	115	0	-1						-1
17080407	红孩儿7	20707	56	11160	1319	359	500	500	9000	0	20707	-1	-1	115	0	-1						-1
17080408	红孩儿8	20707	57	11466	1361	370	500	500	9000	0	20707	-1	-1	115	0	-1						-1
17080409	红孩儿9	20707	57	11466	1361	370	500	500	9000	0	20707	-1	-1	115	0	-1						-1
17080410	红孩儿10	20707	57	11466	1361	370	500	500	9000	0	20707	-1	-1	115	0	-1						-1
17080411	红孩儿11	20707	58	11777	1405	380	500	500	9000	0	20707	-1	-1	115	0	-1						-1
17080412	红孩儿12	20707	58	11777	1405	380	500	500	9000	0	20707	-1	-1	115	0	-1						-1
17080413	红孩儿13	20707	58	11777	1405	380	500	500	9000	0	20707	-1	-1	115	0	-1						-1
17080414	红孩儿14	20707	58	11777	1405	380	500	500	9000	0	20707	-1	-1	115	0	-1						-1
17080415	红孩儿15	20707	59	12091	1451	393	500	500	9000	0	20707	-1	-1	115	0	-1						-1
17080416	红孩儿16	20707	59	12091	1451	393	500	500	9000	0	20707	-1	-1	115	0	-1						-1
17080417	红孩儿17	20707	59	12091	1451	393	500	500	9000	0	20707	-1	-1	115	0	-1						-1
17080418	红孩儿18	20707	59	12091	1451	393	500	500	9000	0	20707	-1	-1	115	0	-1						-1
17080419	红孩儿19	20707	60	12409	1499	404	500	500	9000	0	20707	-1	-1	115	0	-1						-1
17080420	红孩儿20	20707	60	12409	1499	404	500	500	9000	0	20707	-1	-1	115	0	-1						-1
17080421	红孩儿21	20707	60	12409	1499	404	500	500	9000	0	20707	-1	-1	115	0	-1						-1
17080422	红孩儿22	20707	60	12409	1499	404	500	500	9000	0	20707	-1	-1	115	0	-1						-1
17080423	红孩儿23	20707	61	12733	1549	415	500	500	9000	0	20707	-1	-1	115	0	-1						-1
17080424	红孩儿24	20707	61	12733	1549	415	500	500	9000	0	20707	-1	-1	115	0	-1						-1
17080425	红孩儿25	20707	61	12733	1549	415	500	500	9000	0	20707	-1	-1	115	0	-1						-1
17080426	红孩儿26	20707	61	12733	1549	415	500	500	9000	0	20707	-1	-1	115	0	-1						-1
17080427	红孩儿27	20707	62	13061	1600	425	500	500	9000	0	20707	-1	-1	115	0	-1						-1
17080428	红孩儿28	20707	62	13061	1600	425	500	500	9000	0	20707	-1	-1	115	0	-1						-1
17080429	红孩儿29	20707	62	13061	1600	425	500	500	9000	0	20707	-1	-1	115	0	-1						-1
17080430	红孩儿30	20707	62	13061	1600	425	500	500	9000	0	20707	-1	-1	115	0	-1						-1
17080501	黑熊精1	20708	55	10858	1278	349	500	500	9000	0	20708	-1	-1	115	0	-1						-1
17080502	黑熊精2	20708	55	10858	1278	349	500	500	9000	0	20708	-1	-1	115	0	-1						-1
17080503	黑熊精3	20708	55	10858	1278	349	500	500	9000	0	20708	-1	-1	115	0	-1						-1
17080504	黑熊精4	20708	55	10858	1278	349	500	500	9000	0	20708	-1	-1	115	0	-1						-1
17080505	黑熊精5	20708	56	11160	1319	359	500	500	9000	0	20708	-1	-1	115	0	-1						-1
17080506	黑熊精6	20708	56	11160	1319	359	500	500	9000	0	20708	-1	-1	115	0	-1						-1
17080507	黑熊精7	20708	56	11160	1319	359	500	500	9000	0	20708	-1	-1	115	0	-1						-1
17080508	黑熊精8	20708	57	11466	1361	370	500	500	9000	0	20708	-1	-1	115	0	-1						-1
17080509	黑熊精9	20708	57	11466	1361	370	500	500	9000	0	20708	-1	-1	115	0	-1						-1
17080510	黑熊精10	20708	57	11466	1361	370	500	500	9000	0	20708	-1	-1	115	0	-1						-1
17080511	黑熊精11	20708	58	11777	1405	380	500	500	9000	0	20708	-1	-1	115	0	-1						-1
17080512	黑熊精12	20708	58	11777	1405	380	500	500	9000	0	20708	-1	-1	115	0	-1						-1
17080513	黑熊精13	20708	58	11777	1405	380	500	500	9000	0	20708	-1	-1	115	0	-1						-1
17080514	黑熊精14	20708	58	11777	1405	380	500	500	9000	0	20708	-1	-1	115	0	-1						-1
17080515	黑熊精15	20708	59	12091	1451	393	500	500	9000	0	20708	-1	-1	115	0	-1						-1
17080516	黑熊精16	20708	59	12091	1451	393	500	500	9000	0	20708	-1	-1	115	0	-1						-1
17080517	黑熊精17	20708	59	12091	1451	393	500	500	9000	0	20708	-1	-1	115	0	-1						-1
17080518	黑熊精18	20708	59	12091	1451	393	500	500	9000	0	20708	-1	-1	115	0	-1						-1
17080519	黑熊精19	20708	60	12409	1499	404	500	500	9000	0	20708	-1	-1	115	0	-1						-1
17080520	黑熊精20	20708	60	12409	1499	404	500	500	9000	0	20708	-1	-1	115	0	-1						-1
17080521	黑熊精21	20708	60	12409	1499	404	500	500	9000	0	20708	-1	-1	115	0	-1						-1
17080522	黑熊精22	20708	60	12409	1499	404	500	500	9000	0	20708	-1	-1	115	0	-1						-1
17080523	黑熊精23	20708	61	12733	1549	415	500	500	9000	0	20708	-1	-1	115	0	-1						-1
17080524	黑熊精24	20708	61	12733	1549	415	500	500	9000	0	20708	-1	-1	115	0	-1						-1
17080525	黑熊精25	20708	61	12733	1549	415	500	500	9000	0	20708	-1	-1	115	0	-1						-1
17080526	黑熊精26	20708	61	12733	1549	415	500	500	9000	0	20708	-1	-1	115	0	-1						-1
17080527	黑熊精27	20708	62	13061	1600	425	500	500	9000	0	20708	-1	-1	115	0	-1						-1
17080528	黑熊精28	20708	62	13061	1600	425	500	500	9000	0	20708	-1	-1	115	0	-1						-1
17080529	黑熊精29	20708	62	13061	1600	425	500	500	9000	0	20708	-1	-1	115	0	-1						-1
17080530	黑熊精30	20708	62	13061	1600	425	500	500	9000	0	20708	-1	-1	115	0	-1						-1
17080601	蜘蛛精1	20711	55	7239	1085	349	500	500	9000	0	11111012	-1	-1	115	0	-1						-1
17080602	蜘蛛精2	20711	55	7239	1085	349	500	500	9000	0	11111012	-1	-1	115	0	-1						-1
17080603	蜘蛛精3	20711	55	7239	1085	349	500	500	9000	0	11111012	-1	-1	115	0	-1						-1
17080604	蜘蛛精4	20711	55	7239	1085	349	500	500	9000	0	11111012	-1	-1	115	0	-1						-1
17080605	蜘蛛精5	20711	56	7440	1121	359	500	500	9000	0	11111012	-1	-1	115	0	-1						-1
17080606	蜘蛛精6	20711	56	7440	1121	359	500	500	9000	0	11111012	-1	-1	115	0	-1						-1
17080607	蜘蛛精7	20711	56	7440	1121	359	500	500	9000	0	11111012	-1	-1	115	0	-1						-1
17080608	蜘蛛精8	20711	57	7644	1158	370	500	500	9000	0	11111012	-1	-1	115	0	-1						-1
17080609	蜘蛛精9	20711	57	7644	1158	370	500	500	9000	0	11111012	-1	-1	115	0	-1						-1
17080610	蜘蛛精10	20711	57	7644	1158	370	500	500	9000	0	11111012	-1	-1	115	0	-1						-1
17080611	蜘蛛精11	20711	58	7851	1197	380	500	500	9000	0	11111012	-1	-1	115	0	-1						-1
17080612	蜘蛛精12	20711	58	7851	1197	380	500	500	9000	0	11111012	-1	-1	115	0	-1						-1
17080613	蜘蛛精13	20711	58	7851	1197	380	500	500	9000	0	11111012	-1	-1	115	0	-1						-1
17080614	蜘蛛精14	20711	58	7851	1197	380	500	500	9000	0	11111012	-1	-1	115	0	-1						-1
17080615	蜘蛛精15	20711	59	8060	1236	393	500	500	9000	0	11111012	-1	-1	115	0	-1						-1
17080616	蜘蛛精16	20711	59	8060	1236	393	500	500	9000	0	11111012	-1	-1	115	0	-1						-1
17080617	蜘蛛精17	20711	59	8060	1236	393	500	500	9000	0	11111012	-1	-1	115	0	-1						-1
17080618	蜘蛛精18	20711	59	8060	1236	393	500	500	9000	0	11111012	-1	-1	115	0	-1						-1
17080619	蜘蛛精19	20711	60	8272	1278	404	500	500	9000	0	11111012	-1	-1	115	0	-1						-1
17080620	蜘蛛精20	20711	60	8272	1278	404	500	500	9000	0	11111012	-1	-1	115	0	-1						-1
17080621	蜘蛛精21	20711	60	8272	1278	404	500	500	9000	0	11111012	-1	-1	115	0	-1						-1
17080622	蜘蛛精22	20711	60	8272	1278	404	500	500	9000	0	11111012	-1	-1	115	0	-1						-1
17080623	蜘蛛精23	20711	61	8488	1320	415	500	500	9000	0	11111012	-1	-1	115	0	-1						-1
17080624	蜘蛛精24	20711	61	8488	1320	415	500	500	9000	0	11111012	-1	-1	115	0	-1						-1
17080625	蜘蛛精25	20711	61	8488	1320	415	500	500	9000	0	11111012	-1	-1	115	0	-1						-1
17080626	蜘蛛精26	20711	61	8488	1320	415	500	500	9000	0	11111012	-1	-1	115	0	-1						-1
17080627	蜘蛛精27	20711	62	8707	1366	425	500	500	9000	0	11111012	-1	-1	115	0	-1						-1
17080628	蜘蛛精28	20711	62	8707	1366	425	500	500	9000	0	11111012	-1	-1	115	0	-1						-1
17080629	蜘蛛精29	20711	62	8707	1366	425	500	500	9000	0	11111012	-1	-1	115	0	-1						-1
17080630	蜘蛛精30	20711	62	8707	1366	425	500	500	9000	0	11111012	-1	-1	115	0	-1						-1
17080701	叉子小鬼1	20705	55	7239	543	349	500	500	9000	0	11111011	-1	-1	115	0	-1						-1
17080702	叉子小鬼2	20705	55	7239	543	349	500	500	9000	0	11111011	-1	-1	115	0	-1						-1
17080703	叉子小鬼3	20705	55	7239	543	349	500	500	9000	0	11111011	-1	-1	115	0	-1						-1
17080704	叉子小鬼4	20705	55	7239	543	349	500	500	9000	0	11111011	-1	-1	115	0	-1						-1
17080705	叉子小鬼5	20705	56	7440	561	359	500	500	9000	0	11111011	-1	-1	115	0	-1						-1
17080706	叉子小鬼6	20705	56	7440	561	359	500	500	9000	0	11111011	-1	-1	115	0	-1						-1
17080707	叉子小鬼7	20705	56	7440	561	359	500	500	9000	0	11111011	-1	-1	115	0	-1						-1
17080708	叉子小鬼8	20705	57	7644	580	370	500	500	9000	0	11111011	-1	-1	115	0	-1						-1
17080709	叉子小鬼9	20705	57	7644	580	370	500	500	9000	0	11111011	-1	-1	115	0	-1						-1
17080710	叉子小鬼10	20705	57	7644	580	370	500	500	9000	0	11111011	-1	-1	115	0	-1						-1
17080711	叉子小鬼11	20705	58	7851	599	380	500	500	9000	0	11111011	-1	-1	115	0	-1						-1
17080712	叉子小鬼12	20705	58	7851	599	380	500	500	9000	0	11111011	-1	-1	115	0	-1						-1
17080713	叉子小鬼13	20705	58	7851	599	380	500	500	9000	0	11111011	-1	-1	115	0	-1						-1
17080714	叉子小鬼14	20705	58	7851	599	380	500	500	9000	0	11111011	-1	-1	115	0	-1						-1
17080715	叉子小鬼15	20705	59	8060	618	393	500	500	9000	0	11111011	-1	-1	115	0	-1						-1
17080716	叉子小鬼16	20705	59	8060	618	393	500	500	9000	0	11111011	-1	-1	115	0	-1						-1
17080717	叉子小鬼17	20705	59	8060	618	393	500	500	9000	0	11111011	-1	-1	115	0	-1						-1
17080718	叉子小鬼18	20705	59	8060	618	393	500	500	9000	0	11111011	-1	-1	115	0	-1						-1
17080719	叉子小鬼19	20705	60	8272	638	404	500	500	9000	0	11111011	-1	-1	115	0	-1						-1
17080720	叉子小鬼20	20705	60	8272	638	404	500	500	9000	0	11111011	-1	-1	115	0	-1						-1
17080721	叉子小鬼21	20705	60	8272	638	404	500	500	9000	0	11111011	-1	-1	115	0	-1						-1
17080722	叉子小鬼22	20705	60	8272	638	404	500	500	9000	0	11111011	-1	-1	115	0	-1						-1
17080723	叉子小鬼23	20705	61	8488	660	415	500	500	9000	0	11111011	-1	-1	115	0	-1						-1
17080724	叉子小鬼24	20705	61	8488	660	415	500	500	9000	0	11111011	-1	-1	115	0	-1						-1
17080725	叉子小鬼25	20705	61	8488	660	415	500	500	9000	0	11111011	-1	-1	115	0	-1						-1
17080726	叉子小鬼26	20705	61	8488	660	415	500	500	9000	0	11111011	-1	-1	115	0	-1						-1
17080727	叉子小鬼27	20705	62	8707	683	425	500	500	9000	0	11111011	-1	-1	115	0	-1						-1
17080728	叉子小鬼28	20705	62	8707	683	425	500	500	9000	0	11111011	-1	-1	115	0	-1						-1
17080729	叉子小鬼29	20705	62	8707	683	425	500	500	9000	0	11111011	-1	-1	115	0	-1						-1
17080730	叉子小鬼30	20705	62	8707	683	425	500	500	9000	0	11111011	-1	-1	115	0	-1						-1
17090101	维京普通僵尸1	20719	63	9098	1124	445	500	500	9000	0	20719	-1	-1	115	0	-1						-1
17090102	维京普通僵尸2	20719	63	9098	1124	445	500	500	9000	0	20719	-1	-1	115	0	-1						-1
17090103	维京普通僵尸3	20719	64	9325	1162	459	500	500	9000	0	20719	-1	-1	115	0	-1						-1
17090104	维京普通僵尸4	20719	64	9325	1162	459	500	500	9000	0	20719	-1	-1	115	0	-1						-1
17090105	维京普通僵尸5	20719	65	9556	1202	471	500	500	9000	0	20719	-1	-1	115	0	-1						-1
17090106	维京普通僵尸6	20719	65	9556	1202	471	500	500	9000	0	20719	-1	-1	115	0	-1						-1
17090107	维京普通僵尸7	20719	66	9791	1243	483	500	500	9000	0	20719	-1	-1	115	0	-1						-1
17090108	维京普通僵尸8	20719	66	9791	1243	483	500	500	9000	0	20719	-1	-1	115	0	-1						-1
17090109	维京普通僵尸9	20719	67	10027	1286	494	500	500	9000	0	20719	-1	-1	115	0	-1						-1
17090110	维京普通僵尸10	20719	67	10027	1286	494	500	500	9000	0	20719	-1	-1	115	0	-1						-1
17090111	维京普通僵尸11	20719	68	10267	1331	509	500	500	9000	0	20719	-1	-1	115	0	-1						-1
17090112	维京普通僵尸12	20719	68	10267	1331	509	500	500	9000	0	20719	-1	-1	115	0	-1						-1
17090113	维京普通僵尸13	20719	69	10510	1378	522	500	500	9000	0	20719	-1	-1	115	0	-1						-1
17090114	维京普通僵尸14	20719	69	10510	1378	522	500	500	9000	0	20719	-1	-1	115	0	-1						-1
17090115	维京普通僵尸15	20719	70	10755	1427	534	500	500	9000	0	20719	-1	-1	115	0	-1						-1
17090116	维京普通僵尸16	20719	70	10755	1427	534	500	500	9000	0	20719	-1	-1	115	0	-1						-1
17090117	维京普通僵尸17	20719	71	11003	1480	546	500	500	9000	0	20719	-1	-1	115	0	-1						-1
17090118	维京普通僵尸18	20719	71	11003	1480	546	500	500	9000	0	20719	-1	-1	115	0	-1						-1
17090119	维京普通僵尸19	20719	72	11254	1533	559	500	500	9000	0	20719	-1	-1	115	0	-1						-1
17090120	维京普通僵尸20	20719	72	11254	1533	559	500	500	9000	0	20719	-1	-1	115	0	-1						-1
17090121	维京普通僵尸21	20719	73	11509	1591	575	500	500	9000	0	20719	-1	-1	115	0	-1						-1
17090122	维京普通僵尸22	20719	73	11509	1591	575	500	500	9000	0	20719	-1	-1	115	0	-1						-1
17090123	维京普通僵尸23	20719	74	11766	1651	586	500	500	9000	0	20719	-1	-1	115	0	-1						-1
17090124	维京普通僵尸24	20719	74	11766	1651	586	500	500	9000	0	20719	-1	-1	115	0	-1						-1
17090125	维京普通僵尸25	20719	75	12025	1714	599	500	500	9000	0	20719	-1	-1	115	0	-1						-1
17090126	维京普通僵尸26	20719	75	12025	1714	599	500	500	9000	0	20719	-1	-1	115	0	-1						-1
17090127	维京普通僵尸27	20719	76	12288	1780	613	500	500	9000	0	20719	-1	-1	115	0	-1						-1
17090128	维京普通僵尸28	20719	77	12553	1851	629	500	500	9000	0	20719	-1	-1	115	0	-1						-1
17090129	维京普通僵尸29	20719	78	12823	1926	642	500	500	9000	0	20719	-1	-1	115	0	-1						-1
17090130	维京普通僵尸30	20719	79	13094	2005	656	500	500	9000	0	20719	-1	-1	115	0	-1						-1
17090201	维京路障僵尸1	20720	63	13647	1685	445	500	500	9000	0	20720	-1	-1	115	0	-1						-1
17090202	维京路障僵尸2	20720	63	13647	1685	445	500	500	9000	0	20720	-1	-1	115	0	-1						-1
17090203	维京路障僵尸3	20720	64	13988	1743	459	500	500	9000	0	20720	-1	-1	115	0	-1						-1
17090204	维京路障僵尸4	20720	64	13988	1743	459	500	500	9000	0	20720	-1	-1	115	0	-1						-1
17090205	维京路障僵尸5	20720	65	14336	1803	471	500	500	9000	0	20720	-1	-1	115	0	-1						-1
17090206	维京路障僵尸6	20720	65	14336	1803	471	500	500	9000	0	20720	-1	-1	115	0	-1						-1
17090207	维京路障僵尸7	20720	66	14687	1865	483	500	500	9000	0	20720	-1	-1	115	0	-1						-1
17090208	维京路障僵尸8	20720	66	14687	1865	483	500	500	9000	0	20720	-1	-1	115	0	-1						-1
17090209	维京路障僵尸9	20720	67	15041	1929	494	500	500	9000	0	20720	-1	-1	115	0	-1						-1
17090210	维京路障僵尸10	20720	67	15041	1929	494	500	500	9000	0	20720	-1	-1	115	0	-1						-1
17090211	维京路障僵尸11	20720	68	15402	1997	509	500	500	9000	0	20720	-1	-1	115	0	-1						-1
17090212	维京路障僵尸12	20720	68	15402	1997	509	500	500	9000	0	20720	-1	-1	115	0	-1						-1
17090213	维京路障僵尸13	20720	69	15764	2067	522	500	500	9000	0	20720	-1	-1	115	0	-1						-1
17090214	维京路障僵尸14	20720	69	15764	2067	522	500	500	9000	0	20720	-1	-1	115	0	-1						-1
17090215	维京路障僵尸15	20720	70	16132	2141	534	500	500	9000	0	20720	-1	-1	115	0	-1						-1
17090216	维京路障僵尸16	20720	70	16132	2141	534	500	500	9000	0	20720	-1	-1	115	0	-1						-1
17090217	维京路障僵尸17	20720	71	16506	2220	546	500	500	9000	0	20720	-1	-1	115	0	-1						-1
17090218	维京路障僵尸18	20720	71	16506	2220	546	500	500	9000	0	20720	-1	-1	115	0	-1						-1
17090219	维京路障僵尸19	20720	72	16881	2301	559	500	500	9000	0	20720	-1	-1	115	0	-1						-1
17090220	维京路障僵尸20	20720	72	16881	2301	559	500	500	9000	0	20720	-1	-1	115	0	-1						-1
17090221	维京路障僵尸21	20720	73	17263	2387	575	500	500	9000	0	20720	-1	-1	115	0	-1						-1
17090222	维京路障僵尸22	20720	73	17263	2387	575	500	500	9000	0	20720	-1	-1	115	0	-1						-1
17090223	维京路障僵尸23	20720	74	17650	2477	586	500	500	9000	0	20720	-1	-1	115	0	-1						-1
17090224	维京路障僵尸24	20720	74	17650	2477	586	500	500	9000	0	20720	-1	-1	115	0	-1						-1
17090225	维京路障僵尸25	20720	75	18038	2571	599	500	500	9000	0	20720	-1	-1	115	0	-1						-1
17090226	维京路障僵尸26	20720	75	18038	2571	599	500	500	9000	0	20720	-1	-1	115	0	-1						-1
17090227	维京路障僵尸27	20720	76	18433	2671	613	500	500	9000	0	20720	-1	-1	115	0	-1						-1
17090228	维京路障僵尸28	20720	77	18831	2777	629	500	500	9000	0	20720	-1	-1	115	0	-1						-1
17090229	维京路障僵尸29	20720	78	19234	2889	642	500	500	9000	0	20720	-1	-1	115	0	-1						-1
17090230	维京路障僵尸30	20720	79	19642	3008	656	500	500	9000	0	20720	-1	-1	115	0	-1						-1
17090301	维京铁桶僵尸1	20722	63	13647	1685	445	500	500	9000	0	20722	-1	-1	115	0	-1			7090101			-1
17090302	维京铁桶僵尸2	20722	63	13647	1685	445	500	500	9000	0	20722	-1	-1	115	0	-1			7090102			-1
17090303	维京铁桶僵尸3	20722	64	13988	1743	459	500	500	9000	0	20722	-1	-1	115	0	-1			7090103			-1
17090304	维京铁桶僵尸4	20722	64	13988	1743	459	500	500	9000	0	20722	-1	-1	115	0	-1			7090104			-1
17090305	维京铁桶僵尸5	20722	65	14336	1803	471	500	500	9000	0	20722	-1	-1	115	0	-1			7090105			-1
17090306	维京铁桶僵尸6	20722	65	14336	1803	471	500	500	9000	0	20722	-1	-1	115	0	-1			7090106			-1
17090307	维京铁桶僵尸7	20722	66	14687	1865	483	500	500	9000	0	20722	-1	-1	115	0	-1			7090107			-1
17090308	维京铁桶僵尸8	20722	66	14687	1865	483	500	500	9000	0	20722	-1	-1	115	0	-1			7090108			-1
17090309	维京铁桶僵尸9	20722	67	15041	1929	494	500	500	9000	0	20722	-1	-1	115	0	-1			7090109			-1
17090310	维京铁桶僵尸10	20722	67	15041	1929	494	500	500	9000	0	20722	-1	-1	115	0	-1			7090110			-1
17090311	维京铁桶僵尸11	20722	68	15402	1997	509	500	500	9000	0	20722	-1	-1	115	0	-1			7090111			-1
17090312	维京铁桶僵尸12	20722	68	15402	1997	509	500	500	9000	0	20722	-1	-1	115	0	-1			7090112			-1
17090313	维京铁桶僵尸13	20722	69	15764	2067	522	500	500	9000	0	20722	-1	-1	115	0	-1			7090113			-1
17090314	维京铁桶僵尸14	20722	69	15764	2067	522	500	500	9000	0	20722	-1	-1	115	0	-1			7090114			-1
17090315	维京铁桶僵尸15	20722	70	16132	2141	534	500	500	9000	0	20722	-1	-1	115	0	-1			7090115			-1
17090316	维京铁桶僵尸16	20722	70	16132	2141	534	500	500	9000	0	20722	-1	-1	115	0	-1			7090116			-1
17090317	维京铁桶僵尸17	20722	71	16506	2220	546	500	500	9000	0	20722	-1	-1	115	0	-1			7090117			-1
17090318	维京铁桶僵尸18	20722	71	16506	2220	546	500	500	9000	0	20722	-1	-1	115	0	-1			7090118			-1
17090319	维京铁桶僵尸19	20722	72	16881	2301	559	500	500	9000	0	20722	-1	-1	115	0	-1			7090119			-1
17090320	维京铁桶僵尸20	20722	72	16881	2301	559	500	500	9000	0	20722	-1	-1	115	0	-1			7090120			-1
17090321	维京铁桶僵尸21	20722	73	17263	2387	575	500	500	9000	0	20722	-1	-1	115	0	-1			7090121			-1
17090322	维京铁桶僵尸22	20722	73	17263	2387	575	500	500	9000	0	20722	-1	-1	115	0	-1			7090122			-1
17090323	维京铁桶僵尸23	20722	74	17650	2477	586	500	500	9000	0	20722	-1	-1	115	0	-1			7090123			-1
17090324	维京铁桶僵尸24	20722	74	17650	2477	586	500	500	9000	0	20722	-1	-1	115	0	-1			7090124			-1
17090325	维京铁桶僵尸25	20722	75	18038	2571	599	500	500	9000	0	20722	-1	-1	115	0	-1			7090125			-1
17090326	维京铁桶僵尸26	20722	75	18038	2571	599	500	500	9000	0	20722	-1	-1	115	0	-1			7090126			-1
17090327	维京铁桶僵尸27	20722	76	18433	2671	613	500	500	9000	0	20722	-1	-1	115	0	-1			7090127			-1
17090328	维京铁桶僵尸28	20722	77	18831	2777	629	500	500	9000	0	20722	-1	-1	115	0	-1			7090128			-1
17090329	维京铁桶僵尸29	20722	78	19234	2889	642	500	500	9000	0	20722	-1	-1	115	0	-1			7090129			-1
17090330	维京铁桶僵尸30	20722	79	19642	3008	656	500	500	9000	0	20722	-1	-1	115	0	-1			7090130			-1
17090401	飞龙饲养员1	20726	63	9098	2878	445	500	500	9000	0	11111014	-1	-1	115	0	-1						-1
17090402	飞龙饲养员2	20726	63	9098	2878	445	500	500	9000	0	11111014	-1	-1	115	0	-1						-1
17090403	飞龙饲养员3	20726	64	9325	2979	459	500	500	9000	0	11111014	-1	-1	115	0	-1						-1
17090404	飞龙饲养员4	20726	64	9325	2979	459	500	500	9000	0	11111014	-1	-1	115	0	-1						-1
17090405	飞龙饲养员5	20726	65	9556	3079	471	500	500	9000	0	11111014	-1	-1	115	0	-1						-1
17090406	飞龙饲养员6	20726	65	9556	3079	471	500	500	9000	0	11111014	-1	-1	115	0	-1						-1
17090407	飞龙饲养员7	20726	66	9791	3189	483	500	500	9000	0	11111014	-1	-1	115	0	-1						-1
17090408	飞龙饲养员8	20726	66	9791	3189	483	500	500	9000	0	11111014	-1	-1	115	0	-1						-1
17090409	飞龙饲养员9	20726	67	10027	3302	494	500	500	9000	0	11111014	-1	-1	115	0	-1						-1
17090410	飞龙饲养员10	20726	67	10027	3302	494	500	500	9000	0	11111014	-1	-1	115	0	-1						-1
17090411	飞龙饲养员11	20726	68	10267	3418	509	500	500	9000	0	11111014	-1	-1	115	0	-1						-1
17090412	飞龙饲养员12	20726	68	10267	3418	509	500	500	9000	0	11111014	-1	-1	115	0	-1						-1
17090413	飞龙饲养员13	20726	69	10510	3544	522	500	500	9000	0	11111014	-1	-1	115	0	-1						-1
17090414	飞龙饲养员14	20726	69	10510	3544	522	500	500	9000	0	11111014	-1	-1	115	0	-1						-1
17090415	飞龙饲养员15	20726	70	10755	3672	534	500	500	9000	0	11111014	-1	-1	115	0	-1						-1
17090416	飞龙饲养员16	20726	70	10755	3672	534	500	500	9000	0	11111014	-1	-1	115	0	-1						-1
17090417	飞龙饲养员17	20726	71	11003	3811	546	500	500	9000	0	11111014	-1	-1	115	0	-1						-1
17090418	飞龙饲养员18	20726	71	11003	3811	546	500	500	9000	0	11111014	-1	-1	115	0	-1						-1
17090419	飞龙饲养员19	20726	72	11254	3953	559	500	500	9000	0	11111014	-1	-1	115	0	-1						-1
17090420	飞龙饲养员20	20726	72	11254	3953	559	500	500	9000	0	11111014	-1	-1	115	0	-1						-1
17090421	飞龙饲养员21	20726	73	11509	4105	575	500	500	9000	0	11111014	-1	-1	115	0	-1						-1
17090422	飞龙饲养员22	20726	73	11509	4105	575	500	500	9000	0	11111014	-1	-1	115	0	-1						-1
17090423	飞龙饲养员23	20726	74	11766	4263	586	500	500	9000	0	11111014	-1	-1	115	0	-1						-1
17090424	飞龙饲养员24	20726	74	11766	4263	586	500	500	9000	0	11111014	-1	-1	115	0	-1						-1
17090425	飞龙饲养员25	20726	75	12025	4432	599	500	500	9000	0	11111014	-1	-1	115	0	-1						-1
17090426	飞龙饲养员26	20726	75	12025	4432	599	500	500	9000	0	11111014	-1	-1	115	0	-1						-1
17090427	飞龙饲养员27	20726	76	12288	4607	613	500	500	9000	0	11111014	-1	-1	115	0	-1						-1
17090428	飞龙饲养员28	20726	77	12553	4796	629	500	500	9000	0	11111014	-1	-1	115	0	-1						-1
17090429	飞龙饲养员29	20726	78	12823	4995	642	500	500	9000	0	11111014	-1	-1	115	0	-1						-1
17090430	飞龙饲养员30	20726	79	13094	5207	656	500	500	9000	0	11111014	-1	-1	115	0	-1						-1
17090501	号角僵尸1	20724	63	9098	1081	445	500	500	9000	0	11111013	-1	-1	115	0	-1						-1
17090502	号角僵尸2	20724	63	9098	1081	445	500	500	9000	0	11111013	-1	-1	115	0	-1						-1
17090503	号角僵尸3	20724	64	9325	1117	459	500	500	9000	0	11111013	-1	-1	115	0	-1						-1
17090504	号角僵尸4	20724	64	9325	1117	459	500	500	9000	0	11111013	-1	-1	115	0	-1						-1
17090505	号角僵尸5	20724	65	9556	1156	471	500	500	9000	0	11111013	-1	-1	115	0	-1						-1
17090506	号角僵尸6	20724	65	9556	1156	471	500	500	9000	0	11111013	-1	-1	115	0	-1						-1
17090507	号角僵尸7	20724	66	9791	1196	483	500	500	9000	0	11111013	-1	-1	115	0	-1						-1
17090508	号角僵尸8	20724	66	9791	1196	483	500	500	9000	0	11111013	-1	-1	115	0	-1						-1
17090509	号角僵尸9	20724	67	10027	1238	494	500	500	9000	0	11111013	-1	-1	115	0	-1						-1
17090510	号角僵尸10	20724	67	10027	1238	494	500	500	9000	0	11111013	-1	-1	115	0	-1						-1
17090511	号角僵尸11	20724	68	10267	1283	509	500	500	9000	0	11111013	-1	-1	115	0	-1						-1
17090512	号角僵尸12	20724	68	10267	1283	509	500	500	9000	0	11111013	-1	-1	115	0	-1						-1
17090513	号角僵尸13	20724	69	10510	1329	522	500	500	9000	0	11111013	-1	-1	115	0	-1						-1
17090514	号角僵尸14	20724	69	10510	1329	522	500	500	9000	0	11111013	-1	-1	115	0	-1						-1
17090515	号角僵尸15	20724	70	10755	1377	534	500	500	9000	0	11111013	-1	-1	115	0	-1						-1
17090516	号角僵尸16	20724	70	10755	1377	534	500	500	9000	0	11111013	-1	-1	115	0	-1						-1
17090517	号角僵尸17	20724	71	11003	1428	546	500	500	9000	0	11111013	-1	-1	115	0	-1						-1
17090518	号角僵尸18	20724	71	11003	1428	546	500	500	9000	0	11111013	-1	-1	115	0	-1						-1
17090519	号角僵尸19	20724	72	11254	1482	559	500	500	9000	0	11111013	-1	-1	115	0	-1						-1
17090520	号角僵尸20	20724	72	11254	1482	559	500	500	9000	0	11111013	-1	-1	115	0	-1						-1
17090521	号角僵尸21	20724	73	11509	1540	575	500	500	9000	0	11111013	-1	-1	115	0	-1						-1
17090522	号角僵尸22	20724	73	11509	1540	575	500	500	9000	0	11111013	-1	-1	115	0	-1						-1
17090523	号角僵尸23	20724	74	11766	1599	586	500	500	9000	0	11111013	-1	-1	115	0	-1						-1
17090524	号角僵尸24	20724	74	11766	1599	586	500	500	9000	0	11111013	-1	-1	115	0	-1						-1
17090525	号角僵尸25	20724	75	12025	1662	599	500	500	9000	0	11111013	-1	-1	115	0	-1						-1
17090526	号角僵尸26	20724	75	12025	1662	599	500	500	9000	0	11111013	-1	-1	115	0	-1						-1
17090527	号角僵尸27	20724	76	12288	1729	613	500	500	9000	0	11111013	-1	-1	115	0	-1						-1
17090528	号角僵尸28	20724	77	12553	1800	629	500	500	9000	0	11111013	-1	-1	115	0	-1						-1
17090529	号角僵尸29	20724	78	12823	1874	642	500	500	9000	0	11111013	-1	-1	115	0	-1						-1
17090530	号角僵尸30	20724	79	13094	1954	656	500	500	9000	0	11111013	-1	-1	115	0	-1						-1
17100101	未来普僵1	1090001	80	13369	2089	670	500	500	9000	0	11122001	-1	-1	115	0	-1						-1
17100102	未来普僵2	1090001	80	13369	2089	670	500	500	9000	0	11122001	-1	-1	115	0	-1						-1
17100103	未来普僵3	1090001	81	13646	2179	683	500	500	9000	0	11122001	-1	-1	115	0	-1						-1
17100104	未来普僵4	1090001	81	13646	2179	683	500	500	9000	0	11122001	-1	-1	115	0	-1						-1
17100105	未来普僵5	1090001	82	13927	2273	701	500	500	9000	0	11122001	-1	-1	115	0	-1						-1
17100106	未来普僵6	1090001	82	13927	2273	701	500	500	9000	0	11122001	-1	-1	115	0	-1						-1
17100107	未来普僵7	1090001	83	14209	2374	714	500	500	9000	0	11122001	-1	-1	115	0	-1						-1
17100108	未来普僵8	1090001	83	14209	2374	714	500	500	9000	0	11122001	-1	-1	115	0	-1						-1
17100109	未来普僵9	1090001	84	14495	2483	728	500	500	9000	0	11122001	-1	-1	115	0	-1						-1
17100110	未来普僵10	1090001	84	14495	2483	728	500	500	9000	0	11122001	-1	-1	115	0	-1						-1
17100111	未来普僵11	1090001	85	14784	2600	742	500	500	9000	0	11122001	-1	-1	115	0	-1						-1
17100112	未来普僵12	1090001	85	14784	2600	742	500	500	9000	0	11122001	-1	-1	115	0	-1						-1
17100113	未来普僵13	1090001	86	15075	2725	761	500	500	9000	0	11122001	-1	-1	115	0	-1						-1
17100114	未来普僵14	1090001	86	15075	2725	761	500	500	9000	0	11122001	-1	-1	115	0	-1						-1
17100115	未来普僵15	1090001	87	15353	2860	775	500	500	9000	0	11122001	-1	-1	115	0	-1						-1
17100116	未来普僵16	1090001	87	15353	2860	775	500	500	9000	0	11122001	-1	-1	115	0	-1						-1
17100117	未来普僵17	1090001	88	15651	3007	789	500	500	9000	0	11122001	-1	-1	115	0	-1						-1
17100118	未来普僵18	1090001	88	15651	3007	789	500	500	9000	0	11122001	-1	-1	115	0	-1						-1
17100119	未来普僵19	1090001	89	15952	3165	804	500	500	9000	0	11122001	-1	-1	115	0	-1						-1
17100120	未来普僵20	1090001	89	15952	3165	804	500	500	9000	0	11122001	-1	-1	115	0	-1						-1
17100121	未来普僵21	1090001	90	16255	3337	817	500	500	9000	0	11122001	-1	-1	115	0	-1						-1
17100122	未来普僵22	1090001	90	16255	3337	817	500	500	9000	0	11122001	-1	-1	115	0	-1						-1
17100123	未来普僵23	1090001	91	16563	3527	837	500	500	9000	0	11122001	-1	-1	115	0	-1						-1
17100124	未来普僵24	1090001	91	16563	3527	837	500	500	9000	0	11122001	-1	-1	115	0	-1						-1
17100125	未来普僵25	1090001	92	16872	3733	852	500	500	9000	0	11122001	-1	-1	115	0	-1						-1
17100126	未来普僵26	1090001	92	16872	3733	852	500	500	9000	0	11122001	-1	-1	115	0	-1						-1
17100127	未来普僵27	1090001	93	17183	3962	867	500	500	9000	0	11122001	-1	-1	115	0	-1						-1
17100128	未来普僵28	1090001	93	17183	3962	867	500	500	9000	0	11122001	-1	-1	115	0	-1						-1
17100129	未来普僵29	1090001	94	17499	4215	882	500	500	9000	0	11122001	-1	-1	115	0	-1						-1
17100130	未来普僵30	1090001	95	17817	4497	901	500	500	9000	0	11122001	-1	-1	115	0	-1						-1
17100201	未来旗子1	1090014	80	13369	2089	670	500	500	9000	0	11122006	-1	-1	115	0	-1						-1
17100202	未来旗子2	1090014	80	13369	2089	670	500	500	9000	0	11122006	-1	-1	115	0	-1						-1
17100203	未来旗子3	1090014	81	13646	2179	683	500	500	9000	0	11122006	-1	-1	115	0	-1						-1
17100204	未来旗子4	1090014	81	13646	2179	683	500	500	9000	0	11122006	-1	-1	115	0	-1						-1
17100205	未来旗子5	1090014	82	13927	2273	701	500	500	9000	0	11122006	-1	-1	115	0	-1						-1
17100206	未来旗子6	1090014	82	13927	2273	701	500	500	9000	0	11122006	-1	-1	115	0	-1						-1
17100207	未来旗子7	1090014	83	14209	2374	714	500	500	9000	0	11122006	-1	-1	115	0	-1						-1
17100208	未来旗子8	1090014	83	14209	2374	714	500	500	9000	0	11122006	-1	-1	115	0	-1						-1
17100209	未来旗子9	1090014	84	14495	2483	728	500	500	9000	0	11122006	-1	-1	115	0	-1						-1
17100210	未来旗子10	1090014	84	14495	2483	728	500	500	9000	0	11122006	-1	-1	115	0	-1						-1
17100211	未来旗子11	1090014	85	14784	2600	742	500	500	9000	0	11122006	-1	-1	115	0	-1						-1
17100212	未来旗子12	1090014	85	14784	2600	742	500	500	9000	0	11122006	-1	-1	115	0	-1						-1
17100213	未来旗子13	1090014	86	15075	2725	761	500	500	9000	0	11122006	-1	-1	115	0	-1						-1
17100214	未来旗子14	1090014	86	15075	2725	761	500	500	9000	0	11122006	-1	-1	115	0	-1						-1
17100215	未来旗子15	1090014	87	15353	2860	775	500	500	9000	0	11122006	-1	-1	115	0	-1						-1
17100216	未来旗子16	1090014	87	15353	2860	775	500	500	9000	0	11122006	-1	-1	115	0	-1						-1
17100217	未来旗子17	1090014	88	15651	3007	789	500	500	9000	0	11122006	-1	-1	115	0	-1						-1
17100218	未来旗子18	1090014	88	15651	3007	789	500	500	9000	0	11122006	-1	-1	115	0	-1						-1
17100219	未来旗子19	1090014	89	15952	3165	804	500	500	9000	0	11122006	-1	-1	115	0	-1						-1
17100220	未来旗子20	1090014	89	15952	3165	804	500	500	9000	0	11122006	-1	-1	115	0	-1						-1
17100221	未来旗子21	1090014	90	16255	3337	817	500	500	9000	0	11122006	-1	-1	115	0	-1						-1
17100222	未来旗子22	1090014	90	16255	3337	817	500	500	9000	0	11122006	-1	-1	115	0	-1						-1
17100223	未来旗子23	1090014	91	16563	3527	837	500	500	9000	0	11122006	-1	-1	115	0	-1						-1
17100224	未来旗子24	1090014	91	16563	3527	837	500	500	9000	0	11122006	-1	-1	115	0	-1						-1
17100225	未来旗子25	1090014	92	16872	3733	852	500	500	9000	0	11122006	-1	-1	115	0	-1						-1
17100226	未来旗子26	1090014	92	16872	3733	852	500	500	9000	0	11122006	-1	-1	115	0	-1						-1
17100227	未来旗子27	1090014	93	17183	3962	867	500	500	9000	0	11122006	-1	-1	115	0	-1						-1
17100228	未来旗子28	1090014	93	17183	3962	867	500	500	9000	0	11122006	-1	-1	115	0	-1						-1
17100229	未来旗子29	1090014	94	17499	4215	882	500	500	9000	0	11122006	-1	-1	115	0	-1						-1
17100230	未来旗子30	1090014	95	17817	4497	901	500	500	9000	0	11122006	-1	-1	115	0	-1						-1
17100301	未来路障僵尸1	1090013	80	20053	3133	670	500	500	9000	0	11122004	-1	-1	115	0	-1						-1
17100302	未来路障僵尸2	1090013	80	20053	3133	670	500	500	9000	0	11122004	-1	-1	115	0	-1						-1
17100303	未来路障僵尸3	1090013	81	20469	3268	683	500	500	9000	0	11122004	-1	-1	115	0	-1						-1
17100304	未来路障僵尸4	1090013	81	20469	3268	683	500	500	9000	0	11122004	-1	-1	115	0	-1						-1
17100305	未来路障僵尸5	1090013	82	20890	3409	701	500	500	9000	0	11122004	-1	-1	115	0	-1						-1
17100306	未来路障僵尸6	1090013	82	20890	3409	701	500	500	9000	0	11122004	-1	-1	115	0	-1						-1
17100307	未来路障僵尸7	1090013	83	21313	3562	714	500	500	9000	0	11122004	-1	-1	115	0	-1						-1
17100308	未来路障僵尸8	1090013	83	21313	3562	714	500	500	9000	0	11122004	-1	-1	115	0	-1						-1
17100309	未来路障僵尸9	1090013	84	21743	3726	728	500	500	9000	0	11122004	-1	-1	115	0	-1						-1
17100310	未来路障僵尸10	1090013	84	21743	3726	728	500	500	9000	0	11122004	-1	-1	115	0	-1						-1
17100311	未来路障僵尸11	1090013	85	22178	3900	742	500	500	9000	0	11122004	-1	-1	115	0	-1						-1
17100312	未来路障僵尸12	1090013	85	22178	3900	742	500	500	9000	0	11122004	-1	-1	115	0	-1						-1
17100313	未来路障僵尸13	1090013	86	22614	4088	761	500	500	9000	0	11122004	-1	-1	115	0	-1						-1
17100314	未来路障僵尸14	1090013	86	22614	4088	761	500	500	9000	0	11122004	-1	-1	115	0	-1						-1
17100315	未来路障僵尸15	1090013	87	23032	4291	775	500	500	9000	0	11122004	-1	-1	115	0	-1						-1
17100316	未来路障僵尸16	1090013	87	23032	4291	775	500	500	9000	0	11122004	-1	-1	115	0	-1						-1
17100317	未来路障僵尸17	1090013	88	23477	4510	789	500	500	9000	0	11122004	-1	-1	115	0	-1						-1
17100318	未来路障僵尸18	1090013	88	23477	4510	789	500	500	9000	0	11122004	-1	-1	115	0	-1						-1
17100319	未来路障僵尸19	1090013	89	23928	4748	804	500	500	9000	0	11122004	-1	-1	115	0	-1						-1
17100320	未来路障僵尸20	1090013	89	23928	4748	804	500	500	9000	0	11122004	-1	-1	115	0	-1						-1
17100321	未来路障僵尸21	1090013	90	24383	5007	817	500	500	9000	0	11122004	-1	-1	115	0	-1						-1
17100322	未来路障僵尸22	1090013	90	24383	5007	817	500	500	9000	0	11122004	-1	-1	115	0	-1						-1
17100323	未来路障僵尸23	1090013	91	24844	5290	837	500	500	9000	0	11122004	-1	-1	115	0	-1						-1
17100324	未来路障僵尸24	1090013	91	24844	5290	837	500	500	9000	0	11122004	-1	-1	115	0	-1						-1
17100325	未来路障僵尸25	1090013	92	25309	5600	852	500	500	9000	0	11122004	-1	-1	115	0	-1						-1
17100326	未来路障僵尸26	1090013	92	25309	5600	852	500	500	9000	0	11122004	-1	-1	115	0	-1						-1
17100327	未来路障僵尸27	1090013	93	25775	5944	867	500	500	9000	0	11122004	-1	-1	115	0	-1						-1
17100328	未来路障僵尸28	1090013	93	25775	5944	867	500	500	9000	0	11122004	-1	-1	115	0	-1						-1
17100329	未来路障僵尸29	1090013	94	26250	6323	882	500	500	9000	0	11122004	-1	-1	115	0	-1						-1
17100330	未来路障僵尸30	1090013	95	26726	6746	901	500	500	9000	0	11122004	-1	-1	115	0	-1						-1
17100401	未来铁桶僵尸1	1090012	80	20053	3133	670	500	500	9000	0	11122002	-1	-1	115	0	-1			7100101			-1
17100402	未来铁桶僵尸2	1090012	80	20053	3133	670	500	500	9000	0	11122002	-1	-1	115	0	-1			7100102			-1
17100403	未来铁桶僵尸3	1090012	81	20469	3268	683	500	500	9000	0	11122002	-1	-1	115	0	-1			7100103			-1
17100404	未来铁桶僵尸4	1090012	81	20469	3268	683	500	500	9000	0	11122002	-1	-1	115	0	-1			7100104			-1
17100405	未来铁桶僵尸5	1090012	82	20890	3409	701	500	500	9000	0	11122002	-1	-1	115	0	-1			7100105			-1
17100406	未来铁桶僵尸6	1090012	82	20890	3409	701	500	500	9000	0	11122002	-1	-1	115	0	-1			7100106			-1
17100407	未来铁桶僵尸7	1090012	83	21313	3562	714	500	500	9000	0	11122002	-1	-1	115	0	-1			7100107			-1
17100408	未来铁桶僵尸8	1090012	83	21313	3562	714	500	500	9000	0	11122002	-1	-1	115	0	-1			7100108			-1
17100409	未来铁桶僵尸9	1090012	84	21743	3726	728	500	500	9000	0	11122002	-1	-1	115	0	-1			7100109			-1
17100410	未来铁桶僵尸10	1090012	84	21743	3726	728	500	500	9000	0	11122002	-1	-1	115	0	-1			7100110			-1
17100411	未来铁桶僵尸11	1090012	85	22178	3900	742	500	500	9000	0	11122002	-1	-1	115	0	-1			7100111			-1
17100412	未来铁桶僵尸12	1090012	85	22178	3900	742	500	500	9000	0	11122002	-1	-1	115	0	-1			7100112			-1
17100413	未来铁桶僵尸13	1090012	86	22614	4088	761	500	500	9000	0	11122002	-1	-1	115	0	-1			7100113			-1
17100414	未来铁桶僵尸14	1090012	86	22614	4088	761	500	500	9000	0	11122002	-1	-1	115	0	-1			7100114			-1
17100415	未来铁桶僵尸15	1090012	87	23032	4291	775	500	500	9000	0	11122002	-1	-1	115	0	-1			7100115			-1
17100416	未来铁桶僵尸16	1090012	87	23032	4291	775	500	500	9000	0	11122002	-1	-1	115	0	-1			7100116			-1
17100417	未来铁桶僵尸17	1090012	88	23477	4510	789	500	500	9000	0	11122002	-1	-1	115	0	-1			7100117			-1
17100418	未来铁桶僵尸18	1090012	88	23477	4510	789	500	500	9000	0	11122002	-1	-1	115	0	-1			7100118			-1
17100419	未来铁桶僵尸19	1090012	89	23928	4748	804	500	500	9000	0	11122002	-1	-1	115	0	-1			7100119			-1
17100420	未来铁桶僵尸20	1090012	89	23928	4748	804	500	500	9000	0	11122002	-1	-1	115	0	-1			7100120			-1
17100421	未来铁桶僵尸21	1090012	90	24383	5007	817	500	500	9000	0	11122002	-1	-1	115	0	-1			7100121			-1
17100422	未来铁桶僵尸22	1090012	90	24383	5007	817	500	500	9000	0	11122002	-1	-1	115	0	-1			7100122			-1
17100423	未来铁桶僵尸23	1090012	91	24844	5290	837	500	500	9000	0	11122002	-1	-1	115	0	-1			7100123			-1
17100424	未来铁桶僵尸24	1090012	91	24844	5290	837	500	500	9000	0	11122002	-1	-1	115	0	-1			7100124			-1
17100425	未来铁桶僵尸25	1090012	92	25309	5600	852	500	500	9000	0	11122002	-1	-1	115	0	-1			7100125			-1
17100426	未来铁桶僵尸26	1090012	92	25309	5600	852	500	500	9000	0	11122002	-1	-1	115	0	-1			7100126			-1
17100427	未来铁桶僵尸27	1090012	93	25775	5944	867	500	500	9000	0	11122002	-1	-1	115	0	-1			7100127			-1
17100428	未来铁桶僵尸28	1090012	93	25775	5944	867	500	500	9000	0	11122002	-1	-1	115	0	-1			7100128			-1
17100429	未来铁桶僵尸29	1090012	94	26250	6323	882	500	500	9000	0	11122002	-1	-1	115	0	-1			7100129			-1
17100430	未来铁桶僵尸30	1090012	95	26726	6746	901	500	500	9000	0	11122002	-1	-1	115	0	-1			7100130			-1
17100501	喷射器舞者1	1090015	80	13369	2716	670	500	500	9000	0	11122008	-1	-1	115	0	-1						-1
17100502	喷射器舞者2	1090015	80	13369	2716	670	500	500	9000	0	11122008	-1	-1	115	0	-1						-1
17100503	喷射器舞者3	1090015	81	13646	2836	683	500	500	9000	0	11122008	-1	-1	115	0	-1						-1
17100504	喷射器舞者4	1090015	81	13646	2836	683	500	500	9000	0	11122008	-1	-1	115	0	-1						-1
17100505	喷射器舞者5	1090015	82	13927	2963	701	500	500	9000	0	11122008	-1	-1	115	0	-1						-1
17100506	喷射器舞者6	1090015	82	13927	2963	701	500	500	9000	0	11122008	-1	-1	115	0	-1						-1
17100507	喷射器舞者7	1090015	83	14209	3101	714	500	500	9000	0	11122008	-1	-1	115	0	-1						-1
17100508	喷射器舞者8	1090015	83	14209	3101	714	500	500	9000	0	11122008	-1	-1	115	0	-1						-1
17100509	喷射器舞者9	1090015	84	14495	3247	728	500	500	9000	0	11122008	-1	-1	115	0	-1						-1
17100510	喷射器舞者10	1090015	84	14495	3247	728	500	500	9000	0	11122008	-1	-1	115	0	-1						-1
17100511	喷射器舞者11	1090015	85	14784	3407	742	500	500	9000	0	11122008	-1	-1	115	0	-1						-1
17100512	喷射器舞者12	1090015	85	14784	3407	742	500	500	9000	0	11122008	-1	-1	115	0	-1						-1
17100513	喷射器舞者13	1090015	86	15075	3579	761	500	500	9000	0	11122008	-1	-1	115	0	-1						-1
17100514	喷射器舞者14	1090015	86	15075	3579	761	500	500	9000	0	11122008	-1	-1	115	0	-1						-1
17100515	喷射器舞者15	1090015	87	15353	3764	775	500	500	9000	0	11122008	-1	-1	115	0	-1						-1
17100516	喷射器舞者16	1090015	87	15353	3764	775	500	500	9000	0	11122008	-1	-1	115	0	-1						-1
17100517	喷射器舞者17	1090015	88	15651	3965	789	500	500	9000	0	11122008	-1	-1	115	0	-1						-1
17100518	喷射器舞者18	1090015	88	15651	3965	789	500	500	9000	0	11122008	-1	-1	115	0	-1						-1
17100519	喷射器舞者19	1090015	89	15952	4186	804	500	500	9000	0	11122008	-1	-1	115	0	-1						-1
17100520	喷射器舞者20	1090015	89	15952	4186	804	500	500	9000	0	11122008	-1	-1	115	0	-1						-1
17100521	喷射器舞者21	1090015	90	16255	4427	817	500	500	9000	0	11122008	-1	-1	115	0	-1						-1
17100522	喷射器舞者22	1090015	90	16255	4427	817	500	500	9000	0	11122008	-1	-1	115	0	-1						-1
17100523	喷射器舞者23	1090015	91	16563	4692	837	500	500	9000	0	11122008	-1	-1	115	0	-1						-1
17100524	喷射器舞者24	1090015	91	16563	4692	837	500	500	9000	0	11122008	-1	-1	115	0	-1						-1
17100525	喷射器舞者25	1090015	92	16872	4984	852	500	500	9000	0	11122008	-1	-1	115	0	-1						-1
17100526	喷射器舞者26	1090015	92	16872	4984	852	500	500	9000	0	11122008	-1	-1	115	0	-1						-1
17100527	喷射器舞者27	1090015	93	17183	5309	867	500	500	9000	0	11122008	-1	-1	115	0	-1						-1
17100528	喷射器舞者28	1090015	93	17183	5309	867	500	500	9000	0	11122008	-1	-1	115	0	-1						-1
17100529	喷射器舞者29	1090015	94	17499	5671	487	500	500	9000	0	11122008	-1	-1	115	0	-1						-1
17100530	喷射器舞者30	1090015	95	17817	6079	901	500	500	9000	0	11122008	-1	-1	115	0	-1						-1
17110101	黑暗僧侣1	1096101	96	18138	4813	916	500	500	9000	0	11123101	-1	-1	115	0	-1						-1
17110102	黑暗僧侣2	1096101	96	18138	4813	916	500	500	9000	0	11123101	-1	-1	115	0	-1						-1
17110103	黑暗僧侣3	1096101	97	18462	5170	932	500	500	9000	0	11123101	-1	-1	115	0	-1						-1
17110104	黑暗僧侣4	1096101	97	18462	5170	932	500	500	9000	0	11123101	-1	-1	115	0	-1						-1
17110105	黑暗僧侣5	1096101	98	18789	5577	947	500	500	9000	0	11123101	-1	-1	115	0	-1						-1
17110106	黑暗僧侣6	1096101	98	18789	5577	947	500	500	9000	0	11123101	-1	-1	115	0	-1						-1
17110107	黑暗僧侣7	1096101	99	19119	6043	963	500	500	9000	0	11123101	-1	-1	115	0	-1						-1
17110108	黑暗僧侣8	1096101	99	19119	6043	963	500	500	9000	0	11123101	-1	-1	115	0	-1						-1
17110109	黑暗僧侣9	1096101	100	19517	6584	983	500	500	9000	0	11123101	-1	-1	115	0	-1						-1
17110110	黑暗僧侣10	1096101	100	19517	6584	983	500	500	9000	0	11123101	-1	-1	115	0	-1						-1
17110111	黑暗僧侣11	1096101	101	20028	6641	999	500	500	9000	0	11123101	-1	-1	115	0	-1						-1
17110112	黑暗僧侣12	1096101	101	20028	6641	999	500	500	9000	0	11123101	-1	-1	115	0	-1						-1
17110113	黑暗僧侣13	1096101	102	20545	6699	1015	500	500	9000	0	11123101	-1	-1	115	0	-1						-1
17110114	黑暗僧侣14	1096101	102	20545	6699	1015	500	500	9000	0	11123101	-1	-1	115	0	-1						-1
17110115	黑暗僧侣15	1096101	103	21070	6757	1031	500	500	9000	0	11123101	-1	-1	115	0	-1						-1
17110116	黑暗僧侣16	1096101	103	21070	6757	1031	500	500	9000	0	11123101	-1	-1	115	0	-1						-1
17110117	黑暗僧侣17	1096101	104	21600	6815	1052	500	500	9000	0	11123101	-1	-1	115	0	-1						-1
17110118	黑暗僧侣18	1096101	104	21600	6815	1052	500	500	9000	0	11123101	-1	-1	115	0	-1						-1
17110119	黑暗僧侣19	1096101	105	22135	6873	1069	500	500	9000	0	11123101	-1	-1	115	0	-1						-1
17110120	黑暗僧侣20	1096101	105	22135	6873	1069	500	500	9000	0	11123101	-1	-1	115	0	-1						-1
17110121	黑暗僧侣21	1096101	106	22680	6929	1085	500	500	9000	0	11123101	-1	-1	115	0	-1						-1
17110122	黑暗僧侣22	1096101	106	22680	6929	1085	500	500	9000	0	11123101	-1	-1	115	0	-1						-1
17110123	黑暗僧侣23	1096101	107	23228	6987	1101	500	500	9000	0	11123101	-1	-1	115	0	-1						-1
17110124	黑暗僧侣24	1096101	107	23228	6987	1101	500	500	9000	0	11123101	-1	-1	115	0	-1						-1
17110125	黑暗僧侣25	1096101	108	23783	7045	1118	500	500	9000	0	11123101	-1	-1	115	0	-1						-1
17110126	黑暗僧侣26	1096101	108	23783	7045	1118	500	500	9000	0	11123101	-1	-1	115	0	-1						-1
17110127	黑暗僧侣27	1096101	109	24344	7103	1140	500	500	9000	0	11123101	-1	-1	115	0	-1						-1
17110128	黑暗僧侣28	1096101	109	24344	7103	1140	500	500	9000	0	11123101	-1	-1	115	0	-1						-1
17110129	黑暗僧侣29	1096101	110	24911	7160	1157	500	500	9000	0	11123101	-1	-1	115	0	-1						-1
17110130	黑暗僧侣30	1096101	110	24911	7160	1157	500	500	9000	0	11123101	-1	-1	115	0	-1						-1
17110201	黑暗小龙1	1096201	96	18138	4813	916	500	500	9000	0	11123201	-1	-1	115	0	-1						-1
17110202	黑暗小龙2	1096201	96	18138	4813	916	500	500	9000	0	11123201	-1	-1	115	0	-1						-1
17110203	黑暗小龙3	1096201	97	18462	5170	932	500	500	9000	0	11123201	-1	-1	115	0	-1						-1
17110204	黑暗小龙4	1096201	97	18462	5170	932	500	500	9000	0	11123201	-1	-1	115	0	-1						-1
17110205	黑暗小龙5	1096201	98	18789	5577	947	500	500	9000	0	11123201	-1	-1	115	0	-1						-1
17110206	黑暗小龙6	1096201	98	18789	5577	947	500	500	9000	0	11123201	-1	-1	115	0	-1						-1
17110207	黑暗小龙7	1096201	99	19119	6043	963	500	500	9000	0	11123201	-1	-1	115	0	-1						-1
17110208	黑暗小龙8	1096201	99	19119	6043	963	500	500	9000	0	11123201	-1	-1	115	0	-1						-1
17110209	黑暗小龙9	1096201	100	19517	6584	983	500	500	9000	0	11123201	-1	-1	115	0	-1						-1
17110210	黑暗小龙10	1096201	100	19517	6584	983	500	500	9000	0	11123201	-1	-1	115	0	-1						-1
17110211	黑暗小龙11	1096201	101	20028	6641	999	500	500	9000	0	11123201	-1	-1	115	0	-1						-1
17110212	黑暗小龙12	1096201	101	20028	6641	999	500	500	9000	0	11123201	-1	-1	115	0	-1						-1
17110213	黑暗小龙13	1096201	102	20545	6699	1015	500	500	9000	0	11123201	-1	-1	115	0	-1						-1
17110214	黑暗小龙14	1096201	102	20545	6699	1015	500	500	9000	0	11123201	-1	-1	115	0	-1						-1
17110215	黑暗小龙15	1096201	103	21070	6757	1031	500	500	9000	0	11123201	-1	-1	115	0	-1						-1
17110216	黑暗小龙16	1096201	103	21070	6757	1031	500	500	9000	0	11123201	-1	-1	115	0	-1						-1
17110217	黑暗小龙17	1096201	104	21600	6815	1052	500	500	9000	0	11123201	-1	-1	115	0	-1						-1
17110218	黑暗小龙18	1096201	104	21600	6815	1052	500	500	9000	0	11123201	-1	-1	115	0	-1						-1
17110219	黑暗小龙19	1096201	105	22135	6873	1069	500	500	9000	0	11123201	-1	-1	115	0	-1						-1
17110220	黑暗小龙20	1096201	105	22135	6873	1069	500	500	9000	0	11123201	-1	-1	115	0	-1						-1
17110221	黑暗小龙21	1096201	106	22680	6929	1085	500	500	9000	0	11123201	-1	-1	115	0	-1						-1
17110222	黑暗小龙22	1096201	106	22680	6929	1085	500	500	9000	0	11123201	-1	-1	115	0	-1						-1
17110223	黑暗小龙23	1096201	107	23228	6987	1101	500	500	9000	0	11123201	-1	-1	115	0	-1						-1
17110224	黑暗小龙24	1096201	107	23228	6987	1101	500	500	9000	0	11123201	-1	-1	115	0	-1						-1
17110225	黑暗小龙25	1096201	108	23783	7045	1118	500	500	9000	0	11123201	-1	-1	115	0	-1						-1
17110226	黑暗小龙26	1096201	108	23783	7045	1118	500	500	9000	0	11123201	-1	-1	115	0	-1						-1
17110227	黑暗小龙27	1096201	109	24344	7103	1140	500	500	9000	0	11123201	-1	-1	115	0	-1						-1
17110228	黑暗小龙28	1096201	109	24344	7103	1140	500	500	9000	0	11123201	-1	-1	115	0	-1						-1
17110229	黑暗小龙29	1096201	110	24911	7160	1157	500	500	9000	0	11123201	-1	-1	115	0	-1						-1
17110230	黑暗小龙30	1096201	110	24911	7160	1157	500	500	9000	0	11123201	-1	-1	115	0	-1						-1
17110301	黑暗盗贼1	1096301	96	18138	4813	916	500	500	9000	0	11123301	-1	-1	115	0	-1						-1
17110302	黑暗盗贼2	1096301	96	18138	4813	916	500	500	9000	0	11123301	-1	-1	115	0	-1						-1
17110303	黑暗盗贼3	1096301	97	18462	5170	932	500	500	9000	0	11123301	-1	-1	115	0	-1						-1
17110304	黑暗盗贼4	1096301	97	18462	5170	932	500	500	9000	0	11123301	-1	-1	115	0	-1						-1
17110305	黑暗盗贼5	1096301	98	18789	5577	947	500	500	9000	0	11123301	-1	-1	115	0	-1						-1
17110306	黑暗盗贼6	1096301	98	18789	5577	947	500	500	9000	0	11123301	-1	-1	115	0	-1						-1
17110307	黑暗盗贼7	1096301	99	19119	6043	963	500	500	9000	0	11123301	-1	-1	115	0	-1						-1
17110308	黑暗盗贼8	1096301	99	19119	6043	963	500	500	9000	0	11123301	-1	-1	115	0	-1						-1
17110309	黑暗盗贼9	1096301	100	19517	6584	983	500	500	9000	0	11123301	-1	-1	115	0	-1						-1
17110310	黑暗盗贼10	1096301	100	19517	6584	983	500	500	9000	0	11123301	-1	-1	115	0	-1						-1
17110311	黑暗盗贼11	1096301	101	20028	6641	999	500	500	9000	0	11123301	-1	-1	115	0	-1						-1
17110312	黑暗盗贼12	1096301	101	20028	6641	999	500	500	9000	0	11123301	-1	-1	115	0	-1						-1
17110313	黑暗盗贼13	1096301	102	20545	6699	1015	500	500	9000	0	11123301	-1	-1	115	0	-1						-1
17110314	黑暗盗贼14	1096301	102	20545	6699	1015	500	500	9000	0	11123301	-1	-1	115	0	-1						-1
17110315	黑暗盗贼15	1096301	103	21070	6757	1031	500	500	9000	0	11123301	-1	-1	115	0	-1						-1
17110316	黑暗盗贼16	1096301	103	21070	6757	1031	500	500	9000	0	11123301	-1	-1	115	0	-1						-1
17110317	黑暗盗贼17	1096301	104	21600	6815	1052	500	500	9000	0	11123301	-1	-1	115	0	-1						-1
17110318	黑暗盗贼18	1096301	104	21600	6815	1052	500	500	9000	0	11123301	-1	-1	115	0	-1						-1
17110319	黑暗盗贼19	1096301	105	22135	6873	1069	500	500	9000	0	11123301	-1	-1	115	0	-1						-1
17110320	黑暗盗贼20	1096301	105	22135	6873	1069	500	500	9000	0	11123301	-1	-1	115	0	-1						-1
17110321	黑暗盗贼21	1096301	106	22680	6929	1085	500	500	9000	0	11123301	-1	-1	115	0	-1						-1
17110322	黑暗盗贼22	1096301	106	22680	6929	1085	500	500	9000	0	11123301	-1	-1	115	0	-1						-1
17110323	黑暗盗贼23	1096301	107	23228	6987	1101	500	500	9000	0	11123301	-1	-1	115	0	-1						-1
17110324	黑暗盗贼24	1096301	107	23228	6987	1101	500	500	9000	0	11123301	-1	-1	115	0	-1						-1
17110325	黑暗盗贼25	1096301	108	23783	7045	1118	500	500	9000	0	11123301	-1	-1	115	0	-1						-1
17110326	黑暗盗贼26	1096301	108	23783	7045	1118	500	500	9000	0	11123301	-1	-1	115	0	-1						-1
17110327	黑暗盗贼27	1096301	109	24344	7103	1140	500	500	9000	0	11123301	-1	-1	115	0	-1						-1
17110328	黑暗盗贼28	1096301	109	24344	7103	1140	500	500	9000	0	11123301	-1	-1	115	0	-1						-1
17110329	黑暗盗贼29	1096301	110	24911	7160	1157	500	500	9000	0	11123301	-1	-1	115	0	-1						-1
17110330	黑暗盗贼30	1096301	110	24911	7160	1157	500	500	9000	0	11123301	-1	-1	115	0	-1						-1
17110401	黑暗法师1	1096001	96	18138	6738	916	500	500	9000	0	11123001	-1	-1	115	0	-1						-1
17110402	黑暗法师2	1096001	96	18138	6738	916	500	500	9000	0	11123001	-1	-1	115	0	-1						-1
17110403	黑暗法师3	1096001	97	18462	7239	932	500	500	9000	0	11123001	-1	-1	115	0	-1						-1
17110404	黑暗法师4	1096001	97	18462	7239	932	500	500	9000	0	11123001	-1	-1	115	0	-1						-1
17110405	黑暗法师5	1096001	98	18789	7808	947	500	500	9000	0	11123001	-1	-1	115	0	-1						-1
17110406	黑暗法师6	1096001	98	18789	7808	947	500	500	9000	0	11123001	-1	-1	115	0	-1						-1
17110407	黑暗法师7	1096001	99	19119	8460	963	500	500	9000	0	11123001	-1	-1	115	0	-1						-1
17110408	黑暗法师8	1096001	99	19119	8460	963	500	500	9000	0	11123001	-1	-1	115	0	-1						-1
17110409	黑暗法师9	1096001	100	19517	9217	983	500	500	9000	0	11123001	-1	-1	115	0	-1						-1
17110410	黑暗法师10	1096001	100	19517	9217	983	500	500	9000	0	11123001	-1	-1	115	0	-1						-1
17110411	黑暗法师11	1096001	101	20028	9298	999	500	500	9000	0	11123001	-1	-1	115	0	-1						-1
17110412	黑暗法师12	1096001	101	20028	9298	999	500	500	9000	0	11123001	-1	-1	115	0	-1						-1
17110413	黑暗法师13	1096001	102	20545	9379	1015	500	500	9000	0	11123001	-1	-1	115	0	-1						-1
17110414	黑暗法师14	1096001	102	20545	9379	1015	500	500	9000	0	11123001	-1	-1	115	0	-1						-1
17110415	黑暗法师15	1096001	103	21070	9460	1031	500	500	9000	0	11123001	-1	-1	115	0	-1						-1
17110416	黑暗法师16	1096001	103	21070	9460	1031	500	500	9000	0	11123001	-1	-1	115	0	-1						-1
17110417	黑暗法师17	1096001	104	21600	9541	1052	500	500	9000	0	11123001	-1	-1	115	0	-1						-1
17110418	黑暗法师18	1096001	104	21600	9541	1052	500	500	9000	0	11123001	-1	-1	115	0	-1						-1
17110419	黑暗法师19	1096001	105	22135	9621	1069	500	500	9000	0	11123001	-1	-1	115	0	-1						-1
17110420	黑暗法师20	1096001	105	22135	9621	1069	500	500	9000	0	11123001	-1	-1	115	0	-1						-1
17110421	黑暗法师21	1096001	106	22680	9701	1085	500	500	9000	0	11123001	-1	-1	115	0	-1						-1
17110422	黑暗法师22	1096001	106	22680	9701	1085	500	500	9000	0	11123001	-1	-1	115	0	-1						-1
17110423	黑暗法师23	1096001	107	23228	9782	1101	500	500	9000	0	11123001	-1	-1	115	0	-1						-1
17110424	黑暗法师24	1096001	107	23228	9782	1101	500	500	9000	0	11123001	-1	-1	115	0	-1						-1
17110425	黑暗法师25	1096001	108	23783	9863	1118	500	500	9000	0	11123001	-1	-1	115	0	-1						-1
17110426	黑暗法师26	1096001	108	23783	9863	1118	500	500	9000	0	11123001	-1	-1	115	0	-1						-1
17110427	黑暗法师27	1096001	109	24344	9944	1140	500	500	9000	0	11123001	-1	-1	115	0	-1						-1
17110428	黑暗法师28	1096001	109	24344	9944	1140	500	500	9000	0	11123001	-1	-1	115	0	-1						-1
17110429	黑暗法师29	1096001	110	24911	10025	1157	500	500	9000	0	11123001	-1	-1	115	0	-1						-1
17110430	黑暗法师30	1096001	110	24911	10025	1157	500	500	9000	0	11123001	-1	-1	115	0	-1						-1
17110490	国王的召唤小怪	1096001	108	76108	17612	1118	500	500	9000	0	11123001	-1	-1	115	0	-1						-1
17110501	黑暗小狼1	1096601	96	27208	7219	916	500	500	9000	0	11123601	11123611	-1	115	0	-1						-1
17110502	黑暗小狼2	1096601	96	27208	7219	916	500	500	9000	0	11123601	11123611	-1	115	0	-1						-1
17110503	黑暗小狼3	1096601	97	27694	7755	932	500	500	9000	0	11123601	11123611	-1	115	0	-1						-1
17110504	黑暗小狼4	1096601	97	27694	7755	932	500	500	9000	0	11123601	11123611	-1	115	0	-1						-1
17110505	黑暗小狼5	1096601	98	28184	8365	947	500	500	9000	0	11123601	11123611	-1	115	0	-1						-1
17110506	黑暗小狼6	1096601	98	28184	8365	947	500	500	9000	0	11123601	11123611	-1	115	0	-1						-1
17110507	黑暗小狼7	1096601	99	28679	9065	963	500	500	9000	0	11123601	11123611	-1	115	0	-1						-1
17110508	黑暗小狼8	1096601	99	28679	9065	963	500	500	9000	0	11123601	11123611	-1	115	0	-1						-1
17110509	黑暗小狼9	1096601	100	29276	9876	983	500	500	9000	0	11123601	11123611	-1	115	0	-1						-1
17110510	黑暗小狼10	1096601	100	29276	9876	983	500	500	9000	0	11123601	11123611	-1	115	0	-1						-1
17110511	黑暗小狼11	1096601	101	30043	9963	999	500	500	9000	0	11123601	11123611	-1	115	0	-1						-1
17110512	黑暗小狼12	1096601	101	30043	9963	999	500	500	9000	0	11123601	11123611	-1	115	0	-1						-1
17110513	黑暗小狼13	1096601	102	30819	10049	1015	500	500	9000	0	11123601	11123611	-1	115	0	-1						-1
17110514	黑暗小狼14	1096601	102	30819	10049	1015	500	500	9000	0	11123601	11123611	-1	115	0	-1						-1
17110515	黑暗小狼15	1096601	103	31606	10136	1031	500	500	9000	0	11123601	11123611	-1	115	0	-1						-1
17110516	黑暗小狼16	1096601	103	31606	10136	1031	500	500	9000	0	11123601	11123611	-1	115	0	-1						-1
17110517	黑暗小狼17	1096601	104	32401	10223	1052	500	500	9000	0	11123601	11123611	-1	115	0	-1						-1
17110518	黑暗小狼18	1096601	104	32401	10223	1052	500	500	9000	0	11123601	11123611	-1	115	0	-1						-1
17110519	黑暗小狼19	1096601	105	33204	10309	1069	500	500	9000	0	11123601	11123611	-1	115	0	-1						-1
17110520	黑暗小狼20	1096601	105	33204	10309	1069	500	500	9000	0	11123601	11123611	-1	115	0	-1						-1
17110521	黑暗小狼21	1096601	106	34020	10394	1085	500	500	9000	0	11123601	11123611	-1	115	0	-1						-1
17110522	黑暗小狼22	1096601	106	34020	10394	1085	500	500	9000	0	11123601	11123611	-1	115	0	-1						-1
17110523	黑暗小狼23	1096601	107	34842	10481	1101	500	500	9000	0	11123601	11123611	-1	115	0	-1						-1
17110524	黑暗小狼24	1096601	107	34842	10481	1101	500	500	9000	0	11123601	11123611	-1	115	0	-1						-1
17110525	黑暗小狼25	1096601	108	35675	10567	1118	500	500	9000	0	11123601	11123611	-1	115	0	-1						-1
17110526	黑暗小狼26	1096601	108	35675	10567	1118	500	500	9000	0	11123601	11123611	-1	115	0	-1						-1
17110527	黑暗小狼27	1096601	109	36516	10654	1140	500	500	9000	0	11123601	11123611	-1	115	0	-1						-1
17110528	黑暗小狼28	1096601	109	36516	10654	1140	500	500	9000	0	11123601	11123611	-1	115	0	-1						-1
17110529	黑暗小狼29	1096601	110	37369	10741	1157	500	500	9000	0	11123601	11123611	-1	115	0	-1						-1
17110530	黑暗小狼30	1096601	110	37369	10741	1157	500	500	9000	0	11123601	11123611	-1	115	0	-1						-1
17110601	黑暗小丑1	1096501	96	27208	7219	916	500	500	9000	0	11123501	11123511	-1	115	0	-1						-1
17110602	黑暗小丑2	1096501	96	27208	7219	916	500	500	9000	0	11123501	11123511	-1	115	0	-1						-1
17110603	黑暗小丑3	1096501	97	27694	7755	932	500	500	9000	0	11123501	11123511	-1	115	0	-1						-1
17110604	黑暗小丑4	1096501	97	27694	7755	932	500	500	9000	0	11123501	11123511	-1	115	0	-1						-1
17110605	黑暗小丑5	1096501	98	28184	8365	947	500	500	9000	0	11123501	11123511	-1	115	0	-1						-1
17110606	黑暗小丑6	1096501	98	28184	8365	947	500	500	9000	0	11123501	11123511	-1	115	0	-1						-1
17110607	黑暗小丑7	1096501	99	28679	9065	963	500	500	9000	0	11123501	11123511	-1	115	0	-1						-1
17110608	黑暗小丑8	1096501	99	28679	9065	963	500	500	9000	0	11123501	11123511	-1	115	0	-1						-1
17110609	黑暗小丑9	1096501	100	29276	9876	983	500	500	9000	0	11123501	11123511	-1	115	0	-1						-1
17110610	黑暗小丑10	1096501	100	29276	9876	983	500	500	9000	0	11123501	11123511	-1	115	0	-1						-1
17110611	黑暗小丑11	1096501	101	30043	9963	999	500	500	9000	0	11123501	11123511	-1	115	0	-1						-1
17110612	黑暗小丑12	1096501	101	30043	9963	999	500	500	9000	0	11123501	11123511	-1	115	0	-1						-1
17110613	黑暗小丑13	1096501	102	30819	10049	1015	500	500	9000	0	11123501	11123511	-1	115	0	-1						-1
17110614	黑暗小丑14	1096501	102	30819	10049	1015	500	500	9000	0	11123501	11123511	-1	115	0	-1						-1
17110615	黑暗小丑15	1096501	103	31606	10136	1031	500	500	9000	0	11123501	11123511	-1	115	0	-1						-1
17110616	黑暗小丑16	1096501	103	31606	10136	1031	500	500	9000	0	11123501	11123511	-1	115	0	-1						-1
17110617	黑暗小丑17	1096501	104	32401	10223	1052	500	500	9000	0	11123501	11123511	-1	115	0	-1						-1
17110618	黑暗小丑18	1096501	104	32401	10223	1052	500	500	9000	0	11123501	11123511	-1	115	0	-1						-1
17110619	黑暗小丑19	1096501	105	33204	10309	1069	500	500	9000	0	11123501	11123511	-1	115	0	-1						-1
17110620	黑暗小丑20	1096501	105	33204	10309	1069	500	500	9000	0	11123501	11123511	-1	115	0	-1						-1
17110621	黑暗小丑21	1096501	106	34020	10394	1085	500	500	9000	0	11123501	11123511	-1	115	0	-1						-1
17110622	黑暗小丑22	1096501	106	34020	10394	1085	500	500	9000	0	11123501	11123511	-1	115	0	-1						-1
17110623	黑暗小丑23	1096501	107	34842	10481	1101	500	500	9000	0	11123501	11123511	-1	115	0	-1						-1
17110624	黑暗小丑24	1096501	107	34842	10481	1101	500	500	9000	0	11123501	11123511	-1	115	0	-1						-1
17110625	黑暗小丑25	1096501	108	35675	10567	1118	500	500	9000	0	11123501	11123511	-1	115	0	-1						-1
17110626	黑暗小丑26	1096501	108	35675	10567	1118	500	500	9000	0	11123501	11123511	-1	115	0	-1						-1
17110627	黑暗小丑27	1096501	109	36516	10654	1140	500	500	9000	0	11123501	11123511	-1	115	0	-1						-1
17110628	黑暗小丑28	1096501	109	36516	10654	1140	500	500	9000	0	11123501	11123511	-1	115	0	-1						-1
17110629	黑暗小丑29	1096501	110	37369	10741	1157	500	500	9000	0	11123501	11123511	-1	115	0	-1						-1
17110630	黑暗小丑30	1096501	110	37369	10741	1157	500	500	9000	0	11123501	11123511	-1	115	0	-1						-1
17110701	黑暗铁盔1	1096701	96	27208	7219	916	500	500	9000	0	11123701	11123711	-1	115	0	-1						-1
17110702	黑暗铁盔2	1096701	96	27208	7219	916	500	500	9000	0	11123701	11123711	-1	115	0	-1						-1
17110703	黑暗铁盔3	1096701	97	27694	7755	932	500	500	9000	0	11123701	11123711	-1	115	0	-1						-1
17110704	黑暗铁盔4	1096701	97	27694	7755	932	500	500	9000	0	11123701	11123711	-1	115	0	-1						-1
17110705	黑暗铁盔5	1096701	98	28184	8365	947	500	500	9000	0	11123701	11123711	-1	115	0	-1						-1
17110706	黑暗铁盔6	1096701	98	28184	8365	947	500	500	9000	0	11123701	11123711	-1	115	0	-1						-1
17110707	黑暗铁盔7	1096701	99	28679	9065	963	500	500	9000	0	11123701	11123711	-1	115	0	-1						-1
17110708	黑暗铁盔8	1096701	99	28679	9065	963	500	500	9000	0	11123701	11123711	-1	115	0	-1						-1
17110709	黑暗铁盔9	1096701	100	29276	9876	983	500	500	9000	0	11123701	11123711	-1	115	0	-1						-1
17110710	黑暗铁盔10	1096701	100	29276	9876	983	500	500	9000	0	11123701	11123711	-1	115	0	-1						-1
17110711	黑暗铁盔11	1096701	101	30043	9963	999	500	500	9000	0	11123701	11123711	-1	115	0	-1						-1
17110712	黑暗铁盔12	1096701	101	30043	9963	999	500	500	9000	0	11123701	11123711	-1	115	0	-1						-1
17110713	黑暗铁盔13	1096701	102	30819	10049	1015	500	500	9000	0	11123701	11123711	-1	115	0	-1						-1
17110714	黑暗铁盔14	1096701	102	30819	10049	1015	500	500	9000	0	11123701	11123711	-1	115	0	-1						-1
17110715	黑暗铁盔15	1096701	103	31606	10136	1031	500	500	9000	0	11123701	11123711	-1	115	0	-1						-1
17110716	黑暗铁盔16	1096701	103	31606	10136	1031	500	500	9000	0	11123701	11123711	-1	115	0	-1						-1
17110717	黑暗铁盔17	1096701	104	32401	10223	1052	500	500	9000	0	11123701	11123711	-1	115	0	-1						-1
17110718	黑暗铁盔18	1096701	104	32401	10223	1052	500	500	9000	0	11123701	11123711	-1	115	0	-1						-1
17110719	黑暗铁盔19	1096701	105	33204	10309	1069	500	500	9000	0	11123701	11123711	-1	115	0	-1						-1
17110720	黑暗铁盔20	1096701	105	33204	10309	1069	500	500	9000	0	11123701	11123711	-1	115	0	-1						-1
17110721	黑暗铁盔21	1096701	106	34020	10394	1085	500	500	9000	0	11123701	11123711	-1	115	0	-1						-1
17110722	黑暗铁盔22	1096701	106	34020	10394	1085	500	500	9000	0	11123701	11123711	-1	115	0	-1						-1
17110723	黑暗铁盔23	1096701	107	34842	10481	1101	500	500	9000	0	11123701	11123711	-1	115	0	-1						-1
17110724	黑暗铁盔24	1096701	107	34842	10481	1101	500	500	9000	0	11123701	11123711	-1	115	0	-1						-1
17110725	黑暗铁盔25	1096701	108	35675	10567	1118	500	500	9000	0	11123701	11123711	-1	115	0	-1						-1
17110726	黑暗铁盔26	1096701	108	35675	10567	1118	500	500	9000	0	11123701	11123711	-1	115	0	-1						-1
17110727	黑暗铁盔27	1096701	109	36516	10654	1140	500	500	9000	0	11123701	11123711	-1	115	0	-1						-1
17110728	黑暗铁盔28	1096701	109	36516	10654	1140	500	500	9000	0	11123701	11123711	-1	115	0	-1						-1
17110729	黑暗铁盔29	1096701	110	37369	10741	1157	500	500	9000	0	11123701	11123711	-1	115	0	-1						-1
17110730	黑暗铁盔30	1096701	110	37369	10741	1157	500	500	9000	0	11123701	11123711	-1	115	0	-1						-1
17110801	黑暗旗帜1	1096401	96	27208	7219	916	500	500	9000	0	11123401	11123411	-1	115	0	-1						-1
17110802	黑暗旗帜2	1096401	96	27208	7219	916	500	500	9000	0	11123401	11123411	-1	115	0	-1						-1
17110803	黑暗旗帜3	1096401	97	27694	7755	932	500	500	9000	0	11123401	11123411	-1	115	0	-1						-1
17110804	黑暗旗帜4	1096401	97	27694	7755	932	500	500	9000	0	11123401	11123411	-1	115	0	-1						-1
17110805	黑暗旗帜5	1096401	98	28184	8365	947	500	500	9000	0	11123401	11123411	-1	115	0	-1						-1
17110806	黑暗旗帜6	1096401	98	28184	8365	947	500	500	9000	0	11123401	11123411	-1	115	0	-1						-1
17110807	黑暗旗帜7	1096401	99	28679	9065	963	500	500	9000	0	11123401	11123411	-1	115	0	-1						-1
17110808	黑暗旗帜8	1096401	99	28679	9065	963	500	500	9000	0	11123401	11123411	-1	115	0	-1						-1
17110809	黑暗旗帜9	1096401	100	29276	9876	983	500	500	9000	0	11123401	11123411	-1	115	0	-1						-1
17110810	黑暗旗帜10	1096401	100	29276	9876	983	500	500	9000	0	11123401	11123411	-1	115	0	-1						-1
17110811	黑暗旗帜11	1096401	101	30043	9963	999	500	500	9000	0	11123401	11123411	-1	115	0	-1						-1
17110812	黑暗旗帜12	1096401	101	30043	9963	999	500	500	9000	0	11123401	11123411	-1	115	0	-1						-1
17110813	黑暗旗帜13	1096401	102	30819	10049	1015	500	500	9000	0	11123401	11123411	-1	115	0	-1						-1
17110814	黑暗旗帜14	1096401	102	30819	10049	1015	500	500	9000	0	11123401	11123411	-1	115	0	-1						-1
17110815	黑暗旗帜15	1096401	103	31606	10136	1031	500	500	9000	0	11123401	11123411	-1	115	0	-1						-1
17110816	黑暗旗帜16	1096401	103	31606	10136	1031	500	500	9000	0	11123401	11123411	-1	115	0	-1						-1
17110817	黑暗旗帜17	1096401	104	32401	10223	1052	500	500	9000	0	11123401	11123411	-1	115	0	-1						-1
17110818	黑暗旗帜18	1096401	104	32401	10223	1052	500	500	9000	0	11123401	11123411	-1	115	0	-1						-1
17110819	黑暗旗帜19	1096401	105	33204	10309	1069	500	500	9000	0	11123401	11123411	-1	115	0	-1						-1
17110820	黑暗旗帜20	1096401	105	33204	10309	1069	500	500	9000	0	11123401	11123411	-1	115	0	-1						-1
17110821	黑暗旗帜21	1096401	106	34020	10394	1085	500	500	9000	0	11123401	11123411	-1	115	0	-1						-1
17110822	黑暗旗帜22	1096401	106	34020	10394	1085	500	500	9000	0	11123401	11123411	-1	115	0	-1						-1
17110823	黑暗旗帜23	1096401	107	34842	10481	1101	500	500	9000	0	11123401	11123411	-1	115	0	-1						-1
17110824	黑暗旗帜24	1096401	107	34842	10481	1101	500	500	9000	0	11123401	11123411	-1	115	0	-1						-1
17110825	黑暗旗帜25	1096401	108	35675	10567	1118	500	500	9000	0	11123401	11123411	-1	115	0	-1						-1
17110826	黑暗旗帜26	1096401	108	35675	10567	1118	500	500	9000	0	11123401	11123411	-1	115	0	-1						-1
17110827	黑暗旗帜27	1096401	109	36516	10654	1140	500	500	9000	0	11123401	11123411	-1	115	0	-1						-1
17110828	黑暗旗帜28	1096401	109	36516	10654	1140	500	500	9000	0	11123401	11123411	-1	115	0	-1						-1
17110829	黑暗旗帜29	1096401	110	37369	10741	1157	500	500	9000	0	11123401	11123411	-1	115	0	-1						-1
17110830	黑暗旗帜30	1096401	110	37369	10741	1157	500	500	9000	0	11123401	11123411	-1	115	0	-1						-1
																						
18010001	1撑杆BOSS无	20522	1	604	30	11	500	500	9000	0	20012	-1	-1	115	1	-1						-1
18010002	2路障BOSS无	20521	1	894	60	11	500	500	9000	0	20011	-1	-1	115	1	-1						-1
18010003	3撑杆BOSS无	20522	1	894	70	11	500	500	9000	0	20012	-1	-1	115	1	-1						-1
18010004	4橄榄球BOSS	20015	1	894	50	11	500	500	9000	0	20005	10020321	-1	115	1	-1						-1
18010005	6路障BOSS	20011	2	894	116	13	500	500	9000	0	20011	10020318	-1	115	1	-1						-1
18010006	7旗帜BOSS	20014	2	894	116	13	500	500	9000	0	20014	10020320	-1	115	1	-1						-1
18010007	8撑杆BOSS	20012	2	894	60	13	500	500	9000	0	20012	10020319	-1	115	1	-1						-1
18010008	9橄榄球BOSS	20015	2	894	60	13	500	500	9000	0	20005	10020321	-1	115	1	-1						-1
18010009	1路障原始人BOSS	20502	3	993	126	15	500	500	9000	0	20502	-1	-1	115	1	-1						-1
18010010	2面具原始人BOSS	20504	3	993	126	15	500	500	9000	0	20504	-1	-1	115	1	-1						-1
18010011	3弹弓原始人BOSS	20506	3	814	100	15	500	500	9000	0	20506	10020326	-1	115	1	-1						-1
18010012	4木棍原始人BOSS	20505	3	993	126	15	500	500	9000	0	20505	10020324	-1	115	1	-1						-1
18010013	6蜂窝原始人BOSS	20510	3	546	63	15	500	500	9000	0	11111001	-1	-1	115	1	-1						-1
18010014	7路障原始人BOSS	20502	3	993	126	15	500	500	9000	0	20502	-1	-1	115	1	-1						-1
18010015	8面具原始人BOSS	20504	4	1181	140	17	500	500	9000	0	20504	-1	-1	115	1	-1						-1
18010016	9弹弓原始人BOSS	20506	4	944	112	17	500	500	9000	0	20506	10020326	-1	115	1	-1						-1
18010017	11木棍原始人BOSS	20505	4	1181	140	17	500	500	9000	0	20505	10020324	-1	115	1	-1						-1
18010018	12蜂窝原始人BOSS	20510	4	590	70	17	500	500	9000	0	11111001	-1	-1	115	1	-1						-1
18010019	13路障原始人BOSS	20502	4	1181	140	17	500	500	9000	0	20502	-1	-1	115	1	-1						-1
18010020	14面具原始人BOSS	20504	4	1181	140	17	500	500	9000	0	20504	-1	-1	115	1	-1						-1
18010021	16弹弓原始人BOSS	20506	5	1113	121	20	500	500	9000	0	20506	10020326	-1	115	1	-1						-1
18010022	17木棍原始人BOSS	20505	5	1392	152	20	500	500	9000	0	20505	10020324	-1	115	1	-1						-1
18010023	18蜂窝原始人BOSS	20510	5	696	76	20	500	500	9000	0	11111001	-1	-1	115	1	-1						-1
18010024	19蜂窝原始人BOSS	20510	5	696	76	20	500	500	9000	0	11111001	-1	-1	115	1	-1						-1
18010025	1长城路障BOSS	20402	6	1677	210	22	500	500	9000	0	20402	-1	-1	115	1	-1						-1
18010026	2长城大刀BOSS	20405	6	1677	210	22	500	500	9000	0	20405	10020348	-1	115	1	-1						-1
18010027	3长城长矛BOSS	20406	6	1677	210	22	500	500	9000	0	20406	-1	-1	115	1	-1						-1
18010028	4长城投石车BOSS	20408	6	838	105	22	500	500	9000	0	11111002	10020349	-1	115	1	-1						-1
18010029	6灵符僵尸boss	20415	7	1923	228	24	500	500	9000	0	20415	-1	-1	115	1	-1						-1
18010030	7长城路障BOSS	20402	7	1923	228	24	500	500	9000	0	20402	-1	-1	115	1	-1						-1
18010031	8长城大刀BOSS	20405	7	1923	228	24	500	500	9000	0	20405	10020348	-1	115	1	-1						-1
18010032	9长城长矛BOSS	20406	7	1538	182	24	500	500	9000	0	20406	-1	-1	115	1	-1						-1
18010033	11长城投石车BOSS	20408	8	1094	125	26	500	500	9000	0	11111002	10020349	-1	115	1	-1						-1
18010034	12灵符僵尸boss	20415	8	2189	250	26	500	500	9000	0	20415	-1	-1	115	1	-1						-1
18010035	13长城路障BOSS	20402	8	2189	250	26	500	500	9000	0	20402	-1	-1	115	1	-1						-1
18010036	14长城大刀BOSS	20405	8	2189	250	26	500	500	9000	0	20405	10020348	-1	115	1	-1						-1
18010037	16长城长矛BOSS	20406	9	1915	218	28	500	500	9000	0	20406	-1	-1	115	1	-1						-1
18010038	17长城投石车BOSS	20408	9	1197	136	28	500	500	9000	0	11111002	10020349	-1	115	1	-1						-1
18010039	18灵符僵尸boss	20415	9	2394	273	28	500	500	9000	0	20415	-1	-1	115	1	-1						-1
18010040	19长城路障BOSS	20402	10	2624	295	31	500	500	9000	0	20402	-1	-1	115	1	-1						-1
18010041	21长城大刀BOSS	20405	10	2624	295	31	500	500	9000	0	20405	10020348	-1	115	1	-1						-1
18010042	22长城长矛BOSS	20406	12	2488	282	35	500	500	9000	0	20406	-1	-1	115	1	-1						-1
18010043	23长城投石车BOSS	20408	12	1555	176	35	500	500	9000	0	11111002	10020349	-1	115	1	-1						-1
18010044	24灵符僵尸boss	20415	13	3373	385	37	500	500	9000	0	20415	-1	-1	115	1	-1						-1
18010045	1路障木乃伊BOSS	20102	13	3373	385	37	500	500	9000	0	20102	-1	-1	115	1	-1						-1
18010046	2旗帜木乃伊BOSS	20103	13	3373	385	37	500	500	9000	0	20103	-1	-1	115	1	-1						-1
18010047	3太阳神BOSS	20108	14	1790	202	40	500	500	9000	0	20108	10020108	-1	115	1	-1						-1
18010048	4死神BOSS	20107	14	3581	405	40	500	500	9000	0	20107	-1	-1	115	1	-1						-1
18010049	6路障木乃伊BOSS	20102	15	3795	425	42	500	500	9000	0	20102	-1	-1	115	1	-1						-1
18010050	7旗帜木乃伊BOSS	20103	16	4019	445	44	500	500	9000	0	20103	-1	-1	115	1	-1						-1
18010051	8太阳神BOSS	20108	16	2009	222	44	500	500	9000	0	20108	10020108	-1	115	1	-1						-1
18010052	9死神BOSS	20107	17	4246	465	46	500	500	9000	0	20107	-1	-1	115	1	-1						-1
18010053	11路障木乃伊BOSS	20102	18	4480	488	48	500	500	9000	0	20102	-1	-1	115	1	-1						-1
18010054	12旗帜木乃伊BOSS	20103	18	4480	488	48	500	500	9000	0	20103	-1	-1	115	1	-1						-1
18010055	13太阳神BOSS	20108	19	2360	255	51	500	500	9000	0	20108	10020108	-1	115	1	-1						-1
18010056	14死神BOSS	20107	19	4720	510	51	500	500	9000	0	20107	-1	-1	115	1	-1						-1
18010057	16路障木乃伊BOSS	20102	20	4963	533	77	500	500	9000	0	20102	-1	-1	115	1	-1						-1
18010058	17旗帜木乃伊BOSS	20103	21	5216	555	84	500	500	9000	0	20103	-1	-1	115	1	-1						-1
18010059	18太阳神BOSS	20108	21	2608	277	84	500	500	9000	0	20108	10020108	-1	115	1	-1						-1
18010060	19死神BOSS	20107	22	5475	580	91	500	500	9000	0	20107	-1	-1	115	1	-1						-1
18010061	21路障木乃伊BOSS	20102	23	5738	605	101	500	500	9000	0	20102	-1	-1	115	1	-1						-1
18010062	22旗帜木乃伊BOSS	20103	23	5738	605	101	500	500	9000	0	20103	-1	-1	115	1	-1						-1
18010063	23太阳神BOSS	20108	24	3003	315	109	500	500	9000	0	20108	10020108	-1	115	1	-1						-1
18010064	24死神BOSS	20107	24	6006	630	109	500	500	9000	0	20107	-1	-1	115	1	-1						-1
18010065	26路障木乃伊BOSS	20102	25	6285	658	118	500	500	9000	0	20102	-1	-1	115	1	-1						-1
18010066	27旗帜木乃伊BOSS	20103	26	6566	683	126	500	500	9000	0	20103	-1	-1	115	1	-1						-1
18010067	28太阳神BOSS	20108	26	3283	341	126	500	500	9000	0	20108	10020108	-1	115	1	-1						-1
18010068	29死神BOSS	20107	27	6854	713	136	500	500	9000	0	20107	-1	-1	115	1	-1						-1
18010069	1路障海盗BOSS	20202	28	7363	762	152	500	500	9000	0	20202	-1	-1	115	1	-1						-1
18010070	2飞索海盗BOSS	20205	28	5891	610	152	500	500	9000	0	20205	10020356	-1	115	1	-1						-1
18010071	3海鸥海盗BOSS	20206	29	6139	634	162	500	500	9000	0	20206	-1	-1	115	1	-1						-1
18010072	4火炬武师BOSS	20610	29	7674	793	162	500	500	9000	0	20610	-1	-1	115	1	-1						-1
18010073	6路障海盗BOSS	20202	30	9794	824	173	500	500	9000	0	20202	-1	-1	115	1	-1						-1
18010074	7飞索海盗BOSS	20205	31	8166	686	183	500	500	9000	0	20205	10020356	-1	115	1	-1						-1
18010075	8海鸥海盗BOSS	20206	31	8166	686	183	500	500	9000	0	20206	-1	-1	115	1	-1						-1
18010076	9火炬武师BOSS	20610	32	5315	445	198	500	500	9000	0	20610	-1	-1	115	1	-1						-1
18010077	11路障海盗BOSS	20202	33	11064	927	209	500	500	9000	0	20202	-1	-1	115	1	-1						-1
18010078	12飞索海盗BOSS	20205	33	8851	742	209	500	500	9000	0	20205	10020356	-1	115	1	-1						-1
18010079	13海鸥海盗BOSS	20206	34	9203	770	220	500	500	9000	0	20206	-1	-1	115	1	-1						-1
18010080	14火炬武师BOSS	20610	34	5752	481	220	500	500	9000	0	20610	-1	-1	115	1	-1						-1
18010081	16路障海盗BOSS	20202	35	11953	999	233	500	500	9000	0	20202	-1	-1	115	1	-1						-1
18010082	17飞索海盗BOSS	20205	36	9927	830	245	500	500	9000	0	20205	10020356	-1	115	1	-1						-1
18010083	18海鸥海盗BOSS	20206	36	9927	830	245	500	500	9000	0	20206	-1	-1	115	1	-1						-1
18010084	19火炬武师BOSS	20610	37	6436	540	262	500	500	9000	0	20610	-1	-1	115	1	-1						-1
18010085	21路障海盗BOSS	20202	37	12877	1079	262	500	500	9000	0	20202	-1	-1	115	1	-1						-1
18010086	22飞索海盗BOSS	20205	37	10300	863	262	500	500	9000	0	20205	10020356	-1	115	1	-1						-1
18010087	23海鸥海盗BOSS	20206	38	10680	896	275	500	500	9000	0	20206	-1	-1	115	1	-1						-1
18010088	24火炬武师BOSS	20610	38	6675	560	275	500	500	9000	0	20610	-1	-1	115	1	-1						-1
18010089	26路障海盗BOSS	20202	38	13352	1121	275	500	500	9000	0	20202	-1	-1	115	1	-1						-1
18010090	27飞索海盗BOSS	20205	39	11065	931	288	500	500	9000	0	20205	10020356	-1	115	1	-1						-1
18010091	28海鸥海盗BOSS	20206	39	11065	931	288	500	500	9000	0	20206	-1	-1	115	1	-1						-1
18010092	29火炬武师BOSS	20610	39	6915	582	288	500	500	9000	0	20610	-1	-1	115	1	-1						-1
18010093	1路障牛仔BOSS	20302	40	14606	1234	308	500	500	9000	0	20302	-1	-1	115	1	-1						-1
18010094	2钢琴BOSS	20306	40	7302	616	308	500	500	9000	0	20306	-1	-1	115	1	-1						-1
18010095	3路障牛仔BOSS	20302	40	14606	1234	308	500	500	9000	0	20302	-1	-1	115	1	-1						-1
18010096	4钢琴BOSS	20306	41	7557	641	327	500	500	9000	0	20306	-1	-1	115	1	-1						-1
18010097	6路障牛仔BOSS	20302	41	15114	1281	327	500	500	9000	0	20302	-1	-1	115	1	-1						-1
18010098	7钢琴BOSS	20306	41	7557	641	327	500	500	9000	0	20306	-1	-1	115	1	-1						-1
18010099	8路障牛仔BOSS	20302	42	15637	1331	341	500	500	9000	0	20302	-1	-1	115	1	-1						-1
18010100	9钢琴BOSS	20306	42	7817	666	341	500	500	9000	0	20306	-1	-1	115	1	-1						-1
18010101	11路障牛仔BOSS	20302	42	15637	1331	341	500	500	9000	0	20302	-1	-1	115	1	-1						-1
18010102	12钢琴BOSS	20306	43	8081	692	357	500	500	9000	0	20306	-1	-1	115	1	-1						-1
18010103	13路障牛仔BOSS	20302	43	16164	1384	357	500	500	9000	0	20302	-1	-1	115	1	-1						-1
18010104	14钢琴BOSS	20306	43	8081	692	357	500	500	9000	0	20306	-1	-1	115	1	-1						-1
18010105	16路障牛仔BOSS	20302	44	16700	1436	373	500	500	9000	0	20302	-1	-1	115	1	-1						-1
18010106	17钢琴BOSS	20306	44	8349	718	373	500	500	9000	0	20306	-1	-1	115	1	-1						-1
18010107	18路障牛仔BOSS	20302	44	16700	1436	373	500	500	9000	0	20302	-1	-1	115	1	-1						-1
18010108	19钢琴BOSS	20306	45	8623	747	389	500	500	9000	0	20306	-1	-1	115	1	-1						-1
18010109	21路障牛仔BOSS	20302	45	17246	1494	389	500	500	9000	0	20302	-1	-1	115	1	-1						-1
18010110	22钢琴BOSS	20306	45	8623	747	389	500	500	9000	0	20306	-1	-1	115	1	-1						-1
18010111	23路障牛仔BOSS	20302	46	17802	1552	408	500	500	9000	0	20302	-1	-1	115	1	-1						-1
18010112	24钢琴BOSS	20306	46	8900	776	408	500	500	9000	0	20306	-1	-1	115	1	-1						-1
18010113	26路障牛仔BOSS	20302	46	17802	1552	408	500	500	9000	0	20302	-1	-1	115	1	-1						-1
18010114	27钢琴BOSS	20306	47	9182	807	425	500	500	9000	0	20306	-1	-1	115	1	-1						-1
18010115	28路障牛仔BOSS	20302	47	18367	1615	425	500	500	9000	0	20302	-1	-1	115	1	-1						-1
18010116	29钢琴BOSS	20306	47	9182	807	425	500	500	9000	0	20306	-1	-1	115	1	-1						-1
18010117	1路障武师BOSS	20602	48	18907	1678	443	500	500	9000	0	20602	-1	-1	115	1	-1						-1
18010118	2酒鬼BOSS	20609	48	18907	1678	443	500	500	9000	0	20609	-1	-1	115	1	-1						-1
18010119	3炸弹僵尸BOSS	20604	48	18907	1678	443	500	500	9000	0	20604	-1	-1	115	1	-1						-1
18010120	4气功师BOSS	20611	49	9743	873	460	500	500	9000	0	11111009	10020357	-1	115	1	-1						-1
18010121	6路障武师BOSS	20602	49	19486	1746	460	500	500	9000	0	20602	-1	-1	115	1	-1						-1
18010122	7酒鬼BOSS	20609	49	19486	1746	460	500	500	9000	0	20609	-1	-1	115	1	-1						-1
18010123	8炸弹僵尸BOSS	20604	50	20079	1817	482	500	500	9000	0	20604	-1	-1	115	1	-1						-1
18010124	9气功师BOSS	20611	50	10038	908	482	500	500	9000	0	11111009	10020357	-1	115	1	-1						-1
18010125	11路障武师BOSS	20602	50	20079	1817	482	500	500	9000	0	20602	-1	-1	115	1	-1						-1
18010126	12酒鬼BOSS	20609	51	20677	1874	501	500	500	9000	0	20609	-1	-1	115	1	-1						-1
18010127	13炸弹僵尸BOSS	20604	51	20677	1874	501	500	500	9000	0	20604	-1	-1	115	1	-1						-1
18010128	14气功师BOSS	20611	51	10338	937	501	500	500	9000	0	11111009	10020357	-1	115	1	-1						-1
18010129	16路障武师BOSS	20602	52	21286	1935	520	500	500	9000	0	20602	-1	-1	115	1	-1						-1
18010130	17酒鬼BOSS	20609	52	21286	1935	520	500	500	9000	0	20609	-1	-1	115	1	-1						-1
18010131	18炸弹僵尸BOSS	20604	52	21286	1935	520	500	500	9000	0	20604	-1	-1	115	1	-1						-1
18010132	19气功师BOSS	20611	53	10949	999	539	500	500	9000	0	11111009	10020357	-1	115	1	-1						-1
18010133	21路障武师BOSS	20602	53	21901	1998	539	500	500	9000	0	20602	-1	-1	115	1	-1						-1
18010134	22酒鬼BOSS	20609	53	21901	1998	539	500	500	9000	0	20609	-1	-1	115	1	-1						-1
18010135	23炸弹僵尸BOSS	20604	54	22530	2061	559	500	500	9000	0	20604	-1	-1	115	1	-1						-1
18010136	24气功师BOSS	20611	54	11264	1030	559	500	500	9000	0	11111009	10020357	-1	115	1	-1						-1
18010137	26路障武师BOSS	20602	54	22530	2061	559	500	500	9000	0	20602	-1	-1	115	1	-1						-1
18010138	27酒鬼BOSS	20609	55	23164	2129	583	500	500	9000	0	20609	-1	-1	115	1	-1						-1
18010139	28炸弹僵尸BOSS	20604	55	23164	2129	583	500	500	9000	0	20604	-1	-1	115	1	-1						-1
18010140	29气功师BOSS	20611	55	11582	1065	583	500	500	9000	0	11111009	10020357	-1	115	1	-1						-1
18010141	1红孩儿BOSS	20707	56	23810	2198	603	500	500	9000	0	20707	10020361	-1	115	1	-1						-1
18010142	2蜘蛛精BOSS	20711	56	19046	1758	603	500	500	9000	0	20711	10020362	-1	115	1	-1						-1
18010143	3黑熊精BOSS	20708	56	23810	2198	603	500	500	9000	0	20708	10020363	-1	115	1	-1						-1
18010144	4叉子小鬼BOSS	20705	57	12229	1134	623	500	500	9000	0	11111011	-1	-1	115	1	-1						-1
18010145	6红孩儿BOSS	20707	57	24460	2268	623	500	500	9000	0	20707	10020361	-1	115	1	-1						-1
18010146	7蜘蛛精BOSS	20711	57	19567	1814	623	500	500	9000	0	20711	10020362	-1	115	1	-1						-1
18010147	8黑熊精BOSS	20708	58	25124	2342	645	500	500	9000	0	20708	10020363	-1	115	1	-1						-1
18010148	9叉子小鬼BOSS	20705	58	12561	1171	645	500	500	9000	0	11111011	-1	-1	115	1	-1						-1
18010149	11红孩儿BOSS	20707	58	25124	2342	645	500	500	9000	0	20707	10020361	-1	115	1	-1						-1
18010150	12蜘蛛精BOSS	20711	59	20635	1934	671	500	500	9000	0	20711	10020362	-1	115	1	-1						-1
18010151	13黑熊精BOSS	20708	59	25793	2418	671	500	500	9000	0	20708	10020363	-1	115	1	-1						-1
18010152	14叉子小鬼BOSS	20705	59	12896	1209	671	500	500	9000	0	11111011	-1	-1	115	1	-1						-1
18010153	16红孩儿BOSS	20707	60	26474	2499	692	500	500	9000	0	20707	10020361	-1	115	1	-1						-1
18010154	17蜘蛛精BOSS	20711	60	21177	1999	692	500	500	9000	0	20711	10020362	-1	115	1	-1						-1
18010155	18黑熊精BOSS	20708	60	26474	2499	692	500	500	9000	0	20708	10020363	-1	115	1	-1						-1
18010156	19叉子小鬼BOSS	20705	61	13582	1290	714	500	500	9000	0	11111011	-1	-1	115	1	-1						-1
18010157	21红孩儿BOSS	20707	61	27166	2581	714	500	500	9000	0	20707	10020361	-1	115	1	-1						-1
18010158	22蜘蛛精BOSS	20711	61	21732	2064	714	500	500	9000	0	20711	10020362	-1	115	1	-1						-1
18010159	23黑熊精BOSS	20708	62	27864	2667	736	500	500	9000	0	20708	10020363	-1	115	1	-1						-1
18010160	24叉子小鬼BOSS	20705	62	13931	1334	736	500	500	9000	0	11111011	-1	-1	115	1	-1						-1
18010161	26红孩儿BOSS	20707	62	27864	2667	736	500	500	9000	0	20707	10020361	-1	115	1	-1						-1
18010162	27蜘蛛精BOSS	20711	63	22855	2205	759	500	500	9000	0	20711	10020362	-1	115	1	-1						-1
18010163	28黑熊精BOSS	20708	63	28571	2756	759	500	500	9000	0	20708	10020363	-1	115	1	-1						-1
18010164	29叉子小鬼BOSS	20705	63	14284	1378	759	500	500	9000	0	11111011	-1	-1	115	1	-1						-1
18010165	1维京路障僵BOSS	20720	64	29842	2905	803	500	500	9000	0	20720	10020381	-1	115	1	-1						-1
18010166	2飞龙饲养员BOSS	20726	64	23872	2324	803	500	500	9000	0	20726	10020377	-1	115	1	-1						-1
18010167	3号角僵尸BOSS	20724	64	14920	1452	803	500	500	9000	0	20724	10020376	-1	115	1	-1						-1
18010168	4飞龙饲养员BOSS	20726	65	24466	2403	827	500	500	9000	0	20726	10020377	-1	115	1	-1						-1
18010169	6维京路障僵BOSS	20720	65	30583	3005	827	500	500	9000	0	20720	10020381	-1	115	1	-1						-1
18010170	7飞龙饲养员BOSS	20726	66	25065	2487	851	500	500	9000	0	20726	10020377	-1	115	1	-1						-1
18010171	8号角僵尸BOSS	20724	67	16043	1607	875	500	500	9000	0	20724	10020376	-1	115	1	-1						-1
18010172	9飞龙饲养员BOSS	20726	68	26286	2662	906	500	500	9000	0	20726	10020377	-1	115	1	-1						-1
18010173	11维京路障僵BOSS	20720	69	33632	3445	932	500	500	9000	0	20720	10020381	-1	115	1	-1						-1
18010174	12飞龙饲养员BOSS	20726	70	27532	2855	958	500	500	9000	0	20726	10020377	-1	115	1	-1						-1
18010175	13号角僵尸BOSS	20724	71	17606	1850	984	500	500	9000	0	20724	10020376	-1	115	1	-1						-1
18010176	14飞龙饲养员BOSS	20726	72	28812	3067	1011	500	500	9000	0	20726	10020377	-1	115	1	-1						-1
18010177	16维京路障僵BOSS	20720	73	36828	3978	1043	500	500	9000	0	20720	10020381	-1	115	1	-1						-1
18010178	17飞龙饲养员BOSS	20726	74	30121	3302	1071	500	500	9000	0	20726	10020377	-1	115	1	-1						-1
18010179	18号角僵尸BOSS	20724	75	19240	2142	1099	500	500	9000	0	20724	10020376	-1	115	1	-1						-1
18010180	19飞龙饲养员BOSS	20726	76	31458	3561	1127	500	500	9000	0	20726	10020377	-1	115	1	-1						-1
18010181	21维京路障僵BOSS	20720	77	40172	4628	1162	500	500	9000	0	20720	10020381	-1	115	1	-1						-1
18010182	22飞龙饲养员BOSS	20726	78	32829	3852	1191	500	500	9000	0	20726	10020377	-1	115	1	-1						-1
18010183	23号角僵尸BOSS	20724	79	20951	2506	1220	500	500	9000	0	20724	10020376	-1	115	1	-1						-1
18010184	24飞龙饲养员BOSS	20726	80	34225	4177	1250	500	500	9000	0	20726	10020377	-1	115	1	-1						-1
18010185	26维京路障僵BOSS	20720	81	43669	5446	1280	500	500	9000	0	20720	10020381	-1	115	1	-1						-1
18010186	27飞龙饲养员BOSS	20726	82	35652	4545	1317	500	500	9000	0	20726	10020377	-1	115	1	-1						-1
18010187	28号角僵尸BOSS	20724	83	22734	2968	1348	500	500	9000	0	20724	10020376	-1	115	1	-1						-1
18010188	29飞龙饲养员BOSS	20726	83	36374	4749	1348	500	500	9000	0	20726	10020377	-1	115	1	-1						-1
18010189	1未来铁桶BOSS	1090003	84	46386	6209	1379	500	500	9000	0	11122004	11122005	-1	115	1	-1			8010213			-1
18010190	2未来旗帜BOSS	1090004	84	46386	6209	1379	500	500	9000	0	11122006	11122007	-1	115	1	-1						-1
18010191	3喷射器BOSS	1090005	85	37849	5200	1411	500	500	9000	0	11122008	-1	-1	115	1	-1						-1
18010192	4未来旗帜BOSS	1090004	85	47313	6500	1411	500	500	9000	0	11122006	11122007	-1	115	1	-1						-1
18010193	6未来铁桶BOSS	1090003	86	48245	6814	1450	500	500	9000	0	11122004	11122005	-1	115	1	-1			8010214			-1
18010194	7未来旗帜BOSS	1090004	86	48245	6814	1450	500	500	9000	0	11122006	11122007	-1	115	1	-1						-1
18010195	8喷射器BOSS	1090005	87	39305	5720	1482	500	500	9000	0	11122008	-1	-1	115	1	-1						-1
18010196	9未来旗帜BOSS	1090004	87	49133	7151	1482	500	500	9000	0	11122006	11122007	-1	115	1	-1						-1
18010197	11未来铁桶BOSS	1090003	88	50086	7517	1515	500	500	9000	0	11122004	11122005	-1	115	1	-1			8010215			-1
18010198	12未来旗帜BOSS	1090004	88	50086	7517	1515	500	500	9000	0	11122006	11122007	-1	115	1	-1						-1
18010199	13喷射器BOSS	1090005	89	40838	6330	1548	500	500	9000	0	11122008	-1	-1	115	1	-1						-1
18010200	14未来旗帜BOSS	1090004	89	51048	7913	1548	500	500	9000	0	11122006	11122007	-1	115	1	-1						-1
18010201	16未来铁桶BOSS	1090003	90	52020	8344	1583	500	500	9000	0	11122004	11122005	-1	115	1	-1			8010216			-1
18010202	17未来旗帜BOSS	1090004	90	52020	8344	1583	500	500	9000	0	11122006	11122007	-1	115	1	-1						-1
18010203	18喷射器BOSS	1090005	91	42401	7053	1623	500	500	9000	0	11122008	-1	-1	115	1	-1						-1
18010204	19未来旗帜BOSS	1090004	91	53001	8817	1623	500	500	9000	0	11122006	11122007	-1	115	1	-1						-1
18010205	21未来铁桶BOSS	1090003	92	53991	9334	1657	500	500	9000	0	11122004	11122005	-1	115	1	-1			8010217			-1
18010206	22未来旗帜BOSS	1090004	92	53991	9334	1657	500	500	9000	0	11122006	11122007	-1	115	1	-1						-1
18010207	23喷射器BOSS	1090005	93	43991	7924	1693	500	500	9000	0	11122008	-1	-1	115	1	-1						-1
18010208	24未来旗帜BOSS	1090004	93	54988	9906	1693	500	500	9000	0	11122006	11122007	-1	115	1	-1						-1
18010209	26未来铁桶BOSS	1090003	94	56001	10537	1728	500	500	9000	0	11122004	11122005	-1	115	1	-1			8010218			-1
18010210	27未来旗帜BOSS	1090004	94	56001	10537	1728	500	500	9000	0	11122006	11122007	-1	115	1	-1						-1
18010211	28喷射器BOSS	1090005	95	45612	8994	1771	500	500	9000	0	11122008	-1	-1	115	1	-1						-1
18010212	29未来旗帜BOSS	1090004	95	57016	11244	1771	500	500	9000	0	11122006	11122007	-1	115	1	-1						-1
18010219	1黑暗僧侣boss	1096101	99	61183	15108	1916	500	500	9000	0	11123101		-1	115	1	-1						-1
18010220	2黑暗小龙boss	1096201	99	61183	15108	1916	500	500	9000	0	11123201		-1	115	1	-1						-1
18010221	3黑暗盗贼boss	1096301	100	62455	16460	1962	500	500	9000	0	11123301		-1	115	1	-1						-1
18010222	4黑暗法师boss	1096001	100	62455	16460	1962	500	500	9000	0	11123001		-1	115	1	-1						-1
18010223	6黑暗小狼boss	1096601	101	64091	16604	2001	500	500	9000	0	11123601	11123611	-1	115	1	-1						-1
18010224	7黑暗小丑boss	1096501	101	64091	16604	2001	500	500	9000	0	11123501	11123511	-1	115	1	-1						-1
18010225	8黑暗铁盔boss	1096701	102	65747	16749	2038	500	500	9000	0	11123701	11123711	-1	115	1	-1						-1
18010226	9黑暗旗帜boss	1096401	102	65747	16749	2038	500	500	9000	0	11123401	11123411	-1	115	1	-1						-1
18010227	11黑暗僧侣boss	1096101	103	67426	16893	2077	500	500	9000	0	11123101		-1	115	1	-1						-1
18010228	12黑暗小龙boss	1096201	103	67426	16893	2077	500	500	9000	0	11123201		-1	115	1	-1						-1
18010229	13黑暗盗贼boss	1096301	104	69122	17038	2125	500	500	9000	0	11123301		-1	115	1	-1						-1
18010230	14黑暗法师boss	1096001	104	69122	17038	2125	500	500	9000	0	11123001		-1	115	1	-1						-1
18010231	16黑暗小狼boss	1096601	105	70837	17182	2164	500	500	9000	0	11123601	11123611	-1	115	1	-1						-1
18010232	17黑暗小丑boss	1096501	105	70837	17182	2164	500	500	9000	0	11123501	11123511	-1	115	1	-1						-1
18010233	18黑暗铁盔boss	1096701	106	72576	17323	2204	500	500	9000	0	11123701	11123711	-1	115	1	-1						-1
18010234	19黑暗旗帜boss	1096401	106	72576	17323	2204	500	500	9000	0	11123401	11123411	-1	115	1	-1						-1
18010235	21黑暗僧侣boss	1096101	107	74329	17468	2244	500	500	9000	0	11123101		-1	115	1	-1						-1
18010236	22黑暗小龙boss	1096201	107	74329	17468	2244	500	500	9000	0	11123201		-1	115	1	-1						-1
18010237	23黑暗盗贼boss	1096301	108	76108	17612	2284	500	500	9000	0	11123301		-1	115	1	-1						-1
18010238	24黑暗法师boss	1096001	108	76108	17612	2284	500	500	9000	0	11123001		-1	115	1	-1						-1
18010239	26黑暗小狼boss	1096601	109	77901	17757	2335	500	500	9000	0	11123601	11123611	-1	115	1	-1						-1
18010240	27黑暗小丑boss	1096501	109	77901	17757	2335	500	500	9000	0	11123501	11123511	-1	115	1	-1						-1
18010241	28黑暗铁盔boss	1096701	110	79718	17901	2375	500	500	9000	0	11123701	11123711	-1	115	1	-1						-1
18010242	29黑暗旗帜boss	1096401	110	79718	17901	2375	500	500	9000	0	11123401	11123411	-1	115	1	-1						-1
																						
10008801	雪人僵尸大格	21008	1	6150	25	11	500	500	9000	0	22102	11130011	-1	115	1	1						-1
19010001	5歌王大格BOSS	21000	1	6150	25	11	500	500	9000	0	22101	11130001	-1	115	1	1						-1
19010002	10司机大格BOSS	21010	2	7650	60	13	500	500	9000	0	22103	11130021	-1	115	1	1						-1
19010003	5骑鸟僵尸大格	21020	3	7638	90	15	500	500	9000	0	22104	11130031	-1	115	1	1						-1
19010004	10蜗牛僵尸大格	21030	4	9336	150	17	500	500	9000	0	22105	11130041	-1	115	1	1						-1
19010005	15力士僵尸大格	21040	5	11006	180	20	500	500	9000	0	22106	11130051	-1	115	1	1						-1
19010006	20猛犸僵尸大格	21050	6	13257	210	22	500	500	9000	0	22107	11130061	-1	115	1	1						-1
19010007	5长城大刀大格	21060	7	15205	380	24	500	500	9000	0	22108	11130071	-1	115	1	1						-1
19010008	10长城投石车大格	21070	8	17305	400	26	500	500	9000	0	22109	11130081	-1	115	1	1						-1
19010009	15长城圆锤大格	21080	10	20746	519	31	500	500	9000	0	22110	11130091	-1	115	1	1						-1
19010010	20长城战车大格	21090	12	24592	564	35	500	500	9000	0	22111	11130101	-1	115	1	1						-1
19010011	25皇帝僵尸大格	21100	14	28311	644	40	500	500	9000	0	22112	11130111	-1	115	1	1						-1
19010012	5死神大格	21110	16	31777	704	44	500	500	9000	0	22113	11130121	-1	115	1	1						-1
19010013	10太阳神大格	21120	18	35420	844	48	500	500	9000	0	22114	11130131	-1	115	1	1						-1
19010014	15埃及艳后大格	21140	16	31777	774	44	500	500	9000	0	22116	11130151	-1	115	1	1						-1
19010015	20死神大格	21110	22	43288	900	91	500	500	9000	0	22113	11130121	-1	115	1	1						-1
19010016	25太阳神大格	21120	25	49689	1108	118	500	500	9000	0	22114	11130131	-1	115	1	1						-1
19010017	30埃及艳后大格	21140	24	56090	1124	126	500	500	9000	0	22116	11130151	-1	115	1	1						-1
19010018	5飞索海盗大格	21170	32	84055	1331	198	500	500	9000	0	22117	11130181	-1	115	1	1						-1
19010019	10海鸥海盗大格	21180	39	109376	1677	288	500	500	9000	0	22119	11130191	-1	115	1	1						-1
19010020	15滚筒大格	21450	35	94507	1618	233	500	500	9000	0	22118	11130431	-1	115	1	1						-1
19010021	20飞索海盗大格	21170	42	121276	1846	335	500	500	9000	0	22117	11130181	-1	115	1	1						-1
19010022	25海鸥海盗大格	21180	44	129529	1965	366	500	500	9000	0	22119	11130191	-1	115	1	1						-1
19010023	30船长大格	21190	46	138072	2093	401	500	500	9000	0	22120	11130201	-1	115	1	1						-1
19010024	5鸡贼大格	21210	48	149491	2272	443	500	500	9000	0	22121	11130211	-1	115	1	1						-1
19010025	10淘金大格	21220	50	158760	2661	482	500	500	9000	0	22122	11130221	-1	115	1	1						-1
19010026	15钢琴大格	21230	52	168292	2583	520	500	500	9000	0	22123	11130231	-1	115	1	1						-1
19010027	20机器牛大格	21240	54	178123	2755	559	500	500	9000	0	22124	11130241	-1	115	1	1						-1
19010028	25僵尸警长大格	21250	56	188253	2940	603	500	500	9000	0	22125	11130251	-1	115	1	1						-1
19010029	30僵尸酋长大格	21260	58	198648	3142	645	500	500	9000	0	22126	11130261	-1	115	1	1						-1
19010030	5酒鬼武师大格	21270	60	209310	3717	692	500	500	9000	0	22127	11130161	-1	115	1	1						-1
19010031	10大锤武师大格	21280	62	220305	3717	736	500	500	9000	0	22128	11130271	-1	115	1	1						-1
19010032	15气功师大格	21290	64	231532	3982	788	500	500	9000	0	22129	11130281	-1	115	1	1						-1
19010033	20刀客大格	21300	66	243096	4124	835	500	500	9000	0	22130	11130291	-1	115	1	1						-1
19010034	25刺客大格	21310	68	254926	4943	889	500	500	9000	0	22131	11130301	-1	115	1	1						-1
19010035	30禅杖武僧大格	21320	70	267026	5334	940	500	500	9000	0	22132	11130305	-1	115	1	1						-1
19010036	5土地爷爷大格	21330	71	273188	4943	966	500	500	9000	0	22133	11130311	-1	115	1	1						-1
19010037	10黑熊精大格	21340	73	285740	8148	1024	500	500	9000	0	22134	11130321	-1	115	1	1						-1
19010038	15黄梅大王大格	21350	75	298559	9958	1078	500	500	9000	0	22135	11130331	-1	115	1	1						-1
19010039	20白骨精大格	21360	77	311684	6254	1140	500	500	9000	0	22136	11130338	-1	115	1	1						-1
19010040	25蜘蛛精大格	21370	79	325113	6804	1197	500	500	9000	0	22137	11130341	-1	115	1	1						-1
19010041	30牛魔王大格	21380	81	338809	7430	1256	500	500	9000	0	22138	11130351	-1	115	1	1						-1
19010042	5飞龙饲养大格	21400	83	359496	9151	1348	500	500	9000	0	22140	11130371	-1	115	1	1						-1
19010043	10号角僵尸大格	21410	85	374076	12014	1411	500	500	9000	0	22141	11130381	-1	115	1	1						-1
19010044	15飞龙饲养大格	21400	87	388471	10148	1482	500	500	9000	0	22140	11130371	-1	115	1	1						-1
19010045	20号角僵尸大格	21410	89	403602	16790	1548	500	500	9000	0	22141	11130381	-1	115	1	1						-1
19010046	25维京龙骑兵大格	21430	91	419044	12767	1623	500	500	9000	0	22143	11130391	-1	115	1	1			9010055			-1
19010047	30维京龙骑兵大格	21430	93	434762	14543	1693	500	500	9000	0	22143	11130391	-1	115	1	1			9010055			-1
19010048	5电磁盾僵尸大格	21510	95	450793	16790	1771	500	500	9000	0	22144	11122010	-1	115	1	1						22156
19010049	10舞者3000大格	21520	97	467102	19727	1843	500	500	9000	0	22145	11131031	-1	115	1	1						32156
19010050	15僵尸头领	21550	98	475373	21563	1880	500	500	9000	0	22148	11131041	-1	115	1	1						32156
19010051	20橄榄球大格	21540	100	493793	26335	1962	500	500	9000	0	22147	11131021	-1	115	1	1						35604
19010052	25僵尸统领大格	21550	100	493793	26335	1962	500	500	9000	0	22148	11131041	-1	115	1	1						36604
19010053	30僵尸博士大格	21530	100	493793	26335	1962	500	500	9000	0	22146	11131011	11122013	115	1	1						38604
19010054	机甲蝗虫(召唤)	1090010	70	10051	934	499	500	500	9000	0	11122016	-1	-1	115	0	-1						1500
19010055	维京龙骑兵吞金币	21431	91	391630	13184	1517	500	500	9000	0	22143	11130392	-1	115	1	1	6	3	9010047	63704		-1
19010056	极限1电磁盾	21511	16	27632	384	44	500	500	9000	0	22144	11132011	-1	115	1	1						4528
19010057	极限2舞者	21520	35	79786	1270	226	500	500	9000	0	22145	11131031	-1	115	1	1						16816
19010058	极限3橄榄球	21540	54	147513	2361	532	500	500	9000	0	22147	11131021	-1	115	1	1						22024
19010059	极限4僵尸统领	21550	70	221138	4082	895	500	500	9000	0	22148	11131041	-1	115	1	1						30688
19010060	极限5博士大格	21530	90	334240	8421	1479	500	500	9000	0	22146	11131011	11122013	115	1	1						42752
																						
19010061	极限1猛犸僵尸	21050	16	27632	384	44	500	500	9000	0	22138	11130351	-1	115	1	1						-1
19010062	极限2埃及艳后	21140	35	79786	1270	226	500	500	9000	0	22138	11130351	-1	115	1	1						-1
19010063	极限3僵尸酋长	21260	54	147513	2361	532	500	500	9000	0	22138	11130351	-1	115	1	1						-1
19010064	极限4禅杖武僧	21320	70	221138	4082	895	500	500	9000	0	22138	11130351	-1	115	1	1						-1
19010065	极限5牛魔王	21380	90	334240	8421	1479	500	500	9000	0	22138	11130351	-1	115	1	1						-1
19010066	5黑暗狼人大格	21610	101	506728	26566	2001	500	500	9000	0	22149	11133011	-1	115	1	1						-1
19010067	10黑暗骑士大格	21620	102	519820	26797	2038	500	500	9000	0	22150	11133021	-1	115	1	1						-1
19010068	15黑暗巫师大格	21630	104	546501	27259	2125	500	500	9000	0	22151	11133031	-1	115	1	1						-1
19010069	20黑暗国王大格	21640	106	573807	27717	2204	500	500	9000	0	22152	11133041	-1	115	1	1						-1
19010070	25暗黑伽刚特尔大格	21650	108	601734	28180	2284	500	500	9000	0	22153	11133051	-1	115	1	1						-1
19010071	30暗黑巨龙大格	21660	110	630284	28642	2375	500	500	9000	0	22154	11133061	-1	115	1	1						40000
																						
18010213	1未来铁桶BOSS变身	1090001	84	15605	1465	680	500	500	9000	0	11122001	-1	-1	115	0	-1						-1
18010214	6未来铁桶BOSS变身	1090001	86	16231	1618	711	500	500	9000	0	11122001	-1	-1	115	0	-1						-1
18010215	11未来铁桶BOSS变身	1090001	88	16850	1801	737	500	500	9000	0	11122001	-1	-1	115	0	-1						-1
18010216	16未来铁桶BOSS变身	1090001	90	17500	2020	764	500	500	9000	0	11122001	-1	-1	115	0	-1						-1
18010217	21未来铁桶BOSS变身	1090001	92	18164	2288	796	500	500	9000	0	11122001	-1	-1	115	0	-1						-1
18010218	26未来铁桶BOSS变身	1090001	94	18841	2623	824	500	500	9000	0	11122001	-1	-1	115	0	-1						-1
