技能ID	技能名	技能等级	技能类型（1对敌方2治疗3对双方4攻击每行最前目标5击退6需要再次选择目标7攻击距离最近并再随机一个目标8随机目标9突进造成伤害10击退造成伤害11护盾类型12根据填写顺序检索目标）	"主动技能1,被动技能2,怪物技能3"	普通攻击伤害所乘的系数	废	技能图片	随机数量（技能类型8起效）	目标个数	目标范围	伤害系数1	再次选择目标	再次选择目标范围	伤害系数2	能量豆消耗	bufferID1	buff成长值1	bufferID2	buff成长值2	bufferID3	buff成长值3	bufferSelfID1	自己buff成长值1	清除所有负面buffer	治疗本体和护盾	废	释放目标类型（1敌方2己方）	"选择元素目标（-1,所有，0,土,1,火，2,水，3,风）"	"具体属性（-1,所有，1,攻击最高，2,防御最高 3，血量最少）"	释放目标buff类型（1敌方2己方）	废	技能升级dam成长值	废	废	吸血比率	吸取怒气比率(对方怒气的比率)	造成伤害同时，自身掉血比率	X等级以下buff必中	对X比率血量以上造成伤害	最小固定伤害	最大固定伤害	自身最大血量百分比	buff触发百分比，-1为必中	目标异常状态（用|分隔enum_SpecialState 1冰2黄油）	对目标异常状态造成攻击力百分比的伤害	是否显示技能动态描述(1是不显示)	技能动态描述	释放技能所附带的BUFF动画	技能伤害分担类型（机械HP是否分担不填为机械生命值优先1本体生命值优先2同时有效）	机械伤害为本体伤害倍数	技能固定伤害	技能升级后固定伤害升级量(如果有特殊成长需求例如buff数值的成长，请找程序特殊处理）	"被动技能数值类型1(1.攻击，2.防御，3.概率，4.闪避，5.暴击，6.额外伤害，7.血量绝对值，8.怒气，9.治疗效果，10.debuff抵抗率，11.大招伤害，12.生命,13.速度)"	技能固定伤害1	技能升级后固定伤害升级量1(如果有特殊成长需求例如buff数值的成长，请找程序特殊处理）	被动技能数值类型2(1.攻击，2.防御，3.概率，4.闪避，5.暴击，6.额外伤害，7.血量百分比，8.怒气，9.治疗效果，10.debuff抵抗率，11.大招伤害，12.生命)	技能固定伤害2	技能升级后固定伤害升级量2(如果有特殊成长需求例如buff数值的成长，请找程序特殊处理）	被动技能数值类型3(1.攻击，2.防御，3.概率，4.闪避，5.暴击，6.额外伤害，7.血量百分比，8.怒气，9.治疗效果，10.debuff抵抗率，11.大招伤害，12.生命)	技能固定伤害3	技能升级后固定伤害升级量3(如果有特殊成长需求例如buff数值的成长，请找程序特殊处理）	技能元素（1火 2冰）	技能特殊命中
INT	STRING	INT	INT	INT	INT	STRING	STRING	INT	INT	STRING	STRING	INT	STRING	STRING	INT	INT	INT	INT	INT	INT	INT	INT	INT	STRING	INT	INT	INT	INT	INT	INT	INT	INT	INT	INT	INT	INT	INT	INT	INT	INT	INT	INT	INT	STRING	INT	INT	STRING	INT	INT	FLOAT	INT	INT	INT	FLOAT	STRING	INT	FLOAT	STRING	INT	FLOAT	STRING	INT	INT
id	name	level	type	type1	basedamage	info	pic	randomNum	targetnum	distance	damageParam1	targetnum2	distance2	damageParam2	energybean	bufferID1	bufferupvalue1	bufferID2	bufferupvalue2	bufferID3	bufferupvalue3	bufferSelfID1	bufferselfupvalue1	clearNegativeBuffer	cureShield	damagevalue	target	selecttarget1	selecttarget2	buffertarget	gridnum	damageup	basesliver	upsliver	addHp_per	suckEnergy_per	decHp_per	damage_level	damage_per	damage_fixed1	damage_fixed2	shield_per	buffer_percent	abnormal_type	abnormal_damagePer	isShowDamageDes	damageDes	damageShowType	damagesharetype	damagesharetimes	damage_m	damage_mup	damage_type1	damage_m1	damage_mup1	damage_type2	damage_m2	damage_mup2	damage_type3	damage_m3	damage_mup3	element	special_hit
1	豌豆射手攻击	1	1		100	对敌方单体造成伤害		-1	1	"1,0|2,0|3,0|4,0|5,0|6,0|7,0|8,0|9,0"		99			0	-1		-1		-1		-1			-1		1	-1	-1	1	0	1	500	500	-1	-1	-1	-1	-1	-1	-1	-1	-1		-1			-1		1													-1
13	菜问攻击	1	1		100	对敌方单体造成伤害		-1	1	"1,0"		99			0	-1		-1		-1		-1			-1		1	-1	-1	1	0	1	500	500	-1	-1	-1	-1	-1	-1	-1	-1	-1		-1			-1		1													-1
25	拍拍草攻击	1	1		100	对敌方单体造成伤害		-1	1	"1,0"		99			0	-1		-1		-1		-1			-1		1	-1	-1	1	0	1	500	500	-1	-1	-1	-1	-1	-1	-1	-1	-1		-1			-1		1													-1
37	向日葵攻击	1	1		100	对敌方单体造成伤害		-1	1	"1,0|2,0|3,0|4,0|5,0|6,0|7,0|8,0|9,0"		99			0	-1		-1		-1		-1			-1		1	-1	-1	1	0	1	500	500	-1	-1	-1	-1	-1	-1	-1	-1	-1		-1			-1		1													-1
49	玉米投手攻击	1	1		100	对敌方单体造成伤害		-1	1	"1,0|2,0|3,0|4,0|5,0|6,0|7,0|8,0|9,0"		99			0	-1		-1		-1		-1			-1		1	-1	-1	1	0	1	500	500	-1	-1	-1	-1	-1	-1	-1	-1	-1		-1			-1		1													-1
61	小辣椒攻击	1	1		100	对敌方单体造成伤害		-1	1	"1,0|2,0|3,0|4,0|5,0|6,0|7,0|8,0|9,0"		99			0	-1		-1		-1		-1			-1		1	-1	-1	1	0	1	500	500	-1	-1	-1	-1	-1	-1	-1	-1	-1		-1			-1		1													-1
73	小喷菇攻击	1	1		100	对敌方单体造成伤害		-1	1	"1,0|2,0|3,0|4,0|5,0|6,0|7,0|8,0|9,0"		99			0	-1		-1		-1		-1			-1		1	-1	-1	1	0	1	500	500	-1	-1	-1	-1	-1	-1	-1	-1	-1		-1			-1		1													-1
85	开心果攻击	1	1		100	对敌方单体造成伤害		-1	1	"1,0|2,0|3,0|4,0|5,0|6,0|7,0|8,0|9,0"		99			0	-1		-1		-1		-1			-1		1	-1	-1	1	0	1	500	500	-1	-1	-1	-1	-1	-1	-1	-1	-1		-1			-1		1													-1
97	地刺攻击	1	1		100	对敌方单体造成伤害		-1	1	"1,0"		99			0	-1		-1		-1		-1			-1		1	-1	-1	1	0	1	500	500	-1	-1	-1	-1	-1	-1	-1	-1	-1		-1			-1		1													-1
109	仙人球攻击	1	1		100	对敌方单体造成伤害		-1	1	"1,0|2,0|3,0|4,0|5,0|6,0|7,0|8,0|9,0"		99			0	-1		-1		-1		-1			-1		1	-1	-1	1	0	1	500	500	-1	-1	-1	-1	-1	-1	-1	-1	-1		-1			-1		1													-1
110	仙人球攻击	1	1		100	对敌方单体造成伤害		-1	1	"1,0|2,0|3,0|4,0|5,0|6,0|7,0|8,0|9,0"		99			0	-1		-1		-1		-1			-1		1	-1	3	1	0	1	500	500	-1	-1	-1	-1	-1	-1	-1	-1	-1		-1			-1		1													-1
121	坚果攻击	1	1		100	对敌方单体造成伤害		-1	1	"1,0"		99			0	-1		-1		-1		-1			-1		1	-1	-1	1	0	1	500	500	-1	-1	-1	-1	-1	-1	-1	-1	-1		-1			-1		1													-1
133	樱桃炸弹攻击	1	1		100	对敌方单体造成伤害		-1	1	"1,0"		99			0	-1		-1		-1		-1			-1		1	-1	-1	1	0	1	500	500	-1	-1	-1	-1	-1	-1	-1	-1	-1		-1			-1		1													-1
145	水滴射手攻击	1	1		100	对敌方单体造成伤害		-1	1	"1,0|2,0|3,0|4,0|5,0|6,0|7,0|8,0|9,0"		99			0	-1		-1		-1		-1			-1		1	-1	-1	1	0	1	500	500	-1	-1	-1	-1	-1	-1	-1	-1	-1		-1			-1		1													-1
157	瓜瓣投手攻击	1	1		100	对敌方单体造成伤害		-1	1	"1,0|2,0|3,0|4,0|5,0|6,0|7,0|8,0|9,0"		99			0	-1		-1		-1		-1			-1		1	-1	-1	1	0	1	500	500	-1	-1	-1	-1	-1	-1	-1	-1	-1		-1			-1		1													-1
169	萝卜攻击	1	1		100	对敌方单体造成伤害		-1	1	"1,0|2,0|3,0|4,0|5,0|6,0|7,0|8,0|9,0"		99			0	-1		-1		-1		-1			-1		1	-1	-1	1	0	1	500	500	-1	-1	-1	-1	-1	-1	-1	-1	-1		-1			-1		1													-1
181	老树桩攻击	1	1		100	对敌方单体造成伤害		-1	1	"1,0"		99			0	-1		-1		-1		-1			-1		1	-1	-1	1	0	1	500	500	-1	-1	-1	-1	-1	-1	-1	-1	-1		-1			-1		1													-1
184	火炬树桩攻击	1	1		100	对敌方单体造成伤害		-1	1	"1,0|2,0|3,0|4,0|5,0|6,0|7,0|8,0|9,0"		99			0	-1		-1		-1		-1			-1		1	-1	-1	1	0	1	500	500	-1	-1	-1	-1	-1	-1	-1	-1	-1		-1			-1		1													-1
193	椰子弹弓攻击	1	1		100	对敌方单体造成伤害		-1	1	"1,0|2,0|3,0|4,0|5,0|6,0|7,0|8,0|9,0"		99			0	-1		-1		-1		-1			-1		1	-1	-1	1	0	1	500	500	-1	-1	-1	-1	-1	-1	-1	-1	-1		-1			-1		1													-1
205	蜥蜴草攻击	1	1		100	对敌方单体造成伤害		-1	1	"1,0|2,0|3,0|4,0|5,0|6,0|7,0|8,0|9,0"		99			0	-1		-1		-1		-1			-1		1	-1	-1	1	0	1	500	500	-1	-1	-1	-1	-1	-1	-1	-1	-1		-1			-1		1													-1
217	暴躁菇攻击	1	1		100	对敌方单体造成伤害		-1	1	"1,0|2,0|3,0|4,0|5,0|6,0|7,0|8,0|9,0"		99			0	-1		-1		-1		-1			-1		1	-1	-1	1	0	1	500	500	-1	-1	-1	-1	-1	-1	-1	-1	-1		-1			-1		1													-1
229	三叶草攻击	1	1		100	对敌方单体造成伤害		-1	1	"1,0|2,0|3,0|4,0|5,0|6,0|7,0|8,0|9,0"		99			0	-1		-1		-1		-1			-1		1	-1	-1	1	0	1	500	500	-1	-1	-1	-1	-1	-1	-1	-1	-1		-1			-1		1													-1
241	飞盘射手攻击	1	1		100	对敌方单体造成伤害		-1	1	"1,0|2,0|3,0|4,0|5,0|6,0|7,0|8,0|9,0"		99			0	-1		-1		-1		-1			-1		1	-1	-1	1	0	1	500	500	-1	-1	-1	-1	-1	-1	-1	-1	-1		-1			-1		1													-1
244	回旋镖射手攻击	1	1		100	对敌方单体造成伤害		-1	1	"1,0|2,0|3,0|4,0|5,0|6,0|7,0|8,0|9,0"		99			0	-1		-1		-1		-1			-1		1	-1	-1	1	0	1	500	500	-1	-1	-1	-1	-1	-1	-1	-1	-1		-1			-1		1													-1
253	小狗尾草攻击	1	1		100	对敌方单体造成伤害		-1	1	"1,0|2,0|3,0|4,0|5,0|6,0|7,0|8,0|9,0"		99			0	-1		-1		-1		-1			-1		1	-1	-1	1	0	1	500	500	-1	-1	-1	-1	-1	-1	-1	-1	-1		-1			-1		1													-1
265	冰川菇攻击	1	1		100	对敌方单体造成伤害		-1	1	"1,0"		99			0	-1		-1		-1		-1			-1		1	-1	-1	1	0	1	500	500	-1	-1	-1	-1	-1	-1	-1	-1	-1		-1			-1		1													-1
277	豌豆荚攻击	1	1		100	对敌方单体造成伤害		-1	1	"1,0|2,0|3,0|4,0|5,0|6,0|7,0|8,0|9,0"		99			0	-1		-1		-1		-1			-1		1	-1	-1	1	0	1	500	500	-1	-1	-1	-1	-1	-1	-1	-1	-1		-1			-1		1													-1
302	闪电家族攻击	1	1		100	对敌方单体造成伤害		-1	1	"1,0|2,0|3,0|4,0|5,0|6,0|7,0|8,0|9,0"		99			0	-1		-1		-1		-1			-1		1	-1	-1	1	0	1	500	500	-1	-1	-1	-1	-1	-1	-1	-1	-1		-1			-1		1													-1
10001	金盏花攻击	1	1		100	攻击正前方2格内距离自身最近1个敌人		-1	1	"1,0|2,0"		99			0	-1		-1		-1		-1			-1		1	-1	-1	1	0	1	500	500	-1	-1	-1	-1	-1	-1	-1	-1	-1		-1			-1		1													-1
10002	金盏花大招	1	1		100	攻击本行最近的敌人		-1	99			99			0	-1		-1		-1		-1			-1		1	-1	-1	1	0	1	500	500	-1	-1	-1	-1	-1	-1	-1	-1	-1		-1			-1		1													-1
5001	快速射击	1	1	1	160	喷射一连串的豌豆攻击本行最近的一个敌人	5004	-1	1	"1,0|2,0|3,0|4,0|5,0|6,0|7,0|8,0|9,0"		99			1	-1		-1		-1		-1			-1		1	-1	-1	1	0	1	500	500	-1	-1	-1	-1	-1	-1	-1	-1	-1		-1		额外提升%.0f点攻击力	-1		1	480	480											-1
5004	急速射击	1	1	1	160	喷射一连串的豌豆攻击本行最近的一个敌人	5004	-1	1	"1,0|2,0|3,0|4,0|5,0|6,0|7,0|8,0|9,0"		99			1	-1		-1		-1		-1			-1		1	-1	-1	1	0	2	500	500	-1	-1	-1	-1	-1	-1	-1	-1	-1		-1		额外提升%.0f点攻击力	-1		1	480	480											-1
5008	疯狂射击	1	1	1	160	喷射一连串的豌豆攻击本行最近的一个敌人	5004	-1	1	"1,0|2,0|3,0|4,0|5,0|6,0|7,0|8,0|9,0"		99			1	-1		-1		-1		-1			-1		1	-1	-1	1	0	3	500	500	-1	-1	-1	-1	-1	-1	-1	-1	-1		-1		额外提升%.0f点攻击力	-1		1	480	480											-1
5013	大力重拳	1	6	1	120	前冲到本行最近的一个敌人前，攻击该敌人	5016	-1	1	"1,0|2,0|3,0|4,0|5,0|6,0|7,0|8,0|9,0"		99			1	-1		-1		-1		-1			-1		1	-1	-1	1	0	1	500	500	-1	-1	-1	-1	-1	-1	-1	-1	-1		-1		额外提升%.0f点攻击力	-1		1	320	320											-1
5016	急速狂拳	1	6	1	120	前冲到本行最近的一个敌人前，攻击该敌人	5016	-1	1	"1,0|2,0|3,0|4,0|5,0|6,0|7,0|8,0|9,0"		7	"2,1|1,1|0,1|0,0|2,-1|1,-1|0,-1"		1	-1		-1		-1		-1			-1		1	-1	-1	1	0	2	500	500	-1	-1	-1	-1	-1	-1	-1	-1	-1		-1		额外提升%.0f点攻击力	-1		1	320	320											-1
5020	气功波	1	1	1	120	前冲到本行最近的一个敌人前，攻击该敌人	5016	-1	1	"1,0|2,0|3,0|4,0|5,0|6,0|7,0|8,0|9,0"		99			1	-1		-1		-1		-1			-1		1	-1	-1	1	0	3	500	500	-1	-1	-1	-1	-1	-1	-1	-1	-1		-1		额外提升%.0f点攻击力	-1		1	320	320											-1
5025	变异蝇拍	1	6	1	160	前冲到本行最近的一个敌人前，攻击该敌人	5028	-1	1	"1,0|2,0|3,0|4,0|5,0|6,0|7,0|8,0|9,0"		99			1	-1		-1		-1		-1			-1		1	-1	-1	1	0	1	500	500	-1	-1	-1	-1	-1	-1	-1	-1	-1		-1		额外提升%.0f点攻击力	-1		1	450	450											-1
5028	汲血吞噬	1	6	1	160	前冲到本行最近的一个敌人前，攻击该敌人，并把伤害的50%转化为自己生命值	5028	-1	1	"1,0|2,0|3,0|4,0|5,0|6,0|7,0|8,0|9,0"		99			1	-1		-1		-1		-1			-1		1	-1	-1	1	0	2	500	500	50	-1	-1	-1	-1	-1	-1	-1	-1		-1		额外提升%.0f点攻击力	-1		1	450	450											-1
5032	吸血电锯	1	6	1	160	前冲到本行最近的一个敌人前，攻击该敌人，并把伤害的50%转化为自己生命值	5028	-1	1	"1,0|2,0|3,0|4,0|5,0|6,0|7,0|8,0|9,0"		99			1	-1		-1		-1		-1			1		1	-1	-1	1	0	3	500	500	50	-1	-1	-1	-1	-1	-1	-1	-1		-1		额外提升%.0f点攻击力	-1		1	450	450											-1
5037	初级治疗	1	2	1	100	治疗己方所有植物	5044	-1	99			99			1	-1		-1		-1		-1			1		2	-1	-1	2	0	1	500	500	-1	-1	-1	-1	-1	-1	-1	-1	-1		-1		额外提升%.0f点治疗效果	-1		1	211	211											-1
5040	中级治疗	1	2	1	100	治疗己方所有植物	5044	-1	99			99			1	-1		-1		-1		-1			1		2	-1	-1	2	0	2	500	500	-1	-1	-1	-1	-1	-1	-1	-1	-1		-1		额外提升%.0f点治疗效果	-1		1	211	211											-1
5044	光合作用	1	2	1	100	治疗己方所有植物	5044	-1	99			99			1	-1		-1		-1		-1			-1		2	-1	-1	2	0	3	500	500	-1	-1	-1	-1	-1	-1	-1	-1	-1		-1		额外提升%.0f点治疗效果	-1		1	211	211											-1
5049	黏性黄油	1	1	1	158	攻击本行距离最近的一个敌人，并有几率黏住，低于技能等级的敌人必中	5052	-1	1	"1,0|2,0|3,0|4,0|5,0|6,0|7,0|8,0|9,0"		99			1	110105		-1		-1		-1			-1		1	-1	-1	1	0	1	500	500	-1	-1	-1	-1	-1	-1	-1	-1	30		-1		额外提升%.0f点攻击力	-1		1	320	320											-1
5052	超级黄油	1	1	1	158	攻击本行距离最近的两个敌人，并有几率黏住，低于技能等级的敌人必中	5052	-1	2	"1,0|2,0|3,0|4,0|5,0|6,0|7,0|8,0|9,0"		99			1	110105		-1		-1		-1			-1		1	-1	-1	1	0	2	500	500	-1	-1	-1	-1	-1	-1	-1	-1	30		-1		额外提升%.0f点攻击力	-1		1	320	320											-1
5056	爆裂玉米	1	1	1	158	攻击本行距离最近的两个敌人，并有几率黏住，低于技能等级的敌人必中	5052	-1	2	"1,0|2,0|3,0|4,0|5,0|6,0|7,0|8,0|9,0"		99			1	110105		-1		-1		-1			-1		1	-1	-1	1	0	3	500	500	-1	-1	-1	-1	-1	-1	-1	-1	30		-1		额外提升%.0f点攻击力	-1		1	320	320											-1
5061	燃烧火雨	1	1	1	158	贯穿攻击本行所有敌人	5064	-1	9	"1,0|2,0|3,0|4,0|5,0|6,0|7,0|8,0|9,0"		99			1	-1		-1		-1		-1			-1		1	-1	-1	1	0	1	500	500	-1	-1	-1	-1	-1	-1	-1	-1	-1		-1		额外提升%.0f点攻击力	-1		1	310	310											-1
5064	火焰冲击	1	1	1	158	贯穿攻击本行所有敌人，并且使对方进入灼烧状态，持续受到伤害	5064	-1	9	"1,0|2,0|3,0|4,0|5,0|6,0|7,0|8,0|9,0"		99			1	110309		-1		-1		-1			-1		1	-1	-1	1	0	2	500	500	-1	-1	-1	-1	-1	-1	-1	-1	-1		-1		额外提升%.0f点攻击力	-1		1	310	310											-1
5068	烈焰风暴	1	1	1	158	贯穿攻击本行所有敌人，并且使对方进入灼烧状态，持续受到伤害	5064	-1	9	"1,0|2,0|3,0|4,0|5,0|6,0|7,0|8,0|9,0"		99			1	110309		-1		-1		-1			-1		1	-1	-1	1	0	3	500	500	-1	-1	-1	-1	-1	-1	-1	-1	-1		-1		额外提升%.0f点攻击力	-1		1	310	310											-1
5073	透体喷射	1	1	1	140	攻击本行所有敌人	5076	-1	9	"1,0|2,0|3,0|4,0|5,0|6,0|7,0|8,0|9,0"		99			1	-1		-1		-1		-1			-1		1	-1	-1	1	0	1	500	500	-1	-1	-1	-1	-1	-1	-1	-1	-1		-1		额外提升%.0f点攻击力	-1		1	290	290											-1
5076	粹毒喷射	1	1	1	140	攻击本行所有敌人，并且使对方进入中毒状态，持续受到伤害	5076	-1	9	"1,0|2,0|3,0|4,0|5,0|6,0|7,0|8,0|9,0"		99			1	110309		-1		-1		-1			-1		1	-1	-1	1	0	2	500	500	-1	-1	-1	-1	-1	-1	-1	-1	-1		-1		额外提升%.0f点攻击力	-1		1	290	290											-1
5080	破甲猛射	1	1	1	140	攻击本行所有敌人，并且使对方进入中毒状态，持续受到伤害	5076	-1	9	"1,0|2,0|3,0|4,0|5,0|6,0|7,0|8,0|9,0"		99			1	110309		110273		-1		-1			-1		1	-1	-1	1	0	3	500	500	-1	-1	-1	-1	-1	-1	-1	-1	-1		-1		额外提升%.0f点攻击力	-1		1	290	290											-1
5085	初级愈合	1	2	1	100	对己方全体植物持续缓慢治愈，治愈3回合	5088	-1	99			99			1	400262		-1		-1		-1			-1		2	-1	-1	2	0	1	500	500	-1	-1	-1	-1	-1	-1	-1	-1	-1		-1		额外提升%.0f点治疗效果	400262		1	211	211											-1
5088	中级愈合	1	2	1	100	对己方全体植物持续缓慢治愈，治愈3回合	5088	-1	99			99			1	400262		-1		-1		-1			-1		2	-1	-1	2	0	2	500	500	-1	-1	-1	-1	-1	-1	-1	-1	-1		-1		额外提升%.0f点治疗效果	400262		1	211	211											-1
5092	高级愈合	1	2	1	100	对己方全体植物持续缓慢治愈，治愈3回合	5088	-1	99			99			1	400262		-1		-1		-1			-1		2	-1	-1	2	0	3	500	500	-1	-1	-1	-1	-1	-1	-1	-1	-1		-1		额外提升%.0f点治疗效果	400262		1	211	211											-1
5097	潜伏尖刺	1	1	1	0	攻击本行所有敌人	5100	-1	9	"1,0|2,0|3,0|4,0|5,0|6,0|7,0|8,0|9,0"		99			1	-1		-1		-1		-1			-1		1	-1	-1	1	0	1	500	500	-1	-1	-1	-1	-1	-1	-1	-1	-1		-1		额外提升%.0f点攻击力	-1		1	950	950											-1
5100	潜伏钢刺	1	1	1	0	攻击本行所有敌人，对异常状态的敌人额外造成100%的伤害	5100	-1	9	"1,0|2,0|3,0|4,0|5,0|6,0|7,0|8,0|9,0"		99			1	-1		-1		-1		-1			-1		1	-1	-1	1	0	2	500	500	-1	-1	-1	-1	-1	-1	-1	-1	-1		100		额外提升%.0f点攻击力	-1		1	950	950											-1
5104	破土晶刺	1	1	1	0	攻击本行所有敌人，对异常状态的敌人额外造成100%的伤害	5100	-1	9	"1,0|2,0|3,0|4,0|5,0|6,0|7,0|8,0|9,0"		99			1	-1		-1		-1		-1			-1		1	-1	-1	1	0	3	500	500	-1	-1	-1	-1	-1	-1	-1	-1	-1		100		额外提升%.0f点攻击力	-1		1	950	950											-1
5109	弱点感知	1	1	1	180	攻击最脆弱的敌人，对30%血量以下目标造成2倍伤害	5112	-1	1			1			1	-1		-1		-1		-1			-1		1	-1	3	1	0	4	500	500	-1	-1	-1	-1	30	1	2	-1	-1		-1		额外提升%.0f点攻击力	-1		1	580	580											-1
5112	弱点探测	1	1	1	180	攻击最脆弱的敌人，对40%血量以下目标造成2倍伤害	5112	-1	1			1			1	-1		-1		-1		-1			-1		1	-1	3	1	0	1	500	500	-1	-1	-1	-1	40	1	2	-1	-1		-1		额外提升%.0f点攻击力	-1		1	580	580											-1
5116	弱点扫描	1	1	1	180	攻击最脆弱的敌人，对40%血量以下目标造成3倍伤害	5112	-1	1			1			1	-1		-1		-1		-1			-1		1	-1	3	1	0	3	500	500	-1	-1	-1	-1	40	1	3	-1	-1		-1		额外提升%.0f点攻击力	-1		1	580	580											-1
5121	强袭装甲	1	2	1	0	为自身增加一个钢铁护罩	5124	-1	1	"0,0"		99			1	-1		-1		-1		-1			-1		2	-1	-1	2	0	1	500	500	-1	-1	-1	-1	-1	-1	-1	20	-1		-1		恢复%.0f点生命值并为自己增加一个护罩	-1		1	360	360											-1
5124	守护盔甲	1	2	1	0	为自身增加一个钢铁护罩	5124	-1	1	"0,0"		99			1	-1		-1		-1		-1			-1		2	-1	-1	2	0	2	500	500	-1	-1	-1	-1	-1	-1	-1	30	-1		-1		恢复%.0f点生命值并为自己增加一个护罩	-1		1	360	360											-1
5128	无敌神甲	1	2	1	0	为自身增加一个全息护罩	5124	-1	1	"0,0"		99			1	400260		-1		-1		-1			-1		2	-1	-1	2	0	3	500	500	-1	-1	-1	-1	-1	-1	-1	40	-1		-1		恢复%.0f点生命值并为自己增加一个护罩	-1		1	360	360											-1
5133	空雷诱爆	1	6	1	158	前冲到本行最近的一个敌人前，爆炸攻击自己周围8格	5136	-1	1	"1,0|2,0|3,0|4,0|5,0|6,0|7,0|8,0|9,0"		7	"1,1|1,-1|0,1|0,0|0,-1|-1,1|-1,0|-1,-1|"		1	-1		-1		-1		-1			-1		1	-1	-1	1	0	1	500	500	-1	-1	-1	-1	-1	-1	-1	-1	-1		-1		额外提升%.0f点攻击力	-1		1	315	315											-1
5136	空中巨爆	1	6	1	158	前冲到本行最近的一个敌人前，爆炸攻击自己周围8格	5136	-1	1	"1,0|2,0|3,0|4,0|5,0|6,0|7,0|8,0|9,0"		7	"1,1|1,-1|0,1|0,0|0,-1|-1,1|-1,0|-1,-1|"		1	-1		-1		-1		-1			-1		1	-1	-1	1	0	2	500	500	-1	-1	-1	-1	-1	-1	-1	-1	-1		-1		额外提升%.0f点攻击力	-1		1	315	315											-1
5140	毁灭巨爆	1	6	1	158	前冲到本行最近的一个敌人前，爆炸攻击自己周围8格	5136	-1	1	"1,0|2,0|3,0|4,0|5,0|6,0|7,0|8,0|9,0"		7	"1,1|1,-1|0,1|0,0|0,-1|-1,1|-1,0|-1,-1|"		1	-1		-1		-1		-1			-1		1	-1	-1	1	0	3	500	500	-1	-1	-1	-1	-1	-1	-1	-1	-1		-1		额外提升%.0f点攻击力	-1		1	315	315											-1
5145	水连珠	1	1	1	140	攻击本行距离自己最近的一个敌人	5148	-1	1	"1,0|2,0|3,0|4,0|5,0|6,0|7,0|8,0|9,0"		99			1	-1		-1		-1		-1			-1		1	-1	-1	1	0	1	500	500	-1	-1	-1	-1	-1	-1	-1	-1	50		-1		额外提升%.0f点攻击力	-1		1	460	460											-1
5148	冰豆豆	1	1	1	140	攻击本行所有目标，并有几率冰冻目标，低于技能等级的敌人必中	5148	-1	9	"1,0|2,0|3,0|4,0|5,0|6,0|7,0|8,0|9,0"		99			1	10028001		-1		-1		-1			-1		1	-1	-1	1	0	2	500	500	-1	-1	-1	-1	-1	-1	-1	-1	50		-1		额外提升%.0f点攻击力	-1		1	460	460											-1
5152	寒冰箭	1	1	1	140	攻击本行所有目标，并有几率冰冻目标，低于技能等级的敌人必中	5148	-1	9	"1,0|2,0|3,0|4,0|5,0|6,0|7,0|8,0|9,0"		99			1	10028001		-1		-1		-1			-1		1	-1	-1	1	0	3	500	500	-1	-1	-1	-1	-1	-1	-1	-1	50		-1		额外提升%.0f点攻击力	-1		1	460	460											-1
5157	小刚炮	1	8	1	158	抛出4颗炮弹攻击随机敌人	5160	4	4			99			1	-1		-1		-1		-1			-1		1	-1	-1	1	0	1	500	500	-1	-1	-1	-1	-1	-1	-1	-1	-1		-1		额外提升%.0f点攻击力	-1		1	378	378											-1
5160	迫击炮	1	8	1	158	抛出6颗炮弹攻击随机敌人	5160	6	6			99			1	-1		-1		-1		-1			-1		1	-1	-1	1	0	2	500	500	-1	-1	-1	-1	-1	-1	-1	-1	-1		-1		额外提升%.0f点攻击力	-1		1	378	378											-1
5164	镭射炮	1	8	1	158	抛出6颗炮弹攻击随机敌人	5160	6	6			99			1	-1		-1		-1		-1			-1		1	-1	-1	1	0	3	500	500	-1	-1	-1	-1	-1	-1	-1	-1	-1		-1		额外提升%.0f点攻击力	-1		1	378	378											-1
5169	治疗之手	1	2	1	120	治疗己方所有植物，并且增加一个持续回血的护盾	5172	-1	99			99			1	400263		-1		-1		-1			-1		2	-1	-1	2	0	1	500	500	-1	-1	-1	-1	-1	-1	-1	-1	-1		-1		额外提升%.0f点治疗效果	400263		1	253	253											-1
5172	治疗之环	1	2	1	120	治疗己方所有植物，并且增加一个持续回血的护盾	5172	-1	99			99			1	400263		-1		-1		-1			-1		2	-1	-1	2	0	2	500	500	-1	-1	-1	-1	-1	-1	-1	-1	-1		-1		额外提升%.0f点治疗效果	400263		1	253	253											-1
5176	治疗祷言	1	2	1	120	治疗己方所有植物，并且增加一个持续回血的护盾	5172	-1	99			99			1	400263		-1		-1		-1			-1		2	-1	-1	2	0	3	500	500	-1	-1	-1	-1	-1	-1	-1	-1	-1		-1		额外提升%.0f点治疗效果	400263		1	253	253											-1
5181	强力一击	1	1	1	0	攻击本行最近的一名目标	5184	-1	1	"1,0|2,0|3,0|4,0|5,0|6,0|7,0|8,0|9,0"		99			1	-1		-1		-1		-1			-1		1	-1	-1	1	0	1	500	500	-1	-1	-1	-1	-1	-1	-1	-1	-1		-1		额外提升%.0f点攻击力	-1		1	527	527											-1
5184	巨大冲击	1	6	1	0	攻击本行最近的目标及其周围8格	5184	-1	1	"1,0|2,0|3,0|4,0|5,0|6,0|7,0|8,0|9,0"		99	"0,1|-1,1|1,1|-1,0|0,0|1,0|-1,-1|0,-1|1,-1"		1	-1		-1		-1		-1			-1		1	-1	-1	1	0	1	500	500	-1	-1	-1	-1	-1	-1	-1	-1	-1		-1		额外提升%.0f点攻击力	-1		1	527	527											-1
5188	鬼火怒击	1	6	1	0	攻击本行最近的目标及其周围8格	5184	-1	1	"1,0|2,0|3,0|4,0|5,0|6,0|7,0|8,0|9,0"		99	"0,1|-1,1|1,1|-1,0|0,0|1,0|-1,-1|0,-1|1,-1"		1	-1		-1		-1		-1			-1		1	-1	-1	1	0	1	500	500	-1	-1	-1	-1	-1	-1	-1	-1	-1		-1		额外提升%.0f点攻击力	-1		1	527	527											-1
5193	椰子弹射	1	1	1	158	攻击所在行所有目标	5196	-1	9	"1,0|2,0|3,0|4,0|5,0|6,0|7,0|8,0|9,0"		99			1	-1		-1		-1		-1			-1		1	-1	-1	1	0	1	500	500	-1	-1	-1	-1	-1	-1	-1	-1	-1		-1		额外提升%.0f点攻击力	-1		1	370	370											-1
5196	火炮齐射	1	1	1	158	攻击所在行所有目标	5196	-1	9	"1,0|2,0|3,0|4,0|5,0|6,0|7,0|8,0|9,0"		99			1	-1		-1		-1		-1			-1		1	-1	-1	-1	0	1	500	500	-1	-1	-1	-1	-1	-1	-1	-1	-1		-1		额外提升%.0f点攻击力	-1		1	370	370											-1
5200	定点爆破	1	1	1	158	攻击所在行所有目标	5196	-1	9	"1,0|2,0|3,0|4,0|5,0|6,0|7,0|8,0|9,0"		99			1	-1		-1		-1		-1			-1		1	-1	-1	1	0	1	500	500	-1	-1	-1	-1	-1	-1	-1	-1	-1		-1		额外提升%.0f点攻击力	-1		1	370	370											-1
5205	长舌卷击	1	6	1	158	攻击本行最近的一列目标	5208	-1	1	"1,0|2,0|3,0|4,0|5,0|6,0|7,0|8,0|9,0"		3	"0,0|0,1|0,-1"		1	-1		-1		-1		-1			-1		1	-1	-1	1	0	1	500	500	-1	-1	-1	-1	-1	-1	-1	-1	-1		-1		额外提升%.0f点攻击力	-1		1	365	365											-1
5208	火龙喷射	1	6	1	158	冲到本行最近的一个敌人前，喷火攻击前方9格目标	5208	-1	1	"1,0|2,0|3,0|4,0|5,0|6,0|7,0|8,0|9,0"		9	"0,1|-1,1|-2,1|0,0|-1,0|-2,0|0,-1|-1,-1|-2,-1"		1	-1		-1		-1		-1			-1		1	-1	-1	1	0	3	500	500	-1	-1	-1	-1	-1	-1	-1	-1	-1		-1		额外提升%.0f点攻击力	-1		1	365	365											-1
5212	冰火喷射	1	6	1	158	冲到本行最近的一个敌人前，喷火和冰冻攻击前方9格目标	5208	-1	1	"1,0|2,0|3,0|4,0|5,0|6,0|7,0|8,0|9,0"		9	"0,1|-1,1|-2,1|0,0|-1,0|-2,0|0,-1|-1,-1|-2,-1"		1	-1		-1		-1		-1			-1		1	-1	-1	1	0	3	500	500	-1	-1	-1	-1	-1	-1	-1	-1	-1		-1		额外提升%.0f点攻击力	-1		1	365	365											-1
5217	狂暴炸裂	1	6	1	158	对自己周围8格范围内敌人造成巨大伤害	5220	-1	1	"1,0|2,0|3,0|4,0|5,0|6,0|7,0|8,0|9,0"		7	"1,1|1,-1|0,1|0,0|0,-1|-1,1|-1,0|-1,-1|"		1	-1		-1		-1		-1			-1		1	-1	-1	1	0	1	500	500	-1	-1	-1	-1	-1	-1	-1	-1	-1		-1		额外提升%.0f点攻击力	-1		1	350	350											-1
5220	末日炸裂	1	6	1	158	对自己周围8格范围内敌人造成巨大伤害	5220	-1	1	"1,0|2,0|3,0|4,0|5,0|6,0|7,0|8,0|9,0"		7	"1,1|1,-1|0,1|0,0|0,-1|-1,1|-1,0|-1,-1|"		1	-1		-1		-1		-1			-1		1	-1	-1	1	0	1	500	500	-1	-1	-1	-1	-1	-1	-1	-1	-1		-1		额外提升%.0f点攻击力	-1		1	350	350											-1
5224	末日核弹	1	6	1	158	对自己周围8格范围内敌人造成巨大伤害	5220	-1	1	"1,0|2,0|3,0|4,0|5,0|6,0|7,0|8,0|9,0"		7	"1,1|1,-1|0,1|0,0|0,-1|-1,1|-1,0|-1,-1|"		1	-1		-1		-1		-1			-1		1	-1	-1	1	0	1	500	500	-1	-1	-1	-1	-1	-1	-1	-1	-1		-1		额外提升%.0f点攻击力	-1		1	350	350											-1
5229	回卷刀风	1	1	1	135	攻击所有敌人	5232	-1	99			99			1	-1		-1		-1		-1			-1		1	-1	-1	1	0	1	500	500	-1	-1	-1	-1	-1	-1	-1	-1	-1		-1		额外提升%.0f点攻击力	-1		1	270	270											-1
5232	龙卷风	1	1	1	135	攻击所有敌人	5232	-1	99			99			1	-1		-1		-1		-1			-1		1	-1	-1	1	0	1	500	500	-1	-1	-1	-1	-1	-1	-1	-1	-1		-1		额外提升%.0f点攻击力	-1		1	270	270											-1
5236	大漩涡	1	1	1	135	攻击所有敌人	5232	-1	99			99			1	-1		-1		-1		-1			-1		1	-1	-1	1	0	1	500	500	-1	-1	-1	-1	-1	-1	-1	-1	-1		-1		额外提升%.0f点攻击力	-1		1	270	270											-1
5241	飞盘穿击	1	1	1	120	攻击本行所有目标	5244	-1	99	"1,0|2,0|3,0|4,0|5,0|6,0|7,0|8,0|9,0"		99			1	-1		-1		-1		-1			-1		1	-1	-1	1	0	1	500	500	-1	-1	-1	-1	-1	-1	-1	-1	-1		-1		额外提升%.0f点攻击力	-1		1	256	256											-1
5244	回旋飞镖	1	1	1	120	攻击自己面前3路的所有目标	5244	-1	99	"1,0|2,0|3,0|4,0|5,0|6,0|7,0|8,0|9,0|0,1|1,1|2,1|3,1|4,1|5,1|6,1|7,1|8,1|9,1|0,-1|1,-1|2,-1|3,-1|4,-1|5,-1|6,-1|7,-1|8,-1|9,-1"		99			1	-1		-1		-1		-1			-1		1	-1	-1	1	0	1	500	500	-1	-1	-1	-1	-1	-1	-1	-1	-1		-1		额外提升%.0f点攻击力	-1		1	256	256											-1
5248	锤子风暴	1	1	1	120	攻击正前3行敌人	5244	-1	99	"1,0|2,0|3,0|4,0|5,0|6,0|7,0|8,0|9,0|0,1|1,1|2,1|3,1|4,1|5,1|6,1|7,1|8,1|9,1|0,-1|1,-1|2,-1|3,-1|4,-1|5,-1|6,-1|7,-1|8,-1|9,-1"		99			1	-1		-1		-1		-1			-1		1	-1	-1	1	0	1	500	500	-1	-1	-1	-1	-1	-1	-1	-1	-1		-1		额外提升%.0f点攻击力	-1		1	256	256											-1
5253	感知弱点	1	1	1	0	攻击敌方生命最低的单位	5256	-1	1			1			1	-1		-1		-1		-1			-1		1	-1	3	1	0	1	500	500	-1	-1	-1	-1	-1	-1	-1	-1	-1		-1		额外提升%.0f点攻击力	-1		1	100	50											-1
5256	扫描伤口	1	1	1	0	攻击敌方生命最低的单位	5256	-1	1			1			1	-1		-1		-1		-1			-1		1	-1	3	1	0	1	500	500	-1	-1	-1	-1	-1	-1	-1	-1	-1		-1		额外提升%.0f点攻击力	-1		1	100	50											-1
5260	致命一击	1	8	1	0	随机攻击敌方三个目标	5256	3	3			99			1	-1		-1		-1		-1			-1		1	-1	-1	1	0	1	500	500	-1	-1	-1	-1	-1	-1	-1	-1	-1		-1		额外提升%.0f点攻击力	-1		1	100	50											-1
5265	白雪菇技能	1	2		135	最高攻击力的火元素单位血量恢复		-1	1			99			1	-1		-1		-1		-1			-1		2	-1	3	2	0	1	500	500	-1	-1	-1	-1	-1	-1	-1	-1	-1		-1		额外提升%.0f点攻击力	-1		1	295	295											-1
5268	寒霜菇技能	1	1		135	攻击所有敌方		-1	99			99			1	-1		-1		-1		-1			-1		2	-1	3	2	0	1	500	500	-1	-1	-1	-1	-1	-1	-1	-1	-1		-1		额外提升%.0f点攻击力	-1		1	295	295											-1
5272	冰川菇技能	1	1		135	所有敌方防御力降低		-1	99			99			1	-1		-1		-1		-1			-1		1	-1	-1	1	0	1	500	500	-1	-1	-1	-1	-1	-1	-1	-1	-1		-1		额外提升%.0f点攻击力	-1		1	295	295											-1
5277	豌豆荚技能	1	1		0	提升攻击力最高者及其周围单位的攻击力		-1	9	"0,1|0,-1|1,1|1,0|1,-1|-1,1|-1,0|-1,-1|0,0"		99			1	-1		-1		-1		-1			-1		1	-1	-1	1	0	1	500	500	-1	-1	-1	-1	-1	-1	-1	-1	-1		-1		额外提升%.0f点攻击力	-1		1	180	180											-1
5280	三发豌豆荚技能	1	1		0	火焰变蓝色，加成提升		-1	1	"0,0"		99			1	-1		-1		-1		-1			-1		1	-1	-1	1	0	1	500	500	-1	-1	-1	-1	-1	-1	-1	-1	-1		-1		额外提升%.0f点攻击力	-1		1	180	180											-1
5284	五发豌豆荚技能	1	1		0	冰冻所有敌方目标		-1	99			99			1	110001		-1		-1		-1			-1		2	-1	-1	2	0	1	500	500	-1	-1	-1	-1	-1	-1	-1	-1	-1		-1		额外提升%.0f点攻击力	-1		1	180	180											-1
5285	连锁闪电	1	6		158	攻击正前方的敌人，并溅射其周围4格	5286	-1	1	"1,0|2,0|3,0|4,0|5,0|6,0|7,0|8,0|9,0"		5	"0,0|0,1|0,-1|-1,0|1,0"		1	-1		-1		-1		-1			-1		1	-1	-1	1	0	2	500	500	-1	-1	-1	-1	-1	-1	-1	-1	-1		-1		额外提升%.0f点攻击力	-1		1	390	390											-1
5286	连锁闪电	1	6		158	攻击正前方的敌人，并溅射其周围4格	5286	-1	1	"1,0|2,0|3,0|4,0|5,0|6,0|7,0|8,0|9,0"		5	"0,0|0,1|0,-1|-1,0|1,0"		1	-1		-1		-1		-1			-1		1	-1	-1	1	0	2	500	500	-1	-1	-1	-1	-1	-1	-1	-1	-1		-1		额外提升%.0f点攻击力	-1		1	390	390											-1
5287	连锁闪电	1	6		158	攻击正前方的敌人，并溅射其周围4格	5286	-1	1	"1,0|2,0|3,0|4,0|5,0|6,0|7,0|8,0|9,0"		5	"0,0|0,1|0,-1|-1,0|1,0"		1	-1		-1		-1		-1			-1		1	-1	-1	1	0	2	500	500	-1	-1	-1	-1	-1	-1	-1	-1	-1		-1		额外提升%.0f点攻击力	-1		1	390	390											-1
																																				-1														1													-1
1001	豌豆射手攻击	1	1		135	对敌方单体造成伤害		-1	1	"1,0|2,0|3,0|4,0|5,0|6,0|7,0|8,0|9,0"		99			0	-1		-1		-1		-1			-1		1	-1	-1	1	0	1	500	500	-1	-1	-1	-1	-1	-1	-1	-1	-1		-1			-1		1													-1
1013	菜问攻击	1	1		135	对敌方单体造成伤害		-1	1	"1,0"		99			0	-1		-1		-1		-1			-1		1	-1	-1	1	0	1	500	500	-1	-1	-1	-1	-1	-1	-1	-1	-1		-1			-1		1													-1
1025	拍拍草攻击	1	1		0	对敌方单体造成伤害		-1	1	"1,0"		99			0	-1		-1		-1		-1			-1		1	-1	-1	1	0	1	500	500	-1	-1	-1	-1	-1	-1	-1	-1	-1		-1			-1		1													-1
1037	向日葵攻击	1	1		0	对敌方单体造成伤害		-1	1	"1,0|2,0|3,0|4,0|5,0|6,0|7,0|8,0|9,0"		99			0	-1		-1		-1		-1			-1		1	-1	-1	1	0	1	500	500	-1	-1	-1	-1	-1	-1	-1	-1	-1		-1			-1		1													-1
1049	玉米投手攻击	1	1		0	对敌方单体造成伤害		-1	1	"1,0|2,0|3,0|4,0|5,0|6,0|7,0|8,0|9,0"		99			0	-1		-1		-1		-1			-1		1	-1	-1	1	0	1	500	500	-1	-1	-1	-1	-1	-1	-1	-1	-1		-1			-1		1													-1
1061	小辣椒攻击	1	1		0	对敌方单体造成伤害		-1	1	"1,0|2,0|3,0|4,0|5,0|6,0|7,0|8,0|9,0"		99			0	-1		-1		-1		-1			-1		1	-1	-1	1	0	1	500	500	-1	-1	-1	-1	-1	-1	-1	-1	-1		-1			-1		1												1	-1
1073	小喷菇攻击	1	1		0	对敌方单体造成伤害		-1	1	"1,0|2,0|3,0|4,0|5,0|6,0|7,0|8,0|9,0"		99			0	-1		-1		-1		-1			-1		1	-1	-1	1	0	1	500	500	-1	-1	-1	-1	-1	-1	-1	-1	-1		-1			-1		1													-1
1085	开心果攻击	1	1		0	对敌方单体造成伤害		-1	1	"1,0|2,0|3,0|4,0|5,0|6,0|7,0|8,0|9,0"		99			0	-1		-1		-1		-1			-1		1	-1	-1	1	0	1	500	500	-1	-1	-1	-1	-1	-1	-1	-1	-1		-1			-1		1													-1
1097	地刺攻击	1	1		160	对敌方单体造成伤害		-1	1	"1,0"		99			0	-1		-1		-1		-1			-1		1	-1	-1	1	0	1	500	500	-1	-1	-1	-1	-1	-1	-1	-1	-1		-1			-1		1													-1
1109	仙人球攻击	1	1		160	对敌方单体造成伤害		-1	1	"1,0|2,0|3,0|4,0|5,0|6,0|7,0|8,0|9,0"		99			0	-1		-1		-1		-1			-1		1	-1	-1	1	0	1	500	500	-1	-1	-1	-1	-1	-1	-1	-1	-1		-1			-1		1													-1
1110	仙人二三阶	1	1		160	攻击血最少的单位		-1	1			1			0	-1		-1		-1		-1			-1		1	-1	3	1	0	1	500	500	-1	-1	-1	-1	-1	-1	-1	-1	-1		-1			-1		1													-1
1121	坚果攻击	1	1		160	对敌方单体造成伤害		-1	1	"1,0"		99			0	-1		-1		-1		-1			-1		1	-1	-1	1	0	1	500	500	-1	-1	-1	-1	-1	-1	-1	-1	-1		-1			-1		1													-1
1133	樱桃炸弹攻击	1	1		160	对敌方单体造成伤害		-1	1	"1,0"		99			0	-1		-1		-1		-1			-1		1	-1	-1	1	0	1	500	500	-1	-1	-1	-1	-1	-1	-1	-1	-1		-1			-1		1													-1
1145	水滴射手攻击	1	1		160	对敌方单体造成伤害		-1	1	"1,0|2,0|3,0|4,0|5,0|6,0|7,0|8,0|9,0"		99			0	-1		-1		-1		-1			-1		1	-1	-1	1	0	1	500	500	-1	-1	-1	-1	-1	-1	-1	-1	-1		-1			-1		1												2	-1
1157	西瓜瓣投手攻击	1	1		160	对敌方单体造成伤害		-1	1	"1,0|2,0|3,0|4,0|5,0|6,0|7,0|8,0|9,0"		99			0	-1		-1		-1		-1			-1		1	-1	-1	1	0	1	500	500	-1	-1	-1	-1	-1	-1	-1	-1	-1		-1			-1		1												2	-1
1169	萝卜攻击	1	1		160	对敌方单体造成伤害		-1	1	"1,0|2,0|3,0|4,0|5,0|6,0|7,0|8,0|9,0"		99			0	-1		-1		-1		-1			-1		1	-1	-1	1	0	1	500	500	-1	-1	-1	-1	-1	-1	-1	-1	-1		-1			-1		1													-1
1181	老树桩攻击	1	1		160	对敌方单体造成伤害		-1	1	"1,0"		99			0	-1		-1		-1		-1			-1		1	-1	-1	1	0	1	500	500	-1	-1	-1	-1	-1	-1	-1	-1	-1		-1			-1		1													-1
1184	火炬树桩攻击	1	1		100	对敌方单体造成伤害		-1	1	"1,0|2,0|3,0|4,0|5,0|6,0|7,0|8,0|9,0"		99			0	-1		-1		-1		-1			-1		1	-1	-1	1	0	1	500	500	-1	-1	-1	-1	-1	-1	-1	-1	-1		-1			-1		1													-1
1193	椰子弹弓攻击	1	1		100	对敌方单体造成伤害		-1	1	"1,0|2,0|3,0|4,0|5,0|6,0|7,0|8,0|9,0"		99			0	-1		-1		-1		-1			-1		1	-1	-1	1	0	1	500	500	-1	-1	-1	-1	-1	-1	-1	-1	-1		-1			-1		1													-1
1195	椰子23阶普攻	1	12		100	对敌方单体造成伤害		-1	1	"9,0|8,0|7,0|6,0|5,0|4,0|3,0|2,0|1,0"		99			0	-1		-1		-1		-1			-1		1	-1	-1	1	0	1	500	500	-1	-1	-1	-1	-1	-1	-1	-1	-1		-1			-1		1													-1
1205	蜥蜴草攻击	1	1		100	对敌方单体造成伤害		-1	1	"1,0|2,0|3,0|4,0|5,0|6,0|7,0|8,0|9,0"		99			0	-1		-1		-1		-1			-1		1	-1	-1	1	0	1	500	500	-1	-1	-1	-1	-1	-1	-1	-1	-1		-1			-1		1												1	-1
1217	暴躁菇攻击	1	1		100	对敌方单体造成伤害		-1	1	"1,0|2,0|3,0|4,0|5,0|6,0|7,0|8,0|9,0"		99			0	-1		-1		-1		-1			-1		1	-1	-1	1	0	1	500	500	-1	-1	-1	-1	-1	-1	-1	-1	-1		-1			-1		1													-1
1229	三叶草攻击	1	1		100	对敌方单体造成伤害		-1	1	"1,0|2,0|3,0|4,0|5,0|6,0|7,0|8,0|9,0"		99			0	-1		-1		-1		-1			-1		1	-1	-1	1	0	1	500	500	-1	-1	-1	-1	-1	-1	-1	-1	-1		-1			-1		1													-1
1230	风扇草普攻	1	4		100	攻击每排最前面的敌人		-1	99			99			0	-1		-1		-1		-1			-1		1	-1	-1	1	0	1	500	500	-1	-1	-1	-1	-1	-1	-1	-1	-1		-1			-1		1													-1
1241	飞盘射手攻击	1	1		100	对敌方单体造成伤害		-1	1	"1,0|2,0|3,0|4,0|5,0|6,0|7,0|8,0|9,0"		99			0	-1		-1		-1		-1			-1		1	-1	-1	1	0	1	500	500	-1	-1	-1	-1	-1	-1	-1	-1	-1		-1			-1		1													-1
1244	回旋镖射手攻击	1	1		100	对敌方单体造成伤害		-1	1	"1,0|2,0|3,0|4,0|5,0|6,0|7,0|8,0|9,0"		99			0	-1		-1		-1		-1			-1		1	-1	-1	1	0	1	500	500	-1	-1	-1	-1	-1	-1	-1	-1	-1		-1			-1		1													-1
1253	小狗尾草攻击	1	1		100	对敌方单体造成伤害		-1	1	"1,0|2,0|3,0|4,0|5,0|6,0|7,0|8,0|9,0"		99			0	-1		-1		-1		-1			-1		1	-1	-1	1	0	1	500	500	-1	-1	-1	-1	-1	-1	-1	-1	-1		-1			-1		1													-1
1265	小树丛攻击	1	1		100	对敌方单体造成伤害		-1	1	"1,0|2,0|3,0|4,0|5,0|6,0|7,0|8,0|9,0"		99			0	-1		-1		-1		-1			-1		1	-1	-1	1	0	1	500	500	-1	-1	-1	-1	-1	-1	-1	-1	-1		-1			-1		1													-1
1277	磁力菇攻击	1	1		100	对敌方单体造成伤害		-1	1	"1,0"		99			0	-1		-1		-1		-1			-1		1	-1	-1	1	0	1	500	500	-1	-1	-1	-1	-1	-1	-1	-1	-1		-1			-1		1													-1
1278	磁力菇特殊攻击	1	1		120	对一排敌人进行伤害		-1	9	"1,0|2,0|3,0|4,0|5,0|6,0|7,0|8,0|9,0"		99			0	-1		-1		-1		-1			-1		1	-1	-1	1	0	1	500	500	-1	-1	-1	-1	-1	-1	-1	-1	-1		-1			-1		1													-1
1302	闪电家族攻击	1	1		100	对敌方单体造成伤害		-1	1	"1,0|2,0|3,0|4,0|5,0|6,0|7,0|8,0|9,0"		99			0	-1		-1		-1		-1			-1		1	-1	-1	1	0	1	500	500	-1	-1	-1	-1	-1	-1	-1	-1	-1		-1			-1		1													-1
1314	金盏花攻击	1	1		100	对敌方单体造成伤害		-1	1	"1,0|2,0|3,0|4,0|5,0|6,0|7,0|8,0|9,0"		99			0	-1		-1		-1		-1			-1		1	-1	-1	1	0	1	500	500	-1	-1	-1	-1	-1	-1	-1	-1	-1		-1			-1		1													-1
1326	咖啡豆攻击	1	1		100	对敌方单体造成伤害		-1	1	"1,0|2,0|3,0|4,0|5,0|6,0|7,0|8,0|9,0"		99			0	-1		-1		-1		-1			-1		1	-1	-1	1	0	1	500	500	-1	-1	-1	-1	-1	-1	-1	-1	-1		-1			-1		1													-1
1338	魅惑菇攻击	1	1		100	对敌方单体造成伤害		-1	1	"1,0|2,0|3,0|4,0|5,0|6,0|7,0|8,0|9,0"		99			0	-1		-1		-1		-1			-1		1	-1	-1	1	0	1	500	500	-1	-1	-1	-1	-1	-1	-1	-1	-1		-1			-1		1													-1
1350	能量豆攻击	1	1		100	对敌方一行造成伤害		-1	99	"1,0|2,0|3,0|4,0|5,0|6,0|7,0|8,0|9,0"		99			0	-1		-1		-1		-1			-1		1	-1	-1	1	0	1	500	500	-1	-1	-1	-1	-1	-1	-1	-1	-1		-1			-1		1													-1
1362	脉冲黄桃攻击	1	1		100	对敌方单体造成伤害		-1	1	"1,0|2,0|3,0|4,0|5,0|6,0|7,0|8,0|9,0"		99			0	-1		-1		-1		-1			-1		1	-1	-1	1	0	1	500	500	-1	-1	-1	-1	-1	-1	-1	-1	-1		-1			-1		1													-1
1374	充能柚子攻击	1	1		100	对敌方单体造成伤害		-1	1	"1,0|2,0|3,0|4,0|5,0|6,0|7,0|8,0|9,0"		99			0	-1		-1		-1		-1			-1		1	-1	-1	1	0	1	500	500	-1	-1	-1	-1	-1	-1	-1	-1	-1		-1			-1		1													-1
1351	能量豆double攻击	1	1		100	对敌方一行造成伤害		-1	99	"1,0|2,0|3,0|4,0|5,0|6,0|7,0|8,0|9,0"		99			0	-1		-1		-1		-1			-1		1	-1	-1	1	0	1	500	500	-1	-1	-1	-1	-1	-1	-1	-1	-1		-1			-1		1													-1
1381	小路灯花攻击	1	1		100	对敌方单体造成伤害		-1	1	"1,0"		99			0	-1		-1		-1		-1			-1		1	-1	-1	1	0	1	500	500	-1	-1	-1	-1	-1	-1	-1	-1	-1		-1			-1		1													-1
1382	路灯花攻击	1	1		100	对敌方单体造成伤害		-1	1	"1,0"		99			0	-1		-1		-1		-1			-1		1	-1	-1	1	0	1	500	500	-1	-1	-1	-1	-1	-1	-1	-1	-1		-1			-1		1													-1
1383	灯塔花攻击	1	1		100	对敌方单体造成伤害		-1	1	"1,0"		99			0	-1		-1		-1		-1			-1		1	-1	-1	1	0	1	500	500	-1	-1	-1	-1	-1	-1	-1	-1	-1		-1			-1		1													-1
1386	郁金香号手攻击	1	1		100	对敌方单体造成伤害		-1	1	"1,0|2,0|3,0|4,0|5,0|6,0|7,0|8,0|9,0"		99			0	-1		-1		-1		-1			-1		1	-1	-1	1	0	1	500	500	-1	-1	-1	-1	-1	-1	-1	-1	-1		-1			-1		1													-1
1410	针叶爆破手攻击	1	1		100	对敌方单体造成伤害		-1	1	"1,0|2,0|3,0|4,0|5,0|6,0|7,0|8,0|9,0"		99			0	-1		-1		-1		-1			-1		1	-1	-1	1	0	1	500	500	-1	-1	-1	-1	-1	-1	-1	-1	-1		-1			-1		1													-1
1411	红莲女王攻击	1	1		100	对敌方单体造成伤害		-1	1	"9,0|8,0|7,0|6,0|5,0|4,0|3,0|2,0|1,0"		99			0	-1		-1		-1		-1			-1		1	-1	-1	1	0	1	500	500	-1	-1	-1	-1	-1	-1	-1	-1	-1		-1			-1		1													-1
1422	魔术菇攻击	1	1		100	对敌方单体造成伤害		-1	1	"1,0|2,0|3,0|4,0|5,0|6,0|7,0|8,0|9,0"		99			0	-1		-1		-1		-1			-1		1	-1	-1	1	0	1	500	500	-1	-1	-1	-1	-1	-1	-1	-1	-1		-1			-1		1													-1
1434	月光花攻击	1	8		100	对敌方单体造成伤害		1	1			99			0	-1		-1		-1		-1			-1		1	-1	-1	1	0	1	500	500	-1	-1	-1	-1	-1	-1	-1	-1	-1		-1			-1		1													-1
1435	月光花暗影形态攻击	1	8		100	对敌方单体造成伤害		2	2			99			0	-1		-1		-1		-1			-1		1	-1	-1	1	0	1	500	500	-1	-1	-1	-1	-1	-1	-1	-1	-1		-1			-1		1													-1
1446	旋转菠萝攻击	1	1		100	对敌方单体造成伤害		-1	1	"1,0"		99			0	-1		-1		-1		-1			-1		1	-1	-1	1	0	1	500	500	-1	-1	-1	-1	-1	-1	-1	-1	-1		-1			-1		1													-1
1458	苹果掷弹手攻击	1	15		100	对敌方血量百分比最低的3个敌人造成伤害		-1	3			99			0	-1		-1		-1		-1			-1		1	-1	-1	1	0	1	500	500	-1	-1	-1	-1	-1	-1	-1	-1	-1		-1			-1		1													-1
1470	噬毒花攻击	1	8		100	对敌方单体造成伤害		2	2			99			0	-1		-1		-1		-1			-1		1	-1	-1	1	0	1	500	500	-1	-1	-1	-1	-1	-1	-1	-1	-1		-1			-1		1													-1
1482	毒舌菇攻击	1	1		100	对敌方单体造成伤害		-1	1	"1,0|2,0|3,0|4,0|5,0|6,0|7,0|8,0|9,0"		99			0	-1		-1		-1		-1			-1		1	-1	-1	1	0	1	500	500	-1	-1	-1	-1	-1	-1	-1	-1	-1		-1			-1		1													-1
1483	毒舌菇三阶攻击	1	16		100	对敌方单体造成伤害		-1	99	"1,0|2,0|3,0|4,0|5,0|6,0|7,0|8,0|9,0|1,-1|2,-1|3,-1|4,-1|5,-1|6,-1|7,-1|8,-1|9,-1|1,1|2,1|3,1|4,1|5,1|6,1|7,1|8,1|9,1"		99			0	-1		-1		-1		-1			-1		1	-1	-1	1	0	1	500	500	-1	-1	-1	-1	-1	-1	-1	-1	-1		-1			-1		1													-1
1494	剑术门徒攻击	1	1		100	对敌方单体造成伤害		-1	1	"1,0|2,0|3,0|4,0|5,0|6,0|7,0|8,0|9,0"		99			0	-1		-1		-1		-1			-1		1	-1	-1	1	0	1	500	500	-1	-1	-1	-1	-1	-1	-1	-1	-1		-1			-1		1													-1
1495	番莲工程师攻击	1	8		100	对敌方单体造成伤害		1	1			99			0	-1		-1		-1		-1			-1		1	-1	-1	1	0	1	500	500	-1	-1	-1	-1	-1	-1	-1	-1	-1		-1			-1		1													-1
																																																															
2000	反重力波	1		2	100	电磁菇担心自己死亡时零件会被僵尸偷走，每当他死亡时有概率使攻击者悬浮（不能被攻击或者攻击）在半空中，持续2回合。	2000																																								提升发动的概率%.1f%%			1			3	30	"5,15"								-1
2001	磁极转换	1		2	100	战前技：万磁菇通过磁极转换能够将己方攻击力最高的单位的防御力转换为攻击力，效果持续10回合。	2001																																								转换%.0f点防御力为攻击力			1			2	150	"5,150"								-1
2002	内功心法	1		2	100	在日以继夜的苦心练习后菜问将内功心法突破了一个层次，提升自身闪避和暴击。	2002																																								提升%.0f闪避和%.0f暴击			1			4	528	"5,528"	5	188	"5,188"					-1
2003	死穴	1		2	100	攻击时额外造成伤害，如果目标生命低于一定血量时有概率点中对方死穴，直接杀死对方	2003																																								"额外造成%.0f伤害,目标生命低于%.0f时有概率直接杀死敌方"			1			6	74	"5,74"	12	300	"5,300"					-1
2004	核辐射	1		2	100	蟠桃炸弹通过转基因疗法改变了自身的化学组成，攻击时有概率辐射目标（减少一定的攻击力以及受到的治疗效果减少50%，持续3回合。	2004																																								减少目标%.0f攻击			1			1	74	"5,74"								-1
2005	自爆	1		2	100	核桃炸弹的体内聚集了太多的怨气，在死亡的时候会发生自爆，对3*3范围内敌方目标造成一定的伤害	2005																																								额外造成%.0f伤害			1			6	120	"5,120"								-1
2006	战争动员	1		2	100	战前技：火炬树桩在战前鼓舞己方本行单位的士气，增加己方本行单位一定的的伤害，效果持续3回合。	2006																																								增加%.0f伤害			1			6	74	"5,74"								-1
2007	无畏寒冷	1		2	100	鬼火树桩身上绝对的高温已经让它能够免疫冰冻效果，并且提升一定的防御力。	2007																																								增加%.0f防御			1			2	360	"5,360"								-1
2008	阳光支援	1		2	100	双胞向日葵乐于助人的天性让他在普攻前有概率产生一个太阳随机给己方一个坦克类植物增加防御力或攻击类植物增加攻击力，当场上只有自己一个单位时不触发。	2008																																								"增加%.0f防御,增加%.0f攻击"			1			2	114	"5,114"	1	114	"5,114"	8	150	"5,20"		-1
2009	齐心协力	1		2	100	三胞向日葵兄弟间齐心协力，在进行【光合作用】的时候有一定概率造成双倍或者三倍效果	2009																																								%.1f%%造成双倍以及三倍效果的概率			1			3	10	"5,5"								-1
2010	驱散	1		2	100	榛果充满着纯洁的力量，增加一定的治疗效果并且普通攻击时有概率清除目标一个正面效果。	2010																																								"增加%.0f治疗效果,升级保证对同等级目标的驱散率"			1			9	74	"5,74"								-1
2011	耐旱耐涝	1		2	100	榛果球坚硬的外壳增强了他的抗性，增加自身对于沉默、凝固、禁锢、冻结、灼烧、中毒、减速状态的抵抗率。	2011																																								抵抗概率%.1f%%			1			10	20	"5,20"								-1
2012	愤怒保护	1		2	100	"战前技：柏树天生的危机感让他在进场时能获得250点怒气并且增加自身一定的防御力,效果持续5回合。"	2012																																								增加%.0f防御			1			2	100	"5,100"								-1
2013	火势蔓延	1		2	100	【落叶陷阱】同时会提升目标一定怒气，如果目标身上有灼烧效果则会蔓延至另一个场上的敌方单位，效果持续3回合	2013																																								降低%.0f怒气			1			8	40	"5,40"								-1
2014	寒冷加深	1		2	100	西瓜投手增加的自身的腕力，现在他一次可以投出更多的东西，增加【西瓜散射】的伤害，并且增加减速效果降低目标的速度，持续2回合。	2014																																								"增加%.0f伤害,降低%.0f速度"			1			11	310	"5,310"	13	50	"5,25"					-1
2015	无畏灼热	1		2	100	冰西瓜投手绝对的寒冷让他能够免疫灼烧效果并且增加一定攻击力。	2015																																								增加%.0f攻击			1			1	114	"5,114"								-1
2016	毒蘑菇	1		2	100	胆小菇改进了喷射物的构成，【高压喷射】有概率让目标中毒，在接下来3回合内持续掉血。	2016																																								中毒造成每回合%.0f伤害			1			12	74	"5,74"								-1
2017	毒液腐蚀	1		2	100	大喷菇强化了攻击的力度让他在攻击时忽视目标一定防御，如果目标已经中毒则忽视防御的效果翻倍	2017																																								忽视%.0f防御			1			2	120	"5,120"								-1
2018	弱点打击	1		2	100	仙人掌精确定位敌方薄弱的目标，普通攻击改为攻击敌方场上血量百分比最少的单位，并且额外造成伤害。	2018																																								额外造成%.0f伤害			1			6	74	"5,74"								-1
2019	创伤加深	1		2	100	仙人树神出鬼没的特性使攻击变得更具有侵略性，对于血量小于30%的目标额外造成一定伤害	2019																																								额外造成%.0f伤害			1			6	148	"5,148"								-1
2020	复仇	1		2	100	末日菇因为队友的死亡而狂暴（增加自身一定的攻击力，效果持续2回合，队友死亡时触发，效果不能叠加，但是持续时间会被刷新）	2020																																								提升%.0f攻击			1			1	300	"5,300"								-1
2021	点燃	1		2	100	炸弹末日菇强化了爆炸的质量，增加【末日爆炸】伤害的同时如果目标身上有灼烧效果则引发引火烧身，造成额外2倍的伤害。	2021																																								增加%.0f伤害			1			11	320	"5,320"								-1
2022	神经麻痹	1		2	100	棱镜草增强了闪电的威力，【连锁闪电】有概率麻痹目标，在接下来2回合内使目标不能普通攻击	2022																																								提升麻痹触发的概率%.1f%%			1			3	20	"5,10"								-1
2023	电弧溅射	1		2	100	雷神草进一步增强了闪电的威力，现在普攻时电弧能够跳跃至目标周围的一个目标造成额外的伤害	2023																																								额外造成%.0f伤害			1			6	74	"5,74"								-1
2024	怒火中烧	1		2	100	被控制时（晕眩、冰冻、凝固、禁锢）获得鲁莽的效果（下次攻击增加一定伤害，效果持续到下次攻击后)(2次觉醒后效果强化）	2024																																								增加%.0f伤害			1			6	310	"5,310"								-1
2025	怒发冲冠	1		2	100	流星锤大师强化了臂力，增加自身一定伤害，当自身血量小于30%时不会被晕眩	2025																																								增加%.0f伤害			1			6	74	"5,74"								-1
2026	精准打击	1		2	100	椰子加农炮努力的瞄准目标，增加自身一定暴击率并且普通攻击会优先攻击本行后面的目标	2026																																								增加%.0f暴击			1			5	200	"5,45"								-1
2027	重击	1		2	100	普攻变为每2回合才能攻击一次，下次攻击造成2倍基础伤害并额外附加大量伤害。	2027																																								增加%.0f攻击			1			1	148	"5,148"								-1
2028	黄油怒射	1		2	100	爆米花投手从戴夫的厨房蹭了一瓶黄油，普攻有概率投出一块黄油造成额外伤害的同时使目标凝固，效果持续一回合	2028																																								额外造成%.0f伤害			1			6	110	"5,110"								-1
2029	弹道修正	1		2	100	玉米加农炮能从失败中积累经验，当普通攻击被闪避，下一次攻击必定命中，且增加一定伤害	2029																																								增加%.0f伤害			1			6	360	"5,360"								-1
2030	破甲攻击	1		2	100	钢地刺的攻击会破坏对方的护甲，降低对方一定防御力（效果持续2回合）。	2030																																								降低%.0f防御			1			2	150	"5,150"								-1
2031	潜伏	1		2	100	地刺充分利用它身材上的优势，在被攻击时有一定的概率钻入地面躲过这次攻击	2031																																								增加躲过攻击的概率%.1f%%			1			3	10	"5,5"								-1
2032	护甲穿透	1		2	100	经过无数次练习之后冰箭射手能够在攻击时找到对方的弱点，攻击时无视目标一定的护甲	2032																																								忽视%.0f防御			1			2	180	"5,180"								-1
2033	碎冰	1		2	100	额外增加【冰霜速射】一定伤害，如果目标已经被冰冻则效果翻倍	2033																																								增加%.0f伤害			1			6	74	"5,74"								-1
2034	咬合增强	1		2	100	捕蝇草强化了咬合力的训练，增加【吸血攻击】一定伤害，如果目标处于冰冻状态则会碾碎对方的冰块并额外造成双倍伤害	2034																																								增加%.0f伤害			1			6	340	"5,340"								-1
2035	吞食天地	1		2	100	击杀目标时会将目标吞入并在接下来2回合内消化，缓慢恢复自身一定血量和50点怒气	2035																																								每回合恢复%.0f生命和恢复%.0f怒气			1			12	240	"5,240"	8	50	"5,25"					-1
2036	激怒	1		2	100	善于控制怒气的狗尾草在普攻时有概率得到双倍怒气	2036																																								提升得到双倍怒气的概率%.1f%%			1			3	20	"5,10"								-1
2037	助战	1		2	100	战前技：给己方攻击力最高的1个单位增加怒气	2037																																								增加%.0f怒气			1			8	50	"5,50"								-1
2038	火焰子弹	1		2	100	双发射手在攻击时额外会获得一定的攻击加成，如果场上有老树桩或者其进阶形态则子弹会变为火焰弹并造成更大的伤害	2038																																								"增加%.0f攻击,额外造成1.5倍伤害"			1			6	114	"5,114"								-1
2039	超大子弹	1		2	100	基因变异导致了机枪射手普攻有概率打出巨型子弹，额外造成一定伤害	2039																																								额外造成%.0f伤害			1			6	224	"5,224"								-1
2040	自我治疗	1		2	100	坚强的坚果苦心修炼出了自愈术，每回合能够恢复自身生命值，这个效果不会因为任何原因而不触发	2040																																								恢复%.0f生命			1			20	24	"5,25"								-1
2041	护卫	1		2	100	全息高坚果充满正义的精神让他在当在场上某个植物要死亡的时候能够舍身护卫，帮它抵挡一次攻击并且减免一定的伤害，整场战斗只能触发一次(AOE时不会触发此技能，在戴夫杯，无尽模式时每场战斗都能触发一次)	2041																																								减免%.0f伤害			1			6	500	"5,500"								-1
2042	恶魔之力	1		2	100	"火爆辣椒和恶魔达成了一比交易，每次攻击会增加自身一定的攻击力，但是会扣除当前生命值的5%作为惩罚,当当前血量低于总血量的5%时这个技能不会发动"	2042																																								增加%.0f攻击力			1			6	280	"5,280"								-1
2043	破釜沉舟	1		2	100	恶魔辣椒体内的愤怒会随着受到的伤害的增加而增加，增加自身的攻击力，幅度取决于自身血量，血量越低则增加的攻击力越多	2043																																								最多增加%.0f攻击			1			1	150	"5,150"								-1
2044	烧伤	1		2	100	火龙草通过在嘴巴里含食火药强化了【火焰风暴】的效果，现在他有概率造成灼烧效果，让目标在接下来的3回合内每回合损失一定血量。	2044																																								每回合损失%.0f生命			1			12	74	"5,74"								-1
2045	迟缓	1		2	100	双头龙草通过冰火两重天让【火焰风暴】有概率造成减速效果，让目标在接下来2回合内出手速度变慢	2045																																								速度降低%.0f点			1			3	20	"5,20"								-1
2046	征税	1		2	100	金盏花向场上所有单位征收金币，每当有一个单位释放主动技能的时候他都有概率立刻得到一枚金币	2046																																								提升得到金币的概率%.1f%%			1			3	20	"5,20"								-1
2047	合理避税	1		2	100	黄金花在通过合理避税在释放【有钱任性】的时候有概率不消耗金币	2047																																								提升不消耗金币的概率%.1f%%			1			3	30	"5,10"								-1
2048	死亡救护	1		2	100	萝卜超强的生命力让它在死亡时能够给友方全体单位恢复一定生命值	2048																																								提升恢复的生命值%.0f			1			12	218	"5,218"								-1
2049	起死回生	1		2	100	人参强大的治疗能力使他能够复活第一个死亡的己方目标，复活的目标拥有一定血量，一场战斗只能被动触发一次	2049																																								复活的血量%.0f			1			12	600	"5,600"								-1
2050	死亡诅咒	1		2	100	魅惑菇对于让自己死亡的目标立下诅咒，有概率让攻击者在接下来5回合内沉默	2050																																								提升沉默触发的概率%.1f%%			1			3	40	"5,15"								-1
2051	鬼迷心窍	1		2	100	魅惑菇天生充满诱惑的外表改变了战局，现在【沉默魅惑】有概率让目标迷惑，不会闪避来自敌方的攻击，持续3回合	2051																																								提升迷惑触发的概率%.1f%%			1			3	40	"5,15"								-1
2052	传染	1		2	100	增加【龙卷风】一定伤害，对于已经中毒的单位造成额外伤害并且将他传染至周围8格内所有敌方单位	2052																																								额外造成%.0f伤害			1			11	280	"5,280"								-1
2053	分裂攻击	1		2	100	风扇草的普通攻击会分裂攻击对方每横排第一个目标，但是对于每个目标造成的伤害会有所降低	2053																																								分裂攻击造成%.1f%%伤害			1			6	60	"5,10"								-1
2054	风驰电掣	1		2	100	咖啡豆加快自身的新陈代谢，增加一定的速度	2054																																								提升%.0f点速度			1			13	50	"5,50"								-1
2055	压制	1		2	100	利用速度上的优势尝试寻找到敌人的弱点，对速度低于自身的目标额外造成一定的伤害	2055																																								额外造成%.0f伤害			1			6	145	"5,145"								-1
2056	聚光	1		2	100	"提高激光威力,攻击增加，可同时对护盾和本体造成伤害,并对受脉冲干扰影响的目标造成额外伤害  "	2056																																								"增加%.0f伤害,额外造成1.5倍伤害"			1			6	114	"5,114"								-1
2057	连射	1		2	100	增加命中且普通攻击有概率连续发射两次	2057																																								提升两次普攻触发的概率%.1f%%			1			3	30	"5,5"								-1
2058	电磁护盾	1		2	100	战前技：出场即为所有队友增加一个电磁护盾，持续3回合，吸收部分伤害	2058																																								铠甲拥有%.0f点生命值			1			12	140	"5,140"								-1
2059	脉冲强化	1		2	100	普通攻击有概率触发脉冲干扰，对机械目标额外提高一定的伤害	2059																																								额外造成%.0f伤害			1			1	124	"5,124"								-1
2060	电离火花	1		2	100	离子炮缓慢前进中，每前进1格会额外从光球中伸出离子触手随机选择上下两格中的1个僵尸攻击	2060																																								增加%.0f伤害			1			1	74	"5,74"								-1
2061	离子爆破	1		2	100	每回合增加n%暴击概率，直至下一次攻击触发暴击伤害，所有攻击对机械目标造成2倍伤害	2061																																								每回合增加暴击的概率提升%.1f%%			1			3	30	"5,5"								-1
2062	生命之光	1		2	100	战前技：路灯花生存时己方所有植物增加防御并且每回合恢复生命，效果持续5回合。	2062																																								提升%.0f防御，回合恢复%.0f生命			1			2	140	"5,140"	12	60	"5,60"					-1
2063	勇气之光	1		2	100	战前技：路灯花生存时己方所有植物增加攻击和暴击，效果持续5回合。	2063																																								提升%.0f攻击和%.0f暴击			1			6	60	"5,60"	3	95	"5,95"					-1
2064	静心	1		2	100	普通攻击造成伤害的同时会减少目标怒气，最多减至0点，若目标为僵尸时，伤害值会提升。	2064																																								减少怒气10点，目标为僵尸时，伤害值提升%.0f%%			1			1	30	"5,0"								-1
2065	怒弦	1		2	100	普攻时，“静心”每减少目标10点怒气，则会额外造成目标最大生命值5%的真实伤害。	2065																																								额外造成目标生命值%0.f%%伤害。			1			1	5	"5,0"								-1
2066	赤针爆弹	1		2	100	普通攻击发射赤针爆弹，可以向单一敌人叠加一枚爆弹（最多4枚），叠加到上限或敌人血量低于爆弹爆炸伤害时，自动爆炸。	2066																																								爆炸时每层火种可造成%.0f伤害			1			1	300	"5,300"								-1
2067	女皇之怒	1		2	100	普通攻击时向目标叠加2枚爆弹，大招叠加6枚（最多叠加6枚），并且引爆时造成十字范围伤害。	2067																																								对周围目标造成%.0f%%伤害			1			1	80	"5,0"								-1
2068	法术增强	1		2	100	每次大释放招后，额外提升自身攻击力40%，持续3回合	2068																																							1	额外提升自身攻击力%.0f%%			1			1	40	"5,0"								-1
2069	南瓜牢笼	1		2	100	南瓜头强化了魔术帽的效果，可以同时禁锢3个敌人	2069																																							1	大招禁锢增加%.0f个单位			1			1	1	"5,0"								-1
2070	暗影分裂	1		2	100	自身暗影等级≥1时，每次普攻会额外随机命中1个敌人	2070																																							1	每次普攻会额外随机命中1个敌人			1			1	40	"5,0"								-1
2071	究极黑暗	1		2	100	暗影形态持续时间延长一回合，且进入暗影形态后提升防御力	2071																																							1	进入暗影形态后提升防御力%.0f			1			1	1	"5,0"								-1
2072	反伤	1		2	100	对敌方单位造成自身攻击力50%的反伤	2072																																							1	对敌方单位造成自身攻击力50%的反伤			1			2	140	"5,140"	12	60	"5,60"					-1
2073	剧毒尖刺	1		2	100	在嘲讽状态下所有攻击菠萝蜜的植物，有25%几率下回合眩晕1回合	2073																																							1	在嘲讽状态下所有攻击菠萝蜜的植物，有25%几率下回合眩晕1回合			1			6	60	"5,60"	3	95	"5,95"					-1
2074	超能果肉	1		2	100	提升大招的暴击伤害	2074																																								"增加%.0f伤害,降低%.0f速度"			1			11	310	"5,310"	13	50	"5,25"					-1
2075	兴奋果汁	1		2	100	大招击杀敌人后获得增益buff	2075																																								增加%.0f攻击			1			1	114	"5,114"								-1
2076	噬毒花默认被动	1		2	100		2076																																								"增加%.0f伤害,降低%.0f速度"			1			11	310	"5,310"	13	50	"5,25"					-1
2077	孢子爆发	1		2	100	连续命中3次中毒状态的敌人会引发爆炸	2077																																								增加%.0f攻击			1			1	114	"5,114"								-1
2078	粘性孢子	1		2	100	爆炸时会概率传播给周围（十字范围）一个敌人。	2078																																								增加%.0f攻击			1			1	114	"5,114"								-1
2079	剧毒红利	1		2	100	每回合开始时，血毒菇恢复自身攻击力一定百分比的血量，携带负面效果的敌人越多，恢复血量越高	2079																																							1	每回合开始时，血毒菇恢复自身攻击力一定百分比的血量			1				4	"5,1"								-1
2080	混乱剧毒	1		2	100	毒影菇的每次攻击都会使目标携带一个随机的负面效果，并持续2回合	2080																																							1	毒影菇的每次攻击都会使目标携带一个随机的负面效果，并持续2回合			1				2	"5,0"								-1
2081	三棱剑	1		2	100	提高玫瑰剑客吸血效率	2081																																							1																	
2082	无尽怒火	1		2	100	玫瑰剑客损失超过自身10%血量，则额外获得一部分怒气	2082																																							1																	
2083	玫瑰系默认被动	1		2	100		2083																																																								
2084	番莲被动1	1		2	100	一阶被动：齿轮敌人两次时沉默																																								1	攻击2次敌人沉默						8	100									
2085	嗜血齿轮	1		2	100	齿轮弹射攻击流血或中毒的目标时，工程师会获得额外怒气。	2084																																							1	获得20点额外怒气。						1	1000000									
2086	幸运一击	1		2	100	如果一回合内一个敌人被3颗不同齿轮弹射，则必定造成超级暴击	2085																																							1	超级暴击造成3倍普攻伤害（普通暴击为2倍）						1	1000000									
																																																															
15001	连续射击	1	1	1	160	豌豆射手疯狂的射击，对单一敌人造成大量的伤害。	5004	-1	1	"1,0|2,0|3,0|4,0|5,0|6,0|7,0|8,0|9,0"		99			1	-1		-1		-1		-1			-1		1	-1	-1	1	0	1	500	500	-1	-1	-1	-1	-1	-1	-1	-1	-1		-1		额外提升%.0f点伤害	-1		1	480	480											-1
15004	连续射击	1	1	1	160	豌豆射手疯狂的射击，对单一敌人造成大量的伤害。	5004	-1	1	"1,0|2,0|3,0|4,0|5,0|6,0|7,0|8,0|9,0"		99			1	-1		-1		-1		-1			-1		1	-1	-1	1	0	2	500	500	-1	-1	-1	-1	-1	-1	-1	-1	-1		-1		额外提升%.0f点伤害	-1		1	480	480											-1
15008	连续射击	1	1	1	160	豌豆射手疯狂的射击，对单一敌人造成大量的伤害。	5004	-1	1	"1,0|2,0|3,0|4,0|5,0|6,0|7,0|8,0|9,0"		99			1	-1		-1		-1		-1			-1		1	-1	-1	1	0	3	500	500	-1	-1	-1	-1	-1	-1	-1	-1	-1		-1		额外提升%.0f点伤害	-1		1	480	480											-1
15013	乱拳点穴	1	6	1	120	菜问打出一套永春拳，对一竖排目标造成一定伤害，有一定概率点穴（使目标眩晕，效果持续2回合）。	5016	-1	1	"1,0|2,0|3,0|4,0|5,0|6,0|7,0|8,0|9,0"		3	"0,0|0,1|0,-1"		1	400278		-1		-1		-1			-1		1	-1	-1	1	0	1	500	500	-1	-1	-1	-1	-1	-1	-1	-1	-1		-1		额外提升%.0f点伤害	-1		1	320	320											-1
15016	乱拳点穴	1	6	1	120	菜问打出一套永春拳，对一竖排目标造成一定伤害，有一定概率点穴（使目标眩晕，效果持续2回合）。	5016	-1	1	"1,0|2,0|3,0|4,0|5,0|6,0|7,0|8,0|9,0"		3	"0,0|0,1|0,-1"		1	400278		-1		-1		-1			-1		1	-1	-1	1	0	2	500	500	-1	-1	-1	-1	-1	-1	-1	-1	-1		-1		额外提升%.0f点伤害	-1		1	320	320											-1
15020	乱拳点穴	1	6	1	120	菜问打出一套永春拳，对一竖排目标造成一定伤害，有一定概率点穴（使目标眩晕，效果持续2回合）。	5016	-1	1	"1,0|2,0|3,0|4,0|5,0|6,0|7,0|8,0|9,0"		3	"0,0|0,1|0,-1"		1	400278		-1		-1		-1			-1		1	-1	-1	1	0	3	500	500	-1	-1	-1	-1	-1	-1	-1	-1	-1		-1		额外提升%.0f点伤害	-1		1	320	320											-1
15025	吸血攻击	1	1	1	160	拍拍草奋力一拍，对单一目标造成大量伤害，攻击时附加吸血效果吸收50%的伤害。	5028	-1	1	"1,0|2,0|3,0|4,0|5,0|6,0|7,0|8,0|9,0"		99			1	-1		-1		-1		-1			-1		1	-1	-1	1	0	1	500	500	50	-1	-1	-1	-1	-1	-1	-1	-1		-1		额外提升%.0f点伤害	-1		1	450	450											-1
15028	吸血攻击	1	1	1	160	拍拍草奋力一拍，对单一目标造成大量伤害，攻击时附加吸血效果吸收50%的伤害。	5028	-1	1	"1,0|2,0|3,0|4,0|5,0|6,0|7,0|8,0|9,0"		99			1	-1		-1		-1		-1			-1		1	-1	-1	1	0	2	500	500	50	-1	-1	-1	-1	-1	-1	-1	-1		-1		额外提升%.0f点伤害	-1		1	450	450											-1
15032	吸血攻击	1	1	1	160	拍拍草奋力一拍，对单一目标造成大量伤害，攻击时附加吸血效果吸收50%的伤害。	5028	-1	1	"1,0|2,0|3,0|4,0|5,0|6,0|7,0|8,0|9,0"		99			1	-1		-1		-1		-1			-1		1	-1	-1	1	0	3	500	500	50	-1	-1	-1	-1	-1	-1	-1	-1		-1		额外提升%.0f点伤害	-1		1	450	450											-1
15037	光合作用	1	2	1	100	向日葵通过光合作用治疗自己以及队友，当身上有护盾时治疗效果会优先治疗自身，再恢复护盾护甲。	5044	-1	99			99			1	-1		-1		-1		-1			1		2	-1	-1	2	0	1	500	500	-1	-1	-1	-1	-1	-1	-1	-1	-1		-1		额外提升%.0f点治疗效果	-1		1	211	211											-1
15040	光合作用	1	2	1	100	向日葵通过光合作用治疗自己以及队友，当身上有护盾时治疗效果会优先治疗自身，再恢复护盾护甲。	5044	-1	99			99			1	-1		-1		-1		-1			1		2	-1	-1	2	0	2	500	500	-1	-1	-1	-1	-1	-1	-1	-1	-1		-1		额外提升%.0f点治疗效果	-1		1	211	211											-1
15044	光合作用	1	2	1	100	向日葵通过光合作用治疗自己以及队友，当身上有护盾时治疗效果会优先治疗自身，再恢复护盾护甲。	5044	-1	99			99			1	-1		-1		-1		-1			1		2	-1	-1	2	0	3	500	500	-1	-1	-1	-1	-1	-1	-1	-1	-1		-1		额外提升%.0f点治疗效果	-1		1	211	211											-1
15049	玉米投射	1	8	1	158	玉米投手发射出一串玉米，随机作用于对方3目标，造成一定伤害并且有一定概率使目标凝固，效果持续1回合。对海鸥僵尸有额外效果。	5052	3	3			99			1	110105		-1		-1		-1			-1		1	-1	-1	1	0	1	500	500	-1	-1	-1	-1	-1	-1	-1	-1	40		-1		额外提升%.0f点伤害	-1		1	320	320											-1
15052	玉米投射	1	8	1	158	玉米投手发射出一串玉米，随机作用于对方3目标，造成一定伤害并且有一定概率使目标凝固，效果持续1回合。对海鸥僵尸有额外效果。	5052	3	3			99			1	110105		-1		-1		-1			-1		1	-1	-1	1	0	2	500	500	-1	-1	-1	-1	-1	-1	-1	-1	40		-1		额外提升%.0f点伤害	-1		1	320	320											-1
15056	玉米投射	1	8	1	158	玉米投手发射出一串玉米，随机作用于对方3目标，造成一定伤害并且有一定概率使目标凝固，效果持续1回合。对海鸥僵尸有额外效果。	5052	3	3			99			1	110105		-1		-1		-1			-1		1	-1	-1	1	0	3	500	500	-1	-1	-1	-1	-1	-1	-1	-1	40		-1		额外提升%.0f点伤害	-1		1	320	320											-1
15061	恶魔之炎	1	1	1	158	小辣椒猛吸一口气然后吐出，对敌方一横排目标造成一定伤害，如果目标身上带有凝固效果则立刻点燃并额外造成一定伤害。	5064	-1	9	"1,0|2,0|3,0|4,0|5,0|6,0|7,0|8,0|9,0"		99			1	-1		-1		-1		-1			-1		1	-1	-1	1	0	1	500	500	-1	-1	-1	-1	-1	-1	-1	-1	-1	2	20		额外提升%.0f点伤害对凝固效果下的敌人额外造成20%%伤害	-1		1	310	310										1	-1
15064	恶魔之炎	1	1	1	158	小辣椒猛吸一口气然后吐出，对敌方一横排目标造成一定伤害，如果目标身上带有凝固效果则立刻点燃并额外造成一定伤害。	5064	-1	9	"1,0|2,0|3,0|4,0|5,0|6,0|7,0|8,0|9,0"		99			1	-1		-1		-1		-1			-1		1	-1	-1	1	0	2	500	500	-1	-1	-1	-1	-1	-1	-1	-1	-1	2	30		额外提升%.0f点伤害对凝固效果下的敌人额外造成30%%伤害	-1		1	310	310										1	-1
15068	恶魔之炎	1	1	1	158	小辣椒猛吸一口气然后吐出，对敌方一横排目标造成一定伤害，如果目标身上带有凝固效果则立刻点燃并额外造成一定伤害。	5064	-1	9	"1,0|2,0|3,0|4,0|5,0|6,0|7,0|8,0|9,0"		99			1	-1		-1		-1		-1			-1		1	-1	-1	1	0	3	500	500	-1	-1	-1	-1	-1	-1	-1	-1	-1	2	50		额外提升%.0f点伤害对凝固效果下的敌人额外造成50%%伤害	-1		1	310	310										1	-1
15073	高压喷射	1	1	1	140	小喷菇用力喷射出体内积攒了多时的液体对一横排目标造成伤害。	5076	-1	9	"1,0|2,0|3,0|4,0|5,0|6,0|7,0|8,0|9,0"		99			1	-1		-1		-1		-1			-1		1	-1	-1	1	0	1	500	500	-1	-1	-1	-1	-1	-1	-1	-1	-1		-1		额外提升%.0f点伤害	-1		1	290	290											-1
15076	高压喷射	1	1	1	140	小喷菇用力喷射出体内积攒了多时的液体对一横排目标造成伤害。	5076	-1	9	"1,0|2,0|3,0|4,0|5,0|6,0|7,0|8,0|9,0"		99			1	-1		-1		-1		-1			-1		1	-1	-1	1	0	2	500	500	-1	-1	-1	-1	-1	-1	-1	-1	-1		-1		额外提升%.0f点伤害	-1		1	290	290											-1
15080	高压喷射	1	1	1	140	小喷菇用力喷射出体内积攒了多时的液体对一横排目标造成伤害。	5076	-1	9	"1,0|2,0|3,0|4,0|5,0|6,0|7,0|8,0|9,0"		99			1	-1		-1		-1		-1			-1		1	-1	-1	1	0	3	500	500	-1	-1	-1	-1	-1	-1	-1	-1	-1		-1		额外提升%.0f点伤害	-1		1	290	290											-1
15085	会心一笑	1	2	1	100	开心果乐观的天性让他将欢笑带给己方全场，治疗队友并清除所有负面效果。	5088	-1	99			99			1	-1		-1		-1		-1		"4,5,6,9,11,13,14,19"	-1		2	-1	-1	2	0	1	500	500	-1	-1	-1	-1	-1	-1	-1	-1	-1		-1		额外提升%.0f点治疗效果	400262		1	211	211											-1
15088	会心一笑	1	2	1	100	开心果乐观的天性让他将欢笑带给己方全场，治疗队友并清除所有负面效果。	5088	-1	99			99			1	-1		-1		-1		-1		"4,5,6,9,11,13,14,19"	-1		2	-1	-1	2	0	2	500	500	-1	-1	-1	-1	-1	-1	-1	-1	-1		-1		额外提升%.0f点治疗效果	400262		1	211	211											-1
15092	会心一笑	1	2	1	100	开心果乐观的天性让他将欢笑带给己方全场，治疗队友并清除所有负面效果。	5088	-1	99			99			1	-1		-1		-1		-1		"4,5,6,9,11,13,14,19"	-1		2	-1	-1	2	0	3	500	500	-1	-1	-1	-1	-1	-1	-1	-1	-1		-1		额外提升%.0f点治疗效果	400262		1	211	211											-1
15097	防守反击	1	11	1	0	地刺将自己的尖刺对准敌人，在接下来的3回合内增加一定的防御力并且在受到攻击时反击敌人（不包括群体攻击）。对雪橇车和投石车产生额外伤害。	5100	-1	1	"0,0"		99			1	400271	10	-1		-1		-1			-1		2	-1	-1	2	0	1	500	500	-1	-1	-1	-1	-1	-1	-1	-1	-1		300		额外提升%.0f点防御力	-1		1	300	300											-1
15100	防守反击	1	11	1	0	地刺将自己的尖刺对准敌人，在接下来的3回合内增加一定的防御力并且在受到攻击时反击敌人（不包括群体攻击）。对雪橇车和投石车产生额外伤害。	5100	-1	1	"0,0"		99			1	400272	10	-1		-1		-1			-1		2	-1	-1	2	0	2	500	500	-1	-1	-1	-1	-1	-1	-1	-1	-1		300		额外提升%.0f点防御力	-1		1	300	300											-1
15104	防守反击	1	11	1	0	地刺将自己的尖刺对准敌人，在接下来的3回合内增加一定的防御力并且在受到攻击时反击敌人（不包括群体攻击）。对雪橇车和投石车产生额外伤害。	5100	-1	1	"0,0"		99			1	400273	10	-1		-1		-1			-1		2	-1	-1	2	0	3	500	500	-1	-1	-1	-1	-1	-1	-1	-1	-1		300		额外提升%.0f点防御力	-1		1	300	300											-1
15109	超强打击	1	12	1	180	仙人球从身体中发射出针刺，对本行最后一个目标造成恐怖的伤害，当本行没有目标时会随机攻击别的行最后一个目标。	5112	-1	1	"9,0|8,0|7,0|6,0|5,0|4,0|3,0|2,0|1,0|9,-1|9,1|9,-2|9,2|8,-1|8,1|8,-2|8,2|7,-1|7,1|7,-2|7,2|6,-1|6,1|6,-2|6,2|5,1|5,-1|5,-2|5,2|4,1|4,-1|4,-2|4,2|3,1|3,-1|3,-2|3,2|2,1|2,-1|2,-2|2,2|1,1|1,-1|1,-2|1,2"		99			1	-1		-1		-1		-1			-1		1	-1	-1	1	0	4	500	500	-1	-1	-1	-1	-1	1	-1	-1	-1		-1		额外提升%.0f点伤害	-1		1	580	580											6000
15112	超强打击	1	12	1	180	仙人球从身体中发射出针刺，对本行最后一个目标造成恐怖的伤害，当本行没有目标时会随机攻击别的行最后一个目标。	5112	-1	1	"9,0|8,0|7,0|6,0|5,0|4,0|3,0|2,0|1,0|9,-1|9,1|9,-2|9,2|8,-1|8,1|8,-2|8,2|7,-1|7,1|7,-2|7,2|6,-1|6,1|6,-2|6,2|5,1|5,-1|5,-2|5,2|4,1|4,-1|4,-2|4,2|3,1|3,-1|3,-2|3,2|2,1|2,-1|2,-2|2,2|1,1|1,-1|1,-2|1,2"		99			1	-1		-1		-1		-1			-1		1	-1	-1	1	0	1	500	500	-1	-1	-1	-1	-1	1	-1	-1	-1		-1		额外提升%.0f点伤害	-1		1	580	580											6000
15116	超强打击	1	12	1	180	仙人球从身体中发射出针刺，对本行最后一个目标造成恐怖的伤害，当本行没有目标时会随机攻击别的行最后一个目标。	5112	-1	1	"9,0|8,0|7,0|6,0|5,0|4,0|3,0|2,0|1,0|9,-1|9,1|9,-2|9,2|8,-1|8,1|8,-2|8,2|7,-1|7,1|7,-2|7,2|6,-1|6,1|6,-2|6,2|5,1|5,-1|5,-2|5,2|4,1|4,-1|4,-2|4,2|3,1|3,-1|3,-2|3,2|2,1|2,-1|2,-2|2,2|1,1|1,-1|1,-2|1,2"		99			1	-1		-1		-1		-1			-1		1	-1	-1	1	0	3	500	500	-1	-1	-1	-1	-1	1	-1	-1	-1		-1		额外提升%.0f点伤害	-1		1	580	580											6000
15121	守护之甲	1	2	1	0	坚果迸发出强大的正气，清除自身所有负面效果并且给己方所有单位穿上铠甲，持续5回合。	5124	-1	99			99			1	400270	10	400258	10	-1		-1		"4,5,6,9,11,13,14,19"	-1		2	-1	-1	2	0	1	500	500	-1	-1	-1	-1	-1	-1	-1	-1	-1		-1		铠甲拥有%.0f点生命值	-1		1	360	360											-1
15124	守护之甲	1	2	1	0	坚果迸发出强大的正气，清除自身所有负面效果并且给己方所有单位穿上铠甲，持续5回合。	5124	-1	99			99			1	400270	10	400259	10	-1		-1		"4,5,6,9,11,13,14,19"	-1		2	-1	-1	2	0	2	500	500	-1	-1	-1	-1	-1	-1	-1	-1	-1		-1		铠甲拥有%.0f点生命值	-1		1	360	360											-1
15128	守护之甲	1	2	1	0	坚果迸发出强大的正气，清除自身所有负面效果并且给己方所有单位穿上铠甲，持续5回合。	5124	-1	99			99			1	400270	10	400260	10	-1		-1		"4,5,6,9,11,13,14,19"	-1		2	-1	-1	2	0	3	500	500	-1	-1	-1	-1	-1	-1	-1	-1	-1		-1		铠甲拥有%.0f点生命值	-1		1	360	360											-1
15133	定向爆破	1	6	1	158	樱桃炸弹冲到目标头上对目标及其周围3*3范围内的敌人发动攻击。	5136	-1	1	"1,0|2,0|3,0|4,0|5,0|6,0|7,0|8,0|9,0"		9	"1,0|1,1|1,-1|0,1|0,0|0,-1|-1,1|-1,0|-1,-1|"		1	-1		-1		-1		-1			-1		1	-1	-1	1	0	1	500	500	-1	-1	-1	-1	-1	-1	-1	-1	-1		-1		额外提升%.0f点伤害	-1		1	315	315											-1
15136	定向爆破	1	6	1	158	樱桃炸弹冲到目标头上对目标及其周围3*3范围内的敌人发动攻击。	5136	-1	1	"1,0|2,0|3,0|4,0|5,0|6,0|7,0|8,0|9,0"		9	"1,0|1,1|1,-1|0,1|0,0|0,-1|-1,1|-1,0|-1,-1|"		1	-1		-1		-1		-1			-1		1	-1	-1	1	0	2	500	500	-1	-1	-1	-1	-1	-1	-1	-1	-1		-1		额外提升%.0f点伤害	-1		1	315	315											-1
15140	定向爆破	1	6	1	158	樱桃炸弹冲到目标头上对目标及其周围3*3范围内的敌人发动攻击。	5136	-1	1	"1,0|2,0|3,0|4,0|5,0|6,0|7,0|8,0|9,0"		9	"1,0|1,1|1,-1|0,1|0,0|0,-1|-1,1|-1,0|-1,-1|"		1	-1		-1		-1		-1			-1		1	-1	-1	1	0	3	500	500	-1	-1	-1	-1	-1	-1	-1	-1	-1		-1		额外提升%.0f点伤害	-1		1	315	315											-1
15145	冰霜速射	1	1	1	140	水滴射手聚精会神向前方发射一连串冰箭，对单一敌人造一定伤害，有一定概率使对方冻结，效果持续2回合。能够熄灭火把。	5148	-1	1	"1,0|2,0|3,0|4,0|5,0|6,0|7,0|8,0|9,0"		99			1	10028001		-1		-1		-1			-1		1	-1	-1	1	0	1	500	500	-1	-1	-1	-1	-1	-1	-1	-1	50		-1		额外提升%.0f点伤害	-1		1	460	460										2	-1
15148	冰霜速射	1	1	1	140	水滴射手聚精会神向前方发射一连串冰箭，对单一敌人造一定伤害，有一定概率使对方冻结，效果持续3回合。能够熄灭火把。	5148	-1	1	"1,0|2,0|3,0|4,0|5,0|6,0|7,0|8,0|9,0"		99			1	10028001		-1		-1		-1			-1		1	-1	-1	1	0	2	500	500	-1	-1	-1	-1	-1	-1	-1	-1	50		-1		额外提升%.0f点伤害	-1		1	460	460										2	-1
15152	冰霜速射	1	1	1	140	水滴射手聚精会神向前方发射一连串冰箭，对单一敌人造一定伤害，有一定概率使对方冻结，效果持续4回合。能够熄灭火把。	5148	-1	1	"1,0|2,0|3,0|4,0|5,0|6,0|7,0|8,0|9,0"		99			1	10028001		-1		-1		-1			-1		1	-1	-1	1	0	3	500	500	-1	-1	-1	-1	-1	-1	-1	-1	50		-1		额外提升%.0f点伤害	-1		1	460	460										2	-1
15157	西瓜散射	1	8	1	158	瓜瓣投手奋力急射，随机对3个敌人造成伤害，进化到冰西瓜后有一定概率使目标冻结，持续二回合，并能熄灭火把。	5160	3	3			99			1	-1		-1		-1		-1			-1		1	-1	-1	1	0	1	500	500	-1	-1	-1	-1	-1	-1	-1	-1	-1		-1		额外提升%.0f点伤害	-1		1	378	378											-1
15160	西瓜散射	1	8	1	158	瓜瓣投手奋力急射，随机对3个敌人造成伤害，进化到冰西瓜后有一定概率使目标冻结，持续二回合，并能熄灭火把。	5160	3	3			99			1	-1		-1		-1		-1			-1		1	-1	-1	1	0	2	500	500	-1	-1	-1	-1	-1	-1	-1	-1	-1		-1		额外提升%.0f点伤害	-1		1	378	378											-1
15164	西瓜散射	1	8	1	158	瓜瓣投手奋力急射，随机对3个敌人造成伤害，进化到冰西瓜后有一定概率使目标冻结，持续二回合，并能熄灭火把。	5160	3	3			99			1	10028001		-1		-1		-1			-1		1	-1	-1	1	0	3	500	500	-1	-1	-1	-1	-1	-1	-1	-1	50		-1		额外提升%.0f点伤害	-1		1	378	378										2	-1
15169	治愈术	1	2	1	120	小萝卜机智的选择了己方3个血量百分比最低的目标治疗他们，并且使之获得治愈效果，在接下来的2回合内每回合获得一次治疗。	5172	-1	3			3			1	400263		-1		-1		-1			-1		2	-1	3	2	0	1	500	500	-1	-1	-1	-1	-1	-1	-1	-1	-1		-1		额外提升%.0f点治疗效果	400263		1	253	253											-1
15172	治愈术	1	2	1	120	小萝卜机智的选择了己方3个血量百分比最低的目标治疗他们，并且使之获得治愈效果，在接下来的2回合内每回合获得一次治疗。	5172	-1	3			3			1	400263		-1		-1		-1			-1		2	-1	3	2	0	2	500	500	-1	-1	-1	-1	-1	-1	-1	-1	-1		-1		额外提升%.0f点治疗效果	400263		1	253	253											-1
15176	治愈术	1	2	1	120	小萝卜机智的选择了己方3个血量百分比最低的目标治疗他们，并且使之获得治愈效果，在接下来的2回合内每回合获得一次治疗。	5172	-1	3			3			1	400263		-1		-1		-1			-1		2	-1	3	2	0	3	500	500	-1	-1	-1	-1	-1	-1	-1	-1	-1		-1		额外提升%.0f点治疗效果	400263		1	253	253											-1
15181	鬼火盾墙	1	2	1	0	老树桩喷射出3个火焰环绕自身，下三次受到的伤害时会抵挡部分伤害，效果最多持续3回合。	5184	-1	1	"0,0"		99			1	400264	25	-1		-1		-1			-1		2	-1	-1	2	0	1	500	500	-1	-1	-1	-1	-1	-1	-1	-1	-1		-1		抵挡%.0f点伤害	-1		1	527	527											-1
15184	鬼火盾墙	1	2	1	0	火炬树桩喷射出3个火焰环绕自身，下三次受到的伤害时会抵挡部分伤害，效果最多持续3回合。	5184	-1	1	"0,0"		99			1	400265	25	-1		-1		-1			-1		2	-1	-1	2	0	1	500	500	-1	-1	-1	-1	-1	-1	-1	-1	-1		-1		抵挡%.0f点伤害	-1		1	527	527											-1
15188	鬼火盾墙	1	2	1	0	鬼火树桩喷射出3个火焰环绕自身，下三次受到的伤害时会抵挡部分伤害，效果最多持续3回合。	5184	-1	1	"0,0"		99			1	400266	25	-1		-1		-1			-1		2	-1	-1	2	0	1	500	500	-1	-1	-1	-1	-1	-1	-1	-1	-1		-1		抵挡%.0f点伤害	-1		1	527	527											-1
15193	致盲喷射	1	1	1	158	椰子狙击手奋力射出一连串炮弹对敌方一横排目标造成伤害并且一定概率失明（大幅降低目标命中，效果持续2回合）。	5196	-1	9	"1,0|2,0|3,0|4,0|5,0|6,0|7,0|8,0|9,0"		99			1	400279		-1		-1		-1			-1		1	-1	-1	1	0	1	500	500	-1	-1	-1	-1	-1	-1	-1	-1	60		-1		额外提升%.0f点伤害	-1		1	370	370											-1
15196	致盲喷射	1	1	1	158	椰子狙击手奋力射出一连串炮弹对敌方一横排目标造成伤害并且一定概率失明（大幅降低目标命中，效果持续2回合）。	5196	-1	9	"1,0|2,0|3,0|4,0|5,0|6,0|7,0|8,0|9,0"		99			1	400279		-1		-1		-1			-1		1	-1	-1	-1	0	1	500	500	-1	-1	-1	-1	-1	-1	-1	-1	60		-1		额外提升%.0f点伤害	-1		1	370	370											-1
15200	致盲喷射	1	1	1	158	椰子狙击手奋力射出一连串炮弹对敌方一横排目标造成伤害并且一定概率失明（大幅降低目标命中，效果持续2回合）。	5196	-1	9	"1,0|2,0|3,0|4,0|5,0|6,0|7,0|8,0|9,0"		99			1	400279		-1		-1		-1			-1		1	-1	-1	1	0	1	500	500	-1	-1	-1	-1	-1	-1	-1	-1	60		-1		额外提升%.0f点伤害	-1		1	370	370											-1
15205	火焰风暴	1	6	1	158	蜥蜴草向前方奋力吐息，对一竖排目标造成一定伤害，如果目标身上有黄油效果则立刻点燃之并造成额外的伤害。	5208	-1	1	"1,0|2,0|3,0|4,0|5,0|6,0|7,0|8,0|9,0"		3	"0,0|0,1|0,-1"		1	-1		-1		-1		-1			-1		1	-1	-1	1	0	1	500	500	-1	-1	-1	-1	-1	-1	-1	-1	-1	2	20		额外提升%.0f点伤害对凝固效果下的敌人额外造成20%%伤害	-1		1	365	365										1	-1
15208	火焰风暴	1	6	1	158	蜥蜴草向前方奋力吐息，对一竖排目标造成一定伤害，如果目标身上有黄油效果则立刻点燃之并造成额外的伤害。	5208	-1	1	"1,0|2,0|3,0|4,0|5,0|6,0|7,0|8,0|9,0"		3	"0,0|0,1|0,-1"		1	-1		-1		-1		-1			-1		1	-1	-1	1	0	3	500	500	-1	-1	-1	-1	-1	-1	-1	-1	-1	2	30		额外提升%.0f点伤害对凝固效果下的敌人额外造成30%%伤害	-1		1	365	365										1	-1
15212	火焰风暴	1	6	1	158	蜥蜴草向前方奋力吐息，对一竖排目标造成一定伤害，如果目标身上有黄油效果则立刻点燃之并造成额外的伤害。	5208	-1	1	"1,0|2,0|3,0|4,0|5,0|6,0|7,0|8,0|9,0"		3	"0,0|0,1|0,-1"		1	-1		-1		-1		-1			-1		1	-1	-1	1	0	3	500	500	-1	-1	-1	-1	-1	-1	-1	-1	20	2	50		额外提升%.0f点伤害对凝固效果下的敌人额外造成50%%伤害	-1		1	365	365										1	-1
15217	末日爆炸	1	6	1	158	暴躁菇激发出体内的暴躁，对当前目标以及其周围8格内的敌人造成伤害。	5220	-1	1	"1,0|2,0|3,0|4,0|5,0|6,0|7,0|8,0|9,0"		7	"1,1|1,-1|0,1|0,0|0,-1|-1,1|-1,0|-1,-1|"		1	-1		-1		-1		-1			-1		1	-1	-1	1	0	1	500	500	-1	-1	-1	-1	-1	-1	-1	-1	-1		-1		额外提升%.0f点伤害	-1		1	350	350											-1
15220	末日爆炸	1	6	1	158	暴躁菇激发出体内的暴躁，对当前目标以及其周围8格内的敌人造成伤害。	5220	-1	1	"1,0|2,0|3,0|4,0|5,0|6,0|7,0|8,0|9,0"		7	"1,1|1,-1|0,1|0,0|0,-1|-1,1|-1,0|-1,-1|"		1	-1		-1		-1		-1			-1		1	-1	-1	1	0	1	500	500	-1	-1	-1	-1	-1	-1	-1	-1	-1		-1		额外提升%.0f点伤害	-1		1	350	350											-1
15224	末日爆炸	1	6	1	158	暴躁菇激发出体内的暴躁，对当前目标以及其周围8格内的敌人造成伤害。	5220	-1	1	"1,0|2,0|3,0|4,0|5,0|6,0|7,0|8,0|9,0"		7	"1,1|1,-1|0,1|0,0|0,-1|-1,1|-1,0|-1,-1|"		1	-1		-1		-1		-1			-1		1	-1	-1	1	0	1	500	500	-1	-1	-1	-1	-1	-1	-1	-1	-1		-1		额外提升%.0f点伤害	-1		1	350	350											-1
15229	龙卷风	1	1	1	135	三叶草挥动叶片扬起巨大的龙卷风，对场上敌方全体单位造成一定的伤害。	5232	-1	99			99			1	-1		-1		-1		-1			-1		1	-1	-1	1	0	1	500	500	-1	-1	-1	-1	-1	-1	-1	-1	-1		-1		额外提升%.0f点伤害	-1		1	270	270											-1
15232	龙卷风	1	1	1	135	四叶草挥动叶片扬起巨大的龙卷风，对场上敌方全体单位造成一定的伤害。	5232	-1	99			99			1	-1		-1		-1		-1			-1		1	-1	-1	1	0	1	500	500	-1	-1	-1	-1	-1	-1	-1	-1	-1		-1		额外提升%.0f点伤害	-1		1	270	270											-1
15236	龙卷风	1	1	1	135	风扇草挥动叶片扬起巨大的龙卷风，对场上敌方全体单位造成一定的伤害。	5232	-1	99			99			1	-1		-1		-1		-1			-1		1	-1	-1	1	0	1	500	500	-1	-1	-1	-1	-1	-1	-1	-1	-1		-1		额外提升%.0f点伤害	-1		1	270	270											-1
15241	绝对晕眩	1	4	1	120	飞盘射手召唤出飞盘对每横排第一个敌人造成伤害，并且概率性晕眩目标以及自己，效果持续2回合。	5244	-1	99			99			1	400278		-1		-1		-1			-1		1	-1	-1	1	0	1	500	500	-1	-1	-1	-1	-1	-1	-1	-1	-1		-1		额外提升%.0f点伤害	-1		1	256	256											-1
15244	绝对晕眩	1	4	1	120	飞盘射手召唤出飞盘对每横排第一个敌人造成伤害，并且概率性晕眩目标以及自己，效果持续2回合。	5244	-1	99			99			1	400278		-1		-1		-1			-1		1	-1	-1	1	0	1	500	500	-1	-1	-1	-1	-1	-1	-1	-1	-1		-1		额外提升%.0f点伤害	-1		1	256	256											-1
15248	绝对晕眩	1	4	1	120	飞盘射手召唤出飞盘对每横排第一个敌人造成伤害，并且概率性晕眩目标以及自己，效果持续2回合。	5244	-1	99			99			1	400278		-1		-1		-1			-1		1	-1	-1	1	0	1	500	500	-1	-1	-1	-1	-1	-1	-1	-1	-1		-1		额外提升%.0f点伤害	-1		1	256	256											-1
15253	鼓舞士气	1	2	1	0	猫尾草通过怒吼声鼓舞己方士气，增加自己以及队友一定怒气。	5256	-1	99			99			1	400276	1	-1		-1		-1			-1		2	-1	-1	2	0	1	500	500	-1	-1	-1	-1	-1	-1	-1	-1	-1		-1		额外提升%.0f点怒气	-1		1	100	50											-1
15256	鼓舞士气	1	2	1	0	狗尾草通过怒吼声鼓舞己方士气，增加自己以及队友一定怒气。	5256	-1	99			99			1	400276	1	-1		-1		-1			-1		2	-1	-1	2	0	1	500	500	-1	-1	-1	-1	-1	-1	-1	-1	-1		-1		额外提升%.0f点怒气	-1		1	100	50											-1
15260	鼓舞士气	1	2	1	0	狐尾草通过怒吼声鼓舞己方士气，增加自己以及队友一定怒气。	5256	-1	99			99			1	400276	1	-1		-1		-1			-1		2	-1	-1	2	0	1	500	500	-1	-1	-1	-1	-1	-1	-1	-1	-1		-1		额外提升%.0f点怒气	-1		1	100	50											-1
15265	落叶陷阱	1	1	1	135	小树丛抖落下叶子，堆积在对方全体脚下，一定概率大幅降低对方速度并且造成一定伤害。能够弹走飞贼僵尸。	15268	-1	99			99			1	400274		-1		-1		-1			-1		1	-1	-1	1	0	1	500	500	-1	-1	-1	-1	-1	-1	-1	-1	-1		-1		额外提升%.0f点伤害	-1		1	295	295											-1
15268	落叶陷阱	1	1	1	135	梧桐树抖落下叶子，堆积在对方全体脚下，一定概率大幅降低对方速度并且造成一定伤害。能够弹走飞贼僵尸。	15268	-1	99			99			1	400274		-1		-1		-1			-1		1	-1	-1	1	0	1	500	500	-1	-1	-1	-1	-1	-1	-1	-1	-1		-1		额外提升%.0f点伤害	-1		1	295	295											-1
15272	落叶陷阱	1	1	1	135	柏树抖落下叶子，堆积在对方全体脚下，一定概率大幅降低对方速度并且造成一定伤害。能够弹走飞贼僵尸。	15268	-1	99			99			1	400274		-1		-1		-1			-1		1	-1	-1	1	0	1	500	500	-1	-1	-1	-1	-1	-1	-1	-1	-1		-1		额外提升%.0f点伤害	-1		1	295	295											-1
15277	破甲强袭	1	1	1	0	磁力菇利用磁力吸收场上所有敌人的防具，削弱其防御力并将吸收的防具制成护盾，在接下来的2回合内减免一定的伤害，之后将护盾打出并对一横排目标造成伤害。	15277	-1	99			99			1	400277	8	-1		-1		-1			-1		1	-1	-1	1	0	1	500	500	-1	-1	-1	-1	-1	-1	-1	-1	-1		-1		降低敌人%.0f点防御	-1		1	180	180											-1
15280	破甲强袭	1	1	1	0	电磁菇利用磁力吸收场上所有敌人的防具，削弱其防御力并将吸收的防具制成护盾，在接下来的2回合内减免一定的伤害，之后将护盾打出并对一横排目标造成伤害。	15277	-1	99			99			1	400277	8	-1		-1		-1			-1		1	-1	-1	1	0	1	500	500	-1	-1	-1	-1	-1	-1	-1	-1	-1		-1		降低敌人%.0f点防御	-1		1	180	180											-1
15284	破甲强袭	1	1	1	0	万磁菇利用磁力吸收场上所有敌人的防具，削弱其防御力并将吸收的防具制成护盾，在接下来的2回合内减免一定的伤害，之后将护盾打出并对一横排目标造成伤害。	15277	-1	99			99			1	400277	8	-1		-1		-1			-1		1	-1	-1	1	0	1	500	500	-1	-1	-1	-1	-1	-1	-1	-1	-1		-1		降低敌人%.0f点防御	-1		1	180	180											-1
15285	连锁闪电	1	6	1	158	闪电芦苇聚集全身的力量发射出十万伏特，对目标以其上下左右目标造成一定伤害。	5286	-1	1	"1,0|2,0|3,0|4,0|5,0|6,0|7,0|8,0|9,0"		5	"0,0|0,1|0,-1|-1,0|1,0"		1	-1		-1		-1		-1			-1		1	-1	-1	1	0	2	500	500	-1	-1	-1	-1	-1	-1	-1	-1	-1		-1		额外提升%.0f点伤害	-1		1	390	390											-1
15286	连锁闪电	1	6	1	158	棱镜草聚集全身的力量发射出十万伏特，对目标以其上下左右目标造成一定伤害。	5286	-1	1	"1,0|2,0|3,0|4,0|5,0|6,0|7,0|8,0|9,0"		5	"0,0|0,1|0,-1|-1,0|1,0"		1	-1		-1		-1		-1			-1		1	-1	-1	1	0	2	500	500	-1	-1	-1	-1	-1	-1	-1	-1	-1		-1		额外提升%.0f点伤害	-1		1	390	390											-1
15287	连锁闪电	1	6	1	158	雷神草聚集全身的力量发射出十万伏特，对目标以其上下左右目标造成一定伤害。	5286	-1	1	"1,0|2,0|3,0|4,0|5,0|6,0|7,0|8,0|9,0"		5	"0,0|0,1|0,-1|-1,0|1,0"		1	-1		-1		-1		-1			-1		1	-1	-1	1	0	2	500	500	-1	-1	-1	-1	-1	-1	-1	-1	-1		-1		额外提升%.0f点伤害	-1		1	390	390											-1
15288	有钱任性	1	1	1	135	小雏菊一掷千金，丢出大量金币对敌方全体造成伤害，身上每多一个金币则多造成5%的伤害，消耗7个金币。对龙类僵尸产生额外效果。	15288	-1	99			99			1	-1		-1		-1		-1			-1		1	-1	-1	1	0	2	500	500	-1	-1	-1	-1	-1	-1	-1	-1	-1		-1		额外提升%.0f点伤害	-1		1	288	288											-1
15289	有钱任性	1	1	1	135	金盏花一掷千金，丢出大量金币对敌方全体造成伤害，身上每多一个金币则多造成5%的伤害，消耗7个金币。对龙类僵尸产生额外效果。	15288	-1	99			99			1	-1		-1		-1		-1			-1		1	-1	-1	1	0	2	500	500	-1	-1	-1	-1	-1	-1	-1	-1	-1		-1		额外提升%.0f点伤害	-1		1	288	288											-1
15290	有钱任性	1	1	1	135	黄金菊一掷千金，丢出大量金币对敌方全体造成伤害，身上每多一个金币则多造成5%的伤害，消耗7个金币。对龙类僵尸产生额外效果。	15288	-1	99			99			1	-1		-1		-1		-1			-1		1	-1	-1	1	0	2	500	500	-1	-1	-1	-1	-1	-1	-1	-1	-1		-1		额外提升%.0f点伤害	-1		1	288	288											-1
15291	兴奋	1	2	1	0	咖啡豆向己方战场散发出自身的粉末，大幅增加己方所有植物的速度和攻击力，效果持续2回合。	5291	-1	99			99			1	710004	1	710005	10	-1		-1			-1		2	-1	-1	2	0	1	500	500	-1	-1	-1	-1	-1	-1	-1	-1	-1		-1		增加己方所有植物%.0f点攻击力和一定速度	-1		1	280	280											-1
15292	兴奋	1	2	1	0	咖啡豆向己方战场散发出自身的粉末，大幅增加己方所有植物的速度和攻击力，效果持续2回合。	5291	-1	99			99			1	710004	1	710005	10	-1		-1			-1		2	-1	-1	2	0	1	500	500	-1	-1	-1	-1	-1	-1	-1	-1	-1		-1		增加己方所有植物%.1f点攻击力和一定速度	-1		1	280	280											-1
15293	兴奋	1	2	1	0	咖啡豆向己方战场散发出自身的粉末，大幅增加己方所有植物的速度和攻击力，效果持续2回合。	5291	-1	99			99			1	710004	1	710005	10	-1		-1			-1		2	-1	-1	2	0	1	500	500	-1	-1	-1	-1	-1	-1	-1	-1	-1		-1		增加己方所有植物%.2f点攻击力和一定速度	-1		1	280	280											-1
15294	沉默魅惑	1	8	1	0	魅惑菇施展念力随机使3个敌人一定几率沉默，使敌人不能使用技能，效果持续3回合。	5294	3	3			99			1	710001		-1		-1		-1			-1		1	-1	-1	1	0	1	500	500	-1	-1	-1	-1	-1	-1	-1	-1	60		-1		升级提升沉默概率	-1		1	50	10											-1
15295	沉默魅惑	1	8	1	0	魅惑菇施展念力随机使3个敌人一定几率沉默，使敌人不能使用技能，效果持续3回合。	5294	3	3			99			1	710001		-1		-1		-1			-1		1	-1	-1	1	0	1	500	500	-1	-1	-1	-1	-1	-1	-1	-1	80		-1		升级提升沉默概率	-1		1	50	10											-1
15296	沉默魅惑	1	8	1	0	魅惑菇施展念力随机使3个敌人一定几率沉默，使敌人不能使用技能，效果持续3回合。	5294	3	3			99			1	710001		-1		-1		-1			-1		1	-1	-1	1	0	1	500	500	-1	-1	-1	-1	-1	-1	-1	-1	100		-1		升级提升沉默概率	-1		1	50	10											-1
15300	激光喷射	1	1	1	160	能量豆跃起发射聚能激光射线，对本行所有目标造成额外伤害。  	5300	-1	9	"1,0|2,0|3,0|4,0|5,0|6,0|7,0|8,0|9,0"		99			1	-1		-1		-1		-1			-1		1	-1	-1	1	0	1	500	500	-1	-1	-1	-1	-1	-1	-1	-1	-1		-1		额外提升%.0f点伤害	-1	2	1	420	420											-1
15303	激光喷射	1	1	1	160	激光豆跃起发射聚能激光射线，对本行所有目标造成额外伤害。   	5300	-1	9	"1,0|2,0|3,0|4,0|5,0|6,0|7,0|8,0|9,0"		99			1	-1		-1		-1		-1			-1		1	-1	-1	1	0	1	500	500	-1	-1	-1	-1	-1	-1	-1	-1	-1		-1		额外提升%.0f点伤害	-1	2	1	420	420											-1
15307	激光喷射	1	1	1	160	超人豆跃起发射聚能激光射线，对本行所有目标造成额外伤害。   	5300	-1	9	"1,0|2,0|3,0|4,0|5,0|6,0|7,0|8,0|9,0"		99			1	-1		-1		-1		-1			-1		1	-1	-1	1	0	1	500	500	-1	-1	-1	-1	-1	-1	-1	-1	-1		-1		额外提升%.0f点伤害	-1	2	1	420	420											-1
15310	电磁脉冲	1	6	1	160	跃起落在僵尸中，引爆自身，发出强力电磁脉冲造成3*3的伤害和概率麻痹效果，脉冲干扰（麻痹）效果为2回合。对机械僵尸造成额外效果	5310	-1	1	"1,0|2,0|3,0|4,0|5,0|6,0|7,0|8,0|9,0"		9	"1,0|1,1|1,-1|0,1|0,0|0,-1|-1,1|-1,0|-1,-1|"		1	711020		711021		-1		-1			-1		1	-1	-1	1	0	1	500	500	-1	-1	-1	-1	-1	-1	-1	-1	-1		-1		额外提升%.0f点伤害	-1	2	3	380	380											-1
15313	电磁脉冲	1	6	1	160	跃起落在僵尸中，引爆自身，发出强力电磁脉冲造成3*3的伤害和概率麻痹效果，脉冲干扰（麻痹）效果为2回合。对机械僵尸造成额外效果	5310	-1	1	"1,0|2,0|3,0|4,0|5,0|6,0|7,0|8,0|9,0"		9	"1,0|1,1|1,-1|0,1|0,0|0,-1|-1,1|-1,0|-1,-1|"		1	711020		711021		-1		-1			-1		1	-1	-1	1	0	1	500	500	-1	-1	-1	-1	-1	-1	-1	-1	-1		-1		额外提升%.0f点伤害	-1	2	3	380	380											-1
15317	电磁脉冲	1	6	1	160	跃起落在僵尸中，引爆自身，发出强力电磁脉冲造成3*3的伤害和概率麻痹效果，脉冲干扰（麻痹）效果为2回合。对机械僵尸造成额外效果	5310	-1	1	"1,0|2,0|3,0|4,0|5,0|6,0|7,0|8,0|9,0"		9	"1,0|1,1|1,-1|0,1|0,0|0,-1|-1,1|-1,0|-1,-1|"		1	711020		711021		-1		-1			-1		1	-1	-1	1	0	1	500	500	-1	-1	-1	-1	-1	-1	-1	-1	-1		-1		额外提升%.0f点伤害	-1	2	3	380	380											-1
15320	等离子炮	1	1	1	160	柚子向前放出巨型离子炮，巨型离子炮缓慢飞行对一行造成伤害。	5320	-1	9	"1,0|2,0|3,0|4,0|5,0|6,0|7,0|8,0|9,0"		99			1	-1		-1		-1		-1			-1		1	-1	-1	1	0	1	500	500	-1	-1	-1	-1	-1	-1	-1	-1	-1		-1		额外提升%.0f点伤害	-1	2	2	418	418											-1
15323	等离子炮	1	1	1	160	柚子向前放出巨型离子炮，巨型离子炮缓慢飞行对一行造成伤害。	5320	-1	9	"1,0|2,0|3,0|4,0|5,0|6,0|7,0|8,0|9,0"		99			1	-1		-1		-1		-1			-1		1	-1	-1	1	0	1	500	500	-1	-1	-1	-1	-1	-1	-1	-1	-1		-1		额外提升%.0f点伤害	-1	2	2	418	418											-1
15327	等离子炮	1	1	1	160	柚子向前放出巨型离子炮，巨型离子炮缓慢飞行对一行造成伤害。	5320	-1	9	"1,0|2,0|3,0|4,0|5,0|6,0|7,0|8,0|9,0"		99			1	-1		-1		-1		-1			-1		1	-1	-1	1	0	1	500	500	-1	-1	-1	-1	-1	-1	-1	-1	-1		-1		额外提升%.0f点伤害	-1	2	2	418	418											-1
15330	炫光夺目	1	1	1	0	路灯发出强烈炫光，降低所有敌方的攻击和防御，效果持续一定回合	5330	-1	99			99			1	400283	170	400284	270	-1		-1			-1		1	-1	-1	1	0	1	500	500	-1	-1	-1	-1	-1	-1	-1	-1	-1		-1		降低所有目标%.0f点攻击力和一定防御力	-1		1	270	270											-1
15333	炫光夺目	1	1	1	0	路灯发出强烈炫光，降低所有敌方的攻击和防御，效果持续一定回合	5330	-1	99			99			1	400283	170	400284	270	-1		-1			-1		1	-1	-1	1	0	1	500	500	-1	-1	-1	-1	-1	-1	-1	-1	-1		-1		降低所有目标%.0f点攻击力和一定防御力	-1		1	270	270											-1
15337	炫光夺目	1	1	1	0	路灯发出强烈炫光，降低所有敌方的攻击和防御，效果持续一定回合	5330	-1	99			99			1	400283	170	400284	270	-1		-1			-1		1	-1	-1	1	0	1	500	500	-1	-1	-1	-1	-1	-1	-1	-1	-1		-1		降低所有目标%.0f点攻击力和一定防御力	-1		1	270	270											-1
15340	终极演奏	1	8	1	158	发射音符，随机攻击三个目标，并吸取被攻击目标50%的怒气。	5340	3	3			99			1	-1		-1		-1		-1			-1		1	-1	-1	1	0	1	500	500	-1	50	-1	-1	-1	-1	-1	-1	-1		-1		额外提升%.0f点伤害	-1		1	378	378											-1
15343	终极演奏	1	8	1	158	发射音符，随机攻击三个目标，并吸取被攻击目标50%的怒气。	5340	3	3			99			1	-1		-1		-1		-1			-1		1	-1	-1	1	0	2	500	500	-1	50	-1	-1	-1	-1	-1	-1	-1		-1		额外提升%.0f点伤害	-1		1	378	378											-1
15346	终极演奏	1	8	1	158	发射音符，随机攻击三个目标，并吸取被攻击目标50%的怒气。	5340	3	3			99			1	-1		-1		-1		-1			-1		1	-1	-1	1	0	3	500	500	-1	50	-1	-1	-1	-1	-1	-1	-1		-1		额外提升%.0f点伤害	-1		1	378	378										2	-1
15349	定向爆破	1	1	1	158	针叶爆破手向一个敌人连续掷出4枚爆炸针叶，全部命中后集体引爆，造成巨大伤害。	5350	-1	1	"1,0|2,0|3,0|4,0|5,0|6,0|7,0|8,0|9,0"		1			1	-1		-1		-1		-1			-1		1	-1	-1	1	0	1	500	500	-1	-1	-1	-1	-1	-1	-1	-1	-1		-1		额外提升%.0f点伤害	-1		1	390	390											-1
15352	定向爆破	1	1	1	158	针叶爆破手向一个敌人连续掷出4枚爆炸针叶，全部命中后集体引爆，造成巨大伤害。	5350	-1	1			1			1	-1		-1		-1		-1			-1		1	-1	6	1	0	2	500	500	-1	-1	-1	-1	-1	-1	-1	-1	-1		-1		额外提升%.0f点伤害	-1		1	390	390											-1
15355	定向爆破	1	1	1	158	针叶爆破手向一个敌人连续掷出4枚爆炸针叶，全部命中后集体引爆，造成巨大伤害。	5350	-1	1	"9,0|8,0|7,0|6,0|5,0|4,0|3,0|2,0|1,0"		99			1	-1		-1		-1		-1			-1		1	-1	-1	1	0	3	500	500	-1	-1	-1	-1	-1	-1	-1	-1	-1		-1		额外提升%.0f点伤害	-1		1	390	390											-1
15358	帽子戏法	1	1	1	158	扔出魔术帽子命中2个敌人，被击中的敌人被禁锢两回合（不能攻击，且无法被攻击）	5360	-1	1			2			1	-1		-1		-1		-1			-1		1	-1	8	1	0	1	500	500	-1	-1	-1	-1	-1	-1	-1	-1	-1		-1	1	额外提升%.0f点伤害	-1		1	0	0											-1
15361	帽子戏法	1	1	1	158	扔出魔术帽子命中2个敌人，被击中的敌人被禁锢两回合（不能攻击，且无法被攻击）	5360	-1	1			2			1	-1		-1		-1		-1			-1		1	-1	8	1	0	2	500	500	-1	-1	-1	-1	-1	-1	-1	-1	-1		-1	1	额外提升%.0f点伤害	-1		1	0	0											-1
15364	帽子戏法	1	1	1	158	扔出魔术帽子命中2个敌人，被击中的敌人被禁锢两回合（不能攻击，且无法被攻击）	5360	-1	1			3			1	-1		-1		-1		-1			-1		1	-1	8	1	0	3	500	500	-1	-1	-1	-1	-1	-1	-1	-1	-1		-1	1	额外提升%.0f点伤害	-1		1	0	0											-1
15372	月影突袭	1	8	1	158	月光花发射暗影花瓣对随机3个敌人造成大量伤害（伤害随当前暗影等级提高），同时暗影等级提升1，当暗影等级达到4级后，进入暗影形态，持续2回合。	5372	3	3			99			1	-1		-1		-1		900101			-1		1	-1	8	1	0	1	500	500	-1	-1	-1	-1	-1	-1	-1	-1	-1		-1	1	额外提升%.0f点伤害	-1		1	378	378											-1
15373	月影突袭	1	8	1	158	月光花发射暗影花瓣对随机3个敌人造成大量伤害（伤害随当前暗影等级提高），同时暗影等级提升1，当暗影等级达到4级后，进入暗影形态，持续2回合。	5372	3	3			99			1	-1		-1		-1		900101			-1		1	-1	8	1	0	2	500	500	-1	-1	-1	-1	-1	-1	-1	-1	-1		-1	1	额外提升%.0f点伤害	-1		1	378	378											-1
15374	月影突袭	1	8	1	158	月光花发射暗影花瓣对随机3个敌人造成大量伤害（伤害随当前暗影等级提高），同时暗影等级提升1，当暗影等级达到4级后，进入暗影形态，持续2回合。	5372	3	3			99			1	-1		-1		-1		900101			-1		1	-1	8	1	0	3	500	500	-1	-1	-1	-1	-1	-1	-1	-1	-1		-1	1	额外提升%.0f点伤害	-1		1	378	378											-1
15382	嘲讽	1	2	1	0	接下来4回合内大幅提升自身防御力和闪避率，并且嘲讽本行单位，使其强制攻击自身。	5382	-1	1	"0,0"		99			1	900001	5	900012	5	900013		-1			-1		2	-1	-1	1	0	1	500	500	-1	-1	-1	-1	-1	-1	-1	-1	-1		-1		提升自身%.0f%%点防御力和一定闪避	-1		1	20	5											-1
15383	嘲讽	1	2	1	0	接下来4回合内大幅提升自身防御力和闪避率，并且嘲讽本行单位，使其强制攻击自身。	5382	-1	1	"0,0"		99			1	900002	5	900012	5	900013		-1			-1		2	-1	-1	1	0	1	500	500	-1	-1	-1	-1	-1	-1	-1	-1	-1		-1		提升自身%.0f%%点防御力和一定闪避	-1		1	25	5											-1
15384	嘲讽	1	2	1	0	接下来4回合内大幅提升自身防御力和闪避率，并且嘲讽本行单位，使其强制攻击自身。	5382	-1	1	"0,0"		99			1	900003	5	900012	5	900013		-1			-1		2	-1	-1	1	0	1	500	500	-1	-1	-1	-1	-1	-1	-1	-1	-1		-1		提升自身%.0f%%点防御力和一定闪避	-1		1	30	5											-1
15392	死亡果核	1	15	1	100	对当前血量百分比最低的敌人造成伤害(单一敌人)，且敌人血量越少，暴击伤害越高	5392	-1	1			99			1	-1	-1	-1		-1		-1			-1		1	-1	-1	1	0	1	500	500	-1	-1	-1	-1	-1	-1	-1	-1	-1		-1		加%.0f%%暴击系数	-1		1	30	378											-1
15393	死亡果核	1	15	1	100	对当前血量百分比最低的敌人造成伤害(单一敌人)，且敌人血量越少，暴击伤害越高	5392	-1	1			99			1	-1	-1	-1		-1		-1			-1		1	-1	-1	1	0	2	500	500	-1	-1	-1	-1	-1	-1	-1	-1	-1		-1		加%.0f%%暴击系数	-1		1	30	378											-1
15394	死亡果核	1	15	1	100	对当前血量百分比最低的敌人造成伤害(单一敌人)，且敌人血量越少，暴击伤害越高	5392	-1	1			99			1	-1	-1	-1		-1		-1			-1		1	-1	-1	1	0	3	500	500	-1	-1	-1	-1	-1	-1	-1	-1	-1		-1		加%.0f%%暴击系数	-1		1	30	378											-1
15402	孢子狂潮	1	8	1	100	随机攻击3个敌人，且每个敌人受到的中毒buff层数为2	5400	3	3			99			1	-1		-1		-1		-1			-1		1	-1	-1	1	0	1	500	500	-1	-1	-1	-1	-1	-1	-1	-1	-1		-1		每回合按照自身攻击力的%.0f%%，扣除敌方血量	-1		1	15	0											-1
15403	孢子狂潮	1	8	1	100	随机攻击3个敌人，且每个敌人受到的中毒buff层数为2	5400	3	3			99			1	-1		-1		-1		-1			-1		1	-1	-1	1	0	2	500	500	-1	-1	-1	-1	-1	-1	-1	-1	-1		-1		每回合按照自身攻击力的%.0f%%，扣除敌方血量	-1		1	15	0											-1
15404	孢子狂潮	1	8	1	100	随机攻击3个敌人，且每个敌人受到的中毒buff层数为2	5400	3	3			99			1	-1		-1		-1		-1			-1		1	-1	-1	1	0	3	500	500	-1	-1	-1	-1	-1	-1	-1	-1	-1		-1		每回合按照自身攻击力的%.0f%%，扣除敌方血量	-1		1	15	0											-1
15412	催化唾液	1	1	1	50	毒舌菇跳至敌人中心，向周围敌人喷出唾液，增强敌方携带的所有负面效果，持续3回合	5410	-1	99			99			1	900201	10	900202		-1		-1			-1		1	-1	-1	1	0	1	500	500	-1	-1	-1	-1	-1	-1	-1	-1	-1		-1		3回合内，提升敌人所携带的所有debuff效果%.0f%%	-1		1	30	10											-1
15413	催化唾液	1	1	1	50	血毒菇跳至敌人中心，向周围敌人喷出唾液，增强敌方携带的所有负面效果，持续3回合	5410	-1	99			99			1	900201	10	900202		-1		-1			-1		1	-1	-1	1	0	1	500	500	-1	-1	-1	-1	-1	-1	-1	-1	-1		-1		3回合内，提升敌人所携带的所有debuff效果%.0f%%	-1		1	30	10											-1
15414	催化唾液	1	1	1	50	毒影菇跳至敌人中心，向周围敌人喷出唾液，增强敌方携带的所有负面效果，持续3回合	5410	-1	99			99			1	900201	10	900202		-1		-1			-1		1	-1	-1	1	0	1	500	500	-1	-1	-1	-1	-1	-1	-1	-1	-1		-1		3回合内，提升敌人所携带的所有debuff效果%.0f%%	-1		1	30	10											-1
15422	死亡突刺	1	4	1	100	连续穿刺攻击，对每行的前两个目标造成伤害，并使敌人流血	5420	-1	3			99			1	-1		-1		-1		-1			-1		1	-1	-1	1	0	1	500	500	-1	-1	-1	-1	-1	-1	-1	-1	-1		-1		每层流血效果每回合扣除目标玫瑰攻击力%.0f%%的血量	-1		1	50												-1
15423	死亡突刺	1	4	1	100	连续穿刺攻击，对每行的前两个目标造成伤害，并使敌人流血	5420	-1	3			99			1	-1		-1		-1		-1			-1		1	-1	-1	1	0	1	500	500	-1	-1	-1	-1	-1	-1	-1	-1	-1		-1		每层流血效果每回合扣除目标玫瑰攻击力%.0f%%的血量	-1		1	50												-1
15424	死亡突刺	1	4	1	100	连续穿刺攻击，对每行的前两个目标造成伤害，并使敌人流血	5420	-1	3			99			1	-1		-1		-1		-1			-1		1	-1	-1	1	0	1	500	500	-1	-1	-1	-1	-1	-1	-1	-1	-1		-1		每层流血效果每回合扣除目标玫瑰攻击力%.0f%%的血量	-1		1	50												-1
15432	超级弹射	1	2	1	0	每回合多扔出1个齿轮，持续3回合，大招状态可叠加。	5430	-1	1	"0,0"		99			1	900304		-1		-1		-1			-1		2	-1	-1	1	0	1	500	500	-1	-1	-1	-1	-1	-1	-1	-1	-1		-1		每回合多扔出1个齿轮，持续3回合，大招状态可叠加。	-1		1	0												-1
15433	超级弹射	1	2	1	0	每回合多扔出1个齿轮，持续3回合，大招状态可叠加。	5430	-1	1	"0,0"		99			1	900304		-1		-1		-1			-1		2	-1	-1	1	0	1	500	500	-1	-1	-1	-1	-1	-1	-1	-1	-1		-1		每回合多扔出1个齿轮，持续3回合，大招状态可叠加。	-1		1	0												-1
15434	超级弹射	1	2	1	0	每回合多扔出1个齿轮，持续3回合，大招状态可叠加。	5430	-1	1	"0,0"		99			1	900304		-1		-1		-1			-1		2	-1	-1	1	0	1	500	500	-1	-1	-1	-1	-1	-1	-1	-1	-1		-1		每回合多扔出1个齿轮，持续3回合，大招状态可叠加。	-1		1	0												-1
																																																															
20001	普通	1	1		100	对敌方单体造成伤害		1	1	"1,0"		99			2	-1		-1		-1		-1			-1		1	-1	-1	1	0	1	500	500	-1	-1	-1	-1	-1	-1	-1	-1	-1		-1			-1		1	0	0											-1
20002	旗子	1	1		100	对敌方单体造成伤害		-1	1	"1,0"		99			2	-1		-1		-1		-1			-1		1	-1	-1	1	0	1	500	500	-1	-1	-1	-1	-1	-1	-1	-1	-1		-1			-1		1	0	0											-1
20003	路障	1	1		100	对敌方单体造成伤害		-1	1	"1,0"		99			2	110013		-1		-1		-1			-1		1	-1	-1	1	0	1	500	500	-1	-1	-1	-1	-1	-1	-1	-1	-1		-1			-1		1	0	0											-1
20004	铁桶	1	1		100	对敌方单体造成伤害		-1	1	"1,0"		99			2	-1		-1		-1		-1			-1		1	-1	-1	1	0	1	500	500	-1	-1	-1	-1	-1	-1	-1	-1	-1		-1			-1		1	0	0											-1
20005	橄榄球	1	1		100	对敌方单体造成伤害		-1	1	"1,0|2,0|3,0|4,0|5,0|6,0|7,0|8,0|9,0"		99			2	110021		-1		-1		-1			-1		1	-1	-1	1	0	1	500	500	-1	-1	-1	-1	-1	-1	-1	-1	-1		-1			-1		1	0	0											-1
20006	扶梯	1	1		100	对敌方单体造成伤害		-1	1	"1,0"		99			2	110025		-1		-1		-1			-1		1	-1	-1	1	0	1	500	500	-1	-1	-1	-1	-1	-1	-1	-1	-1		-1			-1		1	0	0											-1
20007	伽刚特尔	1	1		100	对敌方单体造成伤害		-1	1	"1,0"		99			2	-1		-1		-1		-1			-1		1	-1	-1	1	0	1	500	500	-1	-1	-1	-1	-1	-1	-1	-1	-1		-1			-1		1	0	0											-1
20008	雪人	1	1		100	对敌方单体造成伤害		-1	1	"1,0|2,0|3,0|4,0|5,0|6,0|7,0|8,0|9,0"		99			2	110033		-1		-1		-1			-1		1	-1	-1	1	0	1	500	500	-1	-1	-1	-1	-1	-1	-1	-1	-1		-1			-1		1	0	0											-1
20009	撑杆	1	1		100	对敌方单体造成伤害		-1	1	"1,0|2,0|3,0|4,0|5,0|6,0|7,0|8,0|9,0"		99			2	110037		-1		-1		-1			-1		1	-1	-1	1	0	1	500	500	-1	-1	-1	-1	-1	-1	-1	-1	-1		-1			-1		1	0	0											-1
20010	卡车司机	1	14		100	对敌方单体造成伤害		-1	1	"1,0|2,0|3,0|4,0|5,0|6,0|7,0|8,0|9,0"		99			2	-1		-1		-1		-1			-1		1	-1	-1	1	0	1	500	500	-1	-1	-1	-1	-1	-1	-1	-1	-1		-1			-1		1	0	0											-1
20101	木乃伊僵尸	1	1		100	对敌方单体造成伤害		-1	1	"1,0"		99			2	-1		-1		-1		-1			-1		1	-1	-1	1	0	1	500	500	-1	-1	-1	-1	-1	-1	-1	-1	-1		-1			-1	2	1	0	0											-1
20102	路障木乃伊	1	1		100	对敌方单体造成伤害		-1	1	"1,0"		99			2	110053		-1		-1		-1			-1		1	-1	-1	1	0	1	500	500	-1	-1	-1	-1	-1	-1	-1	-1	-1		-1			-1	2	1	0	0											-1
20103	旗子木乃伊	1	1		100	对敌方单体造成伤害		-1	1	"1,0"		99			2	110057		-1		-1		-1			-1		1	-1	-1	1	0	1	500	500	-1	-1	-1	-1	-1	-1	-1	-1	-1		-1			-1	2	1	0	0											-1
20104	铁桶木乃伊	1	1		100	对敌方单体造成伤害		-1	1	"1,0"		99			2	-1		-1		-1		-1			-1		1	-1	-1	1	0	1	500	500	-1	-1	-1	-1	-1	-1	-1	-1	-1		-1			-1	2	3	0	0											-1
20105	骆驼僵尸	1	1		100	对敌方单体造成伤害		-1	1	"1,0"		99			2	110065		-1		-1		-1			-1		1	-1	-1	1	0	1	500	500	-1	-1	-1	-1	-1	-1	-1	-1	-1		-1			-1	2	3	0	0											-1
20106	探险家僵尸	1	1		100	对敌方单体造成伤害		-1	1	"1,0"		99			2	-1		-1		-1		-1			-1		1	-1	-1	1	0	1	500	500	-1	-1	-1	-1	-1	-1	-1	-1	-1		-1			-1	2	3	0	0											-1
20107	死神僵尸	1	1		100	对敌方单体造成伤害		-1	1	"1,0"		99			2	-1		-1		-1		-1			-1		1	-1	-1	1	0	1	500	500	-1	-1	-1	-1	-1	-1	-1	-1	-1		-1			-1	2	2	0	0											-1
20108	太阳神僵尸	1	1		100	对敌方单体造成伤害		-1	1	"1,0|2,0|3,0|4,0|5,0|6,0|7,0|8,0|9,0"		99			2	-1		-1		-1		-1			-1		1	-1	-1	1	0	1	500	500	-1	-1	-1	-1	-1	-1	-1	-1	-1		-1			-1	2	2	0	0											-1
20109	法老僵尸	1	1		100	对敌方单体造成伤害		-1	1	"1,0"		99			2	-1		-1		-1		-1			-1		1	-1	-1	1	0	1	500	500	-1	-1	-1	-1	-1	-1	-1	-1	-1		-1			-1	2	2	0	0											-1
20110	埃及艳后僵尸	1	1		100	对敌方单体造成伤害		-1	1	"1,0"		99			2	-1		-1		-1		-1			-1		1	-1	-1	1	0	1	500	500	-1	-1	-1	-1	-1	-1	-1	-1	-1		-1			-1		1	0	0											-1
20201	海盗僵尸	1	1		100	对敌方单体造成伤害		-1	1	"1,0"		99			2	-1		-1		-1		-1			-1		1	-1	-1	1	0	1	500	500	-1	-1	-1	-1	-1	-1	-1	-1	-1		-1			-1		1	0	0											-1
20202	路障海盗	1	1		100	对敌方单体造成伤害		-1	1	"1,0"		99			2	110093		-1		-1		-1			-1		1	-1	-1	1	0	1	500	500	-1	-1	-1	-1	-1	-1	-1	-1	-1		-1			-1		1	0	0											-1
20203	旗子海盗	1	1		100	对敌方单体造成伤害		-1	1	"1,0"		99			2	-1		-1		-1		-1			-1		1	-1	-1	1	0	1	500	500	-1	-1	-1	-1	-1	-1	-1	-1	-1		-1			-1		1	0	0											-1
20204	铁桶僵尸	1	1		100	对敌方单体造成伤害		-1	1	"1,0"		99			2	-1		-1		-1		-1			-1		1	-1	-1	1	0	1	500	500	-1	-1	-1	-1	-1	-1	-1	-1	-1		-1			-1		1	0	0											-1
20205	飞索海盗	1	1		100	对敌方单体造成伤害		-1	1	"1,0|2,0|3,0"		99			2	110105		-1		-1		-1			-1		1	-1	-1	1	0	1	500	500	-1	-1	-1	-1	-1	-1	-1	-1	-1		-1			-1		1	0	0											-1
20206	海鸥海盗	1	1		100	对敌方单体造成伤害		-1	1	"1,0"		99			2	-1		-1		-1		-1			-1		1	-1	-1	1	0	1	500	500	-1	-1	-1	-1	-1	-1	-1	-1	-1		-1			-1		1	0	0											-1
20207	滚桶海盗	1	1		100	对敌方单体造成伤害		-1	1	"1,0"		99			2	-1		-1		-1		-1			-1		1	-1	-1	1	0	1	500	500	-1	-1	-1	-1	-1	-1	-1	-1	-1		-1			-1		1	0	0											-1
20208	海盗小鬼僵尸	1	1		100	对敌方单体造成伤害		-1	1	"1,0"		99			2	-1		-1		-1		-1			-1		1	-1	-1	1	0	1	500	500	-1	-1	-1	-1	-1	-1	-1	-1	-1		-1			-1		1	0	0											-1
20209	小鬼僵尸炮	1	1		100	对敌方单体造成伤害		2	1	"1,0|2,0|3,0|4,0|5,0|6,0|7,0|8,0|9,0"		99			2	110125		-1		-1		-1			-1		1	-1	-1	1	0	1	500	500	-1	-1	-1	-1	-1	-1	-1	-1	-1		-1			-1		1	0	0											-1
20210	僵尸鹦鹉	1	1		100	对敌方单体造成伤害		-1	1	"1,0"		99			2	-1		-1		-1		-1			-1		1	-1	-1	1	0	1	500	500	-1	-1	-1	-1	-1	-1	-1	-1	-1		-1			-1		1	0	0											-1
20211	海盗船长僵尸	1	1		100	对敌方单体造成伤害		1	1	"1,0"		99			2	-1		-1		-1		-1			-1		1	-1	-1	1	0	1	500	500	-1	-1	-1	-1	-1	-1	-1	-1	-1		-1			-1		1	0	0											-1
20301	牛仔僵尸	1	1		100	对敌方单体造成伤害		-1	1	"1,0"		99			2	110137		-1		-1		-1			-1		1	-1	-1	1	0	1	500	500	-1	-1	-1	-1	-1	-1	-1	-1	-1		-1			-1		1	0	0											-1
20302	路障牛仔	1	1		100	对敌方单体造成伤害		-1	1	"1,0"		99			2	-1		-1		-1		-1			-1		1	-1	-1	1	0	1	500	500	-1	-1	-1	-1	-1	-1	-1	-1	-1		-1			-1		1	0	0											-1
20303	铁桶牛仔	1	1		100	对敌方单体造成伤害		-1	1	"1,0"		99			2	-1		-1		-1		-1			-1		1	-1	-1	1	0	1	500	500	-1	-1	-1	-1	-1	-1	-1	-1	-1		-1			-1		1	0	0											-1
20304	旗子牛仔	1	1		100	对敌方单体造成伤害		-1	1	"1,0"		99			2	-1		-1		-1		-1			-1		1	-1	-1	1	0	1	500	500	-1	-1	-1	-1	-1	-1	-1	-1	-1		-1			-1		1	0	0											-1
20305	淘金僵尸	1	1		450	自爆炸面前3*3范围目标		-1	1	"1,0"		9	"0,0|0,1|0,-1|-1,1|-1,0|-1，-1|-2,1|-2,0|-2，-1"		2	-1		-1		-1		-1			-1		1	-1	-1	1	0	1	500	500	-1	-1	-1	-1	-1	-1	-1	-1	-1		-1			-1		1	0	0											-1
20306	钢琴僵尸	1	1		100	对敌方单体造成伤害		-1	1	"1,0|2,0|3,0|4,0|5,0|6,0|7,0|8,0|9,0"		99			2	-1		-1		-1		-1			-1		1	-1	-1	1	0	1	500	500	-1	-1	-1	-1	-1	-1	-1	-1	-1		-1			-1		1	0	0											-1
20307	斗篷僵尸	1	1		100	对敌方单体造成伤害		-1	1	"1,0"		99			2	110161		-1		-1		-1			-1		1	-1	-1	1	0	1	500	500	-1	-1	-1	-1	-1	-1	-1	-1	-1		-1			-1		1	0	0											-1
20308	鸡贼僵尸	1	1		100	对敌方单体造成伤害		-1	1	"1,0"		99			2	-1		-1		-1		-1			-1		1	-1	-1	1	0	1	500	500	-1	-1	-1	-1	-1	-1	-1	-1	-1		-1			-1		1	0	0											-1
20309	僵尸鸡	1	1		100	对敌方单体造成伤害		-1	1	"1,0"		99			2	110169		-1		-1		-1			-1		1	-1	-1	1	0	1	500	500	-1	-1	-1	-1	-1	-1	-1	-1	-1		-1			-1		1	0	0											-1
20310	骑牛小鬼僵尸	1	1		100	对敌方单体造成伤害		-1	1	"1,0"		99			2	-1		-1		-1		-1			-1		1	-1	-1	1	0	1	500	500	-1	-1	-1	-1	-1	-1	-1	-1	-1		-1			-1		1	0	0											-1
20311	机器牛	1	1		100	对敌方单体造成伤害		-1	1	"1,0"		99			2	-1		-1		-1		-1			-1		1	-1	-1	1	0	1	500	500	-1	-1	-1	-1	-1	-1	-1	-1	-1		-1			-1		1	0	0											-1
20312	僵尸警长	1	1		100	对敌方单体造成伤害		-1	1	"1,0|2,0|3,0|4,0|5,0|6,0|7,0|8,0|9,0"		99			2	-1		-1		-1		-1			-1		1	-1	-1	1	0	1	500	500	-1	-1	-1	-1	-1	-1	-1	-1	-1		-1			-1		1	0	0											-1
20313	僵尸酋长	1	1		100	对敌方单体造成伤害		-1	1	"1,0"		99			2	-1		-1		-1		-1			-1		1	-1	-1	1	0	1	500	500	-1	-1	-1	-1	-1	-1	-1	-1	-1		-1			-1		1	0	0											-1
20401	长城普通	1	1		100	对敌方单体造成伤害		-1	1	"1,0"		99			0	-1		-1		-1		-1			-1		1	-1	-1	1	0	1	500	500	-1	-1	-1	-1	-1	-1	-1	-1	-1		-1			-1		1	0	0											-1
20402	长城路障	1	1		100	对敌方单体造成伤害		-1	1	"1,0"		99			0	-1		-1		-1		-1			-1		1	-1	-1	1	0	1	500	500	-1	-1	-1	-1	-1	-1	-1	-1	-1		-1			-1		1	0	0											-1
20403	长城铁桶	1	1		100	对敌方单体造成伤害		-1	1	"1,0"		99			0	-1		-1		-1		-1			-1		1	-1	-1	1	0	1	500	500	-1	-1	-1	-1	-1	-1	-1	-1	-1		-1			-1		1	0	0											-1
20404	灵符僵尸	1	1		100	对敌方单体造成伤害		-1	1	"1,0"		99			0	-1		-1		-1		-1			-1		1	-1	-1	1	0	1	500	500	-1	-1	-1	-1	-1	-1	-1	-1	-1		-1			-1		1	0	0											-1
20405	长城大刀	1	1		100	对敌方单体造成伤害		-1	1	"1,0"		99			0	-1		-1		-1		-1			-1		1	-1	-1	1	0	1	500	500	-1	-1	-1	-1	-1	-1	-1	-1	-1		-1			-1		1	0	0											-1
20406	长城长矛	1	1		100	对敌方单体造成伤害		-1	1	"1,0|2,0|3,0|4,0|5,0|6,0|7,0|8,0|9,0"		99			0	-1		-1		-1		-1			-1		1	-1	-1	1	0	1	500	500	-1	-1	-1	-1	-1	-1	-1	-1	-1		-1			-1		1	0	0											-1
20407	长城铁盔	1	1		100	对敌方单体造成伤害		-1	1	"1,0"		99			0	-1		-1		-1		-1			-1		1	-1	-1	1	0	1	500	500	-1	-1	-1	-1	-1	-1	-1	-1	-1		-1			-1		1	0	0											-1
20408	长城投石车	1	1		100	对敌方单体造成伤害		-1	1	"1,0|2,0|3,0|4,0|5,0|6,0|7,0|8,0|9,0"		99			0	-1		-1		-1		-1			-1		1	-1	-1	1	0	1	500	500	-1	-1	-1	-1	-1	-1	-1	-1	-1		-1			-1		1	0	0											-1
20409	长城圆锤	1	1		100	对敌方单体造成伤害		-1	1	"1,0"		99			0	-1		-1		-1		-1			-1		1	-1	-1	1	0	1	500	500	-1	-1	-1	-1	-1	-1	-1	-1	-1		-1			-1		1	0	0											-1
20410	长城战车	1	1		100	对敌方单体造成伤害		-1	1	"1,0|2,0|3,0|4,0|5,0|6,0|7,0|8,0|9,0"		99			0	-1		-1		-1		-1			-1		1	-1	-1	1	0	1	500	500	-1	-1	-1	-1	-1	-1	-1	-1	-1		-1			-1		1	0	0											-1
20411	皇帝僵尸	1	1		100	对敌方单体造成伤害		-1	1	"1,0|2,0|3,0|4,0|5,0|6,0|7,0|8,0|9,0"		99			0	-1		-1		-1		-1			-1		1	-1	-1	1	0	1	500	500	-1	-1	-1	-1	-1	-1	-1	-1	-1		-1			-1		1	0	0											-1
20501	普通原始人	1	1		100	对敌方单体造成伤害		-1	1	"1,0"		99			0	-1		-1		-1		-1			-1		1	-1	-1	1	0	1	500	500	-1	-1	-1	-1	-1	-1	-1	-1	-1		-1			-1		1	0	0											-1
20502	路障原始人	1	1		100	对敌方单体造成伤害		-1	1	"1,0"		99			0	-1		-1		-1		-1			-1		1	-1	-1	1	0	1	500	500	-1	-1	-1	-1	-1	-1	-1	-1	-1		-1			-1		1	0	0											-1
20503	铁桶原始人	1	1		100	对敌方单体造成伤害		-1	1	"1,0"		99			0	-1		-1		-1		-1			-1		1	-1	-1	1	0	1	500	500	-1	-1	-1	-1	-1	-1	-1	-1	-1		-1			-1		1	0	0											-1
20504	面具原始人	1	1		100	对敌方单体造成伤害		-1	1	"1,0"		99			0	-1		-1		-1		-1			-1		1	-1	-1	1	0	1	500	500	-1	-1	-1	-1	-1	-1	-1	-1	-1		-1			-1		1	0	0											-1
20505	木棍原始人	1	1		100	对敌方单体造成伤害		-1	1	"1,0"		99			0	-1		-1		-1		-1			-1		1	-1	-1	1	0	1	500	500	-1	-1	-1	-1	-1	-1	-1	-1	-1		-1			-1		1	0	0											-1
20506	弹弓原始人	1	1		100	对敌方单体造成伤害		-1	1	"1,0|2,0|3,0|4,0|5,0|6,0|7,0|8,0|9,0"		99			0	-1		-1		-1		-1			-1		1	-1	-1	1	0	1	500	500	-1	-1	-1	-1	-1	-1	-1	-1	-1		-1			-1		1	0	0											-1
20507	骑鸟僵尸	1	1		100	对敌方单体造成伤害		-1	1	"1,0"		99			0	-1		-1		-1		-1			-1		1	-1	-1	1	0	1	500	500	-1	-1	-1	-1	-1	-1	-1	-1	-1		-1			-1		1	0	0											-1
20508	蜗牛僵尸	1	1		100	对敌方单体造成伤害		-1	1	"1,0"		99			0	-1		-1		-1		-1			-1		1	-1	-1	1	0	1	500	500	-1	-1	-1	-1	-1	-1	-1	-1	-1		-1			-1		1	0	0											-1
20509	猛犸僵尸	1	1		100	对敌方单体造成伤害		-1	1	"1,0"		99			0	-1		-1		-1		-1			-1		1	-1	-1	1	0	1	500	500	-1	-1	-1	-1	-1	-1	-1	-1	-1		-1			-1		1	0	0											-1
20510	蜂窝僵尸	1	1		100	对敌方单体造成伤害		-1	1	"1,0"		99			0	-1		-1		-1		-1			-1		1	-1	-1	1	0	1	500	500	-1	-1	-1	-1	-1	-1	-1	-1	-1		-1			-1		1	0	0											-1
20511	力士僵尸	1	1		100	对敌方单体造成伤害		-1	1	"1,0"		99			0	-1		-1		-1		-1			-1		1	-1	-1	1	0	1	500	500	-1	-1	-1	-1	-1	-1	-1	-1	-1		-1			-1		1	0	0											-1
120512	僵尸博士	1	1		100	对敌方单体造成伤害		-1	1	"1,0"		99			0	-1		-1		-1		-1			-1		1	-1	-1	1	0	1	500	500	-1	-1	-1	-1	-1	-1	-1	-1	-1		-1			-1		1	0	0											-1
120515	模拟战僵尸博士	1	1		100	对敌方单体造成伤害		-1	3	"2,0|2,1|2,2"		99			0	-1		-1		-1		-1			-1		1	-1	-1	1	0	1	500	500	-1	-1	-1	-1	-1	-1	-1	-1	-1		-1			-1		1	0	0											-1
10020514	大墓地BOSS技能	1	1		300	全屏伤害		-1	99			99			2	-1		-1		-1		-1			-1		1	-1	-1	1	0	1	500	500	-1	-1	-1	-1	-1	-1	-1	-1	-1		-1			-1		1	0	0											-1
10020515	模拟战僵尸博士技能	1	1		30000	全屏伤害		-1	99			99			2	-1		-1		-1		-1			-1		1	-1	-1	1	0	1	500	500	-1	-1	-1	-1	-1	-1	-1	-1	-1		-1			-1		1	0	0											-1
10020508	蜗牛僵尸技能	1	1		100	全屏伤害		-1	99			99			2	-1		-1		-1		-1			-1		1	-1	-1	1	0	1	500	500	-1	-1	-1	-1	-1	-1	-1	-1	-1		-1			-1		1	0	0											-1
10020008	雪人僵尸	1	1		400	对敌方单体造成伤害		-1	99			99			0	110189		-1		-1		-1			-1		1	-1	-1	1	0	1	500	500	-1	-1	-1	-1	-1	-1	-1	-1	50		-1			-1		1	0	0											-1
10020007	伽刚特尔	1	2		0	对敌方单体造成伤害		-1	1	"0,0"		99			0	-1		-1		-1		-1			-1		2	-1	-1	2	0	1	500	500	-1	-1	-1	-1	-1	-1	-1	-1	-1		-1			-1		1	0	0											-1
10021007	伽刚特尔	1	1		500	对敌方单体造成伤害		-1	9	"1,0|2,0|3,0|4,0|5,0|6,0|7,0|8,0|9,0"		99			0	-1		-1		-1		-1			-1		1	-1	-1	1	0	1	500	500	-1	-1	-1	-1	-1	-1	-1	-1	-1		-1			-1		1	0	0											
10020010	卡车司机	1	1		450	对敌方单体造成伤害		-1	9	"1,0|2,0|3,0|4,0|5,0|6,0|7,0|8,0|9,0"		99			2	-1		-1		-1		-1			-1		1	-1	-1	1	0	1	500	500	-1	-1	-1	-1	-1	-1	-1	-1	-1		-1			-1		1	0	0											-1
10020108	太阳神僵尸	1	1		500	吸收血量最多的植物的血量		-1	1			1			0	-1		-1		-1		-1			-1		1	-1	3	1	0	1	500	500	50	-1	-1	-1	-1	-1	-1	-1	-1		-1			-1		1	0	0											-1
10020110	埃及艳后僵尸	1	2		400	所有僵尸恢复血量，并会从土中钻出3个普通木乃伊		-1	99			99			0	-1		-1		-1		-1			-1		2	-1	-1	2	0	1	500	500	-1	-1	-1	-1	-1	-1	-1	-1	-1		-1			-1		1	0	0											-1
10020109	法老僵尸技能	1	1		500	全屏伤害		-1	1	"1,0"		99			2	110209		-1		-1		-1			-1		1	-1	-1	1	0	1	500	500	-1	-1	-1	-1	-1	-1	-1	-1	-1		-1			-1		1	0	0											-1
10020211	海盗船长僵尸	1	1		450	对敌方单体造成伤害		-1	1	"1,0|2,0|3,0|4,0|5,0|6,0|7,0|8,0|9,0"		99			2	110213		-1		-1		-1			-1		1	-1	-1	1	0	1	500	500	-1	-1	-1	-1	-1	-1	-1	-1	-1		-1			-1		1	0	0											-1
10020209	小鬼僵尸炮	1	8		500	召唤2个僵尸，随便填，不会读取		3	99			99			0	-1		-1		-1		-1			-1		1	-1	-1	1	0	1	500	500	-1	-1	-1	-1	-1	-1	-1	-1	-1		-1			-1		1	0	0											-1
10020311	机器牛boss	1	6		500	眼睛变红，鼻子吐气，后退，脚刨地，冲击本行所有植物		-1	1	"1,0|2,0|3,0|4,0"		99	"0,0|-1,0|-2,0"		2	-1		-1		-1		-1			-1		1	-1	-1	1	0	1	500	500	-1	-1	-1	-1	-1	-1	-1	-1	-1		-1			-1		1	0	0											-1
10020312	僵尸警长boss	1	4		500	连续开6枪，攻击所有前排植物		-1	3			99			1	-1		-1		-1		-1			-1		1	-1	-1	1	0	1	500	500	-1	-1	-1	-1	-1	-1	-1	-1	-1		-1			-1		1	0	0											-1
10020313	僵尸酋长	1	1		550	对敌方全体造成伤害		-1	99			99			2	-1		-1		-1		-1			-1		1	-1	-1	1	0	1	500	500	-1	-1	-1	-1	-1	-1	-1	-1	-1		-1			-1		1	0	0											-1
10020314	长城战车	1	6		450	全屏伤害		-1	1	"1,0|2,0|3,0|4,0|5,0|6,0|7,0|8,0|9,0"		99	"-1,1|0,1|1,1|1,0|-1,-1|0,-1|1,-1|-2,2|-1,2|0,2|1,2|2,2|-2,1|2,1|2,0|-2,-1|2,-1|-2,-2|-1,-2|0,-2|1,-2|2,-2"		2	-1		-1		-1		-1			-1		1	-1	-1	1	0	1	500	500	-1	-1	-1	-1	-1	-1	-1	-1	-1		-1			-1		1	0	0											-1
10020315	僵尸警长	1	1		500	对敌方单体造成伤害		-1	99			99			2	-1		-1		-1		-1			-1		1	-1	-1	1	0	1	500	500	-1	-1	-1	-1	-1	-1	-1	-1	-1		-1			-1		1	0	0											-1
10020316	蜗牛僵尸技能	1	1		300	全屏伤害		-1	99			99			2	-1		-1		-1		-1			-1		1	-1	-1	1	0	1	500	500	-1	-1	-1	-1	-1	-1	-1	-1	-1		-1			-1		1	0	0											-1
10020317	精英美国铁僵技能	1	2		350	自己一次性恢复50%血量		-1	1	"0,0"		99			0	-1		-1		-1		-1			-1		2	-1	-1	2	0	1	500	500	-1	-1	-1	-1	-1	-1	-1	-1	-1		-1			-1		1	0	0											-1
10020318	精英美国路障技能	1	1		0	蹲下加防		-1	1	"0,0"		99			0	10020318		-1		-1		-1			-1		2	-1	-1	2	0	1	500	500	-1	-1	-1	-1	-1	-1	-1	-1	-1		-1			-1		1	0	0											-1
10020319	精英美国撑杆技能	1	1		300	连续投掷3只标枪，攻击血量最少的植物		-1	1			1			0	-1		-1		-1		-1			-1		1	-1	3	-1	0	1	500	500	-1	-1	-1	-1	-1	-1	-1	-1	-1		-1			-1		1	0	0											-1
10020320	精英美国旗帜	1	1		0	召唤2个僵尸，随便填，不会读取		7	99			99			2	110189		-1		-1		-1			-1		1	-1	-1	1	0	1	500	500	-1	-1	-1	-1	-1	-1	-1	-1	-1		-1			-1		1	0	0											-1
10020321	精英美国橄榄技能	1	1		300	抛起一个橄榄球并把橄榄球踢出，攻击本行最近的目标		-1	1	"1,0|2,0|3,0|4,0|5,0|6,0|7,0|8,0|9,0"		99			0	-1		-1		-1		-1			-1		1	-1	-1	-1	0	1	500	500	-1	-1	-1	-1	-1	-1	-1	-1	-1		-1			-1		1	0	0											-1
10020322	骑鸟僵尸技能	1	1		200	冲一行		-1	99	"1,0|2,0|3,0|4,0|5,0|6,0|7,0|8,0|9,0"		99			0	-1		-1		-1		-1			-1		1	-1	-1	-1	0	1	500	500	-1	-1	-1	-1	-1	-1	-1	-1	-1		-1			-1		1	0	0											-1
10020323	boss原始面具	1	2		450	在原地跳舞，恢复所有僵尸的生命		-1	99			99			0	-1		-1		-1		-1			-1		2	-1	-1	2	0	1	500	500	-1	-1	-1	-1	-1	-1	-1	-1	-1		-1			-1		1	0	0											-1
10020324	boss原始木棍	1	1		450	蓄力攻击面前的一个植物		-1	1	"1,0"		99			0	-1		-1		-1		-1			-1		1	-1	-1	1	0	1	500	500	-1	-1	-1	-1	-1	-1	-1	-1	-1		-1			-1		1	0	0											-1
10020325	boss原始蜂窝	1	6		200	向一个植物丢出一个蜂窝，砸出马蜂攻击这个植物及周围8格的目标		-1	1	"1,0|2,0|3,0|4,0|5,0|6,0|7,0|8,0|9,0"		99	"1,1|0,1|-1,1|1,0|0,0|-1,0|1,-1|0,-1|-1,-1"		0	-1		-1		-1		-1			-1		1	-1	-1	1	0	1	500	500	-1	-1	-1	-1	-1	-1	-1	-1	-1		-1			-1		1	0	0											-1
10020326	boss原始弹弓	1	1		300	瞄准并打一个巨大的石子出去，攻击本行最远的植物		-1	1	"9,0|8,0|7,0|6,0|5,0|4,0|3,0|2,0|1,0"		99			0	-1		-1		-1		-1			-1		1	-1	-1	1	0	1	500	500	-1	-1	-1	-1	-1	-1	-1	-1	-1		-1			-1		1	0	0											-1
10020327	boss原始铁通	1	2		500	自己一次性恢复50%血量		-1	1	"0,0"		99			0	-1		-1		-1		-1			-1		2	-1	-1	2	0	1	500	500	-1	-1	-1	-1	-1	-1	-1	-1	-1		-1			-1		1	0	0											-1
10020328	滚筒boss	1	4		450	小僵尸从桶的两侧跑出来，快速向前奔跑，攻击每行最前面的植物		-1	3	"1,0|2,0|3,0|4,0|5,0|6,0|7,0|8,0|9,0"		99			1	-1		-1		-1		-1			-1		1	-1	-1	1	0	1	500	500	-1	-1	-1	-1	-1	-1	-1	-1	-1		-1			-1		1	0	0											-1
10020329	淘金boss	1	6		450	自爆炸面前3*3范围目标		-1	1	"1,0|2,0|3,0|4,0|5,0|6,0|7,0|8,0|9,0"		9	"0,0|0,1|0,-1|-1,1|-1,0|-1，-1|-2,1|-2,0|-2，-1"		0	-1		-1		-1		-1			-1		1	-1	-1	1	0	1	500	500	-1	-1	-1	-1	-1	-1	-1	-1	-1		-1			-1		1	0	0											-1
10020330	猛犸boss	1	6		250	僵尸把胡萝卜抛出去，猛犸象追着胡萝卜跑，对所有植物造成伤害		-1	1	"1,0|2,0|3,0|4,0|1,1|2,1|3,1|4,1|1,2|2,2|3,2|4,2|1,-1|2,-1|3,-1|4,-1|1,-2|2,-2|3,-2|4,-2"		99	"0,0|1,0|2,0|-1,0|-2,0|0,1|1,1|2,1|-1,1|-2,1|0,2|1,2|2,2|-1,2|-2,2|0,-1|1,-1|2,-1|-1,-1|-2,-1|0,-2|1,-2|2,-2|-1,-2|-2,-2"		0	-1		-1		-1		-1			-1		1	-1	-1	1	0	1	500	500	-1	-1	-1	-1	-1	-1	-1	-1	-1		-1			-1		1	0	0											-1
10020331	力士boss	1	6		500	把两个巨石砸到地上并弹起，弹到随机出的两行中，弹跳着向前攻击本行所有的目标。		-1	1	"1,0|2,0|3,0|4,0|1,1|2,1|3,1|4,1|1,2|2,2|3,2|4,2|1,-1|2,-1|3,-1|4,-1|1,-2|2,-2|3,-2|4,-2"		99	"0,0|1,0|2,0|-1,0|-2,0|0,1|1,1|2,1|-1,1|-2,1|0,2|1,2|2,2|-1,2|-2,2|0,-1|1,-1|2,-1|-1,-1|-2,-1|0,-2|1,-2|2,-2|-1,-2|-2,-2"		1	-1		-1		-1		-1			-1		1	-1	-1	1	0	1	500	500	-1	-1	-1	-1	-1	-1	-1	-1	-1		-1			-1		1	0	0											-1
10020333	boss鸡贼	1	4		300	放出9只鸡，小鸡向前奔跑，攻击每行最前排的植物		-1	99			99			0	-1		-1		-1		-1			-1		1	-1	-1	1	0	1	500	500	-1	-1	-1	-1	-1	-1	-1	-1	-1		-1			-1		1	0	0											-1
10020337	boss木乃伊铁僵技能	1	2		500	自己一次性恢复50%血量		-1	1	"0,0"		99			0	-1		-1		-1		-1			-1		2	-1	-1	2	0	1	500	500	-1	-1	-1	-1	-1	-1	-1	-1	-1		-1			-1		1	0	0											-1
10020338	boss木乃伊路障技能	1	1		0	蹲下加防		-1	1	"0,0"		99			0	10025001		-1		-1		-1			-1		2	-1	-1	2	0	1	500	500	-1	-1	-1	-1	-1	-1	-1	-1	-1		-1			-1		1	0	0											-1
10020339	boss木乃伊旗帜技能	1	1		0	召唤2个僵尸，随便填，不会读取		7	99			99			2	-1		-1		-1		-1			-1		1	-1	-1	1	0	1	500	500	-1	-1	-1	-1	-1	-1	-1	-1	-1		-1			-1		1	0	0											-1
10020340	boss探险僵尸	1	1		350	扔出一个火把，后面2回合持续掉血		-1	1	"1,0|2,0|3,0|4,0|5,0|6,0|7,0|8,0|9,0"		99			1	10021001		-1		-1		-1			-1		1	-1	-1	1	0	1	500	500	-1	-1	-1	-1	-1	-1	-1	-1	-1		-1			-1		1	0	0											-1
10020341	boss长城路障	1	1		100	蹲下加防		-1	1	"0,0"		99			0	10027001		-1		-1		-1			-1		2	-1	-1	2	0	1	500	500	-1	-1	-1	-1	-1	-1	-1	-1	-1		-1			-1		1	0	0											-1
10020342	boss长城铁桶	1	2		500	自己一次性恢复50%血量		-1	1	"0,0"		99			0	-1		-1		-1		-1			-1		2	-1	-1	2	0	1	500	500	-1	-1	-1	-1	-1	-1	-1	-1	-1		-1			-1		1	0	0											-1
10020343	boss长城旗尸	1	1		0	召唤2个僵尸，随便填，不会读取		7	99			99			2	-1		-1		-1		-1			-1		1	-1	-1	1	0	1	500	500	-1	-1	-1	-1	-1	-1	-1	-1	-1		-1			-1		1	0	0											-1
10020344	boss长城皇帝僵尸	1	2		300	召唤3个僵尸，提升召唤僵尸攻击力		-1	99			99			2	10022001		-1		-1		-1			-1		2	-1	-1	2	0	1	500	500	-1	-1	-1	-1	-1	-1	-1	-1	-1		-1			-1		1	0	0											-1
10020345	boss灵符僵尸	1	1		500	撕掉自己头上的封条，该僵尸眼睛会变红，每次攻击都会攻击两次。一定回合后，灵符会重新贴到僵尸头上		-1	1	"1,0"		99			0	-1		-1		-1		-1			-1		1	-1	-1	1	0	1	500	500	-1	-1	-1	-1	-1	-1	-1	-1	-1		-1			-1		1	0	0											-1
10020346	boss长城圆锤	1	6		500	攻击本行所有敌人		-1	1	"1,0|2,0|3,0"		9	"0,0|-1,0|-2,0|-3,0|-4,0|-5,0|-6,0|-7,0|-8,0"		1	-1		-1		-1		-1			-1		1	-1	-1	1	0	1	500	500	-1	-1	-1	-1	-1	-1	-1	-1	-1		-1			-1		1	0	0											-1
10020347	boss长城战车	1	6		500	攻击这个植物及周围8格目标		-1	1	"1,0|2,0|3,0|4,0|5,0|6,0|7,0|8,0|9,0"		99	"1,1|0,1|-1,1|1,0|0,0|-1,0|1,-1|0,-1|-1,-1"		0	-1		-1		-1		-1			-1		1	-1	-1	1	0	1	500	500	-1	-1	-1	-1	-1	-1	-1	-1	-1		-1			-1		1	0	0											-1
10020348	boss长城大刀	1	6		600	攻击本行距离最近的两个敌人		-1	1	"1,0"		9	"0,0|-1,0|-2,0|-3,0|-4,0|-5,0|-6,0|-7,0|-8,0"		1	-1		-1		-1		-1			-1		1	-1	-1	1	0	2	500	500	-1	-1	-1	-1	-1	-1	-1	-1	-1		-1			-1		1	0	0											-1
10020349	boss长城投石车	1	8		450	一次性抛射3颗石头，打随机的三个目标		3	99			99			0	-1		-1		-1		-1			-1		1	-1	-1	1	0	1	500	500	-1	-1	-1	-1	-1	-1	-1	-1	-1		-1			-1		1	0	0											-1
10020350	boss长城铁桶	1	2		500	自己一次性恢复50%血量		-1	1	"0,0"		99			0	-1		-1		-1		-1			-1		2	-1	-1	2	0	1	500	500	-1	-1	-1	-1	-1	-1	-1	-1	-1		-1			-1		1	0	0											-1
10020351	boss西部铁桶	1	2		500	自己一次性恢复50%血量		-1	1	"0,0"		99			0	-1		-1		-1		-1			-1		2	-1	-1	2	0	1	500	500	-1	-1	-1	-1	-1	-1	-1	-1	-1		-1			-1		1	0	0											-1
10020352	boss西部旗尸	1	1		0	召唤2个僵尸，随便填，不会读取		7	99			99			2	-1		-1		-1		-1			-1		1	-1	-1	1	0	1	500	500	-1	-1	-1	-1	-1	-1	-1	-1	-1		-1			-1		1	0	0											-1
10020353	boss路障武师	1	1		0	蹲下加防		-1	1	"0,0"		99			0	10023001		-1		-1		-1			-1		2	-1	-1	2	0	1	500	500	-1	-1	-1	-1	-1	-1	-1	-1	-1		-1			-1		1	0	0											-1
10020354	boss路障牛仔	1	1		0	蹲下加防		-1	1	"0,0"		99			0	10024001		-1		-1		-1			-1		2	-1	-1	2	0	1	500	500	-1	-1	-1	-1	-1	-1	-1	-1	-1		-1			-1		1	0	0											-1
10020355	boss路障海盗	1	1		0	蹲下加防		-1	1	"0,0"		99			0	10026001		-1		-1		-1			-1		2	-1	-1	2	0	1	500	500	-1	-1	-1	-1	-1	-1	-1	-1	-1		-1			-1		1	0	0											-1
10020356	boss海盗旗帜	1	1		0	召唤2个僵尸，随便填，不会读取		7	99			99			2	-1		-1		-1		-1			-1		1	-1	-1	1	0	1	500	500	-1	-1	-1	-1	-1	-1	-1	-1	-1		-1			-1		1	0	0											-1
10020357	boss功夫气功	1	6		400	发射气功波，攻击本行最近的植物所在一列		-1	1	"9,0|8,0|7,0|6,0|5,0|4,0|3,0|2,0|1,0"		99	"0,0|1,0|2,0|3,0|4,0|5,0"		0	-1		-1		-1		-1			-1		1	-1	-1	1	0	3	500	500	-1	-1	-1	-1	-1	-1	-1	-1	-1		-1			-1		1	0	0											-1
10020358	boss功夫火炬	1	1		500	火把拿到面前，吹气吐火，攻击面前两格内的植物		-1	2	"1,0|2,0"		2	"0,0|-1,0"		1	-1		-1		-1		-1			-1		1	-1	-1	1	0	2	500	500	-1	-1	-1	-1	-1	-1	-1	-1	-1		-1			-1		1	0	0											-1
10020359	蜘蛛精	1	1		60	旁边的四个桶和后面的桶同时发射白色子弹，共发射10颗，子弹飞出屏幕，然后从上方飞入屏幕，攻击所有植物，击中时，子弹变成粘粘的蜘蛛网，植物在下一回合不能攻击和释放大招		-1	99			99			0	-1		-1		-1		-1			-1		1	-1	-1	1	0	1	500	500	-1	-1	-1	-1	-1	-1	-1	-1	-1		-1			-1		1	0	0											-1
10020360	牛魔王	1	1		400	从嘴巴里掏出一把小扇子，拿到手里后扇子变大，拿扇子扇出三个火龙卷风，攻击所有植物		-1	99			99			0	-1		-1		-1		-1			-1		1	-1	-1	1	0	1	500	500	-1	-1	-1	-1	-1	-1	-1	-1	-1		-1			-1		1	0	0											-1
10020361	boss红孩儿	1	1		500	吐一颗大火球，攻击最接近的植物并造成烧伤		-1	1	"1,0|2,0|3,0|4,0|5,0|6,0|7,0|8,0|9,0"		99			0	-1		-1		-1		-1			-1		1	-1	-1	1	0	1	500	500	-1	-1	-1	-1	-1	-1	-1	-1	-1		-1			-1		1	0	0											-1
10020362	boss土地公公	1	8		500	拐杖敲地，在随机两个植物脚下伸出土质尖刺		2	2			99			0	-1		-1		-1		-1			-1		1	-1	-1	1	0	1	500	500	-1	-1	-1	-1	-1	-1	-1	-1	-1		-1			-1		1	0	0											-1
10020363	boss黑熊精	1	1		500	丢法宝一样的把斧头丢到最弱植物头顶劈砍		-1	1			1			0	-1		-1		-1		-1			-1		1	-1	3	1	0	1	500	500	-1	-1	-1	-1	-1	-1	-1	-1	-1		-1			-1		1	0	0											-1
10020364	boss叉子小鬼	1	1		400	三叉戟被投掷出去，变大并插到地上，攻击三格内的植物		-1	99	"1,0|2,0|3,0|4,0|5,0|6,0|7,0|8,0|9,0"		99			0	-1		-1		-1		-1			-1		1	-1	-1	1	0	1	500	500	-1	-1	-1	-1	-1	-1	-1	-1	-1		-1			-1		1	0	0											-1
10020365	boss大锤武师	1	6		400			-1	99	"1,0|2,0|3,0|4,0|5,0|6,0|7,0|8,0|9,0"		99			0	-1		-1		-1		-1			-1		1	-1	-1	1	0	1	500	500	-1	-1	-1	-1	-1	-1	-1	-1	-1		-1			-1		1	0	0											-1
10020366	boss飞索僵尸	1	1		500	召唤3个僵尸，攻击3个目标		3	3			99			0	-1		-1		-1		-1			-1		1	-1	-1	1	0	1	500	500	-1	-1	-1	-1	-1	-1	-1	-1	-1		-1			-1		1	0	0											-1
10020400	boss海鸥僵尸	1	1		500	海鸥抬高僵尸，僵尸悬在空中，此时海鸥迅速前进，攻击血量最少的植物，攻击完毕后回来接住下落中的僵尸		-1	1			1			0	-1		-1		-1		-1			-1		1	-1	3	1	0	1	500	500	-1	-1	-1	-1	-1	-1	-1	-1	-1		-1			-1		1	0	0											-1
10020370	boss刀客	1	4		400	挥舞大刀并分身成三个，三个分身出现在随机三个植物面前并对他们进行劈砍攻击		-1	99			99			0	-1		-1		-1		-1			-1		1	-1	-1	1	0	1	500	500	-1	-1	-1	-1	-1	-1	-1	-1	-1		-1			-1		1	0	0											-1
10020371	boss斧头僵尸	1	1		400	砍出刀光攻击一条直线		-1	99	"1,0|2,0|3,0|4,0|5,0|6,0|7,0|8,0|9,0"		99			0	-1		-1		-1		-1			-1		1	-1	-1	1	0	1	500	500	-1	-1	-1	-1	-1	-1	-1	-1	-1		-1			-1		1	0	0											-1
10020372	圆盾僵尸BOSS	1	1		500	扔出飞斧攻击单一敌人		-1	1	"1,0|2,0|3,0|4,0|5,0|6,0|7,0|8,0|9,0"		99			0	-1		-1		-1		-1			-1		1	-1	-1	1	0	1	500	500	-1	-1	-1	-1	-1	-1	-1	-1	-1		-1			-1		1	0	0											-1
10020373	BOSS刺客	1	1		400	扔出飞斧攻击单一敌人		-1	1	"1,0|2,0|3,0|4,0|5,0|6,0|7,0|8,0|9,0"		99			0	-1		-1		-1		-1			-1		1	-1	-1	1	0	1	500	500	-1	-1	-1	-1	-1	-1	-1	-1	-1		-1			-1		1	0	0											-1
10020374	死神大招	1	2		0	把普通僵尸变成法老		-1	99			99			0	-1		-1		-1		-1			-1		2	-1	-1	2	0	1	500	500	-1	-1	-1	-1	-1	-1	-1	-1	-1		-1			-1		1	0	0											-1
10020375	绵羊僵尸（年兽）大招	1	1		500	全屏攻击，扔羊出去		-1	99			99			0	-1		-1		-1		-1			-1		1	-1	-1	1	0	1	500	500	-1	-1	-1	-1	-1	-1	-1	-1	-1		-1			-1		1	500	0											-1
10020376	号角僵尸boss大招	1	1		0	随机召唤3个僵尸，随便填，不会读取		7	99			99			2	110189		-1		-1		-1			-1		1	-1	-1	1	0	1	500	500	-1	-1	-1	-1	-1	-1	-1	-1	-1		-1			-1		1	0	0											-1
10020377	飞龙饲养员Boss	1	12		200	打开龙蛋召唤3只小飞龙优先冲击后排植物，放完技能再合上龙蛋		-1	3	"9,0|9,-1|9,1|8,0|8,-1|8,1|7,0|7,-1|7,1|6,0|6,-1|6,1|5,0|5,1|5,-1|4,0|4,1|4,-1|3,0|3,1|3,-1|2,0|2,1|2,-1|1,0|1,1|1,-1"		99			0	-1		-1		-1		-1			-1		1	-1	-1	1	0	1	500	500	-1	-1	-1	-1	-1	-1	-1	-1	-1		-1			-1		1	0	0											-1
10020378	飞龙饲养员Boss（带金币）	1	12		200	打开龙蛋召唤3只小飞龙优先冲击后排植物，放完技能再合上龙蛋		-1	3	"9,0|9,-1|9,1|8,0|8,-1|8,1|7,0|7,-1|7,1|6,0|6,-1|6,1|5,0|5,1|5,-1|4,0|4,1|4,-1|3,0|3,1|3,-1|2,0|2,1|2,-1|1,0|1,1|1,-1"		99			0	-1		-1		-1		-1			-1		1	-1	-1	1	0	1	500	500	-1	-1	-1	-1	-1	-1	-1	-1	-1		-1			-1		1	0	0											-1
10020379	维京龙骑兵大招	1	1		200	巨龙抛撤喷火，全屏攻击植物		-1	99			99			0	-1		-1		-1		-1			-1		1	-1	-1	1	0	1	500	500	-1	-1	-1	-1	-1	-1	-1	-1	-1		-1			-1		1	0	0											-1
10020380	维京龙骑兵大招（吞金币）	1	1		0	巨龙抛撤喷火，全屏攻击植物		-1	99			99			0	-1		-1		-1		-1			-1		1	-1	-1	1	0	1	500	500	-1	-1	-1	-1	-1	-1	-1	-1	-1		-1			-1		1	0	0											-1
10020381	维京路障僵尸boss大招	1	1		0	蹲下加防		-1	1	"0,0"		99			0	10030001		-1		-1		-1			-1		2	-1	-1	2	0	1	500	500	-1	-1	-1	-1	-1	-1	-1	-1	-1		-1			-1		1	0	0											-1
10020382	维京铁桶僵尸boss大招	1	2		500	自己一次性恢复50%血量		-1	1	"0,0"		99			0	-1		-1		-1		-1			-1		2	-1	-1	2	0	1	500	500	-1	-1	-1	-1	-1	-1	-1	-1	-1		-1			-1		1	0	0											-1
21001	向日葵技能	1	1		28.8	提高攻击力最高火元素的攻击		-1	1			99			2	-1		-1		-1		-1			-1		1	-1	-1	1	0	1	500	500	-1	-1	-1	-1	-1	-1	-1	-1	-1		-1			-1		1	0	0											-1
21005	土豆地雷技能	1	1		0	随机炸2名敌人		-1	99			99			2	-1		-1		-1		-1			-1		1	-1	-1	1	0	1	500	500	-1	-1	-1	-1	-1	-1	-1	-1	-1		-1			-1		1	0	0											-1
21009	弹簧豆技能	1	1		28.8	自己突进2格		-1	1	"0,0"		99			2	-1		-1		-1		-1			-1		1	-1	-1	1	0	1	500	500	-1	-1	-1	-1	-1	-1	-1	-1	-1		-1			-1		1	0	0											-1
210013	阳光菇技能	1	1		19.2	自己及周围的火元素攻击提升		-1	9	"0,1|0,-1|1,1|1,0|1,-1|-1,1|-1,0|-1,-1|0,0"		99			2	-1		-1		-1		-1			-1		1	-1	-1	1	0	1	500	500	-1	-1	-1	-1	-1	-1	-1	-1	-1		-1			-1		1	0	0											-1
210017	星星果技能	1	1		4.8	对自己周围8格内目标造成伤害		-1	8	"0,1|0,-1|1,1|1,0|1,-1|-1,1|-1,0|-1,-1"		9	"0,1|-1,1|-2,1|0,0|-1,0|-2,0|0,-1|-1,-1|-2,-1"		2	-1		-1		-1		-1			-1		1	-1	-1	1	0	1	500	500	-1	-1	-1	-1	-1	-1	-1	-1	-1		-1			-1		1	0	0											-1
210021	洋葱技能	1	1		36	降低敌方防御力最高者的防御		-1	1			9	"0,1|-1,1|-2,1|0,0|-1,0|-2,0|0,-1|-1,-1|-2,-1"		2	-1		-1		-1		-1			-1		1	-1	-1	1	0	1	500	500	-1	-1	-1	-1	-1	-1	-1	-1	-1		-1			-1		1	0	0											-1
210025	双胞向日葵技能	1	1		28.8	提高本方攻击力最高者的攻击		-1	1			7	"2,1|1,1|0,1|0,0|2,-1|1,-1|0,-1"		2	-1		-1		-1		-1			-1		1	-1	-1	1	0	1	500	500	-1	-1	-1	-1	-1	-1	-1	-1	-1		-1			-1		1	0	0											-1
210029	火爆辣椒技能	1	1		3.6	炸一行		-1	9	"1,0|2,0|3,0|4,0|5,0|6,0|7,0|8,0|9,0"		99			2	110205		-1		-1		-1			-1		2	-1	-1	2	0	1	500	500	-1	-1	-1	-1	-1	-1	-1	-1	-1		-1			-1		1	0	0											-1
210033	路灯花技能	1	1		0	降低所有敌方的命中		-1	99			99			2	-1		-1		-1		-1			-1		2	-1	3	2	0	1	500	500	-1	-1	-1	-1	-1	-1	-1	-1	-1		-1			-1		1	0	0											-1
210037	甘蔗技能	1	9		120	所有火元素冲锋2格但没有击退效果		-1	99			99			2	-1		-1		-1		-1			-1		1	-1	-1	1	0	1	500	500	-1	-1	-1	-1	-1	-1	-1	-1	-1		-1			-1		1	0	0											-1
210041	樱桃炸弹技能	1	1		24	炸自己周围8格		-1	8	"0,1|0,-1|1,1|1,0|1,-1|-1,1|-1,0|-1,-1"		99			2	110273		-1		-1		-1			-1		1	-1	-1	1	0	1	500	500	-1	-1	-1	-1	-1	-1	-1	-1	-1		-1			-1		1	0	0											-1
210045	荔枝技能	1	1		4.8	对自己面前的九宫格造成伤害		-1	9	"1,1|2,1|1,0|2,0|1,-1|2,-1"		99			2	110277		-1		-1		-1			-1		2	-1	-1	2	0	1	500	500	-1	-1	-1	-1	-1	-1	-1	-1	-1		-1			-1		1	0	0											-1
210049	火龙果技能	1	1		3.6	提升所有火元素攻击力		-1	99			99			2	110281		-1		-1		-1			-1		2	-1	-1	2	0	1	500	500	-1	-1	-1	-1	-1	-1	-1	-1	-1		-1			-1		1	0	0											-1
210053	迷糊菇技能	1	1		0	降低风元素攻击力		-1	99			99			2	110285		-1		-1		-1			-1		1	-1	-1	1	0	1	500	500	-1	-1	-1	-1	-1	-1	-1	-1	-1		-1			-1		1	0	0											-1
210057	仙人球技能	1	1		48	自己攻击力提升但防御下降		-1	1			8	"0,1|0,-1|1,1|1,0|1,-1|-1,1|-1,0|-1,-1"		2	-1		-1		-1		-1			-1		1	-1	-1	1	0	1	500	500	-1	-1	-1	-1	-1	-1	-1	-1	-1		-1			-1		1	0	0											-1
210061	豌豆射手技能	1	1		48	攻击同一行离自己最近的目标		-1	1	"1,0|2,0|3,0|4,0|5,0|6,0|7,0|8,0|9,0"		99			2	-1		-1		-1		-1			-1		2	-1	3	2	0	1	500	500	-1	-1	-1	-1	-1	-1	-1	-1	-1		-1			-1		1	0	0											-1
210065	茄子技能	1	1		28.8	单体攻击防御力最高者		-1	1			99			2	-1		-1		-1		-1			-1		2	-1	-1	2	0	1	500	500	-1	-1	-1	-1	-1	-1	-1	-1	-1		-1			-1		1	0	0											-1
210069	卷心菜投手技能	1	6		4.8	攻击同一行离自己最近的目标及其周围		-1	9	"1,0|2,0|3,0|4,0|5,0|6,0|7,0|8,0|9,0"		7	"2,1|1,1|0,1|0,0|2,-1|1,-1|0,-1"		2	110301		-1		-1		-1			-1		1	-1	-1	1	0	1	500	500	-1	-1	-1	-1	-1	-1	-1	-1	-1		-1			-1		1	0	0											-1
210073	花菜技能	1	1		31.2	提高攻击力最高风元素的攻击		-1	1			99			2	110305		-1		-1		-1			-1		2	-1	-1	2	0	1	500	500	-1	-1	-1	-1	-1	-1	-1	-1	-1		-1			-1		1	0	0											-1
210077	噬碑藤技能	1	1		2.4	降低敌方攻击力最高者的防御		-1	1			99			2	110309		-1		-1		-1			-1		1	-1	-1	1	0	1	500	500	-1	-1	-1	-1	-1	-1	-1	-1	-1		-1			-1		1	0	0											-1
210081	能量花技能	1	1		4.8	提高所有风元素的暴击		-1	99			99			2	110313		-1		-1		-1			-1		2	-1	-1	2	0	1	500	500	-1	-1	-1	-1	-1	-1	-1	-1	-1		-1			-1		1	0	0											-1
210085	双向射手技能	1	10		60	攻击单行离自己最近的并击退		-1	1	"1,0|2,0|3,0|4,0|5,0|6,0|7,0|8,0|9,0"		99			2	110317		-1		-1		-1			-1		2	-1	-1	2	0	1	500	500	-1	-1	-1	-1	-1	-1	-1	-1	-1		-1			-1		1	0	0											-1
210089	双重射手技能	1	1		3.6	对单行离自己最近的目标造成伤害		-1	1	"1,0|2,0|3,0|4,0|5,0|6,0|7,0|8,0|9,0"		99			2	-1		-1		-1		-1			-1		2	-1	3	2	0	1	500	500	-1	-1	-1	-1	-1	-1	-1	-1	-1		-1			-1		1	0	0											-1
210093	变身茄子技能	1	1		60	提高攻击力最高风元素的攻击		-1	1			99			2	110325		-1		-1		-1			-1		2	-1	-1	2	0	1	500	500	-1	-1	-1	-1	-1	-1	-1	-1	-1		-1			-1		1	0	0											-1
210097	豌豆荚技能	1	10		24	攻击单行离自己最近的并击退		-1	1	"1,0|2,0|3,0|4,0|5,0|6,0|7,0|8,0|9,0"		8	"0,1|0,-1|1,1|1,0|1,-1|-1,1|-1,0|-1,-1"		2	-1		-1		-1		-1			-1		1	-1	-1	1	0	1	500	500	-1	-1	-1	-1	-1	-1	-1	-1	-1		-1			-1		1	0	0											-1
2100101	哈密瓜技能	1	6		0	攻击离自己最近的目标及其周围		-1	9	"1,0|2,0|3,0|4,0|5,0|6,0|7,0|8,0|9,0"		99			2	-1		-1		-1		-1			-1		1	-1	-1	1	0	1	500	500	-1	-1	-1	-1	-1	-1	-1	-1	-1		-1			-1		1	0	0											-1
2100105	玉米投手技能	1	1		60	黏住所有敌方目标1回合		-1	99			99			2	110337		-1		-1		-1			-1		1	-1	-1	1	0	1	500	500	-1	-1	-1	-1	-1	-1	-1	-1	-1		-1			-1		1	0	0											-1
2100109	猫尾草技能	1	1		2.4	单体攻击防御力最高者		-1	1			99			2	110341		-1		-1		-1			-1		2	-1	-1	2	0	1	500	500	-1	-1	-1	-1	-1	-1	-1	-1	-1		-1			-1		1	0	0											-1
2100113	青椒技能	1	1		2.4	提高所有风元素闪避--攻击多个随即目标		-1	99			7	"2,1|1,1|0,1|0,0|2,-1|1,-1|0,-1"		2	110345		-1		-1		-1			-1		1	-1	-1	1	0	1	500	500	-1	-1	-1	-1	-1	-1	-1	-1	-1		-1			-1		1	0	0											-1
2100117	霸王花技能	1	1		36	降低敌方所有土元素的防御		-1	99			99			2	110349		-1		-1		-1			-1		2	-1	-1	2	0	1	500	500	-1	-1	-1	-1	-1	-1	-1	-1	-1		-1			-1		1	0	0											-1
2100121	水仙技能	1	1		48	对攻击力最高目标造成伤害		-1	1			7	"2,1|1,1|0,1|0,0|2,-1|1,-1|0,-1"		2	-1		-1		-1		-1			-1		1	-1	-1	1	0	1	500	500	-1	-1	-1	-1	-1	-1	-1	-1	-1		-1			-1		1	0	0											-1
2100125	冰冻生菜技能	1	1		2.4	单体攻击本行离自己最近的并冻结对手		-1	1	"1,0|2,0|3,0|4,0|5,0|6,0|7,0|8,0|9,0"		99			2	-1		-1		-1		-1			-1		1	-1	-1	1	0	1	500	500	-1	-1	-1	-1	-1	-1	-1	-1	-1		-1			-1		1	0	0											-1
2100129	水兵菇技能	1	1		36	降低攻击力最高者的防御		-1	1			99			2	-1		-1		-1		-1			-1		1	-1	-1	1	0	1	500	500	-1	-1	-1	-1	-1	-1	-1	-1	-1		-1			-1		1	0	0											-1
2100133	缠绕水草技能	1	1		2.4	击碎冻结的目标并造成2倍伤害或随机伤害		-1	1	"1,0"		99			2	-1		-1		-1		-1			-1		1	-1	-1	1	0	1	500	500	-1	-1	-1	-1	-1	-1	-1	-1	-1		-1			-1		1	0	0											-1
2100137	鸡腿菇技能	1	2		48	攻击力最高者持续回血		1	1			99			2	-1		-1		-1		-1			-1		1	-1	-1	1	0	1	500	500	-1	-1	-1	-1	-1	-1	-1	-1	-1		-1			-1		1	0	0											-1
2100141	蓝莓技能	1	1		2.4	对面前纵向3格范围内造成伤害		-1	3	"1,0|1,1|1,-1"		99			2	110373		-1		-1		-1			-1		2	-1	-1	2	0	1	500	500	-1	-1	-1	-1	-1	-1	-1	-1	-1		-1			-1		1	0	0											-1
2100145	莲叶技能	1	2		24	血量最少的水元素持续回血		-1	1			99			2	110377		-1		-1		-1			-1		2	-1	-1	2	0	1	500	500	-1	-1	-1	-1	-1	-1	-1	-1	-1		-1			-1		1	0	0											-1
2100149	西瓜投手技能	1	1		4.8	对攻击力最高的及其周围造成伤害		-1	9	"0,1|0,-1|1,1|1,0|1,-1|-1,1|-1,0|-1,-1|0,0"		99			2	-1		-1		-1		-1			-1		1	-1	-1	1	0	1	500	500	-1	-1	-1	-1	-1	-1	-1	-1	-1		-1			-1		1	0	0											-1
2100153	大喷菇技能	1	1		96	降低自己周围8格敌军攻击		-1	8	"0,1|0,-1|1,1|1,0|1,-1|-1,1|-1,0|-1,-1"		99			2	-1		-1		-1		-1			-1		1	-1	3	1	0	1	500	500	-1	-1	-1	-1	-1	-1	-1	-1	-1		-1			-1		1	0	0											-1
2100157	寒冰射手技能	1	1		2.4	攻击面前3格内对手并冻结		-1	3	"1,0|2,0|3,0"		99			2	120001		-1		-1		-1			-1		2	-1	-1	2	0	1	500	500	-1	-1	-1	-1	-1	-1	-1	-1	-1		-1			-1		1	0	0											-1
2100161	猕猴桃技能	1	1		3.6	降低攻击力最高者的命中		2	1			99			2	-1		-1		-1		-1			-1		1	-1	-1	1	0	1	500	500	-1	-1	-1	-1	-1	-1	-1	-1	-1		-1			-1		1	0	0											-1
2100165	西红柿技能	1	2		4.8	血量最少单位持续回血		-1	1			99			2	-1		-1		-1		-1			-1		1	-1	-1	1	0	1	500	500	-1	-1	-1	-1	-1	-1	-1	-1	-1		-1			-1		1	0	0											-1
2100169	坏橘子技能	1	2		52.8	攻击力最高者持续回血		-1	1			99			2	120013		-1		-1		-1			-1		2	-1	-1	2	0	1	500	500	-1	-1	-1	-1	-1	-1	-1	-1	-1		-1			-1		1	0	0											-1
2100173	石榴技能	1	1		24	攻击所在一行3格内的对手，击碎冻结的目标造成1.5倍伤害		-1	3	"1,0|2,0|3,0"		7	"2,1|1,1|0,1|0,0|2,-1|1,-1|0,-1"		2	-1		-1		-1		-1			-1		1	-1	-1	1	0	1	500	500	-1	-1	-1	-1	-1	-1	-1	-1	-1		-1			-1		1	0	0											-1
2100177	水龙草技能	1	1		7.2	对面前九格范围内造成伤害		-1	9	"1,1|2,1|1,0|2,0|1,-1|2,-1"		99			2	120021		-1		-1		-1			-1		1	-1	-1	1	0	1	500	500	-1	-1	-1	-1	-1	-1	-1	-1	-1		-1			-1		1	0	0											-1
2100181	胆小菇技能	1	1		2.4	自己一次性恢复		-1	1	"0,0"		99			2	120025		-1		-1		-1			-1		2	-1	-1	2	0	1	500	500	-1	-1	-1	-1	-1	-1	-1	-1	-1		-1			-1		1	0	0											-1
2100185	小喷菇技能	1	1		4.8	降低敌方攻击力最高者的攻击		-1	1			99			2	-1		-1		-1		-1			-1		1	-1	-1	1	0	1	500	500	-1	-1	-1	-1	-1	-1	-1	-1	-1		-1			-1		1	0	0											-1
2100189	坚果技能	1	1		24	提升自己防御但攻击下降		-1	1	"0,0"		99			2	120033		-1		-1		-1			-1		1	-1	-1	1	0	1	500	500	-1	-1	-1	-1	-1	-1	-1	-1	-1		-1			-1		1	0	0											-1
2100193	地刺技能	1	1		48	攻击所在行所有目标		-1	9	"1,0|2,0|3,0|4,0|5,0|6,0|7,0|8,0|9,0"		99			2	120037		-1		-1		-1			-1		2	-1	-1	2	0	1	500	500	-1	-1	-1	-1	-1	-1	-1	-1	-1		-1			-1		1	0	0											-1
2100197	狗尾草技能	1	1		2.4	攻击攻击力最高者		-1	1			7	"2,1|1,1|0,1|0,0|2,-1|1,-1|0,-1"		2	-1		-1		-1		-1			-1		1	-1	-1	1	0	1	500	500	-1	-1	-1	-1	-1	-1	-1	-1	-1		-1			-1		1	0	0											-1
2100201	松果技能	1	1		0	本方防御最高的土元素防御提升		-1	1			99			2	-1		-1		-1		-1			-1		1	-1	-1	1	0	1	500	500	-1	-1	-1	-1	-1	-1	-1	-1	-1		-1			-1		1	0	0											-1
2100205	咬咬碑技能	1	11		9.6	把所有敌人吸过来1格		-1	99			99			2	120053		-1		-1		-1			-1		1	-1	-1	1	0	1	500	500	-1	-1	-1	-1	-1	-1	-1	-1	-1		-1			-1		1	0	0											-1
2100209	铁树技能	1	1		2.4	反弹伤害		-1	1			99			2	120057		-1		-1		-1			-1		2	-1	-1	2	0	1	500	500	-1	-1	-1	-1	-1	-1	-1	-1	-1		-1			-1		1	0	0											-1
2100213	榴莲技能	1	1		2.4	降低敌方攻击力最高者的攻击		-1	1			99			2	-1		-1		-1		-1			-1		1	-1	-1	1	0	1	500	500	-1	-1	-1	-1	-1	-1	-1	-1	-1		-1			-1		1	0	0											-1
2100217	窝瓜技能	1	1		3.6	所有敌方水元素攻击下降		-1	99			99			2	120065		-1		-1		-1			-1		2	-1	-1	2	0	1	500	500	-1	-1	-1	-1	-1	-1	-1	-1	-1		-1			-1		1	0	0											-1
2100221	萝卜技能	1	1		0	自己持续回血		-1	1			8	"0,1|0,-1|1,1|1,0|1,-1|-1,1|-1,0|-1,-1"		2	-1		-1		-1		-1			-1		1	-1	-1	1	0	1	500	500	-1	-1	-1	-1	-1	-1	-1	-1	-1		-1			-1		1	0	0											-1
2100225	昙花技能	1	11		2.4	把所有敌人吸过来2格		-1	99			99			2	-1		-1		-1		-1			-1		1	-1	-1	1	0	1	500	500	-1	-1	-1	-1	-1	-1	-1	-1	-1		-1			-1		1	0	0											-1
2100229	香蕉技能	1	1		60	单体攻击本行离自己最近的目标		-1	1	"1,0|2,0|3,0|4,0|5,0|6,0|7,0|8,0|9,0"		99			2	-1		-1		-1		-1			-1		1	-1	-1	1	0	1	500	500	-1	-1	-1	-1	-1	-1	-1	-1	-1		-1			-1		1	0	0											-1
2100233	猪笼草技能	1	1		60	对面前纵向3格内目标造成伤害		-1	3	"1,0|1,1|1,-1"		99			2	-1		-1		-1		-1			-1		3	-1	-1	3	0	1	500	500	-1	-1	-1	-1	-1	-1	-1	-1	-1		-1			-1		1	0	0											-1
2100237	竹笋技能	1	1		4.8	攻击所在行3格内目标		-1	3	"1,0|2,0|3,0"		99			2	-1		-1		-1		-1			-1		1	-1	-1	1	0	1	500	500	-1	-1	-1	-1	-1	-1	-1	-1	-1		-1			-1		1	0	0											-1
2100241	菠萝技能	1	1		2.4	提升所有土元素防御		-1	99			99			2	-1		-1		-1		-1			-1		1	-1	-1	1	0	1	500	500	-1	-1	-1	-1	-1	-1	-1	-1	-1		-1			-1		1	0	0											-1
2100245	葫芦技能	1	9		36	冲锋，所有火元素一次前进3格，沿途敌人被迫后退并有少量血量损失		-1	99			99			2	120093		-1		-1		-1			-1		2	-1	-1	2	0	1	500	500	-1	-1	-1	-1	-1	-1	-1	-1	-1		-1			-1		1	0	0											-1
2100249	大嘴花技能	1	1		36	对自己周围8格敌人造成伤害		-1	8	"0,1|0,-1|1,1|1,0|1,-1|-1,1|-1,0|-1,-1"		99			2	-1		-1		-1		-1			-1		1	-1	-1	1	0	1	500	500	-1	-1	-1	-1	-1	-1	-1	-1	-1		-1			-1		1	0	0											-1
2100253	火龙草技能	1	1		48	近战六宫格范围内所有目标造成伤害		-1	9	"1,1|2,1|1,0|2,0|1,-1|2,-1"		8	"0,1|0,-1|1,1|1,0|1,-1|-1,1|-1,0|-1,-1"		2	-1		-1		-1		-1			-1		1	-1	-1	1	0	1	500	500	-1	-1	-1	-1	-1	-1	-1	-1	-1		-1			-1		1	0	0											-1
2100257	末日菇技能	1	3		0	对自己周围8格范围内敌人造成巨大伤害，自己血量减少60%		-1	1	"0,1|0,-1|1,1|1,0|1,-1|-1,1|-1,0|-1,-1"		99			2	400275		-1		-1		-1			-1		1	-1	-1	1	0	1	500	500	-1	-1	-1	-1	-1	-1	-1	-1	-1		-1			-1		1	0	0											-1
2100261	捕蝇草技能	1	1		48	自身攻击提升但每回合减血		-1	1			99			2	-1		-1		-1		-1			-1		1	-1	3	1	0	1	500	500	-1	-1	-1	-1	-1	-1	-1	-1	-1		-1			-1		1	0	0											-1
2100265	苹果技能	1	2		96	最高攻击力的火元素单位血量恢复		-1	1			99			2	-1		-1		-1		-1			-1		1	-1	-1	1	0	1	500	500	-1	-1	-1	-1	-1	-1	-1	-1	-1		-1			-1		1	0	0											-1
2100269	黄瓜技能	1	1		4.8	攻击所有敌方		-1	99			9	"0,1|-1,1|-2,1|0,0|-1,0|-2,0|0,-1|-1,-1|-2,-1"		2	-1		-1		-1		-1			-1		1	-1	-1	1	0	1	500	500	-1	-1	-1	-1	-1	-1	-1	-1	-1		-1			-1		1	0	0											-1
2100273	磁力菇技能	1	1		0	所有敌方防御力降低		3	99			99			2	120125		-1		-1		-1			-1		1	-1	-1	1	0	1	500	500	-1	-1	-1	-1	-1	-1	-1	-1	-1		-1			-1		1	0	0											-1
2100277	吸金菇技能	1	1		4.8	提升攻击力最高者及其周围单位的攻击力		-1	9	"0,1|0,-1|1,1|1,0|1,-1|-1,1|-1,0|-1,-1|0,0"		99			2	-1		-1		-1		-1			-1		1	-1	-1	1	0	1	500	500	-1	-1	-1	-1	-1	-1	-1	-1	-1		-1			-1		1	0	0											-1
2100281	火炬树桩技能	1	1		72	火焰变蓝色，加成提升		2	1			99			2	-1		-1		-1		-1			-1		1	-1	-1	1	0	1	500	500	-1	-1	-1	-1	-1	-1	-1	-1	-1		-1			-1		1	0	0											-1
2100285	冰川菇技能	1	1		40.8	冰冻所有敌方目标		-1	99			99			2	120137		-1		-1		-1			-1		2	-1	-1	2	0	1	500	500	-1	-1	-1	-1	-1	-1	-1	-1	-1		-1			-1		1	0	0											-1
2100289	冰西瓜技能	1	1		4.8	对全屏敌人造成伤害，冰冻状态中伤害*1.5		-1	99			99			2	-1		-1		-1		-1			-1		2	-1	-1	2	0	1	500	500	-1	-1	-1	-1	-1	-1	-1	-1	-1		-1			-1		1	0	0											-1
2100293	生梨技能	1	2		4.8	恢复所有水元素血量并提高闪避		-1	99			99			2	-1		-1		-1		-1			-1		1	-1	-1	1	0	1	500	500	-1	-1	-1	-1	-1	-1	-1	-1	-1		-1			-1		1	0	0											-1
2100297	桃子技能	1	2		108	恢复所有己方单位血量		-1	99			8	"0,1|0,-1|1,1|1,0|1,-1|-1,1|-1,0|-1,-1"		2	-1		-1		-1		-1			-1		1	-1	-1	1	0	1	500	500	-1	-1	-1	-1	-1	-1	-1	-1	-1		-1			-1		1	0	0											-1
2100301	多嘴小蘑菇技能	1	1		2.4	向周围8格喷射瓦斯，降低目标防御		-1	8	"0,1|0,-1|1,1|1,0|1,-1|-1,1|-1,0|-1,-1"		99			2	-1		-1		-1		-1			-1		1	-1	-1	1	0	1	500	500	-1	-1	-1	-1	-1	-1	-1	-1	-1		-1			-1		1	0	0											-1
2100305	芦荟技能	1	2		19.2	攻击力最高者及其周围恢复血量		-1	9	"0,1|0,-1|1,1|1,0|1,-1|-1,1|-1,0|-1,-1|0,0"		99			2	-1		-1		-1		-1			-1		1	-1	-1	1	0	1	500	500	-1	-1	-1	-1	-1	-1	-1	-1	-1		-1			-1		1	0	0											-1
2100309	闪电芦苇技能	1	1		12	对攻击力最高的对手持续造成伤害并降低敌方攻击		-1	1			99			2	120161		-1		-1		-1			-1		1	-1	-1	1	0	1	500	500	-1	-1	-1	-1	-1	-1	-1	-1	-1		-1			-1		1	0	0											-1
2100313	萝卜伞技能	1	1		6	分担自身周围8格内友军伤害		-1	8	"0,1|0,-1|1,1|1,0|1,-1|-1,1|-1,0|-1,-1"		99			2	-1		-1		-1		-1			-1		2	-1	-1	2	0	1	500	500	-1	-1	-1	-1	-1	-1	-1	-1	-1		-1			-1		1	0	0											-1
2100317	南瓜技能	1	1		4.8	提升土元素防御		-1	99			99			2	120169		-1		-1		-1			-1		1	-1	-1	1	0	1	500	500	-1	-1	-1	-1	-1	-1	-1	-1	-1		-1			-1		1	0	0											-1
2100321	金盏花技能	1	2		24	防御最高者持续回血		-1	1			99			2	-1		-1		-1		-1			-1		1	-1	-1	1	0	1	500	500	-1	-1	-1	-1	-1	-1	-1	-1	-1		-1			-1		1	0	0											-1
2100325	高坚果技能	1	1		48	自己防御提升		-1	1			9	"0,1|-1,1|-2,1|0,0|-1,0|-2,0|0,-1|-1,-1|-2,-1"		2	-1		-1		-1		-1			-1		1	-1	-1	1	0	1	500	500	-1	-1	-1	-1	-1	-1	-1	-1	-1		-1			-1		1	0	0											-1
2100329	椰子加农炮技能	1	1		60	"对本行最近目标及其周围造成巨大伤害后,自己眩晕2回合"		-1	9	"1,0|2,0|3,0|4,0|5,0|6,0|7,0|8,0|9,0"		8	"0,1|0,-1|1,1|1,0|1,-1|-1,1|-1,0|-1,-1"		2	-1		-1		-1		-1			-1		1	-1	-1	1	0	1	500	500	-1	-1	-1	-1	-1	-1	-1	-1	-1		-1			-1		1	0	0											-1
2100333	巴豆技能	1	1		48	攻击全屏目标造成dot伤害		-1	99			99			2	-1		-1		-1		-1			-1		1	-1	-1	1	0	1	500	500	-1	-1	-1	-1	-1	-1	-1	-1	-1		-1			-1		1	0	0											-1
2100337	钢地刺技能	1	1		6	攻击所在行的所有敌军目标		-1	9	"1,0|2,0|3,0|4,0|5,0|6,0|7,0"		99			2	120189		-1		-1		-1			-1		2	-1	-1	2	0	1	500	500	-1	-1	-1	-1	-1	-1	-1	-1	-1		-1			-1		1	0	0											-1
2100341	老树桩技能	1	1		4.8	提升防御力最高者及其周围的防御		-1	9	"0,1|0,-1|1,1|1,0|1,-1|-1,1|-1,0|-1,-1|0,0"		99			2	120193		-1		-1		-1			-1		1	-1	-1	1	0	1	500	500	-1	-1	-1	-1	-1	-1	-1	-1	-1		-1			-1		1	0	0											-1
2100345	大蒜技能	1	1		0	降低敌方所有攻击力		-1	99			99			2	-1		-1		-1		-1			-1		1	-1	3	1	0	1	500	500	-1	-1	-1	-1	-1	-1	-1	-1	-1		-1			-1		1	0	0											-1
2100349	咖啡豆技能	1	9		120	所有土元素每回合前进2格		-1	99			99			2	120201		-1		-1		-1			-1		2	-1	-1	2	0	1	500	500	-1	-1	-1	-1	-1	-1	-1	-1	-1		-1			-1		1	0	0											-1
2100353	菜问技能	1	1		60	自己周围8格造成伤害		-1	8	"0,1|0,-1|1,1"		99			2	120205		-1		-1		-1			-1		2	-1	-1	2	0	1	500	500	-1	-1	-1	-1	-1	-1	-1	-1	-1		-1			-1		1	0	0											-1
2100357	机枪射手技能	1	1		2.4	对单体造成伤害		-1	1	"1,0|2,0|3,0|4,0|5,0|6,0|7,0"		99			2	120209		-1		-1		-1			-1		2	-1	-1	2	0	1	500	500	-1	-1	-1	-1	-1	-1	-1	-1	-1		-1			-1		1	0	0											-1
2100361	三叶草技能	1	1		40.8	吹退所有敌方目标，后退3格		-1	99			99			2	120213		-1		-1		-1			-1		2	-1	-1	2	0	1	500	500	-1	-1	-1	-1	-1	-1	-1	-1	-1		-1			-1		1	0	0											-1
2100365	三重射手技能	1	10		3.6	全屏伤害并击退		-1	99			99			2	-1		-1		-1		-1			-1		1	-1	-1	1	0	1	500	500	-1	-1	-1	-1	-1	-1	-1	-1	-1		-1			-1		1	0	0											-1
2100369	仙人掌技能	1	1		7.2	提高所有风元素的暴击		-1	99			99			2	120221		-1		-1		-1			-1		2	-1	-1	2	0	1	500	500	-1	-1	-1	-1	-1	-1	-1	-1	-1		-1			-1		1	0	0											-1
2100373	宝石花技能	1	2		14.4	恢复最高攻击力风元素的血量并增加命中		-1	1			99			2	-1		-1		-1		-1			-1		1	-1	-1	1	0	1	500	500	-1	-1	-1	-1	-1	-1	-1	-1	-1		-1			-1		1	0	0											-1
2100377	喇叭花技能	1	1		48	自己及周围的单位攻击力提升		-1	9	"0,1|0,-1|1,1|1,0|1,-1|-1,1|-1,0|-1,-1"		99			2	-1		-1		-1		-1			-1		1	-1	-1	1	0	1	500	500	-1	-1	-1	-1	-1	-1	-1	-1	-1		-1			-1		1	0	0											-1
2100381	回旋镖射手技能	1	1		60	自己所在横排3格内所有敌方		-1	3	"1,0|2,0|3,0"		99			2	-1		-1		-1		-1			-1		1	-1	-1	1	0	1	500	500	-1	-1	-1	-1	-1	-1	-1	-1	-1		-1			-1		1	0	0											-1
2100385	苦瓜技能	1	1		216	敌方攻击力最高单位持续损失生命值		-1	1			99			2	-1		-1		-1		-1			-1		1	-1	-1	1	0	1	500	500	-1	-1	-1	-1	-1	-1	-1	-1	-1		-1			-1		1	0	0											-1
31001	向日葵技能	1	1		34.56	提高攻击力最高火元素的攻击		-1	1			99			2	-1		-1		-1		-1			-1		1	-1	-1	1	0	1	500	500	-1	-1	-1	-1	-1	-1	-1	-1	-1		-1			-1		1	0	0											-1
31005	土豆地雷技能	1	1		0	随机炸2名敌人		-1	99			99			2	-1		-1		-1		-1			-1		1	-1	-1	1	0	1	500	500	-1	-1	-1	-1	-1	-1	-1	-1	-1		-1			-1		1	0	0											-1
31009	弹簧豆技能	1	1		34.56	自己突进2格		-1	1	"0,0"		9	"0,1|-1,1|-2,1|0,0|-1,0|-2,0|0,-1|-1,-1|-2,-1"		2	-1		-1		-1		-1			-1		1	-1	-1	1	0	1	500	500	-1	-1	-1	-1	-1	-1	-1	-1	-1		-1			-1		1	0	0											-1
310013	阳光菇技能	1	1		23.04	自己及周围的火元素攻击提升		-1	9	"0,1|0,-1|1,1|1,0|1,-1|-1,1|-1,0|-1,-1|0,0"		9	"0,1|-1,1|-2,1|0,0|-1,0|-2,0|0,-1|-1,-1|-2,-1"		2	-1		-1		-1		-1			-1		1	-1	-1	1	0	1	500	500	-1	-1	-1	-1	-1	-1	-1	-1	-1		-1			-1		1	0	0											-1
310017	星星果技能	1	1		5.76	对自己周围8格内目标造成伤害		-1	8	"0,1|0,-1|1,1|1,0|1,-1|-1,1|-1,0|-1,-1"		7	"2,1|1,1|0,1|0,0|2,-1|1,-1|0,-1"		2	-1		-1		-1		-1			-1		1	-1	-1	1	0	1	500	500	-1	-1	-1	-1	-1	-1	-1	-1	-1		-1			-1		1	0	0											-1
310021	洋葱技能	1	1		43.2	降低敌方防御力最高者的防御		-1	1			99			2	120205		-1		-1		-1			-1		2	-1	-1	2	0	1	500	500	-1	-1	-1	-1	-1	-1	-1	-1	-1		-1			-1		1	0	0											-1
310025	双胞向日葵技能	1	1		34.56	提高本方攻击力最高者的攻击		-1	1			99			2	-1		-1		-1		-1			-1		2	-1	3	2	0	1	500	500	-1	-1	-1	-1	-1	-1	-1	-1	-1		-1			-1		1	0	0											-1
310029	火爆辣椒技能	1	1		4.32	炸一行		-1	9	"1,0|2,0|3,0|4,0|5,0|6,0|7,0|8,0|9,0"		99			2	-1		-1		-1		-1			-1		1	-1	-1	1	0	1	500	500	-1	-1	-1	-1	-1	-1	-1	-1	-1		-1			-1		1	0	0											-1
310033	路灯花技能	1	1		0	降低所有敌方的命中		-1	99			99			2	120273		-1		-1		-1			-1		1	-1	-1	1	0	1	500	500	-1	-1	-1	-1	-1	-1	-1	-1	-1		-1			-1		1	0	0											-1
310037	甘蔗技能	1	9		144	所有火元素冲锋2格但没有击退效果		-1	99			99			2	120277		-1		-1		-1			-1		2	-1	-1	2	0	1	500	500	-1	-1	-1	-1	-1	-1	-1	-1	-1		-1			-1		1	0	0											-1
310041	樱桃炸弹技能	1	1		28.8	炸自己周围8格		-1	8	"0,1|0,-1|1,1|1,0|1,-1|-1,1|-1,0|-1,-1"		99			2	120281		-1		-1		-1			-1		2	-1	-1	2	0	1	500	500	-1	-1	-1	-1	-1	-1	-1	-1	-1		-1			-1		1	0	0											-1
310045	荔枝技能	1	1		5.76	对自己面前的九宫格造成伤害		-1	9	"1,1|2,1|1,0|2,0|1,-1|2,-1"		99			2	120285		-1		-1		-1			-1		1	-1	-1	1	0	1	500	500	-1	-1	-1	-1	-1	-1	-1	-1	-1		-1			-1		1	0	0											-1
310049	火龙果技能	1	1		4.32	提升所有火元素攻击力		-1	99			8	"0,1|0,-1|1,1|1,0|1,-1|-1,1|-1,0|-1,-1"		2	-1		-1		-1		-1			-1		1	-1	-1	1	0	1	500	500	-1	-1	-1	-1	-1	-1	-1	-1	-1		-1			-1		1	0	0											-1
310053	迷糊菇技能	1	1		0	降低风元素攻击力		-1	99			99			2	-1		-1		-1		-1			-1		2	-1	3	2	0	1	500	500	-1	-1	-1	-1	-1	-1	-1	-1	-1		-1			-1		1	0	0											-1
310057	仙人球技能	1	1		57.6	自己攻击力提升但防御下降		-1	1			99			2	-1		-1		-1		-1			-1		2	-1	-1	2	0	1	500	500	-1	-1	-1	-1	-1	-1	-1	-1	-1		-1			-1		1	0	0											-1
310061	豌豆射手技能	1	1		57.6	攻击同一行离自己最近的目标		-1	1	"1,0|2,0|3,0|4,0|5,0|6,0|7,0|8,0|9,0"		7	"2,1|1,1|0,1|0,0|2,-1|1,-1|0,-1"		2	120301		-1		-1		-1			-1		1	-1	-1	1	0	1	500	500	-1	-1	-1	-1	-1	-1	-1	-1	-1		-1			-1		1	0	0											-1
310065	茄子技能	1	1		34.56	单体攻击防御力最高者		-1	1			99			2	120305		-1		-1		-1			-1		2	-1	-1	2	0	1	500	500	-1	-1	-1	-1	-1	-1	-1	-1	-1		-1			-1		1	0	0											-1
310069	卷心菜投手技能	1	6		5.76	攻击同一行离自己最近的目标及其周围		-1	9	"1,0|2,0|3,0|4,0|5,0|6,0|7,0|8,0|9,0"		99			2	120309		-1		-1		-1			-1		1	-1	-1	1	0	1	500	500	-1	-1	-1	-1	-1	-1	-1	-1	-1		-1			-1		1	0	0											-1
310073	花菜技能	1	1		37.44	提高攻击力最高风元素的攻击		-1	1			99			2	120313		-1		-1		-1			-1		2	-1	-1	2	0	1	500	500	-1	-1	-1	-1	-1	-1	-1	-1	-1		-1			-1		1	0	0											-1
310077	噬碑藤技能	1	1		2.88	降低敌方攻击力最高者的防御		-1	1			99			2	120317		-1		-1		-1			-1		2	-1	-1	2	0	1	500	500	-1	-1	-1	-1	-1	-1	-1	-1	-1		-1			-1		1	0	0											-1
310081	能量花技能	1	1		5.76	提高所有风元素的暴击		-1	99			99			2	-1		-1		-1		-1			-1		2	-1	3	2	0	1	500	500	-1	-1	-1	-1	-1	-1	-1	-1	-1		-1			-1		1	0	0											-1
310085	双向射手技能	1	10		72	攻击单行离自己最近的并击退		-1	1	"1,0|2,0|3,0|4,0|5,0|6,0|7,0|8,0|9,0"		99			2	120325		-1		-1		-1			-1		2	-1	-1	2	0	1	500	500	-1	-1	-1	-1	-1	-1	-1	-1	-1		-1			-1		1	0	0											-1
310089	双重射手技能	1	1		4.32	对单行离自己最近的目标造成伤害		-1	1	"1,0|2,0|3,0|4,0|5,0|6,0|7,0|8,0|9,0"		8	"0,1|0,-1|1,1|1,0|1,-1|-1,1|-1,0|-1,-1"		2	-1		-1		-1		-1			-1		1	-1	-1	1	0	1	500	500	-1	-1	-1	-1	-1	-1	-1	-1	-1		-1			-1		1	0	0											-1
310093	变身茄子技能	1	1		72	提高攻击力最高风元素的攻击		-1	1			99			2	-1		-1		-1		-1			-1		1	-1	-1	1	0	1	500	500	-1	-1	-1	-1	-1	-1	-1	-1	-1		-1			-1		1	0	0											-1
310097	豌豆荚技能	1	10		28.8	攻击单行离自己最近的并击退		-1	1	"1,0|2,0|3,0|4,0|5,0|6,0|7,0|8,0|9,0"		99			2	120337		-1		-1		-1			-1		1	-1	-1	1	0	1	500	500	-1	-1	-1	-1	-1	-1	-1	-1	-1		-1			-1		1	0	0											-1
3100101	哈密瓜技能	1	6		0	攻击离自己最近的目标及其周围		-1	9	"1,0|2,0|3,0|4,0|5,0|6,0|7,0|8,0|9,0"		99			2	120341		-1		-1		-1			-1		2	-1	-1	2	0	1	500	500	-1	-1	-1	-1	-1	-1	-1	-1	-1		-1			-1		1	0	0											-1
3100105	玉米投手技能	1	1		72	黏住所有敌方目标1回合		-1	99			7	"2,1|1,1|0,1|0,0|2,-1|1,-1|0,-1"		2	120345		-1		-1		-1			-1		1	-1	-1	1	0	1	500	500	-1	-1	-1	-1	-1	-1	-1	-1	-1		-1			-1		1	0	0											-1
3100109	猫尾草技能	1	1		2.88	单体攻击防御力最高者		-1	1			99			2	120349		-1		-1		-1			-1		2	-1	-1	2	0	1	500	500	-1	-1	-1	-1	-1	-1	-1	-1	-1		-1			-1		1	0	0											-1
3100113	青椒技能	1	1		2.88	提高所有风元素闪避--攻击多个随即目标		-1	99			7	"2,1|1,1|0,1|0,0|2,-1|1,-1|0,-1"		2	-1		-1		-1		-1			-1		1	-1	-1	1	0	1	500	500	-1	-1	-1	-1	-1	-1	-1	-1	-1		-1			-1		1	0	0											-1
3100117	霸王花技能	1	1		43.2	降低敌方所有土元素的防御		-1	99			99			2	-1		-1		-1		-1			-1		1	-1	-1	1	0	1	500	500	-1	-1	-1	-1	-1	-1	-1	-1	-1		-1			-1		1	0	0											-1
3100121	水仙技能	1	1		57.6	对攻击力最高目标造成伤害		-1	1			99			2	-1		-1		-1		-1			-1		1	-1	-1	1	0	1	500	500	-1	-1	-1	-1	-1	-1	-1	-1	-1		-1			-1		1	0	0											-1
3100125	冰冻生菜技能	1	1		2.88	单体攻击本行离自己最近的并冻结对手		-1	1	"1,0|2,0|3,0|4,0|5,0|6,0|7,0|8,0|9,0"		99			2	-1		-1		-1		-1			-1		1	-1	-1	1	0	1	500	500	-1	-1	-1	-1	-1	-1	-1	-1	-1		-1			-1		1	0	0											-1
3100129	水兵菇技能	1	1		43.2	降低攻击力最高者的防御		2	1			99			2	-1		-1		-1		-1			-1		1	-1	-1	1	0	1	500	500	-1	-1	-1	-1	-1	-1	-1	-1	-1		-1			-1		1	0	0											-1
3100133	缠绕水草技能	1	1		2.88	击碎冻结的目标并造成2倍伤害或随机伤害		-1	1	"1,0"		99			2	120373		-1		-1		-1			-1		2	-1	-1	2	0	1	500	500	-1	-1	-1	-1	-1	-1	-1	-1	-1		-1			-1		1	0	0											-1
3100137	鸡腿菇技能	1	2		57.6	攻击力最高者持续回血		-1	1			99			2	120377		-1		-1		-1			-1		2	-1	-1	2	0	1	500	500	-1	-1	-1	-1	-1	-1	-1	-1	-1		-1			-1		1	0	0											-1
3100141	蓝莓技能	1	1		2.88	对面前纵向3格范围内造成伤害		-1	3	"1,0|1,1|1,-1"		99			2	-1		-1		-1		-1			-1		1	-1	-1	1	0	1	500	500	-1	-1	-1	-1	-1	-1	-1	-1	-1		-1			-1		1	0	0											-1
3100145	莲叶技能	1	2		28.8	血量最少的水元素持续回血		-1	1			99			2	-1		-1		-1		-1			-1		1	-1	3	1	0	1	500	500	-1	-1	-1	-1	-1	-1	-1	-1	-1		-1			-1		1	0	0											-1
3100149	西瓜投手技能	1	1		5.76	对攻击力最高的及其周围造成伤害		-1	9	"0,1|0,-1|1,1|1,0|1,-1|-1,1|-1,0|-1,-1|0,0"		99			2	130001		-1		-1		-1			-1		2	-1	-1	2	0	1	500	500	-1	-1	-1	-1	-1	-1	-1	-1	-1		-1			-1		1	0	0											-1
3100153	大喷菇技能	1	1		115.2	降低自己周围8格敌军攻击		2	8	"0,1|0,-1|1,1|1,0|1,-1|-1,1|-1,0|-1,-1"		99			2	-1		-1		-1		-1			-1		1	-1	-1	1	0	1	500	500	-1	-1	-1	-1	-1	-1	-1	-1	-1		-1			-1		1	0	0											-1
3100157	寒冰射手技能	1	1		2.88	攻击面前3格内对手并冻结		-1	3	"1,0|2,0|3,0"		99			2	-1		-1		-1		-1			-1		1	-1	-1	1	0	1	500	500	-1	-1	-1	-1	-1	-1	-1	-1	-1		-1			-1		1	0	0											-1
3100161	猕猴桃技能	1	1		4.32	降低攻击力最高者的命中		-1	1			99			2	130013		-1		-1		-1			-1		2	-1	-1	2	0	1	500	500	-1	-1	-1	-1	-1	-1	-1	-1	-1		-1			-1		1	0	0											-1
3100165	西红柿技能	1	2		5.76	血量最少单位持续回血		-1	1			7	"2,1|1,1|0,1|0,0|2,-1|1,-1|0,-1"		2	-1		-1		-1		-1			-1		1	-1	-1	1	0	1	500	500	-1	-1	-1	-1	-1	-1	-1	-1	-1		-1			-1		1	0	0											-1
3100169	坏橘子技能	1	2		63.36	攻击力最高者持续回血		-1	1			99			2	130021		-1		-1		-1			-1		1	-1	-1	1	0	1	500	500	-1	-1	-1	-1	-1	-1	-1	-1	-1		-1			-1		1	0	0											-1
3100173	石榴技能	1	1		28.8	攻击所在一行3格内的对手，击碎冻结的目标造成1.5倍伤害		-1	3	"1,0|2,0|3,0"		99			2	130025		-1		-1		-1			-1		2	-1	-1	2	0	1	500	500	-1	-1	-1	-1	-1	-1	-1	-1	-1		-1			-1		1	0	0											-1
3100177	水龙草技能	1	1		8.64	对面前九格范围内造成伤害		-1	9	"1,1|2,1|1,0|2,0|1,-1|2,-1"		99			2	-1		-1		-1		-1			-1		1	-1	-1	1	0	1	500	500	-1	-1	-1	-1	-1	-1	-1	-1	-1		-1			-1		1	0	0											-1
3100181	胆小菇技能	1	1		2.88	自己一次性恢复		-1	1	"0,0"		99			2	130033		-1		-1		-1			-1		1	-1	-1	1	0	1	500	500	-1	-1	-1	-1	-1	-1	-1	-1	-1		-1			-1		1	0	0											-1
3100185	小喷菇技能	1	1		5.76	降低敌方攻击力最高者的攻击		-1	1			99			2	130037		-1		-1		-1			-1		2	-1	-1	2	0	1	500	500	-1	-1	-1	-1	-1	-1	-1	-1	-1		-1			-1		1	0	0											-1
3100189	坚果技能	1	1		28.8	提升自己防御但攻击下降		-1	1	"0,0"		7	"2,1|1,1|0,1|0,0|2,-1|1,-1|0,-1"		2	-1		-1		-1		-1			-1		1	-1	-1	1	0	1	500	500	-1	-1	-1	-1	-1	-1	-1	-1	-1		-1			-1		1	0	0											-1
3100193	地刺技能	1	1		57.6	攻击所在行所有目标		-1	9	"1,0|2,0|3,0|4,0|5,0|6,0|7,0|8,0|9,0"		99			2	-1		-1		-1		-1			-1		1	-1	-1	1	0	1	500	500	-1	-1	-1	-1	-1	-1	-1	-1	-1		-1			-1		1	0	0											-1
3100197	狗尾草技能	1	1		2.88	攻击攻击力最高者		-1	1			99			2	130053		-1		-1		-1			-1		1	-1	-1	1	0	1	500	500	-1	-1	-1	-1	-1	-1	-1	-1	-1		-1			-1		1	0	0											-1
3100201	松果技能	1	1		0	本方防御最高的土元素防御提升		-1	1			99			2	130057		-1		-1		-1			-1		2	-1	-1	2	0	1	500	500	-1	-1	-1	-1	-1	-1	-1	-1	-1		-1			-1		1	0	0											-1
3100205	咬咬碑技能	1	11		11.52	把所有敌人吸过来1格		-1	99			99			2	-1		-1		-1		-1			-1		1	-1	-1	1	0	1	500	500	-1	-1	-1	-1	-1	-1	-1	-1	-1		-1			-1		1	0	0											-1
3100209	铁树技能	1	1		2.88	反弹伤害		-1	1			99			2	130065		-1		-1		-1			-1		2	-1	-1	2	0	1	500	500	-1	-1	-1	-1	-1	-1	-1	-1	-1		-1			-1		1	0	0											-1
3100213	榴莲技能	1	1		2.88	降低敌方攻击力最高者的攻击		-1	1			8	"0,1|0,-1|1,1|1,0|1,-1|-1,1|-1,0|-1,-1"		2	-1		-1		-1		-1			-1		1	-1	-1	1	0	1	500	500	-1	-1	-1	-1	-1	-1	-1	-1	-1		-1			-1		1	0	0											-1
3100217	窝瓜技能	1	1		4.32	所有敌方水元素攻击下降		-1	99			99			2	-1		-1		-1		-1			-1		1	-1	-1	1	0	1	500	500	-1	-1	-1	-1	-1	-1	-1	-1	-1		-1			-1		1	0	0											-1
3100221	萝卜技能	1	1		0	自己持续回血		-1	1			99			2	-1		-1		-1		-1			-1		1	-1	-1	1	0	1	500	500	-1	-1	-1	-1	-1	-1	-1	-1	-1		-1			-1		1	0	0											-1
3100225	昙花技能	1	11		2.88	把所有敌人吸过来2格		-1	99			99			2	-1		-1		-1		-1			-1		3	-1	-1	3	0	1	500	500	-1	-1	-1	-1	-1	-1	-1	-1	-1		-1			-1		1	0	0											-1
3100229	香蕉技能	1	1		72	单体攻击本行离自己最近的目标		-1	1	"1,0|2,0|3,0|4,0|5,0|6,0|7,0|8,0|9,0"		99			2	-1		-1		-1		-1			-1		1	-1	-1	1	0	1	500	500	-1	-1	-1	-1	-1	-1	-1	-1	-1		-1			-1		1	0	0											-1
3100233	猪笼草技能	1	1		72	对面前纵向3格内目标造成伤害		-1	3	"1,0|1,1|1,-1"		99			2	-1		-1		-1		-1			-1		1	-1	-1	1	0	1	500	500	-1	-1	-1	-1	-1	-1	-1	-1	-1		-1			-1		1	0	0											-1
3100237	竹笋技能	1	1		5.76	攻击所在行3格内目标		-1	3	"1,0|2,0|3,0"		99			2	130093		-1		-1		-1			-1		2	-1	-1	2	0	1	500	500	-1	-1	-1	-1	-1	-1	-1	-1	-1		-1			-1		1	0	0											-1
3100241	菠萝技能	1	1		2.88	提升所有土元素防御		-1	99			99			2	-1		-1		-1		-1			-1		1	-1	-1	1	0	1	500	500	-1	-1	-1	-1	-1	-1	-1	-1	-1		-1			-1		1	0	0											-1
3100245	葫芦技能	1	9		43.2	冲锋，所有火元素一次前进3格，沿途敌人被迫后退并有少量血量损失		-1	99			8	"0,1|0,-1|1,1|1,0|1,-1|-1,1|-1,0|-1,-1"		2	-1		-1		-1		-1			-1		1	-1	-1	1	0	1	500	500	-1	-1	-1	-1	-1	-1	-1	-1	-1		-1			-1		1	0	0											-1
3100249	大嘴花技能	1	1		43.2	对自己周围8格敌人造成伤害		-1	8	"0,1|0,-1|1,1|1,0|1,-1|-1,1|-1,0|-1,-1"		99			2	130105		-1		-1		-1			-1		1	-1	-1	1	0	1	500	500	-1	-1	-1	-1	-1	-1	-1	-1	-1		-1			-1		1	0	0											-1
3100253	火龙草技能	1	1		57.6	近战六宫格范围内所有目标造成伤害		-1	9	"1,1|2,1|1,0|2,0|1,-1|2,-1"		99			2	-1		-1		-1		-1			-1		1	-1	3	1	0	1	500	500	-1	-1	-1	-1	-1	-1	-1	-1	-1		-1			-1		1	0	0											-1
3100257	末日菇技能	1	3		0	对自己周围8格范围内敌人造成巨大伤害，自己血量减少60%		-1	1	"0,1|0,-1|1,1|1,0|1,-1|-1,1|-1,0|-1,-1"		99			2	-1		-1		-1		-1			-1		1	-1	-1	1	0	1	500	500	-1	-1	-1	-1	-1	-1	-1	-1	-1		-1			-1		1	0	0											-1
3100261	捕蝇草技能	1	1		57.6	自身攻击提升但每回合减血		-1	1			9	"0,1|-1,1|-2,1|0,0|-1,0|-2,0|0,-1|-1,-1|-2,-1"		2	-1		-1		-1		-1			-1		1	-1	-1	1	0	1	500	500	-1	-1	-1	-1	-1	-1	-1	-1	-1		-1			-1		1	0	0											-1
3100265	苹果技能	1	2		115.2	最高攻击力的火元素单位血量恢复		4	1			99			2	130125		-1		-1		-1			-1		1	-1	-1	1	0	1	500	500	-1	-1	-1	-1	-1	-1	-1	-1	-1		-1			-1		1	0	0											-1
3100269	黄瓜技能	1	1		5.76	攻击所有敌方		-1	99			99			2	-1		-1		-1		-1			-1		1	-1	-1	1	0	1	500	500	-1	-1	-1	-1	-1	-1	-1	-1	-1		-1			-1		1	0	0											-1
3100273	磁力菇技能	1	1		0	所有敌方防御力降低		2	99			99			2	-1		-1		-1		-1			-1		1	-1	-1	1	0	1	500	500	-1	-1	-1	-1	-1	-1	-1	-1	-1		-1			-1		1	0	0											-1
3100277	吸金菇技能	1	1		5.76	提升攻击力最高者及其周围单位的攻击力		-1	9	"0,1|0,-1|1,1|1,0|1,-1|-1,1|-1,0|-1,-1|0,0"		99			2	130137		-1		-1		-1			-1		2	-1	-1	2	0	1	500	500	-1	-1	-1	-1	-1	-1	-1	-1	-1		-1			-1		1	0	0											-1
3100281	火炬树桩技能	1	1		86.4	火焰变蓝色，加成提升		-1	1			99			2	-1		-1		-1		-1			-1		2	-1	-1	2	0	1	500	500	-1	-1	-1	-1	-1	-1	-1	-1	-1		-1			-1		1	0	0											-1
3100285	冰川菇技能	1	1		48.96	冰冻所有敌方目标		-1	99			99			2	-1		-1		-1		-1			-1		1	-1	-1	1	0	1	500	500	-1	-1	-1	-1	-1	-1	-1	-1	-1		-1			-1		1	0	0											-1
3100289	冰西瓜技能	1	1		5.76	对全屏敌人造成伤害，冰冻状态中伤害*1.5		-1	99			8	"0,1|0,-1|1,1|1,0|1,-1|-1,1|-1,0|-1,-1"		2	-1		-1		-1		-1			-1		1	-1	-1	1	0	1	500	500	-1	-1	-1	-1	-1	-1	-1	-1	-1		-1			-1		1	0	0											-1
3100293	生梨技能	1	2		5.76	恢复所有水元素血量并提高闪避		-1	99			99			2	-1		-1		-1		-1			-1		1	-1	-1	1	0	1	500	500	-1	-1	-1	-1	-1	-1	-1	-1	-1		-1			-1		1	0	0											-1
3100297	桃子技能	1	2		129.6	恢复所有己方单位血量		-1	99			99			2	-1		-1		-1		-1			-1		1	-1	-1	1	0	1	500	500	-1	-1	-1	-1	-1	-1	-1	-1	-1		-1			-1		1	0	0											-1
3100301	多嘴小蘑菇技能	1	1		2.88	向周围8格喷射瓦斯，降低目标防御		-1	8	"0,1|0,-1|1,1|1,0|1,-1|-1,1|-1,0|-1,-1"		99			2	130161		-1		-1		-1			-1		1	-1	-1	1	0	1	500	500	-1	-1	-1	-1	-1	-1	-1	-1	-1		-1			-1		1	0	0											-1
3100305	芦荟技能	1	2		23.04	攻击力最高者及其周围恢复血量		-1	9	"0,1|0,-1|1,1|1,0|1,-1|-1,1|-1,0|-1,-1|0,0"		99			2	-1		-1		-1		-1			-1		2	-1	-1	2	0	1	500	500	-1	-1	-1	-1	-1	-1	-1	-1	-1		-1			-1		1	0	0											-1
3100309	闪电芦苇技能	1	1		14.4	对攻击力最高的对手持续造成伤害并降低敌方攻击		-1	1			99			2	130169		-1		-1		-1			-1		1	-1	-1	1	0	1	500	500	-1	-1	-1	-1	-1	-1	-1	-1	-1		-1			-1		1	0	0											-1
3100313	萝卜伞技能	1	1		7.2	分担自身周围8格内友军伤害		-1	8	"0,1|0,-1|1,1|1,0|1,-1|-1,1|-1,0|-1,-1"		99			2	-1		-1		-1		-1			-1		1	-1	-1	1	0	1	500	500	-1	-1	-1	-1	-1	-1	-1	-1	-1		-1			-1		1	0	0											-1
3100317	南瓜技能	1	1		5.76	提升土元素防御		-1	99			9	"0,1|-1,1|-2,1|0,0|-1,0|-2,0|0,-1|-1,-1|-2,-1"		2	-1		-1		-1		-1			-1		1	-1	-1	1	0	1	500	500	-1	-1	-1	-1	-1	-1	-1	-1	-1		-1			-1		1	0	0											-1
3100321	金盏花技能	1	2		28.8	防御最高者持续回血		-1	1			8	"0,1|0,-1|1,1|1,0|1,-1|-1,1|-1,0|-1,-1"		2	-1		-1		-1		-1			-1		1	-1	-1	1	0	1	500	500	-1	-1	-1	-1	-1	-1	-1	-1	-1		-1			-1		1	0	0											-1
3100325	高坚果技能	1	1		57.6	自己防御提升		-1	1			99			2	-1		-1		-1		-1			-1		1	-1	-1	1	0	1	500	500	-1	-1	-1	-1	-1	-1	-1	-1	-1		-1			-1		1	0	0											-1
3100329	椰子加农炮技能	1	1		72	"对本行最近目标及其周围造成巨大伤害后,自己眩晕2回合"		-1	9	"1,0|2,0|3,0|4,0|5,0|6,0|7,0|8,0|9,0"		99			2	130189		-1		-1		-1			-1		2	-1	-1	2	0	1	500	500	-1	-1	-1	-1	-1	-1	-1	-1	-1		-1			-1		1	0	0											-1
3100333	巴豆技能	1	1		57.6	攻击全屏目标造成dot伤害		-1	99			99			2	130193		-1		-1		-1			-1		1	-1	-1	1	0	1	500	500	-1	-1	-1	-1	-1	-1	-1	-1	-1		-1			-1		1	0	0											-1
3100337	钢地刺技能	1	1		7.2	攻击所在行的所有敌军目标		-1	9	"1,0|2,0|3,0|4,0|5,0|6,0|7,0"		99			2	-1		-1		-1		-1			-1		1	-1	3	1	0	1	500	500	-1	-1	-1	-1	-1	-1	-1	-1	-1		-1			-1		1	0	0											-1
3100341	老树桩技能	1	1		5.76	提升防御力最高者及其周围的防御		-1	9	"0,1|0,-1|1,1|1,0|1,-1|-1,1|-1,0|-1,-1|0,0"		99			2	130201		-1		-1		-1			-1		2	-1	-1	2	0	1	500	500	-1	-1	-1	-1	-1	-1	-1	-1	-1		-1			-1		1	0	0											-1
3100345	大蒜技能	1	1		0	降低敌方所有攻击力		-1	99			99			2	130205		-1		-1		-1			-1		2	-1	-1	2	0	1	500	500	-1	-1	-1	-1	-1	-1	-1	-1	-1		-1			-1		1	0	0											-1
3100349	咖啡豆技能	1	9		144	所有土元素每回合前进2格		-1	99			99			2	130209		-1		-1		-1			-1		2	-1	-1	2	0	1	500	500	-1	-1	-1	-1	-1	-1	-1	-1	-1		-1			-1		1	0	0											-1
3100353	菜问技能	1	1		72	自己周围8格造成伤害		-1	8	"0,1|0,-1|1,1"		99			2	130213		-1		-1		-1			-1		2	-1	-1	2	0	1	500	500	-1	-1	-1	-1	-1	-1	-1	-1	-1		-1			-1		1	0	0											-1
3100357	机枪射手技能	1	1		2.88	对单体造成伤害		-1	1	"1,0|2,0|3,0|4,0|5,0|6,0|7,0"		99			2	-1		-1		-1		-1			-1		1	-1	-1	1	0	1	500	500	-1	-1	-1	-1	-1	-1	-1	-1	-1		-1			-1		1	0	0											-1
3100361	三叶草技能	1	1		48.96	吹退所有敌方目标，后退3格		-1	99			99			2	130221		-1		-1		-1			-1		2	-1	-1	2	0	1	500	500	-1	-1	-1	-1	-1	-1	-1	-1	-1		-1			-1		1	0	0											-1
3100365	三重射手技能	1	10		4.32	全屏伤害并击退		-1	99			99			2	-1		-1		-1		-1			-1		1	-1	-1	1	0	1	500	500	-1	-1	-1	-1	-1	-1	-1	-1	-1		-1			-1		1	0	0											-1
3100369	仙人掌技能	1	1		8.64	提高所有风元素的暴击		-1	99			99			2	-1		-1		-1		-1			-1		1	-1	-1	1	0	1	500	500	-1	-1	-1	-1	-1	-1	-1	-1	-1		-1			-1		1	0	0											-1
3100373	宝石花技能	1	2		17.28	恢复最高攻击力风元素的血量并增加命中		-1	1			99			2	-1		-1		-1		-1			-1		1	-1	-1	1	0	1	500	500	-1	-1	-1	-1	-1	-1	-1	-1	-1		-1			-1		1	0	0											-1
3100377	喇叭花技能	1	1		57.6	自己及周围的单位攻击力提升		-1	9	"0,1|0,-1|1,1|1,0|1,-1|-1,1|-1,0|-1,-1"		99			2	-1		-1		-1		-1			-1		1	-1	-1	1	0	1	500	500	-1	-1	-1	-1	-1	-1	-1	-1	-1		-1			-1		1	0	0											-1
3100381	回旋镖射手技能	1	1		72	自己所在横排3格内所有敌方		-1	3	"1,0|2,0|3,0"		99			2	-1		-1		-1		-1			-1		1	-1	-1	1	0	1	500	500	-1	-1	-1	-1	-1	-1	-1	-1	-1		-1			-1		1	0	0											-1
3100385	苦瓜技能	1	1		259.2	敌方攻击力最高单位持续损失生命值		-1	1			99			2	-1		-1		-1		-1			-1		1	-1	-1	1	0	1	500	500	-1	-1	-1	-1	-1	-1	-1	-1	-1		-1			-1		1	0	0											-1
41001	向日葵技能	1	1		41.472	提高攻击力最高火元素的攻击		-1	1			9	"0,1|-1,1|-2,1|0,0|-1,0|-2,0|0,-1|-1,-1|-2,-1"		2	-1		-1		-1		-1			-1		1	-1	-1	1	0	1	500	500	-1	-1	-1	-1	-1	-1	-1	-1	-1		-1			-1		1	0	0											-1
41005	土豆地雷技能	1	1		0	随机炸2名敌人		-1	99			9	"0,1|-1,1|-2,1|0,0|-1,0|-2,0|0,-1|-1,-1|-2,-1"		2	-1		-1		-1		-1			-1		1	-1	-1	1	0	1	500	500	-1	-1	-1	-1	-1	-1	-1	-1	-1		-1			-1		1	0	0											-1
41009	弹簧豆技能	1	1		41.472	自己突进2格		-1	1	"0,0"		7	"2,1|1,1|0,1|0,0|2,-1|1,-1|0,-1"		2	-1		-1		-1		-1			-1		1	-1	-1	1	0	1	500	500	-1	-1	-1	-1	-1	-1	-1	-1	-1		-1			-1		1	0	0											-1
410013	阳光菇技能	1	1		27.648	自己及周围的火元素攻击提升		-1	9	"0,1|0,-1|1,1|1,0|1,-1|-1,1|-1,0|-1,-1|0,0"		99			2	130205		-1		-1		-1			-1		2	-1	-1	2	0	1	500	500	-1	-1	-1	-1	-1	-1	-1	-1	-1		-1			-1		1	0	0											-1
410017	星星果技能	1	1		6.912	对自己周围8格内目标造成伤害		-1	8	"0,1|0,-1|1,1|1,0|1,-1|-1,1|-1,0|-1,-1"		99			2	-1		-1		-1		-1			-1		2	-1	3	2	0	1	500	500	-1	-1	-1	-1	-1	-1	-1	-1	-1		-1			-1		1	0	0											-1
410021	洋葱技能	1	1		51.84	降低敌方防御力最高者的防御		-1	1			99			2	-1		-1		-1		-1			-1		1	-1	-1	1	0	1	500	500	-1	-1	-1	-1	-1	-1	-1	-1	-1		-1			-1		1	0	0											-1
410025	双胞向日葵技能	1	1		41.472	提高本方攻击力最高者的攻击		-1	1			99			2	130273		-1		-1		-1			-1		1	-1	-1	1	0	1	500	500	-1	-1	-1	-1	-1	-1	-1	-1	-1		-1			-1		1	0	0											-1
410029	火爆辣椒技能	1	1		5.184	炸一行		-1	9	"1,0|2,0|3,0|4,0|5,0|6,0|7,0|8,0|9,0"		99			2	130277		-1		-1		-1			-1		2	-1	-1	2	0	1	500	500	-1	-1	-1	-1	-1	-1	-1	-1	-1		-1			-1		1	0	0											-1
410033	路灯花技能	1	1		0	降低所有敌方的命中		-1	99			99			2	130281		-1		-1		-1			-1		2	-1	-1	2	0	1	500	500	-1	-1	-1	-1	-1	-1	-1	-1	-1		-1			-1		1	0	0											-1
410037	甘蔗技能	1	9		172.8	所有火元素冲锋2格但没有击退效果		-1	99			99			2	130285		-1		-1		-1			-1		1	-1	-1	1	0	1	500	500	-1	-1	-1	-1	-1	-1	-1	-1	-1		-1			-1		1	0	0											-1
410041	樱桃炸弹技能	1	1		34.56	炸自己周围8格		-1	8	"0,1|0,-1|1,1|1,0|1,-1|-1,1|-1,0|-1,-1"		8	"0,1|0,-1|1,1|1,0|1,-1|-1,1|-1,0|-1,-1"		2	-1		-1		-1		-1			-1		1	-1	-1	1	0	1	500	500	-1	-1	-1	-1	-1	-1	-1	-1	-1		-1			-1		1	0	0											-1
410045	荔枝技能	1	1		6.912	对自己面前的九宫格造成伤害		-1	9	"1,1|2,1|1,0|2,0|1,-1|2,-1"		99			2	-1		-1		-1		-1			-1		2	-1	3	2	0	1	500	500	-1	-1	-1	-1	-1	-1	-1	-1	-1		-1			-1		1	0	0											-1
410049	火龙果技能	1	1		5.184	提升所有火元素攻击力		-1	99			99			2	-1		-1		-1		-1			-1		2	-1	-1	2	0	1	500	500	-1	-1	-1	-1	-1	-1	-1	-1	-1		-1			-1		1	0	0											-1
410053	迷糊菇技能	1	1		0	降低风元素攻击力		-1	99			7	"2,1|1,1|0,1|0,0|2,-1|1,-1|0,-1"		2	130301		-1		-1		-1			-1		1	-1	-1	1	0	1	500	500	-1	-1	-1	-1	-1	-1	-1	-1	-1		-1			-1		1	0	0											-1
410057	仙人球技能	1	1		69.12	自己攻击力提升但防御下降		-1	1			99			2	130305		-1		-1		-1			-1		2	-1	-1	2	0	1	500	500	-1	-1	-1	-1	-1	-1	-1	-1	-1		-1			-1		1	0	0											-1
410061	豌豆射手技能	1	1		69.12	攻击同一行离自己最近的目标		-1	1	"1,0|2,0|3,0|4,0|5,0|6,0|7,0|8,0|9,0"		99			2	130309		-1		-1		-1			-1		1	-1	-1	1	0	1	500	500	-1	-1	-1	-1	-1	-1	-1	-1	-1		-1			-1		1	0	0											-1
410065	茄子技能	1	1		41.472	单体攻击防御力最高者		-1	1			99			2	130313		-1		-1		-1			-1		2	-1	-1	2	0	1	500	500	-1	-1	-1	-1	-1	-1	-1	-1	-1		-1			-1		1	0	0											-1
410069	卷心菜投手技能	1	6		6.912	攻击同一行离自己最近的目标及其周围		-1	9	"1,0|2,0|3,0|4,0|5,0|6,0|7,0|8,0|9,0"		99			2	130317		-1		-1		-1			-1		2	-1	-1	2	0	1	500	500	-1	-1	-1	-1	-1	-1	-1	-1	-1		-1			-1		1	0	0											-1
410073	花菜技能	1	1		44.928	提高攻击力最高风元素的攻击		-1	1			99			2	-1		-1		-1		-1			-1		2	-1	3	2	0	1	500	500	-1	-1	-1	-1	-1	-1	-1	-1	-1		-1			-1		1	0	0											-1
410077	噬碑藤技能	1	1		3.456	降低敌方攻击力最高者的防御		-1	1			99			2	130325		-1		-1		-1			-1		2	-1	-1	2	0	1	500	500	-1	-1	-1	-1	-1	-1	-1	-1	-1		-1			-1		1	0	0											-1
410081	能量花技能	1	1		6.912	提高所有风元素的暴击		-1	99			8	"0,1|0,-1|1,1|1,0|1,-1|-1,1|-1,0|-1,-1"		2	-1		-1		-1		-1			-1		1	-1	-1	1	0	1	500	500	-1	-1	-1	-1	-1	-1	-1	-1	-1		-1			-1		1	0	0											-1
410085	双向射手技能	1	10		86.4	攻击单行离自己最近的并击退		-1	1	"1,0|2,0|3,0|4,0|5,0|6,0|7,0|8,0|9,0"		99			2	-1		-1		-1		-1			-1		1	-1	-1	1	0	1	500	500	-1	-1	-1	-1	-1	-1	-1	-1	-1		-1			-1		1	0	0											-1
410089	双重射手技能	1	1		5.184	对单行离自己最近的目标造成伤害		-1	1	"1,0|2,0|3,0|4,0|5,0|6,0|7,0|8,0|9,0"		99			2	130337		-1		-1		-1			-1		1	-1	-1	1	0	1	500	500	-1	-1	-1	-1	-1	-1	-1	-1	-1		-1			-1		1	0	0											-1
410093	变身茄子技能	1	1		86.4	提高攻击力最高风元素的攻击		-1	1			99			2	130341		-1		-1		-1			-1		2	-1	-1	2	0	1	500	500	-1	-1	-1	-1	-1	-1	-1	-1	-1		-1			-1		1	0	0											-1
410097	豌豆荚技能	1	10		34.56	攻击单行离自己最近的并击退		-1	1	"1,0|2,0|3,0|4,0|5,0|6,0|7,0|8,0|9,0"		7	"2,1|1,1|0,1|0,0|2,-1|1,-1|0,-1"		2	130345		-1		-1		-1			-1		1	-1	-1	1	0	1	500	500	-1	-1	-1	-1	-1	-1	-1	-1	-1		-1			-1		1	0	0											-1
4100101	哈密瓜技能	1	6		0	攻击离自己最近的目标及其周围		-1	9	"1,0|2,0|3,0|4,0|5,0|6,0|7,0|8,0|9,0"		99			2	130349		-1		-1		-1			-1		2	-1	-1	2	0	1	500	500	-1	-1	-1	-1	-1	-1	-1	-1	-1		-1			-1		1	0	0											-1
4100105	玉米投手技能	1	1		86.4	黏住所有敌方目标1回合		-1	99			7	"2,1|1,1|0,1|0,0|2,-1|1,-1|0,-1"		2	-1		-1		-1		-1			-1		1	-1	-1	1	0	1	500	500	-1	-1	-1	-1	-1	-1	-1	-1	-1		-1			-1		1	0	0											-1
4100109	猫尾草技能	1	1		3.456	单体攻击防御力最高者		-1	1			99			2	-1		-1		-1		-1			-1		1	-1	-1	1	0	1	500	500	-1	-1	-1	-1	-1	-1	-1	-1	-1		-1			-1		1	0	0											-1
4100113	青椒技能	1	1		3.456	提高所有风元素闪避--攻击多个随即目标		-1	99			99			2	-1		-1		-1		-1			-1		1	-1	-1	1	0	1	500	500	-1	-1	-1	-1	-1	-1	-1	-1	-1		-1			-1		1	0	0											-1
4100117	霸王花技能	1	1		51.84	降低敌方所有土元素的防御		-1	99			99			2	-1		-1		-1		-1			-1		1	-1	-1	1	0	1	500	500	-1	-1	-1	-1	-1	-1	-1	-1	-1		-1			-1		1	0	0											-1
4100121	水仙技能	1	1		69.12	对攻击力最高目标造成伤害		2	1			99			2	-1		-1		-1		-1			-1		1	-1	-1	1	0	1	500	500	-1	-1	-1	-1	-1	-1	-1	-1	-1		-1			-1		1	0	0											-1
4100125	冰冻生菜技能	1	1		3.456	单体攻击本行离自己最近的并冻结对手		-1	1	"1,0|2,0|3,0|4,0|5,0|6,0|7,0|8,0|9,0"		99			2	130373		-1		-1		-1			-1		2	-1	-1	2	0	1	500	500	-1	-1	-1	-1	-1	-1	-1	-1	-1		-1			-1		1	0	0											-1
4100129	水兵菇技能	1	1		51.84	降低攻击力最高者的防御		-1	1			99			2	130377		-1		-1		-1			-1		2	-1	-1	2	0	1	500	500	-1	-1	-1	-1	-1	-1	-1	-1	-1		-1			-1		1	0	0											-1
4100133	缠绕水草技能	1	1		3.456	击碎冻结的目标并造成2倍伤害或随机伤害		-1	1	"1,0"		99			2	-1		-1		-1		-1			-1		1	-1	-1	1	0	1	500	500	-1	-1	-1	-1	-1	-1	-1	-1	-1		-1			-1		1	0	0											-1
4100137	鸡腿菇技能	1	2		69.12	攻击力最高者持续回血		-1	1			99			2	-1		-1		-1		-1			-1		1	-1	3	1	0	1	500	500	-1	-1	-1	-1	-1	-1	-1	-1	-1		-1			-1		1	0	0											-1
4100141	蓝莓技能	1	1		3.456	对面前纵向3格范围内造成伤害		-1	3	"1,0|1,1|1,-1"		99			2	140001		-1		-1		-1			-1		2	-1	-1	2	0	1	500	500	-1	-1	-1	-1	-1	-1	-1	-1	-1		-1			-1		1	0	0											-1
4100145	莲叶技能	1	2		34.56	血量最少的水元素持续回血		3	1			99			2	-1		-1		-1		-1			-1		1	-1	-1	1	0	1	500	500	-1	-1	-1	-1	-1	-1	-1	-1	-1		-1			-1		1	0	0											-1
4100149	西瓜投手技能	1	1		6.912	对攻击力最高的及其周围造成伤害		-1	9	"0,1|0,-1|1,1|1,0|1,-1|-1,1|-1,0|-1,-1|0,0"		99			2	-1		-1		-1		-1			-1		1	-1	-1	1	0	1	500	500	-1	-1	-1	-1	-1	-1	-1	-1	-1		-1			-1		1	0	0											-1
4100153	大喷菇技能	1	1		138.24	降低自己周围8格敌军攻击		-1	8	"0,1|0,-1|1,1|1,0|1,-1|-1,1|-1,0|-1,-1"		99			2	140013		-1		-1		-1			-1		2	-1	-1	2	0	1	500	500	-1	-1	-1	-1	-1	-1	-1	-1	-1		-1			-1		1	0	0											-1
4100157	寒冰射手技能	1	1		3.456	攻击面前3格内对手并冻结		-1	3	"1,0|2,0|3,0"		7	"2,1|1,1|0,1|0,0|2,-1|1,-1|0,-1"		2	-1		-1		-1		-1			-1		1	-1	-1	1	0	1	500	500	-1	-1	-1	-1	-1	-1	-1	-1	-1		-1			-1		1	0	0											-1
4100161	猕猴桃技能	1	1		5.184	降低攻击力最高者的命中		-1	1			99			2	140021		-1		-1		-1			-1		1	-1	-1	1	0	1	500	500	-1	-1	-1	-1	-1	-1	-1	-1	-1		-1			-1		1	0	0											-1
4100165	西红柿技能	1	2		6.912	血量最少单位持续回血		-1	1			99			2	140025		-1		-1		-1			-1		2	-1	-1	2	0	1	500	500	-1	-1	-1	-1	-1	-1	-1	-1	-1		-1			-1		1	0	0											-1
4100169	坏橘子技能	1	2		76.032	攻击力最高者持续回血		-1	1			99			2	-1		-1		-1		-1			-1		1	-1	-1	1	0	1	500	500	-1	-1	-1	-1	-1	-1	-1	-1	-1		-1			-1		1	0	0											-1
4100173	石榴技能	1	1		34.56	攻击所在一行3格内的对手，击碎冻结的目标造成1.5倍伤害		-1	3	"1,0|2,0|3,0"		99			2	140033		-1		-1		-1			-1		1	-1	-1	1	0	1	500	500	-1	-1	-1	-1	-1	-1	-1	-1	-1		-1			-1		1	0	0											-1
4100177	水龙草技能	1	1		10.368	对面前九格范围内造成伤害		-1	9	"1,1|2,1|1,0|2,0|1,-1|2,-1"		99			2	140037		-1		-1		-1			-1		2	-1	-1	2	0	1	500	500	-1	-1	-1	-1	-1	-1	-1	-1	-1		-1			-1		1	0	0											-1
4100181	胆小菇技能	1	1		3.456	自己一次性恢复		-1	1	"0,0"		7	"2,1|1,1|0,1|0,0|2,-1|1,-1|0,-1"		2	-1		-1		-1		-1			-1		1	-1	-1	1	0	1	500	500	-1	-1	-1	-1	-1	-1	-1	-1	-1		-1			-1		1	0	0											-1
4100185	小喷菇技能	1	1		6.912	降低敌方攻击力最高者的攻击		-1	1			99			2	-1		-1		-1		-1			-1		1	-1	-1	1	0	1	500	500	-1	-1	-1	-1	-1	-1	-1	-1	-1		-1			-1		1	0	0											-1
4100189	坚果技能	1	1		34.56	提升自己防御但攻击下降		-1	1	"0,0"		99			2	140053		-1		-1		-1			-1		1	-1	-1	1	0	1	500	500	-1	-1	-1	-1	-1	-1	-1	-1	-1		-1			-1		1	0	0											-1
4100193	地刺技能	1	1		69.12	攻击所在行所有目标		-1	9	"1,0|2,0|3,0|4,0|5,0|6,0|7,0|8,0|9,0"		99			2	140057		-1		-1		-1			-1		2	-1	-1	2	0	1	500	500	-1	-1	-1	-1	-1	-1	-1	-1	-1		-1			-1		1	0	0											-1
4100197	狗尾草技能	1	1		3.456	攻击攻击力最高者		-1	1			99			2	-1		-1		-1		-1			-1		1	-1	-1	1	0	1	500	500	-1	-1	-1	-1	-1	-1	-1	-1	-1		-1			-1		1	0	0											-1
4100201	松果技能	1	1		0	本方防御最高的土元素防御提升		-1	1			99			2	140065		-1		-1		-1			-1		2	-1	-1	2	0	1	500	500	-1	-1	-1	-1	-1	-1	-1	-1	-1		-1			-1		1	0	0											-1
4100205	咬咬碑技能	1	11		13.824	把所有敌人吸过来1格		-1	99			8	"0,1|0,-1|1,1|1,0|1,-1|-1,1|-1,0|-1,-1"		2	-1		-1		-1		-1			-1		1	-1	-1	1	0	1	500	500	-1	-1	-1	-1	-1	-1	-1	-1	-1		-1			-1		1	0	0											-1
4100209	铁树技能	1	1		3.456	反弹伤害		-1	1			99			2	-1		-1		-1		-1			-1		1	-1	-1	1	0	1	500	500	-1	-1	-1	-1	-1	-1	-1	-1	-1		-1			-1		1	0	0											-1
4100213	榴莲技能	1	1		3.456	降低敌方攻击力最高者的攻击		-1	1			99			2	-1		-1		-1		-1			-1		1	-1	-1	1	0	1	500	500	-1	-1	-1	-1	-1	-1	-1	-1	-1		-1			-1		1	0	0											-1
4100217	窝瓜技能	1	1		5.184	所有敌方水元素攻击下降		-1	99			99			2	-1		-1		-1		-1			-1		3	-1	-1	3	0	1	500	500	-1	-1	-1	-1	-1	-1	-1	-1	-1		-1			-1		1	0	0											-1
4100221	萝卜技能	1	1		0	自己持续回血		-1	1			99			2	-1		-1		-1		-1			-1		1	-1	-1	1	0	1	500	500	-1	-1	-1	-1	-1	-1	-1	-1	-1		-1			-1		1	0	0											-1
4100225	昙花技能	1	11		3.456	把所有敌人吸过来2格		-1	99			99			2	-1		-1		-1		-1			-1		1	-1	-1	1	0	1	500	500	-1	-1	-1	-1	-1	-1	-1	-1	-1		-1			-1		1	0	0											-1
4100229	香蕉技能	1	1		86.4	单体攻击本行离自己最近的目标		-1	1	"1,0|2,0|3,0|4,0|5,0|6,0|7,0|8,0|9,0"		99			2	140093		-1		-1		-1			-1		2	-1	-1	2	0	1	500	500	-1	-1	-1	-1	-1	-1	-1	-1	-1		-1			-1		1	0	0											-1
4100233	猪笼草技能	1	1		86.4	对面前纵向3格内目标造成伤害		-1	3	"1,0|1,1|1,-1"		99			2	-1		-1		-1		-1			-1		1	-1	-1	1	0	1	500	500	-1	-1	-1	-1	-1	-1	-1	-1	-1		-1			-1		1	0	0											-1
4100237	竹笋技能	1	1		6.912	攻击所在行3格内目标		-1	3	"1,0|2,0|3,0"		8	"0,1|0,-1|1,1|1,0|1,-1|-1,1|-1,0|-1,-1"		2	-1		-1		-1		-1			-1		1	-1	-1	1	0	1	500	500	-1	-1	-1	-1	-1	-1	-1	-1	-1		-1			-1		1	0	0											-1
4100241	菠萝技能	1	1		3.456	提升所有土元素防御		-1	99			99			2	140105		-1		-1		-1			-1		1	-1	-1	1	0	1	500	500	-1	-1	-1	-1	-1	-1	-1	-1	-1		-1			-1		1	0	0											-1
4100245	葫芦技能	1	9		51.84	冲锋，所有火元素一次前进3格，沿途敌人被迫后退并有少量血量损失		-1	99			99			2	-1		-1		-1		-1			-1		1	-1	3	1	0	1	500	500	-1	-1	-1	-1	-1	-1	-1	-1	-1		-1			-1		1	0	0											-1
4100249	大嘴花技能	1	1		51.84	对自己周围8格敌人造成伤害		-1	8	"0,1|0,-1|1,1|1,0|1,-1|-1,1|-1,0|-1,-1"		99			2	-1		-1		-1		-1			-1		1	-1	-1	1	0	1	500	500	-1	-1	-1	-1	-1	-1	-1	-1	-1		-1			-1		1	0	0											-1
4100253	火龙草技能	1	1		69.12	近战六宫格范围内所有目标造成伤害		-1	9	"1,1|2,1|1,0|2,0|1,-1|2,-1"		9	"0,1|-1,1|-2,1|0,0|-1,0|-2,0|0,-1|-1,-1|-2,-1"		2	-1		-1		-1		-1			-1		1	-1	-1	1	0	1	500	500	-1	-1	-1	-1	-1	-1	-1	-1	-1		-1			-1		1	0	0											-1
4100257	末日菇技能	1	3		0	对自己周围8格范围内敌人造成巨大伤害，自己血量减少60%		5	1	"0,1|0,-1|1,1|1,0|1,-1|-1,1|-1,0|-1,-1"		99			2	140125		-1		-1		-1			-1		1	-1	-1	1	0	1	500	500	-1	-1	-1	-1	-1	-1	-1	-1	-1		-1			-1		1	0	0											-1
4100261	捕蝇草技能	1	1		69.12	自身攻击提升但每回合减血		-1	1			99			2	-1		-1		-1		-1			-1		1	-1	-1	1	0	1	500	500	-1	-1	-1	-1	-1	-1	-1	-1	-1		-1			-1		1	0	0											-1
4100265	苹果技能	1	2		138.24	最高攻击力的火元素单位血量恢复		3	1			99			2	-1		-1		-1		-1			-1		1	-1	-1	1	0	1	500	500	-1	-1	-1	-1	-1	-1	-1	-1	-1		-1			-1		1	0	0											-1
4100269	黄瓜技能	1	1		6.912	攻击所有敌方		-1	99			99			2	140137		-1		-1		-1			-1		2	-1	-1	2	0	1	500	500	-1	-1	-1	-1	-1	-1	-1	-1	-1		-1			-1		1	0	0											-1
4100273	磁力菇技能	1	1		0	所有敌方防御力降低		-1	99			99			2	-1		-1		-1		-1			-1		2	-1	-1	2	0	1	500	500	-1	-1	-1	-1	-1	-1	-1	-1	-1		-1			-1		1	0	0											-1
4100277	吸金菇技能	1	1		6.912	提升攻击力最高者及其周围单位的攻击力		-1	9	"0,1|0,-1|1,1|1,0|1,-1|-1,1|-1,0|-1,-1|0,0"		99			2	-1		-1		-1		-1			-1		1	-1	-1	1	0	1	500	500	-1	-1	-1	-1	-1	-1	-1	-1	-1		-1			-1		1	0	0											-1
4100281	火炬树桩技能	1	1		103.68	火焰变蓝色，加成提升		-1	1			8	"0,1|0,-1|1,1|1,0|1,-1|-1,1|-1,0|-1,-1"		2	-1		-1		-1		-1			-1		1	-1	-1	1	0	1	500	500	-1	-1	-1	-1	-1	-1	-1	-1	-1		-1			-1		1	0	0											-1
4100285	冰川菇技能	1	1		58.752	冰冻所有敌方目标		-1	99			99			2	-1		-1		-1		-1			-1		1	-1	-1	1	0	1	500	500	-1	-1	-1	-1	-1	-1	-1	-1	-1		-1			-1		1	0	0											-1
4100289	冰西瓜技能	1	1		6.912	对全屏敌人造成伤害，冰冻状态中伤害*1.5		-1	99			99			2	-1		-1		-1		-1			-1		1	-1	-1	1	0	1	500	500	-1	-1	-1	-1	-1	-1	-1	-1	-1		-1			-1		1	0	0											-1
4100293	生梨技能	1	2		6.912	恢复所有水元素血量并提高闪避		-1	99			99			2	140161		-1		-1		-1			-1		1	-1	-1	1	0	1	500	500	-1	-1	-1	-1	-1	-1	-1	-1	-1		-1			-1		1	0	0											-1
4100297	桃子技能	1	2		155.52	恢复所有己方单位血量		-1	99			99			2	-1		-1		-1		-1			-1		2	-1	-1	2	0	1	500	500	-1	-1	-1	-1	-1	-1	-1	-1	-1		-1			-1		1	0	0											-1
4100301	多嘴小蘑菇技能	1	1		3.456	向周围8格喷射瓦斯，降低目标防御		-1	8	"0,1|0,-1|1,1|1,0|1,-1|-1,1|-1,0|-1,-1"		99			2	140169		-1		-1		-1			-1		1	-1	-1	1	0	1	500	500	-1	-1	-1	-1	-1	-1	-1	-1	-1		-1			-1		1	0	0											-1
4100305	芦荟技能	1	2		27.648	攻击力最高者及其周围恢复血量		-1	9	"0,1|0,-1|1,1|1,0|1,-1|-1,1|-1,0|-1,-1|0,0"		99			2	-1		-1		-1		-1			-1		1	-1	-1	1	0	1	500	500	-1	-1	-1	-1	-1	-1	-1	-1	-1		-1			-1		1	0	0											-1
4100309	闪电芦苇技能	1	1		17.28	对攻击力最高的对手持续造成伤害并降低敌方攻击		-1	1			9	"0,1|-1,1|-2,1|0,0|-1,0|-2,0|0,-1|-1,-1|-2,-1"		2	-1		-1		-1		-1			-1		1	-1	-1	1	0	1	500	500	-1	-1	-1	-1	-1	-1	-1	-1	-1		-1			-1		1	0	0											-1
4100313	萝卜伞技能	1	1		8.64	分担自身周围8格内友军伤害		-1	8	"0,1|0,-1|1,1|1,0|1,-1|-1,1|-1,0|-1,-1"		8	"0,1|0,-1|1,1|1,0|1,-1|-1,1|-1,0|-1,-1"		2	-1		-1		-1		-1			-1		1	-1	-1	1	0	1	500	500	-1	-1	-1	-1	-1	-1	-1	-1	-1		-1			-1		1	0	0											-1
4100317	南瓜技能	1	1		6.912	提升土元素防御		-1	99			99			2	-1		-1		-1		-1			-1		1	-1	-1	1	0	1	500	500	-1	-1	-1	-1	-1	-1	-1	-1	-1		-1			-1		1	0	0											-1
4100321	金盏花技能	1	2		34.56	防御最高者持续回血		-1	1			99			2	140189		-1		-1		-1			-1		2	-1	-1	2	0	1	500	500	-1	-1	-1	-1	-1	-1	-1	-1	-1		-1			-1		1	0	0											-1
4100325	高坚果技能	1	1		69.12	自己防御提升		-1	1			99			2	140193		-1		-1		-1			-1		1	-1	-1	1	0	1	500	500	-1	-1	-1	-1	-1	-1	-1	-1	-1		-1			-1		1	0	0											-1
4100329	椰子加农炮技能	1	1		86.4	"对本行最近目标及其周围造成巨大伤害后,自己眩晕2回合"		-1	9	"1,0|2,0|3,0|4,0|5,0|6,0|7,0|8,0|9,0"		99			2	-1		-1		-1		-1			-1		1	-1	3	1	0	1	500	500	-1	-1	-1	-1	-1	-1	-1	-1	-1		-1		-1			1	0	0											-1
4100333	巴豆技能	1	1		69.12	攻击全屏目标造成dot伤害		-1	99			99			2	140201		-1		-1		-1			-1		2	-1	-1	2	0	1	500	500	-1	-1	-1	-1	-1	-1	-1	-1	-1		-1			-1		1	0	0											-1
4100337	钢地刺技能	1	1		8.64	攻击所在行的所有敌军目标		-1	9	"1,0|2,0|3,0|4,0|5,0|6,0|7,0"		99			2	140205		-1		-1		-1			-1		2	-1	-1	2	0	1	500	500	-1	-1	-1	-1	-1	-1	-1	-1	-1		-1			-1		1	0	0											-1
4100341	老树桩技能	1	1		6.912	提升防御力最高者及其周围的防御		-1	9	"0,1|0,-1|1,1|1,0|1,-1|-1,1|-1,0|-1,-1|0,0"		99			2	140209		-1		-1		-1			-1		2	-1	-1	2	0	1	500	500	-1	-1	-1	-1	-1	-1	-1	-1	-1		-1			-1		1	0	0											-1
4100345	大蒜技能	1	1		0	降低敌方所有攻击力		-1	99			99			2	140213		-1		-1		-1			-1		2	-1	-1	2	0	1	500	500	-1	-1	-1	-1	-1	-1	-1	-1	-1		-1			-1		1	0	0											-1
4100349	咖啡豆技能	1	9		172.8	所有土元素每回合前进2格		-1	99			99			2	-1		-1		-1		-1			-1		1	-1	-1	1	0	1	500	500	-1	-1	-1	-1	-1	-1	-1	-1	-1		-1			-1		1	0	0											-1
4100353	菜问技能	1	1		86.4	自己周围8格造成伤害		-1	8	"0,1|0,-1|1,1"		99			2	140221		-1		-1		-1			-1		2	-1	-1	2	0	1	500	500	-1	-1	-1	-1	-1	-1	-1	-1	-1		-1			-1		1	0	0											-1
4100357	机枪射手技能	1	1		3.456	对单体造成伤害		-1	1	"1,0|2,0|3,0|4,0|5,0|6,0|7,0"		99			2	-1		-1		-1		-1			-1		1	-1	-1	1	0	1	500	500	-1	-1	-1	-1	-1	-1	-1	-1	-1		-1			-1		1	0	0											-1
4100361	三叶草技能	1	1		58.752	吹退所有敌方目标，后退3格		-1	99			99			2	-1		-1		-1		-1			-1		1	-1	-1	1	0	1	500	500	-1	-1	-1	-1	-1	-1	-1	-1	-1		-1			-1		1	0	0											-1
4100365	三重射手技能	1	10		5.184	全屏伤害并击退		-1	99			99			2	-1		-1		-1		-1			-1		1	-1	-1	1	0	1	500	500	-1	-1	-1	-1	-1	-1	-1	-1	-1		-1			-1		1	0	0											-1
4100369	仙人掌技能	1	1		10.368	提高所有风元素的暴击		-1	99			99			2	-1		-1		-1		-1			-1		1	-1	-1	1	0	1	500	500	-1	-1	-1	-1	-1	-1	-1	-1	-1		-1			-1		1	0	0											-1
4100373	宝石花技能	1	2		20.736	恢复最高攻击力风元素的血量并增加命中		-1	1			99			2	-1		-1		-1		-1			-1		1	-1	-1	1	0	1	500	500	-1	-1	-1	-1	-1	-1	-1	-1	-1		-1			-1		1	0	0											-1
4100377	喇叭花技能	1	1		69.12	自己及周围的单位攻击力提升		-1	9	"0,1|0,-1|1,1|1,0|1,-1|-1,1|-1,0|-1,-1"		99			2	-1		-1		-1		-1			-1		1	-1	-1	1	0	1	500	500	-1	-1	-1	-1	-1	-1	-1	-1	-1		-1			-1		1	0	0											-1
4100381	回旋镖射手技能	1	1		86.4	自己所在横排3格内所有敌方		-1	3	"1,0|2,0|3,0"		9	"0,1|-1,1|-2,1|0,0|-1,0|-2,0|0,-1|-1,-1|-2,-1"		2	-1		-1		-1		-1			-1		1	-1	-1	1	0	1	500	500	-1	-1	-1	-1	-1	-1	-1	-1	-1		-1			-1		1	0	0											-1
4100385	苦瓜技能	1	1		321.15	敌方攻击力最高单位持续损失生命值		-1	1			9	"0,1|-1,1|-2,1|0,0|-1,0|-2,0|0,-1|-1,-1|-2,-1"		2	-1		-1		-1		-1			-1		1	-1	-1	1	0	1	500	500	-1	-1	-1	-1	-1	-1	-1	-1	-1		-1			-1		1	0	0											-1
20020314	雪人僵尸	1	8		750	对敌方单体造成伤害		5	99			99				400157		-1		-1		-1			-1		1	-1	-1	1	0	1	500	500	-1	-1	-1	-1	-1	-1	-1	-1	-1		-1			-1		1	0	0											-1
20020315	卡车司机	1	1		100	对敌方单体造成伤害		-1	99			99				-1		-1		-1		-1			-1		1	-1	-1	1	0	1	500	500	-1	-1	-1	-1	-1	-1	-1	-1	-1		-1			-1		1	0	0											-1
1006001	阳光菇回血技能	1	2		120	恢复自己99999的血量		-1	99			99			1	-1		-1		-1		-1			-1		2	-1	-1	2	0	1	500	500	-1	-1	-1	-1	-1	-1	-1	-1	-1		-1			-1		1	0	0											-1
20011	路障boss	1	1		100	对敌方单体造成伤害		-1	1	"1,0"		99			0	-1		-1		-1		-1			-1		1	-1	-1	1	0	1	500	500	-1	-1	-1	-1	-1	-1	-1	-1	-1		-1			-1		1	0	0											-1
20012	撑杆boss	1	1		100	对敌方单体造成伤害		-1	1	"1,0|2,0|3,0|4,0|5,0|6,0|7,0|8,0|9,0"		99			0	-1		-1		-1		-1			-1		1	-1	-1	1	0	1	500	500	-1	-1	-1	-1	-1	-1	-1	-1	-1		-1			-1		1	0	0											-1
20013	铁桶boss	1	1		100	对敌方单体造成伤害		-1	1	"1,0"		99			0	-1		-1		-1		-1			-1		1	-1	-1	1	0	1	500	500	-1	-1	-1	-1	-1	-1	-1	-1	-1		-1			-1		1	0	0											-1
20014	旗子boss	1	1		100	对敌方单体造成伤害		-1	1	"1,0"		99			0	-1		-1		-1		-1			-1		1	-1	-1	1	0	1	500	500	-1	-1	-1	-1	-1	-1	-1	-1	-1		-1			-1		1	0	0											-1
20015	橄榄球boss	1	1		100	对敌方单体造成伤害		-1	1	"1,0|2,0|3,0|4,0|5,0|6,0|7,0|8,0|9,0"		99			0	-1		-1		-1		-1			-1		1	-1	-1	1	0	1	500	500	-1	-1	-1	-1	-1	-1	-1	-1	-1		-1			-1		1	0	0											-1
20111	路障木乃伊boss	1	1		100	对敌方单体造成伤害		-1	1	"1,0"		99			0	-1		-1		-1		-1			-1		1	-1	-1	1	0	1	500	500	-1	-1	-1	-1	-1	-1	-1	-1	-1		-1			-1		1	0	0											-1
20112	旗帜木乃伊boss	1	1		100	对敌方单体造成伤害		-1	1	"1,0"		99			0	-1		-1		-1		-1			-1		1	-1	-1	1	0	1	500	500	-1	-1	-1	-1	-1	-1	-1	-1	-1		-1			-1		1	0	0											-1
20113	铁桶木乃伊boss	1	1		100	对敌方单体造成伤害		-1	1	"1,0"		99			0	-1		-1		-1		-1			-1		1	-1	-1	1	0	1	500	500	-1	-1	-1	-1	-1	-1	-1	-1	-1		-1			-1		1	0	0											-1
20114	探险家boss	1	1		100	对敌方单体造成伤害		-1	1	"1,0"		99			0	-1		-1		-1		-1			-1		1	-1	-1	1	0	1	500	500	-1	-1	-1	-1	-1	-1	-1	-1	-1		-1			-1		1	0	0											-1
20115	死神boss	1	1		100	对敌方单体造成伤害		-1	1	"1,0|2,0|3,0|4,0|5,0|6,0|7,0|8,0|9,0"		99			0	-1		-1		-1		-1			-1		1	-1	-1	1	0	1	500	500	-1	-1	-1	-1	-1	-1	-1	-1	-1		-1			-1		1	0	0											-1
20116	太阳神boss	1	1		100	对敌方单体造成伤害		-1	1	"1,0|2,0|3,0|4,0|5,0|6,0|7,0|8,0|9,0"		99			0	-1		-1		-1		-1			-1		1	-1	-1	1	0	1	500	500	-1	-1	-1	-1	-1	-1	-1	-1	-1		-1			-1		1	0	0											-1
20117	法老boss	1	1		100	对敌方单体造成伤害		-1	1	"1,0"		99			0	-1		-1		-1		-1			-1		1	-1	-1	1	0	1	500	500	-1	-1	-1	-1	-1	-1	-1	-1	-1		-1			-1		1	0	0											-1
20118	埃及艳后boss	1	1		100	对敌方单体造成伤害		-1	1	"1,0"		99			0	-1		-1		-1		-1			-1		1	-1	-1	1	0	1	500	500	-1	-1	-1	-1	-1	-1	-1	-1	-1		-1			-1		1	0	0											-1
20212	路障海盗boss	1	1		100	对敌方单体造成伤害		-1	1	"1,0"		99			0	-1		-1		-1		-1			-1		1	-1	-1	1	0	1	500	500	-1	-1	-1	-1	-1	-1	-1	-1	-1		-1			-1		1	0	0											-1
20213	铁桶海盗boss	1	1		100	对敌方单体造成伤害		-1	1	"1,0"		99			0	-1		-1		-1		-1			-1		1	-1	-1	1	0	1	500	500	-1	-1	-1	-1	-1	-1	-1	-1	-1		-1			-1		1	0	0											-1
20214	旗帜海盗boss	1	1		100	对敌方单体造成伤害		-1	1	"1,0"		99			0	-1		-1		-1		-1			-1		1	-1	-1	1	0	1	500	500	-1	-1	-1	-1	-1	-1	-1	-1	-1		-1			-1		1	0	0											-1
20215	飞索海盗boss	1	1		100	对敌方单体造成伤害		-1	1	"1,0|2,0|3,0|4,0|5,0|6,0|7,0|8,0|9,0"		99			0	-1		-1		-1		-1			-1		1	-1	-1	1	0	1	500	500	-1	-1	-1	-1	-1	-1	-1	-1	-1		-1			-1		1	0	0											-1
20216	海鸥海盗boss	1	1		100	对敌方单体造成伤害		-1	1	"1,0|2,0|3,0|4,0|5,0|6,0|7,0|8,0|9,0"		99			0	-1		-1		-1		-1			-1		1	-1	-1	1	0	1	500	500	-1	-1	-1	-1	-1	-1	-1	-1	-1		-1			-1		1	0	0											-1
20217	滚筒boss	1	1		100	对敌方单体造成伤害		-1	1	"1,0"		99			0	-1		-1		-1		-1			-1		1	-1	-1	1	0	1	500	500	-1	-1	-1	-1	-1	-1	-1	-1	-1		-1			-1		1	0	0											-1
20218	船长boss	1	1		100	对敌方单体造成伤害		-1	1	"1,0"		99			0	-1		-1		-1		-1			-1		1	-1	-1	1	0	1	500	500	-1	-1	-1	-1	-1	-1	-1	-1	-1		-1			-1		1	0	0											-1
20314	路障牛仔boss	1	1		100	对敌方单体造成伤害		-1	1	"1,0"		99			0	-1		-1		-1		-1			-1		1	-1	-1	1	0	1	500	500	-1	-1	-1	-1	-1	-1	-1	-1	-1		-1			-1		1	0	0											-1
20315	铁桶牛仔boss	1	1		100	对敌方单体造成伤害		-1	1	"1,0"		99			0	-1		-1		-1		-1			-1		1	-1	-1	1	0	1	500	500	-1	-1	-1	-1	-1	-1	-1	-1	-1		-1			-1		1	0	0											-1
20316	旗子牛仔boss	1	1		100	对敌方单体造成伤害		-1	1	"1,0"		99			0	-1		-1		-1		-1			-1		1	-1	-1	1	0	1	500	500	-1	-1	-1	-1	-1	-1	-1	-1	-1		-1			-1		1	0	0											-1
20317	淘金boss	1	1		450	自爆炸面前3*3范围目标		-1	1	"1,0"		9	"0,0|0,1|0,-1|-1,1|-1,0|-1，-1|-2,1|-2,0|-2，-1"		2	-1		-1		-1		-1			-1		1	-1	-1	1	0	1	500	500	-1	-1	-1	-1	-1	-1	-1	-1	-1		-1			-1		1	0	0											-1
20318	钢琴boss	1	1		100	对敌方单体造成伤害		-1	1	"1,0|2,0|3,0|4,0|5,0|6,0|7,0|8,0|9,0"		99			0	-1		-1		-1		-1			-1		1	-1	-1	1	0	1	500	500	-1	-1	-1	-1	-1	-1	-1	-1	-1		-1			-1		1	0	0											-1
20319	鸡贼boss	1	1		100	对敌方单体造成伤害		-1	1	"1,0"		99			0	-1		-1		-1		-1			-1		1	-1	-1	1	0	1	500	500	-1	-1	-1	-1	-1	-1	-1	-1	-1		-1			-1		1	0	0											-1
20320	机器牛boss	1	1		100	对敌方单体造成伤害		-1	1	"1,0"		99			0	-1		-1		-1		-1			-1		1	-1	-1	1	0	1	500	500	-1	-1	-1	-1	-1	-1	-1	-1	-1		-1			-1		1	0	0											-1
20412	长城路障boss	1	1		100	对敌方单体造成伤害		-1	1	"1,0"		99			0	-1		-1		-1		-1			-1		1	-1	-1	1	0	1	500	500	-1	-1	-1	-1	-1	-1	-1	-1	-1		-1			-1		1	0	0											-1
20413	长城铁桶boss	1	1		100	对敌方单体造成伤害		-1	1	"1,0"		99			0	-1		-1		-1		-1			-1		1	-1	-1	1	0	1	500	500	-1	-1	-1	-1	-1	-1	-1	-1	-1		-1			-1		1	0	0											-1
20414	长城旗帜boss	1	1		100	对敌方单体造成伤害		-1	1	"1,0"		99			0	-1		-1		-1		-1			-1		1	-1	-1	1	0	1	500	500	-1	-1	-1	-1	-1	-1	-1	-1	-1		-1			-1		1	0	0											-1
20415	灵符僵尸boss	1	1		100	对敌方单体造成伤害		-1	1	"1,0"		99			0	-1		-1		-1		-1			-1		1	-1	-1	1	0	1	500	500	-1	-1	-1	-1	-1	-1	-1	-1	-1		-1			-1		1	0	0											-1
20416	长城大刀boss	1	1		100	对敌方单体造成伤害		-1	1	"1,0"		99			0	-1		-1		-1		-1			-1		1	-1	-1	1	0	1	500	500	-1	-1	-1	-1	-1	-1	-1	-1	-1		-1			-1		1	0	0											-1
20417	长城投石车boss	1	1		100	对敌方单体造成伤害		-1	1	"1,0|2,0|3,0|4,0|5,0|6,0|7,0|8,0|9,0"		99			0	-1		-1		-1		-1			-1		1	-1	-1	1	0	1	500	500	-1	-1	-1	-1	-1	-1	-1	-1	-1		-1			-1		1	0	0											-1
20512	木棍原始人boss	1	1		100	对敌方单体造成伤害		-1	1	"1,0"		99			0	-1		-1		-1		-1			-1		1	-1	-1	1	0	1	500	500	-1	-1	-1	-1	-1	-1	-1	-1	-1		-1			-1		1	0	0											-1
20513	铁桶原始人boss	1	1		100	对敌方单体造成伤害		-1	1	"1,0"		99			0	-1		-1		-1		-1			-1		1	-1	-1	1	0	1	500	500	-1	-1	-1	-1	-1	-1	-1	-1	-1		-1			-1		1	0	0											-1
20514	弹弓原始人boss	1	1		100	对敌方单体造成伤害		-1	1	"1,0|2,0|3,0|4,0|5,0|6,0|7,0|8,0|9,0"		99			0	-1		-1		-1		-1			-1		1	-1	-1	1	0	1	500	500	-1	-1	-1	-1	-1	-1	-1	-1	-1		-1			-1		1	0	0											-1
20515	面具原始人boss	1	1		100	对敌方单体造成伤害		-1	1	"1,0"		99			0	-1		-1		-1		-1			-1		1	-1	-1	1	0	1	500	500	-1	-1	-1	-1	-1	-1	-1	-1	-1		-1			-1		1	0	0											-1
20516	蜂窝僵尸boss	1	1		100	对敌方单体造成伤害		-1	1	"1,0"		99			0	-1		-1		-1		-1			-1		1	-1	-1	1	0	1	500	500	-1	-1	-1	-1	-1	-1	-1	-1	-1		-1			-1		1	0	0											-1
20613	火炬武师boss	1	1		100	对敌方单体造成伤害		-1	1	"1,0|2,0|3,0|4,0|5,0|6,0|7,0|8,0|9,0"		99			0	-1		-1		-1		-1			-1		1	-1	-1	1	0	1	500	500	-1	-1	-1	-1	-1	-1	-1	-1	-1		-1			-1		1	0	0											-1
20614	铜锣僵尸boss	1	1		100	对敌方单体造成伤害		-1	1	"1,0"		99			0	-1		-1		-1		-1			-1		1	-1	-1	1	0	1	500	500	-1	-1	-1	-1	-1	-1	-1	-1	-1		-1			-1		1	0	0											-1
20615	炸弹僵尸boss	1	1		100	对敌方单体造成伤害		-1	1	"1,0|2,0|3,0|4,0|5,0|6,0|7,0|8,0|9,0"		99			0	-1		-1		-1		-1			-1		1	-1	-1	1	0	1	500	500	-1	-1	-1	-1	-1	-1	-1	-1	-1		-1			-1		1	0	0											-1
20616	酒鬼武师boss	1	1		100	对敌方单体造成伤害		-1	1	"1,0"		99			0	-1		-1		-1		-1			-1		1	-1	-1	1	0	1	500	500	-1	-1	-1	-1	-1	-1	-1	-1	-1		-1			-1		1	0	0											-1
20617	大锤武师boss	1	1		100	对敌方单体造成伤害		-1	1	"1,0"		99			0	-1		-1		-1		-1			-1		1	-1	-1	1	0	1	500	500	-1	-1	-1	-1	-1	-1	-1	-1	-1		-1			-1		1	0	0											-1
20618	气功师boss	1	1		100	对敌方单体造成伤害		-1	1	"1,0|2,0|3,0|4,0|5,0|6,0|7,0|8,0|9,0"		99			0	-1		-1		-1		-1			-1		1	-1	-1	1	0	1	500	500	-1	-1	-1	-1	-1	-1	-1	-1	-1		-1			-1		1	0	0											-1
20619	刀客boss	1	1		100	对敌方单体造成伤害		-1	1	"1,0"		99			0	-1		-1		-1		-1			-1		1	-1	-1	1	0	1	500	500	-1	-1	-1	-1	-1	-1	-1	-1	-1		-1			-1		1	0	0											-1
20601	普通武师	1	1		100	对敌方单体造成伤害		-1	1	"1,0"		99			0	-1		-1		-1		-1			-1		1	-1	-1	1	0	1	500	500	-1	-1	-1	-1	-1	-1	-1	-1	-1		-1			-1		1	0	0											-1
20602	路障武师	1	1		100	对敌方单体造成伤害		-1	1	"1,0"		99			0	-1		-1		-1		-1			-1		1	-1	-1	1	0	1	500	500	-1	-1	-1	-1	-1	-1	-1	-1	-1		-1			-1		1	0	0											-1
20603	铁桶武师	1	1		100	对敌方单体造成伤害		-1	1	"1,0"		99			0	-1		-1		-1		-1			-1		1	-1	-1	1	0	1	500	500	-1	-1	-1	-1	-1	-1	-1	-1	-1		-1			-1		1	0	0											-1
20604	炸弹僵尸	1	1		100	对敌方单体造成伤害		-1	1	"1,0"		99			0	-1		-1		-1		-1			-1		1	-1	-1	1	0	1	500	500	-1	-1	-1	-1	-1	-1	-1	-1	-1		-1			-1		1	0	0											-1
20605	禅杖武僧	1	1		100	对敌方单体造成伤害		-1	1	"1,0"		99			0	-1		-1		-1		-1			-1		1	-1	-1	1	0	1	500	500	-1	-1	-1	-1	-1	-1	-1	-1	-1		-1			-1		1	0	0											-1
20606	刺客	1	1		100	对敌方单体造成伤害		-1	1	"1,0|2,0|3,0|4,0|5,0|6,0|7,0|8,0|9,0"		99			0	-1		-1		-1		-1			-1		1	-1	-1	1	0	1	500	500	-1	-1	-1	-1	-1	-1	-1	-1	-1		-1			-1		1	0	0											-1
20607	大锤武师	1	1		100	对敌方单体造成伤害		-1	1	"1,0"		99			0	-1		-1		-1		-1			-1		1	-1	-1	1	0	1	500	500	-1	-1	-1	-1	-1	-1	-1	-1	-1		-1			-1		1	0	0											-1
20608	刀客	1	1		100	对敌方单体造成伤害		-1	1	"1,0"		99			0	-1		-1		-1		-1			-1		1	-1	-1	1	0	1	500	500	-1	-1	-1	-1	-1	-1	-1	-1	-1		-1			-1		1	0	0											-1
20609	酒鬼武师	1	1		100	对敌方单体造成伤害		-1	1	"1,0"		99			0	-1		-1		-1		-1			-1		1	-1	-1	1	0	1	500	500	-1	-1	-1	-1	-1	-1	-1	-1	-1		-1			-1		1	0	0											-1
20610	火炬武师	1	1		100	对敌方单体造成伤害		-1	1	"1,0|2,0|3,0|4,0|5,0|6,0|7,0|8,0|9,0"		99			0	-1		-1		-1		-1			-1		1	-1	-1	1	0	1	500	500	-1	-1	-1	-1	-1	-1	-1	-1	-1		-1			-1		1	0	0											-1
20611	气功师	1	1		100	对敌方单体造成伤害		-1	1	"1,0|2,0|3,0|4,0|5,0|6,0|7,0|8,0|9,0"		99			0	-1		-1		-1		-1			-1		1	-1	-1	1	0	1	500	500	-1	-1	-1	-1	-1	-1	-1	-1	-1		-1			-1		1	0	0											-1
20612	铜锣僵尸	1	1		100	对敌方单体造成伤害		-1	1	"1,0"		99			0	-1		-1		-1		-1			-1		1	-1	-1	1	0	1	500	500	-1	-1	-1	-1	-1	-1	-1	-1	-1		-1			-1		1	0	0											-1
20701	普通小鬼	1	1		100	对敌方单体造成伤害		-1	1	"1,0"		99			0	-1		-1		-1		-1			-1		1	-1	-1	1	0	1	500	500	-1	-1	-1	-1	-1	-1	-1	-1	-1		-1			-1		1	0	0											-1
20702	旗子小鬼	1	1		100	对敌方单体造成伤害		-1	1	"1,0"		99			0	-1		-1		-1		-1			-1		1	-1	-1	1	0	1	500	500	-1	-1	-1	-1	-1	-1	-1	-1	-1		-1			-1		1	0	0											-1
20703	铁锅小鬼	1	1		100	对敌方单体造成伤害		-1	1	"1,0"		99			0	-1		-1		-1		-1			-1		1	-1	-1	1	0	1	500	500	-1	-1	-1	-1	-1	-1	-1	-1	-1		-1			-1		1	0	0											-1
20704	铁盘小鬼	1	1		100	对敌方单体造成伤害		-1	1	"1,0"		99			0	-1		-1		-1		-1			-1		1	-1	-1	1	0	1	500	500	-1	-1	-1	-1	-1	-1	-1	-1	-1		-1			-1		1	0	0											-1
20705	叉子小鬼	1	1		100	对敌方单体造成伤害		-1	1	"1,0|2,0|3,0|4,0|5,0|6,0|7,0|8,0|9,0"		99			0	-1		-1		-1		-1			-1		1	-1	-1	1	0	1	500	500	-1	-1	-1	-1	-1	-1	-1	-1	-1		-1			-1		1	0	0											-1
20706	土地爷爷	1	1		100	对敌方单体造成伤害		-1	1	"1,0"		99			0	-1		-1		-1		-1			-1		1	-1	-1	1	0	1	500	500	-1	-1	-1	-1	-1	-1	-1	-1	-1		-1			-1		1	0	0											-1
20707	红孩儿	1	1		100	对敌方单体造成伤害		-1	1	"1,0"		99			0	-1		-1		-1		-1			-1		1	-1	-1	1	0	1	500	500	-1	-1	-1	-1	-1	-1	-1	-1	-1		-1			-1		1	0	0											-1
20708	黑熊精	1	1		100	对敌方单体造成伤害		-1	1	"1,0"		99			0	-1		-1		-1		-1			-1		1	-1	-1	1	0	1	500	500	-1	-1	-1	-1	-1	-1	-1	-1	-1		-1			-1		1	0	0											-1
20709	黄梅大王	1	1		100	对敌方单体造成伤害		-1	1	"1,0"		99			0	-1		-1		-1		-1			-1		1	-1	-1	1	0	1	500	500	-1	-1	-1	-1	-1	-1	-1	-1	-1		-1			-1		1	0	0											-1
20710	白骨精	1	1		100	对敌方单体造成伤害		-1	1	"1,0"		99			0	-1		-1		-1		-1			-1		1	-1	-1	1	0	1	500	500	-1	-1	-1	-1	-1	-1	-1	-1	-1		-1			-1		1	0	0											-1
20711	蜘蛛精	1	1		100	对敌方单体造成伤害		-1	1	"1,0|2,0|3,0|4,0|5,0|6,0|7,0|8,0|9,0"		99			0	-1		-1		-1		-1			-1		1	-1	-1	1	0	1	500	500	-1	-1	-1	-1	-1	-1	-1	-1	-1		-1			-1		1	0	0											-1
20712	牛魔王	1	1		100	对敌方单体造成伤害		-1	1	"1,0"		99			0	-1		-1		-1		-1			-1		1	-1	-1	1	0	1	500	500	-1	-1	-1	-1	-1	-1	-1	-1	-1		-1			-1		1	0	0											-1
20713	红孩儿BOSS	1	1		100	对敌方单体造成伤害		-1	1	"1,0"		99			0	-1		-1		-1		-1			-1		1	-1	-1	1	0	1	500	500	-1	-1	-1	-1	-1	-1	-1	-1	-1		-1			-1		1	0	0											-1
20714	土地爷爷BOSS	1	1		100	对敌方单体造成伤害		-1	1	"1,0"		99			0	-1		-1		-1		-1			-1		1	-1	-1	1	0	1	500	500	-1	-1	-1	-1	-1	-1	-1	-1	-1		-1			-1		1	0	0											-1
20715	黄梅大王BOSS	1	1		100	对敌方单体造成伤害		-1	1	"1,0"		99			0	-1		-1		-1		-1			-1		1	-1	-1	1	0	1	500	500	-1	-1	-1	-1	-1	-1	-1	-1	-1		-1			-1		1	0	0											-1
20716	黑熊精BOSS	1	1		100	对敌方单体造成伤害		-1	1	"1,0"		99			0	-1		-1		-1		-1			-1		1	-1	-1	1	0	1	500	500	-1	-1	-1	-1	-1	-1	-1	-1	-1		-1			-1		1	0	0											-1
20717	叉子小鬼BOSS	1	1		100	对敌方单体造成伤害		-1	1	"1,0|2,0|3,0|4,0|5,0|6,0|7,0|8,0|9,0"		99			0	-1		-1		-1		-1			-1		1	-1	-1	1	0	1	500	500	-1	-1	-1	-1	-1	-1	-1	-1	-1		-1			-1		1	0	0											-1
20718	铁锅小鬼BOSS	1	1		100	对敌方单体造成伤害		-1	1	"1,0"		99			0	-1		-1		-1		-1			-1		1	-1	-1	1	0	1	500	500	-1	-1	-1	-1	-1	-1	-1	-1	-1		-1			-1		1	0	0											-1
10020365	钢琴boss大招	1	1		300	对敌方全体造成伤害		-1	99			99			0	-1		-1		-1		-1			-1		1	-1	-1	1	0	1	500	500	-1	-1	-1	-1	-1	-1	-1	-1	-1		-1			-1		1	0	0											-1
3200001	黄梅大王技能	1	1		0	消失		-1	1	"1,0|2,0|3,0|4,0|5,0|6,0|7,0|8,0|9,0"		99			2	10029001		-1		-1		-1			-1		1	-1	-1	1	0	1	500	500	-1	-1	-1	-1	-1	-1	-1	-1	-1		-1			-1		1	0	0											-1
20719	维京普通僵尸	1	1		100	对敌方单体造成伤害		-1	1	"1,0"		99			0	-1		-1		-1		-1			-1		1	-1	-1	1	0	1	500	500	-1	-1	-1	-1	-1	-1	-1	-1	-1		-1			-1		1	0	0											-1
20720	维京路障僵尸	1	1		100	对敌方单体造成伤害		-1	1	"1,0"		99			0	-1		-1		-1		-1			-1		1	-1	-1	1	0	1	500	500	-1	-1	-1	-1	-1	-1	-1	-1	-1		-1			-1		1	0	0											-1
20721	维京路障僵尸boss	1	1		100	对敌方单体造成伤害		-1	1	"1,0"		99			0	10030001		-1		-1		-1			-1		1	-1	-1	1	0	1	500	500	-1	-1	-1	-1	-1	-1	-1	-1	-1		-1			-1		1	0	0											-1
20722	维京铁桶僵尸	1	1		100	对敌方单体造成伤害		-1	1	"1,0"		99			0	-1		-1		-1		-1			-1		1	-1	-1	1	0	1	500	500	-1	-1	-1	-1	-1	-1	-1	-1	-1		-1			-1		1	0	0											-1
20723	维京铁桶僵尸boss	1	1		100	对敌方单体造成伤害		-1	1	"1,0"		99			0	-1		-1		-1		-1			-1		1	-1	-1	1	0	1	500	500	-1	-1	-1	-1	-1	-1	-1	-1	-1		-1			-1		1	0	0											-1
20724	号角僵尸普攻	1	1		100	对敌方单体造成伤害		-1	1	"1,0|2,0|3,0|4,0|5,0|6,0|7,0|8,0|9,0"		99			0	-1		-1		-1		-1			-1		1	-1	-1	1	0	1	500	500	-1	-1	-1	-1	-1	-1	-1	-1	-1		-1			-1		1	0	0											-1
20725	号角僵尸BOSS普攻	1	1		100	对敌方单体造成伤害		-1	1	"1,0|2,0|3,0|4,0|5,0|6,0|7,0|8,0|9,0"		99			0	-1		-1		-1		-1			-1		1	-1	-1	1	0	1	500	500	-1	-1	-1	-1	-1	-1	-1	-1	-1		-1			-1		1	0	0											-1
20726	飞龙饲养员普攻	1	1		100	对敌方单体造成伤害		-1	1	"1,0|2,0|3,0|4,0|5,0|6,0|7,0|8,0|9,0"		99			0	-1		-1		-1		-1			-1		1	-1	-1	1	0	1	500	500	-1	-1	-1	-1	-1	-1	-1	-1	-1		-1			-1		1	0	0											-1
20727	飞龙饲养员Boss普攻	1	1		150	对敌方单体造成伤害		-1	1	"1,0|2,0|3,0|4,0|5,0|6,0|7,0|8,0|9,0"		99			0	-1		-1		-1		-1			-1		1	-1	-1	1	0	1	500	500	-1	-1	-1	-1	-1	-1	-1	-1	-1		-1			-1		1	0	0											-1
20728	维京龙骑兵普攻	1	1		150	对敌方单体造成伤害		-1	1	"1,0|2,0|3,0|4,0|5,0|6,0|7,0|8,0|9,0"		99			0	-1		-1		-1		-1			-1		1	-1	-1	1	0	1	500	500	-1	-1	-1	-1	-1	-1	-1	-1	-1		-1			-1		1	0	0											-1
20729	伽刚特尔(无小鬼）	1	1		100	对敌方单体造成伤害		-1	1	"1,0"		99			2	-1		-1		-1		-1			-1		1	-1	-1	1	0	1	500	500	-1	-1	-1	-1	-1	-1	-1	-1	-1		-1			-1		1	0	0											-1
20730	埃及探险（无火）	1	1		100	对敌方单体造成伤害		-1	1	"1,0"		99			2	-1		-1		-1		-1			-1		1	-1	-1	1	0	1	500	500	-1	-1	-1	-1	-1	-1	-1	-1	-1		-1			-1		1	0	0											-1
20731	boss埃及探险（无火）	1	1		100	对敌方单体造成伤害		-1	1	"1,0"		99			0	-1		-1		-1		-1			-1		1	-1	-1	1	0	1	500	500	-1	-1	-1	-1	-1	-1	-1	-1	-1		-1			-1		1	0	0											-1
20732	非滚桶海盗	1	1		100	对敌方单体造成伤害		-1	1	"1,0"		99			2	-1		-1		-1		-1			-1		1	-1	-1	1	0	1	500	500	-1	-1	-1	-1	-1	-1	-1	-1	-1		-1			-1		1	0	0											-1
20733	非推桶boss	1	1		100	对敌方单体造成伤害		-1	1	"1,0"		99			2	-1		-1		-1		-1			-1		1	-1	-1	1	0	1	500	500	-1	-1	-1	-1	-1	-1	-1	-1	-1		-1			-1		1	0	0											-1
20734	推桶小鬼	1	1		100	对敌方单体造成伤害		-1	1	"1,0"		99			2	-1		-1		-1		-1			-1		1	-1	-1	1	0	1	500	500	-1	-1	-1	-1	-1	-1	-1	-1	-1		-1			-1		1	0	0											-1
20735	推桶小鬼Boss	1	1		100	对敌方单体造成伤害		-1	1	"1,0"		99			2	-1		-1		-1		-1			-1		1	-1	-1	1	0	1	500	500	-1	-1	-1	-1	-1	-1	-1	-1	-1		-1			-1		1	0	0											-1
20736	淘金僵尸（熄火）	1	1		100	对敌方单体造成伤害		-1	1	"1,0"		99			2	-1		-1		-1		-1			-1		1	-1	-1	1	0	1	500	500	-1	-1	-1	-1	-1	-1	-1	-1	-1		-1			-1		1	0	0											-1
20737	淘金BOSS（熄火）	1	1		100	对敌方单体造成伤害		-1	1	"1,0"		99			2	-1		-1		-1		-1			-1		1	-1	-1	1	0	1	500	500	-1	-1	-1	-1	-1	-1	-1	-1	-1		-1			-1		1	0	0											-1
20738	无铜锣僵尸	1	1		100	对敌方单体造成伤害		-1	1	"1,0"		99			2	-1		-1		-1		-1			-1		1	-1	-1	1	0	1	500	500	-1	-1	-1	-1	-1	-1	-1	-1	-1		-1			-1		1	0	0											-1
20739	无铜锣僵尸Boss	1	1		100	对敌方单体造成伤害		-1	1	"1,0"		99			2	-1		-1		-1		-1			-1		1	-1	-1	1	0	1	500	500	-1	-1	-1	-1	-1	-1	-1	-1	-1		-1			-1		1	0	0											-1
20740	炮弹小鬼	1	1		100	对敌方单体造成伤害		-1	1	"1,0"		99			2	-1		-1		-1		-1			-1		1	-1	-1	1	0	1	500	500	-1	-1	-1	-1	-1	-1	-1	-1	-1		-1			-1		1	0	0											-1
20741	伽刚小鬼	1	1		100	对敌方单体造成伤害		-1	1	"1,0"		99			2	-1		-1		-1		-1			-1		1	-1	-1	1	0	1	500	500	-1	-1	-1	-1	-1	-1	-1	-1	-1		-1			-1		1	0	0											-1
20742	绵羊僵尸（年兽）普攻	1	1		100	随机攻击对方一个目标		-1	1	"9,0|8,0|7,0|6,0|5,0|4,0|3,0|2,0|1,0|9,-1|9,1|9,-2|9,2|8,-1|8,1|8,-2|8,2|7,-1|7,1|7,-2|7,2|6,-1|6,1|6,-2|6,2|5,1|5,-1|5,-2|5,2|4,1|4,-1|4,-2|4,2|3,1|3,-1|3,-2|3,2|2,1|2,-1|2,-2|2,2|1,1|1,-1|1,-2|1,2"		99			2	-1		-1		-1		-1			-1		1	-1	-1	1	0	1	500	500	-1	-1	-1	-1	-1	-1	-1	-1	-1		-1			-1		1	2000	0											-1
20743	飞龙饲养员普攻（带金币）	1	1		100	对敌方单体造成伤害		-1	1	"1,0|2,0|3,0|4,0|5,0|6,0|7,0|8,0|9,0"		99			0	-1		-1		-1		-1			-1		1	-1	-1	1	0	1	500	500	-1	-1	-1	-1	-1	-1	-1	-1	-1		-1			-1		1	0	0											-1
20744	飞龙饲养员Boss普攻（带金币）	1	1		100	对敌方单体造成伤害		-1	1	"1,0|2,0|3,0|4,0|5,0|6,0|7,0|8,0|9,0"		99			0	-1		-1		-1		-1			-1		1	-1	-1	1	0	1	500	500	-1	-1	-1	-1	-1	-1	-1	-1	-1		-1			-1		1	0	0											-1
20745	维京龙骑兵（吞金币）普攻	1	1		100	对敌方单体造成伤害		-1	1	"1,0|2,0|3,0|4,0|5,0|6,0|7,0|8,0|9,0"		99			0	-1		-1		-1		-1			-1		1	-1	-1	1	0	1	500	500	-1	-1	-1	-1	-1	-1	-1	-1	-1		-1			-1		1	0	0											-1
20746	歌王僵尸	1	1		100	对敌方一行造成伤害		-1	99	"1,0|2,0|3,0|4,0|5,0|6,0|7,0|8,0|9,0"		99			2	-1		-1		-1		-1			-1		1	-1	-1	1	0	1	500	500	-1	-1	-1	-1	-1	-1	-1	-1	-1		-1			-1		1	2000	0											-1
500001	魔术菇加血	1	1		90	治疗己方所有植物		-1	99			99			1	-1		-1		-1		-1			-1		2	-1	-1	2	0	2	500	500	-1	-1	-1	-1	-1	-1	-1	-1	-1		-1		额外提升%.0f点治疗效果	-1		1	30	20											-1
500002	魔术菇红色群攻大招	1	1		100	对敌方单体造成伤害		-1	99			99			0	-1		-1		-1		-1			-1		1	-1	-1	1	0	1	500	500	-1	-1	-1	-1	-1	-1	-1	-1	-1		-1			-1		1	0	0											-1
500003	魔术菇黄色群攻大招	1	1		100	对敌方造成群体伤害并且晕眩		-1	99			99			0	-1		-1		-1		-1			-1		1	-1	-1	1	0	1	500	500	-1	-1	-1	-1	-1	-1	-1	-1	-1		-1			-1		1	0	0											-1
100210504	伽刚特尔（传送带）	1	1		150	对敌方单体造成伤害		-1	9	"1,0|2,0|3,0|4,0|5,0|6,0|7,0|8,0|9,0"		99			0	-1		-1		-1		-1			-1		1	-1	-1	1	0	1	500	500	-1	-1	-1	-1	-1	-1	-1	-1	-1		-1			-1		1	0	0											-1
100211004	雪人僵尸（传送带）	1	1		100	对敌方单体造成伤害		-1	99			99			0	110189		-1		-1		-1			-1		1	-1	-1	1	0	1	500	500	-1	-1	-1	-1	-1	-1	-1	-1	50		-1			-1		1	0	0											-1
100220504	骑鸟僵尸技能（传送带）	1	1		150	冲一行		-1	99	"1,0|2,0|3,0|4,0|5,0|6,0|7,0|8,0|9,0"		99			0	-1		-1		-1		-1			-1		1	-1	-1	-1	0	1	500	500	-1	-1	-1	-1	-1	-1	-1	-1	-1		-1			-1		1	0	0											-1
100221004	蜗牛僵尸技能	1	1		120	全屏伤害		-1	99			99			2	-1		-1		-1		-1			-1		1	-1	-1	1	0	1	500	500	-1	-1	-1	-1	-1	-1	-1	-1	-1		-1			-1		1	0	0											-1
100221504	力士boss（传送带）	1	6		150	把两个巨石砸到地上并弹起，弹到随机出的两行中，弹跳着向前攻击本行所有的目标。		-1	1	"1,0|2,0|3,0|4,0|1,1|2,1|3,1|4,1|1,2|2,2|3,2|4,2|1,-1|2,-1|3,-1|4,-1|1,-2|2,-2|3,-2|4,-2"		99	"0,0|1,0|2,0|-1,0|-2,0|0,1|1,1|2,1|-1,1|-2,1|0,2|1,2|2,2|-1,2|-2,2|0,-1|1,-1|2,-1|-1,-1|-2,-1|0,-2|1,-2|2,-2|-1,-2|-2,-2"		1	-1		-1		-1		-1			-1		1	-1	-1	1	0	1	500	500	-1	-1	-1	-1	-1	-1	-1	-1	-1		-1			-1		1	0	0											-1
100230504	boss长城大刀（传送带）	1	6		200	攻击本行距离最近的两个敌人		-1	1	"1,0"		9	"0,0|-1,0|-2,0|-3,0|-4,0|-5,0|-6,0|-7,0|-8,0"		1	-1		-1		-1		-1			-1		1	-1	-1	1	0	2	500	500	-1	-1	-1	-1	-1	-1	-1	-1	-1		-1			-1		1	0	0											-1
100231004	boss长城投石车（传送带）	1	8		200	一次性抛射3颗石头，打随机的三个目标		3	99			99			0	-1		-1		-1		-1			-1		1	-1	-1	1	0	1	500	500	-1	-1	-1	-1	-1	-1	-1	-1	-1		-1			-1		1	0	0											-1
100231504	boss长城圆锤（传送带）	1	6		200	攻击本行所有敌人		-1	1	"1,0|2,0|3,0"		9	"0,0|-1,0|-2,0|-3,0|-4,0|-5,0|-6,0|-7,0|-8,0"		1	-1		-1		-1		-1			-1		1	-1	-1	1	0	1	500	500	-1	-1	-1	-1	-1	-1	-1	-1	-1		-1			-1		1	0	0											-1
100232004	boss长城战车（传送带）	1	1		160	攻击这个植物及周围8格目标		-1	99			99			0	-1		-1		-1		-1			-1		1	-1	-1	1	0	1	500	500	-1	-1	-1	-1	-1	-1	-1	-1	-1		-1			-1		1	0	0											-1
100240504	太阳神僵尸（传送带）	1	1		300	吸收血量最多的植物的血量		-1	1			1			0	-1		-1		-1		-1			-1		1	-1	3	1	0	1	500	500	50	-1	-1	-1	-1	-1	-1	-1	-1		-1			-1		1	0	0											-1
100242004	埃及艳后僵尸（传送带）	1	2		400	所有僵尸恢复血量，并会从土中钻出3个普通木乃伊		-1	99			99			0	-1		-1		-1		-1			-1		2	-1	-1	2	0	1	500	500	-1	-1	-1	-1	-1	-1	-1	-1	-1		-1			-1		1	0	0											-1
100250504	boss飞索僵尸（传送带）	1	1		300	召唤3个僵尸，攻击3个目标		3	3			99			0	-1		-1		-1		-1			-1		1	-1	-1	1	0	1	500	500	-1	-1	-1	-1	-1	-1	-1	-1	-1		-1			-1		1	0	0											-1
100251004	滚筒boss（传送带）	1	4		300	小僵尸从桶的两侧跑出来，快速向前奔跑，攻击每行最前面的植物		-1	3	"1,0|2,0|3,0|4,0|5,0|6,0|7,0|8,0|9,0"		99			1	-1		-1		-1		-1			-1		1	-1	-1	1	0	1	500	500	-1	-1	-1	-1	-1	-1	-1	-1	-1		-1			-1		1	0	0											-1
100251504	boss海鸥僵尸（传送带）	1	1		400	海鸥抬高僵尸，僵尸悬在空中，此时海鸥迅速前进，攻击血量最少的植物，攻击完毕后回来接住下落中的僵尸		-1	1			1			0	-1		-1		-1		-1			-1		1	-1	3	1	0	1	500	500	-1	-1	-1	-1	-1	-1	-1	-1	-1		-1			-1		1	0	0											-1
100252004	小鬼僵尸炮（传送带）	1	8		300	随机对3名植物造成伤害		3	99			99			0	-1		-1		-1		-1			-1		1	-1	-1	1	0	1	500	500	-1	-1	-1	-1	-1	-1	-1	-1	-1		-1			-1		1	0	0											-1
100252504	海盗船长僵尸（传送带）	1	6		400	对敌方单体造成伤害		-1	1	"1,0|2,0|3,0|4,0|5,0|6,0|7,0|8,0|9,0"		9	"0,0|-1,0|-2,0|0,-1|-1,-1|-2,-1|0,1|-1,1|-2,1"		2	110213		-1		-1		-1			-1		1	-1	-1	1	0	1	500	500	-1	-1	-1	-1	-1	-1	-1	-1	-1		-1			-1		1	0	0											-1
100260504	boss鸡贼（传送带）	1	4		300	放出9只鸡，小鸡向前奔跑，攻击每行最前排的植物		-1	99			99			0	-1		-1		-1		-1			-1		1	-1	-1	1	0	1	500	500	-1	-1	-1	-1	-1	-1	-1	-1	-1		-1			-1		1	0	0											-1
100261004	淘金boss（传送带）	1	6		240	抛一个大型炸弹，抛到本行最近的植物，并以此为中心造成十字型的爆炸		-1	1			5	"0,0|0,1|0,-1|-1,0|1,0"		0	-1		-1		-1		-1			-1		1	-1	-1	1	0	1	500	500	-1	-1	-1	-1	-1	-1	-1	-1	-1		-1			-1		1	0	0											-1
100261504	钢琴boss大招（传送带）	1	1		240	对敌方全体造成伤害		-1	99			99			0	-1		-1		-1		-1			-1		1	-1	-1	1	0	1	500	500	-1	-1	-1	-1	-1	-1	-1	-1	-1		-1			-1		1	0	0											-1
100262004	机器牛boss（传送带）	1	6		300	眼睛变红，鼻子吐气，后退，脚刨地，冲击本行所有植物		-1	1	"1,0|2,0|3,0|4,0"		99	"0,0|-1,0|-2,0"		2	-1		-1		-1		-1			-1		1	-1	-1	1	0	1	500	500	-1	-1	-1	-1	-1	-1	-1	-1	-1		-1			-1		1	0	0											-1
100262504	僵尸警长boss（传送带）	1	4		350	连续开6枪，攻击所有前排植物		-1	3			99			1	-1		-1		-1		-1			-1		1	-1	-1	1	0	1	500	500	-1	-1	-1	-1	-1	-1	-1	-1	-1		-1			-1		1	0	0											-1
100271004	boss大锤武师	1	6		300			-1	1	"1,0|2,0|3,0|4,0|5,0|6,0|7,0|8,0|9,0"		99	"0,0|-1,0|-2,0|-3,0|-4,0|-5,0|-6,0|-7,0|-8,0"		0	-1		-1		-1		-1			-1		1	-1	-1	1	0	1	500	500	-1	-1	-1	-1	-1	-1	-1	-1	-1		-1			-1		1	0	0											-1
100271504	boss功夫气功	1	6		270	发射气功波，攻击本行最近的植物所在一列		-1	1	"9,0|8,0|7,0|6,0|5,0|4,0|3,0|2,0|1,0"		99			0	-1		-1		-1		-1			-1		1	-1	-1	1	0	3	500	500	-1	-1	-1	-1	-1	-1	-1	-1	-1		-1			-1		1	0	0											-1
100272004	boss刀客	1	4		270	挥舞大刀并分身成三个，三个分身出现在随机三个植物面前并对他们进行劈砍攻击		-1	99			99			0	-1		-1		-1		-1			-1		1	-1	-1	1	0	1	500	500	-1	-1	-1	-1	-1	-1	-1	-1	-1		-1			-1		1	0	0											-1
100272504	BOSS刺客	1	1		400	扔出飞斧攻击单一敌人		-1	1	"1,0|2,0|3,0|4,0|5,0|6,0|7,0|8,0|9,0"		99			0	-1		-1		-1		-1			-1		1	-1	-1	1	0	1	500	500	-1	-1	-1	-1	-1	-1	-1	-1	-1		-1			-1		1	0	0											-1
100280504	boss红孩儿	1	1		400	吐一颗大火球，攻击最接近的植物并造成烧伤		-1	1	"1,0|2,0|3,0|4,0|5,0|6,0|7,0|8,0|9,0"		99			0	-1		-1		-1		-1			-1		1	-1	-1	1	0	1	500	500	-1	-1	-1	-1	-1	-1	-1	-1	-1		-1			-1		1	0	0											-1
100281004	boss黑熊精	1	1		400	丢法宝一样的把斧头丢到最弱植物头顶劈砍		-1	1			1			0	-1		-1		-1		-1			-1		1	-1	3	1	0	1	500	500	-1	-1	-1	-1	-1	-1	-1	-1	-1		-1			-1		1	0	0											-1
100281504	黄梅大王技能	1	1		300	消失		-1	1	"1,0|2,0|3,0|4,0|5,0|6,0|7,0|8,0|9,0"		99			2	10029001		-1		-1		-1			-1		1	-1	-1	1	0	1	500	500	-1	-1	-1	-1	-1	-1	-1	-1	-1		-1			-1		1	0	0											-1
100282504	蜘蛛精	1	1		240	旁边的四个桶和后面的桶同时发射白色子弹，共发射10颗，子弹飞出屏幕，然后从上方飞入屏幕，攻击所有植物，击中时，子弹变成粘粘的蜘蛛网，植物在下一回合不能攻击和释放大招		-1	99			99			0	-1		-1		-1		-1			-1		1	-1	-1	1	0	1	500	500	-1	-1	-1	-1	-1	-1	-1	-1	-1		-1			-1		1	0	0											-1
100293504	歌王僵尸BOSS(呼风唤雨)	1	1		180	呼风唤雨，电闪雷鸣，全屏伤害		-1	99			99			0	-1		-1		-1		-1			-1		1	-1	-1	1	0	1	500	500	-1	-1	-1	-1	-1	-1	-1	-1	-1		-1			-1		1	0	0											-1
100294504	歌王僵尸BOSS(音乐盛宴)	1	1		180	钢琴连奏，音符狂暴，全屏伤害		-1	99			99			0	-1		-1		-1		-1			-1		1	-1	-1	1	0	1	500	500	-1	-1	-1	-1	-1	-1	-1	-1	-1		-1			-1		1	0	0											-1
11111000	橄榄球	1	6		100	直线伤害		-1	1	"1,0|2,0|3,0|4,0|5,0|6,0|7,0|8,0|9,0"		2	"-1,0|-2,0"		2	110021		-1		-1		-1			-1		1	-1	-1	1	0	1	500	500	-1	-1	-1	-1	-1	-1	-1	-1	-1		-1			-1		1	0	0											-1
11111001	蜂窝僵尸	1	6		100	三角伤害		-1	1	"1,0|2,0|3,0|4,0|5,0|6,0|7,0|8,0|9,0"		4	"-2,0|-1,0|-1,1|-1,-1"		0	-1		-1		-1		-1			-1		1	-1	-1	1	0	1	500	500	-1	-1	-1	-1	-1	-1	-1	-1	-1		-1			-1		1	0	0											-1
11111002	长城投石车	1	6		100	中排伤害		-1	1	"8,0|7,0|6,0|5,0|4,0|3,0|2,0|1,0|9,0"		4	"0,1|0,-1|0,2|0,-2"		0	-1		-1		-1		-1			-1		1	-1	-1	1	0	1	500	500	-1	-1	-1	-1	-1	-1	-1	-1	-1		-1			-1		1	0	0											-1
11111003	太阳神僵尸	1	6		100	直线伤害		-1	1	"1,0|2,0|3,0|4,0|5,0|6,0|7,0|8,0|9,0"		99	"-1,0|-2,0"		2	-1		-1		-1		-1			-1		1	-1	-1	1	0	1	500	500	-1	-1	-1	-1	-1	-1	-1	-1	-1		-1			-1		1	0	0											-1
11111004	海鸥海盗	1	1		100	对敌方单体造成伤害		-1	1	"1,0"		99			2	-1		-1		-1		-1			-1		1	-1	-1	1	0	1	500	500	-1	-1	-1	-1	-1	-1	-1	-1	-1		-1			-1		1	0	0											-1
11111005	探险家僵尸	1	1		100	对敌方单体造成伤害		-1	1	"1,0|2,0|3,0|4,0|5,0|6,0|7,0|8,0|9,0"		99			2	-1		-1		-1		-1			-1		1	-1	-1	1	0	1	500	500	-1	-1	-1	-1	-1	-1	-1	-1	-1		-1			-1		1	0	0											-1
11111006	鸡贼boss	1	1		100	对敌方单体造成伤害		-1	1	"1,0"		99			0	-1		-1		-1		-1			-1		1	-1	-1	1	0	1	500	500	-1	-1	-1	-1	-1	-1	-1	-1	-1		-1			-1		1	0	0											-1
11111007	钢琴僵尸	1	1		100	中排伤害		-1	1	"9,0|8,0|7,0|6,0|5,0|4,0|3,0|2,0|1,0|9,-1|9,1|9,-2|9,2|8,-1|8,1|8,-2|8,2|7,-1|7,1|7,-2|7,2|6,-1|6,1|6,-2|6,2|5,1|5,-1|5,-2|5,2|4,1|4,-1|4,-2|4,2|3,1|3,-1|3,-2|3,2|2,1|2,-1|2,-2|2,2|1,1|1,-1|1,-2|1,2"		99			2	-1		-1		-1		-1			-1		1	-1	-1	1	0	1	500	500	-1	-1	-1	-1	-1	-1	-1	-1	-1		-1			-1		1	0	0											-1
11111008	火炬武师	1	1		100	对敌方单体造成伤害		-1	1	"1,0|2,0|3,0|4,0|5,0|6,0|7,0|8,0|9,0"		99			0	-1		-1		-1		-1			-1		1	-1	-1	1	0	1	500	500	-1	-1	-1	-1	-1	-1	-1	-1	-1		-1			-1		1	0	0											-1
11111009	气功师	1	6		100	前2排伤害		-1	1	"1,0|2,0|3,0|4,0|5,0|6,0|7,0|8,0|9,0"		14	"-1,2|-1,1|-1,0|-1,-1|-1,-2|0,1|0,2|0,-1|0,-2|1,2|1,1|1,0|1,-1|1,-2"		0	-1		-1		-1		-1			-1		1	-1	-1	1	0	1	500	500	-1	-1	-1	-1	-1	-1	-1	-1	-1		-1			-1		1	0	0											-1
11111010	炸弹僵尸	1	1		100	对敌方单体造成伤害		-1	1	"1,0"		99			0	-1		-1		-1		-1			-1		1	-1	-1	1	0	1	500	500	-1	-1	-1	-1	-1	-1	-1	-1	-1		-1			-1		1	0	0											-1
11111011	叉子小鬼	1	1		100	单体攻击后排		-1	1	"9,0|8,0|7,0|6,0|5,0|4,0|3,0|2,0|1,0|9,-1|9,1|9,-2|9,2|8,-1|8,1|8,-2|8,2|7,-1|7,1|7,-2|7,2|6,-1|6,1|6,-2|6,2|5,1|5,-1|5,-2|5,2|4,1|4,-1|4,-2|4,2|3,1|3,-1|3,-2|3,2|2,1|2,-1|2,-2|2,2|1,1|1,-1|1,-2|1,2"		99			0	-1		-1		-1		-1			-1		1	-1	-1	1	0	1	500	500	-1	-1	-1	-1	-1	-1	-1	-1	-1		-1			-1		1	0	0											-1
11111012	蜘蛛精	1	1		100	对敌方单体造成伤害		-1	1	"1,0|2,0|3,0|4,0|5,0|6,0|7,0|8,0|9,0"		99			0	-1		-1		-1		-1			-1		1	-1	-1	1	0	1	500	500	-1	-1	-1	-1	-1	-1	-1	-1	-1		-1			-1		1	0	0											-1
11111013	号角僵尸普攻	1	1		100	全屏伤害		-1	99			99			0	-1		-1		-1		-1			-1		1	-1	-1	1	0	1	500	500	-1	-1	-1	-1	-1	-1	-1	-1	-1		-1			-1		1	0	0											-1
11111014	飞龙饲养员普攻	1	6		100	对敌方单体造成伤害		-1	1	"1,0|2,0|3,0|4,0|5,0|6,0|7,0|8,0|9,0"		99			0	-1		-1		-1		-1			-1		1	-1	-1	1	0	1	500	500	-1	-1	-1	-1	-1	-1	-1	-1	-1		-1			-1		1	0	0											-1
11122001	未来普通僵尸普攻	1	1		100	对敌方单体造成伤害		-1	1	"1,0"		99			0	-1		-1		-1		-1			-1		1	-1	-1	1	0	1	500	500	-1	-1	-1	-1	-1	-1	-1	-1	-1		-1			-1		1	0	0											-1
11122002	未来铁桶僵尸普攻	1	1		100	对敌方单体造成伤害		-1	1	"1,0"		99			0	-1		-1		-1		-1			-1		1	-1	-1	1	0	1	500	500	-1	-1	-1	-1	-1	-1	-1	-1	-1		-1			-1		1	0	0											-1
11122003	未来铁桶僵尸大招	1	2		300	恢复自身血量		-1	1	"1,0"		99			0	-1		-1		-1		-1			-1		1	-1	-1	1	0	1	500	500	-1	-1	-1	-1	-1	-1	-1	-1	-1		-1			-1		1	0	0											-1
11122004	未来路障僵尸普攻	1	1		100	对敌方单体造成伤害		-1	1	"1,0"		99			0	-1		-1		-1		-1			-1		1	-1	-1	1	0	1	500	500	-1	-1	-1	-1	-1	-1	-1	-1	-1		-1			-1		1	0	0											-1
11122005	未来路障僵尸大招	1	1		100	蹲下加防		-1	1	"1,0"		99			0	10031001		-1		-1		-1			-1		1	-1	-1	1	0	1	500	500	-1	-1	-1	-1	-1	-1	-1	-1	-1		-1			-1		1	0	0											-1
11122006	未来旗子僵尸普攻	1	1		100	对敌方单体造成伤害		-1	1	"1,0"		99			0	-1		-1		-1		-1			-1		1	-1	-1	1	0	1	500	500	-1	-1	-1	-1	-1	-1	-1	-1	-1		-1			-1		1	0	0											-1
11122007	未来旗子僵尸大招	1	1		0	召唤普通僵尸		3	99	"1,0"		99			0	-1		-1		-1		-1			-1		2	-1	-1	1	0	1	500	500	-1	-1	-1	-1	-1	-1	-1	-1	-1		-1			-1		1	0	0											-1
11122008	未来喷射器僵尸普攻	1	1		100	对敌方单体造成伤害		-1	1	"1,0|2,0|3,0|4,0|5,0|6,0|7,0|8,0|9,0"		99			0	-1		-1		-1		-1			-1		1	-1	-1	1	0	1	500	500	-1	-1	-1	-1	-1	-1	-1	-1	-1		-1			-1		1	0	0											-1
11122009	未来电磁盾僵尸普攻	1	1		100	对敌方单体造成伤害		-1	1	"1,0"		99			0	-1		-1		-1		-1			-1		1	-1	-1	1	0	1	500	500	-1	-1	-1	-1	-1	-1	-1	-1	-1		-1			-1		1	0	0											-1
11122010	未来电磁盾僵尸大招	1	1		0	给自己增加一个护盾		-1	1	"1,0"		99			0	711031		-1		-1		-1			-1		2	-1	-1	2	0	1	500	500	-1	-1	-1	-1	-1	-1	-1	-1	-1		-1			-1		1	0	0											-1
11122011	未来僵尸博士普攻	1	1		100	对敌方单体释放导弹攻击		-1	1	"1,0|2,0|3,0|4,0|5,0|6,0|7,0|8,0|9,0"		99			0	-1		-1		-1		-1			-1		1	-1	-1	1	0	1	500	500	-1	-1	-1	-1	-1	-1	-1	-1	-1		-1			-1		1	0	0											-1
11122012	未来僵尸博士大招（蝗虫小鬼）	1	0		100	召唤蝗虫小鬼		6	6			99			0	-1		-1		-1		-1			-1		6010010	-1	-1	1	0	1	500	500	-1	-1	-1	-1	-1	-1	-1	-1	-1		-1			-1		1	0	0											-1
11122013	未来僵尸博士大招（变形电波）	2	1		100	对存活1回合的蝗虫小鬼放射变形电波		6	99			99			0	-1		-1		-1		-1			-1		2	-1	-1	1	0	1	500	500	-1	-1	-1	-1	-1	-1	-1	-1	-1		-1			-1		1	0	0											-1
11122014	未来世界橄榄球僵尸普攻	1	1		100	对敌方单体造成伤害		-1	1	"1,0|2,0|3,0|4,0|5,0|6,0|7,0|8,0|9,0"		99			0	-1		-1		-1		-1			-1		1	-1	-1	1	0	1	500	500	-1	-1	-1	-1	-1	-1	-1	-1	-1		-1			-1		1	0	0											-1
11122015	未来世界橄榄球僵尸大招	1	1		150	对敌方全体造成伤害		-1	99			99			0	-1		-1		-1		-1			-1		1	-1	-1	1	0	1	500	500	-1	-1	-1	-1	-1	-1	-1	-1	-1		-1			-1		1	0	0											-1
11122016	未来世界蝗虫小鬼僵尸普攻	1	1		100	对敌方单体造成伤害		-1	1	"1,0|2,0|3,0|4,0|5,0|6,0|7,0|8,0|9,0"		99			0	-1		-1		-1		-1			-1		1	-1	-1	1	0	1	500	500	-1	-1	-1	-1	-1	-1	-1	-1	-1		-1			-1		1	0	0											-1
11122017	未来舞者3000普攻	1	1		100	对敌方单体造成伤害		-1	1	"1,0|2,0|3,0|4,0|5,0|6,0|7,0|8,0|9,0"		99			0	-1		-1		-1		-1			-1		1	-1	-1	1	0	1	500	500	-1	-1	-1	-1	-1	-1	-1	-1	-1		-1			-1		1	0	0											-1
11122018	未来舞者3000大招	1	1		300	召唤3个喷射器僵尸，		3	3			99			0	-1		-1		-1		-1			-1		2	-1	-1	1	0	1	500	500	-1	-1	-1	-1	-1	-1	-1	-1	-1		-1			-1		1	0	0											-1
11122019	未来僵尸统领普攻	1	1		100	对敌方单体造成伤害		-1	1	"1,0|2,0|3,0|4,0|5,0|6,0|7,0|8,0|9,0"		99			0	-1		-1		-1		-1			-1		1	-1	-1	1	0	1	500	500	-1	-1	-1	-1	-1	-1	-1	-1	-1		-1			-1		1	0	0											-1
11122020	未来僵尸统领大招	1	1		0	召唤3个蝗虫小鬼		3	3			99			0	-1		-1		-1		-1			-1		2	-1	-1	1	0	1	500	500	-1	-1	-1	-1	-1	-1	-1	-1	-1		-1			-1		1	0	0											-1
11123001	黑暗蓝袍法师普攻	1	1		100	对敌方单体造成伤害		-1	1	"1,0|2,0|3,0|4,0|5,0|6,0|7,0|8,0|9,0"		99			0	-1		-1		-1		-1			-1		1	-1	-1	1	0	1	500	500	-1	-1	-1	-1	-1	-1	-1	-1	-1		-1			-1		1	0	0											-1
11123101	黑暗僧侣僵尸普攻	1	1		100	对敌方单体造成伤害		-1	1	"1,0"		99			0	-1		-1		-1		-1			-1		1	-1	-1	1	0	1	500	500	-1	-1	-1	-1	-1	-1	-1	-1	-1		-1			-1		1	0	0											-1
11123201	黑暗小龙僵尸普攻	1	1		100	对敌方单体造成伤害		-1	1	"1,0"		99			0	-1		-1		-1		-1			-1		1	-1	-1	1	0	1	500	500	-1	-1	-1	-1	-1	-1	-1	-1	-1		-1			-1		1	0	0											-1
11123301	黑暗盗贼僵尸普攻	1	1		100	对地方单体造成伤害		-1	1	"1,0"		99			0	-1		-1		-1		-1			-1		1	-1	-1	1	0	1	500	500	-1	-1	-1	-1	-1	-1	-1	-1	-1		-1			-1		1	0	0											-1
11123401	黑暗旗帜僵尸普攻	1	1		100	对敌方单体造成伤害		-1	1	"1,0|2,0|3,0|4,0|5,0|6,0|7,0|8,0|9,0"		99			0	-1		-1		-1		-1			-1		1	-1	-1	1	0	1	500	500	-1	-1	-1	-1	-1	-1	-1	-1	-1		-1			-1		1	0	0											-1
11123411	黑暗旗帜僵尸大招	1	1		0	召唤普通僵尸		3	99			99			0	-1		-1		-1		-1			-1		2	-1	-1	1	0	1	500	500	-1	-1	-1	-1	-1	-1	-1	-1	-1		-1			-1		1	0	0											-1
11123501	黑暗小丑僵尸普攻	1	1		100	对敌方单体造成伤害		-1	1	"1,0"		99			0	-1		-1		-1		-1			-1		1	-1	-1	1	0	1	500	500	-1	-1	-1	-1	-1	-1	-1	-1	-1		-1			-1		1	0	0											-1
11123511	黑暗小丑大招	1	1		0	对自己增加闪避并造成一定伤害		-1	1	"0,0"		99			0	720001		-1		-1		-1			-1		2	-1	-1	2	0	1	500	500	-1	-1	-1	-1	-1	-1	-1	-1	-1		-1			-1		1	0	0											-1
11123601	黑暗小狼普攻	1	1		100	对敌方单体造成伤害		-1	1	"1,0"		99			0	-1		-1		-1		-1			-1		1	-1	-1	1	0	1	500	500	-1	-1	-1	-1	-1	-1	-1	-1	-1		-1			-1		1	0	0											-1
11123611	黑暗小狼大招	1	1		180	对敌方单体造成多次伤害		-1	1	"1,0"		99			0	-1		-1		-1		-1			-1		1	-1	-1	1	0	1	500	500	50	-1	-1	-1	-1	-1	-1	-1	-1		-1			-1		1	0	0											-1
11123701	黑暗盔甲普攻	1	1		100	对敌方单体造成伤害		-1	1	"1,0"		99			0	-1		-1		-1		-1			-1		1	-1	-1	1	0	1	500	500	-1	-1	-1	-1	-1	-1	-1	-1	-1		-1			-1		1	0	0											-1
11123711	黑暗盔甲大招	1	2		100	自己一次性恢复50%血量		-1	1	"0,0"		99			0	-1		-1		-1		-1			-1		2	-1	-1	2	0	1	500	500	-1	-1	-1	-1	-1	-1	-1	-1	-1		-1			-1		1	0	0											-1
																																																															
22101	歌王僵尸（大格子普攻）	1	14		100	对敌方一行造成伤害		-1	1	"1,0|2,0|3,0|4,0|5,0|6,0|7,0|8,0|9,0"		99	"0,0|-1,0|-2,0|-3,0|-4,0|-5,0|-6,0|-7,0|-8,0"		2	-1		-1		-1		-1			-1		1	-1	-1	1	0	1	500	500	-1	-1	-1	-1	-1	-1	-1	-1	-1		-1			-1		1	2000	0											-1
22102	雪人（大格子普攻）	1	14		100	对敌方单体造成伤害		-1	1	"1,0|2,0|3,0|4,0|5,0|6,0|7,0|8,0|9,0"		99			2	110033		-1		-1		-1			-1		1	-1	-1	1	0	1	500	500	-1	-1	-1	-1	-1	-1	-1	-1	-1		-1			-1		1	0	0											-1
22103	卡车司机（大格子普攻）	1	14		100	对敌方单体造成伤害		-1	1	"1,0|2,0|3,0|4,0|5,0|6,0|7,0|8,0|9,0"		99			2	-1		-1		-1		-1			-1		1	-1	-1	1	0	1	500	500	-1	-1	-1	-1	-1	-1	-1	-1	-1		-1			-1		1	0	0											-1
22104	骑鸟僵尸（大格子普攻）	1	14		100	对敌方单体造成伤害		-1	1	"1,0|2,0|3,0|4,0|5,0|6,0|7,0|8,0|9,0"		99			0	-1		-1		-1		-1			-1		1	-1	-1	1	0	1	500	500	-1	-1	-1	-1	-1	-1	-1	-1	-1		-1			-1		1	0	0											-1
22105	蜗牛僵尸（大格子普攻）	1	14		100	对敌方单体造成伤害		-1	1	"1,0|2,0|3,0|4,0|5,0|6,0|7,0|8,0|9,0"		99			0	-1		-1		-1		-1			-1		1	-1	-1	1	0	1	500	500	-1	-1	-1	-1	-1	-1	-1	-1	-1		-1			-1		1	0	0											-1
22106	力士僵尸（大格子普攻）	1	14		100	对敌方单体造成伤害		-1	1	"1,0|2,0|3,0|4,0|5,0|6,0|7,0|8,0|9,0"		99			0	-1		-1		-1		-1			-1		1	-1	-1	1	0	1	500	500	-1	-1	-1	-1	-1	-1	-1	-1	-1		-1			-1		1	0	0											-1
22107	猛犸僵尸（大格子普攻）	1	14		100	对敌方单体造成伤害		-1	1	"1,0|2,0|3,0|4,0|5,0|6,0|7,0|8,0|9,0"		99			0	-1		-1		-1		-1			-1		1	-1	-1	1	0	1	500	500	-1	-1	-1	-1	-1	-1	-1	-1	-1		-1			-1		1	0	0											-1
22108	长城大刀boss（大格子普攻）	1	14		100	对敌方单体造成伤害		-1	1	"1,0|2,0|3,0|4,0|5,0|6,0|7,0|8,0|9,0"		99			0	-1		-1		-1		-1			-1		1	-1	-1	1	0	1	500	500	-1	-1	-1	-1	-1	-1	-1	-1	-1		-1			-1		1	0	0											-1
22109	长城投石车（大格子普攻）	1	14		100	中排伤害		-1	1	"8,0|7,0|6,0|5,0|4,0|3,0|2,0|1,0|9,0"		4	"0,1|0,-1|0,2|0,-2"		0	-1		-1		-1		-1			-1		1	-1	-1	1	0	1	500	500	-1	-1	-1	-1	-1	-1	-1	-1	-1		-1			-1		1	0	0											-1
22110	长城圆锤（大格子普攻）	1	14		100	对敌方单体造成伤害		-1	1	"1,0|2,0|3,0|4,0|5,0|6,0|7,0|8,0|9,0"		99			0	-1		-1		-1		-1			-1		1	-1	-1	1	0	1	500	500	-1	-1	-1	-1	-1	-1	-1	-1	-1		-1			-1		1	0	0											-1
22111	长城战车（大格子普攻）	1	14		100	对敌方单体造成伤害		-1	1	"1,0|2,0|3,0|4,0|5,0|6,0|7,0|8,0|9,0"		99			0	-1		-1		-1		-1			-1		1	-1	-1	1	0	1	500	500	-1	-1	-1	-1	-1	-1	-1	-1	-1		-1			-1		1	0	0											-1
22112	皇帝僵尸（大格子普攻）	1	14		100	对敌方单体造成伤害		-1	1	"1,0|2,0|3,0|4,0|5,0|6,0|7,0|8,0|9,0"		99			0	-1		-1		-1		-1			-1		1	-1	-1	1	0	1	500	500	-1	-1	-1	-1	-1	-1	-1	-1	-1		-1			-1		1	0	0											-1
22113	死神boss（大格子普攻）	1	14		100	对敌方单体造成伤害		-1	1	"1,0|2,0|3,0|4,0|5,0|6,0|7,0|8,0|9,0"		99			0	-1		-1		-1		-1			-1		1	-1	-1	1	0	1	500	500	-1	-1	-1	-1	-1	-1	-1	-1	-1		-1			-1		1	0	0											-1
22114	太阳神boss（大格子普攻）	1	14		100	对敌方单体造成伤害		-1	1	"1,0|2,0|3,0|4,0|5,0|6,0|7,0|8,0|9,0"		99			0	-1		-1		-1		-1			-1		1	-1	-1	1	0	1	500	500	-1	-1	-1	-1	-1	-1	-1	-1	-1		-1			-1		1	0	0											-1
22115	太阳神僵尸（大格子普攻）	1	14		100	直线伤害		-1	1	"1,0|2,0|3,0|4,0|5,0|6,0|7,0|8,0|9,0"		99	"-1,0|-2,0"		2	-1		-1		-1		-1			-1		1	-1	-1	1	0	1	500	500	-1	-1	-1	-1	-1	-1	-1	-1	-1		-1			-1		1	0	0											-1
22116	埃及艳后boss（大格子普攻）	1	14		100	对敌方单体造成伤害		-1	1	"1,0|2,0|3,0|4,0|5,0|6,0|7,0|8,0|9,0"		99			0	-1		-1		-1		-1			-1		1	-1	-1	1	0	1	500	500	-1	-1	-1	-1	-1	-1	-1	-1	-1		-1			-1		1	0	0											-1
22117	旗帜海盗boss（大格子普攻）	1	14		100	对敌方单体造成伤害		-1	1	"1,0|2,0|3,0|4,0|5,0|6,0|7,0|8,0|9,0"		99			0	-1		-1		-1		-1			-1		1	-1	-1	1	0	1	500	500	-1	-1	-1	-1	-1	-1	-1	-1	-1		-1			-1		1	0	0											-1
22118	滚筒boss（大格子普攻）	1	14		100	对敌方单体造成伤害		-1	1	"1,0|2,0|3,0|4,0|5,0|6,0|7,0|8,0|9,0"		99			0	-1		-1		-1		-1			-1		1	-1	-1	1	0	1	500	500	-1	-1	-1	-1	-1	-1	-1	-1	-1		-1			-1		1	0	0											-1
22119	海鸥海盗boss（大格子普攻）	1	14		100	对敌方单体造成伤害		-1	1	"1,0|2,0|3,0|4,0|5,0|6,0|7,0|8,0|9,0"		99			0	-1		-1		-1		-1			-1		1	-1	-1	1	0	1	500	500	-1	-1	-1	-1	-1	-1	-1	-1	-1		-1			-1		1	0	0											-1
22120	船长boss（大格子普攻）	1	14		100	对敌方单体造成伤害		-1	1	"1,0|2,0|3,0|4,0|5,0|6,0|7,0|8,0|9,0"		99			0	-1		-1		-1		-1			-1		1	-1	-1	1	0	1	500	500	-1	-1	-1	-1	-1	-1	-1	-1	-1		-1			-1		1	0	0											-1
22121	鸡贼boss（大格子普攻）	1	14		100	对敌方单体造成伤害		-1	1	"1,0|2,0|3,0|4,0|5,0|6,0|7,0|8,0|9,0"		99			0	-1		-1		-1		-1			-1		1	-1	-1	1	0	1	500	500	-1	-1	-1	-1	-1	-1	-1	-1	-1		-1			-1		1	0	0											-1
22122	淘金boss（大格子普攻）	1	14		450	自爆炸面前3*3范围目标		-1	1	"1,0|2,0|3,0|4,0|5,0|6,0|7,0|8,0|9,0"		9	"0,0|0,1|0,-1|-1,1|-1,0|-1，-1|-2,1|-2,0|-2，-1"		2	-1		-1		-1		-1			-1		1	-1	-1	1	0	1	500	500	-1	-1	-1	-1	-1	-1	-1	-1	-1		-1			-1		1	0	0											-1
22123	钢琴boss（大格子普攻）	1	14		100	对敌方单体造成伤害		-1	1	"1,0|2,0|3,0|4,0|5,0|6,0|7,0|8,0|9,0"		99			0	-1		-1		-1		-1			-1		1	-1	-1	1	0	1	500	500	-1	-1	-1	-1	-1	-1	-1	-1	-1		-1			-1		1	0	0											-1
22124	机器牛（大格子普攻）	1	14		100	对敌方单体造成伤害		-1	1	"1,0|2,0|3,0|4,0|5,0|6,0|7,0|8,0|9,0"		99			2	-1		-1		-1		-1			-1		1	-1	-1	1	0	1	500	500	-1	-1	-1	-1	-1	-1	-1	-1	-1		-1			-1		1	0	0											-1
22125	铁桶木乃伊（大格子普攻）	1	14		100	对敌方单体造成伤害		-1	1	"1,0|2,0|3,0|4,0|5,0|6,0|7,0|8,0|9,0"		99			2	-1		-1		-1		-1			-1		1	-1	-1	1	0	1	500	500	-1	-1	-1	-1	-1	-1	-1	-1	-1		-1			-1	2	3	0	0											-1
22126	僵尸酋长（大格子普攻）	1	14		100	对敌方单体造成伤害		-1	1	"1,0|2,0|3,0|4,0|5,0|6,0|7,0|8,0|9,0"		99			2	-1		-1		-1		-1			-1		1	-1	-1	1	0	1	500	500	-1	-1	-1	-1	-1	-1	-1	-1	-1		-1			-1		1	0	0											-1
22127	酒鬼武师boss（大格子普攻）	1	14		100	对敌方单体造成伤害		-1	1	"1,0|2,0|3,0|4,0|5,0|6,0|7,0|8,0|9,0"		99			0	-1		-1		-1		-1			-1		1	-1	-1	1	0	1	500	500	-1	-1	-1	-1	-1	-1	-1	-1	-1		-1			-1		1	0	0											-1
22128	大锤武师boss（大格子普攻）	1	14		100	对敌方单体造成伤害		-1	1	"1,0|2,0|3,0|4,0|5,0|6,0|7,0|8,0|9,0"		99			0	-1		-1		-1		-1			-1		1	-1	-1	1	0	1	500	500	-1	-1	-1	-1	-1	-1	-1	-1	-1		-1			-1		1	0	0											-1
22129	气功师boss（大格子普攻）	1	14		100	对敌方单体造成伤害		-1	1	"1,0|2,0|3,0|4,0|5,0|6,0|7,0|8,0|9,0"		99			0	-1		-1		-1		-1			-1		1	-1	-1	1	0	1	500	500	-1	-1	-1	-1	-1	-1	-1	-1	-1		-1			-1		1	0	0											-1
22130	刀客boss（大格子普攻）	1	14		100	对敌方单体造成伤害		-1	1	"1,0|2,0|3,0|4,0|5,0|6,0|7,0|8,0|9,0"		99			0	-1		-1		-1		-1			-1		1	-1	-1	1	0	1	500	500	-1	-1	-1	-1	-1	-1	-1	-1	-1		-1			-1		1	0	0											-1
22131	火炬武师boss（大格子普攻）	1	14		100	对敌方单体造成伤害		-1	1	"1,0|2,0|3,0|4,0|5,0|6,0|7,0|8,0|9,0"		99			0	-1		-1		-1		-1			-1		1	-1	-1	1	0	1	500	500	-1	-1	-1	-1	-1	-1	-1	-1	-1		-1			-1		1	0	0											-1
22132	禅杖武僧（大格子普攻）	1	14		100	对敌方单体造成伤害		-1	1	"1,0|2,0|3,0|4,0|5,0|6,0|7,0|8,0|9,0"		99			0	-1		-1		-1		-1			-1		1	-1	-1	1	0	1	500	500	-1	-1	-1	-1	-1	-1	-1	-1	-1		-1			-1		1	0	0											-1
22133	土地爷爷BOSS（大格子普攻）	1	14		100	对敌方单体造成伤害		-1	1	"1,0|2,0|3,0|4,0|5,0|6,0|7,0|8,0|9,0"		99			0	-1		-1		-1		-1			-1		1	-1	-1	1	0	1	500	500	-1	-1	-1	-1	-1	-1	-1	-1	-1		-1			-1		1	0	0											-1
22134	黑熊精BOSS（大格子普攻）	1	14		100	对敌方单体造成伤害		-1	1	"1,0|2,0|3,0|4,0|5,0|6,0|7,0|8,0|9,0"		99			0	-1		-1		-1		-1			-1		1	-1	-1	1	0	1	500	500	-1	-1	-1	-1	-1	-1	-1	-1	-1		-1			-1		1	0	0											-1
22135	黄梅大王BOSS（大格子普攻）	1	14		100	对敌方单体造成伤害		-1	1	"1,0|2,0|3,0|4,0|5,0|6,0|7,0|8,0|9,0"		99			0	-1		-1		-1		-1			-1		1	-1	-1	1	0	1	500	500	-1	-1	-1	-1	-1	-1	-1	-1	-1		-1			-1		1	0	0											-1
22136	白骨精（大格子普攻）	1	14		100	对敌方单体造成伤害		-1	1	"1,0|2,0|3,0|4,0|5,0|6,0|7,0|8,0|9,0"		99			0	-1		-1		-1		-1			-1		1	-1	-1	1	0	1	500	500	-1	-1	-1	-1	-1	-1	-1	-1	-1		-1			-1		1	0	0											-1
22137	蜘蛛精（大格子普攻）	1	14		100	对敌方单体造成伤害		-1	1	"1,0|2,0|3,0|4,0|5,0|6,0|7,0|8,0|9,0"		99			0	-1		-1		-1		-1			-1		1	-1	-1	1	0	1	500	500	-1	-1	-1	-1	-1	-1	-1	-1	-1		-1			-1		1	0	0											-1
22138	牛魔王（大格子普攻）	1	14		100	对敌方单体造成伤害		-1	1	"1,0|2,0|3,0|4,0|5,0|6,0|7,0|8,0|9,0"		99			0	-1		-1		-1		-1			-1		1	-1	-1	1	0	1	500	500	-1	-1	-1	-1	-1	-1	-1	-1	-1		-1			-1		1	0	0											-1
22139	维京路障僵尸boss（大格普攻）	1	14		100	对敌方单体造成伤害		-1	1	"1,0|2,0|3,0|4,0|5,0|6,0|7,0|8,0|9,0"		99			0	-1		-1		-1		-1			-1		1	-1	-1	1	0	1	500	500	-1	-1	-1	-1	-1	-1	-1	-1	-1		-1			-1		1	0	0											-1
22140	飞龙饲养员Boss普攻（大格普攻）	1	14		150	对敌方单体造成伤害		-1	1	"1,0|2,0|3,0|4,0|5,0|6,0|7,0|8,0|9,0"		99			0	-1		-1		-1		-1			-1		1	-1	-1	1	0	1	500	500	-1	-1	-1	-1	-1	-1	-1	-1	-1		-1			-1		1	0	0											-1
22141	号角僵尸BOSS普攻（大格普攻）	1	14		100	对敌方单体造成伤害		-1	1	"1,0|2,0|3,0|4,0|5,0|6,0|7,0|8,0|9,0"		99			0	-1		-1		-1		-1			-1		1	-1	-1	1	0	1	500	500	-1	-1	-1	-1	-1	-1	-1	-1	-1		-1			-1		1	0	0											-1
22142	飞龙饲养员普攻（大格普攻）	1	14		100	对敌方单体造成伤害		-1	1	"1,0|2,0|3,0|4,0|5,0|6,0|7,0|8,0|9,0"		99			0	-1		-1		-1		-1			-1		1	-1	-1	1	0	1	500	500	-1	-1	-1	-1	-1	-1	-1	-1	-1		-1			-1		1	0	0											-1
22143	维京龙骑兵（大格普攻）	1	14		100	对敌方单体造成伤害		-1	1	"1,0|2,0|3,0|4,0|5,0|6,0|7,0|8,0|9,0"		99			0	-1		-1		-1		-1			-1		1	-1	-1	1	0	1	500	500	-1	-1	-1	-1	-1	-1	-1	-1	-1		-1			-1		1	0	0											-1
22144	未来世界电磁盾僵尸（大格普攻）	1	14		100	对敌方单体造成伤害		-1	1	"1,0|2,0|3,0|4,0|5,0|6,0|7,0|8,0|9,0"		99			0	-1		-1		-1		-1			-1		1	-1	-1	1	0	1	500	500	-1	-1	-1	-1	-1	-1	-1	-1	-1		-1			-1		1	0	0											-1
22145	未来舞者3000僵尸（大格普攻）	1	14		100	对敌方单体造成伤害		-1	1	"1,0|2,0|3,0|4,0|5,0|6,0|7,0|8,0|9,0"		99			0	-1		-1		-1		-1			-1		1	-1	-1	1	0	1	500	500	-1	-1	-1	-1	-1	-1	-1	-1	-1		-1			-1		1	0	0											-1
22146	未来世界僵尸博士(大格普攻)	1	14		100	对敌方单体造成伤害		-1	1	"1,0|2,0|3,0|4,0|5,0|6,0|7,0|8,0|9,0"		2	"0,0|0,1|0,-1|-1,1|-1,0|-1，-1|-2,1|-2,0|-2，-1"	80|60	0	-1		-1		-1		-1			-1		1	-1	-1	1	0	1	500	500	-1	-1	-1	-1	-1	-1	-1	-1	-1		-1			-1		1	0	0											-1
22147	未来世界橄榄球僵尸(大格普攻)	1	14		100	对敌方单体造成伤害		-1	1	"1,0|2,0|3,0|4,0|5,0|6,0|7,0|8,0|9,0"		2	"0,0|0,1|0,-1|-1,1|-1,0|-1，-1|-2,1|-2,0|-2，-1"	80|60	0	-1		-1		-1		-1			-1		1	-1	-1	1	0	1	500	500	-1	-1	-1	-1	-1	-1	-1	-1	-1		-1			-1		1	0	0											-1
22148	未来世界僵尸统领(大格普攻)	1	14		100	对敌方单体造成伤害		-1	1	"1,0|2,0|3,0|4,0|5,0|6,0|7,0|8,0|9,0"		2	"0,0|0,1|0,-1|-1,1|-1,0|-1，-1|-2,1|-2,0|-2，-1"	80|60	0	-1		-1		-1		-1			-1		1	-1	-1	1	0	1	500	500	-1	-1	-1	-1	-1	-1	-1	-1	-1		-1			-1		1	0	0											-1
22149	黑暗狼人僵尸（大格普攻）	1	14		100	对敌方单体造成伤害		-1	1	"1,0|2,0|3,0|4,0|5,0|6,0|7,0|8,0|9,0"		99			0	-1		-1		-1		-1			-1		1	-1	-1	1	0	1	500	500	-1	-1	-1	-1	-1	-1	-1	-1	-1		-1			-1		1	0	0											-1
22150	黑暗骑士僵尸（大格普攻）	1	14		100	对敌方单体造成伤害		-1	1	"1,0|2,0|3,0|4,0|5,0|6,0|7,0|8,0|9,0"		99			0	-1		-1		-1		-1			-1		1	-1	-1	1	0	1	500	500	-1	-1	-1	-1	-1	-1	-1	-1	-1		-1			-1		1	0	0											-1
22151	黑暗黑袍巫师（大格普攻）	1	14		100	对敌方单体造成伤害		-1	1	"1,0|2,0|3,0|4,0|5,0|6,0|7,0|8,0|9,0"		99			0	-1		-1		-1		-1			-1		1	-1	-1	1	0	1	500	500	-1	-1	-1	-1	-1	-1	-1	-1	-1		-1			-1		1	0	0											-1
22152	黑暗国王僵尸（大格普攻）	1	14		100	对敌方单体造成伤害		-1	1	"1,0|2,0|3,0|4,0|5,0|6,0|7,0|8,0|9,0"		99			0	-1		-1		-1		-1			-1		1	-1	-1	1	0	1	500	500	-1	-1	-1	-1	-1	-1	-1	-1	-1		-1			-1		1	0	0											-1
22153	黑暗加刚特尔（大格普攻）	1	14		100	对敌方单体造成伤害		-1	1	"1,0|2,0|3,0|4,0|5,0|6,0|7,0|8,0|9,0"		99			0	-1		-1		-1		-1			-1		1	-1	-1	1	0	1	500	500	-1	-1	-1	-1	-1	-1	-1	-1	-1		-1			-1		1	0	0											-1
22154	黑暗巨龙（大格普攻）	1	14		100	对敌方3体造成伤害		-1	1	"1,0|2,0|3,0|4,0|5,0|6,0|7,0|8,0|9,0"		2	"0,0|0,-1|0,-2|0,1|0,2|-1,0|-1,-1|-1,-2|-1,1|-1,2"		0	-1		-1		-1		-1			-1		1	-1	-1	1	0	1	500	500	-1	-1	-1	-1	-1	-1	-1	-1	-1		-1			-1		1	0	0											-1
																																																															
11130001	歌王僵尸BOSS(音乐盛宴)大格大招	1	14		120	钢琴连奏，音符狂暴，全屏伤害		-1	99			99			0	-1		-1		-1		-1			-1		1	-1	-1	1	0	1	500	500	-1	-1	-1	-1	-1	-1	-1	-1	-1		-1			-1		1	0	0											-1
11130011	雪人僵尸大格大招	1	14		120	对敌方单体造成伤害		-1	99			99			0	110189		-1		-1		-1			-1		1	-1	-1	1	0	1	500	500	-1	-1	-1	-1	-1	-1	-1	-1	50		-1			-1		1	0	0											-1
11130012	雪人僵尸大格大招（增强）	1	14		6000	对敌方单体造成伤害		-1	99			99			0	110189		-1		-1		-1			-1		1	-1	-1	1	0	1	500	500	-1	-1	-1	-1	-1	-1	-1	-1	50		-1			-1		1	0	0											-1
11130021	卡车司机大格大招	1	14		120	对敌方单体造成伤害		-1	9	"1,0|2,0|3,0|4,0|5,0|6,0|7,0|8,0|9,0"		99			2	-1		-1		-1		-1			-1		1	-1	-1	1	0	1	500	500	-1	-1	-1	-1	-1	-1	-1	-1	-1		-1			-1		1	0	0											-1
11130031	骑鸟僵尸技能大格大招	1	14		150	冲一行		-1	99	"1,0|2,0|3,0|4,0|5,0|6,0|7,0|8,0|9,0"		99			0	-1		-1		-1		-1			-1		1	-1	-1	-1	0	1	500	500	-1	-1	-1	-1	-1	-1	-1	-1	-1		-1			-1		1	0	0											-1
11130041	蜗牛僵尸技能大格大招	1	14		120	全屏伤害		-1	99			99			2	-1		-1		-1		-1			-1		1	-1	-1	1	0	1	500	500	-1	-1	-1	-1	-1	-1	-1	-1	-1		-1			-1		1	0	0											-1
11130051	力士boss大格大招	1	14		120	把两个巨石砸到地上并弹起，弹到随机出的两行中，弹跳着向前攻击本行所有的目标。		-1	1	"1,0|2,0|3,0|4,0|1,1|2,1|3,1|4,1|1,2|2,2|3,2|4,2|1,-1|2,-1|3,-1|4,-1|1,-2|2,-2|3,-2|4,-2"		99	"0,0|1,0|2,0|-1,0|-2,0|0,1|1,1|2,1|-1,1|-2,1|0,2|1,2|2,2|-1,2|-2,2|0,-1|1,-1|2,-1|-1,-1|-2,-1|0,-2|1,-2|2,-2|-1,-2|-2,-2"		1	-1		-1		-1		-1			-1		1	-1	-1	1	0	1	500	500	-1	-1	-1	-1	-1	-1	-1	-1	-1		-1			-1		1	0	0											-1
11130061	猛犸boss大格大招	1	14		120	僵尸把胡萝卜抛出去，猛犸象追着胡萝卜跑，对所有植物造成伤害		-1	1	"1,0|2,0|3,0|4,0|1,1|2,1|3,1|4,1|1,2|2,2|3,2|4,2|1,-1|2,-1|3,-1|4,-1|1,-2|2,-2|3,-2|4,-2"		99	"0,0|1,0|2,0|-1,0|-2,0|0,1|1,1|2,1|-1,1|-2,1|0,2|1,2|2,2|-1,2|-2,2|0,-1|1,-1|2,-1|-1,-1|-2,-1|0,-2|1,-2|2,-2|-1,-2|-2,-2"		0	-1		-1		-1		-1			-1		1	-1	-1	1	0	1	500	500	-1	-1	-1	-1	-1	-1	-1	-1	-1		-1			-1		1	0	0											-1
11130071	boss长城大刀大格大招	1	14		120	攻击本行距离最近的两个敌人		-1	1	"1,0"		9	"0,0|-1,0|-2,0|-3,0|-4,0|-5,0|-6,0|-7,0|-8,0"		1	-1		-1		-1		-1			-1		1	-1	-1	1	0	2	500	500	-1	-1	-1	-1	-1	-1	-1	-1	-1		-1			-1		1	0	0											-1
11130081	boss长城投石车大格大招	1	14		120	一次性抛射3颗石头，打随机的三个目标		3	99			99			0	-1		-1		-1		-1			-1		1	-1	-1	1	0	1	500	500	-1	-1	-1	-1	-1	-1	-1	-1	-1		-1			-1		1	0	0											-1
11130091	boss长城圆锤大格大招	1	14		120	攻击本行所有敌人		-1	1	"1,0|2,0|3,0|4,0|5,0|6,0|7,0|8,0|9,0"		9	"0,0|-1,0|-2,0|-3,0|-4,0|-5,0|-6,0|-7,0|-8,0"		1	-1		-1		-1		-1			-1		1	-1	-1	1	0	1	500	500	-1	-1	-1	-1	-1	-1	-1	-1	-1		-1			-1		1	0	0											-1
11130101	boss长城战车大格大招	1	14		120	攻击这个植物及周围8格目标		-1	99			99			0	-1		-1		-1		-1			-1		1	-1	-1	1	0	1	500	500	-1	-1	-1	-1	-1	-1	-1	-1	-1		-1			-1		1	0	0											-1
11130111	boss长城皇帝僵尸大格大招	1	2		120	召唤3个僵尸，提升召唤僵尸攻击力		-1	99	"1,0|1,1|1,-1|1,2|1,-2|2,0|2,1|2,-1|2,2|2,-2|3,0|3,1|3,-1|3,2|3,-2|4,0|4,1|4,-1|4,2|4,-2"		99			2	10022001		-1		-1		-1			-1		2	-1	-1	2	0	1	500	500	-1	-1	-1	-1	-1	-1	-1	-1	-1		-1			-1		1	0	0											-1
11130121	死神大招大格大招	1	14		90	全屏伤害		-1	99			99			0	-1		-1		-1		-1			-1		1	-1	-1	1	0	1	500	500	-1	-1	-1	-1	-1	-1	-1	-1	-1		-1			-1		1	0	0											-1
11130131	太阳神僵尸大格大招	1	14		150	吸收血量最多的植物的血量		-1	1			1			0	-1		-1		-1		-1			-1		1	-1	3	1	0	1	500	500	50	-1	-1	-1	-1	-1	-1	-1	-1		-1			-1		1	0	0											-1
11130141	太阳神僵尸大格大招	1	14		150	吸收血量最多的植物的血量		-1	1			1			0	-1		-1		-1		-1			-1		1	-1	3	1	0	1	500	500	50	-1	-1	-1	-1	-1	-1	-1	-1		-1			-1		1	0	0											-1
11130151	埃及艳后僵尸大格大招	1	2		120	所有僵尸恢复血量，并会从土中钻出3个普通木乃伊		-1	99	"1,0|1,1|1,-1|1,2|1,-2|2,0|2,1|2,-1|2,2|2,-2|3,0|3,1|3,-1|3,2|3,-2|4,0|4,1|4,-1|4,2|4,-2"		99			0	-1		-1		-1		-1			-1		2	-1	-1	2	0	1	500	500	-1	-1	-1	-1	-1	-1	-1	-1	-1		-1			-1		1	0	0											-1
11130161	酒鬼武师boss大格大招	1	14		200	对敌方单体造成伤害		-1	1	"1,0|2,0|3,0|4,0|5,0|6,0|7,0|8,0|9,0"		1			0	-1		-1		-1		-1			-1		1	-1	-1	1	0	1	500	500	-1	-1	-1	-1	-1	-1	-1	-1	-1		-1			-1		1	0	0											-1
11130181	boss飞索僵尸大格大招	1	14		70	全屏伤害		-1	99			99			0	-1		-1		-1		-1			-1		1	-1	-1	1	0	1	500	500	-1	-1	-1	-1	-1	-1	-1	-1	-1		-1			-1		1	0	0											-1
11130191	boss海鸥僵尸大格大招	1	14		160	海鸥抬高僵尸，僵尸悬在空中，此时海鸥迅速前进，攻击血量最少的植物，攻击完毕后回来接住下落中的僵尸		-1	1			1			0	-1		-1		-1		-1			-1		1	-1	3	1	0	1	500	500	-1	-1	-1	-1	-1	-1	-1	-1	-1		-1			-1		1	0	0											-1
11130201	海盗船长僵尸大格大招	1	14		75	对敌方单体造成伤害		-1	1	"1,0|2,0|3,0|4,0|5,0|6,0|7,0|8,0|9,0"		9	"0,0|-1,0|-2,0|0,-1|-1,-1|-2,-1|0,1|-1,1|-2,1"		2	110213		-1		-1		-1			-1		1	-1	-1	1	0	1	500	500	-1	-1	-1	-1	-1	-1	-1	-1	-1		-1			-1		1	0	0											-1
11130211	boss鸡贼大格大招	1	14		80	放出9只鸡，小鸡向前奔跑，攻击每行最前排的植物		-1	99			99			0	-1		-1		-1		-1			-1		1	-1	-1	1	0	1	500	500	-1	-1	-1	-1	-1	-1	-1	-1	-1		-1			-1		1	0	0											-1
11130221	淘金boss大格大招	1	14		150	抛一个大型炸弹，抛到本行最近的植物，并以此为中心造成十字型的爆炸		-1	1			5	"0,0|0,1|0,-1|-1,0|1,0"		0	-1		-1		-1		-1			-1		1	-1	-1	1	0	1	500	500	-1	-1	-1	-1	-1	-1	-1	-1	-1		-1			-1		1	0	0											-1
11130231	钢琴boss大招大格	1	14		75	对敌方全体造成伤害		-1	99			99			0	-1		-1		-1		-1			-1		1	-1	-1	1	0	1	500	500	-1	-1	-1	-1	-1	-1	-1	-1	-1		-1			-1		1	0	0											-1
11130241	机器牛boss大格大招	1	14		135	眼睛变红，鼻子吐气，后退，脚刨地，冲击本行所有植物		-1	1	"1,0|2,0|3,0|4,0"		99	"0,0|-1,0|-2,0"		2	-1		-1		-1		-1			-1		1	-1	-1	1	0	1	500	500	-1	-1	-1	-1	-1	-1	-1	-1	-1		-1			-1		1	0	0											-1
11130251	僵尸警长boss大格大招	1	14		80	连续开6枪，攻击所有前排植物		-1	3			99			1	-1		-1		-1		-1			-1		1	-1	-1	1	0	1	500	500	-1	-1	-1	-1	-1	-1	-1	-1	-1		-1			-1		1	0	0											-1
11130261	僵尸酋长大格大招	1	14		100	对敌方全体造成伤害		-1	99			99			2	-1		-1		-1		-1			-1		1	-1	-1	1	0	1	500	500	-1	-1	-1	-1	-1	-1	-1	-1	-1		-1			-1		1	0	0											-1
11130271	boss大锤武师大格大招	1	14		150			-1	1	"1,0|2,0|3,0|4,0|5,0|6,0|7,0|8,0|9,0"		99	"0,0|-1,0|-2,0|-3,0|-4,0|-5,0|-6,0|-7,0|-8,0"		0	-1		-1		-1		-1			-1		1	-1	-1	1	0	1	500	500	-1	-1	-1	-1	-1	-1	-1	-1	-1		-1			-1		1	0	0											-1
11130281	boss功夫气功大格大招	1	14		100	发射气功波，攻击本行最近的植物所在一列		-1	99			99			0	-1		-1		-1		-1			-1		1	-1	-1	1	0	3	500	500	-1	-1	-1	-1	-1	-1	-1	-1	-1		-1			-1		1	0	0											-1
11130291	boss刀客大格大招	1	14		120	挥舞大刀并分身成三个，三个分身出现在随机三个植物面前并对他们进行劈砍攻击		-1	99			99			0	-1		-1		-1		-1			-1		1	-1	-1	1	0	1	500	500	-1	-1	-1	-1	-1	-1	-1	-1	-1		-1			-1		1	0	0											-1
11130301	BOSS刺客大格大招	1	14		270	扔出飞斧攻击单一敌人		-1	1	"1,0|2,0|3,0|4,0|5,0|6,0|7,0|8,0|9,0"		99			0	-1		-1		-1		-1			-1		1	-1	-1	1	0	1	500	500	-1	-1	-1	-1	-1	-1	-1	-1	-1		-1			-1		1	0	0											-1
11130305	boss禅杖武僧大招	1	14		180	气功波打一行		-1	1	"1,0|2,0|3,0|4,0|5,0|6,0|7,0|8,0|9,0"		9	"0,0|-1,0|-2,0|-3,0|-4,0|-5,0|-6,0|-7,0|-8,0"		0	-1		-1		-1		-1			-1		1	-1	-1	1	0	1	500	500	-1	-1	-1	-1	-1	-1	-1	-1	-1		-1			-1		1	0	0											-1
11130311	boss土地公公大格大招	1	14		150	拐杖敲地，全屏伤害		2	2			99			0	-1		-1		-1		-1			-1		1	-1	-1	1	0	1	500	500	-1	-1	-1	-1	-1	-1	-1	-1	-1		-1			-1		1	0	0											-1
11130321	boss黑熊精大格大招	1	14		240	丢法宝一样的把斧头丢到最弱植物头顶劈砍		-1	1			1			0	-1		-1		-1		-1			-1		1	-1	3	1	0	1	500	500	-1	-1	-1	-1	-1	-1	-1	-1	-1		-1			-1		1	0	0											-1
11130331	黄梅大王技能大格大招	1	14		200	消失		-1	1	"1,0|2,0|3,0|4,0|5,0|6,0|7,0|8,0|9,0"		99			2	10029001		-1		-1		-1			-1		1	-1	-1	1	0	1	500	500	-1	-1	-1	-1	-1	-1	-1	-1	-1		-1			-1		1	0	0											-1
11130338	白骨精大格大招	1	14		120	全屏伤害		-1	99			99			0	-1		-1		-1		-1			-1		1	-1	-1	1	0	1	500	500	-1	-1	-1	-1	-1	-1	-1	-1	-1		-1			-1		1	0	0											-1
11130341	蜘蛛精大格大招	1	14		120	旁边的四个桶和后面的桶同时发射白色子弹，共发射10颗，子弹飞出屏幕，然后从上方飞入屏幕，攻击所有植物，击中时，子弹变成粘粘的蜘蛛网，植物在下一回合不能攻击和释放大招		-1	99			99			0	-1		-1		-1		-1			-1		1	-1	-1	1	0	1	500	500	-1	-1	-1	-1	-1	-1	-1	-1	-1		-1			-1		1	0	0											-1
11130351	牛魔王大格大招	1	14		120	从嘴巴里掏出一把小扇子，拿到手里后扇子变大，拿扇子扇出三个火龙卷风，攻击所有植物		-1	99			99			0	-1		-1		-1		-1			-1		1	-1	-1	1	0	1	500	500	-1	-1	-1	-1	-1	-1	-1	-1	-1		-1			-1		1	0	0											-1
11130361	维京路障僵尸boss大招大格大招	1	1		0	蹲下加防		-1	1	"0,0"		99			0	10030002		-1		-1		-1			-1		2	-1	-1	2	0	1	500	500	-1	-1	-1	-1	-1	-1	-1	-1	-1		-1			-1		1	0	0											-1
11130371	飞龙饲养员Boss大格大招	1	14		180	打开龙蛋召唤3只小飞龙优先冲击后排植物，放完技能再合上龙蛋		-1	3	"9,0|9,-1|9,1|8,0|8,-1|8,1|7,0|7,-1|7,1|6,0|6,-1|6,1|5,0|5,1|5,-1|4,0|4,1|4,-1|3,0|3,1|3,-1|2,0|2,1|2,-1|1,0|1,1|1,-1"		99			0	-1		-1		-1		-1			-1		1	-1	-1	1	0	1	500	500	-1	-1	-1	-1	-1	-1	-1	-1	-1		-1			-1		1	0	0											-1
11130381	号角僵尸boss大招大格大招	1	2		0	随机召唤3个僵尸，随便填，不会读取		7	99	"1,0|1,1|1,-1|1,2|1,-2|2,0|2,1|2,-1|2,2|2,-2|3,0|3,1|3,-1|3,2|3,-2|4,0|4,1|4,-1|4,2|4,-2"		99			2	110189		-1		-1		-1			-1		1	-1	-1	1	0	1	500	500	-1	-1	-1	-1	-1	-1	-1	-1	-1		-1			-1		1	0	0											-1
11130391	维京龙骑兵大招大格大招	1	14		120	巨龙抛撤喷火，全屏攻击植物		-1	99			99			0	-1		-1		-1		-1			-1		1	-1	-1	1	0	1	500	500	-1	-1	-1	-1	-1	-1	-1	-1	-1		-1			-1		1	0	0											-1
11130392	维京龙骑兵大招（吞金币）大格大招	1	1		0	巨龙抛撤喷火，全屏攻击植物		-1	99			99			0	-1		-1		-1		-1			-1		1	-1	-1	1	0	1	500	500	-1	-1	-1	-1	-1	-1	-1	-1	-1		-1			-1		1	0	0											-1
11130431	滚筒boss大格大招	1	14		100	小僵尸从桶的两侧跑出来，快速向前奔跑，攻击每行最前面的植物		-1	1	"1,0|2,0|3,0|4,0|5,0|6,0|7,0|8,0|9,0"		99	"0,0|-1,0|-2,0|-3,0|-4,0|-5,0|-6,0|-7,0|-8,0"		1	-1		-1		-1		-1			-1		1	-1	-1	1	0	1	500	500	-1	-1	-1	-1	-1	-1	-1	-1	-1		-1			-1		1	0	0											-1
																																																															-1
11131011	未来僵尸博士（蝗虫小鬼大格大招）	1	1		120	召唤蝗虫小鬼		6	6	"1,0|1,1|1,-1|1,2|1,-2|2,0|2,1|2,-1|2,2|2,-2|3,0|3,1|3,-1|3,2|3,-2|4,0|4,1|4,-1|4,2|4,-2"		99			0	-1		-1		-1		-1			-1		6010010	-1	-1	1	0	1	500	500	-1	-1	-1	-1	-1	-1	-1	-1	-1		-1			-1		1	0	0											-1
11131021	未来世界橄榄球僵尸大格大招	1	14		120	对敌方全体造成伤害		-1	99			99			0	-1		-1		-1		-1			-1		1	-1	-1	1	0	1	500	500	-1	-1	-1	-1	-1	-1	-1	-1	-1		-1			-1		1	0	0											-1
11131031	未来舞者3000大格大招	1	1		120	召唤3个喷射器僵尸，		3	3	"1,0|1,1|1,-1|1,2|1,-2|2,0|2,1|2,-1|2,2|2,-2|3,0|3,1|3,-1|3,2|3,-2|4,0|4,1|4,-1|4,2|4,-2"		99			0	-1		-1		-1		-1			-1		2	-1	-1	1	0	1	500	500	-1	-1	-1	-1	-1	-1	-1	-1	-1		-1			-1		1	0	0											-1
11131041	未来僵尸统领大格大招	1	1		0	召唤3个蝗虫小鬼		3	3	"1,0|1,1|1,-1|1,2|1,-2|2,0|2,1|2,-1|2,2|2,-2|3,0|3,1|3,-1|3,2|3,-2|4,0|4,1|4,-1|4,2|4,-2"		99			0	-1		-1		-1		-1			-1		2	-1	-1	1	0	1	500	500	-1	-1	-1	-1	-1	-1	-1	-1	-1		-1			-1		1	0	0											-1
																																																															
11132011	未来电磁盾僵尸极限大招	1	1		0	给自己增加一个护盾		-1	1	"1,0"		99			0	711032		-1		-1		-1			-1		2	-1	-1	2	0	1	500	500	-1	-1	-1	-1	-1	-1	-1	-1	-1		-1			-1		1	0	0											-1
																																																															
11133011	黑暗狼人大格大招	1	14		50	随机2人受到小型龙卷多次伤害		2	2			99			2	-1		-1		-1		-1			-1		1	-1	-1	1	0	1	500	500	-1	-1	-1	-1	-1	-1	-1	-1	-1		-1			-1		1	0	0											-1
11133021	黑暗骑士大格大招	1	14		60	骑士发起冲锋造成整行伤害		-1	1	"1,0|2,0|3,0|4,0|5,0|6,0|7,0|8,0|9,0"		9	"0,0|-1,0|-2,0|-3,0|-4,0|-5,0|-6,0|-7,0|-8,0"		0	-1		-1		-1		-1			-1		1	-1	-1	1	0	1	500	500	-1	-1	-1	-1	-1	-1	-1	-1	-1		-1			-1		1	0	0											-1
11133031	黑暗黑袍巫师大格	1	14		50	骑士发起冲锋造成整行伤害		-1	99			99			0	720101		-1		-1		-1			-1		1	-1	-1	1	0	1	500	500	-1	-1	-1	-1	-1	-1	-1	-1	-1		-1			-1		1	0	0											-1
11133041	黑暗国王大格大招	1	1		0	召唤3个蓝袍法师		7	99			99			0	-1		-1		-1		-1			-1		2	-1	-1	1	0	1	500	500	-1	-1	-1	-1	-1	-1	-1	-1	-1		-1			-1		1	0	0											-1
11133051	黑暗加刚特尔大招	1	14		40	造成全屏伤害并有对植物减防		-1	99			99			0	720201		-1		-1		-1			-1		1	-1	-1	1	0	1	500	500	-1	-1	-1	-1	-1	-1	-1	-1	-1		-1			-1		1	0	0											-1
11133061	黑暗巨龙大招	1	14		40	造成全屏伤害并有灼烧伤害		-1	99			99			0	720301		-1		-1		-1			-1		1	-1	-1	1	0	1	500	500	-1	-1	-1	-1	-1	-1	-1	-1	-1		-1			-1		1	0	0											-1
																																																															
11140000	摇滚僵尸普攻	1	1		20	对敌方单体造成伤害		1	1	"1,0"		99			0	-1		-1		-1		-1			-1		1	-1	-1	1	0	1	500	500	-1	-1	-1	-1	-1	-1	-1	-1	-1		-1			-1		1	0	0											-1
11140001	摇滚路障僵尸普攻	1	1		20	对敌方单体造成伤害		1	1	"1,0"		99			0	-1		-1		-1		-1			-1		1	-1	-1	1	0	1	500	500	-1	-1	-1	-1	-1	-1	-1	-1	-1		-1			-1		1	0	0											-1
11140002	摇滚铁桶僵尸普攻	1	1		20	对敌方单体造成伤害		1	1	"1,0"		99			0	-1		-1		-1		-1			-1		1	-1	-1	1	0	1	500	500	-1	-1	-1	-1	-1	-1	-1	-1	-1		-1			-1		1	0	0											-1
11140003	摇滚旗子	1	1		20	对敌方单体造成伤害		1	1	"1,0"		99			0	-1		-1		-1		-1			-1		1	-1	-1	1	0	1	500	500	-1	-1	-1	-1	-1	-1	-1	-1	-1		-1			-1		1	0	0											-1
11140004	摇滚小鬼	1	1		20	对敌方单体造成伤害		1	1	"1,0"		99			0	-1		-1		-1		-1			-1		1	-1	-1	1	0	1	500	500	-1	-1	-1	-1	-1	-1	-1	-1	-1		-1			-1		1	0	0											-1
11140005	摇滚录音机	1	1		20	对敌方单体造成伤害		1	1	"1,0|2,0|3,0|4,0|5,0|6,0|7,0|8,0|9,0"		99			0	-1		-1		-1		-1			-1		1	-1	-1	1	0	1	500	500	-1	-1	-1	-1	-1	-1	-1	-1	-1		-1			-1		1	0	0											-1
11140006	摇滚霹雳舞	1	1		20	对敌方单体造成伤害		1	1	"1,0"		99			0	-1		-1		-1		-1			-1		1	-1	-1	1	0	1	500	500	-1	-1	-1	-1	-1	-1	-1	-1	-1		-1			-1		1	0	0											-1
11140007	说唱boss普攻	1	1		120	每行第一个植物		-1	3	"1,0|1,1|1,-1|1,2|1,-2|2,0|2,1|2,-1|2,2|2,-2|3,0|3,1|3,-1|3,2|3,-2|4,0|4,1|4,2|4,-1|4,-2|5,0|5,1|5,2|5,-1|5,-2"		99			0	-1		-1		-1		-1			-1		1	-1	-1	1	0	1	500	500	-1	-1	-1	-1	-1	-1	-1	-1	-1		-1			-1		1	0	0											-1
11140008	说唱boss技能	1	2		0	召唤小僵尸4个		4	99	"1,0|1,1|1,-1|1,2|1,-2|2,0|2,1|2,-1|2,2|2,-2|3,0|3,1|3,-1|3,2|3,-2|4,0|4,1|4,-1|4,2|4,-2|5,0|5,1|5,-1|5,2|5,-2"		99			0	-1		-1		-1		-1			-1		7120530	-1	-1	1	0	1	500	500	-1	-1	-1	-1	-1	-1	-1	-1	-1		-1			-1		1	0	0											-1
11140009	朋克boss普攻	1	1		20	中间行全部植物，共4次连续攻击		-1	99	"1,1|2,1|3,1|4,1|5,1|6,1|1,-1|2,-1|3,-1|4,-1|5,-1|6,-1"		99			0	-1		-1		-1		-1			-1		1	-1	-1	1	0	1	500	500	-1	-1	-1	-1	-1	-1	-1	-1	-1		-1			-1		1	0	0											-1
11140010	朋克boss技能	1	2		0	召唤4个路障僵尸		4	99	"1,0|1,1|1,-1|1,2|1,-2|2,0|2,1|2,-1|2,2|2,-2|3,0|3,1|3,-1|3,2|3,-2|4,0|4,1|4,-1|4,2|4,-2|5,0|5,1|5,-1|5,2|5,-2"		99			0	-1		-1		-1		-1			-1		7120530	-1	-1	1	0	1	500	500	-1	-1	-1	-1	-1	-1	-1	-1	-1		-1			-1		1	0	0											-1
11140011	街机boss普攻	1	1		20	中间行首个植物		-1	1	"0,-1|1,-1|2,-1|3,-1|4,-1|5,-1|6,-1"		1			0	-1		-1		-1		-1			-1		1	-1	-1	1	0	1	500	500	-1	-1	-1	-1	-1	-1	-1	-1	-1		-1			-1		1	0	0											-1
11140012	街机boss技能	1	1		20	全部植物。		99	99			99			0	-1		-1		-1		-1			-1		1	-1	-1	1	0	1	500	500	-1	-1	-1	-1	-1	-1	-1	-1	-1		-1			-1		1	0	0											-1
11140013	贝斯手boss普攻	1	1		20	中间行首个植物，配合动作连续攻击两次。		-1	1	"1,1|2,1|3,1|4,1|5,1|6,1|1,-1|2,-1|3,-1|4,-1|5,-1|6,-1"		1			0	-1		-1		-1		-1			-1		1	-1	-1	1	0	1	500	500	-1	-1	-1	-1	-1	-1	-1	-1	-1		-1			-1		1	0	0											-1
11140014	贝斯手boss技能	1	14		20	音波攻击全体植物。		99	99			99			0	-1		-1		-1		-1			-1		1	-1	-1	1	0	1	500	500	-1	-1	-1	-1	-1	-1	-1	-1	-1		-1			-1		1	0	0											-1
11140015	重金属boss普攻	1	2		20	扔出3只小僵尸，一行一个。		-1	3	"4,0|4,1|4,-1|4,2|4,-2|5,0|5,1|5,-1|5,2|5,-2|6,0|6,1|6,-1|6,2|6,-2"		99			0	-1		-1		-1		-1			-1		1	-1	-1	1	0	1	500	500	-1	-1	-1	-1	-1	-1	-1	-1	-1		-1			-1		1	0	0											-1
11140016	重金属boss技能	1	14		20	攻击全体植物。		99	99			99			0	-1		-1		-1		-1			-1		1	-1	-1	1	0	1	500	500	-1	-1	-1	-1	-1	-1	-1	-1	-1		-1			-1		1	0	0											-1
11140017	摇滚僵尸博士boss普攻	1	1		20	唱歌攻击全体植物。		99	99			99			0	-1		-1		-1		-1			-1		1	-1	-1	1	0	1	500	500	-1	-1	-1	-1	-1	-1	-1	-1	-1		-1			-1		1	0	0											-1
11140018	摇滚僵尸博士boss技能1	1	0		20	召唤指定的僵尸。		3	99	"0,0|0,1|0,-1|0,2|0,-2|1,0|1,1|1,-1|1,2|1,-2|2,0|2,1|2,-1|2,2|2,-2|3,0|3,1|3,-1|3,2|3,-2|4,0|4,1|4,-1|4,2|4,-2"		99			0	-1		-1		-1		-1			-1		7120730	-1	-1	1	0	1	500	500	-1	-1	-1	-1	-1	-1	-1	-1	-1		-1			-1		1	0	0											-1
11140019	摇滚僵尸博士boss技能2	2	1		100	存活的僵尸变身		3	99			99			0	-1		-1		-1		-1			-1		2	-1	-1	1	0	1	500	500	-1	-1	-1	-1	-1	-1	-1	-1	-1		-1			-1		1	0	0											-1
11140020	摇滚小鬼（远程）	1	1		20	远程攻击		1	1	"1,0|2,0|3,0|4,0|5,0|6,0|7,0|8,0|9,0|10,0"		99			0	-1		-1		-1		-1			-1		1	-1	-1	1	0	1	500	500	-1	-1	-1	-1	-1	-1	-1	-1	-1		-1			-1		1	0	0											-1
11140021	摇滚僵尸普攻（远程）	1	1		20	对敌方单体造成伤害		1	1	"1,0|2,0|3,0|4,0|5,0|6,0|7,0|8,0|9,0|10,0"		99			0	-1		-1		-1		-1			-1		1	-1	-1	1	0	1	500	500	-1	-1	-1	-1	-1	-1	-1	-1	-1		-1			-1		1	0	0											-1
11140022	摇滚路障僵尸普攻（远程）	1	1		20	对敌方单体造成伤害		1	1	"1,0|2,0|3,0|4,0|5,0|6,0|7,0|8,0|9,0|10,0"		99			0	-1		-1		-1		-1			-1		1	-1	-1	1	0	1	500	500	-1	-1	-1	-1	-1	-1	-1	-1	-1		-1			-1		1	0	0											-1
11140023	摇滚铁桶僵尸普攻（远程）	1	1		20	对敌方单体造成伤害		1	1	"1,0|2,0|3,0|4,0|5,0|6,0|7,0|8,0|9,0|10,0"		99			0	-1		-1		-1		-1			-1		1	-1	-1	1	0	1	500	500	-1	-1	-1	-1	-1	-1	-1	-1	-1		-1			-1		1	0	0											-1
11140024	摇滚旗子（远程）	1	1		20	对敌方单体造成伤害		1	1	"1,0|2,0|3,0|4,0|5,0|6,0|7,0|8,0|9,0|10,0"		99			0	-1		-1		-1		-1			-1		1	-1	-1	1	0	1	500	500	-1	-1	-1	-1	-1	-1	-1	-1	-1		-1			-1		1	0	0											-1
11140025	摇滚霹雳舞(远程)	1	1		20	对敌方单体造成伤害		1	1	"1,0|2,0|3,0|4,0|5,0|6,0|7,0|8,0|9,0|10,0"		99			0	-1		-1		-1		-1			-1		1	-1	-1	1	0	1	500	500	-1	-1	-1	-1	-1	-1	-1	-1	-1		-1			-1		1	0	0											-1
11140026	精英摇滚铁桶技能	1	2		100	自己一次性恢复50%血量		-1	1	"0,0"		99			0	-1		-1		-1		-1			-1		2	-1	-1	2	0	1	500	500	-1	-1	-1	-1	-1	-1	-1	-1	-1		-1			-1		1	0	0											-1
11140027	精英摇滚路障技能	1	1		0	蹲下加防		-1	1	"0,0"		99			0	10032001		-1		-1		-1			-1		2	-1	-1	2	0	1	500	500	-1	-1	-1	-1	-1	-1	-1	-1	-1		-1			-1		1	0	0											-1
11140028	摇滚旗子技能	1	14		0	召唤3僵尸。		99	99			99			0	-1		-1		-1		-1			-1		1	-1	-1	1	0	1	500	500	-1	-1	-1	-1	-1	-1	-1	-1	-1		-1			-1		1	0	0											-1
