波数ID	怪物ID	出场位置	废	废	是否携带能量豆（1技能能量豆2BUFF能量豆3乱入大招能量豆）	配置1，该怪物指定掉落宝箱	是否是boss波	墓碑位置（-1=正常刷怪，非-1则表示墓碑召唤，根据配置的地图位置刷新墓碑）		
INT	INT	INT	INT	INT	INT	INT	INT	INT		
waveId	monsterId	position	turn	dropsId	havePea	isBossDrop	isBossWave	cross_position		
5011	501	1	-1	-1	-1	0	-1	-1		
5011	501	2	-1	-1	-1	0	-1	-1		
5011	501	3	-1	-1	-1	0	-1	-1		
5011	501	4	-1	-1	-1	0	-1	-1		
5011	501	5	-1	-1	-1	0	-1	-1		
5011	501	6	-1	-1	-1	0	-1	-1		
5021	509	1	-1	-1	-1	0	-1	-1		
5021	509	2	-1	-1	-1	0	-1	-1		
5021	509	3	-1	-1	-1	0	-1	-1		
5021	509	4	-1	-1	-1	0	-1	-1		
5021	509	5	-1	-1	-1	0	-1	-1		
5021	509	6	-1	-1	-1	0	-1	-1		
5031	516	1	-1	-1	-1	0	-1	-1		
5031	516	2	-1	-1	-1	0	-1	-1		
5031	516	3	-1	-1	-1	0	-1	-1		
5031	516	4	-1	-1	-1	0	-1	-1		
5031	516	5	-1	-1	-1	0	-1	-1		
5031	516	6	-1	-1	-1	0	-1	-1		
50011	50011	1	-1	-1	-1	0	-1	-1		
50011	50011	2	-1	-1	-1	0	-1	-1		
50011	50011	3	-1	-1	-1	0	-1	-1		
50011	50011	4	-1	-1	-1	0	-1	-1		
50011	50011	5	-1	-1	-1	0	-1	-1		
50011	50011	6	-1	-1	-1	0	-1	-1		
50011	50011	7	-1	-1	1	0	-1	-1		
50011	50011	8	-1	-1	-1	0	-1	-1		
50011	50011	9	-1	-1	-1	0	-1	-1		
50011	50011	10	-1	-1	-1	0	-1	-1		
50011	50011	11	-1	-1	-1	0	-1	-1		
50011	50011	12	-1	-1	-1	0	-1	-1		
50012	50012	1	-1	-1	-1	0	-1	-1		
50012	50012	2	-1	-1	1	0	-1	-1		
50012	50012	3	-1	-1	-1	0	-1	-1		
50012	50012	4	-1	-1	-1	0	-1	-1		
50012	50012	5	-1	-1	-1	0	-1	-1		
50012	50012	6	-1	-1	-1	0	-1	-1		
50012	50012	7	-1	-1	-1	0	-1	-1		
50012	50012	8	-1	-1	-1	0	-1	-1		
50012	50012	9	-1	-1	-1	0	-1	-1		
50012	50012	10	-1	-1	-1	0	-1	-1		
50012	50012	11	-1	-1	1	0	-1	-1		
50012	50012	12	-1	-1	-1	0	-1	-1		
50013	50013	1	-1	-1	-1	0	-1	-1		
50013	50013	2	-1	-1	-1	0	-1	-1		
50013	50013	3	-1	-1	-1	0	-1	-1		
50013	50013	4	-1	-1	-1	0	-1	-1		
50013	50013	5	-1	-1	-1	0	-1	-1		
50013	50013	6	-1	-1	-1	0	-1	-1		
50013	50013	7	-1	-1	-1	0	-1	-1		
50013	50013	8	-1	-1	-1	0	-1	-1		
50013	50013	9	-1	-1	-1	0	-1	-1		
50013	50013	10	-1	-1	-1	0	-1	-1		
50013	50013	11	-1	-1	1	0	-1	-1		
50013	50013	12	-1	-1	-1	0	-1	-1		
50014	50014	1	-1	-1	-1	0	-1	-1		
50014	50014	2	-1	-1	-1	0	-1	-1		
50014	50014	3	-1	-1	-1	0	-1	-1		
50014	50014	4	-1	-1	-1	0	-1	-1		
50014	50014	5	-1	-1	-1	0	-1	-1		
50014	50014	6	-1	-1	-1	0	-1	-1		
50014	50014	7	-1	-1	1	0	-1	-1		
50014	50014	8	-1	-1	-1	0	-1	-1		
50014	50014	9	-1	-1	-1	0	-1	-1		
50014	50014	10	-1	-1	-1	0	-1	-1		
50014	50014	11	-1	-1	-1	0	-1	-1		
50014	50014	12	-1	-1	-1	0	-1	-1		
50015	50015	5	-1	-1	-1	0	-1	-1		
50016	50016	5	-1	-1	-1	0	-1	-1		
50017	50017	5	-1	-1	-1	0	-1	-1		
50018	50018	5	-1	-1	-1	0	-1	-1		
50019	50019	5	-1	-1	-1	0	-1	-1		
50026	50026	5	-1	-1	-1	0	-1	-1		
50027	50027	1	-1	-1	-1	0	-1	-1		
50027	50027	2	-1	-1	-1	0	-1	-1		
50027	50027	3	-1	-1	-1	0	-1	-1		
50027	50027	4	-1	-1	-1	0	-1	-1		
50027	50027	5	-1	-1	-1	0	-1	-1		
50027	50027	6	-1	-1	-1	0	-1	-1		
50027	50027	7	-1	-1	1	0	-1	-1		
50027	50027	8	-1	-1	-1	0	-1	-1		
50027	50027	9	-1	-1	-1	0	-1	-1		
50027	50027	10	-1	-1	-1	0	-1	-1		
50027	50027	11	-1	-1	-1	0	-1	-1		
50027	50027	12	-1	-1	-1	0	-1	-1		
50030	50030	5	-1	-1	-1	0	-1	-1		
60011	60011	1	-1	-1	-1	0	-1	-1		
60011	60011	2	-1	-1	-1	0	-1	-1		
60011	60011	3	-1	-1	-1	0	-1	-1		
60011	60011	4	-1	-1	-1	0	-1	-1		
60011	60015	5	-1	-1	1	0	-1	-1		
60011	60011	6	-1	-1	-1	0	-1	-1		
60011	60011	7	-1	-1	-1	0	-1	-1		
60011	60011	8	-1	-1	-1	0	-1	-1		
60011	60011	9	-1	-1	-1	0	-1	-1		
60011	60011	10	-1	-1	-1	0	-1	-1		
60011	60011	11	-1	-1	-1	0	-1	-1		
60011	60011	12	-1	-1	-1	0	-1	-1		
60012	60012	1	-1	-1	-1	0	-1	-1		
60012	60012	2	-1	-1	-1	0	-1	-1		
60012	60012	3	-1	-1	-1	0	-1	-1		
60012	60012	4	-1	-1	-1	0	-1	-1		
60012	60016	5	-1	-1	1	0	-1	-1		
60012	60012	6	-1	-1	-1	0	-1	-1		
60012	60012	7	-1	-1	-1	0	-1	-1		
60012	60012	8	-1	-1	-1	0	-1	-1		
60012	60012	9	-1	-1	-1	0	-1	-1		
60012	60012	10	-1	-1	-1	0	-1	-1		
60012	60012	11	-1	-1	-1	0	-1	-1		
60012	60012	12	-1	-1	-1	0	-1	-1		
60013	60013	1	-1	-1	-1	0	-1	-1		
60013	60013	2	-1	-1	1	0	-1	-1		
60013	60013	3	-1	-1	-1	0	-1	-1		
60013	60013	4	-1	-1	-1	0	-1	-1		
60013	60017	5	-1	-1	-1	0	-1	-1		
60013	60013	6	-1	-1	-1	0	-1	-1		
60013	60013	7	-1	-1	-1	0	-1	-1		
60013	60013	8	-1	-1	-1	0	-1	-1		
60013	60013	9	-1	-1	-1	0	-1	-1		
60013	60013	10	-1	-1	-1	0	-1	-1		
60013	60013	11	-1	-1	1	0	-1	-1		
60013	60013	12	-1	-1	-1	0	-1	-1		
60014	60014	1	-1	-1	-1	0	-1	-1		
60014	60014	2	-1	-1	-1	0	-1	-1		
60014	60014	3	-1	-1	-1	0	-1	-1		
60014	60014	4	-1	-1	-1	0	-1	-1		
60014	60018	5	-1	-1	-1	0	-1	-1		
60014	60014	6	-1	-1	1	0	-1	-1		
60014	60014	7	-1	-1	-1	0	-1	-1		
60014	60014	8	-1	-1	-1	0	-1	-1		
60014	60014	9	-1	-1	-1	0	-1	-1		
60014	60014	10	-1	-1	-1	0	-1	-1		
60014	60014	11	-1	-1	-1	0	-1	-1		
60014	60014	12	-1	-1	-1	0	-1	-1		
60015	60019	1	-1	-1	-1	0	-1	-1		
60015	60019	2	-1	-1	-1	0	-1	-1		
60015	60019	3	-1	-1	-1	0	-1	-1		
60015	60019	4	-1	-1	-1	0	-1	-1		
60015	60020	5	-1	-1	-1	0	-1	-1		
60015	60019	6	-1	-1	1	0	-1	-1		
60015	60019	7	-1	-1	-1	0	-1	-1		
60015	60019	8	-1	-1	-1	0	-1	-1		
60015	60019	9	-1	-1	-1	0	-1	-1		
60015	60019	10	-1	-1	-1	0	-1	-1		
60015	60019	11	-1	-1	-1	0	-1	-1		
60015	60019	12	-1	-1	-1	0	-1	-1		
70101	70111	1	-1	-1	-1	0	-1	-1		
70101	70111	2	-1	-1	-1	0	-1	-1		
70101	70111	3	-1	-1	1	0	-1	-1		
70101	70112	4	-1	-1	-1	0	-1	-1		
70101	70112	5	-1	-1	-1	0	-1	-1		
70101	70112	6	-1	-1	-1	0	-1	-1		
70101	70113	7	-1	-1	-1	0	-1	-1		
70101	70113	8	-1	-1	-1	0	-1	-1		
70101	70113	9	-1	-1	-1	0	-1	-1		
70101	70114	11	-1	-1	-1	0	-1	-1		
70102	70122	1	-1	-1	-1	0	-1	-1		
70102	70122	2	-1	-1	1	0	-1	-1		
70102	70122	3	-1	-1	-1	0	-1	-1		
70102	70121	4	-1	-1	-1	0	-1	-1		
70102	70121	5	-1	-1	-1	0	-1	-1		
70102	70121	6	-1	-1	-1	0	-1	-1		
70102	70123	7	-1	-1	-1	0	-1	-1		
70102	70123	8	-1	-1	-1	0	-1	-1		
70102	70123	9	-1	-1	-1	0	-1	-1		
70102	70124	11	-1	-1	1	0	-1	-1		
70103	70132	1	-1	-1	-1	0	-1	-1		
70103	70132	2	-1	-1	-1	0	-1	-1		
70103	70132	3	-1	-1	-1	0	-1	-1		
70103	70131	4	-1	-1	-1	0	-1	-1		
70103	70131	5	-1	-1	-1	0	-1	-1		
70103	70131	6	-1	-1	1	0	-1	-1		
70103	70133	7	-1	-1	-1	0	-1	-1		
70103	70133	8	-1	-1	-1	0	-1	-1		
70103	70133	9	-1	-1	-1	0	-1	-1		
70103	70134	11	-1	-1	-1	0	-1	-1		
70104	70142	1	-1	-1	-1	0	-1	-1		
70104	70142	2	-1	-1	-1	0	-1	-1		
70104	70142	3	-1	-1	-1	0	-1	-1		
70104	70141	4	-1	-1	-1	0	-1	-1		
70104	70141	5	-1	-1	-1	0	-1	-1		
70104	70141	6	-1	-1	-1	0	-1	-1		
70104	70143	7	-1	-1	-1	0	-1	-1		
70104	70143	8	-1	-1	-1	0	-1	-1		
70104	70143	9	-1	-1	1	0	-1	-1		
70104	70144	11	-1	-1	-1	0	-1	-1		
70201	70213	1	-1	-1	-1	0	-1	-1		
70201	70213	2	-1	-1	-1	0	-1	-1		
70201	70213	3	-1	-1	-1	0	-1	-1		
70201	70212	4	-1	-1	-1	0	-1	-1		
70201	70212	5	-1	-1	-1	0	-1	-1		
70201	70212	6	-1	-1	-1	0	-1	-1		
70201	70213	7	-1	-1	-1	0	-1	-1		
70201	70213	8	-1	-1	-1	0	-1	-1		
70201	70213	9	-1	-1	-1	0	-1	-1		
70201	70214	11	-1	-1	1	0	-1	-1		
70202	70222	1	-1	-1	-1	0	-1	-1		
70202	70222	2	-1	-1	-1	0	-1	-1		
70202	70222	3	-1	-1	-1	0	-1	-1		
70202	70221	4	-1	-1	-1	0	-1	-1		
70202	70221	5	-1	-1	-1	0	-1	-1		
70202	70221	6	-1	-1	-1	0	-1	-1		
70202	70223	7	-1	-1	-1	0	-1	-1		
70202	70223	8	-1	-1	-1	0	-1	-1		
70202	70223	9	-1	-1	-1	0	-1	-1		
70202	70224	11	-1	-1	1	0	-1	-1		
70203	70233	1	-1	-1	-1	0	-1	-1		
70203	70233	2	-1	-1	-1	0	-1	-1		
70203	70233	3	-1	-1	-1	0	-1	-1		
70203	70231	4	-1	-1	-1	0	-1	-1		
70203	70231	5	-1	-1	-1	0	-1	-1		
70203	70231	6	-1	-1	-1	0	-1	-1		
70203	70233	7	-1	-1	-1	0	-1	-1		
70203	70233	8	-1	-1	-1	0	-1	-1		
70203	70233	9	-1	-1	-1	0	-1	-1		
70203	70234	11	-1	-1	1	0	-1	-1		
70204	70241	1	-1	-1	-1	0	-1	-1		
70204	70241	2	-1	-1	-1	0	-1	-1		
70204	70241	3	-1	-1	-1	0	-1	-1		
70204	70241	4	-1	-1	-1	0	-1	-1		
70204	70241	5	-1	-1	-1	0	-1	-1		
70204	70241	6	-1	-1	-1	0	-1	-1		
70204	70243	7	-1	-1	-1	0	-1	-1		
70204	70243	8	-1	-1	1	0	-1	-1		
70204	70243	9	-1	-1	-1	0	-1	-1		
70204	70244	11	-1	-1	-1	0	-1	-1		
70301	70301	1	-1	-1	-1	0	-1	-1		
70301	70314	2	-1	-1	-1	0	-1	-1		
70301	70301	3	-1	-1	-1	0	-1	-1		
70301	70311	4	-1	-1	-1	0	-1	-1		
70301	70311	5	-1	-1	-1	0	-1	-1		
70301	70311	6	-1	-1	-1	0	-1	-1		
70301	70313	7	-1	-1	1	0	-1	-1		
70301	70313	8	-1	-1	-1	0	-1	-1		
70301	70313	9	-1	-1	-1	0	-1	-1		
70301	70315	11	-1	-1	-1	0	-1	-1		
70302	70321	1	-1	-1	-1	0	-1	-1		
70302	70323	2	-1	-1	-1	0	-1	-1		
70302	70321	3	-1	-1	-1	0	-1	-1		
70302	70322	4	-1	-1	-1	0	-1	-1		
70302	70322	5	-1	-1	-1	0	-1	-1		
70302	70322	6	-1	-1	1	0	-1	-1		
70302	70324	7	-1	-1	-1	0	-1	-1		
70302	70324	8	-1	-1	-1	0	-1	-1		
70302	70324	9	-1	-1	-1	0	-1	-1		
70302	70325	11	-1	-1	-1	0	-1	-1		
70303	70331	1	-1	-1	-1	0	-1	-1		
70303	70303	2	-1	-1	1	0	-1	-1		
70303	70331	3	-1	-1	-1	0	-1	-1		
70303	70332	4	-1	-1	-1	0	-1	-1		
70303	70332	5	-1	-1	-1	0	-1	-1		
70303	70332	6	-1	-1	-1	0	-1	-1		
70303	70334	7	-1	-1	-1	0	-1	-1		
70303	70334	8	-1	-1	1	0	-1	-1		
70303	70334	9	-1	-1	-1	0	-1	-1		
70303	70335	11	-1	-1	-1	0	-1	-1		
70304	70304	1	-1	-1	-1	0	-1	-1		
70304	70343	2	-1	-1	-1	0	-1	-1		
70304	70304	3	-1	-1	-1	0	-1	-1		
70304	70341	4	-1	-1	1	0	-1	-1		
70304	70341	5	-1	-1	-1	0	-1	-1		
70304	70341	6	-1	-1	-1	0	-1	-1		
70304	70344	7	-1	-1	-1	0	-1	-1		
70304	70344	8	-1	-1	-1	0	-1	-1		
70304	70344	9	-1	-1	-1	0	-1	-1		
70304	70345	11	-1	-1	1	0	-1	-1		
70401	70412	1	-1	-1	-1	0	-1	-1		
70401	70412	2	-1	-1	-1	0	-1	-1		
70401	70412	3	-1	-1	-1	0	-1	-1		
70401	70412	4	-1	-1	-1	0	-1	-1		
70401	70412	5	-1	-1	1	0	-1	-1		
70401	70412	6	-1	-1	-1	0	-1	-1		
70401	70412	7	-1	-1	-1	0	-1	-1		
70401	70412	8	-1	-1	-1	0	-1	-1		
70401	70412	9	-1	-1	-1	0	-1	-1		
70401	70413	11	-1	-1	-1	0	-1	-1		
70402	70421	1	-1	-1	1	0	-1	-1		
70402	70421	2	-1	-1	-1	0	-1	-1		
70402	70421	3	-1	-1	-1	0	-1	-1		
70402	70421	4	-1	-1	-1	0	-1	-1		
70402	70421	5	-1	-1	-1	0	-1	-1		
70402	70421	6	-1	-1	-1	0	-1	-1		
70402	70422	7	-1	-1	-1	0	-1	-1		
70402	70422	8	-1	-1	-1	0	-1	-1		
70402	70422	9	-1	-1	1	0	-1	-1		
70402	70423	11	-1	-1	-1	0	-1	-1		
70403	70432	1	-1	-1	-1	0	-1	-1		
70403	70432	2	-1	-1	-1	0	-1	-1		
70403	70432	3	-1	-1	-1	0	-1	-1		
70403	70432	4	-1	-1	-1	0	-1	-1		
70403	70432	5	-1	-1	1	0	-1	-1		
70403	70432	6	-1	-1	-1	0	-1	-1		
70403	70432	7	-1	-1	-1	0	-1	-1		
70403	70432	8	-1	-1	-1	0	-1	-1		
70403	70432	9	-1	-1	-1	0	-1	-1		
70403	70433	11	-1	-1	-1	0	-1	-1		
70404	70341	1	-1	-1	-1	0	-1	-1		
70404	70341	2	-1	-1	1	0	-1	-1		
70404	70341	3	-1	-1	-1	0	-1	-1		
70404	70341	4	-1	-1	-1	0	-1	-1		
70404	70341	5	-1	-1	-1	0	-1	-1		
70404	70341	6	-1	-1	-1	0	-1	-1		
70404	70442	7	-1	-1	-1	0	-1	-1		
70404	70442	8	-1	-1	-1	0	-1	-1		
70404	70442	9	-1	-1	-1	0	-1	-1		
70404	70443	11	-1	-1	1	0	-1	-1		
70501	70512	1	-1	-1	-1	0	-1	-1		
70501	70512	2	-1	-1	-1	0	-1	-1		
70501	70512	3	-1	-1	-1	0	-1	-1		
70501	70512	4	-1	-1	-1	0	-1	-1		
70501	70512	5	-1	-1	-1	0	-1	-1		
70501	70512	6	-1	-1	-1	0	-1	-1		
70501	70512	7	-1	-1	1	0	-1	-1		
70501	70512	8	-1	-1	-1	0	-1	-1		
70501	70512	9	-1	-1	-1	0	-1	-1		
70501	70513	11	-1	-1	-1	0	-1	-1		
70502	70521	1	-1	-1	-1	0	-1	-1		
70502	70521	2	-1	-1	-1	0	-1	-1		
70502	70521	3	-1	-1	-1	0	-1	-1		
70502	70521	4	-1	-1	-1	0	-1	-1		
70502	70521	5	-1	-1	-1	0	-1	-1		
70502	70521	6	-1	-1	1	0	-1	-1		
70502	70522	7	-1	-1	-1	0	-1	-1		
70502	70522	8	-1	-1	-1	0	-1	-1		
70502	70522	9	-1	-1	-1	0	-1	-1		
70502	70523	11	-1	-1	-1	0	-1	-1		
70503	70532	1	-1	-1	-1	0	-1	-1		
70503	70533	2	-1	-1	-1	0	-1	-1		
70503	70532	3	-1	-1	-1	0	-1	-1		
70503	70532	4	-1	-1	-1	0	-1	-1		
70503	70532	5	-1	-1	-1	0	-1	-1		
70503	70532	6	-1	-1	-1	0	-1	-1		
70503	70532	7	-1	-1	-1	0	-1	-1		
70503	70532	8	-1	-1	1	0	-1	-1		
70503	70532	9	-1	-1	-1	0	-1	-1		
70503	70534	11	-1	-1	-1	0	-1	-1		
70504	70341	1	-1	-1	-1	0	-1	-1		
70504	70543	2	-1	-1	-1	0	-1	-1		
70504	70341	3	-1	-1	-1	0	-1	-1		
70504	70341	4	-1	-1	-1	0	-1	-1		
70504	70341	5	-1	-1	-1	0	-1	-1		
70504	70341	6	-1	-1	-1	0	-1	-1		
70504	70542	7	-1	-1	1	0	-1	-1		
70504	70542	8	-1	-1	-1	0	-1	-1		
70504	70542	9	-1	-1	-1	0	-1	-1		
70504	70544	11	-1	-1	-1	0	-1	-1		
80101	80101	1	-1	-1	-1	0	-1	-1		
80101	80101	2	-1	-1	-1	0	-1	-1		
80101	80101	3	-1	-1	-1	0	-1	-1		
80101	80106	4	-1	-1	-1	0	-1	-1		
80101	80106	5	-1	-1	-1	0	-1	-1		
80101	80106	6	-1	-1	-1	0	-1	-1		
80102	80101	1	-1	-1	-1	0	-1	-1		
80102	80101	2	-1	-1	1	0	-1	-1		
80102	80101	3	-1	-1	-1	0	-1	-1		
80102	80105	4	-1	-1	-1	0	-1	-1		
80102	80105	5	-1	-1	-1	0	-1	-1		
80102	80105	6	-1	-1	-1	0	-1	-1		
80103	80103	1	-1	-1	-1	0	-1	-1		
80103	80103	2	-1	-1	-1	0	-1	-1		
80103	80103	3	-1	-1	-1	0	-1	-1		
80103	80101	4	-1	-1	-1	0	-1	-1		
80103	80101	5	-1	-1	1	0	-1	-1		
80103	80101	6	-1	-1	-1	0	-1	-1		
80103	80105	7	-1	-1	-1	0	-1	-1		
80103	80105	8	-1	-1	-1	0	-1	-1		
80103	80105	9	-1	-1	-1	0	-1	-1		
80104	80103	1	-1	-1	-1	0	-1	-1		
80104	80103	2	-1	-1	-1	0	-1	-1		
80104	80103	3	-1	-1	1	0	-1	-1		
80104	80103	4	-1	-1	-1	0	-1	-1		
80104	80103	5	-1	-1	-1	0	-1	-1		
80104	80103	6	-1	-1	-1	0	-1	-1		
80104	80105	7	-1	-1	-1	0	-1	-1		
80104	80105	8	-1	-1	-1	0	-1	-1		
80104	80105	9	-1	-1	-1	0	-1	-1		
80105	80105	1	-1	-1	-1	0	-1	-1		
80105	80105	2	-1	-1	-1	0	-1	-1		
80105	80105	3	-1	-1	-1	0	-1	-1		
80105	80102	4	-1	-1	-1	0	-1	-1		
80105	80102	5	-1	-1	-1	0	-1	-1		
80105	80102	6	-1	-1	-1	0	-1	-1		
80105	80105	7	-1	-1	1	0	-1	-1		
80105	80105	8	-1	-1	-1	0	-1	-1		
80105	80105	9	-1	-1	-1	0	-1	-1		
80201	80201	1	-1	-1	-1	0	-1	-1		
80201	80201	2	-1	-1	-1	0	-1	-1		
80201	80201	3	-1	-1	-1	0	-1	-1		
80201	80205	4	-1	-1	-1	0	-1	-1		
80201	80205	5	-1	-1	-1	0	-1	-1		
80201	80205	6	-1	-1	1	0	-1	-1		
80202	80201	1	-1	-1	-1	0	-1	-1		
80202	80201	2	-1	-1	-1	0	-1	-1		
80202	80201	3	-1	-1	-1	0	-1	-1		
80202	80206	4	-1	-1	-1	0	-1	-1		
80202	80206	5	-1	-1	-1	0	-1	-1		
80202	80206	6	-1	-1	-1	0	-1	-1		
80203	80202	1	-1	-1	-1	0	-1	-1		
80203	80202	2	-1	-1	-1	0	-1	-1		
80203	80202	3	-1	-1	-1	0	-1	-1		
80203	80201	4	-1	-1	-1	0	-1	-1		
80203	80201	5	-1	-1	-1	0	-1	-1		
80203	80201	6	-1	-1	1	0	-1	-1		
80203	80206	7	-1	-1	-1	0	-1	-1		
80203	80206	8	-1	-1	-1	0	-1	-1		
80203	80206	9	-1	-1	-1	0	-1	-1		
80204	80202	1	-1	-1	-1	0	-1	-1		
80204	80202	2	-1	-1	-1	0	-1	-1		
80204	80202	3	-1	-1	-1	0	-1	-1		
80204	80202	4	-1	-1	-1	0	-1	-1		
80204	80202	5	-1	-1	-1	0	-1	-1		
80204	80202	6	-1	-1	-1	0	-1	-1		
80204	80206	7	-1	-1	-1	0	-1	-1		
80204	80206	8	-1	-1	-1	0	-1	-1		
80204	80206	9	-1	-1	1	0	-1	-1		
80205	80204	1	-1	-1	-1	0	-1	-1		
80205	80204	2	-1	-1	-1	0	-1	-1		
80205	80204	3	-1	-1	-1	0	-1	-1		
80205	80203	4	-1	-1	-1	0	-1	-1		
80205	80203	5	-1	-1	-1	0	-1	-1		
80205	80203	6	-1	-1	-1	0	-1	-1		
80205	80206	7	-1	-1	-1	0	-1	-1		
80205	80206	8	-1	-1	-1	0	-1	-1		
80205	80206	9	-1	-1	-1	0	-1	-1		
80301	80301	1	-1	-1	-1	0	-1	-1		
80301	80301	2	-1	-1	-1	0	-1	-1		
80301	80301	3	-1	-1	-1	0	-1	-1		
80301	80305	4	-1	-1	1	0	-1	-1		
80301	80305	5	-1	-1	-1	0	-1	-1		
80301	80305	6	-1	-1	-1	0	-1	-1		
80302	80301	1	-1	-1	-1	0	-1	-1		
80302	80301	2	-1	-1	-1	0	-1	-1		
80302	80301	3	-1	-1	-1	0	-1	-1		
80302	80305	4	-1	-1	-1	0	-1	-1		
80302	80305	5	-1	-1	-1	0	-1	-1		
80302	80305	6	-1	-1	-1	0	-1	-1		
80303	80303	1	-1	-1	-1	0	-1	-1		
80303	80303	2	-1	-1	-1	0	-1	-1		
80303	80303	3	-1	-1	1	0	-1	-1		
80303	80301	4	-1	-1	-1	0	-1	-1		
80303	80301	5	-1	-1	-1	0	-1	-1		
80303	80301	6	-1	-1	-1	0	-1	-1		
80303	80305	7	-1	-1	-1	0	-1	-1		
80303	80305	8	-1	-1	-1	0	-1	-1		
80303	80305	9	-1	-1	-1	0	-1	-1		
80304	80303	1	-1	-1	-1	0	-1	-1		
80304	80303	2	-1	-1	-1	0	-1	-1		
80304	80303	3	-1	-1	-1	0	-1	-1		
80304	80303	4	-1	-1	-1	0	-1	-1		
80304	80303	5	-1	-1	1	0	-1	-1		
80304	80303	6	-1	-1	-1	0	-1	-1		
80304	80305	7	-1	-1	-1	0	-1	-1		
80304	80305	8	-1	-1	-1	0	-1	-1		
80304	80305	9	-1	-1	-1	0	-1	-1		
80305	80302	1	-1	-1	-1	0	-1	-1		
80305	80302	2	-1	-1	-1	0	-1	-1		
80305	80302	3	-1	-1	-1	0	-1	-1		
80305	80305	4	-1	-1	-1	0	-1	-1		
80305	80305	5	-1	-1	1	0	-1	-1		
80305	80305	6	-1	-1	-1	0	-1	-1		
80305	80305	7	-1	-1	-1	0	-1	-1		
80305	80305	8	-1	-1	-1	0	-1	-1		
80305	80305	9	-1	-1	-1	0	-1	-1		
80401	80401	1	-1	-1	-1	0	-1	-1		
80401	80401	2	-1	-1	-1	0	-1	-1		
80401	80401	3	-1	-1	-1	0	-1	-1		
80401	80405	4	-1	-1	-1	0	-1	-1		
80401	80405	5	-1	-1	-1	0	-1	-1		
80401	80405	6	-1	-1	-1	0	-1	-1		
80402	80401	1	-1	-1	1	0	-1	-1		
80402	80401	2	-1	-1	-1	0	-1	-1		
80402	80401	3	-1	-1	-1	0	-1	-1		
80402	80405	4	-1	-1	-1	0	-1	-1		
80402	80405	5	-1	-1	-1	0	-1	-1		
80402	80405	6	-1	-1	-1	0	-1	-1		
80403	80402	1	-1	-1	-1	0	-1	-1		
80403	80402	2	-1	-1	-1	0	-1	-1		
80403	80402	3	-1	-1	-1	0	-1	-1		
80403	80401	4	-1	-1	-1	0	-1	-1		
80403	80401	5	-1	-1	-1	0	-1	-1		
80403	80401	6	-1	-1	1	0	-1	-1		
80403	80405	7	-1	-1	-1	0	-1	-1		
80403	80405	8	-1	-1	-1	0	-1	-1		
80403	80405	9	-1	-1	-1	0	-1	-1		
80404	80402	1	-1	-1	-1	0	-1	-1		
80404	80402	2	-1	-1	-1	0	-1	-1		
80404	80402	3	-1	-1	-1	0	-1	-1		
80404	80402	4	-1	-1	-1	0	-1	-1		
80404	80402	5	-1	-1	-1	0	-1	-1		
80404	80402	6	-1	-1	1	0	-1	-1		
80404	80405	7	-1	-1	-1	0	-1	-1		
80404	80405	8	-1	-1	-1	0	-1	-1		
80404	80405	9	-1	-1	-1	0	-1	-1		
80405	80406	1	-1	-1	-1	0	-1	-1		
80405	80406	2	-1	-1	-1	0	-1	-1		
80405	80406	3	-1	-1	-1	0	-1	-1		
80405	80404	4	-1	-1	-1	0	-1	-1		
80405	80404	5	-1	-1	-1	0	-1	-1		
80405	80404	6	-1	-1	-1	0	-1	-1		
80405	80405	7	-1	-1	1	0	-1	-1		
80405	80405	8	-1	-1	-1	0	-1	-1		
80405	80405	9	-1	-1	-1	0	-1	-1		
80501	80501	1	-1	-1	-1	0	-1	-1		
80501	80501	2	-1	-1	-1	0	-1	-1		
80501	80501	3	-1	-1	-1	0	-1	-1		
80501	80506	4	-1	-1	-1	0	-1	-1		
80501	80506	5	-1	-1	-1	0	-1	-1		
80501	80506	6	-1	-1	-1	0	-1	-1		
80502	80501	1	-1	-1	1	0	-1	-1		
80502	80501	2	-1	-1	-1	0	-1	-1		
80502	80501	3	-1	-1	-1	0	-1	-1		
80502	80504	4	-1	-1	-1	0	-1	-1		
80502	80504	5	-1	-1	-1	0	-1	-1		
80502	80504	6	-1	-1	-1	0	-1	-1		
80503	80502	1	-1	-1	-1	0	-1	-1		
80503	80502	2	-1	-1	-1	0	-1	-1		
80503	80502	3	-1	-1	-1	0	-1	-1		
80503	80501	4	-1	-1	1	0	-1	-1		
80503	80501	5	-1	-1	-1	0	-1	-1		
80503	80501	6	-1	-1	-1	0	-1	-1		
80503	80504	7	-1	-1	-1	0	-1	-1		
80503	80504	8	-1	-1	-1	0	-1	-1		
80503	80504	9	-1	-1	-1	0	-1	-1		
80504	80502	1	-1	-1	-1	0	-1	-1		
80504	80502	2	-1	-1	-1	0	-1	-1		
80504	80502	3	-1	-1	-1	0	-1	-1		
80504	80502	4	-1	-1	1	0	-1	-1		
80504	80502	5	-1	-1	-1	0	-1	-1		
80504	80502	6	-1	-1	-1	0	-1	-1		
80504	80504	7	-1	-1	-1	0	-1	-1		
80504	80504	8	-1	-1	-1	0	-1	-1		
80504	80504	9	-1	-1	-1	0	-1	-1		
80505	80503	1	-1	-1	-1	0	-1	-1		
80505	80503	2	-1	-1	-1	0	-1	-1		
80505	80503	3	-1	-1	-1	0	-1	-1		
80505	80505	4	-1	-1	1	0	-1	-1		
80505	80505	5	-1	-1	-1	0	-1	-1		
80505	80505	6	-1	-1	-1	0	-1	-1		
80505	80504	7	-1	-1	-1	0	-1	-1		
80505	80504	8	-1	-1	-1	0	-1	-1		
80505	80504	9	-1	-1	-1	0	-1	-1		
1111	200011	1	-1	-1	-1	0	-1	-1		
1111	200011	2	-1	-1	1	0	-1	-1		
1111	200011	3	-1	-1	-1	0	-1	-1		
1111	200011	5	-1	-1	-1	0	-1	-1		
1112	200011	1	-1	-1	-1	0	-1	-1		
1112	200111	2	-1	-1	-1	0	-1	-1		
1112	200011	3	-1	-1	-1	0	-1	-1		
1112	200011	4	-1	-1	-1	0	-1	-1		
1112	200091	5	-1	-1	-1	0	-1	-1		
1112	200011	6	-1	-1	2	0	-1	-1		
1211	200012	1	-1	-1	1	0	-1	-1		
1211	200012	2	-1	-1	-1	0	-1	-1		
1211	200012	3	-1	-1	-1	0	-1	-1		
1212	200012	1	-1	-1	-1	0	-1	-1		
1212	200012	2	-1	-1	-1	0	-1	-1		
1212	200012	3	-1	-1	-1	0	-1	-1		
1212	200092	4	-1	-1	-1	0	-1	-1		
1212	200122	5	-1	-1	-1	0	-1	-1		
1212	200032	6	-1	-1	-1	0	-1	-1		
1311	200012	1	-1	-1	-1	0	-1	-1		
1311	200092	2	-1	-1	-1	0	-1	-1		
1311	200012	3	-1	-1	-1	0	-1	-1		
1312	200012	1	-1	-1	-1	0	-1	-1		
1312	200122	2	-1	-1	-1	0	-1	-1		
1312	200012	3	-1	-1	-1	0	-1	-1		
1312	200092	4	-1	-1	-1	0	-1	-1		
1312	200092	5	-1	-1	-1	0	-1	-1		
1312	200092	6	-1	-1	-1	0	-1	-1		
1411	200013	1	-1	-1	-1	0	-1	-1		
1411	200013	2	-1	-1	-1	0	-1	-1		
1411	200013	3	-1	-1	-1	0	-1	-1		
1411	200093	4	-1	-1	-1	0	-1	-1		
1412	200143	2	-1	-1	-1	0	-1	-1		
1412	200013	1	-1	-1	-1	0	-1	-1		
1412	200013	3	-1	-1	-1	0	-1	-1		
1412	200093	5	-1	-1	-1	0	-1	-1		
1412	200093	6	-1	-1	2	0	-1	-1		
1511	200033	1	-1	-1	-1	0	-1	-1		
1511	200013	2	-1	-1	-1	0	-1	-1		
1511	200033	3	-1	-1	-1	0	-1	-1		
1511	200093	5	-1	-1	-1	0	-1	-1		
1512	200033	1	-1	-1	-1	0	-1	-1		
1512	200033	2	-1	-1	-1	0	-1	-1		
1512	200033	3	-1	-1	-1	0	-1	-1		
1512	200093	4	-1	-1	-1	0	-1	-1		
1512	200093	5	-1	-1	-1	0	-1	-1		
1512	200093	6	-1	-1	-1	0	-1	-1		
1513	200033	1	-1	-1	-1	0	-1	-1		
1513	200073	2	-1	-1	-1	1	-1	-1		
1513	200033	3	-1	-1	-1	0	-1	-1		
1513	200093	4	-1	-1	-1	0	-1	-1		
1513	200093	6	-1	-1	-1	0	-1	-1		
1611	200033	1	-1	-1	-1	0	-1	-1		
1611	200013	2	-1	-1	-1	0	-1	-1		
1611	200033	3	-1	-1	-1	0	-1	-1		
1611	200093	5	-1	-1	-1	1	-1	-1		
1612	200033	1	-1	-1	-1	0	-1	-1		
1612	200033	2	-1	-1	-1	0	-1	-1		
1612	200033	3	-1	-1	2	0	-1	-1		
1612	200093	4	-1	-1	-1	0	-1	-1		
1612	200153	5	-1	-1	-1	0	-1	-1		
1612	200093	6	-1	-1	-1	0	-1	-1		
1711	200014	1	-1	-1	-1	0	-1	-1		
1711	200034	2	-1	-1	-1	0	-1	-1		
1711	200014	3	-1	-1	-1	0	-1	-1		
1711	200094	5	-1	-1	-1	0	-1	-1		
1712	200034	1	-1	-1	-1	0	-1	-1		
1712	200034	3	-1	-1	-1	0	-1	-1		
1712	200114	2	-1	-1	2	0	-1	-1		
1712	200094	4	-1	-1	-1	0	-1	-1		
1712	200094	5	-1	-1	-1	0	-1	-1		
1712	200094	6	-1	-1	-1	0	-1	-1		
1811	200034	1	-1	-1	-1	0	-1	-1		
1811	200014	2	-1	-1	-1	0	-1	-1		
1811	200034	3	-1	-1	-1	0	-1	-1		
1811	200094	5	-1	-1	-1	0	-1	-1		
1812	200114	2	-1	-1	-1	0	-1	-1		
1812	200034	1	-1	-1	-1	0	-1	-1		
1812	200034	3	-1	-1	2	0	-1	-1		
1812	200094	4	-1	-1	-1	0	-1	-1		
1812	200094	5	-1	-1	-1	0	-1	-1		
1812	200094	6	-1	-1	-1	0	-1	-1		
1911	200035	1	-1	-1	-1	0	-1	-1		
1911	200015	2	-1	-1	-1	0	-1	-1		
1911	200035	3	-1	-1	-1	0	-1	-1		
1911	200095	5	-1	-1	-1	0	-1	-1		
1912	200035	1	-1	-1	-1	0	-1	-1		
1912	200143	2	-1	-1	-1	0	-1	-1		
1912	200095	4	-1	-1	-1	0	-1	-1		
1912	200095	5	-1	-1	-1	0	-1	-1		
1912	200095	6	-1	-1	-1	0	-1	-1		
11011	200035	1	-1	-1	-1	0	-1	-1		
11011	200035	2	-1	-1	-1	0	-1	-1		
11011	200035	3	-1	-1	-1	0	-1	-1		
11012	200056	1	-1	-1	-1	0	-1	-1		
11012	200056	2	-1	-1	-1	0	-1	-1		
11012	200056	3	-1	-1	-1	0	-1	-1		
11012	200055	4	-1	-1	-1	0	-1	-1		
11012	200055	5	-1	-1	-1	0	-1	-1		
11012	200055	6	-1	-1	-1	0	-1	-1		
11013	200056	1	-1	-1	-1	0	-1	-1		
11013	200085	2	-1	-1	-1	1	-1	-1		
11013	200056	3	-1	-1	2	0	-1	-1		
11013	200035	4	-1	-1	-1	0	-1	-1		
11013	200035	6	-1	-1	-1	0	-1	-1		
11111	200096	1	-1	-1	-1	0	-1	-1		
11111	200096	2	-1	-1	-1	0	-1	-1		
11111	200096	3	-1	-1	-1	0	-1	-1		
11111	200096	4	-1	-1	-1	0	-1	-1		
11111	200096	6	-1	-1	-1	0	-1	-1		
11112	200096	1	-1	-1	-1	0	-1	-1		
11112	200116	2	-1	-1	-1	0	-1	-1		
11112	200096	3	-1	-1	-1	0	-1	-1		
11112	200056	4	-1	-1	-1	0	-1	-1		
11112	200126	5	-1	-1	-1	0	-1	-1		
11112	200056	6	-1	-1	2	0	-1	-1		
11211	200036	1	-1	-1	-1	0	-1	-1		
11211	200036	2	-1	-1	-1	0	-1	-1		
11211	200036	3	-1	-1	-1	0	-1	-1		
11211	200096	4	-1	-1	-1	0	-1	-1		
11212	200016	1	-1	-1	-1	0	-1	-1		
11212	200146	2	-1	-1	-1	0	-1	-1		
11212	200056	3	-1	-1	-1	0	-1	-1		
11212	200126	4	-1	-1	-1	0	-1	-1		
11311	200037	1	-1	-1	-1	0	-1	-1		
11311	200037	2	-1	-1	-1	0	-1	-1		
11311	200037	3	-1	-1	-1	0	-1	-1		
11311	200097	5	-1	-1	-1	0	-1	-1		
11312	200057	1	-1	-1	2	0	-1	-1		
11312	200117	2	-1	-1	-1	0	-1	-1		
11312	200057	3	-1	-1	-1	0	-1	-1		
11312	200157	8	-1	-1	-1	0	-1	-1		
11411	200037	1	-1	-1	-1	0	-1	-1		
11411	200037	2	-1	-1	-1	0	-1	-1		
11411	200037	3	-1	-1	-1	0	-1	-1		
11411	200097	4	-1	-1	-1	0	-1	-1		
11411	200097	6	-1	-1	-1	0	-1	-1		
11412	200057	1	-1	-1	-1	0	-1	-1		
11412	200027	2	-1	-1	-1	0	-1	-1		
11412	200157	3	-1	-1	2	0	-1	-1		
11412	200157	4	-1	-1	-1	0	-1	-1		
11412	200097	5	-1	-1	-1	0	-1	-1		
11412	200057	6	-1	-1	-1	0	-1	-1		
11511	200038	1	-1	-1	-1	0	-1	-1		
11511	200038	2	-1	-1	-1	0	-1	-1		
11511	200038	3	-1	-1	-1	0	-1	-1		
11511	200098	5	-1	-1	-1	0	-1	-1		
11512	200058	1	-1	-1	-1	0	-1	-1		
11512	200058	2	-1	-1	-1	0	-1	-1		
11512	200058	3	-1	-1	-1	0	-1	-1		
11512	200098	4	-1	-1	-1	0	-1	-1		
11512	200098	5	-1	-1	-1	0	-1	-1		
11512	200098	6	-1	-1	-1	0	-1	-1		
11513	200038	1	-1	-1	-1	0	-1	-1		
11513	200108	2	-1	-1	-1	1	-1	-1		
11513	200038	3	-1	-1	2	0	-1	-1		
11513	200098	4	-1	-1	-1	0	-1	-1		
11513	200098	6	-1	-1	-1	0	-1	-1		
2111	205018	1	-1	-1	-1	0	-1	-1		
2111	205018	2	-1	-1	-1	0	-1	-1		
2111	205018	3	-1	-1	-1	0	-1	-1		
2111	205018	4	-1	-1	-1	0	-1	-1		
2111	205128	5	-1	-1	-1	0	-1	-1		
2111	205018	6	-1	-1	-1	0	-1	-1		
2112	205018	1	-1	-1	-1	0	-1	-1		
2112	205128	2	-1	-1	-1	0	-1	-1		
2112	205018	3	-1	-1	-1	0	-1	-1		
2112	205068	4	-1	-1	-1	0	-1	-1		
2112	205068	5	-1	-1	-1	0	-1	-1		
2112	205068	6	-1	-1	2	0	-1	-1		
2211	205019	1	-1	-1	-1	0	-1	-1		
2211	205049	2	-1	-1	-1	0	-1	-1		
2211	205019	3	-1	-1	-1	0	-1	-1		
2211	205049	4	-1	-1	-1	0	-1	-1		
2211	205049	5	-1	-1	-1	0	-1	-1		
2211	205049	6	-1	-1	-1	0	-1	-1		
2212	205029	1	-1	-1	-1	0	-1	-1		
2212	205019	2	-1	-1	-1	0	-1	-1		
2212	205029	3	-1	-1	-1	0	-1	-1		
2212	205149	4	-1	-1	2	0	-1	-1		
2212	205049	5	-1	-1	-1	0	-1	-1		
2212	205069	6	-1	-1	2	0	-1	-1		
2311	205049	1	-1	-1	-1	0	-1	-1		
2311	205029	2	-1	-1	-1	0	-1	-1		
2311	205049	3	-1	-1	-1	0	-1	-1		
2312	205019	1	-1	-1	-1	0	-1	-1		
2312	205139	2	-1	-1	-1	0	-1	-1		
2312	205019	3	-1	-1	-1	0	-1	-1		
2312	205069	4	-1	-1	2	0	-1	-1		
2312	205069	5	-1	-1	-1	0	-1	-1		
2411	2050210	1	-1	-1	-1	0	-1	-1		
2411	2050210	2	-1	-1	-1	0	-1	-1		
2411	2050210	3	-1	-1	-1	0	-1	-1		
2412	2050210	1	-1	-1	-1	0	-1	-1		
2412	2051510	2	-1	-1	-1	0	-1	-1		
2412	2050210	3	-1	-1	-1	0	-1	-1		
2412	2050610	5	-1	-1	-1	0	-1	-1		
2412	2050610	6	-1	-1	2	0	-1	-1		
2511	2050210	2	-1	-1	-1	0	-1	-1		
2511	2050210	4	-1	-1	-1	0	-1	-1		
2511	2050210	6	-1	-1	-1	0	-1	-1		
2512	2050210	1	-1	-1	-1	0	-1	-1		
2512	2050210	2	-1	-1	-1	0	-1	-1		
2512	2050210	3	-1	-1	-1	0	-1	-1		
2512	2050610	4	-1	-1	-1	0	-1	-1		
2512	2050210	5	-1	-1	-1	0	-1	-1		
2512	2050610	6	-1	-1	-1	0	-1	-1		
2513	2050210	1	-1	-1	-1	0	-1	-1		
2513	2050710	2	-1	-1	-1	1	-1	-1		
2513	2050210	3	-1	-1	-1	0	-1	-1		
2513	2050610	4	-1	-1	2	0	-1	-1		
2513	2050610	5	-1	-1	-1	0	-1	-1		
2513	2050610	6	-1	-1	-1	0	-1	-1		
2611	2050511	2	-1	-1	-1	0	-1	-1		
2611	2050211	4	-1	-1	-1	0	-1	-1		
2611	2050211	6	-1	-1	-1	0	-1	-1		
2612	2050511	1	-1	-1	-1	0	-1	-1		
2612	2050511	3	-1	-1	2	0	-1	-1		
2612	2050611	4	-1	-1	-1	0	-1	-1		
2612	2051611	5	-1	-1	-1	0	-1	-1		
2612	2050611	6	-1	-1	-1	0	-1	-1		
2711	2050511	1	-1	-1	-1	0	-1	-1		
2711	2050511	3	-1	-1	-1	0	-1	-1		
2711	2050211	5	-1	-1	-1	0	-1	-1		
2712	2050511	2	-1	-1	2	0	-1	-1		
2712	2051211	3	-1	-1	-1	0	-1	-1		
2712	2050511	4	-1	-1	-1	0	-1	-1		
2712	2050611	5	-1	-1	-1	0	-1	-1		
2712	2050611	6	-1	-1	-1	0	-1	-1		
2811	2050212	1	-1	-1	-1	0	-1	-1		
2811	2050512	2	-1	-1	-1	0	-1	-1		
2811	2050212	3	-1	-1	-1	0	-1	-1		
2812	2050512	1	-1	-1	-1	0	-1	-1		
2812	2050512	2	-1	-1	-1	0	-1	-1		
2812	2050512	3	-1	-1	-1	0	-1	-1		
2812	2050612	5	-1	-1	-1	0	-1	-1		
2812	2051412	6	-1	-1	2	0	-1	-1		
2911	2050212	1	-1	-1	-1	0	-1	-1		
2911	2050212	3	-1	-1	-1	0	-1	-1		
2911	2050212	5	-1	-1	-1	0	-1	-1		
2912	2051312	1	-1	-1	-1	0	-1	-1		
2912	2050512	2	-1	-1	2	0	-1	-1		
2912	2050512	3	-1	-1	-1	0	-1	-1		
2912	2050512	4	-1	-1	-1	0	-1	-1		
2912	2050612	5	-1	-1	-1	0	-1	-1		
2912	2050512	6	-1	-1	-1	0	-1	-1		
21011	2050213	2	-1	-1	-1	0	-1	-1		
21011	2050213	4	-1	-1	-1	0	-1	-1		
21011	2050213	6	-1	-1	-1	0	-1	-1		
21012	2050213	1	-1	-1	-1	0	-1	-1		
21012	2050513	2	-1	-1	-1	0	-1	-1		
21012	2050213	3	-1	-1	-1	0	-1	-1		
21012	2050613	4	-1	-1	-1	0	-1	-1		
21012	2050613	6	-1	-1	-1	0	-1	-1		
21013	2050513	1	-1	-1	-1	0	-1	-1		
21013	2050813	2	-1	-1	-1	1	-1	-1		
21013	2050513	3	-1	-1	-1	0	-1	-1		
21013	2050213	4	-1	-1	-1	0	-1	-1		
21013	2050613	5	-1	-1	-1	0	-1	-1		
21013	2050213	6	-1	-1	2	0	-1	-1		
21111	2050213	1	-1	-1	-1	0	-1	-1		
21111	2050213	2	-1	-1	-1	0	-1	-1		
21111	2050213	3	-1	-1	-1	0	-1	-1		
21111	2050613	4	-1	-1	-1	0	-1	-1		
21112	2051513	1	-1	-1	-1	0	-1	-1		
21112	2050313	2	-1	-1	-1	0	-1	-1		
21112	2050313	3	-1	-1	-1	0	-1	-1		
21112	2050613	5	-1	-1	-1	0	-1	-1		
21112	2050613	6	-1	-1	2	0	-1	-1		
21211	2050214	1	-1	-1	-1	0	-1	-1		
21211	2050214	3	-1	-1	-1	0	-1	-1		
21211	2050214	5	-1	-1	-1	0	-1	-1		
21212	2051614	2	-1	-1	-1	0	-1	-1		
21212	2050314	4	-1	-1	2	0	-1	-1		
21212	2050614	5	-1	-1	-1	0	-1	-1		
21212	2050314	6	-1	-1	-1	0	-1	-1		
21212	2050614	7	-1	-1	-1	0	-1	-1		
21212	2050614	9	-1	-1	-1	0	-1	-1		
21311	2050214	1	-1	-1	-1	0	-1	-1		
21311	2050214	2	-1	-1	-1	0	-1	-1		
21311	2050214	3	-1	-1	-1	0	-1	-1		
21312	2051214	1	-1	-1	-1	0	-1	-1		
21312	2050314	2	-1	-1	-1	0	-1	-1		
21312	2051214	3	-1	-1	-1	0	-1	-1		
21312	2050614	4	-1	-1	-1	0	-1	-1		
21312	2050614	6	-1	-1	-1	0	-1	-1		
21411	2050215	2	-1	-1	-1	0	-1	-1		
21411	2050215	4	-1	-1	-1	0	-1	-1		
21411	2050215	6	-1	-1	-1	0	-1	-1		
21412	2051315	2	-1	-1	2	0	-1	-1		
21412	2050215	4	-1	-1	-1	0	-1	-1		
21412	2050215	6	-1	-1	-1	0	-1	-1		
21412	2051415	7	-1	-1	-1	0	-1	-1		
21412	2050615	9	-1	-1	-1	0	-1	-1		
21511	2050315	2	-1	-1	-1	0	-1	-1		
21511	2050215	4	-1	-1	-1	0	-1	-1		
21511	2050215	6	-1	-1	-1	0	-1	-1		
21512	2050215	1	-1	-1	-1	0	-1	-1		
21512	2050315	2	-1	-1	-1	0	-1	-1		
21512	2050215	3	-1	-1	-1	0	-1	-1		
21512	2050615	4	-1	-1	-1	0	-1	-1		
21512	2050615	6	-1	-1	-1	0	-1	-1		
21513	2050315	1	-1	-1	-1	0	-1	-1		
21513	2051115	2	-1	-1	-1	1	-1	-1		
21513	2050315	3	-1	-1	-1	0	-1	-1		
21513	2050615	4	-1	-1	-1	0	-1	-1		
21513	2050615	5	-1	-1	-1	0	-1	-1		
21513	2050615	6	-1	-1	2	0	-1	-1		
21611	2050216	1	-1	-1	-1	0	-1	-1		
21611	2050316	2	-1	-1	-1	0	-1	-1		
21611	2050216	3	-1	-1	-1	0	-1	-1		
21612	2050316	1	-1	-1	-1	0	-1	-1		
21612	2051016	2	-1	-1	-1	0	-1	-1		
21612	2050316	3	-1	-1	-1	0	-1	-1		
21612	2050616	5	-1	-1	-1	0	-1	-1		
21613	2051016	1	-1	-1	-1	0	-1	-1		
21613	2051611	2	-1	-1	-1	0	-1	-1		
21613	2051510	3	-1	-1	-1	0	-1	-1		
21613	2050512	4	-1	-1	2	0	-1	-1		
21613	2050512	5	-1	-1	-1	0	-1	-1		
21613	2050512	6	-1	-1	-1	0	-1	-1		
21711	2050216	1	-1	-1	-1	0	-1	-1		
21711	2050216	3	-1	-1	-1	0	-1	-1		
21711	2050316	5	-1	-1	-1	0	-1	-1		
21712	2051016	2	-1	-1	-1	0	-1	-1		
21712	2050316	4	-1	-1	-1	0	-1	-1		
21712	2050316	6	-1	-1	-1	0	-1	-1		
21712	2050616	7	-1	-1	-1	0	-1	-1		
21712	2050616	9	-1	-1	-1	0	-1	-1		
21713	2051516	1	-1	-1	-1	0	-1	-1		
21713	2051016	2	-1	-1	-1	0	-1	-1		
21713	2051016	3	-1	-1	2	0	-1	-1		
21713	2050516	4	-1	-1	-1	0	-1	-1		
21713	2051416	5	-1	-1	-1	0	-1	-1		
21713	2050516	6	-1	-1	-1	0	-1	-1		
21811	2050217	2	-1	-1	-1	0	-1	-1		
21811	2050217	4	-1	-1	-1	0	-1	-1		
21811	2050217	6	-1	-1	-1	0	-1	-1		
21812	2051017	2	-1	-1	-1	0	-1	-1		
21812	2050317	4	-1	-1	-1	0	-1	-1		
21812	2050317	6	-1	-1	-1	0	-1	-1		
21812	2050617	7	-1	-1	-1	0	-1	-1		
21812	2050617	9	-1	-1	-1	0	-1	-1		
21813	2051317	1	-1	-1	-1	0	-1	-1		
21813	2051217	2	-1	-1	-1	0	-1	-1		
21813	2050313	3	-1	-1	-1	0	-1	-1		
21813	2050617	5	-1	-1	2	0	-1	-1		
21813	2050617	6	-1	-1	-1	0	-1	-1		
21911	2050217	1	-1	-1	-1	0	-1	-1		
21911	2050217	2	-1	-1	-1	0	-1	-1		
21911	2050217	3	-1	-1	-1	0	-1	-1		
21911	2050617	5	-1	-1	-1	0	-1	-1		
21912	2050317	1	-1	-1	-1	0	-1	-1		
21912	2051017	2	-1	-1	-1	0	-1	-1		
21912	2050317	3	-1	-1	-1	0	-1	-1		
21912	2050617	4	-1	-1	-1	0	-1	-1		
21912	2050617	6	-1	-1	-1	0	-1	-1		
21913	2050317	1	-1	-1	-1	0	-1	-1		
21913	2051617	2	-1	-1	-1	0	-1	-1		
21913	2050317	3	-1	-1	2	0	-1	-1		
21913	2050617	4	-1	-1	-1	0	-1	-1		
21913	2051417	5	-1	-1	-1	0	-1	-1		
21913	2050617	6	-1	-1	-1	0	-1	-1		
22011	2050318	2	-1	-1	-1	0	-1	-1		
22011	2050218	4	-1	-1	-1	0	-1	-1		
22011	2050218	6	-1	-1	-1	0	-1	-1		
22012	2050218	1	-1	-1	-1	0	-1	-1		
22012	2050218	2	-1	-1	-1	0	-1	-1		
22012	2050218	3	-1	-1	-1	0	-1	-1		
22012	2050618	4	-1	-1	-1	0	-1	-1		
22012	2050618	6	-1	-1	-1	0	-1	-1		
22013	2051018	1	-1	-1	-1	0	-1	-1		
22013	2050918	2	-1	-1	-1	1	-1	-1		
22013	2051018	3	-1	-1	-1	0	-1	-1		
22013	2050318	4	-1	-1	2	0	-1	-1		
22013	2050618	5	-1	-1	-1	0	-1	-1		
22013	2050318	6	-1	-1	-1	0	-1	-1		
3111	2040118	1	-1	-1	-1	0	-1	-1		
3111	2040118	2	-1	-1	-1	0	-1	-1		
3111	2040118	3	-1	-1	-1	0	-1	-1		
3112	2040118	1	-1	-1	-1	0	-1	-1		
3112	2040118	2	-1	-1	-1	0	-1	-1		
3112	2040118	3	-1	-1	-1	0	-1	-1		
3112	2040618	4	-1	-1	-1	0	-1	-1		
3112	2040618	5	-1	-1	-1	0	-1	-1		
3112	2040618	6	-1	-1	-1	0	-1	-1		
3113	2040218	1	-1	-1	-1	0	-1	-1		
3113	2041218	2	-1	-1	-1	0	-1	-1		
3113	2040218	3	-1	-1	-1	0	-1	-1		
3113	2040618	4	-1	-1	-1	0	-1	-1		
3113	2040618	5	-1	-1	-1	0	-1	-1		
3113	2040618	6	-1	-1	-1	0	-1	-1		
3211	2040118	1	-1	-1	-1	0	-1	-1		
3211	2040118	2	-1	-1	-1	0	-1	-1		
3211	2040118	3	-1	-1	-1	0	-1	-1		
3212	2040218	1	-1	-1	-1	0	-1	-1		
3212	2040218	2	-1	-1	-1	0	-1	-1		
3212	2040218	3	-1	-1	-1	0	-1	-1		
3212	2040618	4	-1	-1	-1	0	-1	-1		
3212	2040618	5	-1	-1	-1	0	-1	-1		
3212	2040618	6	-1	-1	-1	0	-1	-1		
3213	2040118	1	-1	-1	-1	0	-1	-1		
3213	2041318	2	-1	-1	-1	0	-1	-1		
3213	2040118	3	-1	-1	-1	0	-1	-1		
3213	2040618	4	-1	-1	-1	0	-1	-1		
3213	2040618	5	-1	-1	-1	0	-1	-1		
3213	2040618	6	-1	-1	2	0	-1	-1		
3311	2040219	1	-1	-1	-1	0	-1	-1		
3311	2040219	2	-1	-1	-1	0	-1	-1		
3311	2040219	3	-1	-1	-1	0	-1	-1		
3312	2040319	1	-1	-1	-1	0	-1	-1		
3312	2040219	2	-1	-1	-1	0	-1	-1		
3312	2040319	3	-1	-1	-1	0	-1	-1		
3312	2040619	4	-1	-1	-1	0	-1	-1		
3312	2040619	5	-1	-1	-1	0	-1	-1		
3312	2040619	6	-1	-1	-1	0	-1	-1		
3313	2040319	1	-1	-1	-1	0	-1	-1		
3313	2041419	2	-1	-1	-1	0	-1	-1		
3313	2040319	3	-1	-1	2	0	-1	-1		
3313	2040619	4	-1	-1	-1	0	-1	-1		
3313	2040219	5	-1	-1	-1	0	-1	-1		
3313	2040619	6	-1	-1	-1	0	-1	-1		
3411	2040219	1	-1	-1	-1	0	-1	-1		
3411	2040219	2	-1	-1	-1	0	-1	-1		
3411	2040219	3	-1	-1	-1	0	-1	-1		
3412	2040219	1	-1	-1	-1	0	-1	-1		
3412	2040319	2	-1	-1	-1	0	-1	-1		
3412	2040319	3	-1	-1	-1	0	-1	-1		
3412	2040619	4	-1	-1	-1	0	-1	-1		
3412	2040619	5	-1	-1	-1	0	-1	-1		
3412	2040619	6	-1	-1	-1	0	-1	-1		
3413	2040219	1	-1	-1	-1	0	-1	-1		
3413	2041519	2	-1	-1	-1	0	-1	-1		
3413	2040319	3	-1	-1	2	0	-1	-1		
3413	2040219	4	-1	-1	-1	0	-1	-1		
3413	2040619	5	-1	-1	-1	0	-1	-1		
3413	2040619	6	-1	-1	-1	0	-1	-1		
3511	2040219	2	-1	-1	-1	0	-1	-1		
3511	2040219	4	-1	-1	-1	0	-1	-1		
3511	2040219	6	-1	-1	-1	0	-1	-1		
3512	2040219	1	-1	-1	-1	0	-1	-1		
3512	2040219	2	-1	-1	-1	0	-1	-1		
3512	2040219	3	-1	-1	-1	0	-1	-1		
3512	2040619	4	-1	-1	-1	0	-1	-1		
3512	2040619	5	-1	-1	-1	0	-1	-1		
3512	2040619	6	-1	-1	-1	0	-1	-1		
3513	2040319	1	-1	-1	-1	0	-1	-1		
3513	2040319	3	-1	-1	-1	0	-1	-1		
3513	2040219	4	-1	-1	2	0	-1	-1		
3513	2041619	5	-1	-1	-1	1	-1	-1		
3513	2040219	6	-1	-1	-1	0	-1	-1		
3611	2040720	2	-1	-1	-1	0	-1	-1		
3611	2040220	4	-1	-1	-1	0	-1	-1		
3611	2040220	6	-1	-1	-1	0	-1	-1		
3612	2040520	1	-1	-1	-1	0	-1	-1		
3612	2040520	3	-1	-1	-1	0	-1	-1		
3612	2040620	4	-1	-1	-1	0	-1	-1		
3612	2040520	5	-1	-1	-1	0	-1	-1		
3612	2040620	6	-1	-1	-1	0	-1	-1		
3613	2040520	1	-1	-1	-1	0	-1	-1		
3613	2041220	2	-1	-1	-1	0	-1	-1		
3613	2040520	3	-1	-1	-1	0	-1	-1		
3613	2040620	4	-1	-1	-1	0	-1	-1		
3613	2040620	6	-1	-1	2	0	-1	-1		
3711	2040720	1	-1	-1	-1	0	-1	-1		
3711	2040720	3	-1	-1	-1	0	-1	-1		
3711	2040220	5	-1	-1	-1	0	-1	-1		
3712	2040520	2	-1	-1	-1	0	-1	-1		
3712	2040520	3	-1	-1	-1	0	-1	-1		
3712	2040720	4	-1	-1	-1	0	-1	-1		
3712	2040620	5	-1	-1	-1	0	-1	-1		
3712	2040620	6	-1	-1	-1	0	-1	-1		
3713	2040520	1	-1	-1	-1	0	-1	-1		
3713	2041320	2	-1	-1	-1	0	-1	-1		
3713	2040520	3	-1	-1	-1	0	-1	-1		
3713	2040620	4	-1	-1	2	0	-1	-1		
3713	2040620	5	-1	-1	-1	0	-1	-1		
3713	2040620	6	-1	-1	-1	0	-1	-1		
3811	2040220	1	-1	-1	-1	0	-1	-1		
3811	2040220	2	-1	-1	-1	0	-1	-1		
3811	2040220	3	-1	-1	-1	0	-1	-1		
3812	2040220	1	-1	-1	-1	0	-1	-1		
3812	2040320	2	-1	-1	-1	0	-1	-1		
3812	2040220	3	-1	-1	-1	0	-1	-1		
3812	2040620	4	-1	-1	-1	0	-1	-1		
3812	2040620	6	-1	-1	-1	0	-1	-1		
3813	2040320	1	-1	-1	-1	0	-1	-1		
3813	2040320	2	-1	-1	-1	0	-1	-1		
3813	2041420	3	-1	-1	-1	0	-1	-1		
3813	2040620	4	-1	-1	-1	0	-1	-1		
3813	2040620	5	-1	-1	2	0	-1	-1		
3813	2040620	6	-1	-1	-1	0	-1	-1		
3911	2040221	2	-1	-1	-1	0	-1	-1		
3911	2040221	4	-1	-1	-1	0	-1	-1		
3911	2040221	6	-1	-1	-1	0	-1	-1		
3912	2040321	2	-1	-1	-1	0	-1	-1		
3912	2040221	4	-1	-1	-1	0	-1	-1		
3912	2040221	6	-1	-1	-1	0	-1	-1		
3912	2040621	7	-1	-1	-1	0	-1	-1		
3912	2040621	9	-1	-1	-1	0	-1	-1		
3913	2041521	1	-1	-1	-1	0	-1	-1		
3913	2040321	2	-1	-1	-1	0	-1	-1		
3913	2040321	3	-1	-1	-1	0	-1	-1		
3913	2040621	4	-1	-1	2	0	-1	-1		
3913	2040621	5	-1	-1	-1	0	-1	-1		
3913	2040621	6	-1	-1	-1	0	-1	-1		
31011	2040221	2	-1	-1	-1	0	-1	-1		
31011	2040221	4	-1	-1	-1	0	-1	-1		
31011	2040221	6	-1	-1	-1	0	-1	-1		
31012	2040321	1	-1	-1	-1	0	-1	-1		
31012	2040321	2	-1	-1	-1	0	-1	-1		
31012	2040321	3	-1	-1	-1	0	-1	-1		
31012	2040821	4	-1	-1	-1	0	-1	-1		
31012	2040821	6	-1	-1	-1	0	-1	-1		
31013	2040321	1	-1	-1	-1	0	-1	-1		
31013	2040321	2	-1	-1	-1	0	-1	-1		
31013	2040321	3	-1	-1	-1	0	-1	-1		
31013	2041721	4	-1	-1	2	1	-1	-1		
31013	2040821	5	-1	-1	-1	0	-1	-1		
31013	2040821	6	-1	-1	-1	0	-1	-1		
31111	2040221	1	-1	-1	-1	0	-1	-1		
31111	2040321	2	-1	-1	-1	0	-1	-1		
31111	2040221	3	-1	-1	-1	0	-1	-1		
31112	2040321	1	-1	-1	-1	0	-1	-1		
31112	2040321	2	-1	-1	-1	0	-1	-1		
31112	2040321	3	-1	-1	-1	0	-1	-1		
31112	2040821	5	-1	-1	-1	0	-1	-1		
31112	2040821	6	-1	-1	-1	0	-1	-1		
31113	2041221	1	-1	-1	-1	0	-1	-1		
31113	2040321	2	-1	-1	-1	0	-1	-1		
31113	2040321	3	-1	-1	-1	0	-1	-1		
31113	2040821	4	-1	-1	-1	0	-1	-1		
31113	2040821	5	-1	-1	2	0	-1	-1		
31113	2040821	6	-1	-1	-1	0	-1	-1		
31211	2040222	1	-1	-1	-1	0	-1	-1		
31211	2040222	3	-1	-1	-1	0	-1	-1		
31211	2040322	5	-1	-1	-1	0	-1	-1		
31212	2040322	2	-1	-1	-1	0	-1	-1		
31212	2040322	4	-1	-1	-1	0	-1	-1		
31212	2040822	5	-1	-1	-1	0	-1	-1		
31212	2040322	6	-1	-1	-1	0	-1	-1		
31212	2040822	7	-1	-1	-1	0	-1	-1		
31213	2040322	1	-1	-1	-1	0	-1	-1		
31213	2041322	2	-1	-1	-1	0	-1	-1		
31213	2040322	3	-1	-1	-1	0	-1	-1		
31213	2040822	4	-1	-1	-1	0	-1	-1		
31213	2040822	5	-1	-1	2	0	-1	-1		
31213	2040822	6	-1	-1	-1	0	-1	-1		
31311	2040222	1	-1	-1	-1	0	-1	-1		
31311	2040322	2	-1	-1	-1	0	-1	-1		
31311	2040222	3	-1	-1	-1	0	-1	-1		
31312	2040222	1	-1	-1	-1	0	-1	-1		
31312	2040322	2	-1	-1	-1	0	-1	-1		
31312	2040222	3	-1	-1	-1	0	-1	-1		
31312	2040822	4	-1	-1	-1	0	-1	-1		
31312	2040822	6	-1	-1	-1	0	-1	-1		
31313	2040322	1	-1	-1	-1	0	-1	-1		
31313	2040322	2	-1	-1	-1	0	-1	-1		
31313	2040322	3	-1	-1	-1	0	-1	-1		
31313	2040822	4	-1	-1	-1	0	-1	-1		
31313	2040822	5	-1	-1	-1	0	-1	-1		
31313	2040822	6	-1	-1	2	0	-1	-1		
31411	2040222	2	-1	-1	-1	0	-1	-1		
31411	2040322	4	-1	-1	-1	0	-1	-1		
31411	2040222	6	-1	-1	-1	0	-1	-1		
31412	2040322	2	-1	-1	-1	0	-1	-1		
31412	2040222	4	-1	-1	-1	0	-1	-1		
31412	2040222	6	-1	-1	-1	0	-1	-1		
31412	2040822	7	-1	-1	-1	0	-1	-1		
31412	2040822	9	-1	-1	-1	0	-1	-1		
31413	2040322	1	-1	-1	-1	0	-1	-1		
31413	2040322	2	-1	-1	-1	0	-1	-1		
31413	2041422	3	-1	-1	-1	0	-1	-1		
31413	2040822	4	-1	-1	2	0	-1	-1		
31413	2040822	5	-1	-1	-1	0	-1	-1		
31413	2040822	6	-1	-1	-1	0	-1	-1		
31511	2040323	2	-1	-1	-1	0	-1	-1		
31511	2040223	4	-1	-1	-1	0	-1	-1		
31511	2040223	6	-1	-1	-1	0	-1	-1		
31512	2040223	1	-1	-1	-1	0	-1	-1		
31512	2040223	2	-1	-1	-1	0	-1	-1		
31512	2040223	3	-1	-1	-1	0	-1	-1		
31512	2040823	4	-1	-1	-1	0	-1	-1		
31512	2040823	5	-1	-1	-1	0	-1	-1		
31512	2040823	6	-1	-1	-1	0	-1	-1		
31513	2040323	1	-1	-1	-1	0	-1	-1		
31513	2040923	2	-1	-1	-1	1	-1	-1		
31513	2040323	3	-1	-1	-1	0	-1	-1		
31513	2040323	4	-1	-1	-1	0	-1	-1		
31513	2040323	6	-1	-1	2	0	-1	-1		
31611	2040223	2	-1	-1	-1	0	-1	-1		
31611	2040223	4	-1	-1	-1	0	-1	-1		
31611	2040323	6	-1	-1	-1	0	-1	-1		
31612	2040723	2	-1	-1	-1	0	-1	-1		
31612	2040223	4	-1	-1	-1	0	-1	-1		
31612	2040223	6	-1	-1	-1	0	-1	-1		
31612	2040823	7	-1	-1	-1	0	-1	-1		
31612	2040823	9	-1	-1	-1	0	-1	-1		
31613	2041223	1	-1	-1	-1	0	-1	-1		
31613	2040723	2	-1	-1	-1	0	-1	-1		
31613	2041223	3	-1	-1	-1	0	-1	-1		
31613	2040823	4	-1	-1	-1	0	-1	-1		
31613	2040823	6	-1	-1	-1	0	-1	-1		
31711	2040223	1	-1	-1	-1	0	-1	-1		
31711	2040323	2	-1	-1	-1	0	-1	-1		
31711	2040223	3	-1	-1	-1	0	-1	-1		
31712	2040223	1	-1	-1	-1	0	-1	-1		
31712	2040723	2	-1	-1	-1	0	-1	-1		
31712	2040223	3	-1	-1	-1	0	-1	-1		
31712	2040823	4	-1	-1	-1	0	-1	-1		
31712	2040823	6	-1	-1	-1	0	-1	-1		
31713	2041323	1	-1	-1	2	0	-1	-1		
31713	2040723	2	-1	-1	-1	0	-1	-1		
31713	2041523	3	-1	-1	-1	0	-1	-1		
31713	2040823	4	-1	-1	-1	0	-1	-1		
31713	2040823	5	-1	-1	-1	0	-1	-1		
31713	2040823	6	-1	-1	-1	0	-1	-1		
31811	2040724	2	-1	-1	-1	0	-1	-1		
31811	2040224	4	-1	-1	-1	0	-1	-1		
31811	2040224	6	-1	-1	-1	0	-1	-1		
31812	2040524	1	-1	-1	-1	0	-1	-1		
31812	2040524	3	-1	-1	-1	0	-1	-1		
31812	2040824	4	-1	-1	-1	0	-1	-1		
31812	2040524	5	-1	-1	-1	0	-1	-1		
31812	2040824	6	-1	-1	-1	0	-1	-1		
31813	2040524	1	-1	-1	2	0	-1	-1		
31813	2041524	2	-1	-1	-1	0	-1	-1		
31813	2041424	3	-1	-1	-1	0	-1	-1		
31813	2040824	4	-1	-1	-1	0	-1	-1		
31813	2040824	5	-1	-1	-1	0	-1	-1		
31813	2040824	6	-1	-1	-1	0	-1	-1		
31911	2040724	1	-1	-1	-1	0	-1	-1		
31911	2040724	3	-1	-1	-1	0	-1	-1		
31911	2040224	5	-1	-1	-1	0	-1	-1		
31912	2040524	2	-1	-1	-1	0	-1	-1		
31912	2040524	3	-1	-1	-1	0	-1	-1		
31912	2040524	4	-1	-1	-1	0	-1	-1		
31912	2040824	5	-1	-1	-1	0	-1	-1		
31912	2040824	6	-1	-1	-1	0	-1	-1		
31912	2040824	7	-1	-1	-1	0	-1	-1		
31913	2040524	1	-1	-1	-1	0	-1	-1		
31913	2041224	2	-1	-1	-1	0	-1	-1		
31913	2041424	3	-1	-1	-1	0	-1	-1		
31913	2040824	4	-1	-1	2	0	-1	-1		
31913	2040824	5	-1	-1	-1	0	-1	-1		
31913	2040824	6	-1	-1	-1	0	-1	-1		
32011	2040324	2	-1	-1	-1	0	-1	-1		
32011	2040224	4	-1	-1	-1	0	-1	-1		
32011	2040224	6	-1	-1	-1	0	-1	-1		
32012	2040324	1	-1	-1	-1	0	-1	-1		
32012	2040324	2	-1	-1	-1	0	-1	-1		
32012	2040324	3	-1	-1	-1	0	-1	-1		
32012	2040824	4	-1	-1	-1	0	-1	-1		
32012	2040824	6	-1	-1	-1	0	-1	-1		
32013	2040524	1	-1	-1	-1	0	-1	-1		
32013	2040524	2	-1	-1	2	0	-1	-1		
32013	2040524	3	-1	-1	-1	0	-1	-1		
32013	2040824	4	-1	-1	-1	0	-1	-1		
32013	2041024	5	-1	-1	-1	1	-1	-1		
32013	2040824	6	-1	-1	-1	0	-1	-1		
32111	2040224	1	-1	-1	-1	0	-1	-1		
32111	2040324	2	-1	-1	-1	0	-1	-1		
32111	2040224	3	-1	-1	-1	0	-1	-1		
32112	2040324	1	-1	-1	-1	0	-1	-1		
32112	2040724	2	-1	-1	-1	0	-1	-1		
32112	2040324	3	-1	-1	-1	0	-1	-1		
32112	2040824	5	-1	-1	-1	0	-1	-1		
32113	2041224	1	-1	-1	-1	0	-1	-1		
32113	2040724	2	-1	-1	-1	0	-1	-1		
32113	2041624	3	-1	-1	-1	0	-1	-1		
32113	2040824	4	-1	-1	-1	0	-1	-1		
32113	2040824	5	-1	-1	2	0	-1	-1		
32113	2040824	6	-1	-1	-1	0	-1	-1		
32211	2040224	1	-1	-1	-1	0	-1	-1		
32211	2040224	3	-1	-1	-1	0	-1	-1		
32211	2040324	5	-1	-1	-1	0	-1	-1		
32212	2040724	2	-1	-1	-1	0	-1	-1		
32212	2040324	4	-1	-1	-1	0	-1	-1		
32212	2040324	6	-1	-1	-1	0	-1	-1		
32212	2040824	7	-1	-1	-1	0	-1	-1		
32212	2040824	9	-1	-1	-1	0	-1	-1		
32213	2040724	1	-1	-1	-1	0	-1	-1		
32213	2041324	2	-1	-1	-1	0	-1	-1		
32213	2040724	3	-1	-1	-1	0	-1	-1		
32213	2040824	4	-1	-1	-1	0	-1	-1		
32213	2040824	5	-1	-1	-1	0	-1	-1		
32213	2041724	6	-1	-1	-1	0	-1	-1		
32311	2040225	2	-1	-1	-1	0	-1	-1		
32311	2040325	4	-1	-1	-1	0	-1	-1		
32311	2040325	6	-1	-1	-1	0	-1	-1		
32312	2040725	2	-1	-1	-1	0	-1	-1		
32312	2040325	4	-1	-1	-1	0	-1	-1		
32312	2040325	6	-1	-1	-1	0	-1	-1		
32312	2040825	7	-1	-1	-1	0	-1	-1		
32312	2040825	9	-1	-1	-1	0	-1	-1		
32313	2040325	1	-1	-1	-1	0	-1	-1		
32313	2041625	2	-1	-1	2	0	-1	-1		
32313	2041525	3	-1	-1	-1	0	-1	-1		
32313	2040825	4	-1	-1	-1	0	-1	-1		
32313	2040825	5	-1	-1	-1	0	-1	-1		
32313	2040825	6	-1	-1	-1	0	-1	-1		
32411	2040225	1	-1	-1	-1	0	-1	-1		
32411	2040125	2	-1	-1	-1	0	-1	-1		
32411	2040225	3	-1	-1	-1	0	-1	-1		
32411	2040825	5	-1	-1	-1	0	-1	-1		
32412	2040325	1	-1	-1	-1	0	-1	-1		
32412	2040725	2	-1	-1	-1	0	-1	-1		
32412	2040325	3	-1	-1	-1	0	-1	-1		
32412	2040825	4	-1	-1	-1	0	-1	-1		
32412	2040825	6	-1	-1	-1	0	-1	-1		
32413	2041425	1	-1	-1	-1	0	-1	-1		
32413	2040725	2	-1	-1	-1	0	-1	-1		
32413	2040325	3	-1	-1	-1	0	-1	-1		
32413	2041725	4	-1	-1	2	0	-1	-1		
32413	2040825	5	-1	-1	-1	0	-1	-1		
32413	2040825	6	-1	-1	-1	0	-1	-1		
32511	2040325	2	-1	-1	-1	0	-1	-1		
32511	2040225	4	-1	-1	-1	0	-1	-1		
32511	2040225	6	-1	-1	-1	0	-1	-1		
32512	2040225	1	-1	-1	-1	0	-1	-1		
32512	2040225	2	-1	-1	-1	0	-1	-1		
32512	2040225	3	-1	-1	-1	0	-1	-1		
32512	2040825	4	-1	-1	-1	0	-1	-1		
32512	2040825	5	-1	-1	-1	0	-1	-1		
32512	2040825	6	-1	-1	-1	0	-1	-1		
32513	2040725	1	-1	-1	2	0	-1	-1		
32513	2040725	2	-1	-1	-1	0	-1	-1		
32513	2040725	3	-1	-1	-1	0	-1	-1		
32513	2040325	4	-1	-1	-1	0	-1	-1		
32513	2041125	5	-1	-1	-1	1	-1	-1		
32513	2040325	6	-1	-1	-1	0	-1	-1		
4111	2010125	1	-1	-1	-1	0	-1	-1		
4111	2010125	2	-1	-1	-1	0	-1	-1		
4111	2010125	3	-1	-1	-1	0	-1	-1		
4112	2010125	1	-1	-1	-1	0	-1	-1		
4112	2010125	2	-1	-1	-1	0	-1	-1		
4112	2010125	3	-1	-1	-1	0	-1	-1		
4112	2010625	4	-1	-1	-1	0	-1	-1		
4112	2010625	5	-1	-1	-1	0	-1	-1		
4112	2010625	6	-1	-1	-1	0	-1	-1		
4113	2010225	1	-1	-1	-1	0	-1	-1		
4113	2011125	2	-1	-1	-1	0	-1	-1		
4113	2010225	3	-1	-1	2	0	-1	-1		
4113	2010625	4	-1	-1	-1	0	-1	-1		
4113	2010625	5	-1	-1	-1	0	-1	-1		
4113	2010625	6	-1	-1	-1	0	-1	-1		
4211	2010125	1	-1	-1	-1	0	-1	-1		
4211	2010225	2	-1	-1	-1	0	-1	-1		
4211	2010125	3	-1	-1	-1	0	-1	-1		
4212	2010225	1	-1	-1	-1	0	-1	-1		
4212	2010125	2	-1	-1	-1	0	-1	-1		
4212	2010225	3	-1	-1	-1	0	-1	-1		
4212	2010625	4	-1	-1	-1	0	-1	-1		
4212	2010625	5	-1	-1	-1	0	-1	-1		
4212	2010625	6	-1	-1	-1	0	-1	-1		
4213	2010225	1	-1	-1	-1	0	-1	-1		
4213	2011325	2	-1	-1	2	0	-1	-1		
4213	2010225	3	-1	-1	-1	0	-1	-1		
4213	2010625	4	-1	-1	-1	0	-1	-1		
4213	2010625	5	-1	-1	-1	0	-1	-1		
4213	2010625	6	-1	-1	-1	0	-1	-1		
4311	2010225	1	-1	-1	-1	0	-1	-1		
4311	2010125	2	-1	-1	-1	0	-1	-1		
4311	2010225	3	-1	-1	-1	0	-1	-1		
4312	2010125	1	-1	-1	-1	0	-1	-1		
4312	2010225	2	-1	-1	-1	0	-1	-1		
4312	2010125	3	-1	-1	-1	0	-1	-1		
4312	2010625	4	-1	-1	-1	0	-1	-1		
4312	2010625	5	-1	-1	-1	0	-1	-1		
4312	2010625	6	-1	-1	-1	0	-1	-1		
4313	2010225	1	-1	-1	-1	0	-1	-1		
4313	2011225	2	-1	-1	-1	0	-1	-1		
4313	2010225	3	-1	-1	-1	0	-1	-1		
4313	2010625	4	-1	-1	-1	0	-1	-1		
4313	2010625	5	-1	-1	-1	0	-1	-1		
4313	2010625	6	-1	-1	-1	0	-1	-1		
4411	2010225	1	-1	-1	-1	0	-1	-1		
4411	2010225	2	-1	-1	-1	0	-1	-1		
4411	2010225	3	-1	-1	-1	0	-1	-1		
4412	2010225	1	-1	-1	-1	0	-1	-1		
4412	2010225	2	-1	-1	-1	0	-1	-1		
4412	2010225	3	-1	-1	-1	0	-1	-1		
4412	2010625	4	-1	-1	-1	0	-1	-1		
4412	2010625	5	-1	-1	-1	0	-1	-1		
4412	2010625	6	-1	-1	-1	0	-1	-1		
4413	2010225	1	-1	-1	-1	0	-1	-1		
4413	2010425	2	-1	-1	-1	0	-1	-1		
4413	2010225	3	-1	-1	2	0	-1	-1		
4413	2010225	4	-1	-1	-1	0	-1	-1		
4413	2011425	5	-1	-1	-1	0	-1	-1		
4413	2010225	6	-1	-1	-1	0	-1	-1		
4511	2010226	1	-1	-1	-1	0	-1	-1		
4511	2010226	2	-1	-1	-1	0	-1	-1		
4511	2010226	3	-1	-1	-1	0	-1	-1		
4512	2010226	1	-1	-1	-1	0	-1	-1		
4512	2010226	2	-1	-1	-1	0	-1	-1		
4512	2010226	3	-1	-1	-1	0	-1	-1		
4512	2010626	4	-1	-1	-1	0	-1	-1		
4512	2010626	5	-1	-1	-1	0	-1	-1		
4512	2010626	6	-1	-1	-1	0	-1	-1		
4513	2010326	1	-1	-1	-1	0	-1	-1		
4513	2010226	2	-1	-1	-1	0	-1	-1		
4513	2010326	3	-1	-1	-1	0	-1	-1		
4513	2010226	4	-1	-1	-1	0	-1	-1		
4513	2011527	5	-1	-1	-1	1	-1	-1		
4513	2010226	6	-1	-1	2	0	-1	-1		
4611	2010226	1	-1	-1	-1	0	-1	-1		
4611	2010226	2	-1	-1	-1	0	-1	-1		
4611	2010226	3	-1	-1	-1	0	-1	-1		
4612	2010326	1	-1	-1	-1	0	-1	-1		
4612	2010226	2	-1	-1	-1	0	-1	-1		
4612	2010326	3	-1	-1	-1	0	-1	-1		
4612	2010626	4	-1	-1	-1	0	-1	-1		
4612	2010226	5	-1	-1	-1	0	-1	-1		
4612	2010626	6	-1	-1	-1	0	-1	-1		
4613	2010326	1	-1	-1	-1	0	-1	-1		
4613	2011126	2	-1	-1	-1	0	-1	-1		
4613	2010326	3	-1	-1	2	0	-1	-1		
4613	2010226	4	-1	-1	-1	0	-1	-1		
4613	2010226	5	-1	-1	-1	0	-1	-1		
4613	2010226	6	-1	-1	-1	0	-1	-1		
4711	2010226	1	-1	-1	-1	0	-1	-1		
4711	2010226	2	-1	-1	-1	0	-1	-1		
4711	2010226	3	-1	-1	-1	0	-1	-1		
4712	2010226	1	-1	-1	-1	0	-1	-1		
4712	2010326	2	-1	-1	-1	0	-1	-1		
4712	2010326	3	-1	-1	-1	0	-1	-1		
4712	2010226	4	-1	-1	-1	0	-1	-1		
4712	2010626	5	-1	-1	-1	0	-1	-1		
4712	2010626	6	-1	-1	-1	0	-1	-1		
4713	2010226	1	-1	-1	-1	0	-1	-1		
4713	2010226	2	-1	-1	-1	0	-1	-1		
4713	2011326	3	-1	-1	-1	0	-1	-1		
4713	2010226	4	-1	-1	2	0	-1	-1		
4713	2010626	5	-1	-1	-1	0	-1	-1		
4713	2010626	6	-1	-1	-1	0	-1	-1		
4811	2010226	1	-1	-1	-1	0	-1	-1		
4811	2010226	2	-1	-1	-1	0	-1	-1		
4811	2010226	3	-1	-1	-1	0	-1	-1		
4812	2010226	1	-1	-1	-1	0	-1	-1		
4812	2010226	2	-1	-1	-1	0	-1	-1		
4812	2010226	3	-1	-1	-1	0	-1	-1		
4812	2010626	4	-1	-1	-1	0	-1	-1		
4812	2010626	5	-1	-1	-1	0	-1	-1		
4812	2010626	6	-1	-1	-1	0	-1	-1		
4813	2011226	1	-1	-1	-1	0	-1	-1		
4813	2010426	2	-1	-1	2	0	-1	-1		
4813	2010426	3	-1	-1	-1	0	-1	-1		
4813	2010226	4	-1	-1	-1	0	-1	-1		
4813	2010826	5	-1	-1	-1	0	-1	-1		
4813	2010226	6	-1	-1	-1	0	-1	-1		
4911	2010227	1	-1	-1	-1	0	-1	-1		
4911	2010227	2	-1	-1	-1	0	-1	-1		
4911	2010227	3	-1	-1	-1	0	-1	-1		
4912	2010227	1	-1	-1	-1	0	-1	-1		
4912	2010327	2	-1	-1	-1	0	-1	-1		
4912	2010327	3	-1	-1	-1	0	-1	-1		
4912	2010627	4	-1	-1	-1	0	-1	-1		
4912	2010227	5	-1	-1	-1	0	-1	-1		
4912	2010227	6	-1	-1	-1	0	-1	-1		
4913	2010227	1	-1	-1	-1	0	-1	-1		
4913	2010227	2	-1	-1	-1	0	-1	-1		
4913	2010227	3	-1	-1	-1	0	-1	-1		
4913	2011427	4	-1	-1	-1	0	-1	-1		
4913	2010627	5	-1	-1	2	0	-1	-1		
4913	2010627	6	-1	-1	-1	0	-1	-1		
41011	2010227	1	-1	-1	-1	0	-1	-1		
41011	2010227	2	-1	-1	-1	0	-1	-1		
41011	2010227	3	-1	-1	-1	0	-1	-1		
41012	2010227	1	-1	-1	-1	0	-1	-1		
41012	2010227	2	-1	-1	-1	0	-1	-1		
41012	2010227	3	-1	-1	-1	0	-1	-1		
41012	2010627	4	-1	-1	-1	0	-1	-1		
41012	2010627	5	-1	-1	-1	0	-1	-1		
41012	2010627	6	-1	-1	-1	0	-1	-1		
41013	2010227	1	-1	-1	2	0	-1	-1		
41013	2011626	2	-1	-1	-1	1	-1	-1		
41013	2010227	3	-1	-1	-1	0	-1	-1		
41013	2010627	4	-1	-1	-1	0	-1	-1		
41013	2010627	5	-1	-1	-1	0	-1	-1		
41013	2010627	6	-1	-1	-1	0	-1	-1		
41111	2010227	1	-1	-1	-1	0	-1	-1		
41111	2010427	2	-1	-1	-1	0	-1	-1		
41111	2010227	3	-1	-1	-1	0	-1	-1		
41112	2010427	1	-1	-1	-1	0	-1	-1		
41112	2010227	2	-1	-1	-1	0	-1	-1		
41112	2010427	3	-1	-1	-1	0	-1	-1		
41112	2010627	4	-1	-1	-1	0	-1	-1		
41112	2010627	5	-1	-1	-1	0	-1	-1		
41112	2010627	6	-1	-1	-1	0	-1	-1		
41113	2011127	1	-1	-1	-1	0	-1	-1		
41113	2010427	2	-1	-1	-1	0	-1	-1		
41113	2010227	3	-1	-1	2	0	-1	-1		
41113	2010627	4	-1	-1	-1	0	-1	-1		
41113	2010627	5	-1	-1	-1	0	-1	-1		
41113	2010627	6	-1	-1	-1	0	-1	-1		
41211	2010227	1	-1	-1	-1	0	-1	-1		
41211	2010427	2	-1	-1	-1	0	-1	-1		
41211	2010227	3	-1	-1	-1	0	-1	-1		
41212	2010427	1	-1	-1	-1	0	-1	-1		
41212	2010427	2	-1	-1	-1	0	-1	-1		
41212	2010427	3	-1	-1	-1	0	-1	-1		
41212	2010627	4	-1	-1	-1	0	-1	-1		
41212	2010627	5	-1	-1	-1	0	-1	-1		
41212	2010627	6	-1	-1	-1	0	-1	-1		
41213	2010527	1	-1	-1	-1	0	-1	-1		
41213	2011327	2	-1	-1	-1	0	-1	-1		
41213	2010527	3	-1	-1	-1	0	-1	-1		
41213	2010627	4	-1	-1	-1	0	-1	-1		
41213	2010627	5	-1	-1	-1	0	-1	-1		
41213	2010627	6	-1	-1	-1	0	-1	-1		
41311	2010228	1	-1	-1	-1	0	-1	-1		
41311	2010228	2	-1	-1	-1	0	-1	-1		
41311	2010228	3	-1	-1	-1	0	-1	-1		
41312	2010328	1	-1	-1	-1	0	-1	-1		
41312	2010428	2	-1	-1	-1	0	-1	-1		
41312	2010328	3	-1	-1	-1	0	-1	-1		
41312	2010628	4	-1	-1	-1	0	-1	-1		
41312	2010228	5	-1	-1	-1	0	-1	-1		
41312	2010628	6	-1	-1	-1	0	-1	-1		
41313	2011228	1	-1	-1	-1	0	-1	-1		
41313	2010228	2	-1	-1	-1	0	-1	-1		
41313	2010328	3	-1	-1	-1	0	-1	-1		
41313	2010228	4	-1	-1	-1	0	-1	-1		
41313	2010228	5	-1	-1	2	0	-1	-1		
41313	2010428	6	-1	-1	-1	0	-1	-1		
41411	2010228	1	-1	-1	-1	0	-1	-1		
41411	2010228	2	-1	-1	-1	0	-1	-1		
41411	2010228	3	-1	-1	-1	0	-1	-1		
41412	2010428	1	-1	-1	-1	0	-1	-1		
41412	2010328	2	-1	-1	-1	0	-1	-1		
41412	2010328	3	-1	-1	-1	0	-1	-1		
41412	2010228	4	-1	-1	-1	0	-1	-1		
41412	2010628	5	-1	-1	-1	0	-1	-1		
41412	2010628	6	-1	-1	-1	0	-1	-1		
41413	2010228	1	-1	-1	-1	0	-1	-1		
41413	2010328	2	-1	-1	-1	0	-1	-1		
41413	2010328	3	-1	-1	-1	0	-1	-1		
41413	2010228	4	-1	-1	-1	0	-1	-1		
41413	2011428	5	-1	-1	-1	0	-1	-1		
41413	2010428	6	-1	-1	2	0	-1	-1		
41511	2010228	1	-1	-1	-1	0	-1	-1		
41511	2010228	2	-1	-1	-1	0	-1	-1		
41511	2010228	3	-1	-1	-1	0	-1	-1		
41512	2010428	1	-1	-1	-1	0	-1	-1		
41512	2010428	2	-1	-1	-1	0	-1	-1		
41512	2010428	3	-1	-1	-1	0	-1	-1		
41512	2010628	4	-1	-1	-1	0	-1	-1		
41512	2010628	5	-1	-1	-1	0	-1	-1		
41512	2010628	6	-1	-1	-1	0	-1	-1		
41513	2010528	1	-1	-1	-1	0	-1	-1		
41513	2010528	2	-1	-1	-1	0	-1	-1		
41513	2010528	3	-1	-1	-1	0	-1	-1		
41513	2010628	4	-1	-1	-1	0	-1	-1		
41513	2011732	5	-1	-1	-1	1	-1	-1		
41513	2010628	6	-1	-1	-1	0	-1	-1		
41611	2010228	1	-1	-1	-1	0	-1	-1		
41611	2010428	2	-1	-1	-1	0	-1	-1		
41611	2010228	3	-1	-1	-1	0	-1	-1		
41612	2010228	1	-1	-1	-1	0	-1	-1		
41612	2010528	2	-1	-1	-1	0	-1	-1		
41612	2010228	3	-1	-1	-1	0	-1	-1		
41612	2010628	4	-1	-1	-1	0	-1	-1		
41612	2010628	5	-1	-1	-1	0	-1	-1		
41612	2010628	6	-1	-1	-1	0	-1	-1		
41613	2011128	1	-1	-1	-1	0	-1	-1		
41613	2010528	2	-1	-1	-1	0	-1	-1		
41613	2011128	3	-1	-1	-1	0	-1	-1		
41613	2010628	4	-1	-1	-1	0	-1	-1		
41613	2010728	5	-1	-1	-1	0	-1	-1		
41613	2010628	6	-1	-1	-1	0	-1	-1		
41711	2010229	1	-1	-1	-1	0	-1	-1		
41711	2010229	2	-1	-1	-1	0	-1	-1		
41711	2010229	3	-1	-1	-1	0	-1	-1		
41712	2010529	1	-1	-1	-1	0	-1	-1		
41712	2010229	2	-1	-1	-1	0	-1	-1		
41712	2010529	3	-1	-1	-1	0	-1	-1		
41712	2010229	4	-1	-1	-1	0	-1	-1		
41712	2010629	5	-1	-1	-1	0	-1	-1		
41712	2010229	6	-1	-1	-1	0	-1	-1		
41713	2010529	1	-1	-1	-1	0	-1	-1		
41713	2011329	2	-1	-1	-1	0	-1	-1		
41713	2011229	3	-1	-1	-1	0	-1	-1		
41713	2010629	4	-1	-1	-1	0	-1	-1		
41713	2010629	5	-1	-1	-1	0	-1	-1		
41713	2010629	6	-1	-1	-1	0	-1	-1		
41811	2010229	1	-1	-1	-1	0	-1	-1		
41811	2010429	2	-1	-1	-1	0	-1	-1		
41811	2010229	3	-1	-1	-1	0	-1	-1		
41812	2010429	1	-1	-1	-1	0	-1	-1		
41812	2010529	2	-1	-1	-1	0	-1	-1		
41812	2010429	3	-1	-1	-1	0	-1	-1		
41812	2010629	4	-1	-1	-1	0	-1	-1		
41812	2010629	5	-1	-1	-1	0	-1	-1		
41812	2010629	6	-1	-1	-1	0	-1	-1		
41813	2010529	1	-1	-1	-1	0	-1	-1		
41813	2010429	2	-1	-1	-1	0	-1	-1		
41813	2011129	3	-1	-1	-1	0	-1	-1		
41813	2010629	4	-1	-1	-1	0	-1	-1		
41813	2010629	5	-1	-1	-1	0	-1	-1		
41813	2011429	6	-1	-1	-1	0	-1	-1		
41911	2010229	1	-1	-1	-1	0	-1	-1		
41911	2010429	2	-1	-1	-1	0	-1	-1		
41911	2010229	3	-1	-1	-1	0	-1	-1		
41912	2010229	1	-1	-1	-1	0	-1	-1		
41912	2010529	2	-1	-1	-1	0	-1	-1		
41912	2010229	3	-1	-1	-1	0	-1	-1		
41912	2010629	4	-1	-1	-1	0	-1	-1		
41912	2010629	5	-1	-1	-1	0	-1	-1		
41912	2010629	6	-1	-1	-1	0	-1	-1		
41913	2011229	1	-1	-1	-1	0	-1	-1		
41913	2010529	2	-1	-1	-1	0	-1	-1		
41913	2010429	3	-1	-1	-1	0	-1	-1		
41913	2011429	4	-1	-1	-1	0	-1	-1		
41913	2010629	5	-1	-1	-1	0	-1	-1		
41913	2010629	6	-1	-1	-1	0	-1	-1		
42011	2010229	1	-1	-1	-1	0	-1	-1		
42011	2010429	2	-1	-1	-1	0	-1	-1		
42011	2010229	3	-1	-1	-1	0	-1	-1		
42012	2010429	1	-1	-1	-1	0	-1	-1		
42012	2010229	2	-1	-1	-1	0	-1	-1		
42012	2010429	3	-1	-1	-1	0	-1	-1		
42012	2010729	4	-1	-1	-1	0	-1	-1		
42012	2010629	5	-1	-1	-1	0	-1	-1		
42012	2010729	6	-1	-1	-1	0	-1	-1		
42013	2010529	1	-1	-1	-1	0	-1	-1		
42013	2011729	2	-1	-1	-1	1	-1	-1		
42013	2010529	3	-1	-1	-1	0	-1	-1		
42013	2010629	4	-1	-1	-1	0	-1	-1		
42013	2011831	5	-1	-1	-1	0	-1	-1		
42013	2010629	6	-1	-1	2	0	-1	-1		
42111	2010230	1	-1	-1	-1	0	-1	-1		
42111	2010230	2	-1	-1	-1	0	-1	-1		
42111	2010230	3	-1	-1	-1	0	-1	-1		
42112	2010330	1	-1	-1	-1	0	-1	-1		
42112	2010430	2	-1	-1	-1	0	-1	-1		
42112	2010330	3	-1	-1	-1	0	-1	-1		
42112	2010630	4	-1	-1	-1	0	-1	-1		
42112	2010230	5	-1	-1	-1	0	-1	-1		
42112	2010630	6	-1	-1	-1	0	-1	-1		
42113	2010330	1	-1	-1	-1	0	-1	-1		
42113	2011130	2	-1	-1	-1	0	-1	-1		
42113	2010330	3	-1	-1	-1	0	-1	-1		
42113	2010430	4	-1	-1	-1	0	-1	-1		
42113	2011630	5	-1	-1	2	0	-1	-1		
42113	2010430	6	-1	-1	-1	0	-1	-1		
42211	2010230	1	-1	-1	-1	0	-1	-1		
42211	2010230	2	-1	-1	-1	0	-1	-1		
42211	2010230	3	-1	-1	-1	0	-1	-1		
42212	2010330	1	-1	-1	-1	0	-1	-1		
42212	2010330	2	-1	-1	-1	0	-1	-1		
42212	2010430	3	-1	-1	-1	0	-1	-1		
42212	2010630	4	-1	-1	-1	0	-1	-1		
42212	2010630	5	-1	-1	-1	0	-1	-1		
42212	2010230	6	-1	-1	-1	0	-1	-1		
42213	2010330	1	-1	-1	-1	0	-1	-1		
42213	2010330	2	-1	-1	-1	0	-1	-1		
42213	2010230	3	-1	-1	-1	0	-1	-1		
42213	2010430	4	-1	-1	2	0	-1	-1		
42213	2011330	5	-1	-1	-1	0	-1	-1		
42213	2011430	6	-1	-1	-1	0	-1	-1		
42311	2010230	1	-1	-1	-1	0	-1	-1		
42311	2010430	2	-1	-1	-1	0	-1	-1		
42311	2010230	3	-1	-1	-1	0	-1	-1		
42312	2010430	1	-1	-1	-1	0	-1	-1		
42312	2010530	2	-1	-1	-1	0	-1	-1		
42312	2010430	3	-1	-1	-1	0	-1	-1		
42312	2010630	4	-1	-1	-1	0	-1	-1		
42312	2010730	5	-1	-1	-1	0	-1	-1		
42312	2010630	6	-1	-1	-1	0	-1	-1		
42313	2011130	2	-1	-1	-1	0	-1	-1		
42313	2010530	3	-1	-1	-1	0	-1	-1		
42313	2011530	4	-1	-1	-1	0	-1	-1		
42313	2010630	5	-1	-1	-1	0	-1	-1		
42313	2010630	6	-1	-1	-1	0	-1	-1		
42411	2010231	1	-1	-1	-1	0	-1	-1		
42411	2010431	2	-1	-1	-1	0	-1	-1		
42411	2010231	3	-1	-1	-1	0	-1	-1		
42412	2010431	1	-1	-1	-1	0	-1	-1		
42412	2010531	2	-1	-1	-1	0	-1	-1		
42412	2010431	3	-1	-1	-1	0	-1	-1		
42412	2010731	4	-1	-1	-1	0	-1	-1		
42412	2010631	5	-1	-1	-1	0	-1	-1		
42412	2010731	6	-1	-1	-1	0	-1	-1		
42413	2010331	1	-1	-1	-1	0	-1	-1		
42413	2010331	2	-1	-1	-1	0	-1	-1		
42413	2011631	4	-1	-1	-1	0	-1	-1		
42413	2010731	5	-1	-1	-1	0	-1	-1		
42413	2011531	6	-1	-1	-1	0	-1	-1		
42413	2010331	9	-1	-1	2	0	-1	-1		
42511	2010231	1	-1	-1	-1	0	-1	-1		
42511	2010431	2	-1	-1	-1	0	-1	-1		
42511	2010231	3	-1	-1	-1	0	-1	-1		
42512	2010431	1	-1	-1	-1	0	-1	-1		
42512	2010431	2	-1	-1	-1	0	-1	-1		
42512	2010431	3	-1	-1	-1	0	-1	-1		
42512	2010731	4	-1	-1	-1	0	-1	-1		
42512	2010631	5	-1	-1	-1	0	-1	-1		
42512	2010731	6	-1	-1	-1	0	-1	-1		
42513	2010531	1	-1	-1	-1	0	-1	-1		
42513	2010531	2	-1	-1	-1	0	-1	-1		
42513	2010531	3	-1	-1	-1	0	-1	-1		
42513	2011631	4	-1	-1	2	0	-1	-1		
42513	2011831	5	-1	-1	-1	1	-1	-1		
42513	2010631	6	-1	-1	-1	0	-1	-1		
42611	2010231	1	-1	-1	-1	0	-1	-1		
42611	2010231	2	-1	-1	-1	0	-1	-1		
42611	2010231	3	-1	-1	-1	0	-1	-1		
42612	2010431	1	-1	-1	-1	0	-1	-1		
42612	2010531	2	-1	-1	-1	0	-1	-1		
42612	2010531	3	-1	-1	-1	0	-1	-1		
42612	2010631	4	-1	-1	-1	0	-1	-1		
42612	2010431	5	-1	-1	-1	0	-1	-1		
42612	2010431	6	-1	-1	-1	0	-1	-1		
42613	2010431	1	-1	-1	-1	0	-1	-1		
42613	2011131	2	-1	-1	-1	1	-1	-1		
42613	2010231	3	-1	-1	-1	0	-1	-1		
42613	2011631	5	-1	-1	-1	1	-1	-1		
42613	2010531	6	-1	-1	-1	0	-1	-1		
42711	2010231	1	-1	-1	-1	0	-1	-1		
42711	2010231	2	-1	-1	-1	0	-1	-1		
42711	2010231	3	-1	-1	-1	0	-1	-1		
42712	2010531	1	-1	-1	-1	0	-1	-1		
42712	2010431	2	-1	-1	-1	0	-1	-1		
42712	2010531	3	-1	-1	-1	0	-1	-1		
42712	2010431	4	-1	-1	-1	0	-1	-1		
42712	2010631	5	-1	-1	-1	0	-1	-1		
42712	2010431	6	-1	-1	-1	0	-1	-1		
42713	2010231	1	-1	-1	-1	0	-1	-1		
42713	2011331	2	-1	-1	-1	1	-1	-1		
42713	2010231	3	-1	-1	-1	0	-1	-1		
42713	2010531	4	-1	-1	-1	0	-1	-1		
42713	2011431	5	-1	-1	-1	1	-1	-1		
42713	2010531	6	-1	-1	-1	0	-1	-1		
42811	2010232	1	-1	-1	-1	0	-1	-1		
42811	2010432	2	-1	-1	-1	0	-1	-1		
42811	2010232	3	-1	-1	-1	0	-1	-1		
42812	2010432	1	-1	-1	-1	0	-1	-1		
42812	2010532	2	-1	-1	-1	0	-1	-1		
42812	2010432	3	-1	-1	-1	0	-1	-1		
42812	2010732	4	-1	-1	-1	0	-1	-1		
42812	2010732	5	-1	-1	-1	0	-1	-1		
42812	2010732	6	-1	-1	-1	0	-1	-1		
42813	2011132	1	-1	-1	-1	1	-1	-1		
42813	2010532	3	-1	-1	-1	0	-1	-1		
42813	2010632	4	-1	-1	-1	0	-1	-1		
42813	2011532	5	-1	-1	-1	1	-1	-1		
42813	2010632	6	-1	-1	-1	0	-1	-1		
42911	2010232	1	-1	-1	-1	0	-1	-1		
42911	2010432	2	-1	-1	-1	0	-1	-1		
42911	2010232	3	-1	-1	-1	0	-1	-1		
42912	2010232	1	-1	-1	-1	0	-1	-1		
42912	2010532	2	-1	-1	-1	0	-1	-1		
42912	2010232	3	-1	-1	-1	0	-1	-1		
42912	2010732	4	-1	-1	-1	0	-1	-1		
42912	2010732	5	-1	-1	-1	0	-1	-1		
42912	2010732	6	-1	-1	-1	0	-1	-1		
42913	2010432	1	-1	-1	-1	0	-1	-1		
42913	2010432	3	-1	-1	-1	0	-1	-1		
42913	2011632	4	-1	-1	-1	1	-1	-1		
42913	2011532	5	-1	-1	-1	1	-1	-1		
42913	2010632	6	-1	-1	-1	0	-1	-1		
43011	2010232	1	-1	-1	-1	0	-1	-1		
43011	2010432	2	-1	-1	-1	0	-1	-1		
43011	2010232	3	-1	-1	-1	0	-1	-1		
43012	2010432	1	-1	-1	-1	0	-1	-1		
43012	2010532	2	-1	-1	-1	0	-1	-1		
43012	2010432	3	-1	-1	-1	0	-1	-1		
43012	2010732	4	-1	-1	-1	0	-1	-1		
43012	2010632	5	-1	-1	-1	0	-1	-1		
43012	2010732	6	-1	-1	-1	0	-1	-1		
43013	2010332	1	-1	-1	-1	0	-1	-1		
43013	2011732	2	-1	-1	-1	1	-1	-1		
43013	2010332	3	-1	-1	-1	0	-1	-1		
43013	2010732	4	-1	-1	-1	0	-1	-1		
43013	2011734	5	-1	-1	-1	0	-1	-1		
43013	2010732	6	-1	-1	-1	0	-1	-1		
5111	2020132	1	-1	-1	-1	0	-1	-1		
5111	2020132	2	-1	-1	-1	0	-1	-1		
5111	2020132	3	-1	-1	-1	0	-1	-1		
5112	2020132	1	-1	-1	-1	0	-1	-1		
5112	2020132	2	-1	-1	-1	0	-1	-1		
5112	2020132	3	-1	-1	-1	0	-1	-1		
5112	2020532	4	-1	-1	-1	0	-1	-1		
5112	2020532	5	-1	-1	-1	0	-1	-1		
5112	2020532	6	-1	-1	-1	0	-1	-1		
5113	2020332	1	-1	-1	-1	0	-1	-1		
5113	2021232	2	-1	-1	-1	0	-1	-1		
5113	2020332	3	-1	-1	-1	0	-1	-1		
5113	2020532	4	-1	-1	-1	0	-1	-1		
5113	2020532	5	-1	-1	-1	0	-1	-1		
5113	2020532	6	-1	-1	2	0	-1	-1		
5211	2020133	1	-1	-1	-1	0	-1	-1		
5211	2020133	2	-1	-1	-1	0	-1	-1		
5211	2020133	3	-1	-1	-1	0	-1	-1		
5212	2020333	1	-1	-1	-1	0	-1	-1		
5212	2020333	2	-1	-1	-1	0	-1	-1		
5212	2020333	3	-1	-1	-1	0	-1	-1		
5212	2020533	4	-1	-1	-1	0	-1	-1		
5212	2020533	5	-1	-1	-1	0	-1	-1		
5212	2020533	6	-1	-1	-1	0	-1	-1		
5213	2020133	1	-1	-1	2	0	-1	-1		
5213	2021333	2	-1	-1	-1	0	-1	-1		
5213	2020133	3	-1	-1	-1	0	-1	-1		
5213	2020533	4	-1	-1	-1	0	-1	-1		
5213	2020533	5	-1	-1	-1	0	-1	-1		
5213	2020533	6	-1	-1	-1	0	-1	-1		
5311	2020333	1	-1	-1	-1	0	-1	-1		
5311	2020333	2	-1	-1	-1	0	-1	-1		
5311	2020333	3	-1	-1	-1	0	-1	-1		
5312	2025533	1	-1	-1	-1	0	-1	-1		
5312	2020333	2	-1	-1	-1	0	-1	-1		
5312	2025533	3	-1	-1	-1	0	-1	-1		
5312	2020533	4	-1	-1	-1	0	-1	-1		
5312	2020533	5	-1	-1	-1	0	-1	-1		
5312	2020533	6	-1	-1	-1	0	-1	-1		
5313	2025533	1	-1	-1	2	0	-1	-1		
5313	2020333	2	-1	-1	-1	0	-1	-1		
5313	2021433	3	-1	-1	-1	0	-1	-1		
5313	2020533	4	-1	-1	-1	0	-1	-1		
5313	2020333	5	-1	-1	-1	0	-1	-1		
5313	2020533	6	-1	-1	-1	0	-1	-1		
5411	2020333	1	-1	-1	-1	0	-1	-1		
5411	2020333	2	-1	-1	-1	0	-1	-1		
5411	2020333	3	-1	-1	-1	0	-1	-1		
5412	2020333	1	-1	-1	-1	0	-1	-1		
5412	2025533	2	-1	-1	-1	0	-1	-1		
5412	2025533	3	-1	-1	-1	0	-1	-1		
5412	2020533	4	-1	-1	-1	0	-1	-1		
5412	2020533	5	-1	-1	-1	0	-1	-1		
5412	2020533	6	-1	-1	-1	0	-1	-1		
5413	2021233	1	-1	-1	2	0	-1	-1		
5413	2025533	2	-1	-1	-1	0	-1	-1		
5413	2025533	3	-1	-1	-1	0	-1	-1		
5413	2020333	4	-1	-1	-1	0	-1	-1		
5413	2020533	5	-1	-1	-1	0	-1	-1		
5413	2020533	6	-1	-1	-1	0	-1	-1		
5511	2020334	1	-1	-1	-1	0	-1	-1		
5511	2020334	2	-1	-1	-1	0	-1	-1		
5511	2020334	3	-1	-1	-1	0	-1	-1		
5512	2020334	1	-1	-1	-1	0	-1	-1		
5512	2020334	2	-1	-1	-1	0	-1	-1		
5512	2020334	3	-1	-1	-1	0	-1	-1		
5512	2020534	4	-1	-1	-1	0	-1	-1		
5512	2020534	5	-1	-1	-1	0	-1	-1		
5512	2020534	6	-1	-1	-1	0	-1	-1		
5513	2020334	1	-1	-1	-1	0	-1	-1		
5513	2020334	2	-1	-1	-1	0	-1	-1		
5513	2020334	3	-1	-1	-1	0	-1	-1		
5513	2020334	4	-1	-1	2	0	-1	-1		
5513	2021534	5	-1	-1	-1	1	-1	-1		
5513	2020334	6	-1	-1	-1	0	-1	-1		
5611	2020334	1	-1	-1	-1	0	-1	-1		
5611	2020334	2	-1	-1	-1	0	-1	-1		
5611	2020334	3	-1	-1	-1	0	-1	-1		
5612	2025534	1	-1	-1	-1	0	-1	-1		
5612	2020334	2	-1	-1	-1	0	-1	-1		
5612	2025534	3	-1	-1	-1	0	-1	-1		
5612	2020534	5	-1	-1	-1	0	-1	-1		
5613	2020334	1	-1	-1	-1	0	-1	-1		
5613	2020334	2	-1	-1	-1	0	-1	-1		
5613	2021334	3	-1	-1	-1	1	-1	-1		
5613	2020534	4	-1	-1	-1	0	-1	-1		
5613	2020534	5	-1	-1	-1	0	-1	-1		
5613	2020534	6	-1	-1	-1	0	-1	-1		
5711	2020334	1	-1	-1	-1	0	-1	-1		
5711	2020334	3	-1	-1	-1	0	-1	-1		
5711	2020334	5	-1	-1	-1	0	-1	-1		
5712	2020334	1	-1	-1	-1	0	-1	-1		
5712	2025534	2	-1	-1	-1	0	-1	-1		
5712	2025534	3	-1	-1	-1	0	-1	-1		
5712	2020534	4	-1	-1	-1	0	-1	-1		
5712	2020334	5	-1	-1	-1	0	-1	-1		
5712	2020334	6	-1	-1	-1	0	-1	-1		
5713	2021434	1	-1	-1	-1	1	-1	-1		
5713	2020334	2	-1	-1	-1	0	-1	-1		
5713	2020334	3	-1	-1	-1	0	-1	-1		
5713	2020534	4	-1	-1	-1	0	-1	-1		
5713	2020534	5	-1	-1	-1	0	-1	-1		
5713	2020534	6	-1	-1	-1	0	-1	-1		
5811	2020334	1	-1	-1	-1	0	-1	-1		
5811	2020334	2	-1	-1	-1	0	-1	-1		
5811	2020334	3	-1	-1	-1	0	-1	-1		
5812	2020334	1	-1	-1	-1	0	-1	-1		
5812	2025534	2	-1	-1	-1	0	-1	-1		
5812	2020334	3	-1	-1	-1	0	-1	-1		
5812	2020534	4	-1	-1	-1	0	-1	-1		
5812	2020534	6	-1	-1	-1	0	-1	-1		
5813	2020334	1	-1	-1	-1	0	-1	-1		
5813	2020334	2	-1	-1	-1	0	-1	-1		
5813	2020334	3	-1	-1	-1	0	-1	-1		
5813	2020534	4	-1	-1	-1	0	-1	-1		
5813	2020534	5	-1	-1	-1	0	-1	-1		
5813	2021534	6	-1	-1	-1	1	-1	-1		
5911	2020334	1	-1	-1	-1	0	-1	-1		
5911	2020334	2	-1	-1	-1	0	-1	-1		
5911	2020334	3	-1	-1	-1	0	-1	-1		
5912	2020334	1	-1	-1	-1	0	-1	-1		
5912	2025534	2	-1	-1	-1	0	-1	-1		
5912	2020334	3	-1	-1	-1	0	-1	-1		
5912	2020534	4	-1	-1	-1	0	-1	-1		
5912	2020534	6	-1	-1	-1	0	-1	-1		
5913	2025534	1	-1	-1	-1	0	-1	-1		
5913	2021234	2	-1	-1	-1	1	-1	-1		
5913	2025534	3	-1	-1	-1	0	-1	-1		
5913	2020534	4	-1	-1	-1	0	-1	-1		
5913	2021534	5	-1	-1	-1	1	-1	-1		
5913	2020534	6	-1	-1	-1	0	-1	-1		
51011	2020335	2	-1	-1	-1	0	-1	-1		
51011	2020335	4	-1	-1	-1	0	-1	-1		
51011	2020335	6	-1	-1	-1	0	-1	-1		
51012	2020335	1	-1	-1	-1	0	-1	-1		
51012	2020335	2	-1	-1	-1	0	-1	-1		
51012	2020335	3	-1	-1	-1	0	-1	-1		
51012	2020535	4	-1	-1	-1	0	-1	-1		
51012	2020535	5	-1	-1	-1	0	-1	-1		
51012	2020535	6	-1	-1	-1	0	-1	-1		
51013	2021735	1	-1	-1	-1	1	-1	-1		
51013	2020235	2	-1	-1	-1	0	-1	-1		
51013	2020235	3	-1	-1	-1	0	-1	-1		
51013	2020335	4	-1	-1	-1	0	-1	-1		
51013	2020535	5	-1	-1	-1	0	-1	-1		
51013	2020335	6	-1	-1	-1	0	-1	-1		
51111	2020735	2	-1	-1	-1	0	-1	-1		
51111	2020335	4	-1	-1	-1	0	-1	-1		
51111	2020335	6	-1	-1	-1	0	-1	-1		
51112	2025535	1	-1	-1	-1	0	-1	-1		
51112	2025535	3	-1	-1	-1	0	-1	-1		
51112	2020535	4	-1	-1	-1	0	-1	-1		
51112	2025535	5	-1	-1	-1	0	-1	-1		
51112	2020535	6	-1	-1	-1	0	-1	-1		
51113	2025535	1	-1	-1	-1	0	-1	-1		
51113	2021335	2	-1	-1	-1	1	-1	-1		
51113	2025535	3	-1	-1	-1	0	-1	-1		
51113	2020535	4	-1	-1	-1	0	-1	-1		
51113	2021535	6	-1	-1	-1	1	-1	-1		
51211	2020735	1	-1	-1	-1	0	-1	-1		
51211	2020735	3	-1	-1	-1	0	-1	-1		
51211	2020335	5	-1	-1	-1	0	-1	-1		
51212	2025535	2	-1	-1	-1	0	-1	-1		
51212	2025535	3	-1	-1	-1	0	-1	-1		
51212	2020735	4	-1	-1	-1	0	-1	-1		
51212	2020535	5	-1	-1	-1	0	-1	-1		
51212	2020535	6	-1	-1	-1	0	-1	-1		
51213	2021435	1	-1	-1	-1	1	-1	-1		
51213	2025535	2	-1	-1	-1	0	-1	-1		
51213	2025535	3	-1	-1	-1	0	-1	-1		
51213	2021535	4	-1	-1	-1	1	-1	-1		
51213	2020535	5	-1	-1	-1	0	-1	-1		
51213	2020535	6	-1	-1	-1	0	-1	-1		
51311	2020335	1	-1	-1	-1	0	-1	-1		
51311	2020335	2	-1	-1	-1	0	-1	-1		
51311	2020335	3	-1	-1	-1	0	-1	-1		
51312	2020335	1	-1	-1	-1	0	-1	-1		
51312	2020235	2	-1	-1	-1	0	-1	-1		
51312	2020335	3	-1	-1	-1	0	-1	-1		
51312	2020535	4	-1	-1	-1	0	-1	-1		
51312	2020535	6	-1	-1	-1	0	-1	-1		
51313	2021235	1	-1	-1	-1	1	-1	-1		
51313	2020235	2	-1	-1	-1	0	-1	-1		
51313	2021735	3	-1	-1	-1	1	-1	-1		
51313	2020535	4	-1	-1	-1	0	-1	-1		
51313	2020535	5	-1	-1	-1	0	-1	-1		
51313	2020535	6	-1	-1	-1	0	-1	-1		
51411	2020335	2	-1	-1	-1	0	-1	-1		
51411	2020335	4	-1	-1	-1	0	-1	-1		
51411	2020335	6	-1	-1	-1	0	-1	-1		
51412	2020235	2	-1	-1	-1	0	-1	-1		
51412	2020335	4	-1	-1	-1	0	-1	-1		
51412	2020335	6	-1	-1	-1	0	-1	-1		
51412	2020535	7	-1	-1	-1	0	-1	-1		
51412	2020535	9	-1	-1	-1	0	-1	-1		
51413	2020235	1	-1	-1	-1	0	-1	-1		
51413	2020235	2	-1	-1	-1	0	-1	-1		
51413	2021735	3	-1	-1	-1	1	-1	-1		
51413	2020535	4	-1	-1	-1	0	-1	-1		
51413	2021535	5	-1	-1	-1	1	-1	-1		
51413	2020535	6	-1	-1	-1	0	-1	-1		
51511	2020336	2	-1	-1	-1	0	-1	-1		
51511	2020336	4	-1	-1	-1	0	-1	-1		
51511	2020336	6	-1	-1	-1	0	-1	-1		
51512	2020236	1	-1	-1	-1	0	-1	-1		
51512	2020236	2	-1	-1	-1	0	-1	-1		
51512	2020236	3	-1	-1	-1	0	-1	-1		
51512	2020536	4	-1	-1	-1	0	-1	-1		
51512	2020536	6	-1	-1	-1	0	-1	-1		
51513	2020236	1	-1	-1	-1	0	-1	-1		
51513	2020236	2	-1	-1	-1	0	-1	-1		
51513	2020236	3	-1	-1	-1	0	-1	-1		
51513	2020536	4	-1	-1	-1	0	-1	-1		
51513	2021636	5	-1	-1	-1	1	-1	-1		
51513	2020536	6	-1	-1	-1	0	-1	-1		
51611	2020336	1	-1	-1	-1	0	-1	-1		
51611	2020236	2	-1	-1	-1	0	-1	-1		
51611	2020336	3	-1	-1	-1	0	-1	-1		
51612	2020236	1	-1	-1	-1	0	-1	-1		
51612	2020236	2	-1	-1	-1	0	-1	-1		
51612	2020236	3	-1	-1	-1	0	-1	-1		
51612	2020536	5	-1	-1	-1	0	-1	-1		
51612	2020536	6	-1	-1	-1	0	-1	-1		
51613	2021336	1	-1	-1	-1	1	-1	-1		
51613	2020236	2	-1	-1	-1	0	-1	-1		
51613	2020236	3	-1	-1	-1	0	-1	-1		
51613	2021536	4	-1	-1	-1	1	-1	-1		
51613	2020536	5	-1	-1	-1	0	-1	-1		
51613	2020536	6	-1	-1	-1	0	-1	-1		
51711	2020336	1	-1	-1	-1	0	-1	-1		
51711	2020336	3	-1	-1	-1	0	-1	-1		
51711	2020236	5	-1	-1	-1	0	-1	-1		
51712	2020236	2	-1	-1	-1	0	-1	-1		
51712	2020236	4	-1	-1	-1	0	-1	-1		
51712	2020536	5	-1	-1	-1	0	-1	-1		
51712	2020236	6	-1	-1	-1	0	-1	-1		
51712	2020536	7	-1	-1	-1	0	-1	-1		
51713	2020236	1	-1	-1	-1	0	-1	-1		
51713	2021736	2	-1	-1	-1	1	-1	-1		
51713	2020236	3	-1	-1	-1	0	-1	-1		
51713	2020536	4	-1	-1	-1	0	-1	-1		
51713	2020536	5	-1	-1	-1	0	-1	-1		
51713	2021536	6	-1	-1	-1	1	-1	-1		
51811	2020336	1	-1	-1	-1	0	-1	-1		
51811	2020236	2	-1	-1	-1	0	-1	-1		
51811	2020336	3	-1	-1	-1	0	-1	-1		
51812	2020336	1	-1	-1	-1	0	-1	-1		
51812	2020236	2	-1	-1	-1	0	-1	-1		
51812	2020336	3	-1	-1	-1	0	-1	-1		
51812	2020536	4	-1	-1	-1	0	-1	-1		
51812	2020536	6	-1	-1	-1	0	-1	-1		
51813	2020236	1	-1	-1	-1	0	-1	-1		
51813	2020236	2	-1	-1	-1	0	-1	-1		
51813	2020236	3	-1	-1	-1	0	-1	-1		
51813	2021536	4	-1	-1	-1	1	-1	-1		
51813	2021636	5	-1	-1	-1	1	-1	-1		
51813	2020536	6	-1	-1	-1	0	-1	-1		
51911	2020337	2	-1	-1	-1	0	-1	-1		
51911	2020237	4	-1	-1	-1	0	-1	-1		
51911	2020337	6	-1	-1	-1	0	-1	-1		
51912	2020237	2	-1	-1	-1	0	-1	-1		
51912	2020337	4	-1	-1	-1	0	-1	-1		
51912	2020337	6	-1	-1	-1	0	-1	-1		
51912	2020537	7	-1	-1	-1	0	-1	-1		
51912	2020537	9	-1	-1	-1	0	-1	-1		
51913	2020237	1	-1	-1	-1	0	-1	-1		
51913	2021737	2	-1	-1	-1	1	-1	-1		
51913	2020237	3	-1	-1	-1	0	-1	-1		
51913	2021637	4	-1	-1	-1	1	-1	-1		
51913	2020537	5	-1	-1	-1	0	-1	-1		
51913	2020537	6	-1	-1	-1	0	-1	-1		
52011	2020237	2	-1	-1	-1	0	-1	-1		
52011	2020337	4	-1	-1	-1	0	-1	-1		
52011	2020337	6	-1	-1	-1	0	-1	-1		
52012	2020337	1	-1	-1	-1	0	-1	-1		
52012	2020337	2	-1	-1	-1	0	-1	-1		
52012	2020337	3	-1	-1	-1	0	-1	-1		
52012	2020537	4	-1	-1	-1	0	-1	-1		
52012	2020537	5	-1	-1	-1	0	-1	-1		
52012	2020537	6	-1	-1	-1	0	-1	-1		
52013	2020237	1	-1	-1	-1	0	-1	-1		
52013	2020237	2	-1	-1	-1	0	-1	-1		
52013	2020237	3	-1	-1	-1	0	-1	-1		
52013	2020237	4	-1	-1	-1	0	-1	-1		
52013	2020237	5	-1	-1	-1	0	-1	-1		
52013	2020237	6	-1	-1	-1	0	-1	-1		
52111	2020337	2	-1	-1	-1	0	-1	-1		
52111	2020337	4	-1	-1	-1	0	-1	-1		
52111	2020237	6	-1	-1	-1	0	-1	-1		
52112	2020737	2	-1	-1	-1	0	-1	-1		
52112	2020337	4	-1	-1	-1	0	-1	-1		
52112	2020337	6	-1	-1	-1	0	-1	-1		
52112	2020537	7	-1	-1	-1	0	-1	-1		
52112	2020537	9	-1	-1	-1	0	-1	-1		
52113	2021337	1	-1	-1	2	0	-1	-1		
52113	2020737	2	-1	-1	-1	0	-1	-1		
52113	2020237	3	-1	-1	-1	0	-1	-1		
52113	2020537	4	-1	-1	-1	0	-1	-1		
52113	2021637	6	-1	-1	-1	0	-1	-1		
52211	2020338	1	-1	-1	-1	0	-1	-1		
52211	2020238	2	-1	-1	-1	0	-1	-1		
52211	2020338	3	-1	-1	-1	0	-1	-1		
52212	2020338	1	-1	-1	-1	0	-1	-1		
52212	2020738	2	-1	-1	-1	0	-1	-1		
52212	2020338	3	-1	-1	-1	0	-1	-1		
52212	2020538	4	-1	-1	-1	0	-1	-1		
52212	2020538	6	-1	-1	-1	0	-1	-1		
52213	2020238	1	-1	-1	-1	0	-1	-1		
52213	2021738	2	-1	-1	-1	0	-1	-1		
52213	2020238	3	-1	-1	-1	0	-1	-1		
52213	2020538	4	-1	-1	-1	0	-1	-1		
52213	2021538	5	-1	-1	-1	0	-1	-1		
52213	2020538	6	-1	-1	2	0	-1	-1		
52311	2020738	2	-1	-1	-1	0	-1	-1		
52311	2020338	4	-1	-1	-1	0	-1	-1		
52311	2020338	6	-1	-1	-1	0	-1	-1		
52312	2025538	1	-1	-1	-1	0	-1	-1		
52312	2025538	3	-1	-1	-1	0	-1	-1		
52312	2020538	4	-1	-1	-1	0	-1	-1		
52312	2025538	5	-1	-1	-1	0	-1	-1		
52312	2020538	6	-1	-1	-1	0	-1	-1		
52313	2025538	1	-1	-1	-1	0	-1	-1		
52313	2025538	2	-1	-1	-1	0	-1	-1		
52313	2021738	3	-1	-1	-1	0	-1	-1		
52313	2020538	4	-1	-1	-1	0	-1	-1		
52313	2020538	6	-1	-1	-1	0	-1	-1		
52411	2020738	1	-1	-1	-1	0	-1	-1		
52411	2020738	3	-1	-1	-1	0	-1	-1		
52411	2020338	5	-1	-1	-1	0	-1	-1		
52412	2025538	2	-1	-1	-1	0	-1	-1		
52412	2025538	3	-1	-1	-1	0	-1	-1		
52412	2025538	4	-1	-1	-1	0	-1	-1		
52412	2020538	5	-1	-1	-1	0	-1	-1		
52412	2020538	6	-1	-1	-1	0	-1	-1		
52412	2020538	7	-1	-1	-1	0	-1	-1		
52413	2025538	1	-1	-1	-1	0	-1	-1		
52413	2025538	2	-1	-1	-1	0	-1	-1		
52413	2025538	3	-1	-1	-1	0	-1	-1		
52413	2021638	4	-1	-1	-1	0	-1	-1		
52413	2020538	6	-1	-1	2	0	-1	-1		
52511	2020239	2	-1	-1	-1	0	-1	-1		
52511	2020339	4	-1	-1	-1	0	-1	-1		
52511	2020339	6	-1	-1	-1	0	-1	-1		
52512	2020239	1	-1	-1	-1	0	-1	-1		
52512	2020239	2	-1	-1	-1	0	-1	-1		
52512	2020239	3	-1	-1	-1	0	-1	-1		
52512	2020539	4	-1	-1	-1	0	-1	-1		
52512	2020539	6	-1	-1	-1	0	-1	-1		
52513	2025539	1	-1	-1	2	0	-1	-1		
52513	2021839	2	-1	-1	-1	1	-1	-1		
52513	2025539	3	-1	-1	-1	0	-1	-1		
52513	2020539	4	-1	-1	-1	0	-1	-1		
52513	2020539	5	-1	-1	-1	0	-1	-1		
52513	2020539	6	-1	-1	-1	0	-1	-1		
52611	2020339	1	-1	-1	-1	0	-1	-1		
52611	2020239	2	-1	-1	-1	0	-1	-1		
52611	2020339	3	-1	-1	-1	0	-1	-1		
52612	2020239	1	-1	-1	-1	0	-1	-1		
52612	2020739	2	-1	-1	-1	0	-1	-1		
52612	2020239	3	-1	-1	-1	0	-1	-1		
52612	2020539	5	-1	-1	-1	0	-1	-1		
52613	2020739	1	-1	-1	-1	0	-1	-1		
52613	2021739	2	-1	-1	-1	0	-1	-1		
52613	2020739	3	-1	-1	2	0	-1	-1		
52613	2020539	4	-1	-1	-1	0	-1	-1		
52613	2021639	5	-1	-1	-1	0	-1	-1		
52613	2020539	6	-1	-1	-1	0	-1	-1		
52711	2020339	1	-1	-1	-1	0	-1	-1		
52711	2020339	3	-1	-1	-1	0	-1	-1		
52711	2020239	5	-1	-1	-1	0	-1	-1		
52712	2020739	2	-1	-1	-1	0	-1	-1		
52712	2020239	4	-1	-1	-1	0	-1	-1		
52712	2020239	6	-1	-1	-1	0	-1	-1		
52712	2020539	7	-1	-1	-1	0	-1	-1		
52712	2020539	9	-1	-1	-1	0	-1	-1		
52713	2021739	1	-1	-1	-1	0	-1	-1		
52713	2020739	2	-1	-1	-1	0	-1	-1		
52713	2020739	3	-1	-1	-1	0	-1	-1		
52713	2020539	4	-1	-1	-1	0	-1	-1		
52713	2020539	5	-1	-1	-1	0	-1	-1		
52713	2021539	6	-1	-1	-1	0	-1	-1		
52811	2020339	2	-1	-1	-1	0	-1	-1		
52811	2020239	4	-1	-1	-1	0	-1	-1		
52811	2020239	6	-1	-1	-1	0	-1	-1		
52812	2020739	2	-1	-1	-1	0	-1	-1		
52812	2020239	4	-1	-1	-1	0	-1	-1		
52812	2020239	6	-1	-1	-1	0	-1	-1		
52812	2020539	7	-1	-1	-1	0	-1	-1		
52812	2020539	9	-1	-1	-1	0	-1	-1		
52813	2020239	1	-1	-1	-1	0	-1	-1		
52813	2021739	2	-1	-1	-1	0	-1	-1		
52813	2020239	3	-1	-1	-1	0	-1	-1		
52813	2020539	4	-1	-1	-1	0	-1	-1		
52813	2020539	6	-1	-1	2	0	-1	-1		
52911	2020339	1	-1	-1	-1	0	-1	-1		
52911	2020139	2	-1	-1	-1	0	-1	-1		
52911	2020339	3	-1	-1	-1	0	-1	-1		
52911	2020539	5	-1	-1	-1	0	-1	-1		
52912	2020239	1	-1	-1	-1	0	-1	-1		
52912	2020739	2	-1	-1	-1	0	-1	-1		
52912	2020239	3	-1	-1	-1	0	-1	-1		
52912	2020539	4	-1	-1	-1	0	-1	-1		
52912	2020539	6	-1	-1	-1	0	-1	-1		
52913	2020239	1	-1	-1	-1	0	-1	-1		
52913	2020739	2	-1	-1	2	0	-1	-1		
52913	2020239	3	-1	-1	-1	0	-1	-1		
52913	2021639	4	-1	-1	-1	0	-1	-1		
52913	2021639	5	-1	-1	-1	0	-1	-1		
52913	2020539	6	-1	-1	-1	0	-1	-1		
53011	2020240	2	-1	-1	-1	0	-1	-1		
53011	2020340	4	-1	-1	-1	0	-1	-1		
53011	2020340	6	-1	-1	-1	0	-1	-1		
53012	2020340	1	-1	-1	-1	0	-1	-1		
53012	2020340	2	-1	-1	-1	0	-1	-1		
53012	2020340	3	-1	-1	-1	0	-1	-1		
53012	2020540	4	-1	-1	-1	0	-1	-1		
53012	2020540	5	-1	-1	-1	0	-1	-1		
53012	2020540	6	-1	-1	-1	0	-1	-1		
53013	2020740	1	-1	-1	-1	0	-1	-1		
53013	2020740	2	-1	-1	-1	0	-1	-1		
53013	2020740	3	-1	-1	-1	0	-1	-1		
53013	2020240	4	-1	-1	-1	0	-1	-1		
53013	2021840	5	-1	-1	2	1	-1	-1		
53013	2020240	6	-1	-1	-1	0	-1	-1		
6111	2030140	1	-1	-1	-1	0	-1	-1		
6111	2030140	2	-1	-1	-1	0	-1	-1		
6111	2030140	3	-1	-1	-1	0	-1	-1		
6111	2030140	4	-1	-1	-1	0	-1	-1		
6111	2030140	5	-1	-1	-1	0	-1	-1		
6111	2030140	6	-1	-1	-1	0	-1	-1		
6112	2030140	1	-1	-1	-1	0	-1	-1		
6112	2030140	2	-1	-1	-1	0	-1	-1		
6112	2030140	3	-1	-1	-1	0	-1	-1		
6112	2030540	4	-1	-1	-1	0	-1	-1		
6112	2030540	5	-1	-1	-1	0	-1	-1		
6112	2030540	6	-1	-1	-1	0	-1	-1		
6113	2031440	2	-1	-1	-1	1	-1	-1		
6113	2030240	4	-1	-1	-1	0	-1	-1		
6113	2030540	5	-1	-1	-1	0	-1	-1		
6113	2030240	6	-1	-1	-1	0	-1	-1		
6211	2030140	1	-1	-1	-1	0	-1	-1		
6211	2031040	2	-1	-1	-1	0	-1	-1		
6211	2030140	3	-1	-1	-1	0	-1	-1		
6211	2031040	4	-1	-1	-1	0	-1	-1		
6211	2031040	5	-1	-1	-1	0	-1	-1		
6211	2031040	6	-1	-1	-1	0	-1	-1		
6212	2030240	1	-1	-1	-1	0	-1	-1		
6212	2030140	2	-1	-1	-1	0	-1	-1		
6212	2030240	3	-1	-1	-1	0	-1	-1		
6212	2030540	4	-1	-1	-1	0	-1	-1		
6212	2031040	5	-1	-1	-1	0	-1	-1		
6212	2030540	6	-1	-1	-1	0	-1	-1		
6213	2030240	1	-1	-1	-1	0	-1	-1		
6213	2031640	2	-1	-1	-1	1	-1	-1		
6213	2030240	3	-1	-1	-1	0	-1	-1		
6213	2030540	4	-1	-1	-1	0	-1	-1		
6213	2030540	5	-1	-1	-1	0	-1	-1		
6213	2030540	6	-1	-1	-1	0	-1	-1		
6311	2031040	1	-1	-1	-1	0	-1	-1		
6311	2030240	2	-1	-1	-1	0	-1	-1		
6311	2031040	3	-1	-1	-1	0	-1	-1		
6312	2030140	1	-1	-1	-1	0	-1	-1		
6312	2030240	2	-1	-1	-1	0	-1	-1		
6312	2030140	3	-1	-1	-1	0	-1	-1		
6312	2030540	4	-1	-1	-1	0	-1	-1		
6312	2030540	5	-1	-1	-1	0	-1	-1		
6313	2030240	1	-1	-1	-1	0	-1	-1		
6313	2031640	2	-1	-1	-1	1	-1	-1		
6313	2030240	3	-1	-1	-1	0	-1	-1		
6313	2030540	4	-1	-1	-1	0	-1	-1		
6313	2030540	5	-1	-1	-1	0	-1	-1		
6313	2030540	6	-1	-1	-1	0	-1	-1		
6411	2030240	1	-1	-1	-1	0	-1	-1		
6411	2030240	2	-1	-1	-1	0	-1	-1		
6411	2030240	3	-1	-1	-1	0	-1	-1		
6412	2030240	1	-1	-1	-1	0	-1	-1		
6412	2031040	2	-1	-1	-1	0	-1	-1		
6412	2030240	3	-1	-1	-1	0	-1	-1		
6412	2030540	5	-1	-1	-1	0	-1	-1		
6412	2030540	6	-1	-1	-1	0	-1	-1		
6413	2031640	1	-1	-1	-1	1	-1	-1		
6413	2030240	2	-1	-1	-1	0	-1	-1		
6413	2030240	3	-1	-1	-1	0	-1	-1		
6413	2030540	4	-1	-1	-1	0	-1	-1		
6413	2030540	5	-1	-1	-1	0	-1	-1		
6413	2030540	6	-1	-1	-1	0	-1	-1		
6511	2030241	2	-1	-1	-1	0	-1	-1		
6511	2030241	4	-1	-1	-1	0	-1	-1		
6511	2030241	6	-1	-1	-1	0	-1	-1		
6512	2030241	1	-1	-1	-1	0	-1	-1		
6512	2030241	2	-1	-1	-1	0	-1	-1		
6512	2030241	3	-1	-1	-1	0	-1	-1		
6512	2030541	4	-1	-1	-1	0	-1	-1		
6512	2030241	5	-1	-1	-1	0	-1	-1		
6512	2030541	6	-1	-1	-1	0	-1	-1		
6513	2030241	1	-1	-1	-1	0	-1	-1		
6513	2031941	2	-1	-1	-1	1	-1	-1		
6513	2030241	3	-1	-1	-1	0	-1	-1		
6513	2030541	4	-1	-1	-1	0	-1	-1		
6513	2030541	5	-1	-1	-1	0	-1	-1		
6513	2030541	6	-1	-1	-1	0	-1	-1		
6611	2030241	2	-1	-1	-1	0	-1	-1		
6611	2030241	4	-1	-1	-1	0	-1	-1		
6611	2030241	6	-1	-1	-1	0	-1	-1		
6612	2030441	1	-1	-1	-1	0	-1	-1		
6612	2030441	3	-1	-1	-1	0	-1	-1		
6612	2030541	4	-1	-1	-1	0	-1	-1		
6612	2030441	5	-1	-1	-1	0	-1	-1		
6612	2030541	6	-1	-1	-1	0	-1	-1		
6613	2030441	1	-1	-1	-1	0	-1	-1		
6613	2030441	2	-1	-1	-1	0	-1	-1		
6613	2030441	3	-1	-1	-1	0	-1	-1		
6613	2030541	4	-1	-1	-1	0	-1	-1		
6613	2031441	5	-1	-1	-1	1	-1	-1		
6613	2030541	6	-1	-1	-1	0	-1	-1		
6711	2030241	1	-1	-1	-1	0	-1	-1		
6711	2030241	3	-1	-1	-1	0	-1	-1		
6711	2030241	5	-1	-1	-1	0	-1	-1		
6712	2030441	2	-1	-1	-1	0	-1	-1		
6712	2030441	3	-1	-1	-1	0	-1	-1		
6712	2030241	4	-1	-1	-1	0	-1	-1		
6712	2030541	5	-1	-1	-1	0	-1	-1		
6712	2030541	6	-1	-1	-1	0	-1	-1		
6713	2031441	1	-1	-1	-1	1	-1	-1		
6713	2030441	2	-1	-1	-1	0	-1	-1		
6713	2030241	3	-1	-1	-1	0	-1	-1		
6713	2030541	4	-1	-1	-1	0	-1	-1		
6713	2030541	5	-1	-1	-1	0	-1	-1		
6713	2030541	6	-1	-1	-1	0	-1	-1		
6811	2030241	1	-1	-1	-1	0	-1	-1		
6811	2030241	2	-1	-1	-1	0	-1	-1		
6811	2030241	3	-1	-1	-1	0	-1	-1		
6812	2030241	1	-1	-1	-1	0	-1	-1		
6812	2030241	2	-1	-1	-1	0	-1	-1		
6812	2030241	3	-1	-1	-1	0	-1	-1		
6812	2030541	5	-1	-1	-1	0	-1	-1		
6812	2030541	6	-1	-1	-1	0	-1	-1		
6813	2030441	1	-1	-1	-1	0	-1	-1		
6813	2031641	2	-1	-1	-1	1	-1	-1		
6813	2030441	3	-1	-1	-1	0	-1	-1		
6813	2030541	4	-1	-1	-1	0	-1	-1		
6813	2030541	5	-1	-1	-1	0	-1	-1		
6813	2030541	6	-1	-1	-1	0	-1	-1		
6911	2030242	1	-1	-1	-1	0	-1	-1		
6911	2030242	3	-1	-1	-1	0	-1	-1		
6911	2030242	5	-1	-1	-1	0	-1	-1		
6912	2030242	1	-1	-1	-1	0	-1	-1		
6912	2030242	2	-1	-1	-1	0	-1	-1		
6912	2030242	3	-1	-1	-1	0	-1	-1		
6912	2030242	4	-1	-1	-1	0	-1	-1		
6912	2030542	5	-1	-1	-1	0	-1	-1		
6912	2030242	6	-1	-1	-1	0	-1	-1		
6913	2030442	1	-1	-1	-1	0	-1	-1		
6913	2031442	2	-1	-1	-1	1	-1	-1		
6913	2031942	3	-1	-1	-1	1	-1	-1		
6913	2030242	4	-1	-1	-1	0	-1	-1		
6913	2030242	5	-1	-1	-1	0	-1	-1		
6913	2030242	6	-1	-1	-1	0	-1	-1		
61011	2030242	2	-1	-1	-1	0	-1	-1		
61011	2030242	4	-1	-1	-1	0	-1	-1		
61011	2030242	6	-1	-1	-1	0	-1	-1		
61012	2030242	1	-1	-1	-1	0	-1	-1		
61012	2030242	2	-1	-1	-1	0	-1	-1		
61012	2030242	3	-1	-1	-1	0	-1	-1		
61012	2030542	4	-1	-1	-1	0	-1	-1		
61012	2030542	6	-1	-1	-1	0	-1	-1		
61013	2030242	1	-1	-1	-1	0	-1	-1		
61013	2031142	2	-1	-1	-1	0	-1	-1		
61013	2030242	3	-1	-1	-1	0	-1	-1		
61013	2030242	4	-1	-1	-1	0	-1	-1		
61013	2031742	5	-1	-1	-1	1	-1	-1		
61013	2030242	6	-1	-1	-1	0	-1	-1		
61111	2030242	2	-1	-1	-1	0	-1	-1		
61111	2030242	4	-1	-1	-1	0	-1	-1		
61111	2030242	6	-1	-1	-1	0	-1	-1		
61112	2030442	1	-1	-1	-1	0	-1	-1		
61112	2030442	3	-1	-1	-1	0	-1	-1		
61112	2030542	4	-1	-1	-1	0	-1	-1		
61112	2030442	5	-1	-1	-1	0	-1	-1		
61112	2030542	6	-1	-1	-1	0	-1	-1		
61113	2031442	1	-1	-1	-1	1	-1	-1		
61113	2030442	2	-1	-1	-1	0	-1	-1		
61113	2031442	3	-1	-1	-1	1	-1	-1		
61113	2030542	4	-1	-1	-1	0	-1	-1		
61113	2030542	5	-1	-1	-1	0	-1	-1		
61113	2030542	6	-1	-1	-1	0	-1	-1		
61211	2030242	1	-1	-1	-1	0	-1	-1		
61211	2030242	3	-1	-1	-1	0	-1	-1		
61211	2030242	5	-1	-1	-1	0	-1	-1		
61212	2030442	2	-1	-1	-1	0	-1	-1		
61212	2030442	3	-1	-1	-1	0	-1	-1		
61212	2030542	4	-1	-1	-1	0	-1	-1		
61212	2030542	5	-1	-1	-1	0	-1	-1		
61212	2030542	6	-1	-1	-1	0	-1	-1		
61213	2031442	1	-1	-1	-1	1	-1	-1		
61213	2030442	2	-1	-1	-1	0	-1	-1		
61213	2030442	3	-1	-1	-1	0	-1	-1		
61213	2030542	4	-1	-1	-1	0	-1	-1		
61213	2031942	5	-1	-1	-1	1	-1	-1		
61213	2030542	6	-1	-1	-1	0	-1	-1		
61311	2030242	1	-1	-1	-1	0	-1	-1		
61311	2030242	2	-1	-1	-1	0	-1	-1		
61311	2030242	3	-1	-1	-1	0	-1	-1		
61312	2030242	1	-1	-1	-1	0	-1	-1		
61312	2030242	2	-1	-1	-1	0	-1	-1		
61312	2030242	3	-1	-1	-1	0	-1	-1		
61312	2030542	4	-1	-1	-1	0	-1	-1		
61312	2030542	6	-1	-1	-1	0	-1	-1		
61313	2030242	1	-1	-1	-1	0	-1	-1		
61313	2031642	2	-1	-1	-1	1	-1	-1		
61313	2030242	3	-1	-1	-1	0	-1	-1		
61313	2030542	4	-1	-1	-1	0	-1	-1		
61313	2031742	5	-1	-1	-1	1	-1	-1		
61313	2030542	6	-1	-1	-1	0	-1	-1		
61411	2030242	2	-1	-1	-1	0	-1	-1		
61411	2030242	4	-1	-1	-1	0	-1	-1		
61411	2030242	6	-1	-1	-1	0	-1	-1		
61412	2030242	2	-1	-1	-1	0	-1	-1		
61412	2030242	4	-1	-1	-1	0	-1	-1		
61412	2030242	6	-1	-1	-1	0	-1	-1		
61412	2030542	7	-1	-1	-1	0	-1	-1		
61412	2030542	9	-1	-1	-1	0	-1	-1		
61413	2030242	1	-1	-1	-1	0	-1	-1		
61413	2030242	2	-1	-1	-1	0	-1	-1		
61413	2031942	3	-1	-1	-1	1	-1	-1		
61413	2030542	4	-1	-1	-1	0	-1	-1		
61413	2031742	5	-1	-1	-1	1	-1	-1		
61413	2030542	6	-1	-1	-1	0	-1	-1		
61511	2030242	2	-1	-1	-1	0	-1	-1		
61511	2030242	4	-1	-1	-1	0	-1	-1		
61511	2030242	6	-1	-1	-1	0	-1	-1		
61512	2030242	1	-1	-1	-1	0	-1	-1		
61512	2030242	2	-1	-1	-1	0	-1	-1		
61512	2030242	3	-1	-1	-1	0	-1	-1		
61512	2030542	4	-1	-1	-1	0	-1	-1		
61512	2030542	6	-1	-1	-1	0	-1	-1		
61513	2030242	1	-1	-1	-1	0	-1	-1		
61513	2031842	2	-1	-1	-1	1	-1	-1		
61513	2030242	3	-1	-1	-1	0	-1	-1		
61513	2030542	4	-1	-1	-1	0	-1	-1		
61513	2030542	5	-1	-1	-1	0	-1	-1		
61513	2030542	6	-1	-1	-1	0	-1	-1		
61611	2030242	1	-1	-1	-1	0	-1	-1		
61611	2030242	2	-1	-1	-1	0	-1	-1		
61611	2030242	3	-1	-1	-1	0	-1	-1		
61611	2030542	4	-1	-1	-1	0	-1	-1		
61612	2030242	1	-1	-1	-1	0	-1	-1		
61612	2030242	2	-1	-1	-1	0	-1	-1		
61612	2030242	3	-1	-1	-1	0	-1	-1		
61612	2030542	5	-1	-1	-1	0	-1	-1		
61612	2030542	6	-1	-1	-1	0	-1	-1		
61613	2030242	1	-1	-1	-1	0	-1	-1		
61613	2031442	2	-1	-1	-1	1	-1	-1		
61613	2030242	3	-1	-1	-1	0	-1	-1		
61613	2030542	4	-1	-1	-1	0	-1	-1		
61613	2031742	5	-1	-1	-1	1	-1	-1		
61613	2030542	6	-1	-1	-1	0	-1	-1		
61711	2030243	1	-1	-1	-1	0	-1	-1		
61711	2030243	3	-1	-1	-1	0	-1	-1		
61711	2030243	5	-1	-1	-1	0	-1	-1		
61712	2030343	2	-1	-1	-1	0	-1	-1		
61712	2030343	4	-1	-1	-1	0	-1	-1		
61712	2030543	5	-1	-1	-1	0	-1	-1		
61712	2030343	6	-1	-1	-1	0	-1	-1		
61712	2030543	7	-1	-1	-1	0	-1	-1		
61712	2030543	9	-1	-1	-1	0	-1	-1		
61713	2031643	1	-1	-1	-1	1	-1	-1		
61713	2030343	2	-1	-1	-1	0	-1	-1		
61713	2030343	3	-1	-1	-1	0	-1	-1		
61713	2030543	4	-1	-1	-1	0	-1	-1		
61713	2031943	5	-1	-1	-1	1	-1	-1		
61713	2030543	6	-1	-1	-1	0	-1	-1		
61811	2030243	1	-1	-1	-1	0	-1	-1		
61811	2030243	2	-1	-1	-1	0	-1	-1		
61811	2030243	3	-1	-1	-1	0	-1	-1		
61812	2030243	1	-1	-1	-1	0	-1	-1		
61812	2030343	2	-1	-1	-1	0	-1	-1		
61812	2030243	3	-1	-1	-1	0	-1	-1		
61812	2030543	4	-1	-1	-1	0	-1	-1		
61812	2030543	6	-1	-1	-1	0	-1	-1		
61813	2030343	1	-1	-1	-1	0	-1	-1		
61813	2031843	2	-1	-1	-1	1	-1	-1		
61813	2030343	3	-1	-1	-1	0	-1	-1		
61813	2030543	4	-1	-1	-1	0	-1	-1		
61813	2030543	5	-1	-1	-1	0	-1	-1		
61813	2031943	6	-1	-1	-1	1	-1	-1		
61911	2030243	2	-1	-1	-1	0	-1	-1		
61911	2030243	4	-1	-1	-1	0	-1	-1		
61911	2030243	6	-1	-1	-1	0	-1	-1		
61912	2030343	2	-1	-1	-1	0	-1	-1		
61912	2030243	4	-1	-1	-1	0	-1	-1		
61912	2030243	6	-1	-1	-1	0	-1	-1		
61912	2030543	7	-1	-1	-1	0	-1	-1		
61912	2030543	9	-1	-1	-1	0	-1	-1		
61913	2030343	1	-1	-1	-1	0	-1	-1		
61913	2030343	2	-1	-1	-1	0	-1	-1		
61913	2031843	3	-1	-1	-1	1	-1	-1		
61913	2031743	4	-1	-1	-1	1	-1	-1		
61913	2030543	5	-1	-1	-1	0	-1	-1		
61913	2030543	6	-1	-1	-1	0	-1	-1		
62011	2030343	2	-1	-1	-1	0	-1	-1		
62011	2030243	4	-1	-1	-1	0	-1	-1		
62011	2030243	6	-1	-1	-1	0	-1	-1		
62012	2030243	1	-1	-1	-1	0	-1	-1		
62012	2030343	2	-1	-1	-1	0	-1	-1		
62012	2030243	3	-1	-1	-1	0	-1	-1		
62012	2030543	4	-1	-1	-1	0	-1	-1		
62012	2030543	6	-1	-1	-1	0	-1	-1		
62013	2030343	1	-1	-1	-1	0	-1	-1		
62013	2030343	3	-1	-1	-1	0	-1	-1		
62013	2031143	4	-1	-1	-1	0	-1	-1		
62013	2030543	5	-1	-1	-1	0	-1	-1		
62013	2030543	6	-1	-1	-1	0	-1	-1		
62111	2030244	2	-1	-1	-1	0	-1	-1		
62111	2030244	4	-1	-1	-1	0	-1	-1		
62111	2030244	6	-1	-1	-1	0	-1	-1		
62112	2030644	2	-1	-1	-1	0	-1	-1		
62112	2030244	4	-1	-1	-1	0	-1	-1		
62112	2030244	6	-1	-1	-1	0	-1	-1		
62112	2030544	7	-1	-1	-1	0	-1	-1		
62112	2030544	9	-1	-1	-1	0	-1	-1		
62113	2030242	1	-1	-1	-1	0	-1	-1		
62113	2031944	2	-1	-1	-1	0	-1	-1		
62113	2030242	3	-1	-1	-1	0	-1	-1		
62113	2031744	4	-1	-1	-1	0	-1	-1		
62113	2030544	6	-1	-1	-1	0	-1	-1		
62211	2030244	1	-1	-1	-1	0	-1	-1		
62211	2030244	2	-1	-1	-1	0	-1	-1		
62211	2030244	3	-1	-1	-1	0	-1	-1		
62212	2030244	1	-1	-1	-1	0	-1	-1		
62212	2030644	2	-1	-1	-1	0	-1	-1		
62212	2030244	3	-1	-1	-1	0	-1	-1		
62212	2030544	4	-1	-1	-1	0	-1	-1		
62212	2030544	6	-1	-1	-1	0	-1	-1		
62213	2030242	1	-1	-1	-1	0	-1	-1		
62213	2031844	2	-1	-1	-1	0	-1	-1		
62213	2030242	3	-1	-1	-1	0	-1	-1		
62213	2030544	4	-1	-1	-1	0	-1	-1		
62213	2031744	5	-1	-1	-1	0	-1	-1		
62213	2030544	6	-1	-1	-1	0	-1	-1		
62311	2030244	2	-1	-1	-1	0	-1	-1		
62311	2030244	4	-1	-1	-1	0	-1	-1		
62311	2030244	6	-1	-1	-1	0	-1	-1		
62312	2030444	1	-1	-1	-1	0	-1	-1		
62312	2030444	3	-1	-1	-1	0	-1	-1		
62312	2030544	4	-1	-1	-1	0	-1	-1		
62312	2030444	5	-1	-1	-1	0	-1	-1		
62312	2030544	6	-1	-1	-1	0	-1	-1		
62313	2030444	1	-1	-1	-1	0	-1	-1		
62313	2030444	2	-1	-1	-1	0	-1	-1		
62313	2030544	4	-1	-1	-1	0	-1	-1		
62313	2031944	5	-1	-1	-1	0	-1	-1		
62313	2030544	6	-1	-1	-1	0	-1	-1		
62411	2030244	1	-1	-1	-1	0	-1	-1		
62411	2030244	3	-1	-1	-1	0	-1	-1		
62411	2030244	5	-1	-1	-1	0	-1	-1		
62412	2030444	2	-1	-1	-1	0	-1	-1		
62412	2030444	3	-1	-1	-1	0	-1	-1		
62412	2030444	4	-1	-1	-1	0	-1	-1		
62412	2030544	5	-1	-1	-1	0	-1	-1		
62412	2030544	6	-1	-1	-1	0	-1	-1		
62412	2030544	7	-1	-1	-1	0	-1	-1		
62413	2030444	1	-1	-1	-1	0	-1	-1		
62413	2031844	3	-1	-1	-1	0	-1	-1		
62413	2030544	4	-1	-1	-1	0	-1	-1		
62413	2030544	5	-1	-1	-1	0	-1	-1		
62413	2030544	6	-1	-1	-1	0	-1	-1		
62511	2030245	2	-1	-1	-1	0	-1	-1		
62511	2030245	4	-1	-1	-1	0	-1	-1		
62511	2030245	6	-1	-1	-1	0	-1	-1		
62512	2030245	1	-1	-1	-1	0	-1	-1		
62512	2030245	2	-1	-1	-1	0	-1	-1		
62512	2030245	3	-1	-1	-1	0	-1	-1		
62512	2030545	4	-1	-1	-1	0	-1	-1		
62512	2030545	6	-1	-1	-1	0	-1	-1		
62513	2030645	1	-1	-1	-1	0	-1	-1		
62513	2030645	3	-1	-1	-1	0	-1	-1		
62513	2030445	4	-1	-1	-1	0	-1	-1		
62513	2030445	5	-1	-1	-1	1	-1	-1		
62513	2030445	6	-1	-1	-1	0	-1	-1		
62611	2030245	1	-1	-1	-1	0	-1	-1		
62611	2030245	2	-1	-1	-1	0	-1	-1		
62611	2030245	3	-1	-1	-1	0	-1	-1		
62612	2030245	1	-1	-1	-1	0	-1	-1		
62612	2030645	2	-1	-1	-1	0	-1	-1		
62612	2030245	3	-1	-1	-1	0	-1	-1		
62612	2030545	5	-1	-1	-1	0	-1	-1		
62613	2030645	1	-1	-1	-1	0	-1	-1		
62613	2031745	2	-1	-1	-1	0	-1	-1		
62613	2031945	3	-1	-1	-1	0	-1	-1		
62613	2030445	4	-1	-1	-1	0	-1	-1		
62613	2030445	5	-1	-1	-1	0	-1	-1		
62613	2030445	6	-1	-1	-1	0	-1	-1		
62711	2030245	1	-1	-1	-1	0	-1	-1		
62711	2030245	3	-1	-1	-1	0	-1	-1		
62711	2030245	5	-1	-1	-1	0	-1	-1		
62712	2030645	2	-1	-1	-1	0	-1	-1		
62712	2030245	4	-1	-1	-1	0	-1	-1		
62712	2030245	6	-1	-1	-1	0	-1	-1		
62712	2030545	7	-1	-1	-1	0	-1	-1		
62712	2030545	9	-1	-1	-1	0	-1	-1		
62713	2030645	1	-1	-1	-1	0	-1	-1		
62713	2031845	2	-1	-1	-1	0	-1	-1		
62713	2030645	3	-1	-1	-1	0	-1	-1		
62713	2031745	4	-1	-1	-1	0	-1	-1		
62713	2030445	5	-1	-1	-1	0	-1	-1		
62713	2030445	6	-1	-1	-1	0	-1	-1		
62811	2030245	2	-1	-1	-1	0	-1	-1		
62811	2030245	4	-1	-1	-1	0	-1	-1		
62811	2030245	6	-1	-1	-1	0	-1	-1		
62812	2030645	2	-1	-1	-1	0	-1	-1		
62812	2030245	4	-1	-1	-1	0	-1	-1		
62812	2030245	6	-1	-1	-1	0	-1	-1		
62812	2030545	7	-1	-1	-1	0	-1	-1		
62812	2030545	9	-1	-1	-1	0	-1	-1		
62813	2030245	1	-1	-1	-1	0	-1	-1		
62813	2030645	2	-1	-1	-1	0	-1	-1		
62813	2030545	4	-1	-1	-1	0	-1	-1		
62813	2030545	5	-1	-1	-1	0	-1	-1		
62813	2031945	6	-1	-1	-1	0	-1	-1		
62911	2030245	1	-1	-1	-1	0	-1	-1		
62911	2030245	2	-1	-1	-1	0	-1	-1		
62911	2030245	3	-1	-1	-1	0	-1	-1		
62911	2030545	5	-1	-1	-1	0	-1	-1		
62912	2030245	1	-1	-1	-1	0	-1	-1		
62912	2030645	2	-1	-1	-1	0	-1	-1		
62912	2030245	3	-1	-1	-1	0	-1	-1		
62912	2030545	4	-1	-1	-1	0	-1	-1		
62912	2030545	6	-1	-1	-1	0	-1	-1		
62913	2031845	2	-1	-1	-1	0	-1	-1		
62913	2030245	3	-1	-1	-1	0	-1	-1		
62913	2030545	4	-1	-1	-1	0	-1	-1		
62913	2030545	5	-1	-1	-1	0	-1	-1		
62913	2030545	6	-1	-1	-1	0	-1	-1		
63011	2030245	2	-1	-1	-1	0	-1	-1		
63011	2030245	4	-1	-1	-1	0	-1	-1		
63011	2030245	6	-1	-1	-1	0	-1	-1		
63012	2030245	1	-1	-1	-1	0	-1	-1		
63012	2030245	2	-1	-1	-1	0	-1	-1		
63012	2030245	3	-1	-1	-1	0	-1	-1		
63012	2030545	4	-1	-1	-1	0	-1	-1		
63012	2030545	6	-1	-1	-1	0	-1	-1		
63013	2030645	1	-1	-1	-1	0	-1	-1		
63013	2031345	2	-1	-1	-1	1	-1	-1		
63013	2030645	3	-1	-1	-1	0	-1	-1		
63013	2030245	4	-1	-1	-1	0	-1	-1		
63013	2030545	5	-1	-1	-1	0	-1	-1		
63013	2030245	6	-1	-1	-1	0	-1	-1		
7111	2060145	1	-1	-1	-1	0	-1	-1		
7111	2060145	2	-1	-1	-1	0	-1	-1		
7111	2060145	3	-1	-1	-1	0	-1	-1		
7111	2060145	4	-1	-1	-1	0	-1	-1		
7111	2060145	5	-1	-1	-1	0	-1	-1		
7111	2060145	6	-1	-1	-1	0	-1	-1		
7112	2060145	1	-1	-1	-1	0	-1	-1		
7112	2060145	2	-1	-1	-1	0	-1	-1		
7112	2060145	3	-1	-1	-1	0	-1	-1		
7112	2061045	4	-1	-1	-1	0	-1	-1		
7112	2061045	5	-1	-1	-1	0	-1	-1		
7112	2061045	6	-1	-1	-1	0	-1	-1		
7113	2060245	2	-1	-1	-1	0	-1	-1		
7113	2060245	4	-1	-1	-1	0	-1	-1		
7113	2061345	5	-1	-1	-1	1	-1	-1		
7113	2060245	6	-1	-1	-1	0	-1	-1		
7211	2060146	1	-1	-1	-1	0	-1	-1		
7211	2061046	2	-1	-1	-1	0	-1	-1		
7211	2060146	3	-1	-1	-1	0	-1	-1		
7211	2061046	4	-1	-1	-1	0	-1	-1		
7211	2061046	5	-1	-1	-1	0	-1	-1		
7211	2061046	6	-1	-1	-1	0	-1	-1		
7212	2060246	1	-1	-1	-1	0	-1	-1		
7212	2060146	2	-1	-1	-1	0	-1	-1		
7212	2060246	3	-1	-1	-1	0	-1	-1		
7212	2060446	4	-1	-1	-1	0	-1	-1		
7212	2061046	5	-1	-1	-1	0	-1	-1		
7212	2060446	6	-1	-1	-1	0	-1	-1		
7213	2060246	1	-1	-1	-1	0	-1	-1		
7213	2061446	2	-1	-1	-1	1	-1	-1		
7213	2060246	3	-1	-1	-1	0	-1	-1		
7213	2060446	4	-1	-1	-1	0	-1	-1		
7213	2060446	5	-1	-1	-1	0	-1	-1		
7213	2060446	6	-1	-1	-1	0	-1	-1		
7311	2061046	1	-1	-1	-1	0	-1	-1		
7311	2060246	2	-1	-1	-1	0	-1	-1		
7311	2061046	3	-1	-1	-1	0	-1	-1		
7312	2060146	1	-1	-1	-1	0	-1	-1		
7312	2060246	2	-1	-1	-1	0	-1	-1		
7312	2060146	3	-1	-1	-1	0	-1	-1		
7312	2060446	4	-1	-1	-1	0	-1	-1		
7312	2060446	5	-1	-1	-1	0	-1	-1		
7313	2060246	1	-1	-1	-1	0	-1	-1		
7313	2060246	2	-1	-1	-1	0	-1	-1		
7313	2060246	3	-1	-1	-1	0	-1	-1		
7313	2060446	4	-1	-1	-1	0	-1	-1		
7313	2061546	5	-1	-1	-1	1	-1	-1		
7313	2060446	6	-1	-1	-1	0	-1	-1		
7411	2060246	1	-1	-1	-1	0	-1	-1		
7411	2060246	2	-1	-1	-1	0	-1	-1		
7411	2060246	3	-1	-1	-1	0	-1	-1		
7412	2060246	1	-1	-1	-1	0	-1	-1		
7412	2061046	2	-1	-1	-1	0	-1	-1		
7412	2060246	3	-1	-1	-1	0	-1	-1		
7412	2060446	5	-1	-1	-1	0	-1	-1		
7412	2060446	6	-1	-1	-1	0	-1	-1		
7413	2060246	1	-1	-1	-1	0	-1	-1		
7413	2060246	2	-1	-1	-1	0	-1	-1		
7413	2061446	3	-1	-1	-1	1	-1	-1		
7413	2060446	4	-1	-1	-1	0	-1	-1		
7413	2060446	5	-1	-1	-1	0	-1	-1		
7413	2060446	6	-1	-1	-1	0	-1	-1		
7511	2060246	2	-1	-1	-1	0	-1	-1		
7511	2060246	4	-1	-1	-1	0	-1	-1		
7511	2060246	6	-1	-1	-1	0	-1	-1		
7512	2060246	1	-1	-1	-1	0	-1	-1		
7512	2060246	2	-1	-1	-1	0	-1	-1		
7512	2060246	3	-1	-1	-1	0	-1	-1		
7512	2060446	4	-1	-1	-1	0	-1	-1		
7512	2060246	5	-1	-1	-1	0	-1	-1		
7512	2060446	6	-1	-1	-1	0	-1	-1		
7513	2060246	1	-1	-1	-1	0	-1	-1		
7513	2061646	2	-1	-1	-1	1	-1	-1		
7513	2060246	3	-1	-1	-1	0	-1	-1		
7513	2060446	4	-1	-1	-1	0	-1	-1		
7513	2060446	5	-1	-1	-1	0	-1	-1		
7513	2060446	6	-1	-1	-1	0	-1	-1		
7611	2061247	2	-1	-1	-1	0	-1	-1		
7611	2060247	4	-1	-1	-1	0	-1	-1		
7611	2060247	6	-1	-1	-1	0	-1	-1		
7612	2061247	1	-1	-1	-1	0	-1	-1		
7612	2061247	3	-1	-1	-1	0	-1	-1		
7612	2060447	4	-1	-1	-1	0	-1	-1		
7612	2061247	5	-1	-1	-1	0	-1	-1		
7612	2060447	6	-1	-1	-1	0	-1	-1		
7613	2061247	1	-1	-1	-1	0	-1	-1		
7613	2061247	2	-1	-1	-1	0	-1	-1		
7613	2061247	3	-1	-1	-1	0	-1	-1		
7613	2060447	4	-1	-1	-1	0	-1	-1		
7613	2061347	5	-1	-1	-1	1	-1	-1		
7613	2060447	6	-1	-1	-1	0	-1	-1		
7711	2061247	1	-1	-1	-1	0	-1	-1		
7711	2061247	3	-1	-1	-1	0	-1	-1		
7711	2060247	5	-1	-1	-1	0	-1	-1		
7712	2061247	2	-1	-1	-1	0	-1	-1		
7712	2061247	3	-1	-1	-1	0	-1	-1		
7712	2061247	4	-1	-1	-1	0	-1	-1		
7712	2060447	5	-1	-1	-1	0	-1	-1		
7712	2060447	6	-1	-1	-1	0	-1	-1		
7713	2060247	1	-1	-1	-1	0	-1	-1		
7713	2061447	2	-1	-1	-1	1	-1	-1		
7713	2060247	3	-1	-1	-1	0	-1	-1		
7713	2060447	4	-1	-1	-1	0	-1	-1		
7713	2060447	5	-1	-1	-1	0	-1	-1		
7713	2060447	6	-1	-1	-1	0	-1	-1		
7811	2060247	1	-1	-1	-1	0	-1	-1		
7811	2061247	2	-1	-1	-1	0	-1	-1		
7811	2060247	3	-1	-1	-1	0	-1	-1		
7812	2061247	1	-1	-1	-1	0	-1	-1		
7812	2061247	2	-1	-1	-1	0	-1	-1		
7812	2061247	3	-1	-1	-1	0	-1	-1		
7812	2060447	5	-1	-1	-1	0	-1	-1		
7812	2060447	6	-1	-1	-1	0	-1	-1		
7813	2061247	1	-1	-1	-1	0	-1	-1		
7813	2061247	2	-1	-1	-1	0	-1	-1		
7813	2061247	3	-1	-1	-1	0	-1	-1		
7813	2060447	4	-1	-1	-1	0	-1	-1		
7813	2060447	5	-1	-1	-1	0	-1	-1		
7813	2061547	6	-1	-1	-1	1	-1	-1		
7911	2060247	1	-1	-1	-1	0	-1	-1		
7911	2060247	3	-1	-1	-1	0	-1	-1		
7911	2060247	5	-1	-1	-1	0	-1	-1		
7912	2061247	1	-1	-1	-1	0	-1	-1		
7912	2061247	2	-1	-1	-1	0	-1	-1		
7912	2061247	3	-1	-1	-1	0	-1	-1		
7912	2061247	4	-1	-1	-1	0	-1	-1		
7912	2060447	5	-1	-1	-1	0	-1	-1		
7912	2061247	6	-1	-1	-1	0	-1	-1		
7913	2061247	1	-1	-1	-1	0	-1	-1		
7913	2061247	2	-1	-1	-1	0	-1	-1		
7913	2061647	3	-1	-1	-1	1	-1	-1		
7913	2061447	4	-1	-1	-1	1	-1	-1		
7913	2061247	5	-1	-1	-1	0	-1	-1		
7913	2061247	6	-1	-1	-1	0	-1	-1		
71011	2060247	2	-1	-1	-1	0	-1	-1		
71011	2060247	4	-1	-1	-1	0	-1	-1		
71011	2060247	6	-1	-1	-1	0	-1	-1		
71012	2060247	1	-1	-1	-1	0	-1	-1		
71012	2061247	2	-1	-1	-1	0	-1	-1		
71012	2060247	3	-1	-1	-1	0	-1	-1		
71012	2060447	4	-1	-1	-1	0	-1	-1		
71012	2060447	6	-1	-1	-1	0	-1	-1		
71013	2061247	1	-1	-1	-1	0	-1	-1		
71013	2061747	2	-1	-1	-1	1	-1	-1		
71013	2061247	3	-1	-1	-1	0	-1	-1		
71013	2060247	4	-1	-1	-1	0	-1	-1		
71013	2060447	5	-1	-1	-1	0	-1	-1		
71013	2060247	6	-1	-1	-1	0	-1	-1		
71111	2061247	2	-1	-1	-1	0	-1	-1		
71111	2060247	4	-1	-1	-1	0	-1	-1		
71111	2060247	6	-1	-1	-1	0	-1	-1		
71112	2061247	1	-1	-1	-1	0	-1	-1		
71112	2061247	3	-1	-1	-1	0	-1	-1		
71112	2060447	4	-1	-1	-1	0	-1	-1		
71112	2061247	5	-1	-1	-1	0	-1	-1		
71112	2060447	6	-1	-1	-1	0	-1	-1		
71113	2061447	1	-1	-1	-1	0	-1	-1		
71113	2061247	3	-1	-1	-1	0	-1	-1		
71113	2060447	4	-1	-1	-1	0	-1	-1		
71113	2060447	5	-1	-1	-1	0	-1	-1		
71113	2060447	6	-1	-1	-1	0	-1	-1		
71211	2061247	1	-1	-1	-1	0	-1	-1		
71211	2061247	3	-1	-1	-1	0	-1	-1		
71211	2060247	5	-1	-1	-1	0	-1	-1		
71212	2061247	2	-1	-1	-1	0	-1	-1		
71212	2061247	3	-1	-1	-1	0	-1	-1		
71212	2060447	4	-1	-1	-1	0	-1	-1		
71212	2060447	5	-1	-1	-1	0	-1	-1		
71212	2060447	6	-1	-1	-1	0	-1	-1		
71213	2061247	1	-1	-1	-1	0	-1	-1		
71213	2061247	2	-1	-1	-1	0	-1	-1		
71213	2061247	3	-1	-1	-1	0	-1	-1		
71213	2061347	4	-1	-1	-1	0	-1	-1		
71213	2061547	5	-1	-1	-1	0	-1	-1		
71213	2060447	6	-1	-1	-1	0	-1	-1		
71311	2060248	1	-1	-1	-1	0	-1	-1		
71311	2060248	2	-1	-1	-1	0	-1	-1		
71311	2060248	3	-1	-1	-1	0	-1	-1		
71312	2060248	1	-1	-1	-1	0	-1	-1		
71312	2060348	2	-1	-1	-1	0	-1	-1		
71312	2060248	3	-1	-1	-1	0	-1	-1		
71312	2060448	4	-1	-1	-1	0	-1	-1		
71312	2060448	6	-1	-1	-1	0	-1	-1		
71313	2060348	1	-1	-1	-1	0	-1	-1		
71313	2061648	2	-1	-1	-1	0	-1	-1		
71313	2061748	3	-1	-1	-1	0	-1	-1		
71313	2060448	4	-1	-1	-1	0	-1	-1		
71313	2060448	5	-1	-1	-1	0	-1	-1		
71313	2060448	6	-1	-1	-1	0	-1	-1		
71411	2060248	2	-1	-1	-1	0	-1	-1		
71411	2060248	4	-1	-1	-1	0	-1	-1		
71411	2060248	6	-1	-1	-1	0	-1	-1		
71412	2060348	2	-1	-1	-1	0	-1	-1		
71412	2060248	4	-1	-1	-1	0	-1	-1		
71412	2060248	6	-1	-1	-1	0	-1	-1		
71412	2060448	7	-1	-1	-1	0	-1	-1		
71412	2060448	9	-1	-1	-1	0	-1	-1		
71413	2061348	1	-1	-1	-1	0	-1	-1		
71413	2061748	2	-1	-1	-1	0	-1	-1		
71413	2060348	3	-1	-1	-1	0	-1	-1		
71413	2060448	4	-1	-1	-1	0	-1	-1		
71413	2060448	5	-1	-1	-1	0	-1	-1		
71413	2060448	6	-1	-1	-1	0	-1	-1		
71511	2060248	2	-1	-1	-1	0	-1	-1		
71511	2060248	4	-1	-1	-1	0	-1	-1		
71511	2060248	6	-1	-1	-1	0	-1	-1		
71512	2060348	1	-1	-1	-1	0	-1	-1		
71512	2060348	2	-1	-1	-1	0	-1	-1		
71512	2060348	3	-1	-1	-1	0	-1	-1		
71512	2061148	4	-1	-1	-1	0	-1	-1		
71512	2061148	6	-1	-1	-1	0	-1	-1		
71513	2060348	1	-1	-1	-1	0	-1	-1		
71513	2060348	2	-1	-1	-1	0	-1	-1		
71513	2060348	3	-1	-1	-1	0	-1	-1		
71513	2061148	4	-1	-1	-1	0	-1	-1		
71513	2061848	5	-1	-1	-1	1	-1	-1		
71513	2061148	6	-1	-1	-1	0	-1	-1		
71611	2060249	1	-1	-1	-1	0	-1	-1		
71611	2060249	2	-1	-1	-1	0	-1	-1		
71611	2060249	3	-1	-1	-1	0	-1	-1		
71611	2061149	4	-1	-1	-1	0	-1	-1		
71612	2060349	1	-1	-1	-1	0	-1	-1		
71612	2060349	2	-1	-1	-1	0	-1	-1		
71612	2060349	3	-1	-1	-1	0	-1	-1		
71612	2061149	5	-1	-1	2	0	-1	-1		
71612	2061149	6	-1	-1	-1	0	-1	-1		
71613	2060349	1	-1	-1	-1	0	-1	-1		
71613	2061349	2	-1	-1	-1	0	-1	-1		
71613	2061649	3	-1	-1	-1	0	-1	-1		
71613	2061149	4	-1	-1	-1	0	-1	-1		
71613	2061149	5	-1	-1	-1	0	-1	-1		
71613	2061149	6	-1	-1	-1	0	-1	-1		
71711	2060249	1	-1	-1	-1	0	-1	-1		
71711	2060249	3	-1	-1	-1	0	-1	-1		
71711	2060249	5	-1	-1	-1	0	-1	-1		
71712	2060349	2	-1	-1	-1	0	-1	-1		
71712	2060349	4	-1	-1	-1	0	-1	-1		
71712	2061149	5	-1	-1	-1	0	-1	-1		
71712	2060349	6	-1	-1	-1	0	-1	-1		
71712	2061149	7	-1	-1	-1	0	-1	-1		
71712	2061149	9	-1	-1	-1	0	-1	-1		
71713	2061449	1	-1	-1	-1	0	-1	-1		
71713	2060349	2	-1	-1	-1	0	-1	-1		
71713	2061749	3	-1	-1	-1	0	-1	-1		
71713	2061149	4	-1	-1	-1	0	-1	-1		
71713	2061149	5	-1	-1	-1	0	-1	-1		
71713	2061149	6	-1	-1	-1	0	-1	-1		
71811	2060249	1	-1	-1	-1	0	-1	-1		
71811	2060249	2	-1	-1	-1	0	-1	-1		
71811	2060249	3	-1	-1	-1	0	-1	-1		
71812	2060249	1	-1	-1	-1	0	-1	-1		
71812	2060349	2	-1	-1	-1	0	-1	-1		
71812	2060249	3	-1	-1	-1	0	-1	-1		
71812	2061149	4	-1	-1	-1	0	-1	-1		
71812	2061149	6	-1	-1	-1	0	-1	-1		
71813	2061349	1	-1	-1	-1	0	-1	-1		
71813	2060349	2	-1	-1	-1	0	-1	-1		
71813	2060349	3	-1	-1	-1	0	-1	-1		
71813	2061849	4	-1	-1	-1	0	-1	-1		
71813	2061149	5	-1	-1	-1	0	-1	-1		
71813	2061149	6	-1	-1	-1	0	-1	-1		
71911	2060249	2	-1	-1	-1	0	-1	-1		
71911	2060249	4	-1	-1	-1	0	-1	-1		
71911	2060249	6	-1	-1	-1	0	-1	-1		
71912	2060349	2	-1	-1	-1	0	-1	-1		
71912	2060249	4	-1	-1	-1	0	-1	-1		
71912	2060249	6	-1	-1	-1	0	-1	-1		
71912	2061149	7	-1	-1	-1	0	-1	-1		
71912	2061149	9	-1	-1	-1	0	-1	-1		
71913	2060349	1	-1	-1	-1	0	-1	-1		
71913	2061749	2	-1	-1	-1	0	-1	-1		
71913	2060349	3	-1	-1	-1	0	-1	-1		
71913	2061849	4	-1	-1	-1	0	-1	-1		
71913	2061149	5	-1	-1	-1	0	-1	-1		
71913	2061149	6	-1	-1	-1	0	-1	-1		
72011	2060349	2	-1	-1	-1	0	-1	-1		
72011	2060249	4	-1	-1	-1	0	-1	-1		
72011	2060249	6	-1	-1	-1	0	-1	-1		
72012	2060249	1	-1	-1	-1	0	-1	-1		
72012	2060349	2	-1	-1	-1	0	-1	-1		
72012	2060249	3	-1	-1	-1	0	-1	-1		
72012	2061149	4	-1	-1	-1	0	-1	-1		
72012	2061149	6	-1	-1	-1	0	-1	-1		
72013	2060349	1	-1	-1	-1	0	-1	-1		
72013	2061949	2	-1	-1	-1	1	-1	-1		
72013	2060349	3	-1	-1	-1	0	-1	-1		
72013	2061149	4	-1	-1	-1	0	-1	-1		
72013	2061149	5	-1	-1	-1	0	-1	-1		
72013	2061149	6	-1	-1	-1	0	-1	-1		
72111	2060249	2	-1	-1	-1	0	-1	-1		
72111	2060249	4	-1	-1	-1	0	-1	-1		
72111	2060249	6	-1	-1	-1	0	-1	-1		
72112	2060949	2	-1	-1	-1	0	-1	-1		
72112	2060249	4	-1	-1	-1	0	-1	-1		
72112	2060249	6	-1	-1	-1	0	-1	-1		
72112	2061149	7	-1	-1	-1	0	-1	-1		
72112	2061149	9	-1	-1	-1	0	-1	-1		
72113	2060349	1	-1	-1	-1	0	-1	-1		
72113	2061649	2	-1	-1	-1	0	-1	-1		
72113	2060349	3	-1	-1	-1	0	-1	-1		
72113	2061849	4	-1	-1	-1	0	-1	-1		
72113	2061149	6	-1	-1	-1	0	-1	-1		
72211	2060249	1	-1	-1	-1	0	-1	-1		
72211	2060249	2	-1	-1	-1	0	-1	-1		
72211	2060249	3	-1	-1	-1	0	-1	-1		
72212	2060249	1	-1	-1	-1	0	-1	-1		
72212	2060949	2	-1	-1	-1	0	-1	-1		
72212	2060249	3	-1	-1	-1	0	-1	-1		
72212	2061149	4	-1	-1	-1	0	-1	-1		
72212	2061149	6	-1	-1	-1	0	-1	-1		
72213	2060349	1	-1	-1	-1	0	-1	-1		
72213	2061649	2	-1	-1	-1	0	-1	-1		
72213	2061449	3	-1	-1	-1	0	-1	-1		
72213	2061149	4	-1	-1	-1	0	-1	-1		
72213	2061149	5	-1	-1	-1	0	-1	-1		
72213	2061149	6	-1	-1	-1	0	-1	-1		
72311	2060750	2	-1	-1	-1	0	-1	-1		
72311	2060250	4	-1	-1	-1	0	-1	-1		
72311	2060250	6	-1	-1	-1	0	-1	-1		
72312	2060750	1	-1	-1	-1	0	-1	-1		
72312	2060750	3	-1	-1	-1	0	-1	-1		
72312	2061150	4	-1	-1	-1	0	-1	-1		
72312	2060750	5	-1	-1	-1	0	-1	-1		
72312	2061150	6	-1	-1	-1	0	-1	-1		
72313	2060750	1	-1	-1	-1	0	-1	-1		
72313	2061750	2	-1	-1	-1	0	-1	-1		
72313	2061950	3	-1	-1	-1	0	-1	-1		
72313	2061150	4	-1	-1	-1	0	-1	-1		
72313	2061150	5	-1	-1	-1	0	-1	-1		
72313	2061150	6	-1	-1	-1	0	-1	-1		
72411	2060750	1	-1	-1	-1	0	-1	-1		
72411	2060750	3	-1	-1	-1	0	-1	-1		
72411	2060250	5	-1	-1	-1	0	-1	-1		
72412	2060750	2	-1	-1	-1	0	-1	-1		
72412	2060750	3	-1	-1	-1	0	-1	-1		
72412	2060750	4	-1	-1	-1	0	-1	-1		
72412	2061150	5	-1	-1	-1	0	-1	-1		
72412	2061150	6	-1	-1	-1	0	-1	-1		
72412	2061150	7	-1	-1	-1	0	-1	-1		
72413	2060750	1	-1	-1	-1	0	-1	-1		
72413	2061950	2	-1	-1	-1	0	-1	-1		
72413	2060750	3	-1	-1	-1	0	-1	-1		
72413	2061850	4	-1	-1	-1	0	-1	-1		
72413	2061150	5	-1	-1	-1	0	-1	-1		
72413	2061150	6	-1	-1	-1	0	-1	-1		
72511	2060350	2	-1	-1	-1	0	-1	-1		
72511	2060250	4	-1	-1	-1	0	-1	-1		
72511	2060250	6	-1	-1	-1	0	-1	-1		
72512	2060350	1	-1	-1	-1	0	-1	-1		
72512	2060350	2	-1	-1	-1	0	-1	-1		
72512	2060350	3	-1	-1	-1	0	-1	-1		
72512	2061150	4	-1	-1	-1	0	-1	-1		
72512	2061150	6	-1	-1	-1	0	-1	-1		
72513	2060950	1	-1	-1	-1	0	-1	-1		
72513	2060650	2	-1	-1	-1	0	-1	-1		
72513	2060950	3	-1	-1	-1	0	-1	-1		
72513	2060750	4	-1	-1	-1	0	-1	-1		
72513	2060750	5	-1	-1	-1	1	-1	-1		
72513	2060750	6	-1	-1	-1	0	-1	-1		
72611	2060250	1	-1	-1	-1	0	-1	-1		
72611	2060350	2	-1	-1	-1	0	-1	-1		
72611	2060250	3	-1	-1	-1	0	-1	-1		
72612	2060350	1	-1	-1	-1	0	-1	-1		
72612	2060950	2	-1	-1	-1	0	-1	-1		
72612	2060350	3	-1	-1	-1	0	-1	-1		
72612	2061150	5	-1	-1	-1	0	-1	-1		
72613	2060950	1	-1	-1	-1	0	-1	-1		
72613	2061650	2	-1	-1	-1	0	-1	-1		
72613	2060950	3	-1	-1	-1	0	-1	-1		
72613	2060750	4	-1	-1	-1	0	-1	-1		
72613	2061850	5	-1	-1	2	0	-1	-1		
72613	2060750	6	-1	-1	-1	0	-1	-1		
72711	2060250	1	-1	-1	-1	0	-1	-1		
72711	2060250	3	-1	-1	-1	0	-1	-1		
72711	2060350	5	-1	-1	-1	0	-1	-1		
72712	2060950	2	-1	-1	-1	0	-1	-1		
72712	2060350	4	-1	-1	-1	0	-1	-1		
72712	2060350	6	-1	-1	-1	0	-1	-1		
72712	2061150	7	-1	-1	-1	0	-1	-1		
72712	2061150	9	-1	-1	-1	0	-1	-1		
72713	2060950	1	-1	-1	-1	0	-1	-1		
72713	2061650	2	-1	-1	-1	0	-1	-1		
72713	2061450	3	-1	-1	-1	0	-1	-1		
72713	2060750	4	-1	-1	-1	0	-1	-1		
72713	2060750	5	-1	-1	2	0	-1	-1		
72713	2060750	6	-1	-1	-1	0	-1	-1		
72811	2060250	2	-1	-1	-1	0	-1	-1		
72811	2060250	4	-1	-1	-1	0	-1	-1		
72811	2060250	6	-1	-1	-1	0	-1	-1		
72812	2060950	2	-1	-1	-1	0	-1	-1		
72812	2060350	4	-1	-1	-1	0	-1	-1		
72812	2060350	6	-1	-1	-1	0	-1	-1		
72812	2061150	7	-1	-1	-1	0	-1	-1		
72812	2061150	9	-1	-1	-1	0	-1	-1		
72813	2060350	1	-1	-1	-1	0	-1	-1		
72813	2061950	2	-1	-1	-1	0	-1	-1		
72813	2061750	3	-1	-1	-1	0	-1	-1		
72813	2061150	4	-1	-1	-1	0	-1	-1		
72813	2061150	5	-1	-1	-1	0	-1	-1		
72813	2061150	6	-1	-1	-1	0	-1	-1		
72911	2060251	1	-1	-1	-1	0	-1	-1		
72911	2060251	2	-1	-1	-1	0	-1	-1		
72911	2060251	3	-1	-1	-1	0	-1	-1		
72911	2061151	5	-1	-1	-1	0	-1	-1		
72912	2060351	1	-1	-1	-1	0	-1	-1		
72912	2060951	2	-1	-1	-1	0	-1	-1		
72912	2060351	3	-1	-1	-1	0	-1	-1		
72912	2061151	4	-1	-1	-1	0	-1	-1		
72912	2061151	6	-1	-1	-1	0	-1	-1		
72913	2060351	1	-1	-1	2	0	-1	-1		
72913	2061951	2	-1	-1	-1	0	-1	-1		
72913	2060351	3	-1	-1	-1	0	-1	-1		
72913	2061851	4	-1	-1	-1	0	-1	-1		
72913	2061151	5	-1	-1	-1	0	-1	-1		
72913	2061151	6	-1	-1	-1	0	-1	-1		
73011	2060351	2	-1	-1	-1	0	-1	-1		
73011	2060251	4	-1	-1	-1	0	-1	-1		
73011	2060251	6	-1	-1	-1	0	-1	-1		
73012	2060251	1	-1	-1	-1	0	-1	-1		
73012	2060251	2	-1	-1	-1	0	-1	-1		
73012	2060251	3	-1	-1	-1	0	-1	-1		
73012	2061151	4	-1	-1	-1	0	-1	-1		
73012	2061151	6	-1	-1	-1	0	-1	-1		
73013	2061752	1	-1	-1	2	0	-1	-1		
73013	2060551	2	-1	-1	-1	0	-1	-1		
73013	2061953	3	-1	-1	-1	0	-1	-1		
73013	2060351	4	-1	-1	-1	0	-1	-1		
73013	2060351	5	-1	-1	-1	1	-1	-1		
73013	2060351	6	-1	-1	-1	0	-1	-1		
1121	200013	1	-1	-1	-1	0	-1	-1		
1121	200013	2	-1	-1	-1	0	-1	-1		
1121	200013	3	-1	-1	-1	0	-1	-1		
1122	200013	1	-1	-1	-1	0	-1	-1		
1122	200113	2	-1	-1	-1	1	-1	-1		
1122	200013	3	-1	-1	-1	0	-1	-1		
1122	200013	4	-1	-1	-1	0	-1	-1		
1122	200093	5	-1	-1	-1	0	-1	-1		
1122	200013	6	-1	-1	-1	0	-1	-1		
1221	200014	1	-1	-1	-1	0	-1	-1		
1221	200014	2	-1	-1	-1	0	-1	-1		
1221	200014	3	-1	-1	-1	0	-1	-1		
1222	200014	1	-1	-1	-1	0	-1	-1		
1222	200014	2	-1	-1	-1	0	-1	-1		
1222	200014	3	-1	-1	-1	0	-1	-1		
1222	200094	4	-1	-1	-1	0	-1	-1		
1222	200124	5	-1	-1	-1	1	-1	-1		
1222	200034	6	-1	-1	-1	0	-1	-1		
1321	200014	1	-1	-1	-1	0	-1	-1		
1321	200094	2	-1	-1	-1	0	-1	-1		
1321	200014	3	-1	-1	-1	0	-1	-1		
1322	200014	1	-1	-1	-1	0	-1	-1		
1322	200114	2	-1	-1	-1	1	-1	-1		
1322	200014	3	-1	-1	-1	0	-1	-1		
1322	200094	4	-1	-1	-1	0	-1	-1		
1322	200094	5	-1	-1	-1	0	-1	-1		
1322	200094	6	-1	-1	-1	0	-1	-1		
1421	200015	1	-1	-1	-1	0	-1	-1		
1421	200015	2	-1	-1	-1	0	-1	-1		
1421	200015	3	-1	-1	-1	0	-1	-1		
1421	200095	4	-1	-1	-1	0	-1	-1		
1422	200145	1	-1	-1	-1	1	-1	-1		
1422	200015	2	-1	-1	-1	0	-1	-1		
1422	200015	3	-1	-1	-1	0	-1	-1		
1422	200095	4	-1	-1	-1	0	-1	-1		
1422	200095	5	-1	-1	-1	0	-1	-1		
1422	200095	6	-1	-1	-1	0	-1	-1		
1521	200035	1	-1	-1	-1	0	-1	-1		
1521	200015	2	-1	-1	-1	0	-1	-1		
1521	200035	3	-1	-1	-1	0	-1	-1		
1521	200095	5	-1	-1	-1	0	-1	-1		
1522	200035	1	-1	-1	-1	0	-1	-1		
1522	200035	2	-1	-1	-1	0	-1	-1		
1522	200035	3	-1	-1	-1	0	-1	-1		
1522	200095	4	-1	-1	-1	0	-1	-1		
1522	200095	5	-1	-1	-1	0	-1	-1		
1522	200095	6	-1	-1	-1	0	-1	-1		
1523	200035	1	-1	-1	-1	0	-1	-1		
1523	200075	2	-1	-1	-1	0	-1	-1		
1523	200035	3	-1	-1	-1	0	-1	-1		
1523	200095	4	-1	-1	-1	0	-1	-1		
1523	200095	6	-1	-1	-1	0	-1	-1		
1621	200035	1	-1	-1	-1	0	-1	-1		
1621	200015	2	-1	-1	-1	0	-1	-1		
1621	200035	3	-1	-1	-1	0	-1	-1		
1621	200095	5	-1	-1	-1	0	-1	-1		
1622	200035	1	-1	-1	-1	0	-1	-1		
1622	200035	2	-1	-1	-1	0	-1	-1		
1622	200035	3	-1	-1	-1	0	-1	-1		
1622	200095	4	-1	-1	-1	0	-1	-1		
1622	200155	5	-1	-1	-1	1	-1	-1		
1622	200095	6	-1	-1	-1	0	-1	-1		
1721	200016	1	-1	-1	-1	0	-1	-1		
1721	200036	2	-1	-1	-1	0	-1	-1		
1721	200016	3	-1	-1	-1	0	-1	-1		
1721	200096	5	-1	-1	-1	0	-1	-1		
1722	200036	1	-1	-1	-1	0	-1	-1		
1722	200036	2	-1	-1	-1	0	-1	-1		
1722	200116	3	-1	-1	-1	1	-1	-1		
1722	200096	4	-1	-1	-1	0	-1	-1		
1722	200096	5	-1	-1	-1	0	-1	-1		
1722	200096	6	-1	-1	-1	0	-1	-1		
1821	200036	1	-1	-1	-1	0	-1	-1		
1821	200016	2	-1	-1	-1	0	-1	-1		
1821	200036	3	-1	-1	-1	0	-1	-1		
1821	200096	5	-1	-1	-1	0	-1	-1		
1822	200116	1	-1	-1	-1	1	-1	-1		
1822	200036	2	-1	-1	-1	0	-1	-1		
1822	200036	3	-1	-1	-1	0	-1	-1		
1822	200096	4	-1	-1	-1	0	-1	-1		
1822	200096	5	-1	-1	-1	0	-1	-1		
1822	200096	6	-1	-1	-1	0	-1	-1		
1921	200037	1	-1	-1	-1	0	-1	-1		
1921	200017	2	-1	-1	-1	0	-1	-1		
1921	200037	3	-1	-1	-1	0	-1	-1		
1921	200097	5	-1	-1	-1	0	-1	-1		
1922	200037	1	-1	-1	-1	0	-1	-1		
1922	200037	3	-1	-1	-1	0	-1	-1		
1922	200097	4	-1	-1	-1	0	-1	-1		
1922	200097	5	-1	-1	-1	0	-1	-1		
1922	200097	6	-1	-1	-1	0	-1	-1		
11021	200038	1	-1	-1	-1	0	-1	-1		
11021	200038	2	-1	-1	-1	0	-1	-1		
11021	200038	3	-1	-1	-1	0	-1	-1		
11022	200058	1	-1	-1	-1	0	-1	-1		
11022	200058	2	-1	-1	-1	0	-1	-1		
11022	200058	3	-1	-1	-1	0	-1	-1		
11022	200058	4	-1	-1	-1	0	-1	-1		
11022	200058	5	-1	-1	-1	0	-1	-1		
11022	200058	6	-1	-1	-1	0	-1	-1		
11023	200058	1	-1	-1	-1	0	-1	-1		
11023	200088	2	-1	-1	-1	0	-1	-1		
11023	200058	3	-1	-1	-1	0	-1	-1		
11023	200038	4	-1	-1	-1	0	-1	-1		
11023	200038	6	-1	-1	-1	0	-1	-1		
11121	200099	1	-1	-1	-1	0	-1	-1		
11121	200099	2	-1	-1	-1	0	-1	-1		
11121	200099	3	-1	-1	-1	0	-1	-1		
11121	200099	4	-1	-1	-1	0	-1	-1		
11121	200099	6	-1	-1	-1	0	-1	-1		
11122	200099	1	-1	-1	-1	0	-1	-1		
11122	200119	2	-1	-1	-1	1	-1	-1		
11122	200099	3	-1	-1	-1	0	-1	-1		
11122	200059	4	-1	-1	-1	0	-1	-1		
11122	200129	5	-1	-1	-1	1	-1	-1		
11122	200059	6	-1	-1	-1	0	-1	-1		
11221	2000310	1	-1	-1	-1	0	-1	-1		
11221	2000310	2	-1	-1	-1	0	-1	-1		
11221	2000310	3	-1	-1	-1	0	-1	-1		
11221	2000910	4	-1	-1	-1	0	-1	-1		
11222	2000110	1	-1	-1	-1	0	-1	-1		
11222	2001410	2	-1	-1	-1	1	-1	-1		
11222	2000510	3	-1	-1	-1	0	-1	-1		
11222	2001210	4	-1	-1	-1	1	-1	-1		
11321	2000310	1	-1	-1	-1	0	-1	-1		
11321	2000310	2	-1	-1	-1	0	-1	-1		
11321	2000310	3	-1	-1	-1	0	-1	-1		
11321	2000910	6	-1	-1	-1	0	-1	-1		
11322	2000510	1	-1	-1	-1	0	-1	-1		
11322	2001110	2	-1	-1	-1	1	-1	-1		
11322	2000510	3	-1	-1	-1	0	-1	-1		
11322	2000910	5	-1	-1	-1	0	-1	-1		
11322	2001510	8	-1	-1	-1	1	-1	-1		
11421	2000314	1	-1	-1	-1	0	-1	-1		
11421	2000314	2	-1	-1	-1	0	-1	-1		
11421	2000314	3	-1	-1	-1	0	-1	-1		
11421	2000914	4	-1	-1	-1	0	-1	-1		
11421	2000914	6	-1	-1	-1	0	-1	-1		
11422	2000414	1	-1	-1	-1	0	-1	-1		
11422	2000214	2	-1	-1	-1	0	-1	-1		
11422	2001314	3	-1	-1	-1	1	-1	-1		
11422	2001514	4	-1	-1	-1	1	-1	-1		
11422	2000914	5	-1	-1	-1	0	-1	-1		
11422	2000514	6	-1	-1	-1	0	-1	-1		
11521	2000314	1	-1	-1	-1	0	-1	-1		
11521	2000314	2	-1	-1	-1	0	-1	-1		
11521	2000314	3	-1	-1	-1	0	-1	-1		
11521	2000914	5	-1	-1	-1	0	-1	-1		
11522	2000414	1	-1	-1	-1	0	-1	-1		
11522	2000414	2	-1	-1	-1	0	-1	-1		
11522	2000414	3	-1	-1	-1	0	-1	-1		
11522	2000914	4	-1	-1	-1	0	-1	-1		
11522	2000914	5	-1	-1	-1	0	-1	-1		
11522	2000914	6	-1	-1	-1	0	-1	-1		
11523	2000314	1	-1	-1	-1	0	-1	-1		
11523	2001014	2	-1	-1	-1	0	-1	-1		
11523	2000314	3	-1	-1	-1	0	-1	-1		
11523	2000914	4	-1	-1	-1	0	-1	-1		
11523	2000914	6	-1	-1	-1	0	-1	-1		
2121	2050115	1	-1	-1	-1	0	-1	-1		
2121	2050115	2	-1	-1	-1	0	-1	-1		
2121	2050115	3	-1	-1	-1	0	-1	-1		
2121	2050115	4	-1	-1	-1	0	-1	-1		
2121	2050215	5	-1	-1	-1	0	-1	-1		
2121	2050115	6	-1	-1	-1	0	-1	-1		
2122	2050115	1	-1	-1	-1	0	-1	-1		
2122	2051215	2	-1	-1	-1	1	-1	-1		
2122	2050115	3	-1	-1	-1	0	-1	-1		
2122	2050615	4	-1	-1	-1	0	-1	-1		
2122	2050615	5	-1	-1	-1	0	-1	-1		
2122	2050615	6	-1	-1	-1	0	-1	-1		
2221	2050115	1	-1	-1	-1	0	-1	-1		
2221	2050415	2	-1	-1	-1	0	-1	-1		
2221	2050115	3	-1	-1	-1	0	-1	-1		
2221	2050415	4	-1	-1	-1	0	-1	-1		
2221	2050415	5	-1	-1	-1	0	-1	-1		
2221	2050415	6	-1	-1	-1	0	-1	-1		
2222	2050215	1	-1	-1	-1	0	-1	-1		
2222	2050115	2	-1	-1	-1	0	-1	-1		
2222	2050215	3	-1	-1	-1	0	-1	-1		
2222	2051415	4	-1	-1	-1	1	-1	-1		
2222	2050415	5	-1	-1	-1	0	-1	-1		
2222	2050615	6	-1	-1	-1	0	-1	-1		
2321	2050416	1	-1	-1	-1	0	-1	-1		
2321	2050216	2	-1	-1	-1	0	-1	-1		
2321	2050416	3	-1	-1	-1	0	-1	-1		
2322	2050116	1	-1	-1	-1	0	-1	-1		
2322	2051316	2	-1	-1	-1	1	-1	-1		
2322	2050116	3	-1	-1	-1	0	-1	-1		
2322	2050616	4	-1	-1	-1	0	-1	-1		
2322	2050616	5	-1	-1	-1	0	-1	-1		
2421	2050216	1	-1	-1	-1	0	-1	-1		
2421	2050216	2	-1	-1	-1	0	-1	-1		
2421	2050216	3	-1	-1	-1	0	-1	-1		
2422	2050216	1	-1	-1	-1	0	-1	-1		
2422	2051516	2	-1	-1	-1	1	-1	-1		
2422	2050216	3	-1	-1	-1	0	-1	-1		
2422	2050616	5	-1	-1	-1	0	-1	-1		
2422	2050616	6	-1	-1	-1	0	-1	-1		
2521	2050216	2	-1	-1	-1	0	-1	-1		
2521	2050216	4	-1	-1	-1	0	-1	-1		
2521	2050216	6	-1	-1	-1	0	-1	-1		
2522	2050216	1	-1	-1	-1	0	-1	-1		
2522	2050216	2	-1	-1	-1	0	-1	-1		
2522	2050216	3	-1	-1	-1	0	-1	-1		
2522	2050616	4	-1	-1	-1	0	-1	-1		
2522	2050216	5	-1	-1	-1	0	-1	-1		
2522	2050616	6	-1	-1	-1	0	-1	-1		
2523	2050216	1	-1	-1	-1	0	-1	-1		
2523	2050716	2	-1	-1	-1	0	-1	-1		
2523	2050216	3	-1	-1	-1	0	-1	-1		
2523	2050616	4	-1	-1	-1	0	-1	-1		
2523	2050616	5	-1	-1	-1	0	-1	-1		
2523	2050616	6	-1	-1	-1	0	-1	-1		
2621	2050516	2	-1	-1	-1	0	-1	-1		
2621	2050216	4	-1	-1	-1	0	-1	-1		
2621	2050216	6	-1	-1	-1	0	-1	-1		
2622	2050516	1	-1	-1	-1	0	-1	-1		
2622	2050516	3	-1	-1	-1	0	-1	-1		
2622	2050616	4	-1	-1	-1	0	-1	-1		
2622	2051616	5	-1	-1	-1	1	-1	-1		
2622	2050616	6	-1	-1	-1	0	-1	-1		
2721	2050517	1	-1	-1	-1	0	-1	-1		
2721	2050517	3	-1	-1	-1	0	-1	-1		
2721	2050217	5	-1	-1	-1	0	-1	-1		
2722	2050517	2	-1	-1	-1	0	-1	-1		
2722	2051217	3	-1	-1	-1	1	-1	-1		
2722	2050517	4	-1	-1	-1	0	-1	-1		
2722	2050617	5	-1	-1	-1	0	-1	-1		
2722	2050617	6	-1	-1	-1	0	-1	-1		
2821	2050217	1	-1	-1	-1	0	-1	-1		
2821	2050517	2	-1	-1	-1	0	-1	-1		
2821	2050217	3	-1	-1	-1	0	-1	-1		
2822	2050517	1	-1	-1	-1	0	-1	-1		
2822	2050517	2	-1	-1	-1	0	-1	-1		
2822	2050517	3	-1	-1	-1	0	-1	-1		
2822	2050617	5	-1	-1	-1	0	-1	-1		
2822	2051417	6	-1	-1	-1	1	-1	-1		
2921	2050217	1	-1	-1	-1	0	-1	-1		
2921	2050217	3	-1	-1	-1	0	-1	-1		
2921	2050217	5	-1	-1	-1	0	-1	-1		
2922	2051317	1	-1	-1	-1	1	-1	-1		
2922	2050517	2	-1	-1	-1	0	-1	-1		
2922	2050517	3	-1	-1	-1	0	-1	-1		
2922	2050517	4	-1	-1	-1	0	-1	-1		
2922	2050617	5	-1	-1	-1	0	-1	-1		
2922	2050517	6	-1	-1	-1	0	-1	-1		
21021	2050217	2	-1	-1	-1	0	-1	-1		
21021	2050217	4	-1	-1	-1	0	-1	-1		
21021	2050217	6	-1	-1	-1	0	-1	-1		
21022	2050217	1	-1	-1	-1	0	-1	-1		
21022	2050517	2	-1	-1	-1	0	-1	-1		
21022	2050217	3	-1	-1	-1	0	-1	-1		
21022	2050617	4	-1	-1	-1	0	-1	-1		
21022	2050617	6	-1	-1	-1	0	-1	-1		
21023	2050517	1	-1	-1	-1	0	-1	-1		
21023	2050817	2	-1	-1	-1	0	-1	-1		
21023	2050517	3	-1	-1	-1	0	-1	-1		
21023	2050217	4	-1	-1	-1	0	-1	-1		
21023	2050617	5	-1	-1	-1	0	-1	-1		
21023	2050217	6	-1	-1	-1	0	-1	-1		
21121	2050217	1	-1	-1	-1	0	-1	-1		
21121	2050217	2	-1	-1	-1	0	-1	-1		
21121	2050217	3	-1	-1	-1	0	-1	-1		
21121	2050617	4	-1	-1	-1	0	-1	-1		
21122	2051517	1	-1	-1	-1	1	-1	-1		
21122	2050317	2	-1	-1	-1	0	-1	-1		
21122	2050317	3	-1	-1	-1	0	-1	-1		
21122	2050617	5	-1	-1	-1	0	-1	-1		
21122	2050617	6	-1	-1	-1	0	-1	-1		
21221	2050218	1	-1	-1	-1	0	-1	-1		
21221	2050218	3	-1	-1	-1	0	-1	-1		
21221	2050218	5	-1	-1	-1	0	-1	-1		
21222	2051618	2	-1	-1	-1	1	-1	-1		
21222	2050318	4	-1	-1	-1	0	-1	-1		
21222	2050618	5	-1	-1	-1	0	-1	-1		
21222	2050318	6	-1	-1	-1	0	-1	-1		
21222	2050618	7	-1	-1	-1	0	-1	-1		
21222	2050618	9	-1	-1	-1	0	-1	-1		
21321	2050218	1	-1	-1	-1	0	-1	-1		
21321	2050218	2	-1	-1	-1	0	-1	-1		
21321	2050218	3	-1	-1	-1	0	-1	-1		
21322	2051218	1	-1	-1	-1	1	-1	-1		
21322	2050318	2	-1	-1	-1	0	-1	-1		
21322	2051218	3	-1	-1	-1	1	-1	-1		
21322	2050618	4	-1	-1	-1	0	-1	-1		
21322	2050618	6	-1	-1	-1	0	-1	-1		
21421	2050218	2	-1	-1	-1	0	-1	-1		
21421	2050218	4	-1	-1	-1	0	-1	-1		
21421	2050218	6	-1	-1	-1	0	-1	-1		
21422	2051318	2	-1	-1	-1	1	-1	-1		
21422	2050218	4	-1	-1	-1	0	-1	-1		
21422	2050218	6	-1	-1	-1	0	-1	-1		
21422	2051418	7	-1	-1	-1	1	-1	-1		
21422	2050618	9	-1	-1	-1	0	-1	-1		
21521	2050318	2	-1	-1	-1	0	-1	-1		
21521	2050218	4	-1	-1	-1	0	-1	-1		
21521	2050218	6	-1	-1	-1	0	-1	-1		
21522	2050218	1	-1	-1	-1	0	-1	-1		
21522	2050318	2	-1	-1	-1	0	-1	-1		
21522	2050218	3	-1	-1	-1	0	-1	-1		
21522	2050618	4	-1	-1	-1	0	-1	-1		
21522	2050618	6	-1	-1	-1	0	-1	-1		
21523	2050318	1	-1	-1	-1	0	-1	-1		
21523	2051118	2	-1	-1	-1	0	-1	-1		
21523	2050318	3	-1	-1	-1	0	-1	-1		
21523	2050618	4	-1	-1	-1	0	-1	-1		
21523	2050618	5	-1	-1	-1	0	-1	-1		
21523	2050618	6	-1	-1	-1	0	-1	-1		
21621	2050218	1	-1	-1	-1	0	-1	-1		
21621	2050318	2	-1	-1	-1	0	-1	-1		
21621	2050218	3	-1	-1	-1	0	-1	-1		
21622	2050318	1	-1	-1	-1	0	-1	-1		
21622	2051018	2	-1	-1	-1	0	-1	-1		
21622	2050318	3	-1	-1	-1	0	-1	-1		
21622	2050618	5	-1	-1	-1	0	-1	-1		
21623	2051018	1	-1	-1	-1	0	-1	-1		
21623	2051618	2	-1	-1	-1	1	-1	-1		
21623	2051518	3	-1	-1	-1	1	-1	-1		
21623	2050518	4	-1	-1	-1	0	-1	-1		
21623	2050518	5	-1	-1	-1	0	-1	-1		
21623	2050518	6	-1	-1	-1	0	-1	-1		
21721	2050218	1	-1	-1	-1	0	-1	-1		
21721	2050218	3	-1	-1	-1	0	-1	-1		
21721	2050318	5	-1	-1	-1	0	-1	-1		
21722	2051018	2	-1	-1	-1	0	-1	-1		
21722	2050318	4	-1	-1	-1	0	-1	-1		
21722	2050318	6	-1	-1	-1	0	-1	-1		
21722	2050618	7	-1	-1	-1	0	-1	-1		
21722	2050618	9	-1	-1	-1	0	-1	-1		
21723	2051518	1	-1	-1	-1	1	-1	-1		
21723	2051018	2	-1	-1	-1	0	-1	-1		
21723	2051018	3	-1	-1	-1	0	-1	-1		
21723	2050518	4	-1	-1	-1	0	-1	-1		
21723	2051418	5	-1	-1	-1	1	-1	-1		
21723	2050518	6	-1	-1	-1	0	-1	-1		
21821	2050218	2	-1	-1	-1	0	-1	-1		
21821	2050218	4	-1	-1	-1	0	-1	-1		
21821	2050218	6	-1	-1	-1	0	-1	-1		
21822	2051018	2	-1	-1	-1	0	-1	-1		
21822	2050318	4	-1	-1	-1	0	-1	-1		
21822	2050318	6	-1	-1	-1	0	-1	-1		
21822	2050618	7	-1	-1	-1	0	-1	-1		
21822	2050618	9	-1	-1	-1	0	-1	-1		
21823	2051318	1	-1	-1	-1	1	-1	-1		
21823	2051218	2	-1	-1	-1	1	-1	-1		
21823	2050318	3	-1	-1	-1	0	-1	-1		
21823	2050618	4	-1	-1	-1	0	-1	-1		
21823	2050618	5	-1	-1	-1	0	-1	-1		
21823	2050618	6	-1	-1	-1	0	-1	-1		
21921	2050221	1	-1	-1	-1	0	-1	-1		
21921	2050221	2	-1	-1	-1	0	-1	-1		
21921	2050221	3	-1	-1	-1	0	-1	-1		
21921	2050621	5	-1	-1	-1	0	-1	-1		
21922	2050321	1	-1	-1	-1	0	-1	-1		
21922	2051021	2	-1	-1	-1	0	-1	-1		
21922	2050321	3	-1	-1	-1	0	-1	-1		
21922	2050621	4	-1	-1	-1	0	-1	-1		
21922	2050621	6	-1	-1	-1	0	-1	-1		
21923	2050321	1	-1	-1	-1	0	-1	-1		
21923	2051621	2	-1	-1	-1	1	-1	-1		
21923	2050321	3	-1	-1	-1	0	-1	-1		
21923	2050621	4	-1	-1	-1	0	-1	-1		
21923	2051421	5	-1	-1	-1	1	-1	-1		
21923	2050621	6	-1	-1	-1	0	-1	-1		
22021	2050321	2	-1	-1	-1	0	-1	-1		
22021	2050221	4	-1	-1	-1	0	-1	-1		
22021	2050221	6	-1	-1	-1	0	-1	-1		
22022	2050221	1	-1	-1	-1	0	-1	-1		
22022	2050221	2	-1	-1	-1	0	-1	-1		
22022	2050221	3	-1	-1	-1	0	-1	-1		
22022	2050621	4	-1	-1	-1	0	-1	-1		
22022	2050621	6	-1	-1	-1	0	-1	-1		
22023	2051021	1	-1	-1	-1	0	-1	-1		
22023	2050921	2	-1	-1	-1	0	-1	-1		
22023	2051021	3	-1	-1	-1	0	-1	-1		
22023	2050321	4	-1	-1	-1	0	-1	-1		
22023	2050621	5	-1	-1	-1	0	-1	-1		
22023	2050321	6	-1	-1	-1	0	-1	-1		
3121	2040121	1	-1	-1	-1	0	-1	-1		
3121	2040121	2	-1	-1	-1	0	-1	-1		
3121	2040121	3	-1	-1	-1	0	-1	-1		
3122	2040121	1	-1	-1	-1	0	-1	-1		
3122	2040121	2	-1	-1	-1	0	-1	-1		
3122	2040121	3	-1	-1	-1	0	-1	-1		
3122	2040621	4	-1	-1	-1	0	-1	-1		
3122	2040621	5	-1	-1	-1	0	-1	-1		
3122	2040621	6	-1	-1	-1	0	-1	-1		
3123	2040221	1	-1	-1	-1	0	-1	-1		
3123	2041221	2	-1	-1	-1	1	-1	-1		
3123	2040221	3	-1	-1	-1	0	-1	-1		
3123	2040621	4	-1	-1	-1	0	-1	-1		
3123	2040621	5	-1	-1	-1	0	-1	-1		
3123	2040621	6	-1	-1	-1	0	-1	-1		
3221	2040121	1	-1	-1	-1	0	-1	-1		
3221	2040121	2	-1	-1	-1	0	-1	-1		
3221	2040121	3	-1	-1	-1	0	-1	-1		
3222	2040221	1	-1	-1	-1	0	-1	-1		
3222	2040221	2	-1	-1	-1	0	-1	-1		
3222	2040221	3	-1	-1	-1	0	-1	-1		
3222	2040621	4	-1	-1	-1	0	-1	-1		
3222	2040621	5	-1	-1	-1	0	-1	-1		
3222	2040621	6	-1	-1	-1	0	-1	-1		
3223	2040121	1	-1	-1	-1	0	-1	-1		
3223	2041321	2	-1	-1	-1	1	-1	-1		
3223	2040121	3	-1	-1	-1	0	-1	-1		
3223	2040621	4	-1	-1	-1	0	-1	-1		
3223	2040621	5	-1	-1	-1	0	-1	-1		
3223	2040621	6	-1	-1	-1	0	-1	-1		
3321	2040221	1	-1	-1	-1	0	-1	-1		
3321	2040221	2	-1	-1	-1	0	-1	-1		
3321	2040221	3	-1	-1	-1	0	-1	-1		
3322	2040321	1	-1	-1	-1	0	-1	-1		
3322	2040221	2	-1	-1	-1	0	-1	-1		
3322	2040321	3	-1	-1	-1	0	-1	-1		
3322	2040621	4	-1	-1	-1	0	-1	-1		
3322	2040621	5	-1	-1	-1	0	-1	-1		
3322	2040621	6	-1	-1	-1	0	-1	-1		
3323	2040321	1	-1	-1	-1	0	-1	-1		
3323	2041421	2	-1	-1	-1	1	-1	-1		
3323	2040321	3	-1	-1	-1	0	-1	-1		
3323	2040621	4	-1	-1	-1	0	-1	-1		
3323	2040221	5	-1	-1	-1	0	-1	-1		
3323	2040621	6	-1	-1	-1	0	-1	-1		
3421	2040221	1	-1	-1	-1	0	-1	-1		
3421	2040221	2	-1	-1	-1	0	-1	-1		
3421	2040221	3	-1	-1	-1	0	-1	-1		
3422	2040221	1	-1	-1	-1	0	-1	-1		
3422	2040321	2	-1	-1	-1	0	-1	-1		
3422	2040321	3	-1	-1	-1	0	-1	-1		
3422	2040621	4	-1	-1	-1	0	-1	-1		
3422	2040621	5	-1	-1	-1	0	-1	-1		
3422	2040621	6	-1	-1	-1	0	-1	-1		
3423	2040221	1	-1	-1	-1	0	-1	-1		
3423	2041521	2	-1	-1	-1	1	-1	-1		
3423	2040321	3	-1	-1	-1	0	-1	-1		
3423	2040221	4	-1	-1	-1	0	-1	-1		
3423	2040621	5	-1	-1	-1	0	-1	-1		
3423	2040621	6	-1	-1	-1	0	-1	-1		
3521	2040221	2	-1	-1	-1	0	-1	-1		
3521	2040221	4	-1	-1	-1	0	-1	-1		
3521	2040221	6	-1	-1	-1	0	-1	-1		
3522	2040221	1	-1	-1	-1	0	-1	-1		
3522	2040221	2	-1	-1	-1	0	-1	-1		
3522	2040221	3	-1	-1	-1	0	-1	-1		
3522	2040621	4	-1	-1	-1	0	-1	-1		
3522	2040621	5	-1	-1	-1	0	-1	-1		
3522	2040621	6	-1	-1	-1	0	-1	-1		
3523	2040321	1	-1	-1	-1	0	-1	-1		
3523	2040321	3	-1	-1	-1	0	-1	-1		
3523	2040221	4	-1	-1	-1	0	-1	-1		
3523	2041621	5	-1	-1	-1	1	-1	-1		
3523	2040221	6	-1	-1	-1	0	-1	-1		
3621	2040721	2	-1	-1	-1	0	-1	-1		
3621	2040221	4	-1	-1	-1	0	-1	-1		
3621	2040221	6	-1	-1	-1	0	-1	-1		
3622	2040521	1	-1	-1	-1	0	-1	-1		
3622	2040521	3	-1	-1	-1	0	-1	-1		
3622	2040621	4	-1	-1	-1	0	-1	-1		
3622	2040521	5	-1	-1	-1	0	-1	-1		
3622	2040621	6	-1	-1	-1	0	-1	-1		
3623	2040521	1	-1	-1	-1	0	-1	-1		
3623	2041221	2	-1	-1	-1	1	-1	-1		
3623	2040521	3	-1	-1	-1	0	-1	-1		
3623	2040621	4	-1	-1	-1	0	-1	-1		
3623	2040621	6	-1	-1	-1	0	-1	-1		
3721	2040721	1	-1	-1	-1	0	-1	-1		
3721	2040721	3	-1	-1	-1	0	-1	-1		
3721	2040221	5	-1	-1	-1	0	-1	-1		
3722	2040521	2	-1	-1	-1	0	-1	-1		
3722	2040521	3	-1	-1	-1	0	-1	-1		
3722	2040721	4	-1	-1	-1	0	-1	-1		
3722	2040621	5	-1	-1	-1	0	-1	-1		
3722	2040621	6	-1	-1	-1	0	-1	-1		
3723	2040521	1	-1	-1	-1	0	-1	-1		
3723	2041321	2	-1	-1	-1	1	-1	-1		
3723	2040521	3	-1	-1	-1	0	-1	-1		
3723	2040621	4	-1	-1	-1	0	-1	-1		
3723	2040621	5	-1	-1	-1	0	-1	-1		
3723	2040621	6	-1	-1	-1	0	-1	-1		
3821	2040221	1	-1	-1	-1	0	-1	-1		
3821	2040221	2	-1	-1	-1	0	-1	-1		
3821	2040221	3	-1	-1	-1	0	-1	-1		
3822	2040221	1	-1	-1	-1	0	-1	-1		
3822	2040321	2	-1	-1	-1	0	-1	-1		
3822	2040221	3	-1	-1	-1	0	-1	-1		
3822	2040621	4	-1	-1	-1	0	-1	-1		
3822	2040621	6	-1	-1	-1	0	-1	-1		
3823	2040321	1	-1	-1	-1	0	-1	-1		
3823	2040321	2	-1	-1	-1	0	-1	-1		
3823	2041421	3	-1	-1	-1	1	-1	-1		
3823	2040621	4	-1	-1	-1	0	-1	-1		
3823	2040621	5	-1	-1	-1	0	-1	-1		
3823	2040621	6	-1	-1	-1	0	-1	-1		
3921	2040221	2	-1	-1	-1	0	-1	-1		
3921	2040221	4	-1	-1	-1	0	-1	-1		
3921	2040221	6	-1	-1	-1	0	-1	-1		
3922	2040321	2	-1	-1	-1	0	-1	-1		
3922	2040221	4	-1	-1	-1	0	-1	-1		
3922	2040221	6	-1	-1	-1	0	-1	-1		
3922	2040621	7	-1	-1	-1	0	-1	-1		
3922	2040621	9	-1	-1	-1	0	-1	-1		
3923	2041521	1	-1	-1	-1	1	-1	-1		
3923	2040321	2	-1	-1	-1	0	-1	-1		
3923	2040321	3	-1	-1	-1	0	-1	-1		
3923	2040621	4	-1	-1	-1	0	-1	-1		
3923	2040621	5	-1	-1	-1	0	-1	-1		
3923	2040621	6	-1	-1	-1	0	-1	-1		
31021	2040221	2	-1	-1	-1	0	-1	-1		
31021	2040221	4	-1	-1	-1	0	-1	-1		
31021	2040221	6	-1	-1	-1	0	-1	-1		
31022	2040321	1	-1	-1	-1	0	-1	-1		
31022	2040321	2	-1	-1	-1	0	-1	-1		
31022	2040321	3	-1	-1	-1	0	-1	-1		
31022	2040821	4	-1	-1	-1	0	-1	-1		
31022	2040821	6	-1	-1	-1	0	-1	-1		
31023	2040321	1	-1	-1	-1	0	-1	-1		
31023	2040321	2	-1	-1	-1	0	-1	-1		
31023	2040321	3	-1	-1	-1	0	-1	-1		
31023	2041721	4	-1	-1	-1	1	-1	-1		
31023	2040821	5	-1	-1	-1	0	-1	-1		
31023	2040821	6	-1	-1	-1	0	-1	-1		
31121	2040221	1	-1	-1	-1	0	-1	-1		
31121	2040321	2	-1	-1	-1	0	-1	-1		
31121	2040221	3	-1	-1	-1	0	-1	-1		
31122	2040321	1	-1	-1	-1	0	-1	-1		
31122	2040321	2	-1	-1	-1	0	-1	-1		
31122	2040321	3	-1	-1	-1	0	-1	-1		
31122	2040821	5	-1	-1	-1	0	-1	-1		
31122	2040821	6	-1	-1	-1	0	-1	-1		
31123	2041221	1	-1	-1	-1	1	-1	-1		
31123	2040321	2	-1	-1	-1	0	-1	-1		
31123	2040321	3	-1	-1	-1	0	-1	-1		
31123	2040821	4	-1	-1	-1	0	-1	-1		
31123	2040821	5	-1	-1	-1	0	-1	-1		
31123	2040821	6	-1	-1	-1	0	-1	-1		
31221	2040224	1	-1	-1	-1	0	-1	-1		
31221	2040224	3	-1	-1	-1	0	-1	-1		
31221	2040324	5	-1	-1	-1	0	-1	-1		
31222	2040324	2	-1	-1	-1	0	-1	-1		
31222	2040324	4	-1	-1	-1	0	-1	-1		
31222	2040824	5	-1	-1	-1	0	-1	-1		
31222	2040324	6	-1	-1	-1	0	-1	-1		
31222	2040824	7	-1	-1	-1	0	-1	-1		
31223	2040324	1	-1	-1	-1	0	-1	-1		
31223	2041324	2	-1	-1	-1	1	-1	-1		
31223	2040324	3	-1	-1	-1	0	-1	-1		
31223	2040824	4	-1	-1	-1	0	-1	-1		
31223	2040824	5	-1	-1	-1	0	-1	-1		
31223	2040824	6	-1	-1	-1	0	-1	-1		
31321	2040224	1	-1	-1	-1	0	-1	-1		
31321	2040324	2	-1	-1	-1	0	-1	-1		
31321	2040224	3	-1	-1	-1	0	-1	-1		
31322	2040224	1	-1	-1	-1	0	-1	-1		
31322	2040324	2	-1	-1	-1	0	-1	-1		
31322	2040224	3	-1	-1	-1	0	-1	-1		
31322	2040824	4	-1	-1	-1	0	-1	-1		
31322	2040824	6	-1	-1	-1	0	-1	-1		
31323	2040324	1	-1	-1	-1	0	-1	-1		
31323	2040324	2	-1	-1	-1	0	-1	-1		
31323	2040324	3	-1	-1	-1	0	-1	-1		
31323	2040824	4	-1	-1	-1	0	-1	-1		
31323	2040824	5	-1	-1	-1	0	-1	-1		
31323	2040824	6	-1	-1	-1	0	-1	-1		
31421	2040224	2	-1	-1	-1	0	-1	-1		
31421	2040324	4	-1	-1	-1	0	-1	-1		
31421	2040224	6	-1	-1	-1	0	-1	-1		
31422	2040324	2	-1	-1	-1	0	-1	-1		
31422	2040224	4	-1	-1	-1	0	-1	-1		
31422	2040224	6	-1	-1	-1	0	-1	-1		
31422	2040824	7	-1	-1	-1	0	-1	-1		
31422	2040824	9	-1	-1	-1	0	-1	-1		
31423	2040324	1	-1	-1	-1	0	-1	-1		
31423	2040324	2	-1	-1	-1	0	-1	-1		
31423	2041424	3	-1	-1	-1	1	-1	-1		
31423	2040824	4	-1	-1	-1	0	-1	-1		
31423	2040824	5	-1	-1	-1	0	-1	-1		
31423	2040824	6	-1	-1	-1	0	-1	-1		
31521	2040324	2	-1	-1	-1	0	-1	-1		
31521	2040224	4	-1	-1	-1	0	-1	-1		
31521	2040224	6	-1	-1	-1	0	-1	-1		
31522	2040224	1	-1	-1	-1	0	-1	-1		
31522	2040224	2	-1	-1	-1	0	-1	-1		
31522	2040224	3	-1	-1	-1	0	-1	-1		
31522	2040824	4	-1	-1	-1	0	-1	-1		
31522	2040824	5	-1	-1	-1	0	-1	-1		
31522	2040824	6	-1	-1	-1	0	-1	-1		
31523	2040324	1	-1	-1	-1	0	-1	-1		
31523	2040924	2	-1	-1	-1	0	-1	-1		
31523	2040324	3	-1	-1	-1	0	-1	-1		
31523	2040324	4	-1	-1	-1	0	-1	-1		
31523	2040324	6	-1	-1	-1	0	-1	-1		
31621	2040224	2	-1	-1	-1	0	-1	-1		
31621	2040224	4	-1	-1	-1	0	-1	-1		
31621	2040324	6	-1	-1	-1	0	-1	-1		
31622	2040724	2	-1	-1	-1	0	-1	-1		
31622	2040224	4	-1	-1	-1	0	-1	-1		
31622	2040224	6	-1	-1	-1	0	-1	-1		
31622	2040824	7	-1	-1	-1	0	-1	-1		
31622	2040824	9	-1	-1	-1	0	-1	-1		
31623	2041224	1	-1	-1	-1	1	-1	-1		
31623	2040724	2	-1	-1	-1	0	-1	-1		
31623	2041224	3	-1	-1	-1	1	-1	-1		
31623	2040824	4	-1	-1	-1	0	-1	-1		
31623	2040824	6	-1	-1	-1	0	-1	-1		
31721	2040224	1	-1	-1	-1	0	-1	-1		
31721	2040324	2	-1	-1	-1	0	-1	-1		
31721	2040224	3	-1	-1	-1	0	-1	-1		
31722	2040224	1	-1	-1	-1	0	-1	-1		
31722	2040724	2	-1	-1	-1	0	-1	-1		
31722	2040224	3	-1	-1	-1	0	-1	-1		
31722	2040824	4	-1	-1	-1	0	-1	-1		
31722	2040824	6	-1	-1	-1	0	-1	-1		
31723	2041324	1	-1	-1	-1	1	-1	-1		
31723	2040724	2	-1	-1	-1	0	-1	-1		
31723	2041524	3	-1	-1	-1	1	-1	-1		
31723	2040824	4	-1	-1	-1	0	-1	-1		
31723	2040824	5	-1	-1	-1	0	-1	-1		
31723	2040824	6	-1	-1	-1	0	-1	-1		
31821	2040724	2	-1	-1	-1	0	-1	-1		
31821	2040224	4	-1	-1	-1	0	-1	-1		
31821	2040224	6	-1	-1	-1	0	-1	-1		
31822	2040524	1	-1	-1	-1	0	-1	-1		
31822	2040524	3	-1	-1	-1	0	-1	-1		
31822	2040824	4	-1	-1	-1	0	-1	-1		
31822	2040524	5	-1	-1	-1	0	-1	-1		
31822	2040824	6	-1	-1	-1	0	-1	-1		
31823	2040524	1	-1	-1	-1	0	-1	-1		
31823	2041524	2	-1	-1	-1	1	-1	-1		
31823	2041424	3	-1	-1	-1	1	-1	-1		
31823	2040824	4	-1	-1	-1	0	-1	-1		
31823	2040824	5	-1	-1	-1	0	-1	-1		
31823	2040824	6	-1	-1	-1	0	-1	-1		
31921	2040724	1	-1	-1	-1	0	-1	-1		
31921	2040724	3	-1	-1	-1	0	-1	-1		
31921	2040224	5	-1	-1	-1	0	-1	-1		
31922	2040524	2	-1	-1	-1	0	-1	-1		
31922	2040524	3	-1	-1	-1	0	-1	-1		
31922	2040524	4	-1	-1	-1	0	-1	-1		
31922	2040824	5	-1	-1	-1	0	-1	-1		
31922	2040824	6	-1	-1	-1	0	-1	-1		
31922	2040824	7	-1	-1	-1	0	-1	-1		
31923	2040524	1	-1	-1	-1	0	-1	-1		
31923	2041224	2	-1	-1	-1	1	-1	-1		
31923	2041424	3	-1	-1	-1	1	-1	-1		
31923	2040824	4	-1	-1	-1	0	-1	-1		
31923	2040824	5	-1	-1	-1	0	-1	-1		
31923	2040824	6	-1	-1	-1	0	-1	-1		
32021	2040324	2	-1	-1	-1	0	-1	-1		
32021	2040224	4	-1	-1	-1	0	-1	-1		
32021	2040224	6	-1	-1	-1	0	-1	-1		
32022	2040324	1	-1	-1	-1	0	-1	-1		
32022	2040324	2	-1	-1	-1	0	-1	-1		
32022	2040324	3	-1	-1	-1	0	-1	-1		
32022	2040824	4	-1	-1	-1	0	-1	-1		
32022	2040824	6	-1	-1	-1	0	-1	-1		
32023	2040524	1	-1	-1	-1	0	-1	-1		
32023	2040524	2	-1	-1	-1	0	-1	-1		
32023	2040524	3	-1	-1	-1	0	-1	-1		
32023	2040824	4	-1	-1	-1	0	-1	-1		
32023	2041024	5	-1	-1	-1	0	-1	-1		
32023	2040824	6	-1	-1	-1	0	-1	-1		
32121	2040224	1	-1	-1	-1	0	-1	-1		
32121	2040324	2	-1	-1	-1	0	-1	-1		
32121	2040224	3	-1	-1	-1	0	-1	-1		
32122	2040324	1	-1	-1	-1	0	-1	-1		
32122	2040724	2	-1	-1	-1	0	-1	-1		
32122	2040324	3	-1	-1	-1	0	-1	-1		
32122	2040824	5	-1	-1	-1	0	-1	-1		
32123	2041224	1	-1	-1	-1	1	-1	-1		
32123	2040724	2	-1	-1	-1	0	-1	-1		
32123	2041624	3	-1	-1	-1	1	-1	-1		
32123	2040824	4	-1	-1	-1	0	-1	-1		
32123	2040824	5	-1	-1	-1	0	-1	-1		
32123	2040824	6	-1	-1	-1	0	-1	-1		
32221	2040224	1	-1	-1	-1	0	-1	-1		
32221	2040224	3	-1	-1	-1	0	-1	-1		
32221	2040324	5	-1	-1	-1	0	-1	-1		
32222	2040724	2	-1	-1	-1	0	-1	-1		
32222	2040324	4	-1	-1	-1	0	-1	-1		
32222	2040324	6	-1	-1	-1	0	-1	-1		
32222	2040824	7	-1	-1	-1	0	-1	-1		
32222	2040824	9	-1	-1	-1	0	-1	-1		
32223	2040724	1	-1	-1	-1	0	-1	-1		
32223	2041324	2	-1	-1	-1	1	-1	-1		
32223	2040724	3	-1	-1	-1	0	-1	-1		
32223	2040824	4	-1	-1	-1	0	-1	-1		
32223	2040824	5	-1	-1	-1	0	-1	-1		
32223	2041724	6	-1	-1	-1	1	-1	-1		
32321	2040227	2	-1	-1	-1	0	-1	-1		
32321	2040327	4	-1	-1	-1	0	-1	-1		
32321	2040327	6	-1	-1	-1	0	-1	-1		
32322	2040727	2	-1	-1	-1	0	-1	-1		
32322	2040327	4	-1	-1	-1	0	-1	-1		
32322	2040327	6	-1	-1	-1	0	-1	-1		
32322	2040827	7	-1	-1	-1	0	-1	-1		
32322	2040827	9	-1	-1	-1	0	-1	-1		
32323	2040327	1	-1	-1	-1	0	-1	-1		
32323	2041627	2	-1	-1	-1	1	-1	-1		
32323	2041527	3	-1	-1	-1	1	-1	-1		
32323	2040827	4	-1	-1	-1	0	-1	-1		
32323	2040827	5	-1	-1	-1	0	-1	-1		
32323	2040827	6	-1	-1	-1	0	-1	-1		
32421	2040227	1	-1	-1	-1	0	-1	-1		
32421	2040127	2	-1	-1	-1	0	-1	-1		
32421	2040227	3	-1	-1	-1	0	-1	-1		
32421	2040827	5	-1	-1	-1	0	-1	-1		
32422	2040327	1	-1	-1	-1	0	-1	-1		
32422	2040727	2	-1	-1	-1	0	-1	-1		
32422	2040327	3	-1	-1	-1	0	-1	-1		
32422	2040827	4	-1	-1	-1	0	-1	-1		
32422	2040827	6	-1	-1	-1	0	-1	-1		
32423	2041427	1	-1	-1	-1	1	-1	-1		
32423	2040727	2	-1	-1	-1	0	-1	-1		
32423	2040327	3	-1	-1	-1	0	-1	-1		
32423	2041727	4	-1	-1	-1	1	-1	-1		
32423	2040827	5	-1	-1	-1	0	-1	-1		
32423	2040827	6	-1	-1	-1	0	-1	-1		
32521	2040327	2	-1	-1	-1	0	-1	-1		
32521	2040227	4	-1	-1	-1	0	-1	-1		
32521	2040227	6	-1	-1	-1	0	-1	-1		
32522	2040227	1	-1	-1	-1	0	-1	-1		
32522	2040227	2	-1	-1	-1	0	-1	-1		
32522	2040227	3	-1	-1	-1	0	-1	-1		
32522	2040827	4	-1	-1	-1	0	-1	-1		
32522	2040827	5	-1	-1	-1	0	-1	-1		
32522	2040827	6	-1	-1	-1	0	-1	-1		
32523	2040727	1	-1	-1	-1	0	-1	-1		
32523	2040727	2	-1	-1	-1	0	-1	-1		
32523	2040727	3	-1	-1	-1	0	-1	-1		
32523	2040327	4	-1	-1	-1	0	-1	-1		
32523	2041127	5	-1	-1	-1	0	-1	-1		
32523	2040327	6	-1	-1	-1	0	-1	-1		
4121	2010127	1	-1	-1	-1	0	-1	-1		
4121	2010127	2	-1	-1	-1	0	-1	-1		
4121	2010127	3	-1	-1	-1	0	-1	-1		
4122	2010127	1	-1	-1	-1	0	-1	-1		
4122	2010127	2	-1	-1	-1	0	-1	-1		
4122	2010127	3	-1	-1	-1	0	-1	-1		
4122	2010627	4	-1	-1	-1	0	-1	-1		
4122	2010627	5	-1	-1	-1	0	-1	-1		
4122	2010627	6	-1	-1	-1	0	-1	-1		
4123	2010227	1	-1	-1	-1	0	-1	-1		
4123	2011127	2	-1	-1	-1	1	-1	-1		
4123	2010227	3	-1	-1	-1	0	-1	-1		
4123	2010627	4	-1	-1	-1	0	-1	-1		
4123	2010627	5	-1	-1	-1	0	-1	-1		
4123	2010627	6	-1	-1	-1	0	-1	-1		
4221	2010127	1	-1	-1	-1	0	-1	-1		
4221	2010227	2	-1	-1	-1	0	-1	-1		
4221	2010127	3	-1	-1	-1	0	-1	-1		
4222	2010227	1	-1	-1	-1	0	-1	-1		
4222	2010127	2	-1	-1	-1	0	-1	-1		
4222	2010227	3	-1	-1	-1	0	-1	-1		
4222	2010627	4	-1	-1	-1	0	-1	-1		
4222	2010627	5	-1	-1	-1	0	-1	-1		
4222	2010627	6	-1	-1	-1	0	-1	-1		
4223	2010227	1	-1	-1	-1	0	-1	-1		
4223	2011327	2	-1	-1	-1	1	-1	-1		
4223	2010227	3	-1	-1	-1	0	-1	-1		
4223	2010627	4	-1	-1	-1	0	-1	-1		
4223	2010627	5	-1	-1	-1	0	-1	-1		
4223	2010627	6	-1	-1	-1	0	-1	-1		
4321	2010227	1	-1	-1	-1	0	-1	-1		
4321	2010127	2	-1	-1	-1	0	-1	-1		
4321	2010227	3	-1	-1	-1	0	-1	-1		
4322	2010127	1	-1	-1	-1	0	-1	-1		
4322	2010227	2	-1	-1	-1	0	-1	-1		
4322	2010127	3	-1	-1	-1	0	-1	-1		
4322	2010627	4	-1	-1	-1	0	-1	-1		
4322	2010627	5	-1	-1	-1	0	-1	-1		
4322	2010627	6	-1	-1	-1	0	-1	-1		
4323	2010227	1	-1	-1	-1	0	-1	-1		
4323	2011227	2	-1	-1	-1	1	-1	-1		
4323	2010227	3	-1	-1	-1	0	-1	-1		
4323	2010627	4	-1	-1	-1	0	-1	-1		
4323	2010627	5	-1	-1	-1	0	-1	-1		
4323	2010627	6	-1	-1	-1	0	-1	-1		
4421	2010227	1	-1	-1	-1	0	-1	-1		
4421	2010227	2	-1	-1	-1	0	-1	-1		
4421	2010227	3	-1	-1	-1	0	-1	-1		
4422	2010227	1	-1	-1	-1	0	-1	-1		
4422	2010227	2	-1	-1	-1	0	-1	-1		
4422	2010227	3	-1	-1	-1	0	-1	-1		
4422	2010627	4	-1	-1	-1	0	-1	-1		
4422	2010627	5	-1	-1	-1	0	-1	-1		
4422	2010627	6	-1	-1	-1	0	-1	-1		
4423	2010227	1	-1	-1	-1	0	-1	-1		
4423	2010427	2	-1	-1	-1	0	-1	-1		
4423	2010227	3	-1	-1	-1	0	-1	-1		
4423	2010227	4	-1	-1	-1	0	-1	-1		
4423	2011427	5	-1	-1	-1	1	-1	-1		
4423	2010227	6	-1	-1	-1	0	-1	-1		
4521	2010227	1	-1	-1	-1	0	-1	-1		
4521	2010227	2	-1	-1	-1	0	-1	-1		
4521	2010227	3	-1	-1	-1	0	-1	-1		
4522	2010227	1	-1	-1	-1	0	-1	-1		
4522	2010227	2	-1	-1	-1	0	-1	-1		
4522	2010227	3	-1	-1	-1	0	-1	-1		
4522	2010627	4	-1	-1	-1	0	-1	-1		
4522	2010627	5	-1	-1	-1	0	-1	-1		
4522	2010627	6	-1	-1	-1	0	-1	-1		
4523	2010327	1	-1	-1	-1	0	-1	-1		
4523	2010227	2	-1	-1	-1	0	-1	-1		
4523	2010327	3	-1	-1	-1	0	-1	-1		
4523	2010227	4	-1	-1	-1	0	-1	-1		
4523	2011627	5	-1	-1	-1	1	-1	-1		
4523	2010227	6	-1	-1	-1	0	-1	-1		
4621	2010227	1	-1	-1	-1	0	-1	-1		
4621	2010227	2	-1	-1	-1	0	-1	-1		
4621	2010227	3	-1	-1	-1	0	-1	-1		
4622	2010327	1	-1	-1	-1	0	-1	-1		
4622	2010227	2	-1	-1	-1	0	-1	-1		
4622	2010327	3	-1	-1	-1	0	-1	-1		
4622	2010627	4	-1	-1	-1	0	-1	-1		
4622	2010227	5	-1	-1	-1	0	-1	-1		
4622	2010627	6	-1	-1	-1	0	-1	-1		
4623	2010327	1	-1	-1	-1	0	-1	-1		
4623	2011127	2	-1	-1	-1	1	-1	-1		
4623	2010327	3	-1	-1	-1	0	-1	-1		
4623	2010227	4	-1	-1	-1	0	-1	-1		
4623	2010227	5	-1	-1	-1	0	-1	-1		
4623	2010227	6	-1	-1	-1	0	-1	-1		
4721	2010229	1	-1	-1	-1	0	-1	-1		
4721	2010229	2	-1	-1	-1	0	-1	-1		
4721	2010229	3	-1	-1	-1	0	-1	-1		
4722	2010229	1	-1	-1	-1	0	-1	-1		
4722	2010329	2	-1	-1	-1	0	-1	-1		
4722	2010329	3	-1	-1	-1	0	-1	-1		
4722	2010229	4	-1	-1	-1	0	-1	-1		
4722	2010629	5	-1	-1	-1	0	-1	-1		
4722	2010629	6	-1	-1	-1	0	-1	-1		
4723	2010229	1	-1	-1	-1	0	-1	-1		
4723	2010229	2	-1	-1	-1	0	-1	-1		
4723	2011329	3	-1	-1	-1	1	-1	-1		
4723	2010229	4	-1	-1	-1	0	-1	-1		
4723	2010629	5	-1	-1	-1	0	-1	-1		
4723	2010629	6	-1	-1	-1	0	-1	-1		
4821	2010229	1	-1	-1	-1	0	-1	-1		
4821	2010229	2	-1	-1	-1	0	-1	-1		
4821	2010229	3	-1	-1	-1	0	-1	-1		
4822	2010229	1	-1	-1	-1	0	-1	-1		
4822	2010229	2	-1	-1	-1	0	-1	-1		
4822	2010229	3	-1	-1	-1	0	-1	-1		
4822	2010629	4	-1	-1	-1	0	-1	-1		
4822	2010629	5	-1	-1	-1	0	-1	-1		
4822	2010629	6	-1	-1	-1	0	-1	-1		
4823	2011229	1	-1	-1	-1	1	-1	-1		
4823	2010429	2	-1	-1	-1	0	-1	-1		
4823	2010429	3	-1	-1	-1	0	-1	-1		
4823	2010229	4	-1	-1	-1	0	-1	-1		
4823	2010829	5	-1	-1	-1	0	-1	-1		
4823	2010229	6	-1	-1	-1	0	-1	-1		
4921	2010229	1	-1	-1	-1	0	-1	-1		
4921	2010229	2	-1	-1	-1	0	-1	-1		
4921	2010229	3	-1	-1	-1	0	-1	-1		
4922	2010229	1	-1	-1	-1	0	-1	-1		
4922	2010329	2	-1	-1	-1	0	-1	-1		
4922	2010329	3	-1	-1	-1	0	-1	-1		
4922	2010629	4	-1	-1	-1	0	-1	-1		
4922	2010229	5	-1	-1	-1	0	-1	-1		
4922	2010229	6	-1	-1	-1	0	-1	-1		
4923	2010229	1	-1	-1	-1	0	-1	-1		
4923	2010229	2	-1	-1	-1	0	-1	-1		
4923	2010229	3	-1	-1	-1	0	-1	-1		
4923	2011429	4	-1	-1	-1	1	-1	-1		
4923	2010629	5	-1	-1	-1	0	-1	-1		
4923	2010629	6	-1	-1	-1	0	-1	-1		
41021	2010229	1	-1	-1	-1	0	-1	-1		
41021	2010229	2	-1	-1	-1	0	-1	-1		
41021	2010229	3	-1	-1	-1	0	-1	-1		
41022	2010229	1	-1	-1	-1	0	-1	-1		
41022	2010229	2	-1	-1	-1	0	-1	-1		
41022	2010229	3	-1	-1	-1	0	-1	-1		
41022	2010629	4	-1	-1	-1	0	-1	-1		
41022	2010629	5	-1	-1	-1	0	-1	-1		
41022	2010629	6	-1	-1	-1	0	-1	-1		
41023	2010229	1	-1	-1	-1	0	-1	-1		
41023	2011529	2	-1	-1	-1	1	-1	-1		
41023	2010229	3	-1	-1	-1	0	-1	-1		
41023	2010629	4	-1	-1	-1	0	-1	-1		
41023	2010629	5	-1	-1	-1	0	-1	-1		
41023	2010629	6	-1	-1	-1	0	-1	-1		
41121	2010229	1	-1	-1	-1	0	-1	-1		
41121	2010429	2	-1	-1	-1	0	-1	-1		
41121	2010229	3	-1	-1	-1	0	-1	-1		
41122	2010429	1	-1	-1	-1	0	-1	-1		
41122	2010229	2	-1	-1	-1	0	-1	-1		
41122	2010429	3	-1	-1	-1	0	-1	-1		
41122	2010629	4	-1	-1	-1	0	-1	-1		
41122	2010629	5	-1	-1	-1	0	-1	-1		
41122	2010629	6	-1	-1	-1	0	-1	-1		
41123	2011129	1	-1	-1	-1	1	-1	-1		
41123	2010429	2	-1	-1	-1	0	-1	-1		
41123	2010229	3	-1	-1	-1	0	-1	-1		
41123	2010629	4	-1	-1	-1	0	-1	-1		
41123	2010629	5	-1	-1	-1	0	-1	-1		
41123	2010629	6	-1	-1	-1	0	-1	-1		
41221	2010229	1	-1	-1	-1	0	-1	-1		
41221	2010429	2	-1	-1	-1	0	-1	-1		
41221	2010229	3	-1	-1	-1	0	-1	-1		
41222	2010429	1	-1	-1	-1	0	-1	-1		
41222	2000729	2	-1	-1	-1	0	-1	-1		
41222	2010429	3	-1	-1	-1	0	-1	-1		
41222	2010629	4	-1	-1	-1	0	-1	-1		
41222	2010629	5	-1	-1	-1	0	-1	-1		
41222	2010629	6	-1	-1	-1	0	-1	-1		
41223	2010529	1	-1	-1	-1	0	-1	-1		
41223	2011329	2	-1	-1	-1	1	-1	-1		
41223	2010529	3	-1	-1	-1	0	-1	-1		
41223	2010629	4	-1	-1	-1	0	-1	-1		
41223	2010629	5	-1	-1	-1	0	-1	-1		
41223	2010629	6	-1	-1	-1	0	-1	-1		
41321	2010229	1	-1	-1	-1	0	-1	-1		
41321	2010229	2	-1	-1	-1	0	-1	-1		
41321	2010229	3	-1	-1	-1	0	-1	-1		
41322	2010329	1	-1	-1	-1	0	-1	-1		
41322	2010429	2	-1	-1	-1	0	-1	-1		
41322	2010329	3	-1	-1	-1	0	-1	-1		
41322	2010629	4	-1	-1	-1	0	-1	-1		
41322	2010229	5	-1	-1	-1	0	-1	-1		
41322	2010629	6	-1	-1	-1	0	-1	-1		
41323	2011229	1	-1	-1	-1	1	-1	-1		
41323	2010229	2	-1	-1	-1	0	-1	-1		
41323	2010329	3	-1	-1	-1	0	-1	-1		
41323	2010229	4	-1	-1	-1	0	-1	-1		
41323	2010229	5	-1	-1	-1	0	-1	-1		
41323	2010429	6	-1	-1	-1	0	-1	-1		
41421	2010229	1	-1	-1	-1	0	-1	-1		
41421	2010229	2	-1	-1	-1	0	-1	-1		
41421	2010229	3	-1	-1	-1	0	-1	-1		
41422	2010429	1	-1	-1	-1	0	-1	-1		
41422	2010329	2	-1	-1	-1	0	-1	-1		
41422	2010329	3	-1	-1	-1	0	-1	-1		
41422	2010229	4	-1	-1	-1	0	-1	-1		
41422	2010629	5	-1	-1	-1	0	-1	-1		
41422	2010629	6	-1	-1	-1	0	-1	-1		
41423	2010229	1	-1	-1	-1	0	-1	-1		
41423	2010329	2	-1	-1	-1	0	-1	-1		
41423	2010329	3	-1	-1	-1	0	-1	-1		
41423	2010229	4	-1	-1	-1	0	-1	-1		
41423	2011429	5	-1	-1	-1	1	-1	-1		
41423	2010429	6	-1	-1	-1	0	-1	-1		
41521	2010231	1	-1	-1	-1	0	-1	-1		
41521	2010231	2	-1	-1	-1	0	-1	-1		
41521	2010231	3	-1	-1	-1	0	-1	-1		
41522	2010431	1	-1	-1	-1	0	-1	-1		
41522	2010431	2	-1	-1	-1	0	-1	-1		
41522	2010431	3	-1	-1	-1	0	-1	-1		
41522	2010631	4	-1	-1	-1	0	-1	-1		
41522	2010631	5	-1	-1	-1	0	-1	-1		
41522	2010631	6	-1	-1	-1	0	-1	-1		
41523	2010531	1	-1	-1	-1	0	-1	-1		
41523	2010531	2	-1	-1	-1	0	-1	-1		
41523	2010531	3	-1	-1	-1	0	-1	-1		
41523	2010631	4	-1	-1	-1	0	-1	-1		
41523	2011631	5	-1	-1	-1	1	-1	-1		
41523	2010631	6	-1	-1	-1	0	-1	-1		
41621	2010231	1	-1	-1	-1	0	-1	-1		
41621	2010431	2	-1	-1	-1	0	-1	-1		
41621	2010231	3	-1	-1	-1	0	-1	-1		
41622	2010231	1	-1	-1	-1	0	-1	-1		
41622	2010531	2	-1	-1	-1	0	-1	-1		
41622	2010231	3	-1	-1	-1	0	-1	-1		
41622	2010631	4	-1	-1	-1	0	-1	-1		
41622	2010631	5	-1	-1	-1	0	-1	-1		
41622	2010631	6	-1	-1	-1	0	-1	-1		
41623	2011131	1	-1	-1	-1	1	-1	-1		
41623	2010531	2	-1	-1	-1	0	-1	-1		
41623	2011131	3	-1	-1	-1	1	-1	-1		
41623	2010631	4	-1	-1	-1	0	-1	-1		
41623	2010731	5	-1	-1	-1	0	-1	-1		
41623	2010631	6	-1	-1	-1	0	-1	-1		
41721	2010231	1	-1	-1	-1	0	-1	-1		
41721	2010231	2	-1	-1	-1	0	-1	-1		
41721	2010231	3	-1	-1	-1	0	-1	-1		
41722	2010531	1	-1	-1	-1	0	-1	-1		
41722	2010231	2	-1	-1	-1	0	-1	-1		
41722	2010531	3	-1	-1	-1	0	-1	-1		
41722	2010231	4	-1	-1	-1	0	-1	-1		
41722	2010631	5	-1	-1	-1	0	-1	-1		
41722	2010231	6	-1	-1	-1	0	-1	-1		
41723	2010531	1	-1	-1	-1	0	-1	-1		
41723	2011331	2	-1	-1	-1	1	-1	-1		
41723	2011231	3	-1	-1	-1	1	-1	-1		
41723	2010631	4	-1	-1	-1	0	-1	-1		
41723	2010631	5	-1	-1	-1	0	-1	-1		
41723	2010631	6	-1	-1	-1	0	-1	-1		
41821	2010231	1	-1	-1	-1	0	-1	-1		
41821	2010431	2	-1	-1	-1	0	-1	-1		
41821	2010231	3	-1	-1	-1	0	-1	-1		
41822	2010431	1	-1	-1	-1	0	-1	-1		
41822	2010531	2	-1	-1	-1	0	-1	-1		
41822	2010431	3	-1	-1	-1	0	-1	-1		
41822	2010631	4	-1	-1	-1	0	-1	-1		
41822	2010631	5	-1	-1	-1	0	-1	-1		
41822	2010631	6	-1	-1	-1	0	-1	-1		
41823	2010531	1	-1	-1	-1	0	-1	-1		
41823	2010431	2	-1	-1	-1	0	-1	-1		
41823	2011131	3	-1	-1	-1	1	-1	-1		
41823	2010631	4	-1	-1	-1	0	-1	-1		
41823	2010631	5	-1	-1	-1	0	-1	-1		
41823	2011431	6	-1	-1	-1	1	-1	-1		
41921	2010231	1	-1	-1	-1	0	-1	-1		
41921	2010431	2	-1	-1	-1	0	-1	-1		
41921	2010231	3	-1	-1	-1	0	-1	-1		
41922	2010231	1	-1	-1	-1	0	-1	-1		
41922	2010531	2	-1	-1	-1	0	-1	-1		
41922	2010231	3	-1	-1	-1	0	-1	-1		
41922	2010631	4	-1	-1	-1	0	-1	-1		
41922	2010631	5	-1	-1	-1	0	-1	-1		
41922	2010631	6	-1	-1	-1	0	-1	-1		
41923	2011231	1	-1	-1	-1	1	-1	-1		
41923	2010531	2	-1	-1	-1	0	-1	-1		
41923	2010431	3	-1	-1	-1	0	-1	-1		
41923	2011431	4	-1	-1	-1	1	-1	-1		
41923	2010631	5	-1	-1	-1	0	-1	-1		
41923	2010631	6	-1	-1	-1	0	-1	-1		
42021	2010231	1	-1	-1	-1	0	-1	-1		
42021	2010431	2	-1	-1	-1	0	-1	-1		
42021	2010231	3	-1	-1	-1	0	-1	-1		
42022	2010431	1	-1	-1	-1	0	-1	-1		
42022	2010231	2	-1	-1	-1	0	-1	-1		
42022	2010431	3	-1	-1	-1	0	-1	-1		
42022	2010731	4	-1	-1	-1	0	-1	-1		
42022	2010631	5	-1	-1	-1	0	-1	-1		
42022	2010731	6	-1	-1	-1	0	-1	-1		
42023	2010531	1	-1	-1	-1	0	-1	-1		
42023	2011731	2	-1	-1	-1	1	-1	-1		
42023	2010531	3	-1	-1	-1	0	-1	-1		
42023	2010631	4	-1	-1	-1	0	-1	-1		
42023	2010731	5	-1	-1	-1	0	-1	-1		
42023	2010631	6	-1	-1	-1	0	-1	-1		
42121	2010231	1	-1	-1	-1	0	-1	-1		
42121	2010231	2	-1	-1	-1	0	-1	-1		
42121	2010231	3	-1	-1	-1	0	-1	-1		
42122	2010331	1	-1	-1	-1	0	-1	-1		
42122	2010431	2	-1	-1	-1	0	-1	-1		
42122	2010331	3	-1	-1	-1	0	-1	-1		
42122	2010631	4	-1	-1	-1	0	-1	-1		
42122	2010231	5	-1	-1	-1	0	-1	-1		
42122	2010631	6	-1	-1	-1	0	-1	-1		
42123	2010331	1	-1	-1	-1	0	-1	-1		
42123	2011131	2	-1	-1	-1	1	-1	-1		
42123	2010331	3	-1	-1	-1	0	-1	-1		
42123	2010431	4	-1	-1	-1	0	-1	-1		
42123	2011631	5	-1	-1	-1	1	-1	-1		
42123	2010431	6	-1	-1	-1	0	-1	-1		
42221	2010233	1	-1	-1	-1	0	-1	-1		
42221	2010233	2	-1	-1	-1	0	-1	-1		
42221	2010233	3	-1	-1	-1	0	-1	-1		
42222	2010333	1	-1	-1	-1	0	-1	-1		
42222	2010333	2	-1	-1	-1	0	-1	-1		
42222	2010433	3	-1	-1	-1	0	-1	-1		
42222	2010633	4	-1	-1	-1	0	-1	-1		
42222	2010633	5	-1	-1	-1	0	-1	-1		
42222	2010233	6	-1	-1	-1	0	-1	-1		
42223	2010333	1	-1	-1	-1	0	-1	-1		
42223	2010333	2	-1	-1	-1	0	-1	-1		
42223	2010233	3	-1	-1	-1	0	-1	-1		
42223	2010433	4	-1	-1	-1	0	-1	-1		
42223	2011333	5	-1	-1	-1	1	-1	-1		
42223	2011433	6	-1	-1	-1	1	-1	-1		
42321	2010233	1	-1	-1	-1	0	-1	-1		
42321	2010433	2	-1	-1	-1	0	-1	-1		
42321	2010233	3	-1	-1	-1	0	-1	-1		
42322	2010433	1	-1	-1	-1	0	-1	-1		
42322	2010533	2	-1	-1	-1	0	-1	-1		
42322	2010433	3	-1	-1	-1	0	-1	-1		
42322	2010633	4	-1	-1	-1	0	-1	-1		
42322	2010733	5	-1	-1	-1	0	-1	-1		
42322	2010633	6	-1	-1	-1	0	-1	-1		
42323	2011133	2	-1	-1	-1	1	-1	-1		
42323	2010533	3	-1	-1	-1	0	-1	-1		
42323	2011533	4	-1	-1	-1	1	-1	-1		
42323	2010633	5	-1	-1	-1	0	-1	-1		
42323	2010633	6	-1	-1	-1	0	-1	-1		
42421	2010233	1	-1	-1	-1	0	-1	-1		
42421	2010433	2	-1	-1	-1	0	-1	-1		
42421	2010233	3	-1	-1	-1	0	-1	-1		
42422	2010433	1	-1	-1	-1	0	-1	-1		
42422	2010533	2	-1	-1	-1	0	-1	-1		
42422	2010433	3	-1	-1	-1	0	-1	-1		
42422	2010733	4	-1	-1	-1	0	-1	-1		
42422	2010633	5	-1	-1	-1	0	-1	-1		
42422	2010733	6	-1	-1	-1	0	-1	-1		
42423	2010333	1	-1	-1	-1	0	-1	-1		
42423	2010333	2	-1	-1	-1	0	-1	-1		
42423	2011633	4	-1	-1	-1	1	-1	-1		
42423	2010733	5	-1	-1	-1	0	-1	-1		
42423	2011533	6	-1	-1	-1	1	-1	-1		
42423	2010333	9	-1	-1	-1	0	-1	-1		
42521	2010233	1	-1	-1	-1	0	-1	-1		
42521	2010433	2	-1	-1	-1	0	-1	-1		
42521	2010233	3	-1	-1	-1	0	-1	-1		
42522	2010433	1	-1	-1	-1	0	-1	-1		
42522	2010433	2	-1	-1	-1	0	-1	-1		
42522	2010433	3	-1	-1	-1	0	-1	-1		
42522	2010733	4	-1	-1	-1	0	-1	-1		
42522	2010633	5	-1	-1	-1	0	-1	-1		
42522	2010733	6	-1	-1	-1	0	-1	-1		
42523	2010533	1	-1	-1	-1	0	-1	-1		
42523	2010533	2	-1	-1	-1	0	-1	-1		
42523	2010533	3	-1	-1	-1	0	-1	-1		
42523	2010633	4	-1	-1	-1	0	-1	-1		
42523	2011833	5	-1	-1	-1	1	-1	-1		
42523	2010633	6	-1	-1	-1	0	-1	-1		
42621	2010233	1	-1	-1	-1	0	-1	-1		
42621	2010233	2	-1	-1	-1	0	-1	-1		
42621	2010233	3	-1	-1	-1	0	-1	-1		
42622	2010433	1	-1	-1	-1	0	-1	-1		
42622	2010533	2	-1	-1	-1	0	-1	-1		
42622	2010533	3	-1	-1	-1	0	-1	-1		
42622	2010633	4	-1	-1	-1	0	-1	-1		
42622	2010433	5	-1	-1	-1	0	-1	-1		
42622	2010433	6	-1	-1	-1	0	-1	-1		
42623	2010433	1	-1	-1	-1	0	-1	-1		
42623	2011133	2	-1	-1	-1	1	-1	-1		
42623	2010233	3	-1	-1	-1	0	-1	-1		
42623	2011633	5	-1	-1	-1	1	-1	-1		
42623	2010533	6	-1	-1	-1	0	-1	-1		
42721	2010233	1	-1	-1	-1	0	-1	-1		
42721	2010233	2	-1	-1	-1	0	-1	-1		
42721	2010233	3	-1	-1	-1	0	-1	-1		
42722	2010533	1	-1	-1	-1	0	-1	-1		
42722	2010433	2	-1	-1	-1	0	-1	-1		
42722	2010533	3	-1	-1	-1	0	-1	-1		
42722	2010433	4	-1	-1	-1	0	-1	-1		
42722	2010633	5	-1	-1	-1	0	-1	-1		
42722	2010433	6	-1	-1	-1	0	-1	-1		
42723	2010233	1	-1	-1	-1	0	-1	-1		
42723	2011333	2	-1	-1	-1	1	-1	-1		
42723	2010233	3	-1	-1	-1	0	-1	-1		
42723	2010533	4	-1	-1	-1	0	-1	-1		
42723	2011433	5	-1	-1	-1	1	-1	-1		
42723	2010533	6	-1	-1	-1	0	-1	-1		
42821	2010234	1	-1	-1	-1	0	-1	-1		
42821	2010434	2	-1	-1	-1	0	-1	-1		
42821	2010234	3	-1	-1	-1	0	-1	-1		
42822	2010434	1	-1	-1	-1	0	-1	-1		
42822	2010534	2	-1	-1	-1	0	-1	-1		
42822	2010434	3	-1	-1	-1	0	-1	-1		
42822	2010734	4	-1	-1	-1	0	-1	-1		
42822	2010734	5	-1	-1	-1	0	-1	-1		
42822	2010734	6	-1	-1	-1	0	-1	-1		
42823	2011134	1	-1	-1	-1	1	-1	-1		
42823	2010534	3	-1	-1	-1	0	-1	-1		
42823	2010634	4	-1	-1	-1	0	-1	-1		
42823	2011534	5	-1	-1	-1	1	-1	-1		
42823	2010634	6	-1	-1	-1	0	-1	-1		
42921	2010234	1	-1	-1	-1	0	-1	-1		
42921	2010434	2	-1	-1	-1	0	-1	-1		
42921	2010234	3	-1	-1	-1	0	-1	-1		
42922	2010234	1	-1	-1	-1	0	-1	-1		
42922	2010534	2	-1	-1	-1	0	-1	-1		
42922	2010234	3	-1	-1	-1	0	-1	-1		
42922	2010734	4	-1	-1	-1	0	-1	-1		
42922	2010734	5	-1	-1	-1	0	-1	-1		
42922	2010734	6	-1	-1	-1	0	-1	-1		
42923	2010434	1	-1	-1	-1	0	-1	-1		
42923	2010434	3	-1	-1	-1	0	-1	-1		
42923	2011634	4	-1	-1	-1	1	-1	-1		
42923	2011534	5	-1	-1	-1	1	-1	-1		
42923	2010634	6	-1	-1	-1	0	-1	-1		
43021	2010234	1	-1	-1	-1	0	-1	-1		
43021	2010434	2	-1	-1	-1	0	-1	-1		
43021	2010234	3	-1	-1	-1	0	-1	-1		
43022	2010434	1	-1	-1	-1	0	-1	-1		
43022	2010534	2	-1	-1	-1	0	-1	-1		
43022	2010434	3	-1	-1	-1	0	-1	-1		
43022	2010734	4	-1	-1	-1	0	-1	-1		
43022	2010634	5	-1	-1	-1	0	-1	-1		
43022	2010734	6	-1	-1	-1	0	-1	-1		
43023	2010334	1	-1	-1	-1	0	-1	-1		
43023	2011734	2	-1	-1	-1	1	-1	-1		
43023	2010334	3	-1	-1	-1	0	-1	-1		
43023	2010734	4	-1	-1	-1	0	-1	-1		
43023	2010734	5	-1	-1	-1	0	-1	-1		
43023	2010734	6	-1	-1	-1	0	-1	-1		
5121	2020134	1	-1	-1	-1	0	-1	-1		
5121	2020134	2	-1	-1	-1	0	-1	-1		
5121	2020134	3	-1	-1	-1	0	-1	-1		
5122	2020134	1	-1	-1	-1	0	-1	-1		
5122	2020134	2	-1	-1	-1	0	-1	-1		
5122	2020134	3	-1	-1	-1	0	-1	-1		
5122	2020534	4	-1	-1	-1	0	-1	-1		
5122	2020534	5	-1	-1	-1	0	-1	-1		
5122	2020534	6	-1	-1	-1	0	-1	-1		
5123	2020334	1	-1	-1	-1	0	-1	-1		
5123	2021234	2	-1	-1	-1	1	-1	-1		
5123	2020334	3	-1	-1	-1	0	-1	-1		
5123	2020534	4	-1	-1	-1	0	-1	-1		
5123	2020534	5	-1	-1	-1	0	-1	-1		
5123	2020534	6	-1	-1	-1	0	-1	-1		
5221	2020134	1	-1	-1	-1	0	-1	-1		
5221	2020134	2	-1	-1	-1	0	-1	-1		
5221	2020134	3	-1	-1	-1	0	-1	-1		
5222	2020334	1	-1	-1	-1	0	-1	-1		
5222	2020334	2	-1	-1	-1	0	-1	-1		
5222	2020334	3	-1	-1	-1	0	-1	-1		
5222	2020534	4	-1	-1	-1	0	-1	-1		
5222	2020534	5	-1	-1	-1	0	-1	-1		
5222	2020534	6	-1	-1	-1	0	-1	-1		
5223	2020134	1	-1	-1	-1	0	-1	-1		
5223	2021334	2	-1	-1	-1	1	-1	-1		
5223	2020134	3	-1	-1	-1	0	-1	-1		
5223	2020534	4	-1	-1	-1	0	-1	-1		
5223	2020534	5	-1	-1	-1	0	-1	-1		
5223	2020534	6	-1	-1	-1	0	-1	-1		
5321	2020334	1	-1	-1	-1	0	-1	-1		
5321	2020334	2	-1	-1	-1	0	-1	-1		
5321	2020334	3	-1	-1	-1	0	-1	-1		
5322	2025534	1	-1	-1	-1	0	-1	-1		
5322	2020334	2	-1	-1	-1	0	-1	-1		
5322	2025534	3	-1	-1	-1	0	-1	-1		
5322	2020534	4	-1	-1	-1	0	-1	-1		
5322	2020534	5	-1	-1	-1	0	-1	-1		
5322	2020534	6	-1	-1	-1	0	-1	-1		
5323	2025534	1	-1	-1	-1	0	-1	-1		
5323	2020334	2	-1	-1	-1	0	-1	-1		
5323	2021434	3	-1	-1	-1	1	-1	-1		
5323	2020534	4	-1	-1	-1	0	-1	-1		
5323	2020334	5	-1	-1	-1	0	-1	-1		
5323	2020534	6	-1	-1	-1	0	-1	-1		
5421	2020336	1	-1	-1	-1	0	-1	-1		
5421	2020336	2	-1	-1	-1	0	-1	-1		
5421	2020336	3	-1	-1	-1	0	-1	-1		
5422	2020336	1	-1	-1	-1	0	-1	-1		
5422	2025536	2	-1	-1	-1	0	-1	-1		
5422	2025536	3	-1	-1	-1	0	-1	-1		
5422	2020536	4	-1	-1	-1	0	-1	-1		
5422	2020536	5	-1	-1	-1	0	-1	-1		
5422	2020536	6	-1	-1	-1	0	-1	-1		
5423	2021236	1	-1	-1	-1	1	-1	-1		
5423	2025536	2	-1	-1	-1	0	-1	-1		
5423	2025536	3	-1	-1	-1	0	-1	-1		
5423	2020336	4	-1	-1	-1	0	-1	-1		
5423	2020536	5	-1	-1	-1	0	-1	-1		
5423	2020536	6	-1	-1	-1	0	-1	-1		
5521	2020336	1	-1	-1	-1	0	-1	-1		
5521	2020336	2	-1	-1	-1	0	-1	-1		
5521	2020336	3	-1	-1	-1	0	-1	-1		
5522	2020336	1	-1	-1	-1	0	-1	-1		
5522	2020336	2	-1	-1	-1	0	-1	-1		
5522	2020336	3	-1	-1	-1	0	-1	-1		
5522	2020536	4	-1	-1	-1	0	-1	-1		
5522	2020536	5	-1	-1	-1	0	-1	-1		
5522	2020536	6	-1	-1	-1	0	-1	-1		
5523	2020336	1	-1	-1	-1	0	-1	-1		
5523	2020336	2	-1	-1	-1	0	-1	-1		
5523	2020336	3	-1	-1	-1	0	-1	-1		
5523	2020336	4	-1	-1	-1	0	-1	-1		
5523	2021536	5	-1	-1	-1	1	-1	-1		
5523	2020336	6	-1	-1	-1	0	-1	-1		
5621	2020336	1	-1	-1	-1	0	-1	-1		
5621	2020336	2	-1	-1	-1	0	-1	-1		
5621	2020336	3	-1	-1	-1	0	-1	-1		
5622	2025536	1	-1	-1	-1	0	-1	-1		
5622	2020336	2	-1	-1	-1	0	-1	-1		
5622	2025536	3	-1	-1	-1	0	-1	-1		
5622	2020536	5	-1	-1	-1	0	-1	-1		
5623	2020336	1	-1	-1	-1	0	-1	-1		
5623	2020336	2	-1	-1	-1	0	-1	-1		
5623	2021336	3	-1	-1	-1	1	-1	-1		
5623	2020536	4	-1	-1	-1	0	-1	-1		
5623	2020536	5	-1	-1	-1	0	-1	-1		
5623	2020536	6	-1	-1	-1	0	-1	-1		
5721	2020336	1	-1	-1	-1	0	-1	-1		
5721	2020336	3	-1	-1	-1	0	-1	-1		
5721	2020336	5	-1	-1	-1	0	-1	-1		
5722	2020336	1	-1	-1	-1	0	-1	-1		
5722	2025536	2	-1	-1	-1	0	-1	-1		
5722	2025536	3	-1	-1	-1	0	-1	-1		
5722	2020536	4	-1	-1	-1	0	-1	-1		
5722	2020336	5	-1	-1	-1	0	-1	-1		
5722	2020336	6	-1	-1	-1	0	-1	-1		
5723	2021436	1	-1	-1	-1	1	-1	-1		
5723	2020336	2	-1	-1	-1	0	-1	-1		
5723	2020336	3	-1	-1	-1	0	-1	-1		
5723	2020536	4	-1	-1	-1	0	-1	-1		
5723	2020536	5	-1	-1	-1	0	-1	-1		
5723	2020536	6	-1	-1	-1	0	-1	-1		
5821	2020336	1	-1	-1	-1	0	-1	-1		
5821	2020336	2	-1	-1	-1	0	-1	-1		
5821	2020336	3	-1	-1	-1	0	-1	-1		
5822	2020336	1	-1	-1	-1	0	-1	-1		
5822	2025536	2	-1	-1	-1	0	-1	-1		
5822	2020336	3	-1	-1	-1	0	-1	-1		
5822	2020536	4	-1	-1	-1	0	-1	-1		
5822	2020536	6	-1	-1	-1	0	-1	-1		
5823	2020336	1	-1	-1	-1	0	-1	-1		
5823	2020336	2	-1	-1	-1	0	-1	-1		
5823	2020336	3	-1	-1	-1	0	-1	-1		
5823	2020536	4	-1	-1	-1	0	-1	-1		
5823	2020536	5	-1	-1	-1	0	-1	-1		
5823	2021536	6	-1	-1	-1	1	-1	-1		
5921	2020336	1	-1	-1	-1	0	-1	-1		
5921	2020336	2	-1	-1	-1	0	-1	-1		
5921	2020336	3	-1	-1	-1	0	-1	-1		
5922	2020336	1	-1	-1	-1	0	-1	-1		
5922	2025536	2	-1	-1	-1	0	-1	-1		
5922	2020336	3	-1	-1	-1	0	-1	-1		
5922	2020536	4	-1	-1	-1	0	-1	-1		
5922	2020536	6	-1	-1	-1	0	-1	-1		
5923	2025536	1	-1	-1	-1	0	-1	-1		
5923	2021236	2	-1	-1	-1	1	-1	-1		
5923	2025536	3	-1	-1	-1	0	-1	-1		
5923	2020536	4	-1	-1	-1	0	-1	-1		
5923	2021536	5	-1	-1	-1	1	-1	-1		
5923	2020536	6	-1	-1	-1	0	-1	-1		
51021	2020337	2	-1	-1	-1	0	-1	-1		
51021	2020337	4	-1	-1	-1	0	-1	-1		
51021	2020337	6	-1	-1	-1	0	-1	-1		
51022	2020337	1	-1	-1	-1	0	-1	-1		
51022	2020337	2	-1	-1	-1	0	-1	-1		
51022	2020337	3	-1	-1	-1	0	-1	-1		
51022	2020537	4	-1	-1	-1	0	-1	-1		
51022	2020537	5	-1	-1	-1	0	-1	-1		
51022	2020537	6	-1	-1	-1	0	-1	-1		
51023	2021737	1	-1	-1	-1	1	-1	-1		
51023	2020237	2	-1	-1	-1	0	-1	-1		
51023	2020237	3	-1	-1	-1	0	-1	-1		
51023	2020337	4	-1	-1	-1	0	-1	-1		
51023	2020537	5	-1	-1	-1	0	-1	-1		
51023	2020337	6	-1	-1	-1	0	-1	-1		
51121	2020737	2	-1	-1	-1	0	-1	-1		
51121	2020337	4	-1	-1	-1	0	-1	-1		
51121	2020337	6	-1	-1	-1	0	-1	-1		
51122	2025537	1	-1	-1	-1	0	-1	-1		
51122	2025537	3	-1	-1	-1	0	-1	-1		
51122	2020537	4	-1	-1	-1	0	-1	-1		
51122	2025537	5	-1	-1	-1	0	-1	-1		
51122	2020537	6	-1	-1	-1	0	-1	-1		
51123	2025537	1	-1	-1	-1	0	-1	-1		
51123	2021337	2	-1	-1	-1	1	-1	-1		
51123	2025537	3	-1	-1	-1	0	-1	-1		
51123	2020537	4	-1	-1	-1	0	-1	-1		
51123	2021537	6	-1	-1	-1	1	-1	-1		
51221	2020737	1	-1	-1	-1	0	-1	-1		
51221	2020737	3	-1	-1	-1	0	-1	-1		
51221	2020337	5	-1	-1	-1	0	-1	-1		
51222	2025537	2	-1	-1	-1	0	-1	-1		
51222	2025537	3	-1	-1	-1	0	-1	-1		
51222	2020737	4	-1	-1	-1	0	-1	-1		
51222	2020537	5	-1	-1	-1	0	-1	-1		
51222	2020537	6	-1	-1	-1	0	-1	-1		
51223	2021437	1	-1	-1	-1	1	-1	-1		
51223	2025537	2	-1	-1	-1	0	-1	-1		
51223	2025537	3	-1	-1	-1	0	-1	-1		
51223	2021537	4	-1	-1	-1	1	-1	-1		
51223	2020537	5	-1	-1	-1	0	-1	-1		
51223	2020537	6	-1	-1	-1	0	-1	-1		
51321	2020337	1	-1	-1	-1	0	-1	-1		
51321	2020337	2	-1	-1	-1	0	-1	-1		
51321	2020337	3	-1	-1	-1	0	-1	-1		
51322	2020337	1	-1	-1	-1	0	-1	-1		
51322	2020237	2	-1	-1	-1	0	-1	-1		
51322	2020337	3	-1	-1	-1	0	-1	-1		
51322	2020537	4	-1	-1	-1	0	-1	-1		
51322	2020537	6	-1	-1	-1	0	-1	-1		
51323	2021237	1	-1	-1	-1	1	-1	-1		
51323	2020237	2	-1	-1	-1	0	-1	-1		
51323	2021737	3	-1	-1	-1	1	-1	-1		
51323	2020537	4	-1	-1	-1	0	-1	-1		
51323	2020537	5	-1	-1	-1	0	-1	-1		
51323	2020537	6	-1	-1	-1	0	-1	-1		
51421	2020337	2	-1	-1	-1	0	-1	-1		
51421	2020337	4	-1	-1	-1	0	-1	-1		
51421	2020337	6	-1	-1	-1	0	-1	-1		
51422	2020237	2	-1	-1	-1	0	-1	-1		
51422	2020337	4	-1	-1	-1	0	-1	-1		
51422	2020337	6	-1	-1	-1	0	-1	-1		
51422	2020537	7	-1	-1	-1	0	-1	-1		
51422	2020537	9	-1	-1	-1	0	-1	-1		
51423	2020237	1	-1	-1	-1	0	-1	-1		
51423	2020237	2	-1	-1	-1	0	-1	-1		
51423	2021737	3	-1	-1	-1	1	-1	-1		
51423	2020537	4	-1	-1	-1	0	-1	-1		
51423	2021537	5	-1	-1	-1	1	-1	-1		
51423	2020537	6	-1	-1	-1	0	-1	-1		
51521	2020338	2	-1	-1	-1	0	-1	-1		
51521	2020338	4	-1	-1	-1	0	-1	-1		
51521	2020338	6	-1	-1	-1	0	-1	-1		
51522	2020238	1	-1	-1	-1	0	-1	-1		
51522	2020238	2	-1	-1	-1	0	-1	-1		
51522	2020238	3	-1	-1	-1	0	-1	-1		
51522	2020538	4	-1	-1	-1	0	-1	-1		
51522	2020538	6	-1	-1	-1	0	-1	-1		
51523	2020238	1	-1	-1	-1	0	-1	-1		
51523	2020238	2	-1	-1	-1	0	-1	-1		
51523	2020238	3	-1	-1	-1	0	-1	-1		
51523	2020538	4	-1	-1	-1	0	-1	-1		
51523	2021638	5	-1	-1	-1	1	-1	-1		
51523	2020538	6	-1	-1	-1	0	-1	-1		
51621	2020338	1	-1	-1	-1	0	-1	-1		
51621	2020238	2	-1	-1	-1	0	-1	-1		
51621	2020338	3	-1	-1	-1	0	-1	-1		
51622	2020238	1	-1	-1	-1	0	-1	-1		
51622	2020238	2	-1	-1	-1	0	-1	-1		
51622	2020238	3	-1	-1	-1	0	-1	-1		
51622	2020538	5	-1	-1	-1	0	-1	-1		
51622	2020538	6	-1	-1	-1	0	-1	-1		
51623	2021338	1	-1	-1	-1	1	-1	-1		
51623	2020238	2	-1	-1	-1	0	-1	-1		
51623	2020238	3	-1	-1	-1	0	-1	-1		
51623	2021538	4	-1	-1	-1	1	-1	-1		
51623	2020538	5	-1	-1	-1	0	-1	-1		
51623	2020538	6	-1	-1	-1	0	-1	-1		
51721	2020338	1	-1	-1	-1	0	-1	-1		
51721	2020338	3	-1	-1	-1	0	-1	-1		
51721	2020238	5	-1	-1	-1	0	-1	-1		
51722	2020238	2	-1	-1	-1	0	-1	-1		
51722	2020238	4	-1	-1	-1	0	-1	-1		
51722	2020538	5	-1	-1	-1	0	-1	-1		
51722	2020238	6	-1	-1	-1	0	-1	-1		
51722	2020538	7	-1	-1	-1	0	-1	-1		
51723	2020238	1	-1	-1	-1	0	-1	-1		
51723	2021738	2	-1	-1	-1	1	-1	-1		
51723	2020238	3	-1	-1	-1	0	-1	-1		
51723	2020538	4	-1	-1	-1	0	-1	-1		
51723	2020538	5	-1	-1	-1	0	-1	-1		
51723	2021538	6	-1	-1	-1	1	-1	-1		
51821	2020338	1	-1	-1	-1	0	-1	-1		
51821	2020238	2	-1	-1	-1	0	-1	-1		
51821	2020338	3	-1	-1	-1	0	-1	-1		
51822	2020338	1	-1	-1	-1	0	-1	-1		
51822	2020238	2	-1	-1	-1	0	-1	-1		
51822	2020338	3	-1	-1	-1	0	-1	-1		
51822	2020538	4	-1	-1	-1	0	-1	-1		
51822	2020538	6	-1	-1	-1	0	-1	-1		
51823	2020238	1	-1	-1	-1	0	-1	-1		
51823	2020238	2	-1	-1	-1	0	-1	-1		
51823	2020238	3	-1	-1	-1	0	-1	-1		
51823	2021538	4	-1	-1	-1	1	-1	-1		
51823	2021638	5	-1	-1	-1	1	-1	-1		
51823	2020538	6	-1	-1	-1	0	-1	-1		
51921	2020338	2	-1	-1	-1	0	-1	-1		
51921	2020238	4	-1	-1	-1	0	-1	-1		
51921	2020338	6	-1	-1	-1	0	-1	-1		
51922	2020238	2	-1	-1	-1	0	-1	-1		
51922	2020338	4	-1	-1	-1	0	-1	-1		
51922	2020338	6	-1	-1	-1	0	-1	-1		
51922	2020538	7	-1	-1	-1	0	-1	-1		
51922	2020538	9	-1	-1	-1	0	-1	-1		
51923	2020238	1	-1	-1	-1	0	-1	-1		
51923	2021738	2	-1	-1	-1	1	-1	-1		
51923	2020238	3	-1	-1	-1	0	-1	-1		
51923	2021638	4	-1	-1	-1	1	-1	-1		
51923	2020538	5	-1	-1	-1	0	-1	-1		
51923	2020538	6	-1	-1	-1	0	-1	-1		
52021	2020238	2	-1	-1	-1	0	-1	-1		
52021	2020338	4	-1	-1	-1	0	-1	-1		
52021	2020338	6	-1	-1	-1	0	-1	-1		
52022	2020338	1	-1	-1	-1	0	-1	-1		
52022	2020338	2	-1	-1	-1	0	-1	-1		
52022	2020338	3	-1	-1	-1	0	-1	-1		
52022	2020538	4	-1	-1	-1	0	-1	-1		
52022	2020538	5	-1	-1	-1	0	-1	-1		
52022	2020538	6	-1	-1	-1	0	-1	-1		
52023	2020238	1	-1	-1	-1	0	-1	-1		
52023	2020238	2	-1	-1	-1	0	-1	-1		
52023	2020238	3	-1	-1	-1	0	-1	-1		
52023	2020238	4	-1	-1	-1	0	-1	-1		
52023	2020238	5	-1	-1	-1	0	-1	-1		
52023	2020238	6	-1	-1	-1	0	-1	-1		
52121	2020340	2	-1	-1	-1	0	-1	-1		
52121	2020340	4	-1	-1	-1	0	-1	-1		
52121	2020240	6	-1	-1	-1	0	-1	-1		
52122	2020740	2	-1	-1	-1	0	-1	-1		
52122	2020340	4	-1	-1	-1	0	-1	-1		
52122	2020340	6	-1	-1	-1	0	-1	-1		
52122	2020540	7	-1	-1	-1	0	-1	-1		
52122	2020540	9	-1	-1	-1	0	-1	-1		
52123	2021340	1	-1	-1	-1	1	-1	-1		
52123	2020740	2	-1	-1	-1	0	-1	-1		
52123	2020240	3	-1	-1	-1	0	-1	-1		
52123	2020540	4	-1	-1	-1	0	-1	-1		
52123	2021640	6	-1	-1	-1	1	-1	-1		
52221	2020340	1	-1	-1	-1	0	-1	-1		
52221	2020240	2	-1	-1	-1	0	-1	-1		
52221	2020340	3	-1	-1	-1	0	-1	-1		
52222	2020340	1	-1	-1	-1	0	-1	-1		
52222	2020740	2	-1	-1	-1	0	-1	-1		
52222	2020340	3	-1	-1	-1	0	-1	-1		
52222	2020540	4	-1	-1	-1	0	-1	-1		
52222	2020540	6	-1	-1	-1	0	-1	-1		
52223	2020240	1	-1	-1	-1	0	-1	-1		
52223	2021740	2	-1	-1	-1	1	-1	-1		
52223	2020240	3	-1	-1	-1	0	-1	-1		
52223	2020540	4	-1	-1	-1	0	-1	-1		
52223	2021540	5	-1	-1	-1	1	-1	-1		
52223	2020540	6	-1	-1	-1	0	-1	-1		
52321	2020740	2	-1	-1	-1	0	-1	-1		
52321	2020340	4	-1	-1	-1	0	-1	-1		
52321	2020340	6	-1	-1	-1	0	-1	-1		
52322	2025540	1	-1	-1	-1	0	-1	-1		
52322	2025540	3	-1	-1	-1	0	-1	-1		
52322	2020540	4	-1	-1	-1	0	-1	-1		
52322	2025540	5	-1	-1	-1	0	-1	-1		
52322	2020540	6	-1	-1	-1	0	-1	-1		
52323	2025540	1	-1	-1	-1	0	-1	-1		
52323	2025540	2	-1	-1	-1	0	-1	-1		
52323	2021740	3	-1	-1	-1	1	-1	-1		
52323	2020540	4	-1	-1	-1	0	-1	-1		
52323	2020540	6	-1	-1	-1	0	-1	-1		
52421	2020740	1	-1	-1	-1	0	-1	-1		
52421	2020740	3	-1	-1	-1	0	-1	-1		
52421	2020340	5	-1	-1	-1	0	-1	-1		
52422	2025540	2	-1	-1	-1	0	-1	-1		
52422	2025540	3	-1	-1	-1	0	-1	-1		
52422	2025540	4	-1	-1	-1	0	-1	-1		
52422	2020540	5	-1	-1	-1	0	-1	-1		
52422	2020540	6	-1	-1	-1	0	-1	-1		
52422	2020540	7	-1	-1	-1	0	-1	-1		
52423	2025540	1	-1	-1	-1	0	-1	-1		
52423	2025540	2	-1	-1	-1	0	-1	-1		
52423	2025540	3	-1	-1	-1	0	-1	-1		
52423	2021640	4	-1	-1	-1	1	-1	-1		
52423	2020540	6	-1	-1	-1	0	-1	-1		
52521	2020241	2	-1	-1	-1	0	-1	-1		
52521	2020341	4	-1	-1	-1	0	-1	-1		
52521	2020341	6	-1	-1	-1	0	-1	-1		
52522	2020241	1	-1	-1	-1	0	-1	-1		
52522	2020241	2	-1	-1	-1	0	-1	-1		
52522	2020241	3	-1	-1	-1	0	-1	-1		
52522	2020541	4	-1	-1	-1	0	-1	-1		
52522	2020541	6	-1	-1	-1	0	-1	-1		
52523	2025541	1	-1	-1	-1	0	-1	-1		
52523	2021841	2	-1	-1	-1	1	-1	-1		
52523	2025541	3	-1	-1	-1	0	-1	-1		
52523	2020541	4	-1	-1	-1	0	-1	-1		
52523	2020541	5	-1	-1	-1	0	-1	-1		
52523	2020541	6	-1	-1	-1	0	-1	-1		
52621	2020341	1	-1	-1	-1	0	-1	-1		
52621	2020241	2	-1	-1	-1	0	-1	-1		
52621	2020341	3	-1	-1	-1	0	-1	-1		
52622	2020241	1	-1	-1	-1	0	-1	-1		
52622	2020741	2	-1	-1	-1	0	-1	-1		
52622	2020241	3	-1	-1	-1	0	-1	-1		
52622	2020541	5	-1	-1	-1	0	-1	-1		
52623	2020741	1	-1	-1	-1	0	-1	-1		
52623	2021741	2	-1	-1	-1	1	-1	-1		
52623	2020741	3	-1	-1	-1	0	-1	-1		
52623	2020541	4	-1	-1	-1	0	-1	-1		
52623	2021641	5	-1	-1	-1	1	-1	-1		
52623	2020541	6	-1	-1	-1	0	-1	-1		
52721	2020341	1	-1	-1	-1	0	-1	-1		
52721	2020341	3	-1	-1	-1	0	-1	-1		
52721	2020241	5	-1	-1	-1	0	-1	-1		
52722	2020741	2	-1	-1	-1	0	-1	-1		
52722	2020241	4	-1	-1	-1	0	-1	-1		
52722	2020241	6	-1	-1	-1	0	-1	-1		
52722	2020541	7	-1	-1	-1	0	-1	-1		
52722	2020541	9	-1	-1	-1	0	-1	-1		
52723	2021741	1	-1	-1	-1	1	-1	-1		
52723	2020741	2	-1	-1	-1	0	-1	-1		
52723	2020741	3	-1	-1	-1	0	-1	-1		
52723	2020541	4	-1	-1	-1	0	-1	-1		
52723	2020541	5	-1	-1	-1	0	-1	-1		
52723	2021541	6	-1	-1	-1	1	-1	-1		
52821	2020341	2	-1	-1	-1	0	-1	-1		
52821	2020241	4	-1	-1	-1	0	-1	-1		
52821	2020241	6	-1	-1	-1	0	-1	-1		
52822	2020741	2	-1	-1	-1	0	-1	-1		
52822	2020241	4	-1	-1	-1	0	-1	-1		
52822	2020241	6	-1	-1	-1	0	-1	-1		
52822	2020541	7	-1	-1	-1	0	-1	-1		
52822	2020541	9	-1	-1	-1	0	-1	-1		
52823	2020241	1	-1	-1	-1	0	-1	-1		
52823	2021741	2	-1	-1	-1	1	-1	-1		
52823	2020241	3	-1	-1	-1	0	-1	-1		
52823	2020541	4	-1	-1	-1	0	-1	-1		
52823	2020541	6	-1	-1	-1	0	-1	-1		
52921	2020341	1	-1	-1	-1	0	-1	-1		
52921	2020141	2	-1	-1	-1	0	-1	-1		
52921	2020341	3	-1	-1	-1	0	-1	-1		
52921	2020541	5	-1	-1	-1	0	-1	-1		
52922	2020241	1	-1	-1	-1	0	-1	-1		
52922	2020741	2	-1	-1	-1	0	-1	-1		
52922	2020241	3	-1	-1	-1	0	-1	-1		
52922	2020541	4	-1	-1	-1	0	-1	-1		
52922	2020541	6	-1	-1	-1	0	-1	-1		
52923	2020241	1	-1	-1	-1	0	-1	-1		
52923	2020741	2	-1	-1	-1	0	-1	-1		
52923	2020241	3	-1	-1	-1	0	-1	-1		
52923	2021641	4	-1	-1	-1	1	-1	-1		
52923	2021641	5	-1	-1	-1	0	-1	-1		
52923	2020541	6	-1	-1	-1	0	-1	-1		
53021	2020242	2	-1	-1	-1	0	-1	-1		
53021	2020342	4	-1	-1	-1	0	-1	-1		
53021	2020342	6	-1	-1	-1	0	-1	-1		
53022	2020342	1	-1	-1	-1	0	-1	-1		
53022	2020342	2	-1	-1	-1	0	-1	-1		
53022	2020342	3	-1	-1	-1	0	-1	-1		
53022	2020542	4	-1	-1	-1	0	-1	-1		
53022	2020542	5	-1	-1	-1	0	-1	-1		
53022	2020542	6	-1	-1	-1	0	-1	-1		
53023	2020742	1	-1	-1	-1	0	-1	-1		
53023	2020742	2	-1	-1	-1	0	-1	-1		
53023	2020742	3	-1	-1	-1	0	-1	-1		
53023	2020242	4	-1	-1	-1	0	-1	-1		
53023	2021842	5	-1	-1	-1	1	-1	-1		
53023	2020242	6	-1	-1	-1	0	-1	-1		
6121	2030142	1	-1	-1	-1	0	-1	-1		
6121	2030142	2	-1	-1	-1	0	-1	-1		
6121	2030142	3	-1	-1	-1	0	-1	-1		
6121	2030142	4	-1	-1	-1	0	-1	-1		
6121	2030142	5	-1	-1	-1	0	-1	-1		
6121	2030142	6	-1	-1	-1	0	-1	-1		
6122	2030142	1	-1	-1	-1	0	-1	-1		
6122	2030142	2	-1	-1	-1	0	-1	-1		
6122	2030142	3	-1	-1	-1	0	-1	-1		
6122	2030542	4	-1	-1	-1	0	-1	-1		
6122	2030542	5	-1	-1	-1	0	-1	-1		
6122	2030542	6	-1	-1	-1	0	-1	-1		
6123	2031442	2	-1	-1	-1	1	-1	-1		
6123	2030242	4	-1	-1	-1	0	-1	-1		
6123	2030542	5	-1	-1	-1	0	-1	-1		
6123	2030242	6	-1	-1	-1	0	-1	-1		
6221	2030142	1	-1	-1	-1	0	-1	-1		
6221	2031042	2	-1	-1	-1	0	-1	-1		
6221	2030142	3	-1	-1	-1	0	-1	-1		
6221	2031042	4	-1	-1	-1	0	-1	-1		
6221	2031042	5	-1	-1	-1	0	-1	-1		
6221	2031042	6	-1	-1	-1	0	-1	-1		
6222	2030242	1	-1	-1	-1	0	-1	-1		
6222	2030142	2	-1	-1	-1	0	-1	-1		
6222	2030242	3	-1	-1	-1	0	-1	-1		
6222	2030542	4	-1	-1	-1	0	-1	-1		
6222	2031042	5	-1	-1	-1	0	-1	-1		
6222	2030542	6	-1	-1	-1	0	-1	-1		
6223	2030242	1	-1	-1	-1	0	-1	-1		
6223	2031442	2	-1	-1	-1	1	-1	-1		
6223	2030242	3	-1	-1	-1	0	-1	-1		
6223	2030542	4	-1	-1	-1	0	-1	-1		
6223	2030542	5	-1	-1	-1	0	-1	-1		
6223	2030542	6	-1	-1	-1	0	-1	-1		
6321	2031042	1	-1	-1	-1	0	-1	-1		
6321	2030242	2	-1	-1	-1	0	-1	-1		
6321	2031042	3	-1	-1	-1	0	-1	-1		
6322	2030142	1	-1	-1	-1	0	-1	-1		
6322	2030242	2	-1	-1	-1	0	-1	-1		
6322	2030142	3	-1	-1	-1	0	-1	-1		
6322	2030542	4	-1	-1	-1	0	-1	-1		
6322	2030542	5	-1	-1	-1	0	-1	-1		
6323	2030242	1	-1	-1	-1	0	-1	-1		
6323	2031642	2	-1	-1	-1	1	-1	-1		
6323	2030242	3	-1	-1	-1	0	-1	-1		
6323	2030542	4	-1	-1	-1	0	-1	-1		
6323	2030542	5	-1	-1	-1	0	-1	-1		
6323	2030542	6	-1	-1	-1	0	-1	-1		
6421	2030242	1	-1	-1	-1	0	-1	-1		
6421	2030242	2	-1	-1	-1	0	-1	-1		
6421	2030242	3	-1	-1	-1	0	-1	-1		
6422	2030242	1	-1	-1	-1	0	-1	-1		
6422	2031042	2	-1	-1	-1	0	-1	-1		
6422	2030242	3	-1	-1	-1	0	-1	-1		
6422	2030542	5	-1	-1	-1	0	-1	-1		
6422	2030542	6	-1	-1	-1	0	-1	-1		
6423	2031442	1	-1	-1	-1	1	-1	-1		
6423	2030242	2	-1	-1	-1	0	-1	-1		
6423	2030242	3	-1	-1	-1	0	-1	-1		
6423	2030542	4	-1	-1	-1	0	-1	-1		
6423	2030542	5	-1	-1	-1	0	-1	-1		
6423	2030542	6	-1	-1	-1	0	-1	-1		
6521	2030243	2	-1	-1	-1	0	-1	-1		
6521	2030243	4	-1	-1	-1	0	-1	-1		
6521	2030243	6	-1	-1	-1	0	-1	-1		
6522	2030243	1	-1	-1	-1	0	-1	-1		
6522	2030243	2	-1	-1	-1	0	-1	-1		
6522	2030243	3	-1	-1	-1	0	-1	-1		
6522	2030543	4	-1	-1	-1	0	-1	-1		
6522	2030243	5	-1	-1	-1	0	-1	-1		
6522	2030543	6	-1	-1	-1	0	-1	-1		
6523	2030243	1	-1	-1	-1	0	-1	-1		
6523	2031943	2	-1	-1	-1	1	-1	-1		
6523	2030243	3	-1	-1	-1	0	-1	-1		
6523	2030543	4	-1	-1	-1	0	-1	-1		
6523	2030543	5	-1	-1	-1	0	-1	-1		
6523	2030543	6	-1	-1	-1	0	-1	-1		
6621	2030243	2	-1	-1	-1	0	-1	-1		
6621	2030243	4	-1	-1	-1	0	-1	-1		
6621	2030243	6	-1	-1	-1	0	-1	-1		
6622	2030443	1	-1	-1	-1	0	-1	-1		
6622	2030443	3	-1	-1	-1	0	-1	-1		
6622	2030543	4	-1	-1	-1	0	-1	-1		
6622	2030443	5	-1	-1	-1	0	-1	-1		
6622	2030543	6	-1	-1	-1	0	-1	-1		
6623	2030443	1	-1	-1	-1	0	-1	-1		
6623	2030443	2	-1	-1	-1	0	-1	-1		
6623	2030443	3	-1	-1	-1	0	-1	-1		
6623	2030543	4	-1	-1	-1	0	-1	-1		
6623	2031443	5	-1	-1	-1	1	-1	-1		
6623	2030543	6	-1	-1	-1	0	-1	-1		
6721	2030243	1	-1	-1	-1	0	-1	-1		
6721	2030243	3	-1	-1	-1	0	-1	-1		
6721	2030243	5	-1	-1	-1	0	-1	-1		
6722	2030443	2	-1	-1	-1	0	-1	-1		
6722	2030443	3	-1	-1	-1	0	-1	-1		
6722	2030243	4	-1	-1	-1	0	-1	-1		
6722	2030543	5	-1	-1	-1	0	-1	-1		
6722	2030543	6	-1	-1	-1	0	-1	-1		
6723	2031443	1	-1	-1	-1	1	-1	-1		
6723	2030443	2	-1	-1	-1	0	-1	-1		
6723	2030243	3	-1	-1	-1	0	-1	-1		
6723	2030543	4	-1	-1	-1	0	-1	-1		
6723	2030543	5	-1	-1	-1	0	-1	-1		
6723	2030543	6	-1	-1	-1	0	-1	-1		
6821	2030243	1	-1	-1	-1	0	-1	-1		
6821	2030243	2	-1	-1	-1	0	-1	-1		
6821	2030243	3	-1	-1	-1	0	-1	-1		
6822	2030243	1	-1	-1	-1	0	-1	-1		
6822	2030243	2	-1	-1	-1	0	-1	-1		
6822	2030243	3	-1	-1	-1	0	-1	-1		
6822	2030543	5	-1	-1	-1	0	-1	-1		
6822	2030543	6	-1	-1	-1	0	-1	-1		
6823	2030443	1	-1	-1	-1	0	-1	-1		
6823	2031643	2	-1	-1	-1	1	-1	-1		
6823	2030443	3	-1	-1	-1	0	-1	-1		
6823	2030543	4	-1	-1	-1	0	-1	-1		
6823	2030543	5	-1	-1	-1	0	-1	-1		
6823	2030543	6	-1	-1	-1	0	-1	-1		
6921	2030244	1	-1	-1	-1	0	-1	-1		
6921	2030244	3	-1	-1	-1	0	-1	-1		
6921	2030244	5	-1	-1	-1	0	-1	-1		
6922	2030244	1	-1	-1	-1	0	-1	-1		
6922	2030244	2	-1	-1	-1	0	-1	-1		
6922	2030244	3	-1	-1	-1	0	-1	-1		
6922	2030244	4	-1	-1	-1	0	-1	-1		
6922	2030544	5	-1	-1	-1	0	-1	-1		
6922	2030244	6	-1	-1	-1	0	-1	-1		
6923	2030444	1	-1	-1	-1	0	-1	-1		
6923	2031444	2	-1	-1	-1	1	-1	-1		
6923	2031944	3	-1	-1	-1	1	-1	-1		
6923	2030244	4	-1	-1	-1	0	-1	-1		
6923	2030244	5	-1	-1	-1	0	-1	-1		
6923	2030244	6	-1	-1	-1	0	-1	-1		
61021	2030244	2	-1	-1	-1	0	-1	-1		
61021	2030244	4	-1	-1	-1	0	-1	-1		
61021	2030244	6	-1	-1	-1	0	-1	-1		
61022	2030244	1	-1	-1	-1	0	-1	-1		
61022	2030244	2	-1	-1	-1	0	-1	-1		
61022	2030244	3	-1	-1	-1	0	-1	-1		
61022	2030544	4	-1	-1	-1	0	-1	-1		
61022	2030544	6	-1	-1	-1	0	-1	-1		
61023	2030244	1	-1	-1	-1	0	-1	-1		
61023	2031144	2	-1	-1	-1	0	-1	-1		
61023	2030244	3	-1	-1	-1	0	-1	-1		
61023	2030244	4	-1	-1	-1	0	-1	-1		
61023	2031744	5	-1	-1	-1	1	-1	-1		
61023	2030244	6	-1	-1	-1	0	-1	-1		
61121	2030244	2	-1	-1	-1	0	-1	-1		
61121	2030244	4	-1	-1	-1	0	-1	-1		
61121	2030244	6	-1	-1	-1	0	-1	-1		
61122	2030444	1	-1	-1	-1	0	-1	-1		
61122	2030444	3	-1	-1	-1	0	-1	-1		
61122	2030544	4	-1	-1	-1	0	-1	-1		
61122	2030444	5	-1	-1	-1	0	-1	-1		
61122	2030544	6	-1	-1	-1	0	-1	-1		
61123	2031444	1	-1	-1	-1	1	-1	-1		
61123	2030444	2	-1	-1	-1	0	-1	-1		
61123	2031444	3	-1	-1	-1	1	-1	-1		
61123	2030544	4	-1	-1	-1	0	-1	-1		
61123	2030544	5	-1	-1	-1	0	-1	-1		
61123	2030544	6	-1	-1	-1	0	-1	-1		
61221	2030244	1	-1	-1	-1	0	-1	-1		
61221	2030244	3	-1	-1	-1	0	-1	-1		
61221	2030244	5	-1	-1	-1	0	-1	-1		
61222	2030444	2	-1	-1	-1	0	-1	-1		
61222	2030444	3	-1	-1	-1	0	-1	-1		
61222	2030544	4	-1	-1	-1	0	-1	-1		
61222	2030544	5	-1	-1	-1	0	-1	-1		
61222	2030544	6	-1	-1	-1	0	-1	-1		
61223	2031444	1	-1	-1	-1	1	-1	-1		
61223	2030444	2	-1	-1	-1	0	-1	-1		
61223	2030444	3	-1	-1	-1	0	-1	-1		
61223	2030544	4	-1	-1	-1	0	-1	-1		
61223	2031944	5	-1	-1	-1	1	-1	-1		
61223	2030544	6	-1	-1	-1	0	-1	-1		
61321	2030244	1	-1	-1	-1	0	-1	-1		
61321	2030244	2	-1	-1	-1	0	-1	-1		
61321	2030244	3	-1	-1	-1	0	-1	-1		
61322	2030244	1	-1	-1	-1	0	-1	-1		
61322	2030242	2	-1	-1	-1	0	-1	-1		
61322	2030244	3	-1	-1	-1	0	-1	-1		
61322	2030544	4	-1	-1	-1	0	-1	-1		
61322	2030544	6	-1	-1	-1	0	-1	-1		
61323	2030242	1	-1	-1	-1	0	-1	-1		
61323	2031644	2	-1	-1	-1	1	-1	-1		
61323	2030242	3	-1	-1	-1	0	-1	-1		
61323	2030544	4	-1	-1	-1	0	-1	-1		
61323	2031744	5	-1	-1	-1	1	-1	-1		
61323	2030544	6	-1	-1	-1	0	-1	-1		
61421	2030244	2	-1	-1	-1	0	-1	-1		
61421	2030244	4	-1	-1	-1	0	-1	-1		
61421	2030244	6	-1	-1	-1	0	-1	-1		
61422	2030242	2	-1	-1	-1	0	-1	-1		
61422	2030244	4	-1	-1	-1	0	-1	-1		
61422	2030244	6	-1	-1	-1	0	-1	-1		
61422	2030544	7	-1	-1	-1	0	-1	-1		
61422	2030544	9	-1	-1	-1	0	-1	-1		
61423	2030242	1	-1	-1	-1	0	-1	-1		
61423	2030242	2	-1	-1	-1	0	-1	-1		
61423	2031944	3	-1	-1	-1	1	-1	-1		
61423	2030544	4	-1	-1	-1	0	-1	-1		
61423	2031744	5	-1	-1	-1	1	-1	-1		
61423	2030544	6	-1	-1	-1	0	-1	-1		
61521	2030244	2	-1	-1	-1	0	-1	-1		
61521	2030244	4	-1	-1	-1	0	-1	-1		
61521	2030244	6	-1	-1	-1	0	-1	-1		
61522	2030242	1	-1	-1	-1	0	-1	-1		
61522	2030242	2	-1	-1	-1	0	-1	-1		
61522	2030242	3	-1	-1	-1	0	-1	-1		
61522	2030544	4	-1	-1	-1	0	-1	-1		
61522	2030544	6	-1	-1	-1	0	-1	-1		
61523	2030242	1	-1	-1	-1	0	-1	-1		
61523	2031844	2	-1	-1	-1	1	-1	-1		
61523	2030242	3	-1	-1	-1	0	-1	-1		
61523	2030544	4	-1	-1	-1	0	-1	-1		
61523	2030544	5	-1	-1	-1	0	-1	-1		
61523	2030544	6	-1	-1	-1	0	-1	-1		
61621	2030244	1	-1	-1	-1	0	-1	-1		
61621	2030244	2	-1	-1	-1	0	-1	-1		
61621	2030244	3	-1	-1	-1	0	-1	-1		
61621	2030544	4	-1	-1	-1	0	-1	-1		
61622	2030242	1	-1	-1	-1	0	-1	-1		
61622	2030242	2	-1	-1	-1	0	-1	-1		
61622	2030242	3	-1	-1	-1	0	-1	-1		
61622	2030544	5	-1	-1	-1	0	-1	-1		
61622	2030544	6	-1	-1	-1	0	-1	-1		
61623	2030242	1	-1	-1	-1	0	-1	-1		
61623	2031444	2	-1	-1	-1	1	-1	-1		
61623	2030242	3	-1	-1	-1	0	-1	-1		
61623	2030544	4	-1	-1	-1	0	-1	-1		
61623	2031744	5	-1	-1	-1	1	-1	-1		
61623	2030544	6	-1	-1	-1	0	-1	-1		
61721	2030245	1	-1	-1	-1	0	-1	-1		
61721	2030245	3	-1	-1	-1	0	-1	-1		
61721	2030245	5	-1	-1	-1	0	-1	-1		
61722	2030245	2	-1	-1	-1	0	-1	-1		
61722	2030245	4	-1	-1	-1	0	-1	-1		
61722	2030545	5	-1	-1	-1	0	-1	-1		
61722	2030245	6	-1	-1	-1	0	-1	-1		
61722	2030545	7	-1	-1	-1	0	-1	-1		
61722	2030545	9	-1	-1	-1	0	-1	-1		
61723	2031645	1	-1	-1	-1	1	-1	-1		
61723	2030245	2	-1	-1	-1	0	-1	-1		
61723	2030245	3	-1	-1	-1	0	-1	-1		
61723	2030545	4	-1	-1	-1	0	-1	-1		
61723	2031945	5	-1	-1	-1	1	-1	-1		
61723	2030545	6	-1	-1	-1	0	-1	-1		
61821	2030245	1	-1	-1	-1	0	-1	-1		
61821	2030245	2	-1	-1	-1	0	-1	-1		
61821	2030245	3	-1	-1	-1	0	-1	-1		
61822	2030245	1	-1	-1	-1	0	-1	-1		
61822	2030245	2	-1	-1	-1	0	-1	-1		
61822	2030245	3	-1	-1	-1	0	-1	-1		
61822	2030545	4	-1	-1	-1	0	-1	-1		
61822	2030545	6	-1	-1	-1	0	-1	-1		
61823	2030245	1	-1	-1	-1	0	-1	-1		
61823	2031845	2	-1	-1	-1	1	-1	-1		
61823	2030245	3	-1	-1	-1	0	-1	-1		
61823	2030545	4	-1	-1	-1	0	-1	-1		
61823	2030545	5	-1	-1	-1	0	-1	-1		
61823	2031945	6	-1	-1	-1	1	-1	-1		
61921	2030245	2	-1	-1	-1	0	-1	-1		
61921	2030245	4	-1	-1	-1	0	-1	-1		
61921	2030245	6	-1	-1	-1	0	-1	-1		
61922	2030245	2	-1	-1	-1	0	-1	-1		
61922	2030245	4	-1	-1	-1	0	-1	-1		
61922	2030245	6	-1	-1	-1	0	-1	-1		
61922	2030545	7	-1	-1	-1	0	-1	-1		
61922	2030545	9	-1	-1	-1	0	-1	-1		
61923	2030245	1	-1	-1	-1	0	-1	-1		
61923	2030245	2	-1	-1	-1	0	-1	-1		
61923	2031845	3	-1	-1	-1	1	-1	-1		
61923	2031745	4	-1	-1	-1	1	-1	-1		
61923	2030545	5	-1	-1	-1	0	-1	-1		
61923	2030545	6	-1	-1	-1	0	-1	-1		
62021	2030245	2	-1	-1	-1	0	-1	-1		
62021	2030245	4	-1	-1	-1	0	-1	-1		
62021	2030245	6	-1	-1	-1	0	-1	-1		
62022	2030245	1	-1	-1	-1	0	-1	-1		
62022	2030245	2	-1	-1	-1	0	-1	-1		
62022	2030245	3	-1	-1	-1	0	-1	-1		
62022	2030545	4	-1	-1	-1	0	-1	-1		
62022	2030545	6	-1	-1	-1	0	-1	-1		
62023	2030245	1	-1	-1	-1	0	-1	-1		
62023	2030245	3	-1	-1	-1	0	-1	-1		
62023	2030545	4	-1	-1	-1	0	-1	-1		
62023	2030545	5	-1	-1	-1	0	-1	-1		
62023	2030545	6	-1	-1	-1	0	-1	-1		
62121	2030246	2	-1	-1	-1	0	-1	-1		
62121	2030246	4	-1	-1	-1	0	-1	-1		
62121	2030246	6	-1	-1	-1	0	-1	-1		
62122	2030646	2	-1	-1	-1	0	-1	-1		
62122	2030246	4	-1	-1	-1	0	-1	-1		
62122	2030246	6	-1	-1	-1	0	-1	-1		
62122	2030546	7	-1	-1	-1	0	-1	-1		
62122	2030546	9	-1	-1	-1	0	-1	-1		
62123	2030246	1	-1	-1	-1	0	-1	-1		
62123	2031946	2	-1	-1	-1	1	-1	-1		
62123	2030246	3	-1	-1	-1	0	-1	-1		
62123	2031746	4	-1	-1	-1	1	-1	-1		
62123	2030546	6	-1	-1	-1	0	-1	-1		
62221	2030246	1	-1	-1	-1	0	-1	-1		
62221	2030246	2	-1	-1	-1	0	-1	-1		
62221	2030246	3	-1	-1	-1	0	-1	-1		
62222	2030246	1	-1	-1	-1	0	-1	-1		
62222	2030646	2	-1	-1	-1	0	-1	-1		
62222	2030246	3	-1	-1	-1	0	-1	-1		
62222	2030546	4	-1	-1	-1	0	-1	-1		
62222	2030546	6	-1	-1	-1	0	-1	-1		
62223	2030246	1	-1	-1	-1	0	-1	-1		
62223	2031846	2	-1	-1	-1	1	-1	-1		
62223	2030246	3	-1	-1	-1	0	-1	-1		
62223	2030546	4	-1	-1	-1	0	-1	-1		
62223	2031746	5	-1	-1	-1	1	-1	-1		
62223	2030546	6	-1	-1	-1	0	-1	-1		
62321	2030246	2	-1	-1	-1	0	-1	-1		
62321	2030246	4	-1	-1	-1	0	-1	-1		
62321	2030246	6	-1	-1	-1	0	-1	-1		
62322	2030446	1	-1	-1	-1	0	-1	-1		
62322	2030446	3	-1	-1	-1	0	-1	-1		
62322	2030546	4	-1	-1	-1	0	-1	-1		
62322	2030446	5	-1	-1	-1	0	-1	-1		
62322	2030546	6	-1	-1	-1	0	-1	-1		
62323	2030446	1	-1	-1	-1	0	-1	-1		
62323	2030446	2	-1	-1	-1	0	-1	-1		
62323	2030546	4	-1	-1	-1	0	-1	-1		
62323	2031946	5	-1	-1	-1	1	-1	-1		
62323	2030546	6	-1	-1	-1	0	-1	-1		
62421	2030246	1	-1	-1	-1	0	-1	-1		
62421	2030246	3	-1	-1	-1	0	-1	-1		
62421	2030246	5	-1	-1	-1	0	-1	-1		
62422	2030446	2	-1	-1	-1	0	-1	-1		
62422	2030446	3	-1	-1	-1	0	-1	-1		
62422	2030446	4	-1	-1	-1	0	-1	-1		
62422	2030546	5	-1	-1	-1	0	-1	-1		
62422	2030546	6	-1	-1	-1	0	-1	-1		
62422	2030546	7	-1	-1	-1	0	-1	-1		
62423	2030446	1	-1	-1	-1	0	-1	-1		
62423	2031846	3	-1	-1	-1	1	-1	-1		
62423	2030546	4	-1	-1	-1	0	-1	-1		
62423	2030546	5	-1	-1	-1	0	-1	-1		
62423	2030546	6	-1	-1	-1	0	-1	-1		
62521	2030247	2	-1	-1	-1	0	-1	-1		
62521	2030247	4	-1	-1	-1	0	-1	-1		
62521	2030247	6	-1	-1	-1	0	-1	-1		
62522	2030247	1	-1	-1	-1	0	-1	-1		
62522	2030247	2	-1	-1	-1	0	-1	-1		
62522	2030247	3	-1	-1	-1	0	-1	-1		
62522	2030547	4	-1	-1	-1	0	-1	-1		
62522	2030547	6	-1	-1	-1	0	-1	-1		
62523	2030647	1	-1	-1	-1	0	-1	-1		
62523	2030647	3	-1	-1	-1	0	-1	-1		
62523	2030447	4	-1	-1	-1	0	-1	-1		
62523	2030447	5	-1	-1	-1	0	-1	-1		
62523	2030447	6	-1	-1	-1	0	-1	-1		
62621	2030247	1	-1	-1	-1	0	-1	-1		
62621	2030247	2	-1	-1	-1	0	-1	-1		
62621	2030247	3	-1	-1	-1	0	-1	-1		
62622	2030247	1	-1	-1	-1	0	-1	-1		
62622	2030647	2	-1	-1	-1	0	-1	-1		
62622	2030247	3	-1	-1	-1	0	-1	-1		
62622	2030547	5	-1	-1	-1	0	-1	-1		
62623	2030647	1	-1	-1	-1	0	-1	-1		
62623	2031747	2	-1	-1	-1	1	-1	-1		
62623	2031947	3	-1	-1	-1	1	-1	-1		
62623	2030447	4	-1	-1	-1	0	-1	-1		
62623	2030447	5	-1	-1	-1	0	-1	-1		
62623	2030447	6	-1	-1	-1	0	-1	-1		
62721	2030247	1	-1	-1	-1	0	-1	-1		
62721	2030247	3	-1	-1	-1	0	-1	-1		
62721	2030247	5	-1	-1	-1	0	-1	-1		
62722	2030647	2	-1	-1	-1	0	-1	-1		
62722	2030247	4	-1	-1	-1	0	-1	-1		
62722	2030247	6	-1	-1	-1	0	-1	-1		
62722	2030547	7	-1	-1	-1	0	-1	-1		
62722	2030547	9	-1	-1	-1	0	-1	-1		
62723	2030647	1	-1	-1	-1	0	-1	-1		
62723	2031847	2	-1	-1	-1	1	-1	-1		
62723	2030647	3	-1	-1	-1	0	-1	-1		
62723	2031747	4	-1	-1	-1	1	-1	-1		
62723	2030447	5	-1	-1	-1	0	-1	-1		
62723	2030447	6	-1	-1	-1	0	-1	-1		
62821	2030247	2	-1	-1	-1	0	-1	-1		
62821	2030247	4	-1	-1	-1	0	-1	-1		
62821	2030247	6	-1	-1	-1	0	-1	-1		
62822	2030647	2	-1	-1	-1	0	-1	-1		
62822	2030247	4	-1	-1	-1	0	-1	-1		
62822	2030247	6	-1	-1	-1	0	-1	-1		
62822	2030547	7	-1	-1	-1	0	-1	-1		
62822	2030547	9	-1	-1	-1	0	-1	-1		
62823	2030247	1	-1	-1	-1	0	-1	-1		
62823	2030647	2	-1	-1	-1	0	-1	-1		
62823	2030547	4	-1	-1	-1	0	-1	-1		
62823	2030547	5	-1	-1	-1	0	-1	-1		
62823	2031947	6	-1	-1	-1	1	-1	-1		
62921	2030247	1	-1	-1	-1	0	-1	-1		
62921	2030247	2	-1	-1	-1	0	-1	-1		
62921	2030247	3	-1	-1	-1	0	-1	-1		
62921	2030547	5	-1	-1	-1	0	-1	-1		
62922	2030247	1	-1	-1	-1	0	-1	-1		
62922	2030647	2	-1	-1	-1	0	-1	-1		
62922	2030247	3	-1	-1	-1	0	-1	-1		
62922	2030547	4	-1	-1	-1	0	-1	-1		
62922	2030547	6	-1	-1	-1	0	-1	-1		
62923	2031847	2	-1	-1	-1	1	-1	-1		
62923	2030247	3	-1	-1	-1	0	-1	-1		
62923	2030547	4	-1	-1	-1	0	-1	-1		
62923	2030547	5	-1	-1	-1	0	-1	-1		
62923	2030547	6	-1	-1	-1	0	-1	-1		
63021	2030247	2	-1	-1	-1	0	-1	-1		
63021	2030247	4	-1	-1	-1	0	-1	-1		
63021	2030247	6	-1	-1	-1	0	-1	-1		
63022	2030247	1	-1	-1	-1	0	-1	-1		
63022	2030247	2	-1	-1	-1	0	-1	-1		
63022	2030247	3	-1	-1	-1	0	-1	-1		
63022	2030547	4	-1	-1	-1	0	-1	-1		
63022	2030547	6	-1	-1	-1	0	-1	-1		
63023	2030647	1	-1	-1	-1	0	-1	-1		
63023	2031347	2	-1	-1	-1	0	-1	-1		
63023	2030647	3	-1	-1	-1	0	-1	-1		
63023	2030247	4	-1	-1	-1	0	-1	-1		
63023	2030547	5	-1	-1	-1	0	-1	-1		
63023	2030247	6	-1	-1	-1	0	-1	-1		
7121	2060147	1	-1	-1	-1	0	-1	-1		
7121	2060147	2	-1	-1	-1	0	-1	-1		
7121	2060147	3	-1	-1	-1	0	-1	-1		
7121	2060147	4	-1	-1	-1	0	-1	-1		
7121	2060147	5	-1	-1	-1	0	-1	-1		
7121	2060147	6	-1	-1	-1	0	-1	-1		
7122	2060147	1	-1	-1	-1	0	-1	-1		
7122	2060147	2	-1	-1	-1	0	-1	-1		
7122	2060147	3	-1	-1	-1	0	-1	-1		
7122	2061047	4	-1	-1	-1	0	-1	-1		
7122	2061047	5	-1	-1	-1	0	-1	-1		
7122	2061047	6	-1	-1	-1	0	-1	-1		
7123	2060247	2	-1	-1	-1	0	-1	-1		
7123	2060247	4	-1	-1	-1	0	-1	-1		
7123	2061347	5	-1	-1	-1	1	-1	-1		
7123	2060247	6	-1	-1	-1	0	-1	-1		
7221	2060148	1	-1	-1	-1	0	-1	-1		
7221	2061048	2	-1	-1	-1	0	-1	-1		
7221	2060148	3	-1	-1	-1	0	-1	-1		
7221	2061048	4	-1	-1	-1	0	-1	-1		
7221	2061048	5	-1	-1	-1	0	-1	-1		
7221	2061048	6	-1	-1	-1	0	-1	-1		
7222	2060248	1	-1	-1	-1	0	-1	-1		
7222	2060148	2	-1	-1	-1	0	-1	-1		
7222	2060248	3	-1	-1	-1	0	-1	-1		
7222	2060448	4	-1	-1	-1	0	-1	-1		
7222	2061048	5	-1	-1	-1	0	-1	-1		
7222	2060448	6	-1	-1	-1	0	-1	-1		
7223	2060248	1	-1	-1	-1	0	-1	-1		
7223	2061448	2	-1	-1	-1	1	-1	-1		
7223	2060248	3	-1	-1	-1	0	-1	-1		
7223	2060448	4	-1	-1	-1	0	-1	-1		
7223	2060448	5	-1	-1	-1	0	-1	-1		
7223	2060448	6	-1	-1	-1	0	-1	-1		
7321	2061048	1	-1	-1	-1	0	-1	-1		
7321	2060248	2	-1	-1	-1	0	-1	-1		
7321	2061048	3	-1	-1	-1	0	-1	-1		
7322	2060148	1	-1	-1	-1	0	-1	-1		
7322	2060248	2	-1	-1	-1	0	-1	-1		
7322	2060148	3	-1	-1	-1	0	-1	-1		
7322	2060448	4	-1	-1	-1	0	-1	-1		
7322	2060448	5	-1	-1	-1	0	-1	-1		
7323	2060248	1	-1	-1	-1	0	-1	-1		
7323	2060248	2	-1	-1	-1	0	-1	-1		
7323	2060248	3	-1	-1	-1	0	-1	-1		
7323	2060448	4	-1	-1	-1	0	-1	-1		
7323	2061548	5	-1	-1	-1	1	-1	-1		
7323	2060448	6	-1	-1	-1	0	-1	-1		
7421	2060248	1	-1	-1	-1	0	-1	-1		
7421	2060248	2	-1	-1	-1	0	-1	-1		
7421	2060248	3	-1	-1	-1	0	-1	-1		
7422	2060248	1	-1	-1	-1	0	-1	-1		
7422	2061048	2	-1	-1	-1	0	-1	-1		
7422	2060248	3	-1	-1	-1	0	-1	-1		
7422	2060448	5	-1	-1	-1	0	-1	-1		
7422	2060448	6	-1	-1	-1	0	-1	-1		
7423	2060248	1	-1	-1	-1	0	-1	-1		
7423	2060248	2	-1	-1	-1	0	-1	-1		
7423	2061448	3	-1	-1	-1	1	-1	-1		
7423	2060448	4	-1	-1	-1	0	-1	-1		
7423	2060448	5	-1	-1	-1	0	-1	-1		
7423	2060448	6	-1	-1	-1	0	-1	-1		
7521	2060248	2	-1	-1	-1	0	-1	-1		
7521	2060248	4	-1	-1	-1	0	-1	-1		
7521	2060248	6	-1	-1	-1	0	-1	-1		
7522	2060248	1	-1	-1	-1	0	-1	-1		
7522	2060248	2	-1	-1	-1	0	-1	-1		
7522	2060248	3	-1	-1	-1	0	-1	-1		
7522	2060448	4	-1	-1	-1	0	-1	-1		
7522	2060248	5	-1	-1	-1	0	-1	-1		
7522	2060448	6	-1	-1	-1	0	-1	-1		
7523	2060248	1	-1	-1	-1	0	-1	-1		
7523	2061648	2	-1	-1	-1	1	-1	-1		
7523	2060248	3	-1	-1	-1	0	-1	-1		
7523	2060448	4	-1	-1	-1	0	-1	-1		
7523	2060448	5	-1	-1	-1	0	-1	-1		
7523	2060448	6	-1	-1	-1	0	-1	-1		
7621	2061249	2	-1	-1	-1	0	-1	-1		
7621	2060249	4	-1	-1	-1	0	-1	-1		
7621	2060249	6	-1	-1	-1	0	-1	-1		
7622	2061249	1	-1	-1	-1	0	-1	-1		
7622	2061249	3	-1	-1	-1	0	-1	-1		
7622	2060449	4	-1	-1	-1	0	-1	-1		
7622	2061249	5	-1	-1	-1	0	-1	-1		
7622	2060449	6	-1	-1	-1	0	-1	-1		
7623	2061249	1	-1	-1	-1	0	-1	-1		
7623	2061249	2	-1	-1	-1	0	-1	-1		
7623	2061249	3	-1	-1	-1	0	-1	-1		
7623	2060449	4	-1	-1	-1	0	-1	-1		
7623	2061349	5	-1	-1	-1	1	-1	-1		
7623	2060449	6	-1	-1	-1	0	-1	-1		
7721	2061249	1	-1	-1	-1	0	-1	-1		
7721	2061249	3	-1	-1	-1	0	-1	-1		
7721	2060249	5	-1	-1	-1	0	-1	-1		
7722	2061249	2	-1	-1	-1	0	-1	-1		
7722	2061249	3	-1	-1	-1	0	-1	-1		
7722	2061249	4	-1	-1	-1	0	-1	-1		
7722	2060449	5	-1	-1	-1	0	-1	-1		
7722	2060449	6	-1	-1	-1	0	-1	-1		
7723	2060249	1	-1	-1	-1	0	-1	-1		
7723	2061449	2	-1	-1	-1	1	-1	-1		
7723	2060249	3	-1	-1	-1	0	-1	-1		
7723	2060449	4	-1	-1	-1	0	-1	-1		
7723	2060449	5	-1	-1	-1	0	-1	-1		
7723	2060449	6	-1	-1	-1	0	-1	-1		
7821	2060249	1	-1	-1	-1	0	-1	-1		
7821	2061249	2	-1	-1	-1	0	-1	-1		
7821	2060249	3	-1	-1	-1	0	-1	-1		
7822	2061249	1	-1	-1	-1	0	-1	-1		
7822	2061249	2	-1	-1	-1	0	-1	-1		
7822	2061249	3	-1	-1	-1	0	-1	-1		
7822	2060449	5	-1	-1	-1	0	-1	-1		
7822	2060449	6	-1	-1	-1	0	-1	-1		
7823	2061249	1	-1	-1	-1	0	-1	-1		
7823	2061249	2	-1	-1	-1	0	-1	-1		
7823	2061249	3	-1	-1	-1	0	-1	-1		
7823	2060449	4	-1	-1	-1	0	-1	-1		
7823	2060449	5	-1	-1	-1	0	-1	-1		
7823	2061549	6	-1	-1	-1	1	-1	-1		
7921	2060249	1	-1	-1	-1	0	-1	-1		
7921	2060249	3	-1	-1	-1	0	-1	-1		
7921	2060249	5	-1	-1	-1	0	-1	-1		
7922	2061249	1	-1	-1	-1	0	-1	-1		
7922	2061249	2	-1	-1	-1	0	-1	-1		
7922	2061249	3	-1	-1	-1	0	-1	-1		
7922	2061249	4	-1	-1	-1	0	-1	-1		
7922	2060449	5	-1	-1	-1	0	-1	-1		
7922	2061249	6	-1	-1	-1	0	-1	-1		
7923	2061249	1	-1	-1	-1	0	-1	-1		
7923	2061249	2	-1	-1	-1	0	-1	-1		
7923	2061649	3	-1	-1	-1	1	-1	-1		
7923	2061449	4	-1	-1	-1	1	-1	-1		
7923	2061249	5	-1	-1	-1	0	-1	-1		
7923	2061249	6	-1	-1	-1	0	-1	-1		
71021	2060249	2	-1	-1	-1	0	-1	-1		
71021	2060249	4	-1	-1	-1	0	-1	-1		
71021	2060249	6	-1	-1	-1	0	-1	-1		
71022	2060249	1	-1	-1	-1	0	-1	-1		
71022	2061249	2	-1	-1	-1	0	-1	-1		
71022	2060249	3	-1	-1	-1	0	-1	-1		
71022	2060449	4	-1	-1	-1	0	-1	-1		
71022	2060449	6	-1	-1	-1	0	-1	-1		
71023	2061249	1	-1	-1	-1	0	-1	-1		
71023	2061749	2	-1	-1	-1	1	-1	-1		
71023	2061249	3	-1	-1	-1	0	-1	-1		
71023	2060249	4	-1	-1	-1	0	-1	-1		
71023	2060449	5	-1	-1	-1	0	-1	-1		
71023	2060249	6	-1	-1	-1	0	-1	-1		
71121	2061249	2	-1	-1	-1	0	-1	-1		
71121	2060249	4	-1	-1	-1	0	-1	-1		
71121	2060249	6	-1	-1	-1	0	-1	-1		
71122	2061249	1	-1	-1	-1	0	-1	-1		
71122	2061249	3	-1	-1	-1	0	-1	-1		
71122	2060449	4	-1	-1	-1	0	-1	-1		
71122	2061249	5	-1	-1	-1	0	-1	-1		
71122	2060449	6	-1	-1	-1	0	-1	-1		
71123	2061449	1	-1	-1	-1	1	-1	-1		
71123	2061249	3	-1	-1	-1	0	-1	-1		
71123	2060449	4	-1	-1	-1	0	-1	-1		
71123	2060449	5	-1	-1	-1	0	-1	-1		
71123	2060449	6	-1	-1	-1	0	-1	-1		
71221	2061249	1	-1	-1	-1	0	-1	-1		
71221	2061249	3	-1	-1	-1	0	-1	-1		
71221	2060249	5	-1	-1	-1	0	-1	-1		
71222	2061249	2	-1	-1	-1	0	-1	-1		
71222	2061249	3	-1	-1	-1	0	-1	-1		
71222	2060449	4	-1	-1	-1	0	-1	-1		
71222	2060449	5	-1	-1	-1	0	-1	-1		
71222	2060449	6	-1	-1	-1	0	-1	-1		
71223	2061249	1	-1	-1	-1	0	-1	-1		
71223	2061249	2	-1	-1	-1	0	-1	-1		
71223	2061249	3	-1	-1	-1	0	-1	-1		
71223	2061349	4	-1	-1	-1	1	-1	-1		
71223	2061549	5	-1	-1	-1	1	-1	-1		
71223	2060449	6	-1	-1	-1	0	-1	-1		
71321	2060250	1	-1	-1	-1	0	-1	-1		
71321	2060250	2	-1	-1	-1	0	-1	-1		
71321	2060250	3	-1	-1	-1	0	-1	-1		
71322	2060250	1	-1	-1	-1	0	-1	-1		
71322	2060350	2	-1	-1	-1	0	-1	-1		
71322	2060250	3	-1	-1	-1	0	-1	-1		
71322	2060450	4	-1	-1	-1	0	-1	-1		
71322	2060450	6	-1	-1	-1	0	-1	-1		
71323	2060350	1	-1	-1	-1	0	-1	-1		
71323	2061650	2	-1	-1	-1	1	-1	-1		
71323	2061750	3	-1	-1	-1	1	-1	-1		
71323	2060450	4	-1	-1	-1	0	-1	-1		
71323	2060450	5	-1	-1	-1	0	-1	-1		
71323	2060450	6	-1	-1	-1	0	-1	-1		
71421	2060250	2	-1	-1	-1	0	-1	-1		
71421	2060250	4	-1	-1	-1	0	-1	-1		
71421	2060250	6	-1	-1	-1	0	-1	-1		
71422	2060350	2	-1	-1	-1	0	-1	-1		
71422	2060250	4	-1	-1	-1	0	-1	-1		
71422	2060250	6	-1	-1	-1	0	-1	-1		
71422	2060450	7	-1	-1	-1	0	-1	-1		
71422	2060450	9	-1	-1	-1	0	-1	-1		
71423	2061350	1	-1	-1	-1	1	-1	-1		
71423	2061750	2	-1	-1	-1	1	-1	-1		
71423	2060350	3	-1	-1	-1	0	-1	-1		
71423	2060450	4	-1	-1	-1	0	-1	-1		
71423	2060450	5	-1	-1	-1	0	-1	-1		
71423	2060450	6	-1	-1	-1	0	-1	-1		
71521	2060250	2	-1	-1	-1	0	-1	-1		
71521	2060250	4	-1	-1	-1	0	-1	-1		
71521	2060250	6	-1	-1	-1	0	-1	-1		
71522	2060350	1	-1	-1	-1	0	-1	-1		
71522	2060350	2	-1	-1	-1	0	-1	-1		
71522	2060350	3	-1	-1	-1	0	-1	-1		
71522	2061150	4	-1	-1	-1	0	-1	-1		
71522	2061150	6	-1	-1	-1	0	-1	-1		
71523	2060350	1	-1	-1	-1	0	-1	-1		
71523	2060350	2	-1	-1	-1	0	-1	-1		
71523	2060350	3	-1	-1	-1	0	-1	-1		
71523	2061150	4	-1	-1	-1	0	-1	-1		
71523	2061850	5	-1	-1	-1	1	-1	-1		
71523	2061150	6	-1	-1	-1	0	-1	-1		
71621	2060251	1	-1	-1	-1	0	-1	-1		
71621	2060251	2	-1	-1	-1	0	-1	-1		
71621	2060251	3	-1	-1	-1	0	-1	-1		
71621	2061151	4	-1	-1	-1	0	-1	-1		
71622	2060351	1	-1	-1	-1	0	-1	-1		
71622	2060351	2	-1	-1	-1	0	-1	-1		
71622	2060351	3	-1	-1	-1	0	-1	-1		
71622	2061151	5	-1	-1	-1	0	-1	-1		
71622	2061151	6	-1	-1	-1	0	-1	-1		
71623	2060351	1	-1	-1	-1	0	-1	-1		
71623	2061351	2	-1	-1	-1	1	-1	-1		
71623	2061651	3	-1	-1	-1	1	-1	-1		
71623	2061151	4	-1	-1	-1	0	-1	-1		
71623	2061151	5	-1	-1	-1	0	-1	-1		
71623	2061151	6	-1	-1	-1	0	-1	-1		
71721	2060251	1	-1	-1	-1	0	-1	-1		
71721	2060251	3	-1	-1	-1	0	-1	-1		
71721	2060251	5	-1	-1	-1	0	-1	-1		
71722	2060351	2	-1	-1	-1	0	-1	-1		
71722	2060351	4	-1	-1	-1	0	-1	-1		
71722	2061151	5	-1	-1	-1	0	-1	-1		
71722	2060351	6	-1	-1	-1	0	-1	-1		
71722	2061151	7	-1	-1	-1	0	-1	-1		
71722	2061151	9	-1	-1	-1	0	-1	-1		
71723	2061451	1	-1	-1	-1	1	-1	-1		
71723	2060351	2	-1	-1	-1	0	-1	-1		
71723	2061751	3	-1	-1	-1	1	-1	-1		
71723	2061151	4	-1	-1	-1	0	-1	-1		
71723	2061151	5	-1	-1	-1	0	-1	-1		
71723	2061151	6	-1	-1	-1	0	-1	-1		
71821	2060251	1	-1	-1	-1	0	-1	-1		
71821	2060251	2	-1	-1	-1	0	-1	-1		
71821	2060251	3	-1	-1	-1	0	-1	-1		
71822	2060251	1	-1	-1	-1	0	-1	-1		
71822	2060351	2	-1	-1	-1	0	-1	-1		
71822	2060251	3	-1	-1	-1	0	-1	-1		
71822	2061151	4	-1	-1	-1	0	-1	-1		
71822	2061151	6	-1	-1	-1	0	-1	-1		
71823	2061351	1	-1	-1	-1	1	-1	-1		
71823	2060351	2	-1	-1	-1	0	-1	-1		
71823	2060351	3	-1	-1	-1	0	-1	-1		
71823	2061851	4	-1	-1	-1	1	-1	-1		
71823	2061151	5	-1	-1	-1	0	-1	-1		
71823	2061151	6	-1	-1	-1	0	-1	-1		
71921	2060251	2	-1	-1	-1	0	-1	-1		
71921	2060251	4	-1	-1	-1	0	-1	-1		
71921	2060251	6	-1	-1	-1	0	-1	-1		
71922	2060351	2	-1	-1	-1	0	-1	-1		
71922	2060251	4	-1	-1	-1	0	-1	-1		
71922	2060251	6	-1	-1	-1	0	-1	-1		
71922	2061151	7	-1	-1	-1	0	-1	-1		
71922	2061151	9	-1	-1	-1	0	-1	-1		
71923	2060351	1	-1	-1	-1	0	-1	-1		
71923	2061751	2	-1	-1	-1	1	-1	-1		
71923	2060351	3	-1	-1	-1	0	-1	-1		
71923	2061851	4	-1	-1	-1	1	-1	-1		
71923	2061151	5	-1	-1	-1	0	-1	-1		
71923	2061151	6	-1	-1	-1	0	-1	-1		
72021	2060351	2	-1	-1	-1	0	-1	-1		
72021	2060251	4	-1	-1	-1	0	-1	-1		
72021	2060251	6	-1	-1	-1	0	-1	-1		
72022	2060251	1	-1	-1	-1	0	-1	-1		
72022	2060351	2	-1	-1	-1	0	-1	-1		
72022	2060251	3	-1	-1	-1	0	-1	-1		
72022	2061151	4	-1	-1	-1	0	-1	-1		
72022	2061151	6	-1	-1	-1	0	-1	-1		
72023	2060351	1	-1	-1	-1	0	-1	-1		
72023	2061951	2	-1	-1	-1	1	-1	-1		
72023	2060351	3	-1	-1	-1	0	-1	-1		
72023	2061151	4	-1	-1	-1	0	-1	-1		
72023	2061151	5	-1	-1	-1	0	-1	-1		
72023	2061151	6	-1	-1	-1	0	-1	-1		
72121	2060251	2	-1	-1	-1	0	-1	-1		
72121	2060251	4	-1	-1	-1	0	-1	-1		
72121	2060251	6	-1	-1	-1	0	-1	-1		
72122	2060951	2	-1	-1	-1	0	-1	-1		
72122	2060251	4	-1	-1	-1	0	-1	-1		
72122	2060251	6	-1	-1	-1	0	-1	-1		
72122	2061151	7	-1	-1	-1	0	-1	-1		
72122	2061151	9	-1	-1	-1	0	-1	-1		
72123	2060351	1	-1	-1	-1	0	-1	-1		
72123	2061651	2	-1	-1	-1	1	-1	-1		
72123	2060351	3	-1	-1	-1	0	-1	-1		
72123	2061851	4	-1	-1	-1	1	-1	-1		
72123	2061151	6	-1	-1	-1	0	-1	-1		
72221	2060251	1	-1	-1	-1	0	-1	-1		
72221	2060251	2	-1	-1	-1	0	-1	-1		
72221	2060251	3	-1	-1	-1	0	-1	-1		
72222	2060251	1	-1	-1	-1	0	-1	-1		
72222	2060951	2	-1	-1	-1	0	-1	-1		
72222	2060251	3	-1	-1	-1	0	-1	-1		
72222	2061151	4	-1	-1	-1	0	-1	-1		
72222	2061151	6	-1	-1	-1	0	-1	-1		
72223	2060351	1	-1	-1	-1	0	-1	-1		
72223	2061651	2	-1	-1	-1	1	-1	-1		
72223	2061451	3	-1	-1	-1	1	-1	-1		
72223	2061151	4	-1	-1	-1	0	-1	-1		
72223	2061151	5	-1	-1	-1	0	-1	-1		
72223	2061151	6	-1	-1	-1	0	-1	-1		
72321	2060752	2	-1	-1	-1	0	-1	-1		
72321	2060252	4	-1	-1	-1	0	-1	-1		
72321	2060252	6	-1	-1	-1	0	-1	-1		
72322	2060752	1	-1	-1	-1	0	-1	-1		
72322	2060752	3	-1	-1	-1	0	-1	-1		
72322	2061152	4	-1	-1	-1	0	-1	-1		
72322	2060752	5	-1	-1	-1	0	-1	-1		
72322	2061152	6	-1	-1	-1	0	-1	-1		
72323	2060752	1	-1	-1	-1	0	-1	-1		
72323	2061752	2	-1	-1	-1	1	-1	-1		
72323	2061952	3	-1	-1	-1	1	-1	-1		
72323	2061152	4	-1	-1	-1	0	-1	-1		
72323	2061152	5	-1	-1	-1	0	-1	-1		
72323	2061152	6	-1	-1	-1	0	-1	-1		
72421	2060752	1	-1	-1	-1	0	-1	-1		
72421	2060752	3	-1	-1	-1	0	-1	-1		
72421	2060252	5	-1	-1	-1	0	-1	-1		
72422	2060752	2	-1	-1	-1	0	-1	-1		
72422	2060752	3	-1	-1	-1	0	-1	-1		
72422	2060752	4	-1	-1	-1	0	-1	-1		
72422	2061152	5	-1	-1	-1	0	-1	-1		
72422	2061152	6	-1	-1	-1	0	-1	-1		
72422	2061152	7	-1	-1	-1	0	-1	-1		
72423	2060752	1	-1	-1	-1	0	-1	-1		
72423	2061952	2	-1	-1	-1	1	-1	-1		
72423	2060752	3	-1	-1	-1	0	-1	-1		
72423	2061852	4	-1	-1	-1	1	-1	-1		
72423	2061152	5	-1	-1	-1	0	-1	-1		
72423	2061152	6	-1	-1	-1	0	-1	-1		
72521	2060352	2	-1	-1	-1	0	-1	-1		
72521	2060252	4	-1	-1	-1	0	-1	-1		
72521	2060252	6	-1	-1	-1	0	-1	-1		
72522	2060352	1	-1	-1	-1	0	-1	-1		
72522	2060352	2	-1	-1	-1	0	-1	-1		
72522	2060352	3	-1	-1	-1	0	-1	-1		
72522	2061152	4	-1	-1	-1	0	-1	-1		
72522	2061152	6	-1	-1	-1	0	-1	-1		
72523	2060952	1	-1	-1	-1	0	-1	-1		
72523	2060652	2	-1	-1	-1	0	-1	-1		
72523	2060952	3	-1	-1	-1	0	-1	-1		
72523	2060752	4	-1	-1	-1	0	-1	-1		
72523	2060752	5	-1	-1	-1	0	-1	-1		
72523	2060752	6	-1	-1	-1	0	-1	-1		
72621	2060252	1	-1	-1	-1	0	-1	-1		
72621	2060352	2	-1	-1	-1	0	-1	-1		
72621	2060252	3	-1	-1	-1	0	-1	-1		
72622	2060352	1	-1	-1	-1	0	-1	-1		
72622	2060952	2	-1	-1	-1	0	-1	-1		
72622	2060352	3	-1	-1	-1	0	-1	-1		
72622	2061152	5	-1	-1	-1	0	-1	-1		
72623	2060952	1	-1	-1	-1	0	-1	-1		
72623	2061652	2	-1	-1	-1	1	-1	-1		
72623	2060952	3	-1	-1	-1	0	-1	-1		
72623	2060752	4	-1	-1	-1	0	-1	-1		
72623	2061852	5	-1	-1	-1	1	-1	-1		
72623	2060752	6	-1	-1	-1	0	-1	-1		
72721	2060252	1	-1	-1	-1	0	-1	-1		
72721	2060252	3	-1	-1	-1	0	-1	-1		
72721	2060352	5	-1	-1	-1	0	-1	-1		
72722	2060952	2	-1	-1	-1	0	-1	-1		
72722	2060352	4	-1	-1	-1	0	-1	-1		
72722	2060352	6	-1	-1	-1	0	-1	-1		
72722	2061152	7	-1	-1	-1	0	-1	-1		
72722	2061152	9	-1	-1	-1	0	-1	-1		
72723	2060952	1	-1	-1	-1	0	-1	-1		
72723	2061652	2	-1	-1	-1	1	-1	-1		
72723	2061452	3	-1	-1	-1	1	-1	-1		
72723	2060752	4	-1	-1	-1	0	-1	-1		
72723	2060752	5	-1	-1	-1	0	-1	-1		
72723	2060752	6	-1	-1	-1	0	-1	-1		
72821	2060252	2	-1	-1	-1	0	-1	-1		
72821	2060252	4	-1	-1	-1	0	-1	-1		
72821	2060252	6	-1	-1	-1	0	-1	-1		
72822	2060952	2	-1	-1	-1	0	-1	-1		
72822	2060352	4	-1	-1	-1	0	-1	-1		
72822	2060352	6	-1	-1	-1	0	-1	-1		
72822	2061152	7	-1	-1	-1	0	-1	-1		
72822	2061152	9	-1	-1	-1	0	-1	-1		
72823	2060352	1	-1	-1	-1	0	-1	-1		
72823	2061952	2	-1	-1	-1	1	-1	-1		
72823	2061752	3	-1	-1	-1	1	-1	-1		
72823	2061152	4	-1	-1	-1	0	-1	-1		
72823	2061152	5	-1	-1	-1	0	-1	-1		
72823	2061152	6	-1	-1	-1	0	-1	-1		
72921	2060253	1	-1	-1	-1	0	-1	-1		
72921	2060253	2	-1	-1	-1	0	-1	-1		
72921	2060253	3	-1	-1	-1	0	-1	-1		
72921	2061153	5	-1	-1	-1	0	-1	-1		
72922	2060353	1	-1	-1	-1	0	-1	-1		
72922	2060953	2	-1	-1	-1	0	-1	-1		
72922	2060353	3	-1	-1	-1	0	-1	-1		
72922	2061153	4	-1	-1	-1	0	-1	-1		
72922	2061153	6	-1	-1	-1	0	-1	-1		
72923	2060353	1	-1	-1	-1	0	-1	-1		
72923	2061953	2	-1	-1	-1	1	-1	-1		
72923	2060353	3	-1	-1	-1	0	-1	-1		
72923	2061853	4	-1	-1	-1	1	-1	-1		
72923	2061153	5	-1	-1	-1	0	-1	-1		
72923	2061153	6	-1	-1	-1	0	-1	-1		
73021	2060353	2	-1	-1	-1	0	-1	-1		
73021	2060253	4	-1	-1	-1	0	-1	-1		
73021	2060253	6	-1	-1	-1	0	-1	-1		
73022	2060253	1	-1	-1	-1	0	-1	-1		
73022	2060253	2	-1	-1	-1	0	-1	-1		
73022	2060253	3	-1	-1	-1	0	-1	-1		
73022	2061153	4	-1	-1	-1	0	-1	-1		
73022	2061153	6	-1	-1	-1	0	-1	-1		
73023	2060953	1	-1	-1	-1	0	-1	-1		
73023	2060553	2	-1	-1	-1	0	-1	-1		
73023	2060953	3	-1	-1	-1	0	-1	-1		
73023	2060353	4	-1	-1	-1	0	-1	-1		
73023	2061153	5	-1	-1	-1	0	-1	-1		
73023	2060353	6	-1	-1	-1	0	-1	-1		
										
80601	2040516	1	-1	-1	-1	0	-1	-1		
80601	80102	2	-1	-1	-1	0	-1	-1		
80601	2050512	3	-1	-1	-1	0	-1	-1		
80601	80105	4	-1	-1	-1	0	-1	-1		
80601	806	5	-1	-1	1	0	-1	-1		
80601	80105	6	-1	-1	-1	0	-1	-1		
80601	1111	12	-1	-1	-1	0	-1	-1		
										
8111	2070150	1	-1	-1	-1	0	-1	-1		
8111	2070150	2	-1	-1	-1	0	-1	-1		
8111	2070150	3	-1	-1	1	0	-1	-1		
8111	2070150	4	-1	-1	-1	0	-1	-1		
8111	2070150	5	-1	-1	-1	0	-1	-1		
8111	2070150	6	-1	-1	-1	0	-1	-1		
8112	2070150	1	-1	-1	-1	0	-1	-1		
8112	2070150	2	-1	-1	-1	0	-1	-1		
8112	2070150	3	-1	-1	-1	0	-1	-1		
8112	2070550	4	-1	-1	1	0	-1	-1		
8112	2070550	5	-1	-1	-1	0	-1	-1		
8112	2070550	6	-1	-1	-1	0	-1	-1		
8113	2070450	2	-1	-1	-1	0	-1	-1		
8113	2070450	4	-1	-1	-1	0	-1	-1		
8113	2070450	6	-1	-1	-1	0	-1	-1		
8113	2071750	5	-1	-1	-1	1	-1	-1		
8211	2070150	1	-1	-1	-1	0	-1	-1		
8211	2070150	3	-1	-1	-1	0	-1	-1		
8211	2070550	2	-1	-1	-1	0	-1	-1		
8211	2070550	4	-1	-1	-1	0	-1	-1		
8211	2070550	5	-1	-1	-1	0	-1	-1		
8211	2070550	6	-1	-1	1	0	-1	-1		
8212	2070150	2	-1	-1	-1	0	-1	-1		
8212	2070450	1	-1	-1	-1	0	-1	-1		
8212	2070450	3	-1	-1	-1	0	-1	-1		
8212	2070550	4	-1	-1	1	0	-1	-1		
8212	2070550	5	-1	-1	-1	0	-1	-1		
8212	2070550	6	-1	-1	-1	0	-1	-1		
8213	2070450	1	-1	-1	-1	0	-1	-1		
8213	2070450	3	-1	-1	-1	0	-1	-1		
8213	2070550	4	-1	-1	-1	0	-1	-1		
8213	2070550	5	-1	-1	-1	0	-1	-1		
8213	2070550	6	-1	-1	-1	1	-1	-1		
8213	2071850	2	-1	-1	1	0	-1	-1		
8311	2070450	2	-1	-1	-1	0	-1	-1		
8311	2070550	1	-1	-1	1	0	-1	-1		
8311	2070550	3	-1	-1	-1	0	-1	-1		
8312	2070150	1	-1	-1	-1	0	-1	-1		
8312	2070150	3	-1	-1	-1	0	-1	-1		
8312	2070450	2	-1	-1	1	0	-1	-1		
8312	2070550	4	-1	-1	-1	0	-1	-1		
8312	2070550	5	-1	-1	-1	0	-1	-1		
8313	2070450	1	-1	-1	-1	0	-1	-1		
8313	2070450	3	-1	-1	-1	0	-1	-1		
8313	2070550	4	-1	-1	-1	0	-1	-1		
8313	2070550	6	-1	-1	-1	0	-1	-1		
8313	2071450	2	-1	-1	-1	0	-1	-1		
8411	2070451	1	-1	-1	-1	0	-1	-1		
8411	2070451	2	-1	-1	1	0	-1	-1		
8411	2070451	3	-1	-1	-1	0	-1	-1		
8412	2070451	1	-1	-1	-1	0	-1	-1		
8412	2070451	3	-1	-1	-1	0	-1	-1		
8412	2070551	2	-1	-1	-1	0	-1	-1		
8412	2070551	5	-1	-1	1	0	-1	-1		
8412	2070551	6	-1	-1	-1	0	-1	-1		
8413	2070451	1	-1	-1	-1	0	-1	-1		
8413	2070451	2	-1	-1	-1	0	-1	-1		
8413	2070551	4	-1	-1	-1	1	-1	-1		
8413	2070551	6	-1	-1	-1	0	-1	-1		
8413	2071751	5	-1	-1	-1	0	-1	-1		
8413	2071851	3	-1	-1	-1	0	-1	-1		
8511	2070451	2	-1	-1	1	0	-1	-1		
8511	2070451	4	-1	-1	-1	0	-1	-1		
8511	2070451	6	-1	-1	-1	0	-1	-1		
8512	2070451	1	-1	-1	-1	0	-1	-1		
8512	2070451	2	-1	-1	-1	0	-1	-1		
8512	2070451	3	-1	-1	-1	0	-1	-1		
8512	2070451	5	-1	-1	-1	0	-1	-1		
8512	2070551	4	-1	-1	1	0	-1	-1		
8512	2070551	6	-1	-1	-1	0	-1	-1		
8513	2070451	1	-1	-1	-1	0	-1	-1		
8513	2070451	3	-1	-1	-1	0	-1	-1		
8513	2070551	4	-1	-1	-1	0	-1	-1		
8513	2070551	5	-1	-1	-1	0	-1	-1		
8513	2070551	6	-1	-1	-1	0	-1	-1		
8513	2071351	2	-1	-1	-1	1	-1	-1		
8611	2070351	2	-1	-1	-1	0	-1	-1		
8611	2070451	4	-1	-1	1	0	-1	-1		
8611	2070451	6	-1	-1	-1	0	-1	-1		
8612	2070351	1	-1	-1	-1	0	-1	-1		
8612	2070351	3	-1	-1	-1	0	-1	-1		
8612	2070351	5	-1	-1	-1	0	-1	-1		
8612	2070551	4	-1	-1	1	0	-1	-1		
8612	2070551	6	-1	-1	-1	0	-1	-1		
8613	2070351	1	-1	-1	-1	0	-1	-1		
8613	2070351	2	-1	-1	-1	0	-1	-1		
8613	2070351	3	-1	-1	-1	0	-1	-1		
8613	2070551	5	-1	-1	-1	0	-1	-1		
8613	2071751	4	-1	-1	-1	0	-1	-1		
8613	2071751	6	-1	-1	-1	1	-1	-1		
8711	2070351	1	-1	-1	-1	0	-1	-1		
8711	2070351	3	-1	-1	1	0	-1	-1		
8711	2070451	5	-1	-1	-1	0	-1	-1		
8712	2070351	2	-1	-1	-1	0	-1	-1		
8712	2070351	3	-1	-1	1	0	-1	-1		
8712	2070351	4	-1	-1	-1	0	-1	-1		
8712	2070551	5	-1	-1	-1	0	-1	-1		
8712	2070551	6	-1	-1	-1	0	-1	-1		
8713	2070451	1	-1	-1	-1	0	-1	-1		
8713	2070451	3	-1	-1	-1	0	-1	-1		
8713	2070551	4	-1	-1	-1	0	-1	-1		
8713	2070551	6	-1	-1	-1	0	-1	-1		
8713	2071751	5	-1	-1	-1	1	-1	-1		
8713	2071851	2	-1	-1	-1	0	-1	-1		
8811	2070351	2	-1	-1	-1	0	-1	-1		
8811	2070451	1	-1	-1	1	0	-1	-1		
8811	2070451	3	-1	-1	-1	0	-1	-1		
8812	2070351	1	-1	-1	-1	0	-1	-1		
8812	2070351	2	-1	-1	-1	0	-1	-1		
8812	2070351	3	-1	-1	1	0	-1	-1		
8812	2070551	5	-1	-1	-1	0	-1	-1		
8812	2070551	6	-1	-1	-1	0	-1	-1		
8813	2070351	1	-1	-1	-1	0	-1	-1		
8813	2070351	3	-1	-1	-1	0	-1	-1		
8813	2070551	5	-1	-1	-1	0	-1	-1		
8813	2070551	6	-1	-1	-1	0	-1	-1		
8813	2071451	2	-1	-1	-1	1	-1	-1		
8813	2071751	4	-1	-1	-1	0	-1	-1		
8911	2070451	1	-1	-1	-1	0	-1	-1		
8911	2070451	3	-1	-1	1	0	-1	-1		
8911	2070451	5	-1	-1	-1	0	-1	-1		
8912	2070351	1	-1	-1	1	0	-1	-1		
8912	2070351	2	-1	-1	-1	0	-1	-1		
8912	2070351	3	-1	-1	-1	0	-1	-1		
8912	2070351	4	-1	-1	-1	0	-1	-1		
8912	2070351	6	-1	-1	-1	0	-1	-1		
8912	2070551	5	-1	-1	-1	0	-1	-1		
8913	2070351	2	-1	-1	-1	0	-1	-1		
8913	2070351	3	-1	-1	-1	0	-1	-1		
8913	2070351	5	-1	-1	-1	0	-1	-1		
8913	2070351	6	-1	-1	-1	0	-1	-1		
8913	2071351	4	-1	-1	-1	0	-1	-1		
8913	2071851	1	-1	-1	-1	1	-1	-1		
81011	2070452	2	-1	-1	-1	0	-1	-1		
81011	2070452	4	-1	-1	-1	0	-1	-1		
81011	2070452	6	-1	-1	1	0	-1	-1		
81012	2070352	2	-1	-1	-1	0	-1	-1		
81012	2070452	1	-1	-1	-1	0	-1	-1		
81012	2070452	3	-1	-1	1	0	-1	-1		
81012	2070552	4	-1	-1	-1	0	-1	-1		
81012	2070552	6	-1	-1	-1	0	-1	-1		
81013	2070352	1	-1	-1	-1	0	-1	-1		
81013	2070352	3	-1	-1	-1	0	-1	-1		
81013	2070452	4	-1	-1	-1	0	-1	-1		
81013	2070452	6	-1	-1	-1	1	-1	-1		
81013	2070552	5	-1	-1	-1	0	-1	-1		
81013	2071652	2	-1	-1	-1	0	-1	-1		
81111	2070352	2	-1	-1	-1	0	-1	-1		
81111	2070452	4	-1	-1	1	0	-1	-1		
81111	2070452	6	-1	-1	-1	0	-1	-1		
81112	2070352	1	-1	-1	-1	0	-1	-1		
81112	2070352	3	-1	-1	-1	0	-1	-1		
81112	2070352	5	-1	-1	1	0	-1	-1		
81112	2070552	4	-1	-1	-1	0	-1	-1		
81112	2070552	6	-1	-1	-1	0	-1	-1		
81113	2070352	3	-1	-1	-1	0	-1	-1		
81113	2070552	4	-1	-1	-1	0	-1	-1		
81113	2070552	5	-1	-1	-1	0	-1	-1		
81113	2070552	6	-1	-1	-1	0	-1	-1		
81113	2071352	2	-1	-1	-1	0	-1	-1		
81113	2071852	1	-1	-1	-1	0	-1	-1		
81211	2070352	1	-1	-1	-1	0	-1	-1		
81211	2070352	3	-1	-1	1	0	-1	-1		
81211	2070452	5	-1	-1	-1	0	-1	-1		
81212	2070352	2	-1	-1	-1	0	-1	-1		
81212	2070352	3	-1	-1	-1	0	-1	-1		
81212	2070552	4	-1	-1	1	0	-1	-1		
81212	2070552	5	-1	-1	-1	0	-1	-1		
81212	2070552	6	-1	-1	-1	0	-1	-1		
81213	2070352	3	-1	-1	-1	0	-1	-1		
81213	2070552	4	-1	-1	-1	0	-1	-1		
81213	2070552	5	-1	-1	-1	0	-1	-1		
81213	2070552	6	-1	-1	-1	0	-1	-1		
81213	2071352	2	-1	-1	-1	0	-1	-1		
81213	2071452	1	-1	-1	-1	0	-1	-1		
81311	2070452	1	-1	-1	-1	0	-1	-1		
81311	2070452	2	-1	-1	1	0	-1	-1		
81311	2070452	3	-1	-1	-1	0	-1	-1		
81312	2070452	1	-1	-1	-1	0	-1	-1		
81312	2070653	2	-1	-1	-1	0	-1	-1		
81312	2070452	3	-1	-1	1	0	-1	-1		
81312	2070552	4	-1	-1	-1	0	-1	-1		
81312	2070552	6	-1	-1	-1	0	-1	-1		
81313	2070653	1	-1	-1	-1	0	-1	-1		
81313	2070653	2	-1	-1	-1	0	-1	-1		
81313	2070552	4	-1	-1	-1	0	-1	-1		
81313	2070552	5	-1	-1	-1	0	-1	-1		
81313	2071652	3	-1	-1	-1	0	-1	-1		
81313	2071752	6	-1	-1	-1	0	-1	-1		
81411	2070452	2	-1	-1	-1	0	-1	-1		
81411	2070452	4	-1	-1	1	0	-1	-1		
81411	2070452	6	-1	-1	-1	0	-1	-1		
81412	2070452	4	-1	-1	-1	0	-1	-1		
81412	2070452	6	-1	-1	-1	0	-1	-1		
81412	2070552	7	-1	-1	1	0	-1	-1		
81412	2070552	9	-1	-1	-1	0	-1	-1		
81413	2070552	4	-1	-1	-1	0	-1	-1		
81413	2070552	5	-1	-1	-1	0	-1	-1		
81413	2070552	6	-1	-1	-1	0	-1	-1		
81413	2071452	3	-1	-1	-1	0	-1	-1		
81413	2071652	2	-1	-1	-1	0	-1	-1		
81511	2070452	2	-1	-1	-1	0	-1	-1		
81511	2070452	4	-1	-1	1	0	-1	-1		
81511	2070452	6	-1	-1	-1	0	-1	-1		
81512	2070653	1	-1	-1	-1	0	-1	-1		
81512	2070653	2	-1	-1	-1	0	-1	-1		
81512	2070653	3	-1	-1	-1	0	-1	-1		
81512	2070552	4	-1	-1	1	0	-1	-1		
81512	2070552	6	-1	-1	-1	0	-1	-1		
81513	2070653	1	-1	-1	-1	0	-1	-1		
81513	2070653	3	-1	-1	-1	0	-1	-1		
81513	2070552	4	-1	-1	-1	0	-1	-1		
81513	2070552	5	-1	-1	-1	0	-1	-1		
81513	2070552	6	-1	-1	-1	1	-1	-1		
81513	2071552	2	-1	-1	-1	0	-1	-1		
81611	2070453	1	-1	-1	-1	0	-1	-1		
81611	2070453	2	-1	-1	-1	0	-1	-1		
81611	2070453	3	-1	-1	1	0	-1	-1		
81611	2070553	4	-1	-1	-1	0	-1	-1		
81612	2070653	1	-1	-1	-1	0	-1	-1		
81612	2070653	2	-1	-1	-1	0	-1	-1		
81612	2070653	3	-1	-1	1	0	-1	-1		
81612	2070553	5	-1	-1	-1	0	-1	-1		
81612	2070553	6	-1	-1	-1	0	-1	-1		
81613	2070553	4	-1	-1	-1	0	-1	-1		
81613	2070553	5	-1	-1	-1	0	-1	-1		
81613	2070553	6	-1	-1	-1	0	-1	-1		
81613	2071353	2	-1	-1	-1	0	-1	-1		
81613	2071653	3	-1	-1	-1	0	-1	-1		
81711	2070453	1	-1	-1	-1	0	-1	-1		
81711	2070453	3	-1	-1	1	0	-1	-1		
81711	2070453	5	-1	-1	-1	0	-1	-1		
81712	2070653	2	-1	-1	-1	0	-1	-1		
81712	2070653	4	-1	-1	-1	0	-1	-1		
81712	2070653	6	-1	-1	-1	0	-1	-1		
81712	2070553	5	-1	-1	-1	0	-1	-1		
81712	2070553	7	-1	-1	1	0	-1	-1		
81712	2070553	9	-1	-1	-1	0	-1	-1		
81713	2070653	2	-1	-1	-1	0	-1	-1		
81713	2070553	4	-1	-1	-1	0	-1	-1		
81713	2070553	5	-1	-1	-1	0	-1	-1		
81713	2070553	6	-1	-1	-1	0	-1	-1		
81713	2071453	3	-1	-1	-1	0	-1	-1		
81713	2071853	1	-1	-1	-1	0	-1	-1		
81811	2070453	1	-1	-1	-1	0	-1	-1		
81811	2070453	2	-1	-1	1	0	-1	-1		
81811	2070453	3	-1	-1	-1	0	-1	-1		
81812	2070653	2	-1	-1	-1	0	-1	-1		
81812	2070453	1	-1	-1	-1	0	-1	-1		
81812	2070453	3	-1	-1	-1	0	-1	-1		
81812	2070553	4	-1	-1	1	0	-1	-1		
81812	2070553	6	-1	-1	-1	0	-1	-1		
81813	2070653	2	-1	-1	-1	0	-1	-1		
81813	2070653	3	-1	-1	-1	0	-1	-1		
81813	2070553	5	-1	-1	-1	0	-1	-1		
81813	2070553	6	-1	-1	-1	0	-1	-1		
81813	2071653	1	-1	-1	-1	0	-1	-1		
81813	2071753	4	-1	-1	-1	0	-1	-1		
81911	2070453	2	-1	-1	-1	0	-1	-1		
81911	2070453	4	-1	-1	1	0	-1	-1		
81911	2070453	6	-1	-1	-1	0	-1	-1		
81912	2070453	4	-1	-1	-1	0	-1	-1		
81912	2070453	6	-1	-1	-1	0	-1	-1		
81912	2070553	7	-1	-1	-1	0	-1	-1		
81912	2070553	9	-1	-1	1	1	-1	-1		
81913	2070553	5	-1	-1	-1	0	-1	-1		
81913	2070553	6	-1	-1	-1	0	-1	-1		
81913	2071553	2	-1	-1	-1	0	-1	-1		
81913	2071753	4	-1	-1	-1	0	-1	-1		
82011	2070653	2	-1	-1	-1	0	-1	-1		
82011	2070453	4	-1	-1	1	0	-1	-1		
82011	2070453	6	-1	-1	-1	0	-1	-1		
82012	2070653	2	-1	-1	-1	0	-1	-1		
82012	2070453	1	-1	-1	-1	0	-1	-1		
82012	2070453	3	-1	-1	-1	0	-1	-1		
82012	2070553	4	-1	-1	1	0	-1	-1		
82012	2070553	6	-1	-1	-1	0	-1	-1		
82013	2070653	1	-1	-1	-1	0	-1	-1		
82013	2070653	3	-1	-1	-1	0	-1	-1		
82013	2070553	4	-1	-1	-1	0	-1	-1		
82013	2070553	5	-1	-1	-1	0	-1	-1		
82013	2070553	6	-1	-1	-1	1	-1	-1		
82013	2071053	2	-1	-1	-1	0	-1	-1		
82111	2070453	2	-1	-1	-1	0	-1	-1		
82111	2070453	4	-1	-1	-1	0	-1	-1		
82111	2070453	6	-1	-1	1	0	-1	-1		
82112	2070453	4	-1	-1	-1	0	-1	-1		
82112	2070453	6	-1	-1	-1	0	-1	-1		
82112	2070553	7	-1	-1	1	0	-1	-1		
82112	2070553	9	-1	-1	-1	0	-1	-1		
82112	2070853	2	-1	-1	-1	0	-1	-1		
82113	2070553	4	-1	-1	-1	0	-1	-1		
82113	2070553	6	-1	-1	-1	0	-1	-1		
82113	2071353	1	-1	-1	-1	0	-1	-1		
82113	2071553	2	-1	-1	-1	0	-1	-1		
82211	2070454	1	-1	-1	-1	0	-1	-1		
82211	2070454	2	-1	-1	1	0	-1	-1		
82211	2070454	3	-1	-1	-1	0	-1	-1		
82212	2070454	1	-1	-1	-1	0	-1	-1		
82212	2070454	3	-1	-1	-1	0	-1	-1		
82212	2070554	4	-1	-1	1	0	-1	-1		
82212	2070554	6	-1	-1	-1	0	-1	-1		
82212	2070854	2	-1	-1	-1	0	-1	-1		
82213	2070554	4	-1	-1	-1	0	-1	-1		
82213	2070554	5	-1	-1	-1	0	-1	-1		
82213	2071654	3	-1	-1	-1	0	-1	-1		
82213	2071754	6	-1	-1	-1	0	-1	-1		
82311	2070454	4	-1	-1	-1	0	-1	-1		
82311	2070454	6	-1	-1	1	0	-1	-1		
82311	2070754	2	-1	-1	-1	0	-1	-1		
82312	2070554	4	-1	-1	-1	0	-1	-1		
82312	2070554	6	-1	-1	-1	0	-1	-1		
82312	2070754	1	-1	-1	1	0	-1	-1		
82312	2070754	3	-1	-1	-1	0	-1	-1		
82312	2070754	5	-1	-1	-1	0	-1	-1		
82313	2070554	4	-1	-1	-1	0	-1	-1		
82313	2070554	5	-1	-1	-1	0	-1	-1		
82313	2070554	6	-1	-1	-1	0	-1	-1		
82313	2070754	1	-1	-1	-1	0	-1	-1		
82313	2071354	2	-1	-1	-1	0	-1	-1		
82313	2071454	3	-1	-1	-1	0	-1	-1		
82411	2070454	5	-1	-1	-1	0	-1	-1		
82411	2070754	1	-1	-1	1	0	-1	-1		
82411	2070754	3	-1	-1	-1	0	-1	-1		
82412	2070554	5	-1	-1	-1	0	-1	-1		
82412	2070554	6	-1	-1	1	0	-1	-1		
82412	2070554	7	-1	-1	-1	0	-1	-1		
82412	2070754	2	-1	-1	-1	0	-1	-1		
82412	2070754	3	-1	-1	-1	0	-1	-1		
82412	2070754	4	-1	-1	-1	0	-1	-1		
82413	2070554	4	-1	-1	-1	0	-1	-1		
82413	2070554	5	-1	-1	-1	0	-1	-1		
82413	2070554	6	-1	-1	-1	0	-1	-1		
82413	2070754	1	-1	-1	-1	0	-1	-1		
82413	2071354	3	-1	-1	-1	0	-1	-1		
82413	2071554	2	-1	-1	-1	0	-1	-1		
82511	2070454	4	-1	-1	-1	0	-1	-1		
82511	2070653	2	-1	-1	1	0	-1	-1		
82511	2070454	6	-1	-1	-1	0	-1	-1		
82512	2070653	1	-1	-1	-1	0	-1	-1		
82512	2070653	2	-1	-1	-1	0	-1	-1		
82512	2070653	3	-1	-1	-1	0	-1	-1		
82512	2070554	4	-1	-1	1	0	-1	-1		
82512	2070554	6	-1	-1	-1	0	-1	-1		
82513	2070754	4	-1	-1	-1	0	-1	-1		
82513	2070754	6	-1	-1	-1	0	-1	-1		
82513	2070854	1	-1	-1	-1	1	-1	-1		
82513	2070854	2	-1	-1	-1	0	-1	-1		
82513	2070854	3	-1	-1	-1	0	-1	-1		
82513	2071154	5	-1	-1	-1	0	-1	-1		
82611	2070454	1	-1	-1	-1	0	-1	-1		
82611	2070653	2	-1	-1	-1	0	-1	-1		
82611	2070454	3	-1	-1	1	0	-1	-1		
82612	2070653	1	-1	-1	-1	0	-1	-1		
82612	2070653	3	-1	-1	-1	0	-1	-1		
82612	2070554	5	-1	-1	1	0	-1	-1		
82612	2070854	2	-1	-1	-1	0	-1	-1		
82613	2070754	4	-1	-1	-1	0	-1	-1		
82613	2070854	1	-1	-1	-1	0	-1	-1		
82613	2070854	2	-1	-1	-1	0	-1	-1		
82613	2070854	3	-1	-1	-1	0	-1	-1		
82613	2071154	6	-1	-1	-1	0	-1	-1		
82613	2071754	5	-1	-1	-1	0	-1	-1		
82711	2070454	1	-1	-1	-1	0	-1	-1		
82711	2070454	3	-1	-1	1	0	-1	-1		
82711	2070653	5	-1	-1	-1	0	-1	-1		
82712	2070554	7	-1	-1	-1	0	-1	-1		
82712	2070653	4	-1	-1	-1	0	-1	-1		
82712	2070653	6	-1	-1	-1	0	-1	-1		
82712	2070554	9	-1	-1	-1	0	-1	-1		
82712	2070854	2	-1	-1	1	0	-1	-1		
82713	2070754	4	-1	-1	-1	0	-1	-1		
82713	2070754	5	-1	-1	-1	0	-1	-1		
82713	2070754	6	-1	-1	-1	0	-1	-1		
82713	2070854	1	-1	-1	-1	0	-1	-1		
82713	2071454	2	-1	-1	-1	0	-1	-1		
82713	2071654	3	-1	-1	-1	0	-1	-1		
82811	2070455	2	-1	-1	-1	0	-1	-1		
82811	2070455	4	-1	-1	1	0	-1	-1		
82811	2070455	6	-1	-1	-1	0	-1	-1		
82812	2070653	4	-1	-1	-1	0	-1	-1		
82812	2070653	6	-1	-1	-1	0	-1	-1		
82812	2070555	7	-1	-1	-1	0	-1	-1		
82812	2070555	9	-1	-1	1	0	-1	-1		
82812	2070855	2	-1	-1	-1	0	-1	-1		
82813	2070555	4	-1	-1	-1	0	-1	-1		
82813	2070555	5	-1	-1	-1	0	-1	-1		
82813	2070555	6	-1	-1	-1	0	-1	-1		
82813	2071155	3	-1	-1	-1	0	-1	-1		
82813	2071355	2	-1	-1	-1	0	-1	-1		
82911	2070455	1	-1	-1	-1	0	-1	-1		
82911	2070455	2	-1	-1	-1	0	-1	-1		
82911	2070455	3	-1	-1	1	0	-1	-1		
82911	2070555	5	-1	-1	-1	0	-1	-1		
82912	2070555	4	-1	-1	-1	0	-1	-1		
82912	2070555	6	-1	-1	1	0	-1	-1		
82912	2070855	2	-1	-1	-1	0	-1	-1		
82913	2070555	5	-1	-1	-1	0	-1	-1		
82913	2070555	6	-1	-1	-1	0	-1	-1		
82913	2071155	4	-1	-1	-1	0	-1	-1		
82913	2071555	2	-1	-1	-1	0	-1	-1		
83011	2070653	2	-1	-1	-1	0	-1	-1		
83011	2070455	4	-1	-1	1	0	-1	-1		
83011	2070455	6	-1	-1	-1	0	-1	-1		
83012	2070455	1	-1	-1	1	0	-1	-1		
83012	2070455	2	-1	-1	-1	0	-1	-1		
83012	2070455	3	-1	-1	-1	0	-1	-1		
83012	2070555	4	-1	-1	1	0	-1	-1		
83012	2070555	6	-1	-1	-1	0	-1	-1		
83013	2070555	5	-1	-1	-1	0	-1	-1		
83013	2070855	1	-1	-1	-1	0	-1	-1		
83013	2070855	3	-1	-1	-1	0	-1	-1		
83013	2070653	4	-1	-1	-1	0	-1	-1		
83013	2070653	6	-1	-1	-1	0	-1	-1		
83013	2071255	2	-1	-1	-1	1	-1	-1		
										
8121	2070152	1	-1	-1	-1	0	-1	-1		
8121	2070152	2	-1	-1	-1	0	-1	-1		
8121	2070152	3	-1	-1	1	0	-1	-1		
8121	2070152	4	-1	-1	-1	0	-1	-1		
8121	2070152	5	-1	-1	-1	0	-1	-1		
8121	2070152	6	-1	-1	-1	0	-1	-1		
8122	2070152	1	-1	-1	-1	0	-1	-1		
8122	2070152	2	-1	-1	-1	0	-1	-1		
8122	2070152	3	-1	-1	-1	0	-1	-1		
8122	2070552	4	-1	-1	1	0	-1	-1		
8122	2070552	5	-1	-1	-1	0	-1	-1		
8122	2070552	6	-1	-1	-1	0	-1	-1		
8123	2070452	2	-1	-1	-1	0	-1	-1		
8123	2070452	4	-1	-1	1	0	-1	-1		
8123	2070452	6	-1	-1	-1	0	-1	-1		
8123	2071752	5	-1	-1	-1	1	-1	-1		
8221	2070152	1	-1	-1	-1	0	-1	-1		
8221	2070152	3	-1	-1	-1	0	-1	-1		
8221	2070552	2	-1	-1	-1	0	-1	-1		
8221	2070552	4	-1	-1	-1	0	-1	-1		
8221	2070552	5	-1	-1	-1	0	-1	-1		
8221	2070552	6	-1	-1	1	0	-1	-1		
8222	2070152	2	-1	-1	-1	0	-1	-1		
8222	2070452	1	-1	-1	-1	0	-1	-1		
8222	2070452	3	-1	-1	-1	0	-1	-1		
8222	2070552	4	-1	-1	-1	0	-1	-1		
8222	2070552	5	-1	-1	-1	0	-1	-1		
8222	2070552	6	-1	-1	-1	0	-1	-1		
8223	2070452	1	-1	-1	-1	0	-1	-1		
8223	2070452	3	-1	-1	-1	0	-1	-1		
8223	2070552	4	-1	-1	-1	0	-1	-1		
8223	2070552	5	-1	-1	-1	0	-1	-1		
8223	2070552	6	-1	-1	-1	1	-1	-1		
8223	2071852	2	-1	-1	1	0	-1	-1		
8321	2070452	2	-1	-1	-1	0	-1	-1		
8321	2070552	1	-1	-1	-1	0	-1	-1		
8321	2070552	3	-1	-1	-1	0	-1	-1		
8322	2070152	1	-1	-1	-1	0	-1	-1		
8322	2070152	3	-1	-1	-1	0	-1	-1		
8322	2070452	2	-1	-1	1	0	-1	-1		
8322	2070552	4	-1	-1	-1	0	-1	-1		
8322	2070552	5	-1	-1	-1	0	-1	-1		
8323	2070452	1	-1	-1	-1	0	-1	-1		
8323	2070452	3	-1	-1	-1	0	-1	-1		
8323	2070552	4	-1	-1	-1	0	-1	-1		
8323	2070552	6	-1	-1	-1	0	-1	-1		
8323	2071452	2	-1	-1	1	0	-1	-1		
8421	2070453	1	-1	-1	-1	0	-1	-1		
8421	2070453	2	-1	-1	-1	0	-1	-1		
8421	2070453	3	-1	-1	-1	0	-1	-1		
8422	2070453	1	-1	-1	-1	0	-1	-1		
8422	2070453	3	-1	-1	-1	0	-1	-1		
8422	2070553	2	-1	-1	-1	0	-1	-1		
8422	2070553	5	-1	-1	1	0	-1	-1		
8422	2070553	6	-1	-1	-1	0	-1	-1		
8423	2070453	1	-1	-1	-1	0	-1	-1		
8423	2070453	2	-1	-1	-1	0	-1	-1		
8423	2070553	4	-1	-1	-1	1	-1	-1		
8423	2070553	6	-1	-1	-1	0	-1	-1		
8423	2071753	5	-1	-1	-1	0	-1	-1		
8423	2071853	3	-1	-1	-1	0	-1	-1		
8521	2070453	2	-1	-1	1	0	-1	-1		
8521	2070453	4	-1	-1	-1	0	-1	-1		
8521	2070453	6	-1	-1	-1	0	-1	-1		
8522	2070453	1	-1	-1	-1	0	-1	-1		
8522	2070453	2	-1	-1	-1	0	-1	-1		
8522	2070453	3	-1	-1	-1	0	-1	-1		
8522	2070453	5	-1	-1	-1	0	-1	-1		
8522	2070553	4	-1	-1	-1	0	-1	-1		
8522	2070553	6	-1	-1	-1	0	-1	-1		
8523	2070453	1	-1	-1	-1	0	-1	-1		
8523	2070453	3	-1	-1	-1	0	-1	-1		
8523	2070553	4	-1	-1	1	0	-1	-1		
8523	2070553	5	-1	-1	-1	0	-1	-1		
8523	2070553	6	-1	-1	-1	0	-1	-1		
8523	2071353	2	-1	-1	-1	1	-1	-1		
8621	2070353	2	-1	-1	-1	0	-1	-1		
8621	2070453	4	-1	-1	-1	0	-1	-1		
8621	2070453	6	-1	-1	-1	0	-1	-1		
8622	2070353	1	-1	-1	1	0	-1	-1		
8622	2070353	3	-1	-1	-1	0	-1	-1		
8622	2070353	5	-1	-1	-1	0	-1	-1		
8622	2070553	4	-1	-1	1	0	-1	-1		
8622	2070553	6	-1	-1	-1	0	-1	-1		
8623	2070353	1	-1	-1	-1	0	-1	-1		
8623	2070353	2	-1	-1	-1	0	-1	-1		
8623	2070353	3	-1	-1	-1	0	-1	-1		
8623	2070553	5	-1	-1	-1	0	-1	-1		
8623	2071753	4	-1	-1	-1	0	-1	-1		
8623	2071753	6	-1	-1	-1	1	-1	-1		
8721	2070353	1	-1	-1	-1	0	-1	-1		
8721	2070353	3	-1	-1	-1	0	-1	-1		
8721	2070453	5	-1	-1	-1	0	-1	-1		
8722	2070353	2	-1	-1	-1	0	-1	-1		
8722	2070353	3	-1	-1	1	0	-1	-1		
8722	2070353	4	-1	-1	-1	0	-1	-1		
8722	2070553	5	-1	-1	-1	0	-1	-1		
8722	2070553	6	-1	-1	-1	0	-1	-1		
8723	2070453	1	-1	-1	-1	0	-1	-1		
8723	2070453	3	-1	-1	-1	0	-1	-1		
8723	2070553	4	-1	-1	-1	0	-1	-1		
8723	2070553	6	-1	-1	1	0	-1	-1		
8723	2071753	5	-1	-1	-1	1	-1	-1		
8723	2071853	2	-1	-1	-1	0	-1	-1		
8821	2070353	2	-1	-1	-1	0	-1	-1		
8821	2070453	1	-1	-1	1	0	-1	-1		
8821	2070453	3	-1	-1	-1	0	-1	-1		
8822	2070353	1	-1	-1	-1	0	-1	-1		
8822	2070353	2	-1	-1	-1	0	-1	-1		
8822	2070353	3	-1	-1	-1	0	-1	-1		
8822	2070553	5	-1	-1	-1	0	-1	-1		
8822	2070553	6	-1	-1	-1	0	-1	-1		
8823	2070353	1	-1	-1	-1	0	-1	-1		
8823	2070353	3	-1	-1	-1	0	-1	-1		
8823	2070553	5	-1	-1	-1	0	-1	-1		
8823	2070553	6	-1	-1	1	0	-1	-1		
8823	2071453	2	-1	-1	-1	1	-1	-1		
8823	2071753	4	-1	-1	-1	0	-1	-1		
8921	2070453	1	-1	-1	-1	0	-1	-1		
8921	2070453	3	-1	-1	-1	0	-1	-1		
8921	2070453	5	-1	-1	-1	0	-1	-1		
8922	2070353	1	-1	-1	1	0	-1	-1		
8922	2070353	2	-1	-1	-1	0	-1	-1		
8922	2070353	3	-1	-1	-1	0	-1	-1		
8922	2070353	4	-1	-1	-1	0	-1	-1		
8922	2070353	6	-1	-1	-1	0	-1	-1		
8922	2070553	5	-1	-1	-1	0	-1	-1		
8923	2070353	2	-1	-1	1	0	-1	-1		
8923	2070353	3	-1	-1	-1	0	-1	-1		
8923	2070353	5	-1	-1	-1	0	-1	-1		
8923	2070353	6	-1	-1	-1	0	-1	-1		
8923	2071353	4	-1	-1	-1	0	-1	-1		
8923	2071853	1	-1	-1	-1	1	-1	-1		
81021	2070454	2	-1	-1	-1	0	-1	-1		
81021	2070454	4	-1	-1	-1	0	-1	-1		
81021	2070454	6	-1	-1	-1	0	-1	-1		
81022	2070354	2	-1	-1	-1	0	-1	-1		
81022	2070454	1	-1	-1	-1	0	-1	-1		
81022	2070454	3	-1	-1	-1	0	-1	-1		
81022	2070554	4	-1	-1	-1	0	-1	-1		
81022	2070554	6	-1	-1	-1	0	-1	-1		
81023	2070354	1	-1	-1	-1	0	-1	-1		
81023	2070354	3	-1	-1	-1	0	-1	-1		
81023	2070454	4	-1	-1	1	0	-1	-1		
81023	2070454	6	-1	-1	-1	1	-1	-1		
81023	2070554	5	-1	-1	-1	0	-1	-1		
81023	2071654	2	-1	-1	-1	0	-1	-1		
81121	2070354	2	-1	-1	-1	0	-1	-1		
81121	2070454	4	-1	-1	-1	0	-1	-1		
81121	2070454	6	-1	-1	-1	0	-1	-1		
81122	2070354	1	-1	-1	-1	0	-1	-1		
81122	2070354	3	-1	-1	-1	0	-1	-1		
81122	2070354	5	-1	-1	1	0	-1	-1		
81122	2070554	4	-1	-1	-1	0	-1	-1		
81122	2070554	6	-1	-1	-1	0	-1	-1		
81123	2070354	3	-1	-1	-1	0	-1	-1		
81123	2070554	4	-1	-1	-1	0	-1	-1		
81123	2070554	5	-1	-1	-1	1	-1	-1		
81123	2070554	6	-1	-1	-1	0	-1	-1		
81123	2071354	2	-1	-1	-1	0	-1	-1		
81123	2071854	1	-1	-1	-1	0	-1	-1		
81221	2070354	1	-1	-1	-1	0	-1	-1		
81221	2070354	3	-1	-1	-1	0	-1	-1		
81221	2070454	5	-1	-1	-1	0	-1	-1		
81222	2070354	2	-1	-1	-1	0	-1	-1		
81222	2070354	3	-1	-1	-1	0	-1	-1		
81222	2070554	4	-1	-1	-1	0	-1	-1		
81222	2070554	5	-1	-1	-1	0	-1	-1		
81222	2070554	6	-1	-1	-1	0	-1	-1		
81223	2070354	3	-1	-1	-1	0	-1	-1		
81223	2070554	4	-1	-1	-1	0	-1	-1		
81223	2070554	5	-1	-1	1	0	-1	-1		
81223	2070554	6	-1	-1	-1	0	-1	-1		
81223	2071354	2	-1	-1	-1	0	-1	-1		
81223	2071454	1	-1	-1	-1	1	-1	-1		
81321	2070454	1	-1	-1	-1	0	-1	-1		
81321	2070454	2	-1	-1	-1	0	-1	-1		
81321	2070454	3	-1	-1	-1	0	-1	-1		
81322	2070454	1	-1	-1	-1	0	-1	-1		
81322	2070655	2	-1	-1	-1	0	-1	-1		
81322	2070454	3	-1	-1	1	0	-1	-1		
81322	2070554	4	-1	-1	-1	0	-1	-1		
81322	2070554	6	-1	-1	-1	0	-1	-1		
81323	2070655	1	-1	-1	-1	0	-1	-1		
81323	2070655	2	-1	-1	-1	0	-1	-1		
81323	2070554	4	-1	-1	-1	0	-1	-1		
81323	2070554	5	-1	-1	-1	0	-1	-1		
81323	2071654	3	-1	-1	-1	1	-1	-1		
81323	2071754	6	-1	-1	-1	0	-1	-1		
81421	2070454	2	-1	-1	-1	0	-1	-1		
81421	2070454	4	-1	-1	-1	0	-1	-1		
81421	2070454	6	-1	-1	-1	0	-1	-1		
81422	2070454	4	-1	-1	-1	0	-1	-1		
81422	2070454	6	-1	-1	-1	0	-1	-1		
81422	2070554	7	-1	-1	-1	0	-1	-1		
81422	2070554	9	-1	-1	-1	0	-1	-1		
81423	2070554	4	-1	-1	-1	0	-1	-1		
81423	2070554	5	-1	-1	-1	0	-1	-1		
81423	2070554	6	-1	-1	-1	0	-1	-1		
81423	2071454	3	-1	-1	-1	1	-1	-1		
81423	2071654	2	-1	-1	-1	0	-1	-1		
81521	2070454	2	-1	-1	-1	0	-1	-1		
81521	2070454	4	-1	-1	-1	0	-1	-1		
81521	2070454	6	-1	-1	-1	0	-1	-1		
81522	2070655	1	-1	-1	-1	0	-1	-1		
81522	2070655	2	-1	-1	-1	0	-1	-1		
81522	2070655	3	-1	-1	-1	0	-1	-1		
81522	2070554	4	-1	-1	1	0	-1	-1		
81522	2070554	6	-1	-1	-1	0	-1	-1		
81523	2070655	1	-1	-1	-1	0	-1	-1		
81523	2070655	3	-1	-1	-1	0	-1	-1		
81523	2070554	4	-1	-1	-1	0	-1	-1		
81523	2070554	5	-1	-1	-1	0	-1	-1		
81523	2070554	6	-1	-1	-1	1	-1	-1		
81523	2071554	2	-1	-1	-1	0	-1	-1		
81621	2070455	1	-1	-1	-1	0	-1	-1		
81621	2070455	2	-1	-1	-1	0	-1	-1		
81621	2070455	3	-1	-1	-1	0	-1	-1		
81621	2070555	4	-1	-1	-1	0	-1	-1		
81622	2070655	1	-1	-1	-1	0	-1	-1		
81622	2070655	2	-1	-1	-1	0	-1	-1		
81622	2070655	3	-1	-1	-1	0	-1	-1		
81622	2070555	5	-1	-1	-1	0	-1	-1		
81622	2070555	6	-1	-1	-1	0	-1	-1		
81623	2070555	4	-1	-1	-1	0	-1	-1		
81623	2070555	5	-1	-1	-1	0	-1	-1		
81623	2070555	6	-1	-1	-1	0	-1	-1		
81623	2071355	2	-1	-1	-1	1	-1	-1		
81623	2071655	3	-1	-1	-1	0	-1	-1		
81721	2070455	1	-1	-1	-1	0	-1	-1		
81721	2070455	3	-1	-1	-1	0	-1	-1		
81721	2070455	5	-1	-1	-1	0	-1	-1		
81722	2070655	2	-1	-1	-1	0	-1	-1		
81722	2070655	4	-1	-1	-1	0	-1	-1		
81722	2070655	6	-1	-1	-1	0	-1	-1		
81722	2070555	5	-1	-1	-1	0	-1	-1		
81722	2070555	7	-1	-1	1	0	-1	-1		
81722	2070555	9	-1	-1	-1	0	-1	-1		
81723	2070655	2	-1	-1	-1	0	-1	-1		
81723	2070555	4	-1	-1	-1	0	-1	-1		
81723	2070555	5	-1	-1	-1	0	-1	-1		
81723	2070555	6	-1	-1	-1	0	-1	-1		
81723	2071455	3	-1	-1	-1	1	-1	-1		
81723	2071855	1	-1	-1	-1	0	-1	-1		
81821	2070455	1	-1	-1	-1	0	-1	-1		
81821	2070455	2	-1	-1	-1	0	-1	-1		
81821	2070455	3	-1	-1	-1	0	-1	-1		
81822	2070655	2	-1	-1	-1	0	-1	-1		
81822	2070455	1	-1	-1	-1	0	-1	-1		
81822	2070455	3	-1	-1	-1	0	-1	-1		
81822	2070555	4	-1	-1	-1	0	-1	-1		
81822	2070555	6	-1	-1	-1	0	-1	-1		
81823	2070655	2	-1	-1	-1	0	-1	-1		
81823	2070655	3	-1	-1	-1	0	-1	-1		
81823	2070555	5	-1	-1	-1	0	-1	-1		
81823	2070555	6	-1	-1	1	0	-1	-1		
81823	2071655	1	-1	-1	-1	0	-1	-1		
81823	2071755	4	-1	-1	-1	1	-1	-1		
81921	2070455	2	-1	-1	-1	0	-1	-1		
81921	2070455	4	-1	-1	-1	0	-1	-1		
81921	2070455	6	-1	-1	-1	0	-1	-1		
81922	2070455	4	-1	-1	-1	0	-1	-1		
81922	2070455	6	-1	-1	-1	0	-1	-1		
81922	2070555	7	-1	-1	-1	0	-1	-1		
81922	2070555	9	-1	-1	1	1	-1	-1		
81923	2070555	5	-1	-1	-1	0	-1	-1		
81923	2070555	6	-1	-1	-1	0	-1	-1		
81923	2071555	2	-1	-1	-1	0	-1	-1		
81923	2071755	4	-1	-1	-1	0	-1	-1		
82021	2070655	2	-1	-1	-1	0	-1	-1		
82021	2070455	4	-1	-1	-1	0	-1	-1		
82021	2070455	6	-1	-1	-1	0	-1	-1		
82022	2070655	2	-1	-1	-1	0	-1	-1		
82022	2070455	1	-1	-1	-1	0	-1	-1		
82022	2070455	3	-1	-1	-1	0	-1	-1		
82022	2070555	4	-1	-1	-1	0	-1	-1		
82022	2070555	6	-1	-1	-1	0	-1	-1		
82023	2070655	1	-1	-1	-1	0	-1	-1		
82023	2070655	3	-1	-1	-1	0	-1	-1		
82023	2070555	4	-1	-1	-1	0	-1	-1		
82023	2070555	5	-1	-1	-1	0	-1	-1		
82023	2070555	6	-1	-1	-1	1	-1	-1		
82023	2071055	2	-1	-1	-1	0	-1	-1		
82121	2070455	2	-1	-1	-1	0	-1	-1		
82121	2070455	4	-1	-1	-1	0	-1	-1		
82121	2070455	6	-1	-1	1	0	-1	-1		
82122	2070455	4	-1	-1	-1	0	-1	-1		
82122	2070455	6	-1	-1	-1	0	-1	-1		
82122	2070555	7	-1	-1	-1	0	-1	-1		
82122	2070555	9	-1	-1	-1	0	-1	-1		
82122	2070855	2	-1	-1	-1	0	-1	-1		
82123	2070555	4	-1	-1	-1	1	-1	-1		
82123	2070555	6	-1	-1	-1	0	-1	-1		
82123	2071355	1	-1	-1	1	0	-1	-1		
82123	2071555	2	-1	-1	-1	0	-1	-1		
82221	2070456	1	-1	-1	-1	0	-1	-1		
82221	2070456	2	-1	-1	-1	0	-1	-1		
82221	2070456	3	-1	-1	-1	0	-1	-1		
82222	2070456	1	-1	-1	-1	0	-1	-1		
82222	2070456	3	-1	-1	-1	0	-1	-1		
82222	2070556	4	-1	-1	-1	0	-1	-1		
82222	2070556	6	-1	-1	-1	0	-1	-1		
82222	2070856	2	-1	-1	-1	0	-1	-1		
82223	2070556	4	-1	-1	-1	0	-1	-1		
82223	2070556	5	-1	-1	-1	1	-1	-1		
82223	2071656	3	-1	-1	-1	0	-1	-1		
82223	2071756	6	-1	-1	1	0	-1	-1		
82321	2070456	4	-1	-1	-1	0	-1	-1		
82321	2070456	6	-1	-1	-1	0	-1	-1		
82321	2070756	2	-1	-1	-1	0	-1	-1		
82322	2070556	4	-1	-1	-1	0	-1	-1		
82322	2070556	6	-1	-1	-1	0	-1	-1		
82322	2070756	1	-1	-1	-1	0	-1	-1		
82322	2070756	3	-1	-1	-1	0	-1	-1		
82322	2070756	5	-1	-1	-1	0	-1	-1		
82323	2070556	4	-1	-1	-1	0	-1	-1		
82323	2070556	5	-1	-1	1	0	-1	-1		
82323	2070556	6	-1	-1	-1	0	-1	-1		
82323	2070756	1	-1	-1	-1	1	-1	-1		
82323	2071356	2	-1	-1	-1	0	-1	-1		
82323	2071456	3	-1	-1	-1	0	-1	-1		
82421	2070456	5	-1	-1	-1	0	-1	-1		
82421	2070756	1	-1	-1	-1	0	-1	-1		
82421	2070756	3	-1	-1	-1	0	-1	-1		
82422	2070556	5	-1	-1	-1	0	-1	-1		
82422	2070556	6	-1	-1	1	0	-1	-1		
82422	2070556	7	-1	-1	-1	0	-1	-1		
82422	2070756	2	-1	-1	-1	0	-1	-1		
82422	2070756	3	-1	-1	-1	0	-1	-1		
82422	2070756	4	-1	-1	-1	0	-1	-1		
82423	2070556	4	-1	-1	-1	0	-1	-1		
82423	2070556	5	-1	-1	-1	0	-1	-1		
82423	2070556	6	-1	-1	-1	0	-1	-1		
82423	2070756	1	-1	-1	-1	0	-1	-1		
82423	2071356	3	-1	-1	-1	1	-1	-1		
82423	2071556	2	-1	-1	1	0	-1	-1		
82521	2070456	4	-1	-1	-1	0	-1	-1		
82521	2070655	2	-1	-1	-1	0	-1	-1		
82521	2070456	6	-1	-1	-1	0	-1	-1		
82522	2070655	1	-1	-1	-1	0	-1	-1		
82522	2070655	2	-1	-1	-1	0	-1	-1		
82522	2070655	3	-1	-1	-1	0	-1	-1		
82522	2070556	4	-1	-1	-1	0	-1	-1		
82522	2070556	6	-1	-1	-1	0	-1	-1		
82523	2070756	4	-1	-1	-1	0	-1	-1		
82523	2070756	6	-1	-1	-1	0	-1	-1		
82523	2070856	1	-1	-1	-1	1	-1	-1		
82523	2070856	2	-1	-1	-1	0	-1	-1		
82523	2070856	3	-1	-1	-1	0	-1	-1		
82523	2071156	5	-1	-1	-1	0	-1	-1		
82621	2070456	1	-1	-1	-1	0	-1	-1		
82621	2070655	2	-1	-1	-1	0	-1	-1		
82621	2070456	3	-1	-1	-1	0	-1	-1		
82622	2070655	1	-1	-1	-1	0	-1	-1		
82622	2070655	3	-1	-1	-1	0	-1	-1		
82622	2070556	5	-1	-1	-1	0	-1	-1		
82622	2070856	2	-1	-1	-1	0	-1	-1		
82623	2070756	4	-1	-1	-1	0	-1	-1		
82623	2070856	1	-1	-1	1	0	-1	-1		
82623	2070856	2	-1	-1	-1	0	-1	-1		
82623	2070856	3	-1	-1	-1	1	-1	-1		
82623	2071156	6	-1	-1	-1	0	-1	-1		
82623	2071756	5	-1	-1	-1	0	-1	-1		
82721	2070456	1	-1	-1	-1	0	-1	-1		
82721	2070456	3	-1	-1	-1	0	-1	-1		
82721	2070655	5	-1	-1	-1	0	-1	-1		
82722	2070556	7	-1	-1	-1	0	-1	-1		
82722	2070655	4	-1	-1	-1	0	-1	-1		
82722	2070655	6	-1	-1	-1	0	-1	-1		
82722	2070556	9	-1	-1	-1	0	-1	-1		
82722	2070856	2	-1	-1	1	0	-1	-1		
82723	2070756	4	-1	-1	-1	0	-1	-1		
82723	2070756	5	-1	-1	-1	0	-1	-1		
82723	2070756	6	-1	-1	-1	0	-1	-1		
82723	2070856	1	-1	-1	-1	0	-1	-1		
82723	2071456	2	-1	-1	-1	1	-1	-1		
82723	2071656	3	-1	-1	-1	0	-1	-1		
82821	2070457	2	-1	-1	-1	0	-1	-1		
82821	2070457	4	-1	-1	-1	0	-1	-1		
82821	2070457	6	-1	-1	-1	0	-1	-1		
82822	2070655	4	-1	-1	-1	0	-1	-1		
82822	2070655	6	-1	-1	-1	0	-1	-1		
82822	2070557	7	-1	-1	-1	0	-1	-1		
82822	2070557	9	-1	-1	-1	0	-1	-1		
82822	2070857	2	-1	-1	-1	0	-1	-1		
82823	2070557	4	-1	-1	-1	0	-1	-1		
82823	2070557	5	-1	-1	-1	0	-1	-1		
82823	2070557	6	-1	-1	-1	0	-1	-1		
82823	2071157	3	-1	-1	-1	0	-1	-1		
82823	2071357	2	-1	-1	-1	0	-1	-1		
82921	2070457	1	-1	-1	-1	0	-1	-1		
82921	2070457	2	-1	-1	-1	0	-1	-1		
82921	2070457	3	-1	-1	-1	0	-1	-1		
82921	2070557	5	-1	-1	-1	0	-1	-1		
82922	2070557	4	-1	-1	-1	0	-1	-1		
82922	2070557	6	-1	-1	-1	0	-1	-1		
82922	2070857	2	-1	-1	-1	0	-1	-1		
82923	2070557	5	-1	-1	-1	1	-1	-1		
82923	2070557	6	-1	-1	1	0	-1	-1		
82923	2071157	4	-1	-1	-1	0	-1	-1		
82923	2071557	2	-1	-1	-1	0	-1	-1		
83021	2070655	2	-1	-1	-1	0	-1	-1		
83021	2070457	4	-1	-1	-1	0	-1	-1		
83021	2070457	6	-1	-1	-1	0	-1	-1		
83022	2070457	1	-1	-1	1	0	-1	-1		
83022	2070457	2	-1	-1	-1	0	-1	-1		
83022	2070457	3	-1	-1	-1	0	-1	-1		
83022	2070557	4	-1	-1	1	0	-1	-1		
83022	2070557	6	-1	-1	-1	0	-1	-1		
83023	2070557	5	-1	-1	-1	1	-1	-1		
83023	2070857	1	-1	-1	-1	0	-1	-1		
83023	2070857	3	-1	-1	-1	0	-1	-1		
83023	2070655	4	-1	-1	-1	0	-1	-1		
83023	2070655	6	-1	-1	-1	0	-1	-1		
83023	2071257	2	-1	-1	-1	1	-1	-1		
										
9111	2071901	1	-1	-1	-1	0	-1	-1		
9111	2071901	2	-1	-1	-1	0	-1	-1		
9111	2071901	3	-1	-1	-1	0	-1	-1		
9111	2072001	4	-1	-1	-1	0	-1	-1		
9111	2072001	5	-1	-1	-1	0	-1	-1		
9111	2072001	6	-1	-1	-1	0	-1	-1		
9112	2072001	1	-1	-1	-1	0	-1	-1		
9112	2072001	2	-1	-1	-1	0	-1	-1		
9112	2072001	3	-1	-1	-1	0	-1	-1		
9112	2072401	4	-1	-1	-1	0	-1	-1		
9112	2072401	5	-1	-1	-1	0	-1	-1		
9112	2072401	6	-1	-1	-1	0	-1	-1		
9113	2072101	2	-1	-1	-1	0	-1	-1		
9113	2072401	4	-1	-1	-1	0	-1	-1		
9113	2072401	5	-1	-1	-1	0	-1	-1		
9113	2072401	6	-1	-1	-1	0	-1	-1		
9211	2071901	1	-1	-1	-1	0	-1	-1		
9211	2071901	2	-1	-1	-1	0	-1	-1		
9211	2071901	3	-1	-1	-1	0	-1	-1		
9211	2072201	4	-1	-1	-1	0	-1	-1		
9211	2072201	5	-1	-1	-1	0	-1	-1		
9211	2072201	6	-1	-1	-1	0	-1	-1		
9212	2072201	1	-1	-1	-1	0	-1	-1		
9212	2072201	2	-1	-1	-1	0	-1	-1		
9212	2072201	3	-1	-1	-1	0	-1	-1		
9212	2072401	4	-1	-1	-1	0	-1	-1		
9212	2072401	5	-1	-1	-1	0	-1	-1		
9212	2072401	6	-1	-1	-1	0	-1	-1		
9213	2072301	1	-1	-1	-1	0	-1	-1		
9213	2072401	3	-1	-1	-1	0	-1	-1		
9213	2072401	4	-1	-1	-1	0	-1	-1		
9213	2072401	5	-1	-1	-1	0	-1	-1		
9213	2072401	6	-1	-1	-1	0	-1	-1		
9213	2072401	2	-1	-1	-1	0	-1	-1		
9311	2071902	2	-1	-1	-1	0	-1	-1		
9311	2071902	1	-1	-1	-1	0	-1	-1		
9311	2071902	3	-1	-1	-1	0	-1	-1		
9311	2072202	2	-1	-1	-1	0	-1	-1		
9311	2072202	1	-1	-1	-1	0	-1	-1		
9311	2072202	3	-1	-1	-1	0	-1	-1		
9312	2071902	1	-1	-1	-1	0	-1	-1		
9312	2071902	3	-1	-1	-1	0	-1	-1		
9312	2071902	2	-1	-1	-1	0	-1	-1		
9312	2072402	4	-1	-1	-1	0	-1	-1		
9312	2072402	5	-1	-1	-1	0	-1	-1		
9312	2072402	6	-1	-1	-1	0	-1	-1		
9313	2071902	1	-1	-1	-1	0	-1	-1		
9313	2071902	2	-1	-1	-1	0	-1	-1		
9313	2071902	3	-1	-1	-1	0	-1	-1		
9313	2072402	4	-1	-1	-1	0	-1	-1		
9313	2072402	5	-1	-1	-1	0	-1	-1		
9313	2072402	6	-1	-1	-1	0	-1	-1		
9313	2072502	8	-1	-1	-1	0	-1	-1		
9411	2071902	1	-1	-1	-1	0	-1	-1		
9411	2071902	2	-1	-1	-1	0	-1	-1		
9411	2071902	3	-1	-1	-1	0	-1	-1		
9411	2072002	4	-1	-1	-1	0	-1	-1		
9411	2072002	5	-1	-1	-1	0	-1	-1		
9411	2072002	6	-1	-1	-1	0	-1	-1		
9412	2071902	1	-1	-1	-1	0	-1	-1		
9412	2071902	3	-1	-1	-1	0	-1	-1		
9412	2071902	2	-1	-1	-1	0	-1	-1		
9412	2072202	5	-1	-1	-1	0	-1	-1		
9412	2072202	6	-1	-1	-1	0	-1	-1		
9412	2072202	4	-1	-1	-1	0	-1	-1		
9412	2072402	7	-1	-1	-1	0	-1	-1		
9412	2072402	8	-1	-1	-1	0	-1	-1		
9412	2072402	9	-1	-1	-1	0	-1	-1		
9413	2072102	1	-1	-1	-1	0	-1	-1		
9413	2071902	2	-1	-1	-1	0	-1	-1		
9413	2072302	3	-1	-1	-1	0	-1	-1		
9413	2072402	6	-1	-1	-1	0	-1	-1		
9413	2072402	5	-1	-1	-1	0	-1	-1		
9413	2072402	4	-1	-1	-1	0	-1	-1		
9511	2071902	1	-1	-1	-1	0	-1	-1		
9511	2071902	2	-1	-1	-1	0	-1	-1		
9511	2071902	3	-1	-1	-1	0	-1	-1		
9511	2072002	4	-1	-1	-1	0	-1	-1		
9511	2072002	5	-1	-1	-1	0	-1	-1		
9511	2072002	6	-1	-1	-1	0	-1	-1		
9512	2071902	1	-1	-1	-1	0	-1	-1		
9512	2071902	3	-1	-1	-1	0	-1	-1		
9512	2071902	2	-1	-1	-1	0	-1	-1		
9512	2072202	5	-1	-1	-1	0	-1	-1		
9512	2072202	6	-1	-1	-1	0	-1	-1		
9512	2072202	4	-1	-1	-1	0	-1	-1		
9512	2072402	7	-1	-1	-1	0	-1	-1		
9512	2072402	8	-1	-1	-1	0	-1	-1		
9512	2072402	9	-1	-1	-1	0	-1	-1		
9513	2072102	1	-1	-1	-1	0	-1	-1		
9513	2071902	2	-1	-1	-1	0	-1	-1		
9513	2072302	3	-1	-1	-1	0	-1	-1		
9513	2072402	6	-1	-1	-1	0	-1	-1		
9513	2072402	5	-1	-1	-1	0	-1	-1		
9513	2072402	4	-1	-1	-1	0	-1	-1		
9611	2071903	1	-1	-1	-1	0	-1	-1		
9611	2071903	2	-1	-1	-1	0	-1	-1		
9611	2071903	3	-1	-1	-1	0	-1	-1		
9611	2072003	4	-1	-1	-1	0	-1	-1		
9611	2072003	5	-1	-1	-1	0	-1	-1		
9611	2072003	6	-1	-1	-1	0	-1	-1		
9612	2071903	1	-1	-1	-1	0	-1	-1		
9612	2071903	2	-1	-1	-1	0	-1	-1		
9612	2071903	3	-1	-1	-1	0	-1	-1		
9612	2072203	4	-1	-1	-1	0	-1	-1		
9612	2072203	6	-1	-1	-1	0	-1	-1		
9612	2072203	5	-1	-1	-1	0	-1	-1		
9612	2072603	7	-1	-1	-1	0	-1	-1		
9612	2072603	8	-1	-1	-1	0	-1	-1		
9612	2072603	9	-1	-1	-1	0	-1	-1		
9613	2072003	1	-1	-1	-1	0	-1	-1		
9613	2072003	2	-1	-1	-1	0	-1	-1		
9613	2072203	3	-1	-1	-1	0	-1	-1		
9613	2072603	4	-1	-1	-1	0	-1	-1		
9613	2072503	5	-1	-1	-1	0	-1	-1		
9613	2072603	6	-1	-1	-1	0	-1	-1		
9613	2072603	7	-1	-1	-1	0	-1	-1		
9613	2072603	8	-1	-1	-1	0	-1	-1		
9613	2072603	9	-1	-1	-1	0	-1	-1		
9711	2071904	1	-1	-1	-1	0	-1	-1		
9711	2071904	2	-1	-1	-1	0	-1	-1		
9711	2071904	3	-1	-1	-1	0	-1	-1		
9711	2072004	4	-1	-1	-1	0	-1	-1		
9711	2072004	5	-1	-1	-1	0	-1	-1		
9711	2072004	6	-1	-1	-1	0	-1	-1		
9712	2071904	1	-1	-1	-1	0	-1	-1		
9712	2071904	2	-1	-1	-1	0	-1	-1		
9712	2071904	3	-1	-1	-1	0	-1	-1		
9712	2072204	4	-1	-1	-1	0	-1	-1		
9712	2072204	5	-1	-1	-1	0	-1	-1		
9712	2072204	6	-1	-1	-1	0	-1	-1		
9712	2072604	7	-1	-1	-1	0	-1	-1		
9712	2072604	8	-1	-1	-1	0	-1	-1		
9712	2072604	9	-1	-1	-1	0	-1	-1		
9713	2071904	1	-1	-1	-1	0	-1	-1		
9713	2071904	2	-1	-1	-1	0	-1	-1		
9713	2072104	3	-1	-1	-1	0	-1	-1		
9713	2072604	4	-1	-1	-1	0	-1	-1		
9713	2072304	5	-1	-1	-1	0	-1	-1		
9713	2072604	6	-1	-1	-1	0	-1	-1		
9713	2072604	7	-1	-1	-1	0	-1	-1		
9713	2072604	8	-1	-1	-1	0	-1	-1		
9713	2072604	9	-1	-1	-1	0	-1	-1		
9811	2071904	1	-1	-1	-1	0	-1	-1		
9811	2071904	2	-1	-1	-1	0	-1	-1		
9811	2071904	3	-1	-1	-1	0	-1	-1		
9811	2072004	4	-1	-1	-1	0	-1	-1		
9811	2072004	5	-1	-1	-1	0	-1	-1		
9811	2072004	6	-1	-1	-1	0	-1	-1		
9812	2072004	1	-1	-1	-1	0	-1	-1		
9812	2072004	2	-1	-1	-1	0	-1	-1		
9812	2072004	3	-1	-1	-1	0	-1	-1		
9812	2072204	4	-1	-1	-1	0	-1	-1		
9812	2072204	5	-1	-1	-1	0	-1	-1		
9812	2072204	6	-1	-1	-1	0	-1	-1		
9812	2072604	7	-1	-1	-1	0	-1	-1		
9812	2072604	8	-1	-1	-1	0	-1	-1		
9812	2072604	9	-1	-1	-1	0	-1	-1		
9813	2072304	1	-1	-1	-1	0	-1	-1		
9813	2072004	2	-1	-1	-1	0	-1	-1		
9813	2072004	3	-1	-1	-1	0	-1	-1		
9813	2072604	4	-1	-1	-1	0	-1	-1		
9813	2072504	5	-1	-1	-1	0	-1	-1		
9813	2072604	6	-1	-1	-1	0	-1	-1		
9813	2072604	7	-1	-1	-1	0	-1	-1		
9813	2072604	8	-1	-1	-1	0	-1	-1		
9813	2072604	9	-1	-1	-1	0	-1	-1		
9911	2071905	1	-1	-1	-1	0	-1	-1		
9911	2071905	2	-1	-1	-1	0	-1	-1		
9911	2071905	3	-1	-1	-1	0	-1	-1		
9911	2072005	4	-1	-1	-1	0	-1	-1		
9911	2072005	5	-1	-1	-1	0	-1	-1		
9911	2072005	6	-1	-1	-1	0	-1	-1		
9912	2072005	1	-1	-1	-1	0	-1	-1		
9912	2072005	2	-1	-1	-1	0	-1	-1		
9912	2072005	3	-1	-1	-1	0	-1	-1		
9912	2072205	4	-1	-1	-1	0	-1	-1		
9912	2072205	5	-1	-1	-1	0	-1	-1		
9912	2072205	6	-1	-1	-1	0	-1	-1		
9912	2072605	7	-1	-1	-1	0	-1	-1		
9912	2072605	8	-1	-1	-1	0	-1	-1		
9912	2072605	9	-1	-1	-1	0	-1	-1		
9913	2072305	1	-1	-1	-1	0	-1	-1		
9913	2072005	2	-1	-1	-1	0	-1	-1		
9913	2072005	3	-1	-1	-1	0	-1	-1		
9913	2072605	4	-1	-1	-1	0	-1	-1		
9913	2072505	5	-1	-1	-1	0	-1	-1		
9913	2072605	6	-1	-1	-1	0	-1	-1		
9913	2072605	7	-1	-1	-1	0	-1	-1		
9913	2072605	8	-1	-1	-1	0	-1	-1		
9913	2072605	9	-1	-1	-1	0	-1	-1		
91011	2071905	1	-1	-1	-1	0	-1	-1		
91011	2071905	2	-1	-1	-1	0	-1	-1		
91011	2071905	3	-1	-1	-1	0	-1	-1		
91011	2072005	4	-1	-1	-1	0	-1	-1		
91011	2072005	5	-1	-1	-1	0	-1	-1		
91011	2072005	6	-1	-1	-1	0	-1	-1		
91012	2072005	1	-1	-1	-1	0	-1	-1		
91012	2072005	2	-1	-1	-1	0	-1	-1		
91012	2072005	3	-1	-1	-1	0	-1	-1		
91012	2072205	4	-1	-1	-1	0	-1	-1		
91012	2072205	5	-1	-1	-1	0	-1	-1		
91012	2072205	6	-1	-1	-1	0	-1	-1		
91012	2072605	7	-1	-1	-1	0	-1	-1		
91012	2072605	8	-1	-1	-1	0	-1	-1		
91012	2072605	9	-1	-1	-1	0	-1	-1		
91013	2072305	1	-1	-1	-1	0	-1	-1		
91013	2072005	2	-1	-1	-1	0	-1	-1		
91013	2072005	3	-1	-1	-1	0	-1	-1		
91013	2072605	4	-1	-1	-1	0	-1	-1		
91013	2072505	5	-1	-1	-1	0	-1	-1		
91013	2072605	6	-1	-1	-1	0	-1	-1		
91013	2072605	7	-1	-1	-1	0	-1	-1		
91013	2072605	8	-1	-1	-1	0	-1	-1		
91013	2072605	9	-1	-1	-1	0	-1	-1		
91111	2072006	1	-1	-1	-1	0	-1	-1		
91111	2072006	2	-1	-1	-1	0	-1	-1		
91111	2072006	3	-1	-1	-1	0	-1	-1		
91111	2072006	4	-1	-1	-1	0	-1	-1		
91111	2072006	5	-1	-1	-1	0	-1	-1		
91111	2072006	6	-1	-1	-1	0	-1	-1		
91112	2072006	1	-1	-1	-1	0	-1	-1		
91112	2072006	2	-1	-1	-1	0	-1	-1		
91112	2072006	3	-1	-1	-1	0	-1	-1		
91112	2072206	4	-1	-1	-1	0	-1	-1		
91112	2072206	5	-1	-1	-1	0	-1	-1		
91112	2072206	6	-1	-1	-1	0	-1	-1		
91112	2072406	7	-1	-1	-1	0	-1	-1		
91112	2072406	8	-1	-1	-1	0	-1	-1		
91112	2072406	9	-1	-1	-1	0	-1	-1		
91113	2072006	1	-1	-1	-1	0	-1	-1		
91113	2072106	2	-1	-1	-1	0	-1	-1		
91113	2072006	3	-1	-1	-1	0	-1	-1		
91113	2072406	4	-1	-1	-1	0	-1	-1		
91113	2072406	5	-1	-1	-1	0	-1	-1		
91113	2072406	6	-1	-1	-1	0	-1	-1		
91113	2072606	7	-1	-1	-1	0	-1	-1		
91113	2072606	8	-1	-1	-1	0	-1	-1		
91113	2072606	9	-1	-1	-1	0	-1	-1		
91211	2072206	1	-1	-1	-1	0	-1	-1		
91211	2072206	2	-1	-1	-1	0	-1	-1		
91211	2072006	3	-1	-1	-1	0	-1	-1		
91211	2072206	4	-1	-1	-1	0	-1	-1		
91211	2072006	5	-1	-1	-1	0	-1	-1		
91211	2072006	6	-1	-1	-1	0	-1	-1		
91212	2072206	1	-1	-1	-1	0	-1	-1		
91212	2072206	2	-1	-1	-1	0	-1	-1		
91212	2072206	3	-1	-1	-1	0	-1	-1		
91212	2072406	4	-1	-1	-1	0	-1	-1		
91212	2072406	5	-1	-1	-1	0	-1	-1		
91212	2072406	6	-1	-1	-1	0	-1	-1		
91212	2072606	7	-1	-1	-1	0	-1	-1		
91212	2072606	8	-1	-1	-1	0	-1	-1		
91212	2072606	9	-1	-1	-1	0	-1	-1		
91213	2072206	1	-1	-1	-1	0	-1	-1		
91213	2072306	2	-1	-1	-1	0	-1	-1		
91213	2072206	3	-1	-1	-1	0	-1	-1		
91213	2072406	4	-1	-1	-1	0	-1	-1		
91213	2072406	5	-1	-1	-1	0	-1	-1		
91213	2072406	6	-1	-1	-1	0	-1	-1		
91213	2072606	7	-1	-1	-1	0	-1	-1		
91213	2072606	8	-1	-1	-1	0	-1	-1		
91213	2072606	9	-1	-1	-1	0	-1	-1		
91311	2072207	1	-1	-1	-1	0	-1	-1		
91311	2072007	2	-1	-1	-1	0	-1	-1		
91311	2072207	3	-1	-1	-1	0	-1	-1		
91311	2072207	4	-1	-1	-1	0	-1	-1		
91311	2072007	5	-1	-1	-1	0	-1	-1		
91311	2072207	6	-1	-1	-1	0	-1	-1		
91312	2072007	1	-1	-1	-1	0	-1	-1		
91312	2072207	2	-1	-1	-1	0	-1	-1		
91312	2072007	3	-1	-1	-1	0	-1	-1		
91312	2072407	4	-1	-1	-1	0	-1	-1		
91312	2072407	5	-1	-1	-1	0	-1	-1		
91312	2072407	6	-1	-1	-1	0	-1	-1		
91312	2072607	7	-1	-1	-1	0	-1	-1		
91312	2072607	8	-1	-1	-1	0	-1	-1		
91312	2072607	9	-1	-1	-1	0	-1	-1		
91313	2072007	1	-1	-1	-1	0	-1	-1		
91313	2072007	2	-1	-1	-1	0	-1	-1		
91313	2072007	3	-1	-1	-1	0	-1	-1		
91313	2072407	4	-1	-1	-1	0	-1	-1		
91313	2072407	5	-1	-1	-1	0	-1	-1		
91313	2072407	6	-1	-1	-1	0	-1	-1		
91313	2072607	7	-1	-1	-1	0	-1	-1		
91313	2072506	8	-1	-1	-1	0	-1	-1		
91313	2072607	9	-1	-1	-1	0	-1	-1		
91411	2072007	1	-1	-1	-1	0	-1	-1		
91411	2072207	2	-1	-1	-1	0	-1	-1		
91411	2072007	3	-1	-1	-1	0	-1	-1		
91411	2072207	4	-1	-1	-1	0	-1	-1		
91411	2072007	5	-1	-1	-1	0	-1	-1		
91411	2072207	6	-1	-1	-1	0	-1	-1		
91412	2072007	1	-1	-1	-1	0	-1	-1		
91412	2072207	2	-1	-1	-1	0	-1	-1		
91412	2072007	3	-1	-1	-1	0	-1	-1		
91412	2072207	4	-1	-1	-1	0	-1	-1		
91412	2072007	5	-1	-1	-1	0	-1	-1		
91412	2072207	6	-1	-1	-1	0	-1	-1		
91412	2072407	7	-1	-1	-1	0	-1	-1		
91412	2072407	8	-1	-1	-1	0	-1	-1		
91412	2072407	9	-1	-1	-1	0	-1	-1		
91413	2072107	1	-1	-1	-1	0	-1	-1		
91413	2072007	2	-1	-1	-1	0	-1	-1		
91413	2072307	3	-1	-1	-1	0	-1	-1		
91413	2072407	4	-1	-1	-1	0	-1	-1		
91413	2072407	5	-1	-1	-1	0	-1	-1		
91413	2072407	6	-1	-1	-1	0	-1	-1		
91413	2072607	7	-1	-1	-1	0	-1	-1		
91413	2072607	8	-1	-1	-1	0	-1	-1		
91413	2072607	9	-1	-1	-1	0	-1	-1		
91511	2072007	1	-1	-1	-1	0	-1	-1		
91511	2072207	2	-1	-1	-1	0	-1	-1		
91511	2072007	3	-1	-1	-1	0	-1	-1		
91511	2072207	4	-1	-1	-1	0	-1	-1		
91511	2072007	5	-1	-1	-1	0	-1	-1		
91511	2072207	6	-1	-1	-1	0	-1	-1		
91512	2072007	1	-1	-1	-1	0	-1	-1		
91512	2072207	2	-1	-1	-1	0	-1	-1		
91512	2072007	3	-1	-1	-1	0	-1	-1		
91512	2072207	4	-1	-1	-1	0	-1	-1		
91512	2072007	5	-1	-1	-1	0	-1	-1		
91512	2072207	6	-1	-1	-1	0	-1	-1		
91512	2072407	7	-1	-1	-1	0	-1	-1		
91512	2072407	8	-1	-1	-1	0	-1	-1		
91512	2072407	9	-1	-1	-1	0	-1	-1		
91513	2072107	1	-1	-1	-1	0	-1	-1		
91513	2072007	2	-1	-1	-1	0	-1	-1		
91513	2072307	3	-1	-1	-1	0	-1	-1		
91513	2072407	4	-1	-1	-1	0	-1	-1		
91513	2072407	5	-1	-1	-1	0	-1	-1		
91513	2072407	6	-1	-1	-1	0	-1	-1		
91513	2072607	7	-1	-1	-1	0	-1	-1		
91513	2072607	8	-1	-1	-1	0	-1	-1		
91513	2072607	9	-1	-1	-1	0	-1	-1		
91611	2072008	1	-1	-1	-1	0	-1	-1		
91611	2072008	2	-1	-1	-1	0	-1	-1		
91611	2072008	3	-1	-1	-1	0	-1	-1		
91611	2072208	4	-1	-1	-1	0	-1	-1		
91611	2072208	5	-1	-1	-1	0	-1	-1		
91611	2072208	6	-1	-1	-1	0	-1	-1		
91612	2072008	1	-1	-1	-1	0	-1	-1		
91612	2072008	2	-1	-1	-1	0	-1	-1		
91612	2072008	3	-1	-1	-1	0	-1	-1		
91612	2072208	4	-1	-1	-1	0	-1	-1		
91612	2072208	5	-1	-1	-1	0	-1	-1		
91612	2072208	6	-1	-1	-1	0	-1	-1		
91612	2072608	7	-1	-1	-1	0	-1	-1		
91612	2072608	8	-1	-1	-1	0	-1	-1		
91612	2072608	9	-1	-1	-1	0	-1	-1		
91613	2072008	1	-1	-1	-1	0	-1	-1		
91613	2072008	2	-1	-1	-1	0	-1	-1		
91613	2072208	3	-1	-1	-1	0	-1	-1		
91613	2072608	4	-1	-1	-1	0	-1	-1		
91613	2072708	5	-1	-1	-1	0	-1	-1		
91613	2072608	6	-1	-1	-1	0	-1	-1		
91613	2072608	7	-1	-1	-1	0	-1	-1		
91613	2072608	8	-1	-1	-1	0	-1	-1		
91613	2072608	9	-1	-1	-1	0	-1	-1		
91711	2072009	1	-1	-1	-1	0	-1	-1		
91711	2072009	2	-1	-1	-1	0	-1	-1		
91711	2072009	3	-1	-1	-1	0	-1	-1		
91711	2072209	4	-1	-1	-1	0	-1	-1		
91711	2072209	5	-1	-1	-1	0	-1	-1		
91711	2072209	6	-1	-1	-1	0	-1	-1		
91712	2072009	1	-1	-1	-1	0	-1	-1		
91712	2072009	2	-1	-1	-1	0	-1	-1		
91712	2072009	3	-1	-1	-1	0	-1	-1		
91712	2072209	4	-1	-1	-1	0	-1	-1		
91712	2072209	5	-1	-1	-1	0	-1	-1		
91712	2072209	6	-1	-1	-1	0	-1	-1		
91712	2072609	7	-1	-1	-1	0	-1	-1		
91712	2072609	8	-1	-1	-1	0	-1	-1		
91712	2072609	9	-1	-1	-1	0	-1	-1		
91713	2072009	1	-1	-1	-1	0	-1	-1		
91713	2072009	2	-1	-1	-1	0	-1	-1		
91713	2072109	3	-1	-1	-1	0	-1	-1		
91713	2072609	4	-1	-1	-1	0	-1	-1		
91713	2072509	5	-1	-1	-1	0	-1	-1		
91713	2072609	6	-1	-1	-1	0	-1	-1		
91713	2072609	7	-1	-1	-1	0	-1	-1		
91713	2072609	8	-1	-1	-1	0	-1	-1		
91713	2072609	9	-1	-1	-1	0	-1	-1		
91811	2072009	1	-1	-1	-1	0	-1	-1		
91811	2072009	2	-1	-1	-1	0	-1	-1		
91811	2072009	3	-1	-1	-1	0	-1	-1		
91811	2072209	4	-1	-1	-1	0	-1	-1		
91811	2072209	5	-1	-1	-1	0	-1	-1		
91811	2072209	6	-1	-1	-1	0	-1	-1		
91812	2072009	1	-1	-1	-1	0	-1	-1		
91812	2072009	2	-1	-1	-1	0	-1	-1		
91812	2072009	3	-1	-1	-1	0	-1	-1		
91812	2072209	4	-1	-1	-1	0	-1	-1		
91812	2072209	5	-1	-1	-1	0	-1	-1		
91812	2072209	6	-1	-1	-1	0	-1	-1		
91812	2072609	7	-1	-1	-1	0	-1	-1		
91812	2072609	8	-1	-1	-1	0	-1	-1		
91812	2072609	9	-1	-1	-1	0	-1	-1		
91813	2072009	1	-1	-1	-1	0	-1	-1		
91813	2072009	2	-1	-1	-1	0	-1	-1		
91813	2072109	3	-1	-1	-1	0	-1	-1		
91813	2072609	4	-1	-1	-1	0	-1	-1		
91813	2072509	5	-1	-1	-1	0	-1	-1		
91813	2072609	6	-1	-1	-1	0	-1	-1		
91813	2072609	7	-1	-1	-1	0	-1	-1		
91813	2072609	8	-1	-1	-1	0	-1	-1		
91813	2072609	9	-1	-1	-1	0	-1	-1		
91911	2072010	1	-1	-1	-1	0	-1	-1		
91911	2072010	2	-1	-1	-1	0	-1	-1		
91911	2072010	3	-1	-1	-1	0	-1	-1		
91911	2072210	4	-1	-1	-1	0	-1	-1		
91911	2072210	5	-1	-1	-1	0	-1	-1		
91911	2072210	6	-1	-1	-1	0	-1	-1		
91912	2072010	1	-1	-1	-1	0	-1	-1		
91912	2072010	2	-1	-1	-1	0	-1	-1		
91912	2072010	3	-1	-1	-1	0	-1	-1		
91912	2072210	4	-1	-1	-1	0	-1	-1		
91912	2072210	5	-1	-1	-1	0	-1	-1		
91912	2072210	6	-1	-1	-1	0	-1	-1		
91912	2072610	7	-1	-1	-1	0	-1	-1		
91912	2072610	8	-1	-1	-1	0	-1	-1		
91912	2072610	9	-1	-1	-1	0	-1	-1		
91913	2072310	1	-1	-1	-1	0	-1	-1		
91913	2072010	2	-1	-1	-1	0	-1	-1		
91913	2072010	3	-1	-1	-1	0	-1	-1		
91913	2072610	4	-1	-1	-1	0	-1	-1		
91913	2072510	5	-1	-1	-1	0	-1	-1		
91913	2072610	6	-1	-1	-1	0	-1	-1		
91913	2072610	7	-1	-1	-1	0	-1	-1		
91913	2072610	8	-1	-1	-1	0	-1	-1		
91913	2072610	9	-1	-1	-1	0	-1	-1		
92011	2072010	1	-1	-1	-1	0	-1	-1		
92011	2072010	2	-1	-1	-1	0	-1	-1		
92011	2072010	3	-1	-1	-1	0	-1	-1		
92011	2072210	4	-1	-1	-1	0	-1	-1		
92011	2072210	5	-1	-1	-1	0	-1	-1		
92011	2072210	6	-1	-1	-1	0	-1	-1		
92012	2072010	1	-1	-1	-1	0	-1	-1		
92012	2072010	2	-1	-1	-1	0	-1	-1		
92012	2072010	3	-1	-1	-1	0	-1	-1		
92012	2072210	4	-1	-1	-1	0	-1	-1		
92012	2072210	5	-1	-1	-1	0	-1	-1		
92012	2072210	6	-1	-1	-1	0	-1	-1		
92012	2072610	7	-1	-1	-1	0	-1	-1		
92012	2072610	8	-1	-1	-1	0	-1	-1		
92012	2072610	9	-1	-1	-1	0	-1	-1		
92013	2072310	1	-1	-1	-1	0	-1	-1		
92013	2072010	2	-1	-1	-1	0	-1	-1		
92013	2072010	3	-1	-1	-1	0	-1	-1		
92013	2072610	4	-1	-1	-1	0	-1	-1		
92013	2072510	5	-1	-1	-1	0	-1	-1		
92013	2072610	6	-1	-1	-1	0	-1	-1		
92013	2072610	7	-1	-1	-1	0	-1	-1		
92013	2072610	8	-1	-1	-1	0	-1	-1		
92013	2072610	9	-1	-1	-1	0	-1	-1		
92111	2072011	1	-1	-1	-1	0	-1	-1		
92111	2072011	2	-1	-1	-1	0	-1	-1		
92111	2072011	3	-1	-1	-1	0	-1	-1		
92111	2072211	4	-1	-1	-1	0	-1	-1		
92111	2072211	5	-1	-1	-1	0	-1	-1		
92111	2072211	6	-1	-1	-1	0	-1	-1		
92112	2072011	1	-1	-1	-1	0	-1	-1		
92112	2072011	2	-1	-1	-1	0	-1	-1		
92112	2072011	3	-1	-1	-1	0	-1	-1		
92112	2072211	4	-1	-1	-1	0	-1	-1		
92112	2072211	5	-1	-1	-1	0	-1	-1		
92112	2072211	6	-1	-1	-1	0	-1	-1		
92112	2072411	7	-1	-1	-1	0	-1	-1		
92112	2072411	8	-1	-1	-1	0	-1	-1		
92112	2072411	9	-1	-1	-1	0	-1	-1		
92113	2072011	1	-1	-1	-1	0	-1	-1		
92113	2072111	2	-1	-1	-1	0	-1	-1		
92113	2072011	3	-1	-1	-1	0	-1	-1		
92113	2072411	4	-1	-1	-1	0	-1	-1		
92113	2072411	5	-1	-1	-1	0	-1	-1		
92113	2072411	6	-1	-1	-1	0	-1	-1		
92113	2072611	7	-1	-1	-1	0	-1	-1		
92113	2072611	8	-1	-1	-1	0	-1	-1		
92113	2072611	9	-1	-1	-1	0	-1	-1		
92211	2072011	1	-1	-1	-1	0	-1	-1		
92211	2072011	2	-1	-1	-1	0	-1	-1		
92211	2072011	3	-1	-1	-1	0	-1	-1		
92211	2072211	4	-1	-1	-1	0	-1	-1		
92211	2072211	5	-1	-1	-1	0	-1	-1		
92211	2072211	6	-1	-1	-1	0	-1	-1		
92212	2072011	1	-1	-1	-1	0	-1	-1		
92212	2072011	2	-1	-1	-1	0	-1	-1		
92212	2072011	3	-1	-1	-1	0	-1	-1		
92212	2072211	4	-1	-1	-1	0	-1	-1		
92212	2072211	5	-1	-1	-1	0	-1	-1		
92212	2072211	6	-1	-1	-1	0	-1	-1		
92212	2072611	7	-1	-1	-1	0	-1	-1		
92212	2072611	8	-1	-1	-1	0	-1	-1		
92212	2072611	9	-1	-1	-1	0	-1	-1		
92213	2072211	1	-1	-1	-1	0	-1	-1		
92213	2072311	2	-1	-1	-1	0	-1	-1		
92213	2072211	3	-1	-1	-1	0	-1	-1		
92213	2072411	4	-1	-1	-1	0	-1	-1		
92213	2072411	5	-1	-1	-1	0	-1	-1		
92213	2072411	6	-1	-1	-1	0	-1	-1		
92213	2072611	7	-1	-1	-1	0	-1	-1		
92213	2072611	8	-1	-1	-1	0	-1	-1		
92213	2072611	9	-1	-1	-1	0	-1	-1		
92311	2072012	1	-1	-1	-1	0	-1	-1		
92311	2072012	2	-1	-1	-1	0	-1	-1		
92311	2072012	3	-1	-1	-1	0	-1	-1		
92311	2072212	4	-1	-1	-1	0	-1	-1		
92311	2072212	5	-1	-1	-1	0	-1	-1		
92311	2072212	6	-1	-1	-1	0	-1	-1		
92312	2072012	1	-1	-1	-1	0	-1	-1		
92312	2072012	2	-1	-1	-1	0	-1	-1		
92312	2072012	3	-1	-1	-1	0	-1	-1		
92312	2072212	4	-1	-1	-1	0	-1	-1		
92312	2072212	5	-1	-1	-1	0	-1	-1		
92312	2072212	6	-1	-1	-1	0	-1	-1		
92312	2072612	7	-1	-1	-1	0	-1	-1		
92312	2072612	8	-1	-1	-1	0	-1	-1		
92312	2072612	9	-1	-1	-1	0	-1	-1		
92313	2072012	1	-1	-1	-1	0	-1	-1		
92313	2072012	2	-1	-1	-1	0	-1	-1		
92313	2072012	3	-1	-1	-1	0	-1	-1		
92313	2072412	4	-1	-1	-1	0	-1	-1		
92313	2072412	5	-1	-1	-1	0	-1	-1		
92313	2072412	6	-1	-1	-1	0	-1	-1		
92313	2072612	7	-1	-1	-1	0	-1	-1		
92313	2072512	8	-1	-1	-1	0	-1	-1		
92313	2072612	9	-1	-1	-1	0	-1	-1		
92411	2072012	1	-1	-1	-1	0	-1	-1		
92411	2072012	2	-1	-1	-1	0	-1	-1		
92411	2072012	3	-1	-1	-1	0	-1	-1		
92411	2072212	4	-1	-1	-1	0	-1	-1		
92411	2072212	5	-1	-1	-1	0	-1	-1		
92411	2072212	6	-1	-1	-1	0	-1	-1		
92412	2072012	1	-1	-1	-1	0	-1	-1		
92412	2072012	2	-1	-1	-1	0	-1	-1		
92412	2072012	3	-1	-1	-1	0	-1	-1		
92412	2072212	4	-1	-1	-1	0	-1	-1		
92412	2072212	5	-1	-1	-1	0	-1	-1		
92412	2072212	6	-1	-1	-1	0	-1	-1		
92412	2072412	7	-1	-1	-1	0	-1	-1		
92412	2072412	8	-1	-1	-1	0	-1	-1		
92412	2072412	9	-1	-1	-1	0	-1	-1		
92413	2072112	1	-1	-1	-1	0	-1	-1		
92413	2072012	2	-1	-1	-1	0	-1	-1		
92413	2072312	3	-1	-1	-1	0	-1	-1		
92413	2072412	4	-1	-1	-1	0	-1	-1		
92413	2072412	5	-1	-1	-1	0	-1	-1		
92413	2072412	6	-1	-1	-1	0	-1	-1		
92413	2072612	7	-1	-1	-1	0	-1	-1		
92413	2072612	8	-1	-1	-1	0	-1	-1		
92413	2072612	9	-1	-1	-1	0	-1	-1		
92511	2072012	1	-1	-1	-1	0	-1	-1		
92511	2072012	2	-1	-1	-1	0	-1	-1		
92511	2072012	3	-1	-1	-1	0	-1	-1		
92511	2072212	4	-1	-1	-1	0	-1	-1		
92511	2072212	5	-1	-1	-1	0	-1	-1		
92511	2072212	6	-1	-1	-1	0	-1	-1		
92512	2072012	1	-1	-1	-1	0	-1	-1		
92512	2072012	2	-1	-1	-1	0	-1	-1		
92512	2072012	3	-1	-1	-1	0	-1	-1		
92512	2072212	4	-1	-1	-1	0	-1	-1		
92512	2072212	5	-1	-1	-1	0	-1	-1		
92512	2072212	6	-1	-1	-1	0	-1	-1		
92512	2072412	7	-1	-1	-1	0	-1	-1		
92512	2072412	8	-1	-1	-1	0	-1	-1		
92512	2072412	9	-1	-1	-1	0	-1	-1		
92513	2072112	1	-1	-1	-1	0	-1	-1		
92513	2072012	2	-1	-1	-1	0	-1	-1		
92513	2072312	3	-1	-1	-1	0	-1	-1		
92513	2072412	4	-1	-1	-1	0	-1	-1		
92513	2072412	5	-1	-1	-1	0	-1	-1		
92513	2072412	6	-1	-1	-1	0	-1	-1		
92513	2072612	7	-1	-1	-1	0	-1	-1		
92513	2072612	8	-1	-1	-1	0	-1	-1		
92513	2072612	9	-1	-1	-1	0	-1	-1		
92611	2072013	1	-1	-1	-1	0	-1	-1		
92611	2072013	2	-1	-1	-1	0	-1	-1		
92611	2072013	3	-1	-1	-1	0	-1	-1		
92611	2072213	4	-1	-1	-1	0	-1	-1		
92611	2072213	5	-1	-1	-1	0	-1	-1		
92611	2072213	6	-1	-1	-1	0	-1	-1		
92612	2072013	1	-1	-1	-1	0	-1	-1		
92612	2072013	2	-1	-1	-1	0	-1	-1		
92612	2072013	3	-1	-1	-1	0	-1	-1		
92612	2072213	4	-1	-1	-1	0	-1	-1		
92612	2072213	5	-1	-1	-1	0	-1	-1		
92612	2072213	6	-1	-1	-1	0	-1	-1		
92612	2072613	7	-1	-1	-1	0	-1	-1		
92612	2072613	8	-1	-1	-1	0	-1	-1		
92612	2072613	9	-1	-1	-1	0	-1	-1		
92613	2072013	1	-1	-1	-1	0	-1	-1		
92613	2072013	2	-1	-1	-1	0	-1	-1		
92613	2072213	3	-1	-1	-1	0	-1	-1		
92613	2072613	4	-1	-1	-1	0	-1	-1		
92613	2072713	5	-1	-1	-1	0	-1	-1		
92613	2072613	6	-1	-1	-1	0	-1	-1		
92613	2072613	7	-1	-1	-1	0	-1	-1		
92613	2072613	8	-1	-1	-1	0	-1	-1		
92613	2072613	9	-1	-1	-1	0	-1	-1		
92711	2072014	1	-1	-1	-1	0	-1	-1		
92711	2072014	2	-1	-1	-1	0	-1	-1		
92711	2072014	3	-1	-1	-1	0	-1	-1		
92711	2072214	4	-1	-1	-1	0	-1	-1		
92711	2072214	5	-1	-1	-1	0	-1	-1		
92711	2072214	6	-1	-1	-1	0	-1	-1		
92712	2072014	1	-1	-1	-1	0	-1	-1		
92712	2072014	2	-1	-1	-1	0	-1	-1		
92712	2072014	3	-1	-1	-1	0	-1	-1		
92712	2072214	4	-1	-1	-1	0	-1	-1		
92712	2072214	5	-1	-1	-1	0	-1	-1		
92712	2072214	6	-1	-1	-1	0	-1	-1		
92712	2072614	7	-1	-1	-1	0	-1	-1		
92712	2072614	8	-1	-1	-1	0	-1	-1		
92712	2072614	9	-1	-1	-1	0	-1	-1		
92713	2072014	1	-1	-1	-1	0	-1	-1		
92713	2072014	2	-1	-1	-1	0	-1	-1		
92713	2072114	3	-1	-1	-1	0	-1	-1		
92713	2072614	4	-1	-1	-1	0	-1	-1		
92713	2072514	5	-1	-1	-1	0	-1	-1		
92713	2072614	6	-1	-1	-1	0	-1	-1		
92713	2072614	7	-1	-1	-1	0	-1	-1		
92713	2072614	8	-1	-1	-1	0	-1	-1		
92713	2072614	9	-1	-1	-1	0	-1	-1		
92811	2072014	1	-1	-1	-1	0	-1	-1		
92811	2072014	2	-1	-1	-1	0	-1	-1		
92811	2072014	3	-1	-1	-1	0	-1	-1		
92811	2072214	4	-1	-1	-1	0	-1	-1		
92811	2072214	5	-1	-1	-1	0	-1	-1		
92811	2072214	6	-1	-1	-1	0	-1	-1		
92812	2072014	1	-1	-1	-1	0	-1	-1		
92812	2072014	2	-1	-1	-1	0	-1	-1		
92812	2072014	3	-1	-1	-1	0	-1	-1		
92812	2072214	4	-1	-1	-1	0	-1	-1		
92812	2072214	5	-1	-1	-1	0	-1	-1		
92812	2072214	6	-1	-1	-1	0	-1	-1		
92812	2072614	7	-1	-1	-1	0	-1	-1		
92812	2072614	8	-1	-1	-1	0	-1	-1		
92812	2072614	9	-1	-1	-1	0	-1	-1		
92813	2072314	1	-1	-1	-1	0	-1	-1		
92813	2072014	2	-1	-1	-1	0	-1	-1		
92813	2072014	3	-1	-1	-1	0	-1	-1		
92813	2072614	4	-1	-1	-1	0	-1	-1		
92813	2072514	5	-1	-1	-1	0	-1	-1		
92813	2072614	6	-1	-1	-1	0	-1	-1		
92813	2072614	7	-1	-1	-1	0	-1	-1		
92813	2072614	8	-1	-1	-1	0	-1	-1		
92813	2072614	9	-1	-1	-1	0	-1	-1		
92911	2072015	1	-1	-1	-1	0	-1	-1		
92911	2072015	2	-1	-1	-1	0	-1	-1		
92911	2072015	3	-1	-1	-1	0	-1	-1		
92911	2072215	4	-1	-1	-1	0	-1	-1		
92911	2072215	5	-1	-1	-1	0	-1	-1		
92911	2072215	6	-1	-1	-1	0	-1	-1		
92912	2072015	1	-1	-1	-1	0	-1	-1		
92912	2072015	2	-1	-1	-1	0	-1	-1		
92912	2072015	3	-1	-1	-1	0	-1	-1		
92912	2072215	4	-1	-1	-1	0	-1	-1		
92912	2072215	5	-1	-1	-1	0	-1	-1		
92912	2072215	6	-1	-1	-1	0	-1	-1		
92912	2072615	7	-1	-1	-1	0	-1	-1		
92912	2072615	8	-1	-1	-1	0	-1	-1		
92912	2072615	9	-1	-1	-1	0	-1	-1		
92913	2072315	1	-1	-1	-1	0	-1	-1		
92913	2072015	2	-1	-1	-1	0	-1	-1		
92913	2072015	3	-1	-1	-1	0	-1	-1		
92913	2072615	4	-1	-1	-1	0	-1	-1		
92913	2072715	5	-1	-1	-1	0	-1	-1		
92913	2072615	6	-1	-1	-1	0	-1	-1		
92913	2072615	7	-1	-1	-1	0	-1	-1		
92913	2072615	8	-1	-1	-1	0	-1	-1		
92913	2072615	9	-1	-1	-1	0	-1	-1		
93011	2072015	1	-1	-1	-1	0	-1	-1		
93011	2072015	2	-1	-1	-1	0	-1	-1		
93011	2072015	3	-1	-1	-1	0	-1	-1		
93011	2072215	4	-1	-1	-1	0	-1	-1		
93011	2072215	5	-1	-1	-1	0	-1	-1		
93011	2072215	6	-1	-1	-1	0	-1	-1		
93012	2072015	1	-1	-1	-1	0	-1	-1		
93012	2072015	2	-1	-1	-1	0	-1	-1		
93012	2072015	3	-1	-1	-1	0	-1	-1		
93012	2072215	4	-1	-1	-1	0	-1	-1		
93012	2072215	5	-1	-1	-1	0	-1	-1		
93012	2072215	6	-1	-1	-1	0	-1	-1		
93012	2072615	7	-1	-1	-1	0	-1	-1		
93012	2072615	8	-1	-1	-1	0	-1	-1		
93012	2072615	9	-1	-1	-1	0	-1	-1		
93013	2072115	1	-1	-1	-1	0	-1	-1		
93013	2072015	2	-1	-1	-1	0	-1	-1		
93013	2072015	3	-1	-1	-1	0	-1	-1		
93013	2072615	4	-1	-1	-1	0	-1	-1		
93013	2072815	5	-1	-1	-1	0	-1	-1		
93013	2072615	6	-1	-1	-1	0	-1	-1		
93013	2072615	7	-1	-1	-1	0	-1	-1		
93013	2072615	8	-1	-1	-1	0	-1	-1		
93013	2072715	9	-1	-1	-1	0	-1	-1		
										
101051	1010501	2	-1	-1	-1	0	-1	-1		
101052	1010501	2	-1	-1	-1	0	-1	-1		
101052	1010502	5	-1	-1	-1	0	-1	-1		
101053	1010501	1	-1	-1	-1	0	-1	-1		
101053	1010502	2	-1	-1	-1	0	-1	-1		
101053	1010502	5	-1	-1	-1	0	-1	-1		
101054	1010502	1	-1	-1	-1	0	-1	-1		
101054	1010502	2	-1	-1	-1	0	-1	-1		
101054	1010502	3	-1	-1	-1	0	-1	-1		
101054	1010502	4	-1	-1	-1	0	-1	-1		
101054	1010502	5	-1	-1	-1	0	-1	-1		
101055	1010502	1	-1	-1	-1	0	-1	-1		
101055	2074601	2	-1	-1	-1	0	-1	-1		
101055	1010502	3	-1	-1	-1	0	-1	-1		
101055	1010502	4	-1	-1	-1	0	-1	-1		
101055	1010502	5	-1	-1	-1	0	-1	-1		
101055	1010502	6	-1	-1	-1	0	-1	-1		
101055	1010502	7	-1	-1	-1	0	-1	-1		
101055	1010502	8	-1	-1	-1	0	-1	-1		
101055	1010502	9	-1	-1	-1	0	-1	-1		
101056	1010502	1	-1	-1	-1	0	-1	-1		
101056	1010504	2	-1	-1	-1	0	-1	-1		
101056	1010502	3	-1	-1	-1	0	-1	-1		
101056	1010502	4	-1	-1	-1	0	-1	-1		
101056	1010502	5	-1	-1	-1	0	-1	-1		
101056	1010502	6	-1	-1	-1	0	-1	-1		
101056	1010502	7	-1	-1	-1	0	-1	-1		
101056	1010502	8	-1	-1	-1	0	-1	-1		
101056	1010502	9	-1	-1	-1	0	-1	-1		
101101	1011001	1	-1	-1	-1	0	-1	-1		
101102	1011001	1	-1	-1	-1	0	-1	-1		
101102	1011002	2	-1	-1	-1	0	-1	-1		
101103	1011001	1	-1	-1	-1	0	-1	-1		
101103	1011001	2	-1	-1	-1	0	-1	-1		
101103	1011002	3	-1	-1	-1	0	-1	-1		
101103	1011002	4	-1	-1	-1	0	-1	-1		
101103	1011002	5	-1	-1	-1	0	-1	-1		
101104	1011001	1	-1	-1	-1	0	-1	-1		
101104	1011001	2	-1	-1	-1	0	-1	-1		
101104	1011002	3	-1	-1	-1	0	-1	-1		
101104	1011002	4	-1	-1	-1	0	-1	-1		
101104	1011002	5	-1	-1	-1	0	-1	-1		
101104	1011002	6	-1	-1	-1	0	-1	-1		
101105	1011002	1	-1	-1	-1	0	-1	-1		
101105	1011004	2	-1	-1	-1	0	-1	-1		
101105	1011002	3	-1	-1	-1	0	-1	-1		
101105	1011002	4	-1	-1	-1	0	-1	-1		
101105	1011002	5	-1	-1	-1	0	-1	-1		
101105	1011002	6	-1	-1	-1	0	-1	-1		
101105	1011002	7	-1	-1	-1	0	-1	-1		
101105	1011002	8	-1	-1	-1	0	-1	-1		
101105	1011002	9	-1	-1	-1	0	-1	-1		
101106	1011002	1	-1	-1	-1	0	-1	-1		
101106	1011004	2	-1	-1	-1	0	-1	-1		
101106	1011002	3	-1	-1	-1	0	-1	-1		
101106	1011002	4	-1	-1	-1	0	-1	-1		
101106	1011002	5	-1	-1	-1	0	-1	-1		
101106	1011002	6	-1	-1	-1	0	-1	-1		
101106	1011002	7	-1	-1	-1	0	-1	-1		
101106	1011002	8	-1	-1	-1	0	-1	-1		
101106	1011002	9	-1	-1	-1	0	-1	-1		
102051	1020501	2	-1	-1	-1	0	-1	-1		
102052	1020501	1	-1	-1	-1	0	-1	-1		
102052	1020502	2	-1	-1	-1	0	-1	-1		
102053	1020501	1	-1	-1	-1	0	-1	-1		
102053	1020501	2	-1	-1	-1	0	-1	-1		
102053	1020503	3	-1	-1	-1	0	-1	-1		
102053	1020502	4	-1	-1	-1	0	-1	-1		
102053	1020502	5	-1	-1	-1	0	-1	-1		
102054	1020501	1	-1	-1	-1	0	-1	-1		
102054	1020501	2	-1	-1	-1	0	-1	-1		
102054	1020503	3	-1	-1	-1	0	-1	-1		
102054	1020502	4	-1	-1	-1	0	-1	-1		
102054	1020502	5	-1	-1	-1	0	-1	-1		
102054	1020502	6	-1	-1	-1	0	-1	-1		
102055	1020501	1	-1	-1	-1	0	-1	-1		
102055	1020501	2	-1	-1	-1	0	-1	-1		
102055	1020503	3	-1	-1	-1	0	-1	-1		
102055	1020502	4	-1	-1	-1	0	-1	-1		
102055	1020501	5	-1	-1	-1	0	-1	-1		
102055	1020502	6	-1	-1	-1	0	-1	-1		
102055	1020502	8	-1	-1	-1	0	-1	-1		
102056	1020501	1	-1	-1	-1	0	-1	-1		
102056	1020504	2	-1	-1	-1	0	-1	-1		
102056	1020503	3	-1	-1	-1	0	-1	-1		
102056	1020502	4	-1	-1	-1	0	-1	-1		
102056	1020502	5	-1	-1	-1	0	-1	-1		
102056	1020502	6	-1	-1	-1	0	-1	-1		
102056	1020502	8	-1	-1	-1	0	-1	-1		
102056	1020502	11	-1	-1	-1	0	-1	-1		
102101	1021003	3	-1	-1	-1	0	-1	-1		
102102	1021002	2	-1	-1	-1	0	-1	-1		
102102	1021003	3	-1	-1	-1	0	-1	-1		
102102	1021001	6	-1	-1	-1	0	-1	-1		
102103	1021002	1	-1	-1	-1	0	-1	-1		
102103	1021002	2	-1	-1	-1	0	-1	-1		
102103	1021002	3	-1	-1	-1	0	-1	-1		
102103	1021001	5	-1	-1	-1	0	-1	-1		
102103	1021003	6	-1	-1	-1	0	-1	-1		
102104	1021002	1	-1	-1	-1	0	-1	-1		
102104	1021002	2	-1	-1	-1	0	-1	-1		
102104	1021002	3	-1	-1	-1	0	-1	-1		
102104	1021001	4	-1	-1	-1	0	-1	-1		
102104	1021001	5	-1	-1	-1	0	-1	-1		
102104	1021003	6	-1	-1	-1	0	-1	-1		
102104	1021001	7	-1	-1	-1	0	-1	-1		
102105	1021003	1	-1	-1	-1	0	-1	-1		
102105	1021002	2	-1	-1	-1	0	-1	-1		
102105	1021003	3	-1	-1	-1	0	-1	-1		
102105	1021001	4	-1	-1	-1	0	-1	-1		
102105	1021002	5	-1	-1	-1	0	-1	-1		
102105	1021001	6	-1	-1	-1	0	-1	-1		
102106	1021004	1	-1	-1	-1	0	-1	-1		
102106	1021002	2	-1	-1	-1	0	-1	-1		
102106	1021002	3	-1	-1	-1	0	-1	-1		
102106	1021003	4	-1	-1	-1	0	-1	-1		
102106	1021002	5	-1	-1	-1	0	-1	-1		
102106	1021003	6	-1	-1	-1	0	-1	-1		
102106	1021001	7	-1	-1	-1	0	-1	-1		
102106	1021001	9	-1	-1	-1	0	-1	-1		
102106	1021001	10	-1	-1	-1	0	-1	-1		
102151	1021501	1	-1	-1	-1	0	-1	-1		
102152	1021501	1	-1	-1	-1	0	-1	-1		
102152	1021503	2	-1	-1	-1	0	-1	-1		
102152	1021502	4	-1	-1	-1	0	-1	-1		
102153	1021503	1	-1	-1	-1	0	-1	-1		
102153	1021503	2	-1	-1	-1	0	-1	-1		
102153	1021503	3	-1	-1	-1	0	-1	-1		
102153	1021502	4	-1	-1	-1	0	-1	-1		
102153	1021502	5	-1	-1	-1	0	-1	-1		
102153	1021503	7	-1	-1	-1	0	-1	-1		
102154	1021503	1	-1	-1	-1	0	-1	-1		
102154	1021503	2	-1	-1	-1	0	-1	-1		
102154	1021503	3	-1	-1	-1	0	-1	-1		
102154	1021501	4	-1	-1	-1	0	-1	-1		
102154	1021503	5	-1	-1	-1	0	-1	-1		
102154	1021501	6	-1	-1	-1	0	-1	-1		
102154	1021503	7	-1	-1	-1	0	-1	-1		
102154	1021503	8	-1	-1	-1	0	-1	-1		
102155	1021502	1	-1	-1	-1	0	-1	-1		
102155	1021502	2	-1	-1	-1	0	-1	-1		
102155	1021502	3	-1	-1	-1	0	-1	-1		
102155	1021502	4	-1	-1	-1	0	-1	-1		
102155	1021502	5	-1	-1	-1	0	-1	-1		
102155	1021502	6	-1	-1	-1	0	-1	-1		
102156	1021503	1	-1	-1	-1	0	-1	-1		
102156	1021504	2	-1	-1	-1	0	-1	-1		
102156	1021503	3	-1	-1	-1	0	-1	-1		
102156	1021502	4	-1	-1	-1	0	-1	-1		
102156	1021502	5	-1	-1	-1	0	-1	-1		
102156	1021502	6	-1	-1	-1	0	-1	-1		
102156	1021502	8	-1	-1	-1	0	-1	-1		
102156	1021502	11	-1	-1	-1	0	-1	-1		
103051	1030501	2	-1	-1	-1	0	-1	-1		
103052	1030501	2	-1	-1	-1	0	-1	-1		
103052	1030501	3	-1	-1	-1	0	-1	-1		
103052	1030502	5	-1	-1	-1	0	-1	-1		
103053	1030503	1	-1	-1	-1	0	-1	-1		
103053	1030503	2	-1	-1	-1	0	-1	-1		
103053	1030503	3	-1	-1	-1	0	-1	-1		
103053	1030501	5	-1	-1	-1	0	-1	-1		
103053	1030501	6	-1	-1	-1	0	-1	-1		
103054	1030503	1	-1	-1	-1	0	-1	-1		
103054	1030503	2	-1	-1	-1	0	-1	-1		
103054	1030503	3	-1	-1	-1	0	-1	-1		
103054	1030502	5	-1	-1	-1	0	-1	-1		
103054	1030502	6	-1	-1	-1	0	-1	-1		
103054	1030502	9	-1	-1	-1	0	-1	-1		
103055	1030501	1	-1	-1	-1	0	-1	-1		
103055	1030501	2	-1	-1	-1	0	-1	-1		
103055	1030501	3	-1	-1	-1	0	-1	-1		
103055	1030502	4	-1	-1	-1	0	-1	-1		
103055	1030502	5	-1	-1	-1	0	-1	-1		
103055	1030502	6	-1	-1	-1	0	-1	-1		
103055	1030502	9	-1	-1	-1	0	-1	-1		
103056	1030503	1	-1	-1	-1	0	-1	-1		
103056	1030504	2	-1	-1	-1	0	-1	-1		
103056	1030503	3	-1	-1	-1	0	-1	-1		
103056	1030501	4	-1	-1	-1	0	-1	-1		
103056	1030502	5	-1	-1	-1	0	-1	-1		
103056	1030501	6	-1	-1	-1	0	-1	-1		
103056	1030502	9	-1	-1	-1	0	-1	-1		
103056	1030502	12	-1	-1	-1	0	-1	-1		
103101	1031001	1	-1	-1	-1	0	-1	-1		
103102	1031001	1	-1	-1	-1	0	-1	-1		
103102	1031003	2	-1	-1	-1	0	-1	-1		
103102	1031002	4	-1	-1	-1	0	-1	-1		
103103	1031001	1	-1	-1	-1	0	-1	-1		
103103	1031003	2	-1	-1	-1	0	-1	-1		
103103	1031003	3	-1	-1	-1	0	-1	-1		
103103	1031003	4	-1	-1	-1	0	-1	-1		
103103	1031002	7	-1	-1	-1	0	-1	-1		
103104	1031001	1	-1	-1	-1	0	-1	-1		
103104	1031001	2	-1	-1	-1	0	-1	-1		
103104	1031003	3	-1	-1	-1	0	-1	-1		
103104	1031001	4	-1	-1	-1	0	-1	-1		
103104	1031002	5	-1	-1	-1	0	-1	-1		
103104	1031002	7	-1	-1	-1	0	-1	-1		
103105	1031003	1	-1	-1	-1	0	-1	-1		
103105	1031004	2	-1	-1	-1	0	-1	-1		
103105	1031003	3	-1	-1	-1	0	-1	-1		
103105	1031002	4	-1	-1	-1	0	-1	-1		
103105	1031002	6	-1	-1	-1	0	-1	-1		
103105	1031002	7	-1	-1	-1	0	-1	-1		
103106	1031003	1	-1	-1	-1	0	-1	-1		
103106	1031003	2	-1	-1	-1	0	-1	-1		
103106	1031004	3	-1	-1	-1	0	-1	-1		
103106	1031003	4	-1	-1	-1	0	-1	-1		
103106	1031002	5	-1	-1	-1	0	-1	-1		
103106	1031002	6	-1	-1	-1	0	-1	-1		
103106	1031002	7	-1	-1	-1	0	-1	-1		
103106	1031003	10	-1	-1	-1	0	-1	-1		
103151	1031503	2	-1	-1	-1	0	-1	-1		
103152	1031503	2	-1	-1	-1	0	-1	-1		
103152	1031502	4	-1	-1	-1	0	-1	-1		
103152	1031502	5	-1	-1	-1	0	-1	-1		
103153	1031503	2	-1	-1	-1	0	-1	-1		
103153	1031502	4	-1	-1	-1	0	-1	-1		
103153	1031502	5	-1	-1	-1	0	-1	-1		
103153	1031502	6	-1	-1	-1	0	-1	-1		
103154	1031503	1	-1	-1	-1	0	-1	-1		
103154	1031503	2	-1	-1	-1	0	-1	-1		
103154	1031503	3	-1	-1	-1	0	-1	-1		
103154	1031502	4	-1	-1	-1	0	-1	-1		
103154	1031502	5	-1	-1	-1	0	-1	-1		
103154	1031502	6	-1	-1	-1	0	-1	-1		
103155	1031501	1	-1	-1	-1	0	-1	-1		
103155	1031501	2	-1	-1	-1	0	-1	-1		
103155	1031501	3	-1	-1	-1	0	-1	-1		
103155	1031502	4	-1	-1	-1	0	-1	-1		
103155	1031502	5	-1	-1	-1	0	-1	-1		
103155	1031502	6	-1	-1	-1	0	-1	-1		
103155	1031502	7	-1	-1	-1	0	-1	-1		
103155	1031502	9	-1	-1	-1	0	-1	-1		
103156	1031503	1	-1	-1	-1	0	-1	-1		
103156	1031504	2	-1	-1	-1	0	-1	-1		
103156	1031503	3	-1	-1	-1	0	-1	-1		
103156	1031502	4	-1	-1	-1	0	-1	-1		
103156	1031502	5	-1	-1	-1	0	-1	-1		
103156	1031502	6	-1	-1	-1	0	-1	-1		
103156	1031502	7	-1	-1	-1	0	-1	-1		
103156	1031502	8	-1	-1	-1	0	-1	-1		
103156	1031502	9	-1	-1	-1	0	-1	-1		
103201	1032001	1	-1	-1	-1	0	-1	-1		
103202	1032001	1	-1	-1	-1	0	-1	-1		
103202	1032003	2	-1	-1	-1	0	-1	-1		
103202	1032002	4	-1	-1	-1	0	-1	-1		
103203	1032003	1	-1	-1	-1	0	-1	-1		
103203	1032003	2	-1	-1	-1	0	-1	-1		
103203	1032003	3	-1	-1	-1	0	-1	-1		
103203	1032002	4	-1	-1	-1	0	-1	-1		
103203	1032002	5	-1	-1	-1	0	-1	-1		
103204	1032003	1	-1	-1	-1	0	-1	-1		
103204	1032003	2	-1	-1	-1	0	-1	-1		
103204	1032003	3	-1	-1	-1	0	-1	-1		
103204	1032002	4	-1	-1	-1	0	-1	-1		
103204	1032002	5	-1	-1	-1	0	-1	-1		
103204	1032002	8	-1	-1	-1	0	-1	-1		
103205	1032003	1	-1	-1	-1	0	-1	-1		
103205	1032003	2	-1	-1	-1	0	-1	-1		
103205	1032003	3	-1	-1	-1	0	-1	-1		
103205	1032002	4	-1	-1	-1	0	-1	-1		
103205	1032002	5	-1	-1	-1	0	-1	-1		
103205	1032002	7	-1	-1	-1	0	-1	-1		
103205	1032002	8	-1	-1	-1	0	-1	-1		
103206	1032003	1	-1	-1	-1	0	-1	-1		
103206	1032004	2	-1	-1	-1	0	-1	-1		
103206	1032003	3	-1	-1	-1	0	-1	-1		
103206	1032002	4	-1	-1	-1	0	-1	-1		
103206	1032002	5	-1	-1	-1	0	-1	-1		
103206	1032002	6	-1	-1	-1	0	-1	-1		
103206	1032002	7	-1	-1	-1	0	-1	-1		
103206	1032002	8	-1	-1	-1	0	-1	-1		
103206	1032003	11	-1	-1	-1	0	-1	-1		
104051	1040503	2	-1	-1	-1	0	-1	-1		
104052	1040501	2	-1	-1	-1	0	-1	-1		
104052	1040503	5	-1	-1	-1	0	-1	-1		
104052	1040502	6	-1	-1	-1	0	-1	-1		
104053	1040501	2	-1	-1	-1	0	-1	-1		
104053	1040503	3	-1	-1	-1	0	-1	-1		
104053	1040502	4	-1	-1	-1	0	-1	-1		
104053	1040502	5	-1	-1	-1	0	-1	-1		
104053	1040502	6	-1	-1	-1	0	-1	-1		
104053	1040503	8	-1	-1	-1	0	-1	-1		
104054	1040504	1	-1	-1	-1	0	-1	-1		
104054	1040501	2	-1	-1	-1	0	-1	-1		
104054	1040501	3	-1	-1	-1	0	-1	-1		
104054	1040503	6	-1	-1	-1	0	-1	-1		
104054	1040502	7	-1	-1	-1	0	-1	-1		
104054	1040502	8	-1	-1	-1	0	-1	-1		
104055	1040501	1	-1	-1	-1	0	-1	-1		
104055	1040501	2	-1	-1	-1	0	-1	-1		
104055	1040504	3	-1	-1	-1	0	-1	-1		
104055	1040503	4	-1	-1	-1	0	-1	-1		
104055	1040503	5	-1	-1	-1	0	-1	-1		
104055	1040503	6	-1	-1	-1	0	-1	-1		
104055	1040502	7	-1	-1	-1	0	-1	-1		
104055	1040502	8	-1	-1	-1	0	-1	-1		
104055	1040502	9	-1	-1	-1	0	-1	-1		
104056	1040503	1	-1	-1	-1	0	-1	-1		
104056	1040504	2	-1	-1	-1	0	-1	-1		
104056	1040503	3	-1	-1	-1	0	-1	-1		
104056	1040501	4	-1	-1	-1	0	-1	-1		
104056	1040501	5	-1	-1	-1	0	-1	-1		
104056	1040501	6	-1	-1	-1	0	-1	-1		
104056	1040502	7	-1	-1	-1	0	-1	-1		
104056	1040502	8	-1	-1	-1	0	-1	-1		
104056	1040502	9	-1	-1	-1	0	-1	-1		
104056	1040503	11	-1	-1	-1	0	-1	-1		
104101	1041003	1	-1	-1	-1	0	-1	-1		
104102	1041001	1	-1	-1	-1	0	-1	-1		
104102	1041001	3	-1	-1	-1	0	-1	-1		
104102	1041002	4	-1	-1	-1	0	-1	-1		
104103	1041001	1	-1	-1	-1	0	-1	-1		
104103	1041001	3	-1	-1	-1	0	-1	-1		
104103	1041002	4	-1	-1	-1	0	-1	-1		
104103	1041002	5	-1	-1	-1	0	-1	-1		
104103	1041002	6	-1	-1	-1	0	-1	-1		
104103	1041003	7	-1	-1	-1	0	-1	-1		
104104	1041001	1	-1	-1	-1	0	-1	-1		
104104	1041004	2	-1	-1	-1	0	-1	-1		
104104	1041001	3	-1	-1	-1	0	-1	-1		
104104	1041002	4	-1	-1	-1	0	-1	-1		
104104	1041002	5	-1	-1	-1	0	-1	-1		
104104	1041002	6	-1	-1	-1	0	-1	-1		
104104	1041002	7	-1	-1	-1	0	-1	-1		
104104	1041003	8	-1	-1	-1	0	-1	-1		
104105	1041001	1	-1	-1	-1	0	-1	-1		
104105	1041001	2	-1	-1	-1	0	-1	-1		
104105	1041004	3	-1	-1	-1	0	-1	-1		
104105	1041002	4	-1	-1	-1	0	-1	-1		
104105	1041002	5	-1	-1	-1	0	-1	-1		
104105	1041002	6	-1	-1	-1	0	-1	-1		
104105	1041002	7	-1	-1	-1	0	-1	-1		
104105	1041003	8	-1	-1	-1	0	-1	-1		
104105	1041002	9	-1	-1	-1	0	-1	-1		
104106	1041004	1	-1	-1	-1	0	-1	-1		
104106	1041001	2	-1	-1	-1	0	-1	-1		
104106	1041001	3	-1	-1	-1	0	-1	-1		
104106	1041002	4	-1	-1	-1	0	-1	-1		
104106	1041002	5	-1	-1	-1	0	-1	-1		
104106	1041002	6	-1	-1	-1	0	-1	-1		
104106	1041003	7	-1	-1	-1	0	-1	-1		
104106	1041002	8	-1	-1	-1	0	-1	-1		
104106	1041002	9	-1	-1	-1	0	-1	-1		
104106	1041001	10	-1	-1	-1	0	-1	-1		
104151	1041503	3	-1	-1	-1	0	-1	-1		
104152	1041501	1	-1	-1	-1	0	-1	-1		
104152	1041501	2	-1	-1	-1	0	-1	-1		
104153	1041501	1	-1	-1	-1	0	-1	-1		
104153	1041501	2	-1	-1	-1	0	-1	-1		
104153	1041501	3	-1	-1	-1	0	-1	-1		
104153	1041502	5	-1	-1	-1	0	-1	-1		
104154	1041504	1	-1	-1	-1	0	-1	-1		
104154	1041501	2	-1	-1	-1	0	-1	-1		
104154	1041501	3	-1	-1	-1	0	-1	-1		
104154	1041503	4	-1	-1	-1	0	-1	-1		
104154	1041503	6	-1	-1	-1	0	-1	-1		
104154	1041502	9	-1	-1	-1	0	-1	-1		
104155	1041501	1	-1	-1	-1	0	-1	-1		
104155	1041504	2	-1	-1	-1	0	-1	-1		
104155	1041501	3	-1	-1	-1	0	-1	-1		
104155	1041503	4	-1	-1	-1	0	-1	-1		
104155	1041503	5	-1	-1	-1	0	-1	-1		
104155	1041503	6	-1	-1	-1	0	-1	-1		
104155	1041502	9	-1	-1	-1	0	-1	-1		
104156	1041501	1	-1	-1	-1	0	-1	-1		
104156	1041504	2	-1	-1	-1	0	-1	-1		
104156	1041501	3	-1	-1	-1	0	-1	-1		
104156	1041503	4	-1	-1	-1	0	-1	-1		
104156	1041503	5	-1	-1	-1	0	-1	-1		
104156	1041503	6	-1	-1	-1	0	-1	-1		
104156	1041502	8	-1	-1	-1	0	-1	-1		
104156	1041502	10	-1	-1	-1	0	-1	-1		
104156	1041501	11	-1	-1	-1	0	-1	-1		
104156	1041502	12	-1	-1	-1	0	-1	-1		
104201	1042002	2	-1	-1	-1	0	-1	-1		
104202	1042001	1	-1	-1	-1	0	-1	-1		
104202	1042001	2	-1	-1	-1	0	-1	-1		
104202	1042002	5	-1	-1	-1	0	-1	-1		
104203	1042001	2	-1	-1	-1	0	-1	-1		
104203	1042003	5	-1	-1	-1	0	-1	-1		
104203	1042003	6	-1	-1	-1	0	-1	-1		
104204	1042001	1	-1	-1	-1	0	-1	-1		
104204	1042001	2	-1	-1	-1	0	-1	-1		
104204	1042004	3	-1	-1	-1	0	-1	-1		
104204	1042003	5	-1	-1	-1	0	-1	-1		
104204	1042003	7	-1	-1	-1	0	-1	-1		
104205	1042001	1	-1	-1	-1	0	-1	-1		
104205	1042004	2	-1	-1	-1	0	-1	-1		
104205	1042001	3	-1	-1	-1	0	-1	-1		
104205	1042003	4	-1	-1	-1	0	-1	-1		
104205	1042003	5	-1	-1	-1	0	-1	-1		
104205	1042003	6	-1	-1	-1	0	-1	-1		
104205	1042002	7	-1	-1	-1	0	-1	-1		
104205	1042002	8	-1	-1	-1	0	-1	-1		
104206	1042004	1	-1	-1	-1	0	-1	-1		
104206	1042001	2	-1	-1	-1	0	-1	-1		
104206	1042001	3	-1	-1	-1	0	-1	-1		
104206	1042003	4	-1	-1	-1	0	-1	-1		
104206	1042003	5	-1	-1	-1	0	-1	-1		
104206	1042003	6	-1	-1	-1	0	-1	-1		
104206	1042002	7	-1	-1	-1	0	-1	-1		
104206	1042002	8	-1	-1	-1	0	-1	-1		
104206	1042002	9	-1	-1	-1	0	-1	-1		
104206	1042002	10	-1	-1	-1	0	-1	-1		
104206	1042002	12	-1	-1	-1	0	-1	-1		
104251	1042501	3	-1	-1	-1	0	-1	-1		
104252	1042501	1	-1	-1	-1	0	-1	-1		
104252	1042503	6	-1	-1	-1	0	-1	-1		
104253	1042501	1	-1	-1	-1	0	-1	-1		
104253	1042501	2	-1	-1	-1	0	-1	-1		
104253	1042503	4	-1	-1	-1	0	-1	-1		
104253	1042503	6	-1	-1	-1	0	-1	-1		
104254	1042501	1	-1	-1	-1	0	-1	-1		
104254	1042501	2	-1	-1	-1	0	-1	-1		
104254	1042504	3	-1	-1	-1	0	-1	-1		
104254	1042503	4	-1	-1	-1	0	-1	-1		
104254	1042502	5	-1	-1	-1	0	-1	-1		
104254	1042503	6	-1	-1	-1	0	-1	-1		
104255	1042501	1	-1	-1	-1	0	-1	-1		
104255	1042501	2	-1	-1	-1	0	-1	-1		
104255	1042504	3	-1	-1	-1	0	-1	-1		
104255	1042503	4	-1	-1	-1	0	-1	-1		
104255	1042502	5	-1	-1	-1	0	-1	-1		
104255	1042503	6	-1	-1	-1	0	-1	-1		
104255	1042502	7	-1	-1	-1	0	-1	-1		
104255	1042502	8	-1	-1	-1	0	-1	-1		
104255	1042502	9	-1	-1	-1	0	-1	-1		
104256	1042501	1	-1	-1	-1	0	-1	-1		
104256	1042504	2	-1	-1	-1	0	-1	-1		
104256	1042503	3	-1	-1	-1	0	-1	-1		
104256	1042503	4	-1	-1	-1	0	-1	-1		
104256	1042504	5	-1	-1	-1	0	-1	-1		
104256	1042503	6	-1	-1	-1	0	-1	-1		
104256	1042502	7	-1	-1	-1	0	-1	-1		
104256	1042502	8	-1	-1	-1	0	-1	-1		
104256	1042502	9	-1	-1	-1	0	-1	-1		
104256	1042501	11	-1	-1	-1	0	-1	-1		
105051	1050502	1	-1	-1	-1	0	-1	-1		
105052	1050502	1	-1	-1	-1	0	-1	-1		
105052	1050501	2	-1	-1	-1	0	-1	-1		
105053	1050501	1	-1	-1	-1	0	-1	-1		
105053	1050501	2	-1	-1	-1	0	-1	-1		
105053	1050501	3	-1	-1	-1	0	-1	-1		
105053	1050502	4	-1	-1	-1	0	-1	-1		
105053	1050502	5	-1	-1	-1	0	-1	-1		
105054	1050502	1	-1	-1	-1	0	-1	-1		
105054	1050502	2	-1	-1	-1	0	-1	-1		
105054	1050502	3	-1	-1	-1	0	-1	-1		
105054	1050503	4	-1	-1	-1	0	-1	-1		
105054	1050503	5	-1	-1	-1	0	-1	-1		
105055	1050502	1	-1	-1	-1	0	-1	-1		
105055	1050502	2	-1	-1	-1	0	-1	-1		
105055	1050502	3	-1	-1	-1	0	-1	-1		
105055	1050503	4	-1	-1	-1	0	-1	-1		
105055	1050503	5	-1	-1	-1	0	-1	-1		
105055	1050503	6	-1	-1	-1	0	-1	-1		
105055	1050503	8	-1	-1	-1	0	-1	-1		
105056	1050502	1	-1	-1	-1	0	-1	-1		
105056	1050504	2	-1	-1	-1	0	-1	-1		
105056	1050502	3	-1	-1	-1	0	-1	-1		
105056	1050503	4	-1	-1	-1	0	-1	-1		
105056	1050503	5	-1	-1	-1	0	-1	-1		
105056	1050503	6	-1	-1	-1	0	-1	-1		
105056	1050503	7	-1	-1	-1	0	-1	-1		
105056	1050503	8	-1	-1	-1	0	-1	-1		
105056	1050503	9	-1	-1	-1	0	-1	-1		
105056	1050502	11	-1	-1	-1	0	-1	-1		
105101	1051002	2	-1	-1	-1	0	-1	-1		
105102	1051002	2	-1	-1	-1	0	-1	-1		
105102	1051001	3	-1	-1	-1	0	-1	-1		
105102	1051003	5	-1	-1	-1	0	-1	-1		
105103	1051001	1	-1	-1	-1	0	-1	-1		
105103	1051001	2	-1	-1	-1	0	-1	-1		
105103	1051001	3	-1	-1	-1	0	-1	-1		
105103	1051003	5	-1	-1	-1	0	-1	-1		
105104	1051002	1	-1	-1	-1	0	-1	-1		
105104	1051001	2	-1	-1	-1	0	-1	-1		
105104	1051001	3	-1	-1	-1	0	-1	-1		
105104	1051003	5	-1	-1	-1	0	-1	-1		
105104	1051003	6	-1	-1	-1	0	-1	-1		
105104	1051003	7	-1	-1	-1	0	-1	-1		
105104	1051003	8	-1	-1	-1	0	-1	-1		
105105	1051002	1	-1	-1	-1	0	-1	-1		
105105	1051001	2	-1	-1	-1	0	-1	-1		
105105	1051001	3	-1	-1	-1	0	-1	-1		
105105	1051003	4	-1	-1	-1	0	-1	-1		
105105	1051003	5	-1	-1	-1	0	-1	-1		
105105	1051003	6	-1	-1	-1	0	-1	-1		
105105	1051003	7	-1	-1	-1	0	-1	-1		
105105	1051003	8	-1	-1	-1	0	-1	-1		
105106	1051004	1	-1	-1	-1	0	-1	-1		
105106	1051001	2	-1	-1	-1	0	-1	-1		
105106	1051001	3	-1	-1	-1	0	-1	-1		
105106	1051001	4	-1	-1	-1	0	-1	-1		
105106	1051003	5	-1	-1	-1	0	-1	-1		
105106	1051001	6	-1	-1	-1	0	-1	-1		
105106	1051003	7	-1	-1	-1	0	-1	-1		
105106	1051003	8	-1	-1	-1	0	-1	-1		
105106	1051003	10	-1	-1	-1	0	-1	-1		
105106	1051003	12	-1	-1	-1	0	-1	-1		
105151	1051503	3	-1	-1	-1	0	-1	-1		
105152	1051503	1	-1	-1	-1	0	-1	-1		
105152	1051503	4	-1	-1	-1	0	-1	-1		
105152	1051503	6	-1	-1	-1	0	-1	-1		
105153	1051503	1	-1	-1	-1	0	-1	-1		
105153	1051503	2	-1	-1	-1	0	-1	-1		
105153	1051503	3	-1	-1	-1	0	-1	-1		
105153	1051503	4	-1	-1	-1	0	-1	-1		
105153	1051503	6	-1	-1	-1	0	-1	-1		
105154	1051503	1	-1	-1	-1	0	-1	-1		
105154	1051503	2	-1	-1	-1	0	-1	-1		
105154	1051503	3	-1	-1	-1	0	-1	-1		
105154	1051503	4	-1	-1	-1	0	-1	-1		
105154	1051503	6	-1	-1	-1	0	-1	-1		
105154	1051503	8	-1	-1	-1	0	-1	-1		
105155	1051503	1	-1	-1	-1	0	-1	-1		
105155	1051503	2	-1	-1	-1	0	-1	-1		
105155	1051503	3	-1	-1	-1	0	-1	-1		
105155	1051503	4	-1	-1	-1	0	-1	-1		
105155	1051503	5	-1	-1	-1	0	-1	-1		
105155	1051503	6	-1	-1	-1	0	-1	-1		
105155	1051503	8	-1	-1	-1	0	-1	-1		
105156	1051504	1	-1	-1	-1	0	-1	-1		
105156	1051503	2	-1	-1	-1	0	-1	-1		
105156	1051004	3	-1	-1	-1	0	-1	-1		
105156	1051503	4	-1	-1	-1	0	-1	-1		
105156	1051503	5	-1	-1	-1	0	-1	-1		
105156	1051503	6	-1	-1	-1	0	-1	-1		
105156	1051503	8	-1	-1	-1	0	-1	-1		
105156	1051503	9	-1	-1	-1	0	-1	-1		
105156	1051503	10	-1	-1	-1	0	-1	-1		
105156	1051503	11	-1	-1	-1	0	-1	-1		
105201	1052003	2	-1	-1	-1	0	-1	-1		
105202	1052002	2	-1	-1	-1	0	-1	-1		
105202	1052002	4	-1	-1	-1	0	-1	-1		
105203	1052002	1	-1	-1	-1	0	-1	-1		
105203	1052002	2	-1	-1	-1	0	-1	-1		
105203	1052002	3	-1	-1	-1	0	-1	-1		
105203	1052002	4	-1	-1	-1	0	-1	-1		
105203	1052002	5	-1	-1	-1	0	-1	-1		
105203	1052003	8	-1	-1	-1	0	-1	-1		
105204	1052002	1	-1	-1	-1	0	-1	-1		
105204	1052002	2	-1	-1	-1	0	-1	-1		
105204	1052003	3	-1	-1	-1	0	-1	-1		
105204	1052002	4	-1	-1	-1	0	-1	-1		
105204	1052002	5	-1	-1	-1	0	-1	-1		
105204	1052002	6	-1	-1	-1	0	-1	-1		
105205	1052002	1	-1	-1	-1	0	-1	-1		
105205	1052003	2	-1	-1	-1	0	-1	-1		
105205	1052002	3	-1	-1	-1	0	-1	-1		
105205	1052002	4	-1	-1	-1	0	-1	-1		
105205	1052002	5	-1	-1	-1	0	-1	-1		
105205	1052002	6	-1	-1	-1	0	-1	-1		
105205	1052002	7	-1	-1	-1	0	-1	-1		
105206	1052004	1	-1	-1	-1	0	-1	-1		
105206	1052003	2	-1	-1	-1	0	-1	-1		
105206	1052004	3	-1	-1	-1	0	-1	-1		
105206	1052002	4	-1	-1	-1	0	-1	-1		
105206	1052002	5	-1	-1	-1	0	-1	-1		
105206	1052002	6	-1	-1	-1	0	-1	-1		
105206	1052002	7	-1	-1	-1	0	-1	-1		
105206	1052002	10	-1	-1	-1	0	-1	-1		
105251	1052503	2	-1	-1	-1	0	-1	-1		
105252	1052502	2	-1	-1	-1	0	-1	-1		
105252	1052502	4	-1	-1	-1	0	-1	-1		
105252	1052502	6	-1	-1	-1	0	-1	-1		
105253	1052502	1	-1	-1	-1	0	-1	-1		
105253	1052502	2	-1	-1	-1	0	-1	-1		
105253	1052502	4	-1	-1	-1	0	-1	-1		
105253	1052502	6	-1	-1	-1	0	-1	-1		
105253	1052503	7	-1	-1	-1	0	-1	-1		
105254	1052502	1	-1	-1	-1	0	-1	-1		
105254	1052502	2	-1	-1	-1	0	-1	-1		
105254	1052502	3	-1	-1	-1	0	-1	-1		
105254	1052502	4	-1	-1	-1	0	-1	-1		
105254	1052502	6	-1	-1	-1	0	-1	-1		
105254	1052503	7	-1	-1	-1	0	-1	-1		
105255	1052502	1	-1	-1	-1	0	-1	-1		
105255	1052502	2	-1	-1	-1	0	-1	-1		
105255	1052502	3	-1	-1	-1	0	-1	-1		
105255	1052502	4	-1	-1	-1	0	-1	-1		
105255	1052502	6	-1	-1	-1	0	-1	-1		
105255	1052503	7	-1	-1	-1	0	-1	-1		
105255	1052503	9	-1	-1	-1	0	-1	-1		
105256	1052503	1	-1	-1	-1	0	-1	-1		
105256	1052504	2	-1	-1	-1	0	-1	-1		
105256	1052503	3	-1	-1	-1	0	-1	-1		
105256	1052502	4	-1	-1	-1	0	-1	-1		
105256	1052502	5	-1	-1	-1	0	-1	-1		
105256	1052502	6	-1	-1	-1	0	-1	-1		
105256	1052502	7	-1	-1	-1	0	-1	-1		
105256	1052502	9	-1	-1	-1	0	-1	-1		
105256	1052503	10	-1	-1	-1	0	-1	-1		
105256	1052503	12	-1	-1	-1	0	-1	-1		
106051	1060502	3	-1	-1	-1	0	-1	-1		
106052	1060501	1	-1	-1	-1	0	-1	-1		
106052	1060502	6	-1	-1	-1	0	-1	-1		
106053	1060501	1	-1	-1	-1	0	-1	-1		
106053	1060501	3	-1	-1	-1	0	-1	-1		
106053	1060502	4	-1	-1	-1	0	-1	-1		
106053	1060502	5	-1	-1	-1	0	-1	-1		
106053	1060502	6	-1	-1	-1	0	-1	-1		
106054	1060501	1	-1	-1	-1	0	-1	-1		
106054	1060501	2	-1	-1	-1	0	-1	-1		
106054	1060501	3	-1	-1	-1	0	-1	-1		
106054	1060502	4	-1	-1	-1	0	-1	-1		
106054	1060502	5	-1	-1	-1	0	-1	-1		
106054	1060502	6	-1	-1	-1	0	-1	-1		
106054	1060502	8	-1	-1	-1	0	-1	-1		
106055	1060501	1	-1	-1	-1	0	-1	-1		
106055	1060501	2	-1	-1	-1	0	-1	-1		
106055	1060501	3	-1	-1	-1	0	-1	-1		
106055	1060502	4	-1	-1	-1	0	-1	-1		
106055	1060502	5	-1	-1	-1	0	-1	-1		
106055	1060502	6	-1	-1	-1	0	-1	-1		
106055	1060502	7	-1	-1	-1	0	-1	-1		
106055	1060502	8	-1	-1	-1	0	-1	-1		
106055	1060502	9	-1	-1	-1	0	-1	-1		
106056	1060501	1	-1	-1	-1	0	-1	-1		
106056	1060504	2	-1	-1	-1	0	-1	-1		
106056	1060501	3	-1	-1	-1	0	-1	-1		
106056	1060502	4	-1	-1	-1	0	-1	-1		
106056	1060502	5	-1	-1	-1	0	-1	-1		
106056	1060502	6	-1	-1	-1	0	-1	-1		
106056	1060502	8	-1	-1	-1	0	-1	-1		
106056	1060501	9	-1	-1	-1	0	-1	-1		
106056	1060502	11	-1	-1	-1	0	-1	-1		
106056	1060502	12	-1	-1	-1	0	-1	-1		
106101	1061002	2	-1	-1	-1	0	-1	-1		
106102	1061001	1	-1	-1	-1	0	-1	-1		
106102	1061002	4	-1	-1	-1	0	-1	-1		
106103	1061001	1	-1	-1	-1	0	-1	-1		
106103	1061002	2	-1	-1	-1	0	-1	-1		
106103	1061001	3	-1	-1	-1	0	-1	-1		
106103	1061002	4	-1	-1	-1	0	-1	-1		
106103	1061002	6	-1	-1	-1	0	-1	-1		
106104	1061001	1	-1	-1	-1	0	-1	-1		
106104	1061002	2	-1	-1	-1	0	-1	-1		
106104	1061001	3	-1	-1	-1	0	-1	-1		
106104	1061002	4	-1	-1	-1	0	-1	-1		
106104	1061002	5	-1	-1	-1	0	-1	-1		
106104	1061002	6	-1	-1	-1	0	-1	-1		
106105	1061001	1	-1	-1	-1	0	-1	-1		
106105	1061002	2	-1	-1	-1	0	-1	-1		
106105	1061001	3	-1	-1	-1	0	-1	-1		
106105	1061002	4	-1	-1	-1	0	-1	-1		
106105	1061002	5	-1	-1	-1	0	-1	-1		
106105	1061002	6	-1	-1	-1	0	-1	-1		
106105	1061002	8	-1	-1	-1	0	-1	-1		
106106	1061001	1	-1	-1	-1	0	-1	-1		
106106	1061004	2	-1	-1	-1	0	-1	-1		
106106	1061001	3	-1	-1	-1	0	-1	-1		
106106	1061002	4	-1	-1	-1	0	-1	-1		
106106	1061002	5	-1	-1	-1	0	-1	-1		
106106	1061002	6	-1	-1	-1	0	-1	-1		
106106	1061002	7	-1	-1	-1	0	-1	-1		
106106	1061002	8	-1	-1	-1	0	-1	-1		
106106	1061001	10	-1	-1	-1	0	-1	-1		
106106	1061002	11	-1	-1	-1	0	-1	-1		
106106	1061001	12	-1	-1	-1	0	-1	-1		
106151	1061502	3	-1	-1	-1	0	-1	-1		
106152	1061501	2	-1	-1	-1	0	-1	-1		
106152	1061502	3	-1	-1	-1	0	-1	-1		
106152	1061502	6	-1	-1	-1	0	-1	-1		
106153	1061501	1	-1	-1	-1	0	-1	-1		
106153	1061502	2	-1	-1	-1	0	-1	-1		
106153	1061502	3	-1	-1	-1	0	-1	-1		
106153	1061502	4	-1	-1	-1	0	-1	-1		
106153	1061502	6	-1	-1	-1	0	-1	-1		
106154	1061501	1	-1	-1	-1	0	-1	-1		
106154	1061502	2	-1	-1	-1	0	-1	-1		
106154	1061502	3	-1	-1	-1	0	-1	-1		
106154	1061502	4	-1	-1	-1	0	-1	-1		
106154	1061502	5	-1	-1	-1	0	-1	-1		
106154	1061502	6	-1	-1	-1	0	-1	-1		
106154	1061502	7	-1	-1	-1	0	-1	-1		
106155	1061502	2	-1	-1	-1	0	-1	-1		
106155	1061502	3	-1	-1	-1	0	-1	-1		
106155	1061502	4	-1	-1	-1	0	-1	-1		
106155	1061502	5	-1	-1	-1	0	-1	-1		
106155	1061502	6	-1	-1	-1	0	-1	-1		
106155	1061502	8	-1	-1	-1	0	-1	-1		
106155	1061502	9	-1	-1	-1	0	-1	-1		
106156	1061502	1	-1	-1	-1	0	-1	-1		
106156	1061504	2	-1	-1	-1	0	-1	-1		
106156	1061502	3	-1	-1	-1	0	-1	-1		
106156	1061502	4	-1	-1	-1	0	-1	-1		
106156	1061502	5	-1	-1	-1	0	-1	-1		
106156	1061502	6	-1	-1	-1	0	-1	-1		
106156	1061502	8	-1	-1	-1	0	-1	-1		
106156	1061502	9	-1	-1	-1	0	-1	-1		
106156	1061502	10	-1	-1	-1	0	-1	-1		
106156	1061502	11	-1	-1	-1	0	-1	-1		
106156	1061502	12	-1	-1	-1	0	-1	-1		
106201	1062001	2	-1	-1	-1	0	-1	-1		
106202	1062001	1	-1	-1	-1	0	-1	-1		
106202	1062001	2	-1	-1	-1	0	-1	-1		
106202	1062003	4	-1	-1	-1	0	-1	-1		
106203	1062001	1	-1	-1	-1	0	-1	-1		
106203	1062001	2	-1	-1	-1	0	-1	-1		
106203	1062001	3	-1	-1	-1	0	-1	-1		
106203	1062003	5	-1	-1	-1	0	-1	-1		
106204	1062001	1	-1	-1	-1	0	-1	-1		
106204	1062001	2	-1	-1	-1	0	-1	-1		
106204	1062001	3	-1	-1	-1	0	-1	-1		
106204	1062001	4	-1	-1	-1	0	-1	-1		
106204	1062003	6	-1	-1	-1	0	-1	-1		
106204	1062001	9	-1	-1	-1	0	-1	-1		
106205	1062001	1	-1	-1	-1	0	-1	-1		
106205	1062001	2	-1	-1	-1	0	-1	-1		
106205	1062001	3	-1	-1	-1	0	-1	-1		
106205	1062003	4	-1	-1	-1	0	-1	-1		
106205	1062003	5	-1	-1	-1	0	-1	-1		
106205	1062001	6	-1	-1	-1	0	-1	-1		
106205	1062001	7	-1	-1	-1	0	-1	-1		
106205	1062001	8	-1	-1	-1	0	-1	-1		
106206	1062001	1	-1	-1	-1	0	-1	-1		
106206	1062004	2	-1	-1	-1	0	-1	-1		
106206	1062001	3	-1	-1	-1	0	-1	-1		
106206	1062001	4	-1	-1	-1	0	-1	-1		
106206	1062003	5	-1	-1	-1	0	-1	-1		
106206	1062003	6	-1	-1	-1	0	-1	-1		
106206	1062001	7	-1	-1	-1	0	-1	-1		
106206	1062001	8	-1	-1	-1	0	-1	-1		
106206	1062001	9	-1	-1	-1	0	-1	-1		
106206	1062001	11	-1	-1	-1	0	-1	-1		
106251	1062501	1	-1	-1	-1	0	-1	-1		
106252	1062501	1	-1	-1	-1	0	-1	-1		
106252	1062501	2	-1	-1	-1	0	-1	-1		
106252	1062501	4	-1	-1	-1	0	-1	-1		
106253	1062501	1	-1	-1	-1	0	-1	-1		
106253	1062501	2	-1	-1	-1	0	-1	-1		
106253	1062501	4	-1	-1	-1	0	-1	-1		
106253	1062503	6	-1	-1	-1	0	-1	-1		
106254	1062501	1	-1	-1	-1	0	-1	-1		
106254	1062501	2	-1	-1	-1	0	-1	-1		
106254	1062501	4	-1	-1	-1	0	-1	-1		
106254	1062503	5	-1	-1	-1	0	-1	-1		
106254	1062503	6	-1	-1	-1	0	-1	-1		
106255	1062504	1	-1	-1	-1	0	-1	-1		
106255	1062501	2	-1	-1	-1	0	-1	-1		
106255	1062501	4	-1	-1	-1	0	-1	-1		
106255	1062503	5	-1	-1	-1	0	-1	-1		
106255	1062503	6	-1	-1	-1	0	-1	-1		
106255	1062501	8	-1	-1	-1	0	-1	-1		
106256	1062503	1	-1	-1	-1	0	-1	-1		
106256	1062504	2	-1	-1	-1	0	-1	-1		
106256	1062504	3	-1	-1	-1	0	-1	-1		
106256	1062501	4	-1	-1	-1	0	-1	-1		
106256	1062501	5	-1	-1	-1	0	-1	-1		
106256	1062503	6	-1	-1	-1	0	-1	-1		
106256	1062501	7	-1	-1	-1	0	-1	-1		
106256	1062503	8	-1	-1	-1	0	-1	-1		
106256	1062503	9	-1	-1	-1	0	-1	-1		
106256	1062501	11	-1	-1	-1	0	-1	-1		
106256	1062503	12	-1	-1	-1	0	-1	-1		
107051	1070502	2	-1	-1	-1	0	-1	-1		
107052	1070501	2	-1	-1	-1	0	-1	-1		
107052	1070503	4	-1	-1	-1	0	-1	-1		
107052	1070501	5	-1	-1	-1	0	-1	-1		
107053	1070501	1	-1	-1	-1	0	-1	-1		
107053	1070502	2	-1	-1	-1	0	-1	-1		
107053	1070503	4	-1	-1	-1	0	-1	-1		
107053	1070503	5	-1	-1	-1	0	-1	-1		
107053	1070503	6	-1	-1	-1	0	-1	-1		
107054	1070501	1	-1	-1	-1	0	-1	-1		
107054	1070502	2	-1	-1	-1	0	-1	-1		
107054	1070503	4	-1	-1	-1	0	-1	-1		
107054	1070503	5	-1	-1	-1	0	-1	-1		
107054	1070503	6	-1	-1	-1	0	-1	-1		
107054	1070503	7	-1	-1	-1	0	-1	-1		
107055	1070501	1	-1	-1	-1	0	-1	-1		
107055	1070502	2	-1	-1	-1	0	-1	-1		
107055	1070501	3	-1	-1	-1	0	-1	-1		
107055	1070501	4	-1	-1	-1	0	-1	-1		
107055	1070501	5	-1	-1	-1	0	-1	-1		
107055	1070501	6	-1	-1	-1	0	-1	-1		
107055	1070503	7	-1	-1	-1	0	-1	-1		
107055	1070503	8	-1	-1	-1	0	-1	-1		
107055	1070503	9	-1	-1	-1	0	-1	-1		
107056	1070501	1	-1	-1	-1	0	-1	-1		
107056	1070504	2	-1	-1	-1	0	-1	-1		
107056	1070501	3	-1	-1	-1	0	-1	-1		
107056	1070501	4	-1	-1	-1	0	-1	-1		
107056	1070503	5	-1	-1	-1	0	-1	-1		
107056	1070501	6	-1	-1	-1	0	-1	-1		
107056	1070503	7	-1	-1	-1	0	-1	-1		
107056	1070503	8	-1	-1	-1	0	-1	-1		
107056	1070503	9	-1	-1	-1	0	-1	-1		
107056	1070502	11	-1	-1	-1	0	-1	-1		
107101	1071002	3	-1	-1	-1	0	-1	-1		
107102	1071001	3	-1	-1	-1	0	-1	-1		
107102	1071002	4	-1	-1	-1	0	-1	-1		
107102	1071002	6	-1	-1	-1	0	-1	-1		
107103	1071003	1	-1	-1	-1	0	-1	-1		
107103	1071001	2	-1	-1	-1	0	-1	-1		
107103	1071001	3	-1	-1	-1	0	-1	-1		
107103	1071001	4	-1	-1	-1	0	-1	-1		
107103	1071001	6	-1	-1	-1	0	-1	-1		
107104	1071003	1	-1	-1	-1	0	-1	-1		
107104	1071001	2	-1	-1	-1	0	-1	-1		
107104	1071001	3	-1	-1	-1	0	-1	-1		
107104	1071001	4	-1	-1	-1	0	-1	-1		
107104	1071002	5	-1	-1	-1	0	-1	-1		
107104	1071001	6	-1	-1	-1	0	-1	-1		
107104	1071002	7	-1	-1	-1	0	-1	-1		
107104	1071002	9	-1	-1	-1	0	-1	-1		
107105	1071003	1	-1	-1	-1	0	-1	-1		
107105	1071001	2	-1	-1	-1	0	-1	-1		
107105	1071001	3	-1	-1	-1	0	-1	-1		
107105	1071001	4	-1	-1	-1	0	-1	-1		
107105	1071002	5	-1	-1	-1	0	-1	-1		
107105	1071001	6	-1	-1	-1	0	-1	-1		
107105	1071002	7	-1	-1	-1	0	-1	-1		
107105	1071002	9	-1	-1	-1	0	-1	-1		
107106	1071004	1	-1	-1	-1	0	-1	-1		
107106	1071001	2	-1	-1	-1	0	-1	-1		
107106	1071003	3	-1	-1	-1	0	-1	-1		
107106	1071001	4	-1	-1	-1	0	-1	-1		
107106	1071002	5	-1	-1	-1	0	-1	-1		
107106	1071001	6	-1	-1	-1	0	-1	-1		
107106	1071002	7	-1	-1	-1	0	-1	-1		
107106	1071001	8	-1	-1	-1	0	-1	-1		
107106	1071002	9	-1	-1	-1	0	-1	-1		
107106	1071002	11	-1	-1	-1	0	-1	-1		
107151	1071503	1	-1	-1	-1	0	-1	-1		
107152	1071501	1	-1	-1	-1	0	-1	-1		
107152	1071502	2	-1	-1	-1	0	-1	-1		
107152	1071503	4	-1	-1	-1	0	-1	-1		
107153	1071501	1	-1	-1	-1	0	-1	-1		
107153	1071501	2	-1	-1	-1	0	-1	-1		
107153	1071501	3	-1	-1	-1	0	-1	-1		
107153	1071503	4	-1	-1	-1	0	-1	-1		
107153	1071502	5	-1	-1	-1	0	-1	-1		
107153	1071503	6	-1	-1	-1	0	-1	-1		
107154	1071501	1	-1	-1	-1	0	-1	-1		
107154	1071501	2	-1	-1	-1	0	-1	-1		
107154	1071501	3	-1	-1	-1	0	-1	-1		
107154	1071503	4	-1	-1	-1	0	-1	-1		
107154	1071502	5	-1	-1	-1	0	-1	-1		
107154	1071503	6	-1	-1	-1	0	-1	-1		
107154	1071503	7	-1	-1	-1	0	-1	-1		
107154	1071503	9	-1	-1	-1	0	-1	-1		
107155	1071501	1	-1	-1	-1	0	-1	-1		
107155	1071501	2	-1	-1	-1	0	-1	-1		
107155	1071501	3	-1	-1	-1	0	-1	-1		
107155	1071503	4	-1	-1	-1	0	-1	-1		
107155	1071503	5	-1	-1	-1	0	-1	-1		
107155	1071503	6	-1	-1	-1	0	-1	-1		
107155	1071503	7	-1	-1	-1	0	-1	-1		
107155	1071503	9	-1	-1	-1	0	-1	-1		
107156	1071501	1	-1	-1	-1	0	-1	-1		
107156	1071504	2	-1	-1	-1	0	-1	-1		
107156	1071501	3	-1	-1	-1	0	-1	-1		
107156	1071503	4	-1	-1	-1	0	-1	-1		
107156	1071502	5	-1	-1	-1	0	-1	-1		
107156	1071503	6	-1	-1	-1	0	-1	-1		
107156	1071503	8	-1	-1	-1	0	-1	-1		
107156	1071503	11	-1	-1	-1	0	-1	-1		
107201	1072002	2	-1	-1	-1	0	-1	-1		
107202	1072001	2	-1	-1	-1	0	-1	-1		
107202	1072002	3	-1	-1	-1	0	-1	-1		
107202	1072002	5	-1	-1	-1	0	-1	-1		
107203	1072001	2	-1	-1	-1	0	-1	-1		
107203	1072002	4	-1	-1	-1	0	-1	-1		
107203	1072003	5	-1	-1	-1	0	-1	-1		
107203	1072002	6	-1	-1	-1	0	-1	-1		
107204	1072001	1	-1	-1	-1	0	-1	-1		
107204	1072001	2	-1	-1	-1	0	-1	-1		
107204	1072001	3	-1	-1	-1	0	-1	-1		
107204	1072002	4	-1	-1	-1	0	-1	-1		
107204	1072003	5	-1	-1	-1	0	-1	-1		
107204	1072002	6	-1	-1	-1	0	-1	-1		
107204	1072002	8	-1	-1	-1	0	-1	-1		
107205	1072004	1	-1	-1	-1	0	-1	-1		
107205	1072001	2	-1	-1	-1	0	-1	-1		
107205	1072004	3	-1	-1	-1	0	-1	-1		
107205	1072002	4	-1	-1	-1	0	-1	-1		
107205	1072003	5	-1	-1	-1	0	-1	-1		
107205	1072002	6	-1	-1	-1	0	-1	-1		
107205	1072002	8	-1	-1	-1	0	-1	-1		
107205	1072002	9	-1	-1	-1	0	-1	-1		
107206	1072004	1	-1	-1	-1	0	-1	-1		
107206	1072004	2	-1	-1	-1	0	-1	-1		
107206	1072004	3	-1	-1	-1	0	-1	-1		
107206	1072002	4	-1	-1	-1	0	-1	-1		
107206	1072002	5	-1	-1	-1	0	-1	-1		
107206	1072001	6	-1	-1	-1	0	-1	-1		
107206	1072003	7	-1	-1	-1	0	-1	-1		
107206	1072003	8	-1	-1	-1	0	-1	-1		
107206	1072002	10	-1	-1	-1	0	-1	-1		
107206	1072002	12	-1	-1	-1	0	-1	-1		
107251	1072502	2	-1	-1	-1	0	-1	-1		
107252	1072501	1	-1	-1	-1	0	-1	-1		
107252	1072501	2	-1	-1	-1	0	-1	-1		
107252	1072501	3	-1	-1	-1	0	-1	-1		
107253	1072501	1	-1	-1	-1	0	-1	-1		
107253	1072501	2	-1	-1	-1	0	-1	-1		
107253	1072501	3	-1	-1	-1	0	-1	-1		
107253	1072502	4	-1	-1	-1	0	-1	-1		
107253	1072502	6	-1	-1	-1	0	-1	-1		
107254	1072501	1	-1	-1	-1	0	-1	-1		
107254	1072504	2	-1	-1	-1	0	-1	-1		
107254	1072501	3	-1	-1	-1	0	-1	-1		
107254	1072502	4	-1	-1	-1	0	-1	-1		
107254	1072503	5	-1	-1	-1	0	-1	-1		
107254	1072502	6	-1	-1	-1	0	-1	-1		
107254	1072503	8	-1	-1	-1	0	-1	-1		
107255	1072504	1	-1	-1	-1	0	-1	-1		
107255	1072501	2	-1	-1	-1	0	-1	-1		
107255	1072504	3	-1	-1	-1	0	-1	-1		
107255	1072502	4	-1	-1	-1	0	-1	-1		
107255	1072503	5	-1	-1	-1	0	-1	-1		
107255	1072502	6	-1	-1	-1	0	-1	-1		
107255	1072503	7	-1	-1	-1	0	-1	-1		
107255	1072503	8	-1	-1	-1	0	-1	-1		
107256	1072504	1	-1	-1	-1	0	-1	-1		
107256	1072504	2	-1	-1	-1	0	-1	-1		
107256	1072504	3	-1	-1	-1	0	-1	-1		
107256	1072502	4	-1	-1	-1	0	-1	-1		
107256	1072503	5	-1	-1	-1	0	-1	-1		
107256	1072502	6	-1	-1	-1	0	-1	-1		
107256	1072503	7	-1	-1	-1	0	-1	-1		
107256	1072503	8	-1	-1	-1	0	-1	-1		
107256	1072503	11	-1	-1	-1	0	-1	-1		
108051	1080502	2	-1	-1	-1	0	-1	-1		
108052	1080501	2	-1	-1	-1	0	-1	-1		
108052	1080502	4	-1	-1	-1	0	-1	-1		
108052	1080502	6	-1	-1	-1	0	-1	-1		
108053	1080501	1	-1	-1	-1	0	-1	-1		
108053	1080501	2	-1	-1	-1	0	-1	-1		
108053	1080501	3	-1	-1	-1	0	-1	-1		
108053	1080502	4	-1	-1	-1	0	-1	-1		
108053	1080502	6	-1	-1	-1	0	-1	-1		
108054	1080501	1	-1	-1	-1	0	-1	-1		
108054	1080501	2	-1	-1	-1	0	-1	-1		
108054	1080504	3	-1	-1	-1	0	-1	-1		
108054	1080502	4	-1	-1	-1	0	-1	-1		
108054	1080502	5	-1	-1	-1	0	-1	-1		
108054	1080502	6	-1	-1	-1	0	-1	-1		
108055	1080504	1	-1	-1	-1	0	-1	-1		
108055	1080504	2	-1	-1	-1	0	-1	-1		
108055	1080501	3	-1	-1	-1	0	-1	-1		
108055	1080502	4	-1	-1	-1	0	-1	-1		
108055	1080502	5	-1	-1	-1	0	-1	-1		
108055	1080502	6	-1	-1	-1	0	-1	-1		
108055	1080504	8	-1	-1	-1	0	-1	-1		
108056	1080501	1	-1	-1	-1	0	-1	-1		
108056	1080504	2	-1	-1	-1	0	-1	-1		
108056	1080501	3	-1	-1	-1	0	-1	-1		
108056	1080502	4	-1	-1	-1	0	-1	-1		
108056	1080502	5	-1	-1	-1	0	-1	-1		
108056	1080502	6	-1	-1	-1	0	-1	-1		
108056	1080502	7	-1	-1	-1	0	-1	-1		
108056	1080502	8	-1	-1	-1	0	-1	-1		
108056	1080502	9	-1	-1	-1	0	-1	-1		
108056	1080503	11	-1	-1	-1	0	-1	-1		
108101	1081003	1	-1	-1	-1	0	-1	-1		
108102	1081001	1	-1	-1	-1	0	-1	-1		
108102	1081002	5	-1	-1	-1	0	-1	-1		
108103	1081002	1	-1	-1	-1	0	-1	-1		
108103	1081002	3	-1	-1	-1	0	-1	-1		
108103	1081003	4	-1	-1	-1	0	-1	-1		
108103	1081002	5	-1	-1	-1	0	-1	-1		
108103	1081003	8	-1	-1	-1	0	-1	-1		
108103	1081003	9	-1	-1	-1	0	-1	-1		
108104	1081004	1	-1	-1	-1	0	-1	-1		
108104	1081002	3	-1	-1	-1	0	-1	-1		
108104	1081002	5	-1	-1	-1	0	-1	-1		
108104	1081003	7	-1	-1	-1	0	-1	-1		
108104	1081003	8	-1	-1	-1	0	-1	-1		
108104	1081003	9	-1	-1	-1	0	-1	-1		
108105	1081002	1	-1	-1	-1	0	-1	-1		
108105	1081004	2	-1	-1	-1	0	-1	-1		
108105	1081002	3	-1	-1	-1	0	-1	-1		
108105	1081003	4	-1	-1	-1	0	-1	-1		
108105	1081002	5	-1	-1	-1	0	-1	-1		
108105	1081003	7	-1	-1	-1	0	-1	-1		
108105	1081003	8	-1	-1	-1	0	-1	-1		
108105	1081003	9	-1	-1	-1	0	-1	-1		
108106	1081002	1	-1	-1	-1	0	-1	-1		
108106	1081004	2	-1	-1	-1	0	-1	-1		
108106	1081002	3	-1	-1	-1	0	-1	-1		
108106	1081004	4	-1	-1	-1	0	-1	-1		
108106	1081002	5	-1	-1	-1	0	-1	-1		
108106	1081003	7	-1	-1	-1	0	-1	-1		
108106	1081003	8	-1	-1	-1	0	-1	-1		
108106	1081003	9	-1	-1	-1	0	-1	-1		
108106	1081003	11	-1	-1	-1	0	-1	-1		
108151	1081502	2	-1	-1	-1	0	-1	-1		
108152	1081501	1	-1	-1	-1	0	-1	-1		
108152	1081501	2	-1	-1	-1	0	-1	-1		
108152	1081503	5	-1	-1	-1	0	-1	-1		
108153	1081501	1	-1	-1	-1	0	-1	-1		
108153	1081502	2	-1	-1	-1	0	-1	-1		
108153	1081501	3	-1	-1	-1	0	-1	-1		
108153	1081503	5	-1	-1	-1	0	-1	-1		
108153	1081503	6	-1	-1	-1	0	-1	-1		
108154	1080504	1	-1	-1	-1	0	-1	-1		
108154	1081502	2	-1	-1	-1	0	-1	-1		
108154	1081502	3	-1	-1	-1	0	-1	-1		
108154	1081503	5	-1	-1	-1	0	-1	-1		
108154	1081503	6	-1	-1	-1	0	-1	-1		
108154	1081503	9	-1	-1	-1	0	-1	-1		
108155	1081004	1	-1	-1	-1	0	-1	-1		
108155	1081502	2	-1	-1	-1	0	-1	-1		
108155	1081502	3	-1	-1	-1	0	-1	-1		
108155	1081503	4	-1	-1	-1	0	-1	-1		
108155	1081503	5	-1	-1	-1	0	-1	-1		
108155	1081503	6	-1	-1	-1	0	-1	-1		
108155	1081503	9	-1	-1	-1	0	-1	-1		
108156	1081504	1	-1	-1	-1	0	-1	-1		
108156	1080504	2	-1	-1	-1	0	-1	-1		
108156	1081004	3	-1	-1	-1	0	-1	-1		
108156	1081503	4	-1	-1	-1	0	-1	-1		
108156	1081503	5	-1	-1	-1	0	-1	-1		
108156	1081503	6	-1	-1	-1	0	-1	-1		
108156	1081503	7	-1	-1	-1	0	-1	-1		
108156	1081503	9	-1	-1	-1	0	-1	-1		
108156	1081503	10	-1	-1	-1	0	-1	-1		
108201	1082002	2	-1	-1	-1	0	-1	-1		
108202	1082001	2	-1	-1	-1	0	-1	-1		
108202	1082003	3	-1	-1	-1	0	-1	-1		
108202	1082002	4	-1	-1	-1	0	-1	-1		
108203	1082003	1	-1	-1	-1	0	-1	-1		
108203	1082001	2	-1	-1	-1	0	-1	-1		
108203	1082003	3	-1	-1	-1	0	-1	-1		
108203	1082002	4	-1	-1	-1	0	-1	-1		
108203	1082002	5	-1	-1	-1	0	-1	-1		
108204	1082003	1	-1	-1	-1	0	-1	-1		
108204	1082001	2	-1	-1	-1	0	-1	-1		
108204	1082003	3	-1	-1	-1	0	-1	-1		
108204	1082002	4	-1	-1	-1	0	-1	-1		
108204	1082002	5	-1	-1	-1	0	-1	-1		
108204	1082002	6	-1	-1	-1	0	-1	-1		
108204	1082002	8	-1	-1	-1	0	-1	-1		
108205	1082003	1	-1	-1	-1	0	-1	-1		
108205	1082003	2	-1	-1	-1	0	-1	-1		
108205	1081004	3	-1	-1	-1	0	-1	-1		
108205	1082002	4	-1	-1	-1	0	-1	-1		
108205	1082002	5	-1	-1	-1	0	-1	-1		
108205	1082002	6	-1	-1	-1	0	-1	-1		
108205	1082002	7	-1	-1	-1	0	-1	-1		
108205	1082002	8	-1	-1	-1	0	-1	-1		
108206	1082004	1	-1	-1	-1	0	-1	-1		
108206	1081004	2	-1	-1	-1	0	-1	-1		
108206	1081504	3	-1	-1	-1	0	-1	-1		
108206	1082002	4	-1	-1	-1	0	-1	-1		
108206	1082002	5	-1	-1	-1	0	-1	-1		
108206	1082002	6	-1	-1	-1	0	-1	-1		
108206	1082002	7	-1	-1	-1	0	-1	-1		
108206	1082002	8	-1	-1	-1	0	-1	-1		
108206	1082003	10	-1	-1	-1	0	-1	-1		
108251	1082503	1	-1	-1	-1	0	-1	-1		
108252	1082501	1	-1	-1	-1	0	-1	-1		
108252	1082503	2	-1	-1	-1	0	-1	-1		
108252	1082502	4	-1	-1	-1	0	-1	-1		
108253	1082503	1	-1	-1	-1	0	-1	-1		
108253	1082503	2	-1	-1	-1	0	-1	-1		
108253	1082503	3	-1	-1	-1	0	-1	-1		
108253	1082502	4	-1	-1	-1	0	-1	-1		
108253	1082502	6	-1	-1	-1	0	-1	-1		
108254	1082503	1	-1	-1	-1	0	-1	-1		
108254	1082501	2	-1	-1	-1	0	-1	-1		
108254	1082503	3	-1	-1	-1	0	-1	-1		
108254	1082502	4	-1	-1	-1	0	-1	-1		
108254	1082503	5	-1	-1	-1	0	-1	-1		
108254	1082502	6	-1	-1	-1	0	-1	-1		
108254	1082502	7	-1	-1	-1	0	-1	-1		
108255	1080504	1	-1	-1	-1	0	-1	-1		
108255	1082501	2	-1	-1	-1	0	-1	-1		
108255	1081004	3	-1	-1	-1	0	-1	-1		
108255	1082502	4	-1	-1	-1	0	-1	-1		
108255	1082503	5	-1	-1	-1	0	-1	-1		
108255	1082502	6	-1	-1	-1	0	-1	-1		
108255	1082502	7	-1	-1	-1	0	-1	-1		
108255	1082503	8	-1	-1	-1	0	-1	-1		
108256	1082504	1	-1	-1	-1	0	-1	-1		
108256	1081004	2	-1	-1	-1	0	-1	-1		
108256	1081504	3	-1	-1	-1	0	-1	-1		
108256	1082503	4	-1	-1	-1	0	-1	-1		
108256	1082503	5	-1	-1	-1	0	-1	-1		
108256	1082502	6	-1	-1	-1	0	-1	-1		
108256	1082503	7	-1	-1	-1	0	-1	-1		
108256	1082503	8	-1	-1	-1	0	-1	-1		
108256	1082503	10	-1	-1	-1	0	-1	-1		
10001	2074701	3	-1	-1	-1	0	-1	-1		
10002	50017	2	-1	-1	-1	0	-1	-1		
109051	1090501	2	-1	-1	-1	0	-1	-1		
109052	1090501	2	-1	-1	-1	0	-1	-1		
109052	1090502	4	-1	-1	-1	0	-1	-1		
109052	1090502	6	-1	-1	-1	0	-1	-1		
109053	1090501	1	-1	-1	-1	0	-1	-1		
109053	1090501	2	-1	-1	-1	0	-1	-1		
109053	1090501	3	-1	-1	-1	0	-1	-1		
109053	1090502	4	-1	-1	-1	0	-1	-1		
109053	1090502	6	-1	-1	-1	0	-1	-1		
109054	1090501	1	-1	-1	-1	0	-1	-1		
109054	1090501	2	-1	-1	-1	0	-1	-1		
109054	1090504	3	-1	-1	-1	0	-1	-1		
109054	1090502	4	-1	-1	-1	0	-1	-1		
109054	1090502	5	-1	-1	-1	0	-1	-1		
109054	1090502	6	-1	-1	-1	0	-1	-1		
109055	1090504	1	-1	-1	-1	0	-1	-1		
109055	1090504	2	-1	-1	-1	0	-1	-1		
109055	1090501	3	-1	-1	-1	0	-1	-1		
109055	1090502	4	-1	-1	-1	0	-1	-1		
109055	1090502	5	-1	-1	-1	0	-1	-1		
109055	1090502	6	-1	-1	-1	0	-1	-1		
109055	1090504	8	-1	-1	-1	0	-1	-1		
109056	1090501	1	-1	-1	-1	0	-1	-1		
109056	1090504	2	-1	-1	-1	0	-1	-1		
109056	1090501	3	-1	-1	-1	0	-1	-1		
109056	1090502	4	-1	-1	-1	0	-1	-1		
109056	1090502	5	-1	-1	-1	0	-1	-1		
109056	1090502	6	-1	-1	-1	0	-1	-1		
109056	1090502	7	-1	-1	-1	0	-1	-1		
109056	1090502	8	-1	-1	-1	0	-1	-1		
109056	1090502	9	-1	-1	-1	0	-1	-1		
109056	1090503	11	-1	-1	-1	0	-1	-1		
109101	1091003	1	-1	-1	-1	0	-1	-1		
109102	1091001	1	-1	-1	-1	0	-1	-1		
109102	1091002	5	-1	-1	-1	0	-1	-1		
109103	1091002	1	-1	-1	-1	0	-1	-1		
109103	1091002	3	-1	-1	-1	0	-1	-1		
109103	1091003	4	-1	-1	-1	0	-1	-1		
109103	1091002	5	-1	-1	-1	0	-1	-1		
109103	1091003	8	-1	-1	-1	0	-1	-1		
109103	1091003	9	-1	-1	-1	0	-1	-1		
109104	1091004	1	-1	-1	-1	0	-1	-1		
109104	1091002	3	-1	-1	-1	0	-1	-1		
109104	1091002	5	-1	-1	-1	0	-1	-1		
109104	1091003	7	-1	-1	-1	0	-1	-1		
109104	1091003	8	-1	-1	-1	0	-1	-1		
109104	1091003	9	-1	-1	-1	0	-1	-1		
109105	1091002	1	-1	-1	-1	0	-1	-1		
109105	1091004	2	-1	-1	-1	0	-1	-1		
109105	1091002	3	-1	-1	-1	0	-1	-1		
109105	1091003	4	-1	-1	-1	0	-1	-1		
109105	1091002	5	-1	-1	-1	0	-1	-1		
109105	1091003	7	-1	-1	-1	0	-1	-1		
109105	1091003	8	-1	-1	-1	0	-1	-1		
109105	1091003	9	-1	-1	-1	0	-1	-1		
109106	1091002	1	-1	-1	-1	0	-1	-1		
109106	1091004	2	-1	-1	-1	0	-1	-1		
109106	1091002	3	-1	-1	-1	0	-1	-1		
109106	1091004	4	-1	-1	-1	0	-1	-1		
109106	1091002	5	-1	-1	-1	0	-1	-1		
109106	1091003	7	-1	-1	-1	0	-1	-1		
109106	1091003	8	-1	-1	-1	0	-1	-1		
109106	1091003	9	-1	-1	-1	0	-1	-1		
109106	1091003	11	-1	-1	-1	0	-1	-1		
109151	1091502	2	-1	-1	-1	0	-1	-1		
109152	1091501	1	-1	-1	-1	0	-1	-1		
109152	1091501	2	-1	-1	-1	0	-1	-1		
109152	1091503	5	-1	-1	-1	0	-1	-1		
109153	1091501	1	-1	-1	-1	0	-1	-1		
109153	1091502	2	-1	-1	-1	0	-1	-1		
109153	1091501	3	-1	-1	-1	0	-1	-1		
109153	1091503	5	-1	-1	-1	0	-1	-1		
109153	1091503	6	-1	-1	-1	0	-1	-1		
109154	1090504	1	-1	-1	-1	0	-1	-1		
109154	1091502	2	-1	-1	-1	0	-1	-1		
109154	1091502	3	-1	-1	-1	0	-1	-1		
109154	1091503	5	-1	-1	-1	0	-1	-1		
109154	1091503	6	-1	-1	-1	0	-1	-1		
109154	1091503	9	-1	-1	-1	0	-1	-1		
109155	1091004	1	-1	-1	-1	0	-1	-1		
109155	1091502	2	-1	-1	-1	0	-1	-1		
109155	1091502	3	-1	-1	-1	0	-1	-1		
109155	1091503	4	-1	-1	-1	0	-1	-1		
109155	1091503	5	-1	-1	-1	0	-1	-1		
109155	1091503	6	-1	-1	-1	0	-1	-1		
109155	1091503	9	-1	-1	-1	0	-1	-1		
109156	1091504	1	-1	-1	-1	0	-1	-1		
109156	1090504	2	-1	-1	-1	0	-1	-1		
109156	1091004	3	-1	-1	-1	0	-1	-1		
109156	1091503	4	-1	-1	-1	0	-1	-1		
109156	1091503	5	-1	-1	-1	0	-1	-1		
109156	1091503	6	-1	-1	-1	0	-1	-1		
109156	1091503	7	-1	-1	-1	0	-1	-1		
109156	1091503	9	-1	-1	-1	0	-1	-1		
109156	1091503	10	-1	-1	-1	0	-1	-1		
109201	1092002	2	-1	-1	-1	0	-1	-1		
109202	1092001	2	-1	-1	-1	0	-1	-1		
109202	1092003	3	-1	-1	-1	0	-1	-1		
109202	1092002	4	-1	-1	-1	0	-1	-1		
109203	1092003	1	-1	-1	-1	0	-1	-1		
109203	1092001	2	-1	-1	-1	0	-1	-1		
109203	1092003	3	-1	-1	-1	0	-1	-1		
109203	1092002	4	-1	-1	-1	0	-1	-1		
109203	1092002	5	-1	-1	-1	0	-1	-1		
109204	1092003	1	-1	-1	-1	0	-1	-1		
109204	1092001	2	-1	-1	-1	0	-1	-1		
109204	1092003	3	-1	-1	-1	0	-1	-1		
109204	1092002	4	-1	-1	-1	0	-1	-1		
109204	1092002	5	-1	-1	-1	0	-1	-1		
109204	1092002	6	-1	-1	-1	0	-1	-1		
109204	1092002	8	-1	-1	-1	0	-1	-1		
109205	1092003	1	-1	-1	-1	0	-1	-1		
109205	1092003	2	-1	-1	-1	0	-1	-1		
109205	1091004	3	-1	-1	-1	0	-1	-1		
109205	1092002	4	-1	-1	-1	0	-1	-1		
109205	1092002	5	-1	-1	-1	0	-1	-1		
109205	1092002	6	-1	-1	-1	0	-1	-1		
109205	1092002	7	-1	-1	-1	0	-1	-1		
109205	1092002	8	-1	-1	-1	0	-1	-1		
109206	1092004	1	-1	-1	-1	0	-1	-1		
109206	1091004	2	-1	-1	-1	0	-1	-1		
109206	1091504	3	-1	-1	-1	0	-1	-1		
109206	1092002	4	-1	-1	-1	0	-1	-1		
109206	1092002	5	-1	-1	-1	0	-1	-1		
109206	1092002	6	-1	-1	-1	0	-1	-1		
109206	1092002	7	-1	-1	-1	0	-1	-1		
109206	1092002	8	-1	-1	-1	0	-1	-1		
109206	1092003	10	-1	-1	-1	0	-1	-1		
109251	1092503	1	-1	-1	-1	0	-1	-1		
109252	1092501	1	-1	-1	-1	0	-1	-1		
109252	1092503	2	-1	-1	-1	0	-1	-1		
109252	1092502	4	-1	-1	-1	0	-1	-1		
109253	1092503	1	-1	-1	-1	0	-1	-1		
109253	1092503	2	-1	-1	-1	0	-1	-1		
109253	1092503	3	-1	-1	-1	0	-1	-1		
109253	1092502	4	-1	-1	-1	0	-1	-1		
109253	1092502	6	-1	-1	-1	0	-1	-1		
109254	1092503	1	-1	-1	-1	0	-1	-1		
109254	1092501	2	-1	-1	-1	0	-1	-1		
109254	1092503	3	-1	-1	-1	0	-1	-1		
109254	1092502	4	-1	-1	-1	0	-1	-1		
109254	1092503	5	-1	-1	-1	0	-1	-1		
109254	1092502	6	-1	-1	-1	0	-1	-1		
109254	1092502	7	-1	-1	-1	0	-1	-1		
109255	1090504	1	-1	-1	-1	0	-1	-1		
109255	1092501	2	-1	-1	-1	0	-1	-1		
109255	1091004	3	-1	-1	-1	0	-1	-1		
109255	1092502	4	-1	-1	-1	0	-1	-1		
109255	1092503	5	-1	-1	-1	0	-1	-1		
109255	1092502	6	-1	-1	-1	0	-1	-1		
109255	1092502	7	-1	-1	-1	0	-1	-1		
109255	1092503	8	-1	-1	-1	0	-1	-1		
109256	1092504	1	-1	-1	-1	0	-1	-1		
109256	1091004	2	-1	-1	-1	0	-1	-1		
109256	1091504	3	-1	-1	-1	0	-1	-1		
109256	1092503	4	-1	-1	-1	0	-1	-1		
109256	1092503	5	-1	-1	-1	0	-1	-1		
109256	1092502	6	-1	-1	-1	0	-1	-1		
109256	1092503	7	-1	-1	-1	0	-1	-1		
109256	1092503	8	-1	-1	-1	0	-1	-1		
109256	1092503	10	-1	-1	-1	0	-1	-1		
1000101	3010101	3	-1	-1	-1	0	-1	15		
1000101	3010101	6	-1	-1	-1	0	-1	16		
1000101	3010101	9	-1	-1	-1	0	-1	20		
1000102	3010301	1	-1	-1	-1	0	-1	15		
1000102	3010101	2	-1	-1	-1	0	-1	16		
1000102	3010101	3	-1	-1	-1	0	-1	17		
1000102	3010201	5	-1	-1	-1	0	-1	-1		
1000102	3010201	6	-1	-1	-1	0	-1	-1		
1000102	3010101	9	-1	-1	-1	0	-1	23		
1000201	3010201	1	-1	-1	-1	0	-1	-1		
1000201	3010201	2	-1	-1	-1	0	-1	-1		
1000201	3010101	5	-1	-1	-1	0	-1	-1		
1000201	3010201	3	-1	-1	-1	0	-1	-1		
1000202	3010301	1	-1	-1	-1	0	-1	16		
1000202	3010101	2	-1	-1	-1	0	-1	17		
1000202	3010301	3	-1	-1	-1	0	-1	18		
1000202	3010101	4	-1	-1	-1	0	-1	-1		
1000202	3010201	5	-1	-1	-1	0	-1	20		
1000202	3010101	6	-1	-1	-1	0	-1	22		
1000202	3010101	8	-1	-1	-1	0	-1	-1		
1000301	3010102	1	-1	-1	-1	0	-1	-1		
1000301	3010202	2	-1	-1	-1	0	-1	-1		
1000301	3010102	3	-1	-1	-1	0	-1	15		
1000301	3010202	4	-1	-1	-1	0	-1	16		
1000301	3010202	5	-1	-1	-1	0	-1	17		
1000301	3010202	6	-1	-1	-1	0	-1	-1		
1000302	3010302	1	-1	-1	-1	0	-1	-1		
1000302	3010302	2	-1	-1	-1	0	-1	-1		
1000302	3010302	3	-1	-1	-1	0	-1	-1		
1000302	3010202	4	-1	-1	-1	0	-1	-1		
1000302	3010202	5	-1	-1	-1	0	-1	-1		
1000302	3010202	6	-1	-1	-1	0	-1	15		
1000401	3010302	1	-1	-1	-1	0	-1	16		
1000401	3010302	2	-1	-1	-1	0	-1	17		
1000401	3010102	3	-1	-1	-1	0	-1	18		
1000401	3010202	6	-1	-1	-1	0	-1	19		
1000402	3010302	1	-1	-1	-1	0	-1	-1		
1000402	3010302	2	-1	-1	-1	0	-1	-1		
1000402	3010303	3	-1	-1	-1	0	-1	-1		
1000402	3010102	4	-1	-1	-1	0	-1	-1		
1000402	3010102	5	-1	-1	-1	0	-1	-1		
1000402	3010202	6	-1	-1	-1	0	-1	-1		
1000402	3010202	7	-1	-1	-1	0	-1	15		
1000402	3010202	8	-1	-1	-1	0	-1	-1		
1000501	3010103	1	-1	-1	-1	0	-1	17		
1000501	3010303	2	-1	-1	-1	0	-1	-1		
1000501	3010103	3	-1	-1	-1	0	-1	-1		
1000501	3010503	4	-1	-1	-1	0	-1	15		
1000501	3010203	5	-1	-1	-1	0	-1	17		
1000501	3010503	6	-1	-1	-1	0	-1	-1		
1000502	8800	3	-1	-1	-1	1	1	-1		
1000601	3010103	1	-1	-1	-1	0	-1	-1		
1000601	3010302	2	-1	-1	-1	0	-1	-1		
1000601	3010103	3	-1	-1	-1	0	-1	-1		
1000601	3010203	4	-1	-1	-1	0	-1	-1		
1000601	3010203	5	-1	-1	-1	0	-1	22		
1000601	3010203	9	-1	-1	-1	0	-1	23		
1000602	3010503	1	-1	-1	-1	0	-1	-1		
1000602	3010503	2	-1	-1	-1	0	-1	-1		
1000602	3010503	3	-1	-1	-1	0	-1	-1		
1000602	3010201	4	-1	-1	-1	0	-1	15		
1000602	3010201	6	-1	-1	-1	0	-1	16		
1000602	3010303	8	-1	-1	-1	0	-1	17		
1000602	3010303	9	-1	-1	-1	0	-1	-1		
1000701	3010303	2	-1	-1	-1	0	-1	-1		
1000701	3010103	3	-1	-1	-1	0	-1	20		
1000701	3010103	4	-1	-1	-1	0	-1	22		
1000701	3010203	5	-1	-1	-1	0	-1	15		
1000701	3010504	6	-1	-1	-1	0	-1	16		
1000701	3010204	7	-1	-1	-1	0	-1	-1		
1000702	3010303	1	-1	-1	-1	0	-1	15		
1000702	3010103	2	-1	-1	-1	0	-1	16		
1000702	3010303	3	-1	-1	-1	0	-1	-1		
1000702	3010204	4	-1	-1	-1	0	-1	-1		
1000702	3010504	5	-1	-1	-1	0	-1	-1		
1000702	3010104	6	-1	-1	-1	0	-1	-1		
1000702	3010303	8	-1	-1	-1	0	-1	22		
1000801	3010104	1	-1	-1	-1	0	-1	15		
1000801	3010304	2	-1	-1	-1	0	-1	16		
1000801	3010104	3	-1	-1	-1	0	-1	17		
1000801	3010204	4	-1	-1	-1	0	-1	-1		
1000801	3010104	6	-1	-1	-1	0	-1	16		
1000801	3010204	8	-1	-1	-1	0	-1	17		
1000802	3010103	1	-1	-1	-1	0	-1	18		
1000802	3010304	2	-1	-1	-1	0	-1	-1		
1000802	3010504	4	-1	-1	-1	0	-1	-1		
1000802	3010204	5	-1	-1	-1	0	-1	21		
1000802	3010504	6	-1	-1	-1	0	-1	22		
1000802	3010204	9	-1	-1	-1	0	-1	23		
1000802	3010104	8	-1	-1	-1	0	-1	-1		
1000901	3010304	1	-1	-1	-1	0	-1	-1		
1000901	3010304	2	-1	-1	-1	0	-1	-1		
1000901	3010304	3	-1	-1	-1	0	-1	-1		
1000901	3010204	5	-1	-1	-1	0	-1	-1		
1000902	3010504	1	-1	-1	-1	0	-1	-1		
1000902	3010304	2	-1	-1	-1	0	-1	18		
1000902	3010304	3	-1	-1	-1	0	-1	20		
1000902	3010104	4	-1	-1	-1	0	-1	-1		
1000902	3010204	5	-1	-1	-1	0	-1	-1		
1000902	3010204	6	-1	-1	-1	0	-1	-1		
1000902	3010104	7	-1	-1	-1	0	-1	15		
1000902	3010304	8	-1	-1	-1	0	-1	16		
1000902	3010104	9	-1	-1	-1	0	-1	17		
1001001	3010304	1	-1	-1	-1	0	-1	-1		
1001001	3010304	2	-1	-1	-1	0	-1	-1		
1001001	3010304	3	-1	-1	-1	0	-1	-1		
1001001	3010204	4	-1	-1	-1	0	-1	21		
1001001	3010204	5	-1	-1	-1	0	-1	23		
1001001	3010204	6	-1	-1	-1	0	-1	25		
1001002	8801	3	-1	-1	-1	1	1	15		
1001101	3010204	3	-1	-1	-1	0	-1	-1		
1001101	3010204	2	-1	-1	-1	0	-1	-1		
1001101	3010204	3	-1	-1	-1	0	-1	15		
1001101	3010204	5	-1	-1	-1	0	-1	16		
1001101	3010204	7	-1	-1	-1	0	-1	17		
1001101	3010204	8	-1	-1	-1	0	-1	18		
1001101	3010204	9	-1	-1	-1	0	-1	19		
1001102	3010304	1	-1	-1	-1	0	-1	-1		
1001102	3010304	2	-1	-1	-1	0	-1	-1		
1001102	3010304	3	-1	-1	-1	0	-1	-1		
1001102	3010204	4	-1	-1	-1	0	-1	23		
1001102	3010204	5	-1	-1	-1	0	-1	-1		
1001102	3010204	6	-1	-1	-1	0	-1	-1		
1001102	3010104	7	-1	-1	-1	0	-1	-1		
1001102	3010104	9	-1	-1	-1	0	-1	15		
1001102	3010304	11	-1	-1	-1	0	-1	16		
1001201	3010304	1	-1	-1	-1	0	-1	17		
1001201	3010504	2	-1	-1	-1	0	-1	-1		
1001201	3010104	3	-1	-1	-1	0	-1	-1		
1001201	3010204	4	-1	-1	-1	0	-1	-1		
1001201	3010204	6	-1	-1	-1	0	-1	-1		
1001202	3010305	1	-1	-1	-1	0	-1	21		
1001202	3010304	2	-1	-1	-1	0	-1	23		
1001202	3010504	3	-1	-1	-1	0	-1	-1		
1001202	3010105	4	-1	-1	-1	0	-1	-1		
1001202	3010105	5	-1	-1	-1	0	-1	-1		
1001202	3010205	6	-1	-1	-1	0	-1	15		
1001202	3010205	7	-1	-1	-1	0	-1	16		
1001202	3010205	8	-1	-1	-1	0	-1	17		
1001202	3010304	9	-1	-1	-1	0	-1	18		
1001301	3010305	1	-1	-1	-1	0	-1	19		
1001301	3010305	2	-1	-1	-1	0	-1	20		
1001301	3010305	3	-1	-1	-1	0	-1	-1		
1001301	3010205	4	-1	-1	-1	0	-1	-1		
1001301	3010205	5	-1	-1	-1	0	-1	-1		
1001301	3010203	9	-1	-1	-1	0	-1	15		
1001302	3010305	1	-1	-1	-1	0	-1	17		
1001302	3010305	2	-1	-1	-1	0	-1	-1		
1001302	3010305	3	-1	-1	-1	0	-1	-1		
1001302	3010505	4	-1	-1	-1	0	-1	-1		
1001302	3010505	5	-1	-1	-1	0	-1	-1		
1001302	3010505	6	-1	-1	-1	0	-1	-1		
1001302	3010205	8	-1	-1	-1	0	-1	-1		
1001302	3010105	7	-1	-1	-1	0	-1	22		
1001302	3010105	9	-1	-1	-1	0	-1	16		
1001401	3010215	1	-1	-1	-1	0	-1	17		
1001401	3010215	2	-1	-1	-1	0	-1	18		
1001401	3010215	3	-1	-1	-1	0	-1	-1		
1001401	3010515	4	-1	-1	-1	0	-1	-1		
1001401	3010515	5	-1	-1	-1	0	-1	-1		
1001401	3010515	6	-1	-1	-1	0	-1	-1		
1001402	3010505	1	-1	-1	-1	0	-1	-1		
1001402	3010505	2	-1	-1	-1	0	-1	-1		
1001402	3010505	3	-1	-1	-1	0	-1	15		
1001402	3010115	4	-1	-1	-1	0	-1	16		
1001402	3010115	5	-1	-1	-1	0	-1	17		
1001402	3010115	6	-1	-1	-1	0	-1	-1		
1001402	3010515	7	-1	-1	-1	0	-1	19		
1001402	3010515	11	-1	-1	-1	0	-1	20		
1001402	3010515	12	-1	-1	-1	0	-1	21		
1001501	3010106	1	-1	-1	-1	0	-1	-1		
1001501	3010106	3	-1	-1	-1	0	-1	-1		
1001501	3010206	5	-1	-1	-1	0	-1	-1		
1001502	3010506	1	-1	-1	-1	0	-1	-1		
1001502	3010206	5	-1	-1	-1	0	-1	-1		
1001502	3010506	6	-1	-1	-1	0	-1	19		
1001502	3010215	7	-1	-1	-1	0	-1	15		
1001502	3010215	9	-1	-1	-1	0	-1	16		
1001502	3010106	8	-1	-1	-1	0	-1	17		
1001503	8806	3	-1	-1	-1	1	1	-1		
1001601	13020406	3	-1	-1	-1	0	-1	-1		
1001601	13020406	4	-1	-1	-1	0	-1	-1		
1001601	13020406	8	-1	-1	-1	0	-1	21		
1001602	13020306	1	-1	-1	-1	0	-1	22		
1001602	13020306	2	-1	-1	-1	0	-1	23		
1001602	13020306	3	-1	-1	-1	0	-1	-1		
1001602	13020406	4	-1	-1	-1	0	-1	-1		
1001602	13020606	5	-1	-1	-1	0	-1	-1		
1001602	13020606	6	-1	-1	-1	0	-1	15		
1001602	13020606	7	-1	-1	-1	0	-1	16		
1001602	13020406	9	-1	-1	-1	0	-1	17		
1001602	13020406	11	-1	-1	-1	0	-1	18		
1001701	13020406	1	-1	-1	-1	0	-1	-1		
1001701	13020406	2	-1	-1	-1	0	-1	-1		
1001701	13020406	3	-1	-1	-1	0	-1	23		
1001701	13020306	5	-1	-1	-1	0	-1	15		
1001702	13020306	1	-1	-1	-1	0	-1	16		
1001702	13020106	2	-1	-1	-1	0	-1	17		
1001702	13020306	3	-1	-1	-1	0	-1	-1		
1001702	13020406	4	-1	-1	-1	0	-1	-1		
1001702	13020506	5	-1	-1	-1	0	-1	-1		
1001702	13020406	6	-1	-1	-1	0	-1	15		
1001702	13020306	7	-1	-1	-1	0	-1	16		
1001702	13020306	8	-1	-1	-1	0	-1	17		
1001702	13020606	9	-1	-1	-1	0	-1	-1		
1001801	13020406	1	-1	-1	-1	0	-1	-1		
1001801	13020506	2	-1	-1	-1	0	-1	-1		
1001801	13020406	3	-1	-1	-1	0	-1	-1		
1001802	13020106	1	-1	-1	-1	0	-1	-1		
1001802	13020606	2	-1	-1	-1	0	-1	15		
1001802	13020606	3	-1	-1	-1	0	-1	16		
1001802	13020606	4	-1	-1	-1	0	-1	17		
1001802	13020506	5	-1	-1	-1	0	-1	18		
1001802	13020406	6	-1	-1	-1	0	-1	19		
1001802	13020306	9	-1	-1	-1	0	-1	20		
1001901	13020606	1	-1	-1	-1	0	-1	21		
1001901	13020307	2	-1	-1	-1	0	-1	22		
1001901	13020307	3	-1	-1	-1	0	-1	23		
1001901	13020307	4	-1	-1	-1	0	-1	15		
1001901	13020307	8	-1	-1	-1	0	-1	16		
1001901	13020307	9	-1	-1	-1	0	-1	17		
1001902	13020307	1	-1	-1	-1	0	-1	22		
1001902	13020307	2	-1	-1	-1	0	-1	15		
1001902	13020307	3	-1	-1	-1	0	-1	16		
1001902	13020307	4	-1	-1	-1	0	-1	17		
1001902	13020507	5	-1	-1	-1	0	-1	-1		
1001902	13020307	6	-1	-1	-1	0	-1	-1		
1001902	13020506	11	-1	-1	-1	0	-1	-1		
1001902	13020307	12	-1	-1	-1	0	-1	15		
1001903	13020307	1	-1	-1	-1	0	-1	16		
1001903	13020307	2	-1	-1	-1	0	-1	17		
1001903	13020307	3	-1	-1	-1	0	-1	19		
1001903	13020307	4	-1	-1	-1	0	-1	-1		
1001903	13020607	5	-1	-1	-1	0	-1	15		
1001903	13020607	6	-1	-1	-1	0	-1	16		
1001903	13020307	7	-1	-1	-1	0	-1	17		
1001903	13020607	8	-1	-1	-1	0	-1	-1		
1001903	13020607	9	-1	-1	-1	0	-1	-1		
1002001	13020107	1	-1	-1	-1	0	-1	-1		
1002001	13020107	2	-1	-1	-1	0	-1	-1		
1002001	13020107	3	-1	-1	-1	0	-1	-1		
1002001	13020606	8	-1	-1	-1	0	-1	-1		
1002002	13020307	1	-1	-1	-1	0	-1	15		
1002002	13020107	2	-1	-1	-1	0	-1	16		
1002002	13020307	3	-1	-1	-1	0	-1	17		
1002002	13020307	4	-1	-1	-1	0	-1	-1		
1002002	13020507	5	-1	-1	-1	0	-1	-1		
1002002	13020307	6	-1	-1	-1	0	-1	-1		
										
										
1002003	8820	3	-1	-1	-1	1	1	-1		
										
										
3100016	3020106	1	-1	-1	-1	0	-1	17		
3100016	3020106	2	-1	-1	-1	0	-1	18		
3100016	3020306	3	-1	-1	-1	0	-1	19		
										
3100016	3020706	5	-1	-1	-1	0	-1	-1		
										
										
										
										
3100017	3020306	1	-1	-1	-1	0	-1	17		
3100017	3020406	2	-1	-1	-1	0	-1	-1		
3100017	3020306	3	-1	-1	-1	0	-1	-1		
										
3100017	3020606	5	-1	-1	-1	0	-1	-1		
										
										
										
										
3100018	3020306	1	-1	-1	-1	0	-1	17		
3100018	3020306	2	-1	-1	-1	0	-1	-1		
3100018	3020206	3	-1	-1	-1	0	-1	-1		
3100018	3020506	4	-1	-1	-1	0	-1	-1		
3100018	4000406	5	-1	-1	-1	0	-1	-1		
3100018	3020506	6	-1	-1	-1	0	-1	-1		
3100018	3020706	7	-1	-1	-1	0	-1	-1		
										
3100018	3020706	9	-1	-1	-1	0	-1	16		
3100019	3020307	1	-1	-1	-1	0	-1	17		
										
3100019	3020207	3	-1	-1	-1	0	-1	-1		
										
3100019	3020707	5	-1	-1	-1	0	-1	-1		
										
										
										
										
										
3100020	3020307	2	-1	-1	-1	0	-1	18		
3100020	3020507	3	-1	-1	-1	0	-1	-1		
3100020	3020707	4	-1	-1	-1	0	-1	20		
3100020	3020607	5	-1	-1	-1	0	-1	-1		
										
										
										
										
3100021	3020307	1	-1	-1	-1	0	-1	17		
3100021	3020307	2	-1	-1	-1	0	-1	-1		
3100021	3020307	3	-1	-1	-1	0	-1	-1		
3100021	4000407	4	-1	-1	-1	0	-1	20		
3100021	3020607	5	-1	-1	-1	0	-1	-1		
3100021	3020107	6	-1	-1	-1	0	-1	-1		
										
3100021	3020707	8	-1	-1	-1	0	-1	15		
3100021	3020707	9	-1	-1	-1	0	-1	16		
3100022	3020108	1	-1	-1	-1	0	-1	17		
3100022	3020108	2	-1	-1	-1	0	-1	18		
										
3100022	3020508	4	-1	-1	-1	0	-1	20		
3100022	3020708	5	-1	-1	-1	0	-1	21		
3100022	3020208	6	-1	-1	-1	0	-1	-1		
										
										
										
3100023	3020308	1	-1	-1	-1	0	-1	-1		
3100023	3020308	2	-1	-1	-1	0	-1	-1		
3100023	3020108	3	-1	-1	-1	0	-1	-1		
3100023	3020708	4	-1	-1	-1	0	-1	-1		
3100023	3020708	5	-1	-1	-1	0	-1	-1		
3100023	3020508	6	-1	-1	-1	0	-1	-1		
										
										
										
3100024	3020208	1	-1	-1	-1	0	-1	17		
3100024	3020308	2	-1	-1	-1	0	-1	-1		
3100024	3020308	3	-1	-1	-1	0	-1	19		
3100024	3020108	4	-1	-1	-1	0	-1	20		
3100024	3020608	5	-1	-1	-1	0	-1	-1		
3100024	3020508	6	-1	-1	-1	0	-1	-1		
3100024	3020108	7	-1	-1	-1	0	-1	-1		
3100024	4000408	8	-1	-1	-1	0	-1	15		
3100024	3020708	9	-1	-1	-1	0	-1	16		
										
3100025	3020109	2	-1	-1	-1	0	-1	-1		
										
3100025	3020709	4	-1	-1	-1	0	-1	20		
3100025	3020609	5	-1	-1	-1	0	-1	-1		
3100025	3020709	6	-1	-1	-1	0	-1	-1		
										
										
										
3100026	3020309	1	-1	-1	-1	0	-1	17		
3100026	3020209	2	-1	-1	-1	0	-1	-1		
3100026	3020309	3	-1	-1	-1	0	-1	-1		
3100026	3020709	4	-1	-1	-1	0	-1	-1		
3100026	3020509	5	-1	-1	-1	0	-1	-1		
3100026	3020109	6	-1	-1	-1	0	-1	-1		
										
										
										
3100027	3020309	1	-1	-1	-1	0	-1	17		
3100027	3020309	2	-1	-1	-1	0	-1	-1		
3100027	3020309	3	-1	-1	-1	0	-1	-1		
3100027	3020709	4	-1	-1	-1	0	-1	-1		
3100027	4000409	5	-1	-1	-1	0	-1	-1		
3100027	3020509	6	-1	-1	-1	0	-1	-1		
										
3100027	3020709	8	-1	-1	-1	0	-1	15		
3100027	3020709	9	-1	-1	-1	0	-1	16		
3100028	3020210	1	-1	-1	-1	0	-1	17		
3100028	3020310	2	-1	-1	-1	0	-1	18		
3100028	3020110	3	-1	-1	-1	0	-1	-1		
3100028	3020710	4	-1	-1	-1	0	-1	-1		
										
3100028	3020710	6	-1	-1	-1	0	-1	-1		
										
										
										
3100029	3020310	1	-1	-1	-1	0	-1	17		
3100029	3020310	2	-1	-1	-1	0	-1	-1		
3100029	3020310	3	-1	-1	-1	0	-1	-1		
3100029	3020710	4	-1	-1	-1	0	-1	-1		
3100029	3020610	5	-1	-1	-1	0	-1	-1		
										
										
										
										
3100030	8830	3	-1	-1	-1	0	1	17		
										
										
3100031	3020211	1	-1	-1	-1	0	-1	-1		
3100031	3020111	2	-1	-1	-1	0	-1	-1		
3100031	3020311	3	-1	-1	-1	0	-1	-1		
										
3100031	3020611	5	-1	-1	-1	0	-1	15		
										
										
										
										
3100032	3020311	1	-1	-1	-1	0	-1	20		
3100032	3020311	2	-1	-1	-1	0	-1	21		
3100032	3020311	3	-1	-1	-1	0	-1	-1		
										
3100032	3020711	5	-1	-1	-1	0	-1	15		
3100032	3020711	6	-1	-1	-1	0	-1	16		
										
										
										
3100033	3020311	1	-1	-1	-1	0	-1	-1		
3100033	3020311	2	-1	-1	-1	0	-1	-1		
3100033	3020311	3	-1	-1	-1	0	-1	-1		
3100033	3020711	4	-1	-1	-1	0	-1	-1		
3100033	3020611	5	-1	-1	-1	0	-1	15		
3100033	3020111	6	-1	-1	-1	0	-1	16		
3100033	3020111	7	-1	-1	-1	0	-1	17		
3100033	4000411	8	-1	-1	-1	0	-1	-1		
3100033	3020711	9	-1	-1	-1	0	-1	-1		
3100034	3020312	1	-1	-1	-1	0	-1	20		
3100034	3020212	2	-1	-1	-1	0	-1	-1		
3100034	3020112	3	-1	-1	-1	0	-1	-1		
										
3100034	3020612	5	-1	-1	-1	0	-1	15		
3100034	3020712	6	-1	-1	-1	0	-1	16		
										
										
										
3100035	3020307	1	-1	-1	-1	0	-1	20		
3100035	3020307	2	-1	-1	-1	0	-1	21		
3100035	3020507	3	-1	-1	-1	0	-1	22		
										
3100035	3020612	5	-1	-1	-1	0	-1	15		
3100035	3020112	6	-1	-1	-1	0	-1	16		
										
										
										
3100036	3020212	1	-1	-1	-1	0	-1	-1		
3100036	3020312	2	-1	-1	-1	0	-1	-1		
3100036	3020312	3	-1	-1	-1	0	-1	-1		
3100036	3020112	4	-1	-1	-1	0	-1	-1		
3100036	4000412	5	-1	-1	-1	0	-1	15		
3100036	3020112	6	-1	-1	-1	0	-1	16		
3100036	3020112	7	-1	-1	-1	0	-1	17		
3100036	3020112	8	-1	-1	-1	0	-1	-1		
3100036	3020712	9	-1	-1	-1	0	-1	-1		
3100037	3020313	1	-1	-1	-1	0	-1	20		
3100037	3020113	2	-1	-1	-1	0	-1	-1		
3100037	3020313	3	-1	-1	-1	0	-1	-1		
										
3100037	3020713	5	-1	-1	-1	0	-1	15		
										
										
										
										
3100038	3020313	1	-1	-1	-1	0	-1	20		
3100038	3020313	2	-1	-1	-1	0	-1	-1		
3100038	3020313	3	-1	-1	-1	0	-1	22		
3100038	3020713	4	-1	-1	-1	0	-1	23		
3100038	3020713	5	-1	-1	-1	0	-1	-1		
3100038	3020113	6	-1	-1	-1	0	-1	-1		
										
										
										
3100039	3020213	1	-1	-1	-1	0	-1	-1		
3100039	4000413	2	-1	-1	-1	0	-1	-1		
3100039	3020313	3	-1	-1	-1	0	-1	-1		
3100039	3020713	4	-1	-1	-1	0	-1	-1		
3100039	3020113	5	-1	-1	-1	0	-1	15		
3100039	3020113	6	-1	-1	-1	0	-1	16		
3100039	3020713	7	-1	-1	-1	0	-1	17		
3100039	3020113	8	-1	-1	-1	0	-1	-1		
3100039	3020113	9	-1	-1	-1	0	-1	19		
3100040	3020714	1	-1	-1	-1	0	-1	20		
3100040	3020714	2	-1	-1	-1	0	-1	-1		
3100040	3020114	3	-1	-1	-1	0	-1	-1		
										
3100040	3020614	5	-1	-1	-1	0	-1	15		
3100040	3020714	6	-1	-1	-1	0	-1	16		
										
										
										
3100041	3020308	1	-1	-1	-1	0	-1	20		
3100041	3020308	2	-1	-1	-1	0	-1	-1		
3100041	3020108	3	-1	-1	-1	0	-1	-1		
3100041	3020714	4	-1	-1	-1	0	-1	23		
3100041	3020114	5	-1	-1	-1	0	-1	15		
3100041	3020114	6	-1	-1	-1	0	-1	16		
										
										
										
3100042	4000414	1	-1	-1	-1	0	-1	-1		
3100042	3020214	2	-1	-1	-1	0	-1	-1		
3100042	3020314	3	-1	-1	-1	0	-1	-1		
3100042	3020114	4	-1	-1	-1	0	-1	-1		
3100042	3020714	5	-1	-1	-1	0	-1	15		
3100042	3020514	6	-1	-1	-1	0	-1	16		
3100042	3020714	7	-1	-1	-1	0	-1	17		
3100042	3020714	8	-1	-1	-1	0	-1	-1		
3100042	3020114	9	-1	-1	-1	0	-1	19		
3100043	3020315	1	-1	-1	-1	0	-1	20		
3100043	3020315	2	-1	-1	-1	0	-1	-1		
3100043	3020115	3	-1	-1	-1	0	-1	-1		
										
3100043	3020615	5	-1	-1	-1	0	-1	15		
3100043	3020715	6	-1	-1	-1	0	-1	16		
										
										
										
3100044	3020315	1	-1	-1	-1	0	-1	20		
3100044	3020315	2	-1	-1	-1	0	-1	21		
3100044	3020315	3	-1	-1	-1	0	-1	-1		
3100044	3020715	4	-1	-1	-1	0	-1	-1		
3100044	3020515	5	-1	-1	-1	0	-1	15		
3100044	3020115	6	-1	-1	-1	0	-1	16		
										
										
										
3100045	8840	3	-1	-1	-1	0	1	-1		
3100046	3020116	1	-1	-1	-1	0	-1	-1		
3100046	3020316	2	-1	-1	-1	0	-1	-1		
3100046	3020316	3	-1	-1	-1	0	-1	-1		
3100046	3020716	4	-1	-1	-1	0	-1	15		
3100046	3020616	5	-1	-1	-1	0	-1	16		
										
										
										
										
3100047	3020316	1	-1	-1	-1	0	-1	-1		
3100047	3020316	2	-1	-1	-1	0	-1	-1		
3100047	3020516	3	-1	-1	-1	0	-1	-1		
3100047	3020716	4	-1	-1	-1	0	-1	15		
3100047	3020616	5	-1	-1	-1	0	-1	16		
3100047	3020116	6	-1	-1	-1	0	-1	17		
										
										
										
3100048	3020316	1	-1	-1	-1	0	-1	21		
3100048	4000416	2	-1	-1	-1	0	-1	-1		
3100048	3020316	3	-1	-1	-1	0	-1	-1		
3100048	3020716	4	-1	-1	-1	0	-1	15		
3100048	3020216	5	-1	-1	-1	0	-1	16		
3100048	3020716	6	-1	-1	-1	0	-1	17		
3100048	3020116	7	-1	-1	-1	0	-1	-1		
										
										
3100049	3020317	1	-1	-1	-1	0	-1	-1		
3100049	3020317	2	-1	-1	-1	0	-1	-1		
3100049	3020217	3	-1	-1	-1	0	-1	-1		
3100049	3020717	4	-1	-1	-1	0	-1	15		
										
3100049	3020517	6	-1	-1	-1	0	-1	17		
										
										
										
3100050	3020313	1	-1	-1	-1	0	-1	-1		
3100050	3020313	2	-1	-1	-1	0	-1	-1		
3100050	3020313	3	-1	-1	-1	0	-1	-1		
3100050	3020717	4	-1	-1	-1	0	-1	15		
3100050	3020717	5	-1	-1	-1	0	-1	16		
3100050	3020717	6	-1	-1	-1	0	-1	17		
										
										
										
3100051	3020317	1	-1	-1	-1	0	-1	-1		
3100051	3020117	2	-1	-1	-1	0	-1	-1		
3100051	3020217	3	-1	-1	-1	0	-1	-1		
										
3100051	4000417	5	-1	-1	-1	0	-1	16		
3100051	3020717	6	-1	-1	-1	0	-1	17		
3100051	3020717	7	-1	-1	-1	0	-1	-1		
3100051	3020617	8	-1	-1	-1	0	-1	-1		
3100051	3020717	9	-1	-1	-1	0	-1	-1		
3100052	3020118	1	-1	-1	-1	0	-1	-1		
3100052	3020218	2	-1	-1	-1	0	-1	-1		
3100052	3020118	3	-1	-1	-1	0	-1	-1		
										
3100052	3020618	5	-1	-1	-1	0	-1	16		
3100052	3020718	6	-1	-1	-1	0	-1	17		
										
										
										
3100053	3020316	1	-1	-1	-1	0	-1	-1		
3100053	3020316	2	-1	-1	-1	0	-1	-1		
3100053	3020516	3	-1	-1	-1	0	-1	-1		
3100053	3020718	4	-1	-1	-1	0	-1	15		
3100053	3020718	5	-1	-1	-1	0	-1	16		
3100053	3020118	6	-1	-1	-1	0	-1	17		
										
										
										
3100054	3020318	1	-1	-1	-1	0	-1	-1		
3100054	4000419	2	-1	-1	-1	0	-1	-1		
3100054	3020318	3	-1	-1	-1	0	-1	-1		
										
3100054	3020518	5	-1	-1	-1	0	-1	16		
3100054	3020718	6	-1	-1	-1	0	-1	17		
3100054	3020718	7	-1	-1	-1	0	-1	-1		
3100054	3020618	8	-1	-1	-1	0	-1	-1		
3100054	3020718	9	-1	-1	-1	0	-1	20		
3100055	3020219	1	-1	-1	-1	0	-1	-1		
3100055	3020119	2	-1	-1	-1	0	-1	-1		
3100055	3020119	3	-1	-1	-1	0	-1	-1		
3100055	3020719	4	-1	-1	-1	0	-1	15		
										
3100055	3020519	6	-1	-1	-1	0	-1	17		
										
										
										
3100056	3020313	1	-1	-1	-1	0	-1	-1		
3100056	3020313	2	-1	-1	-1	0	-1	-1		
3100056	3020313	3	-1	-1	-1	0	-1	-1		
										
3100056	3020719	5	-1	-1	-1	0	-1	16		
3100056	3020119	6	-1	-1	-1	0	-1	17		
										
										
										
3100057	3020319	1	-1	-1	-1	0	-1	-1		
3100057	3020319	2	-1	-1	-1	0	-1	-1		
3100057	3020319	3	-1	-1	-1	0	-1	-1		
3100057	4000419	4	-1	-1	-1	0	-1	15		
3100057	3020619	5	-1	-1	-1	0	-1	16		
3100057	3020119	6	-1	-1	-1	0	-1	17		
3100057	3020719	7	-1	-1	-1	0	-1	-1		
										
3100057	3020719	9	-1	-1	-1	0	-1	-1		
3100058	3020220	1	-1	-1	-1	0	-1	-1		
3100058	3020120	2	-1	-1	-1	0	-1	-1		
3100058	3020120	3	-1	-1	-1	0	-1	-1		
										
3100058	3020620	5	-1	-1	-1	0	-1	16		
3100058	3020720	6	-1	-1	-1	0	-1	17		
										
										
										
3100059	3020320	1	-1	-1	-1	0	-1	-1		
3100059	3020320	2	-1	-1	-1	0	-1	-1		
3100059	3020320	3	-1	-1	-1	0	-1	-1		
3100059	3020720	4	-1	-1	-1	0	-1	15		
3100059	3020120	5	-1	-1	-1	0	-1	16		
3100059	3020720	6	-1	-1	-1	0	-1	17		
										
										
										
3100060	8850	3	-1	-1	-1	0	1	21		
										
										
3100061	3030801	1	-1	-1	-1	0	-1	15		
3100061	3030901	2	-1	-1	-1	0	-1	16		
										
										
										
3100061	3031301	6	-1	-1	-1	0	-1	-1		
										
										
										
3100062	3030901	1	-1	-1	-1	0	-1	15		
3100062	3031101	2	-1	-1	-1	0	-1	16		
3100062	3031101	3	-1	-1	-1	0	-1	17		
										
3100062	3031201	5	-1	-1	-1	0	-1	-1		
3100062	3031301	6	-1	-1	-1	0	-1	-1		
										
										
										
3100063	3030901	1	-1	-1	-1	0	-1	15		
3100063	4000502	2	-1	-1	-1	0	-1	16		
3100063	3030901	3	-1	-1	-1	0	-1	17		
3100063	3031301	4	-1	-1	-1	0	-1	-1		
										
3100063	3031201	6	-1	-1	-1	0	-1	-1		
3100063	3031201	7	-1	-1	-1	0	-1	-1		
3100063	3031201	8	-1	-1	-1	0	-1	-1		
										
3100064	3031102	1	-1	-1	-1	0	-1	15		
3100064	3030802	2	-1	-1	-1	0	-1	16		
3100064	3030902	3	-1	-1	-1	0	-1	17		
										
3100064	3031202	5	-1	-1	-1	0	-1	-1		
										
										
										
										
3100065	3030902	1	-1	-1	-1	0	-1	15		
3100065	3030902	2	-1	-1	-1	0	-1	16		
3100065	3031102	3	-1	-1	-1	0	-1	17		
3100065	3031202	4	-1	-1	-1	0	-1	-1		
3100065	3031202	5	-1	-1	-1	0	-1	-1		
3100065	3031302	6	-1	-1	-1	0	-1	-1		
										
										
										
3100066	3030902	1	-1	-1	-1	0	-1	15		
3100066	3030902	2	-1	-1	-1	0	-1	16		
3100066	3031102	3	-1	-1	-1	0	-1	17		
										
3100066	4000502	5	-1	-1	-1	0	-1	19		
										
3100066	3031302	7	-1	-1	-1	0	-1	-1		
3100066	3031202	8	-1	-1	-1	0	-1	-1		
3100066	3031302	9	-1	-1	-1	0	-1	-1		
										
										
3100067	3030903	3	-1	-1	-1	0	-1	17		
3100067	3031103	4	-1	-1	-1	0	-1	18		
3100067	3031203	5	-1	-1	-1	0	-1	-1		
										
										
										
										
										
3100068	3030903	2	-1	-1	-1	0	-1	16		
3100068	3031103	3	-1	-1	-1	0	-1	17		
3100068	3031303	4	-1	-1	-1	0	-1	-1		
3100068	3031202	5	-1	-1	-1	0	-1	-1		
3100068	3031303	6	-1	-1	-1	0	-1	-1		
										
										
										
										
3100069	3030903	2	-1	-1	-1	0	-1	16		
3100069	3030803	3	-1	-1	-1	0	-1	17		
3100069	3031203	4	-1	-1	-1	0	-1	-1		
3100069	4000503	5	-1	-1	-1	0	-1	-1		
3100069	3031203	6	-1	-1	-1	0	-1	-1		
										
										
3100069	3031303	9	-1	-1	-1	0	-1	-1		
3100070	3031104	1	-1	-1	-1	0	-1	15		
3100070	3030804	2	-1	-1	-1	0	-1	16		
										
										
										
3100070	3031104	6	-1	-1	-1	0	-1	20		
										
										
										
3100071	3030804	1	-1	-1	-1	0	-1	15		
3100071	3031104	2	-1	-1	-1	0	-1	16		
										
3100071	3031204	4	-1	-1	-1	0	-1	-1		
3100071	3031204	5	-1	-1	-1	0	-1	-1		
3100071	3031304	6	-1	-1	-1	0	-1	-1		
										
										
										
3100072	3030904	1	-1	-1	-1	0	-1	15		
3100072	3030904	2	-1	-1	-1	0	-1	16		
3100072	3030904	3	-1	-1	-1	0	-1	17		
3100072	4000504	4	-1	-1	-1	0	-1	-1		
3100072	3031204	5	-1	-1	-1	0	-1	-1		
3100072	3031204	6	-1	-1	-1	0	-1	-1		
3100072	3031204	7	-1	-1	-1	0	-1	-1		
										
										
3100073	3030905	1	-1	-1	-1	0	-1	15		
3100073	3030805	2	-1	-1	-1	0	-1	16		
										
										
3100073	3031205	5	-1	-1	-1	0	-1	-1		
3100073	3031105	6	-1	-1	-1	0	-1	20		
										
										
										
3100074	3030805	1	-1	-1	-1	0	-1	15		
3100074	3030905	2	-1	-1	-1	0	-1	16		
3100074	3031105	3	-1	-1	-1	0	-1	17		
3100074	3031205	4	-1	-1	-1	0	-1	-1		
										
3100074	3031305	6	-1	-1	-1	0	-1	-1		
										
										
										
										
3100075	8860	3	-1	-1	-1	0	1	16		
										
3100076	3030806	2	-1	-1	-1	0	-1	-1		
										
3100076	3031106	4	-1	-1	-1	0	-1	-1		
3100076	3031206	5	-1	-1	-1	0	-1	-1		
3100076	3031106	6	-1	-1	-1	0	-1	-1		
										
										
										
3100077	3030806	1	-1	-1	-1	0	-1	-1		
3100077	3030806	2	-1	-1	-1	0	-1	18		
3100077	3031106	3	-1	-1	-1	0	-1	-1		
3100077	3031306	4	-1	-1	-1	0	-1	20		
3100077	3031206	5	-1	-1	-1	0	-1	-1		
3100077	3031206	6	-1	-1	-1	0	-1	-1		
										
										
										
3100078	3030906	1	-1	-1	-1	0	-1	17		
3100078	4000507	2	-1	-1	-1	0	-1	-1		
3100078	3030906	3	-1	-1	-1	0	-1	-1		
3100078	3031106	4	-1	-1	-1	0	-1	-1		
3100078	3031106	5	-1	-1	-1	0	-1	-1		
3100078	3031106	6	-1	-1	-1	0	-1	-1		
3100078	3031206	7	-1	-1	-1	0	-1	-1		
										
3100078	3031206	9	-1	-1	-1	0	-1	16		
										
3100079	3030907	2	-1	-1	-1	0	-1	18		
3100079	3031107	3	-1	-1	-1	0	-1	19		
3100079	3031107	4	-1	-1	-1	0	-1	20		
3100079	3031207	5	-1	-1	-1	0	-1	-1		
										
										
										
										
3100080	3031107	1	-1	-1	-1	0	-1	17		
3100080	3031107	2	-1	-1	-1	0	-1	18		
3100080	3030907	3	-1	-1	-1	0	-1	-1		
3100080	3031307	4	-1	-1	-1	0	-1	-1		
3100080	3031207	5	-1	-1	-1	0	-1	-1		
										
										
										
										
3100081	3030807	1	-1	-1	-1	0	-1	17		
3100081	3030907	2	-1	-1	-1	0	-1	-1		
3100081	3030907	3	-1	-1	-1	0	-1	-1		
3100081	3031207	4	-1	-1	-1	0	-1	-1		
3100081	4000507	5	-1	-1	-1	0	-1	-1		
3100081	3031207	6	-1	-1	-1	0	-1	-1		
3100081	3031207	7	-1	-1	-1	0	-1	-1		
										
3100081	3031207	9	-1	-1	-1	0	-1	16		
										
3100082	3031108	2	-1	-1	-1	0	-1	-1		
										
3100082	3031308	4	-1	-1	-1	0	-1	-1		
3100082	3031208	5	-1	-1	-1	0	-1	-1		
3100082	3031208	6	-1	-1	-1	0	-1	-1		
										
										
										
3100083	3030908	1	-1	-1	-1	0	-1	-1		
3100083	3030908	2	-1	-1	-1	0	-1	-1		
3100083	3031108	3	-1	-1	-1	0	-1	-1		
3100083	3031208	4	-1	-1	-1	0	-1	-1		
3100083	3031208	5	-1	-1	-1	0	-1	-1		
3100083	3031308	6	-1	-1	-1	0	-1	-1		
										
										
										
3100084	3030908	1	-1	-1	-1	0	-1	17		
3100084	3030908	2	-1	-1	-1	0	-1	-1		
3100084	3030908	3	-1	-1	-1	0	-1	-1		
3100084	3031108	4	-1	-1	-1	0	-1	-1		
3100084	3031108	5	-1	-1	-1	0	-1	-1		
3100084	3031108	6	-1	-1	-1	0	-1	-1		
3100084	3031208	7	-1	-1	-1	0	-1	-1		
3100084	4000508	8	-1	-1	-1	0	-1	15		
3100084	3031308	9	-1	-1	-1	0	-1	16		
3100085	3030909	1	-1	-1	-1	0	-1	17		
										
										
										
3100085	3031209	5	-1	-1	-1	0	-1	-1		
3100085	3031109	6	-1	-1	-1	0	-1	-1		
										
										
										
										
3100086	3030909	2	-1	-1	-1	0	-1	-1		
3100086	3031109	3	-1	-1	-1	0	-1	-1		
3100086	3031309	4	-1	-1	-1	0	-1	20		
3100086	3031209	5	-1	-1	-1	0	-1	-1		
3100086	3031309	6	-1	-1	-1	0	-1	-1		
										
										
										
3100087	3030909	1	-1	-1	-1	0	-1	17		
3100087	3030909	2	-1	-1	-1	0	-1	-1		
3100087	3030909	3	-1	-1	-1	0	-1	-1		
3100087	3031109	4	-1	-1	-1	0	-1	-1		
3100087	3031109	5	-1	-1	-1	0	-1	-1		
3100087	3031109	6	-1	-1	-1	0	-1	-1		
3100087	4000509	7	-1	-1	-1	0	-1	-1		
										
3100087	3031209	9	-1	-1	-1	0	-1	16		
										
3100088	3031110	2	-1	-1	-1	0	-1	18		
3100088	3030910	3	-1	-1	-1	0	-1	19		
3100088	3031110	4	-1	-1	-1	0	-1	20		
3100088	3031210	5	-1	-1	-1	0	-1	-1		
										
										
										
										
3100089	3030810	1	-1	-1	-1	0	-1	17		
3100089	3031110	2	-1	-1	-1	0	-1	18		
										
3100089	3031310	4	-1	-1	-1	0	-1	-1		
3100089	3031210	5	-1	-1	-1	0	-1	-1		
3100089	3031210	6	-1	-1	-1	0	-1	-1		
										
										
										
3100090	8870	3	-1	-1	-1	0	1	-1		
										
										
3100091	3030911	1	-1	-1	-1	0	-1	-1		
										
3100091	3030911	3	-1	-1	-1	0	-1	-1		
										
3100091	3030911	5	-1	-1	-1	0	-1	15		
										
										
										
										
3100092	3030811	1	-1	-1	-1	0	-1	-1		
3100092	3030911	2	-1	-1	-1	0	-1	-1		
3100092	3031111	3	-1	-1	-1	0	-1	-1		
3100092	3031211	4	-1	-1	-1	0	-1	-1		
										
3100092	3031311	6	-1	-1	-1	0	-1	-1		
										
										
										
3100093	3030911	1	-1	-1	-1	0	-1	-1		
3100093	4000511	2	-1	-1	-1	0	-1	-1		
3100093	3030911	3	-1	-1	-1	0	-1	-1		
3100093	3031211	4	-1	-1	-1	0	-1	-1		
3100093	3031111	5	-1	-1	-1	0	-1	15		
										
										
3100093	3031211	8	-1	-1	-1	0	-1	-1		
3100093	3031211	9	-1	-1	-1	0	-1	-1		
3100094	3031112	1	-1	-1	-1	0	-1	-1		
3100094	3030812	2	-1	-1	-1	0	-1	-1		
3100094	3031112	3	-1	-1	-1	0	-1	-1		
										
3100094	3031112	5	-1	-1	-1	0	-1	15		
										
										
										
										
3100095	3030812	1	-1	-1	-1	0	-1	-1		
3100095	3030812	2	-1	-1	-1	0	-1	-1		
3100095	3031112	3	-1	-1	-1	0	-1	-1		
3100095	3031312	4	-1	-1	-1	0	-1	-1		
3100095	3031212	5	-1	-1	-1	0	-1	15		
3100095	3031212	6	-1	-1	-1	0	-1	16		
										
										
										
3100096	3030812	1	-1	-1	-1	0	-1	-1		
3100096	3030912	2	-1	-1	-1	0	-1	-1		
3100096	3030912	3	-1	-1	-1	0	-1	-1		
3100096	3031312	4	-1	-1	-1	0	-1	-1		
3100096	4000512	5	-1	-1	-1	0	-1	15		
3100096	3031212	6	-1	-1	-1	0	-1	16		
3100096	3031212	7	-1	-1	-1	0	-1	17		
3100096	3031212	8	-1	-1	-1	0	-1	-1		
3100096	3031212	9	-1	-1	-1	0	-1	-1		
3100097	3030913	1	-1	-1	-1	0	-1	-1		
										
										
										
3100097	3031113	5	-1	-1	-1	0	-1	15		
3100097	3031113	6	-1	-1	-1	0	-1	16		
										
										
										
3100098	3031113	1	-1	-1	-1	0	-1	-1		
3100098	3031113	2	-1	-1	-1	0	-1	-1		
3100098	3030913	3	-1	-1	-1	0	-1	-1		
3100098	3031313	4	-1	-1	-1	0	-1	-1		
3100098	3031213	5	-1	-1	-1	0	-1	15		
										
										
										
										
3100099	3030913	1	-1	-1	-1	0	-1	20		
3100099	3030913	2	-1	-1	-1	0	-1	-1		
3100099	3030813	3	-1	-1	-1	0	-1	-1		
3100099	3031313	4	-1	-1	-1	0	-1	-1		
3100099	3031113	5	-1	-1	-1	0	-1	15		
										
										
3100099	4000513	8	-1	-1	-1	0	-1	-1		
3100099	3031213	9	-1	-1	-1	0	-1	-1		
										
3100100	3031214	2	-1	-1	-1	0	-1	-1		
										
3100100	3031114	4	-1	-1	-1	0	-1	-1		
										
3100100	3031114	6	-1	-1	-1	0	-1	16		
										
										
										
3100101	3030914	1	-1	-1	-1	0	-1	-1		
3100101	3030914	2	-1	-1	-1	0	-1	-1		
3100101	3031114	3	-1	-1	-1	0	-1	-1		
3100101	3031214	4	-1	-1	-1	0	-1	-1		
3100101	3031214	5	-1	-1	-1	0	-1	-1		
3100101	3031314	6	-1	-1	-1	0	-1	-1		
										
										
										
3100102	3030914	1	-1	-1	-1	0	-1	20		
3100102	3030914	2	-1	-1	-1	0	-1	-1		
3100102	3030914	3	-1	-1	-1	0	-1	-1		
3100102	4000514	4	-1	-1	-1	0	-1	-1		
3100102	3031114	5	-1	-1	-1	0	-1	15		
										
										
3100102	3031214	8	-1	-1	-1	0	-1	-1		
3100102	3031214	9	-1	-1	-1	0	-1	-1		
										
										
3100103	3030815	3	-1	-1	-1	0	-1	-1		
3100103	3030915	4	-1	-1	-1	0	-1	-1		
3100103	3031115	5	-1	-1	-1	0	-1	15		
3100103	3031115	6	-1	-1	-1	0	-1	16		
										
										
										
3100104	3030915	1	-1	-1	-1	0	-1	-1		
3100104	3030915	2	-1	-1	-1	0	-1	-1		
3100104	3031115	3	-1	-1	-1	0	-1	-1		
3100104	3031315	4	-1	-1	-1	0	-1	-1		
3100104	3031215	5	-1	-1	-1	0	-1	-1		
3100104	3031315	6	-1	-1	-1	0	-1	-1		
										
										
										
3100105	8880	3	-1	-1	-1	0	1	20		
										
3100106	3031116	2	-1	-1	-1	0	-1	-1		
3100106	3030816	3	-1	-1	-1	0	-1	-1		
3100106	3031116	4	-1	-1	-1	0	-1	15		
3100106	3031216	5	-1	-1	-1	0	-1	16		
										
										
										
										
3100107	3030816	1	-1	-1	-1	0	-1	-1		
3100107	3031116	2	-1	-1	-1	0	-1	-1		
										
3100107	3031316	4	-1	-1	-1	0	-1	15		
3100107	3031216	5	-1	-1	-1	0	-1	16		
3100107	3031216	6	-1	-1	-1	0	-1	17		
										
										
										
3100108	3030816	1	-1	-1	-1	0	-1	-1		
3100108	4000516	2	-1	-1	-1	0	-1	-1		
3100108	3031116	3	-1	-1	-1	0	-1	-1		
3100108	3031316	4	-1	-1	-1	0	-1	-1		
										
3100108	3031116	6	-1	-1	-1	0	-1	17		
										
3100108	3031216	8	-1	-1	-1	0	-1	-1		
3100108	3031216	9	-1	-1	-1	0	-1	-1		
3100109	3030917	1	-1	-1	-1	0	-1	-1		
3100109	3031117	2	-1	-1	-1	0	-1	-1		
										
										
3100109	3031217	5	-1	-1	-1	0	-1	16		
3100109	3031117	6	-1	-1	-1	0	-1	-1		
										
										
										
3100110	3030817	1	-1	-1	-1	0	-1	-1		
3100110	3030917	2	-1	-1	-1	0	-1	-1		
3100110	3031117	3	-1	-1	-1	0	-1	-1		
3100110	3031217	4	-1	-1	-1	0	-1	15		
3100110	3031217	5	-1	-1	-1	0	-1	16		
3100110	3031317	6	-1	-1	-1	0	-1	17		
										
										
										
3100111	3030917	1	-1	-1	-1	0	-1	-1		
3100111	4000518	2	-1	-1	-1	0	-1	-1		
3100111	3030817	3	-1	-1	-1	0	-1	-1		
3100111	3031117	4	-1	-1	-1	0	-1	15		
3100111	3031217	5	-1	-1	-1	0	-1	16		
3100111	3031317	6	-1	-1	-1	0	-1	-1		
										
										
										
										
										
3100112	3030918	3	-1	-1	-1	0	-1	-1		
3100112	3031118	4	-1	-1	-1	0	-1	15		
3100112	3031218	5	-1	-1	-1	0	-1	16		
3100112	3031218	6	-1	-1	-1	0	-1	17		
										
										
										
3100113	3030818	1	-1	-1	-1	0	-1	-1		
3100113	3030818	2	-1	-1	-1	0	-1	-1		
3100113	3031118	3	-1	-1	-1	0	-1	-1		
3100113	3031318	4	-1	-1	-1	0	-1	15		
3100113	3031218	5	-1	-1	-1	0	-1	16		
3100113	3031218	6	-1	-1	-1	0	-1	17		
										
										
										
3100114	3030918	1	-1	-1	-1	0	-1	-1		
3100114	3030818	2	-1	-1	-1	0	-1	-1		
3100114	3030918	3	-1	-1	-1	0	-1	-1		
										
3100114	4000518	5	-1	-1	-1	0	-1	-1		
3100114	3031318	6	-1	-1	-1	0	-1	17		
3100114	3031218	7	-1	-1	-1	0	-1	18		
										
										
3100115	3030919	1	-1	-1	-1	0	-1	-1		
										
										
										
3100115	3031219	5	-1	-1	-1	0	-1	16		
3100115	3031119	6	-1	-1	-1	0	-1	17		
										
										
										
3100116	3031119	1	-1	-1	-1	0	-1	-1		
3100116	3031119	2	-1	-1	-1	0	-1	-1		
3100116	3030919	3	-1	-1	-1	0	-1	-1		
3100116	3031319	4	-1	-1	-1	0	-1	15		
3100116	3031219	5	-1	-1	-1	0	-1	16		
										
										
										
										
3100117	3030919	1	-1	-1	-1	0	-1	-1		
3100117	3030919	2	-1	-1	-1	0	-1	-1		
3100117	3031119	3	-1	-1	-1	0	-1	-1		
										
										
										
3100117	3031219	7	-1	-1	-1	0	-1	-1		
3100117	4000519	8	-1	-1	-1	0	-1	-1		
3100117	3031219	9	-1	-1	-1	0	-1	20		
										
3100118	3031120	2	-1	-1	-1	0	-1	-1		
3100118	3030920	3	-1	-1	-1	0	-1	-1		
3100118	3031120	4	-1	-1	-1	0	-1	15		
3100118	3031220	5	-1	-1	-1	0	-1	16		
										
										
										
										
3100119	3030920	1	-1	-1	-1	0	-1	-1		
3100119	3030920	2	-1	-1	-1	0	-1	-1		
3100119	3031120	3	-1	-1	-1	0	-1	-1		
3100119	3031220	4	-1	-1	-1	0	-1	15		
3100119	3031220	5	-1	-1	-1	0	-1	16		
3100119	3031320	6	-1	-1	-1	0	-1	17		
										
										
										
3100120	8890	3	-1	-1	-1	0	1	-1		
3100121	3030921	1	-1	-1	-1	0	-1	-1		
										
3100121	3030921	3	-1	-1	-1	0	-1	-1		
										
3100121	3030921	5	-1	-1	-1	0	-1	17		
										
										
										
										
										
3100122	3030921	2	-1	-1	-1	0	-1	-1		
3100122	3031121	3	-1	-1	-1	0	-1	15		
3100122	3031321	4	-1	-1	-1	0	-1	16		
3100122	3031221	5	-1	-1	-1	0	-1	17		
3100122	3031321	6	-1	-1	-1	0	-1	-1		
										
										
										
3100123	3030821	1	-1	-1	-1	0	-1	-1		
3100123	3030921	2	-1	-1	-1	0	-1	-1		
3100123	3030921	3	-1	-1	-1	0	-1	15		
3100123	4000521	4	-1	-1	-1	0	-1	16		
3100123	3031221	5	-1	-1	-1	0	-1	17		
3100123	3031121	6	-1	-1	-1	0	-1	-1		
										
										
										
3100124	3031122	1	-1	-1	-1	0	-1	-1		
3100124	3030822	2	-1	-1	-1	0	-1	-1		
3100124	3031122	3	-1	-1	-1	0	-1	15		
										
3100124	3031122	5	-1	-1	-1	0	-1	17		
										
										
										
										
3100125	3030822	1	-1	-1	-1	0	-1	-1		
3100125	3031122	2	-1	-1	-1	0	-1	-1		
										
3100125	3031322	4	-1	-1	-1	0	-1	16		
3100125	3031222	5	-1	-1	-1	0	-1	17		
3100125	3031222	6	-1	-1	-1	0	-1	-1		
										
										
										
3100126	3030822	1	-1	-1	-1	0	-1	-1		
3100126	3030922	2	-1	-1	-1	0	-1	-1		
3100126	3030822	3	-1	-1	-1	0	-1	15		
3100126	3031122	4	-1	-1	-1	0	-1	16		
3100126	3031122	5	-1	-1	-1	0	-1	17		
										
3100126	3031322	7	-1	-1	-1	0	-1	-1		
										
3100126	3031222	9	-1	-1	-1	0	-1	-1		
3100127	3030923	1	-1	-1	-1	0	-1	-1		
										
3100127	3031123	3	-1	-1	-1	0	-1	15		
										
3100127	3031123	5	-1	-1	-1	0	-1	17		
3100127	3031223	6	-1	-1	-1	0	-1	-1		
										
										
										
3100128	3030823	1	-1	-1	-1	0	-1	-1		
3100128	3030923	2	-1	-1	-1	0	-1	-1		
3100128	3031123	3	-1	-1	-1	0	-1	15		
3100128	3031223	4	-1	-1	-1	0	-1	16		
3100128	3031223	5	-1	-1	-1	0	-1	-1		
3100128	3031323	6	-1	-1	-1	0	-1	-1		
										
										
										
3100129	3030923	1	-1	-1	-1	0	-1	-1		
3100129	3030923	2	-1	-1	-1	0	-1	-1		
3100129	3030923	3	-1	-1	-1	0	-1	15		
3100129	3031323	4	-1	-1	-1	0	-1	16		
3100129	4000523	5	-1	-1	-1	0	-1	17		
3100129	3031223	6	-1	-1	-1	0	-1	18		
										
										
										
3100130	3030824	1	-1	-1	-1	0	-1	-1		
3100130	3031224	2	-1	-1	-1	0	-1	-1		
										
3100130	3031124	4	-1	-1	-1	0	-1	-1		
										
3100130	3031124	6	-1	-1	-1	0	-1	-1		
										
										
										
3100131	3030824	1	-1	-1	-1	0	-1	-1		
3100131	3030824	2	-1	-1	-1	0	-1	-1		
3100131	3031124	3	-1	-1	-1	0	-1	15		
3100131	3031324	4	-1	-1	-1	0	-1	16		
3100131	3031224	5	-1	-1	-1	0	-1	17		
3100131	3031224	6	-1	-1	-1	0	-1	-1		
										
										
										
3100132	3030924	1	-1	-1	-1	0	-1	-1		
3100132	3030924	2	-1	-1	-1	0	-1	-1		
3100132	3030924	3	-1	-1	-1	0	-1	15		
3100132	3031324	4	-1	-1	-1	0	-1	16		
										
										
										
3100132	4000524	8	-1	-1	-1	0	-1	-1		
3100132	3031224	9	-1	-1	-1	0	-1	-1		
3100133	3030825	1	-1	-1	-1	0	-1	-1		
3100133	3030925	2	-1	-1	-1	0	-1	-1		
3100133	3031125	3	-1	-1	-1	0	-1	15		
3100133	3031225	4	-1	-1	-1	0	-1	-1		
										
										
										
										
										
3100134	3030925	1	-1	-1	-1	0	-1	-1		
3100134	3030825	2	-1	-1	-1	0	-1	-1		
3100134	3031125	3	-1	-1	-1	0	-1	15		
3100134	3031225	4	-1	-1	-1	0	-1	16		
3100134	3031125	5	-1	-1	-1	0	-1	17		
3100134	3031225	6	-1	-1	-1	0	-1	-1		
										
										
										
3100135	8900	3	-1	-1	-1	0	1	-1		
3000001	3040201	1	-1	-1	-1	0	-1	-1		
3000001	3040301	2	-1	-1	-1	0	-1	15		
										
										
										
3000001	3040601	6	-1	-1	-1	0	-1	-1		
										
										
										
3000002	3040301	1	-1	-1	-1	0	-1	-1		
3000002	3040301	2	-1	-1	-1	0	-1	15		
3000002	3040501	3	-1	-1	-1	0	-1	16		
3000002	3040701	4	-1	-1	-1	0	-1	17		
3000002	3040601	5	-1	-1	-1	0	-1	-1		
3000002	3040101	6	-1	-1	-1	0	-1	-1		
										
										
										
3000003	3040201	1	-1	-1	-1	0	-1	-1		
3000003	4100401	2	-1	-1	-1	0	-1	15		
3000003	3040101	3	-1	-1	-1	0	-1	16		
3000003	3040501	4	-1	-1	-1	0	-1	17		
3000003	3040501	5	-1	-1	-1	0	-1	-1		
3000003	3040501	6	-1	-1	-1	0	-1	19		
3000003	3040701	7	-1	-1	-1	0	-1	-1		
										
3000003	3040701	9	-1	-1	-1	0	-1	-1		
3000004	3040502	1	-1	-1	-1	0	-1	-1		
3000004	3040202	2	-1	-1	-1	0	-1	15		
3000004	3040302	3	-1	-1	-1	0	-1	16		
										
3000004	3040702	5	-1	-1	-1	0	-1	-1		
										
										
										
										
3000005	3040302	1	-1	-1	-1	0	-1	-1		
3000005	3040302	2	-1	-1	-1	0	-1	15		
3000005	3040302	3	-1	-1	-1	0	-1	16		
3000005	3040702	4	-1	-1	-1	0	-1	-1		
3000005	3040702	5	-1	-1	-1	0	-1	-1		
3000005	3040702	6	-1	-1	-1	0	-1	-1		
										
										
										
3000006	3040202	1	-1	-1	-1	0	-1	-1		
3000006	3040302	2	-1	-1	-1	0	-1	15		
3000006	3040302	3	-1	-1	-1	0	-1	16		
3000006	3040702	4	-1	-1	-1	0	-1	17		
3000006	4100402	5	-1	-1	-1	0	-1	-1		
3000006	3040702	6	-1	-1	-1	0	-1	-1		
3000006	3040702	7	-1	-1	-1	0	-1	20		
										
3000006	3040702	9	-1	-1	-1	0	-1	-1		
										
										
3000007	3040303	3	-1	-1	-1	0	-1	16		
3000007	3040503	4	-1	-1	-1	0	-1	17		
3000007	3040703	5	-1	-1	-1	0	-1	18		
										
										
										
										
3000008	3040303	1	-1	-1	-1	0	-1	-1		
3000008	3040303	2	-1	-1	-1	0	-1	15		
3000008	3040503	3	-1	-1	-1	0	-1	16		
3000008	3040703	4	-1	-1	-1	0	-1	17		
3000008	3040703	5	-1	-1	-1	0	-1	-1		
3000008	3040103	6	-1	-1	-1	0	-1	-1		
										
										
										
3000009	3040303	1	-1	-1	-1	0	-1	-1		
3000009	3040303	2	-1	-1	-1	0	-1	15		
3000009	3040303	3	-1	-1	-1	0	-1	16		
3000009	3040503	4	-1	-1	-1	0	-1	17		
										
3000009	3040503	6	-1	-1	-1	0	-1	-1		
3000009	3040703	7	-1	-1	-1	0	-1	-1		
3000009	3040703	8	-1	-1	-1	0	-1	-1		
3000009	4100403	9	-1	-1	-1	0	-1	-1		
3000010	3040504	1	-1	-1	-1	0	-1	-1		
3000010	3040204	2	-1	-1	-1	0	-1	15		
										
										
										
3000010	3040504	6	-1	-1	-1	0	-1	19		
										
										
										
3000011	3040304	1	-1	-1	-1	0	-1	-1		
3000011	3040304	2	-1	-1	-1	0	-1	-1		
3000011	3040304	3	-1	-1	-1	0	-1	-1		
										
3000011	3040704	5	-1	-1	-1	0	-1	18		
3000011	3040104	6	-1	-1	-1	0	-1	-1		
										
										
										
3000012	3040304	1	-1	-1	-1	0	-1	-1		
3000012	4100406	2	-1	-1	-1	0	-1	15		
3000012	3040304	3	-1	-1	-1	0	-1	16		
3000012	3040504	4	-1	-1	-1	0	-1	17		
3000012	3040504	5	-1	-1	-1	0	-1	-1		
3000012	3040504	6	-1	-1	-1	0	-1	-1		
3000012	3040604	7	-1	-1	-1	0	-1	20		
										
3000012	3040704	9	-1	-1	-1	0	-1	-1		
3000013	3040305	1	-1	-1	-1	0	-1	-1		
3000013	3040205	2	-1	-1	-1	0	-1	15		
										
										
3000013	3040705	5	-1	-1	-1	0	-1	18		
3000013	3040505	6	-1	-1	-1	0	-1	-1		
										
										
										
3000014	3040305	1	-1	-1	-1	0	-1	-1		
3000014	3040305	2	-1	-1	-1	0	-1	15		
3000014	3040305	3	-1	-1	-1	0	-1	16		
3000014	3040705	4	-1	-1	-1	0	-1	-1		
3000014	3040105	5	-1	-1	-1	0	-1	-1		
3000014	3040705	6	-1	-1	-1	0	-1	-1		
										
3000014	3040605	8	-1	-1	-1	0	-1	-1		
										
3000015	8910	3	-1	-1	-1	0	1	-1		
										
										
3000016	3040206	2	-1	-1	-1	0	-1	17		
										
3000016	3040506	4	-1	-1	-1	0	-1	-1		
3000016	3040706	5	-1	-1	-1	0	-1	20		
3000016	3040506	6	-1	-1	-1	0	-1	-1		
										
										
										
3000017	3040306	1	-1	-1	-1	0	-1	16		
3000017	3040506	2	-1	-1	-1	0	-1	17		
3000017	3040506	3	-1	-1	-1	0	-1	18		
										
3000017	3040706	5	-1	-1	-1	0	-1	20		
3000017	3040606	6	-1	-1	-1	0	-1	-1		
										
										
										
3000018	3040306	1	-1	-1	-1	0	-1	16		
3000018	4100406	2	-1	-1	-1	0	-1	-1		
3000018	3040306	3	-1	-1	-1	0	-1	-1		
3000018	3040706	4	-1	-1	-1	0	-1	-1		
3000018	3040506	5	-1	-1	-1	0	-1	20		
										
										
3000018	3040706	8	-1	-1	-1	0	-1	-1		
3000018	3040706	9	-1	-1	-1	0	-1	15		
										
3000019	3040307	2	-1	-1	-1	0	-1	17		
3000019	3040507	3	-1	-1	-1	0	-1	-1		
3000019	3040507	4	-1	-1	-1	0	-1	19		
3000019	3040707	5	-1	-1	-1	0	-1	-1		
										
										
										
										
3000020	3040307	1	-1	-1	-1	0	-1	16		
3000020	3040307	2	-1	-1	-1	0	-1	17		
3000020	3040507	3	-1	-1	-1	0	-1	-1		
3000020	3040707	4	-1	-1	-1	0	-1	-1		
3000020	3040707	5	-1	-1	-1	0	-1	-1		
3000020	3040607	6	-1	-1	-1	0	-1	-1		
										
										
										
3000021	3040207	1	-1	-1	-1	0	-1	16		
3000021	3040307	2	-1	-1	-1	0	-1	-1		
3000021	3040307	3	-1	-1	-1	0	-1	18		
3000021	3040607	4	-1	-1	-1	0	-1	-1		
3000021	3040507	5	-1	-1	-1	0	-1	20		
3000021	3040707	6	-1	-1	-1	0	-1	-1		
3000021	3040707	7	-1	-1	-1	0	-1	-1		
3000021	4100407	8	-1	-1	-1	0	-1	-1		
3000021	3040707	9	-1	-1	-1	0	-1	15		
										
3000022	3040508	2	-1	-1	-1	0	-1	17		
										
3000022	3040608	4	-1	-1	-1	0	-1	-1		
3000022	3040708	5	-1	-1	-1	0	-1	-1		
3000022	3040708	6	-1	-1	-1	0	-1	-1		
										
										
										
										
3000023	3040308	2	-1	-1	-1	0	-1	17		
3000023	3040508	3	-1	-1	-1	0	-1	-1		
3000023	3040608	4	-1	-1	-1	0	-1	19		
3000023	3040708	5	-1	-1	-1	0	-1	-1		
3000023	3040608	6	-1	-1	-1	0	-1	-1		
										
										
										
3000024	3040308	1	-1	-1	-1	0	-1	16		
3000024	3040308	2	-1	-1	-1	0	-1	17		
3000024	3040208	3	-1	-1	-1	0	-1	18		
3000024	3040608	4	-1	-1	-1	0	-1	-1		
3000024	3040508	5	-1	-1	-1	0	-1	-1		
										
										
3000024	4100408	8	-1	-1	-1	0	-1	-1		
3000024	3040708	9	-1	-1	-1	0	-1	15		
3000025	3040309	1	-1	-1	-1	0	-1	16		
										
										
										
3000025	3040709	5	-1	-1	-1	0	-1	-1		
3000025	3040509	6	-1	-1	-1	0	-1	-1		
										
										
										
3000026	3040209	1	-1	-1	-1	0	-1	16		
3000026	3040509	2	-1	-1	-1	0	-1	17		
										
3000026	3040709	4	-1	-1	-1	0	-1	19		
3000026	3040709	5	-1	-1	-1	0	-1	-1		
3000026	3040609	6	-1	-1	-1	0	-1	-1		
										
										
										
3000027	3040309	1	-1	-1	-1	0	-1	16		
3000027	3040309	2	-1	-1	-1	0	-1	-1		
3000027	3040309	3	-1	-1	-1	0	-1	-1		
3000027	3040609	4	-1	-1	-1	0	-1	-1		
3000027	4100409	5	-1	-1	-1	0	-1	-1		
										
										
3000027	3040709	8	-1	-1	-1	0	-1	-1		
3000027	3040709	9	-1	-1	-1	0	-1	-1		
										
3000028	3040510	2	-1	-1	-1	0	-1	17		
3000028	3040310	3	-1	-1	-1	0	-1	-1		
3000028	3040510	4	-1	-1	-1	0	-1	-1		
3000028	3040710	5	-1	-1	-1	0	-1	-1		
										
										
										
										
3000029	3040210	1	-1	-1	-1	0	-1	16		
3000029	3040310	2	-1	-1	-1	0	-1	17		
3000029	3040510	3	-1	-1	-1	0	-1	-1		
3000029	3040710	4	-1	-1	-1	0	-1	19		
3000029	3040710	5	-1	-1	-1	0	-1	-1		
3000029	3040610	6	-1	-1	-1	0	-1	-1		
										
										
										
3000030	8920	3	-1	-1	-1	0	1	-1		
										
										
										
3000031	3040311	1	-1	-1	-1	0	-1	20		
										
3000031	3040311	3	-1	-1	-1	0	-1	-1		
										
3000031	3040311	5	-1	-1	-1	0	-1	15		
										
										
										
										
3000032	3040211	1	-1	-1	-1	0	-1	-1		
3000032	3040211	2	-1	-1	-1	0	-1	-1		
3000032	3040511	3	-1	-1	-1	0	-1	-1		
3000032	3040611	4	-1	-1	-1	0	-1	-1		
3000032	3040711	5	-1	-1	-1	0	-1	15		
3000032	3040711	6	-1	-1	-1	0	-1	16		
										
										
										
3000033	3040211	1	-1	-1	-1	0	-1	-1		
3000033	3040311	2	-1	-1	-1	0	-1	-1		
3000033	3040511	3	-1	-1	-1	0	-1	-1		
										
3000033	4100411	5	-1	-1	-1	0	-1	-1		
3000033	3040511	6	-1	-1	-1	0	-1	16		
										
3000033	3040711	8	-1	-1	-1	0	-1	18		
3000033	3040711	9	-1	-1	-1	0	-1	-1		
3000034	3040512	1	-1	-1	-1	0	-1	-1		
3000034	3040212	2	-1	-1	-1	0	-1	-1		
3000034	3040512	3	-1	-1	-1	0	-1	-1		
										
3000034	3040512	5	-1	-1	-1	0	-1	15		
										
										
										
										
3000035	3040512	1	-1	-1	-1	0	-1	-1		
3000035	3040512	2	-1	-1	-1	0	-1	-1		
3000035	3040312	3	-1	-1	-1	0	-1	-1		
3000035	3040612	4	-1	-1	-1	0	-1	-1		
3000035	3040712	5	-1	-1	-1	0	-1	15		
										
										
										
										
3000036	3040312	1	-1	-1	-1	0	-1	-1		
3000036	3040312	2	-1	-1	-1	0	-1	-1		
3000036	3040212	3	-1	-1	-1	0	-1	-1		
3000036	3040512	4	-1	-1	-1	0	-1	-1		
3000036	4100412	5	-1	-1	-1	0	-1	15		
3000036	3040612	6	-1	-1	-1	0	-1	-1		
										
										
										
3000037	3040313	1	-1	-1	-1	0	-1	-1		
										
										
										
3000037	3040513	5	-1	-1	-1	0	-1	15		
3000037	3040513	6	-1	-1	-1	0	-1	16		
										
										
										
3000038	3040313	1	-1	-1	-1	0	-1	-1		
3000038	3040313	2	-1	-1	-1	0	-1	-1		
3000038	3040513	3	-1	-1	-1	0	-1	-1		
3000038	3040713	4	-1	-1	-1	0	-1	-1		
3000038	3040713	5	-1	-1	-1	0	-1	15		
3000038	3040613	6	-1	-1	-1	0	-1	16		
										
										
										
3000039	3040313	1	-1	-1	-1	0	-1	20		
3000039	4100413	2	-1	-1	-1	0	-1	-1		
3000039	3040313	3	-1	-1	-1	0	-1	-1		
										
3000039	3040513	5	-1	-1	-1	0	-1	15		
3000039	3040613	6	-1	-1	-1	0	-1	16		
3000039	3040713	7	-1	-1	-1	0	-1	17		
										
										
										
3000040	3040714	2	-1	-1	-1	0	-1	-1		
										
3000040	3040514	4	-1	-1	-1	0	-1	-1		
										
3000040	3040514	6	-1	-1	-1	0	-1	16		
										
										
										
										
3000041	3040314	2	-1	-1	-1	0	-1	-1		
3000041	3040514	3	-1	-1	-1	0	-1	-1		
3000041	3040614	4	-1	-1	-1	0	-1	-1		
3000041	3040714	5	-1	-1	-1	0	-1	15		
3000041	3040614	6	-1	-1	-1	0	-1	16		
										
										
										
3000042	3040314	1	-1	-1	-1	0	-1	-1		
3000042	4100414	2	-1	-1	-1	0	-1	-1		
3000042	3040514	3	-1	-1	-1	0	-1	-1		
										
										
										
3000042	3040714	7	-1	-1	-1	0	-1	-1		
3000042	3040714	8	-1	-1	-1	0	-1	-1		
3000042	3040714	9	-1	-1	-1	0	-1	19		
										
										
3000043	3040215	3	-1	-1	-1	0	-1	-1		
3000043	3040315	4	-1	-1	-1	0	-1	-1		
3000043	3040515	5	-1	-1	-1	0	-1	15		
3000043	3040515	6	-1	-1	-1	0	-1	16		
										
										
										
3000044	3040215	1	-1	-1	-1	0	-1	-1		
3000044	3040515	2	-1	-1	-1	0	-1	-1		
										
3000044	3040615	4	-1	-1	-1	0	-1	-1		
3000044	3040715	5	-1	-1	-1	0	-1	15		
3000044	3040715	6	-1	-1	-1	0	-1	16		
										
										
										
3000045	8930	3	-1	-1	-1	0	1	-1		
										
										
3000046	3040516	2	-1	-1	-1	0	-1	-1		
3000046	3040216	3	-1	-1	-1	0	-1	-1		
3000046	3040516	4	-1	-1	-1	0	-1	-1		
3000046	3040716	5	-1	-1	-1	0	-1	-1		
										
										
										
										
3000047	3040216	1	-1	-1	-1	0	-1	-1		
3000047	3040316	2	-1	-1	-1	0	-1	-1		
3000047	3040516	3	-1	-1	-1	0	-1	-1		
3000047	3040716	4	-1	-1	-1	0	-1	16		
										
3000047	3040616	6	-1	-1	-1	0	-1	-1		
										
										
										
3000048	3040216	1	-1	-1	-1	0	-1	-1		
3000048	4100416	2	-1	-1	-1	0	-1	-1		
3000048	3040316	3	-1	-1	-1	0	-1	15		
3000048	3040616	4	-1	-1	-1	0	-1	16		
3000048	3040716	5	-1	-1	-1	0	-1	17		
3000048	3040516	6	-1	-1	-1	0	-1	-1		
										
										
										
3000049	3040317	1	-1	-1	-1	0	-1	-1		
3000049	3040517	2	-1	-1	-1	0	-1	-1		
										
										
3000049	3040717	5	-1	-1	-1	0	-1	17		
3000049	3040517	6	-1	-1	-1	0	-1	18		
										
										
										
3000050	3040217	1	-1	-1	-1	0	-1	-1		
3000050	3040217	2	-1	-1	-1	0	-1	-1		
3000050	3040517	3	-1	-1	-1	0	-1	15		
3000050	3040617	4	-1	-1	-1	0	-1	16		
3000050	3040717	5	-1	-1	-1	0	-1	-1		
3000050	3040717	6	-1	-1	-1	0	-1	-1		
										
										
										
3000051	3040217	1	-1	-1	-1	0	-1	-1		
3000051	3040317	2	-1	-1	-1	0	-1	-1		
3000051	3040217	3	-1	-1	-1	0	-1	15		
3000051	3040517	4	-1	-1	-1	0	-1	16		
3000051	4100417	5	-1	-1	-1	0	-1	17		
										
3000051	3040617	7	-1	-1	-1	0	-1	19		
										
3000051	3040717	9	-1	-1	-1	0	-1	-1		
										
										
3000052	3040318	3	-1	-1	-1	0	-1	-1		
3000052	3040518	4	-1	-1	-1	0	-1	16		
3000052	3040718	5	-1	-1	-1	0	-1	17		
3000052	3040718	6	-1	-1	-1	0	-1	18		
										
										
										
3000053	3040518	1	-1	-1	-1	0	-1	-1		
3000053	3040518	2	-1	-1	-1	0	-1	-1		
3000053	3040318	3	-1	-1	-1	0	-1	15		
3000053	3040618	4	-1	-1	-1	0	-1	16		
3000053	3040718	5	-1	-1	-1	0	-1	17		
										
										
										
										
3000054	3040318	1	-1	-1	-1	0	-1	-1		
3000054	4100419	2	-1	-1	-1	0	-1	-1		
3000054	3040318	3	-1	-1	-1	0	-1	15		
3000054	3040618	4	-1	-1	-1	0	-1	16		
3000054	3040518	5	-1	-1	-1	0	-1	17		
3000054	3040718	6	-1	-1	-1	0	-1	-1		
										
										
										
3000055	3040319	1	-1	-1	-1	0	-1	-1		
										
										
										
3000055	3040719	5	-1	-1	-1	0	-1	-1		
3000055	3040519	6	-1	-1	-1	0	-1	-1		
										
										
										
3000056	3040319	1	-1	-1	-1	0	-1	-1		
3000056	3040319	2	-1	-1	-1	0	-1	-1		
3000056	3040519	3	-1	-1	-1	0	-1	15		
3000056	3040719	4	-1	-1	-1	0	-1	16		
3000056	3040719	5	-1	-1	-1	0	-1	17		
3000056	3040619	6	-1	-1	-1	0	-1	-1		
										
										
										
3000057	4100419	1	-1	-1	-1	0	-1	-1		
3000057	3040319	2	-1	-1	-1	0	-1	-1		
3000057	3040319	3	-1	-1	-1	0	-1	15		
3000057	3040619	4	-1	-1	-1	0	-1	16		
										
										
										
3000057	3040719	8	-1	-1	-1	0	-1	-1		
3000057	3040719	9	-1	-1	-1	0	-1	-1		
										
3000058	3040520	2	-1	-1	-1	0	-1	-1		
3000058	3040320	3	-1	-1	-1	0	-1	-1		
3000058	3040520	4	-1	-1	-1	0	-1	-1		
3000058	3040720	5	-1	-1	-1	0	-1	17		
										
										
										
										
3000059	3040320	1	-1	-1	-1	0	-1	-1		
3000059	3040320	2	-1	-1	-1	0	-1	-1		
3000059	3040520	3	-1	-1	-1	0	-1	15		
3000059	3040620	4	-1	-1	-1	0	-1	16		
3000059	3040720	5	-1	-1	-1	0	-1	17		
3000059	3040620	6	-1	-1	-1	0	-1	-1		
										
										
										
3000060	8940	3	-1	-1	-1	0	1	-1		
3000061	3040321	1	-1	-1	-1	0	-1	-1		
										
3000061	3040321	3	-1	-1	-1	0	-1	16		
										
3000061	3040321	5	-1	-1	-1	0	-1	-1		
										
										
										
										
3000062	3040221	1	-1	-1	-1	0	-1	-1		
3000062	3040521	2	-1	-1	-1	0	-1	15		
										
3000062	3040621	4	-1	-1	-1	0	-1	-1		
3000062	3040721	5	-1	-1	-1	0	-1	-1		
3000062	3040721	6	-1	-1	-1	0	-1	-1		
										
										
										
3000063	3040321	1	-1	-1	-1	0	-1	-1		
3000063	3040321	2	-1	-1	-1	0	-1	15		
3000063	3040221	3	-1	-1	-1	0	-1	16		
3000063	3040521	4	-1	-1	-1	0	-1	17		
3000063	3040221	5	-1	-1	-1	0	-1	-1		
3000063	3040521	6	-1	-1	-1	0	-1	-1		
3000063	3040721	7	-1	-1	-1	0	-1	-1		
3000063	4100421	8	-1	-1	-1	0	-1	-1		
3000063	3040721	9	-1	-1	-1	0	-1	-1		
3000064	3040522	1	-1	-1	-1	0	-1	-1		
3000064	3040222	2	-1	-1	-1	0	-1	15		
3000064	3040522	3	-1	-1	-1	0	-1	16		
										
3000064	3040522	5	-1	-1	-1	0	-1	-1		
										
										
										
										
3000065	3040222	1	-1	-1	-1	0	-1	-1		
3000065	3040322	2	-1	-1	-1	0	-1	-1		
3000065	3040522	3	-1	-1	-1	0	-1	16		
3000065	3040722	4	-1	-1	-1	0	-1	17		
3000065	3040722	5	-1	-1	-1	0	-1	18		
3000065	3040622	6	-1	-1	-1	0	-1	-1		
										
										
										
3000066	3040322	1	-1	-1	-1	0	-1	-1		
3000066	4100423	2	-1	-1	-1	0	-1	15		
3000066	3040322	3	-1	-1	-1	0	-1	16		
3000066	3040722	4	-1	-1	-1	0	-1	17		
3000066	3040622	5	-1	-1	-1	0	-1	-1		
3000066	3040122	6	-1	-1	-1	0	-1	-1		
										
3000066	3040722	8	-1	-1	-1	0	-1	-1		
3000066	3040722	9	-1	-1	-1	0	-1	-1		
3000067	3040323	1	-1	-1	-1	0	-1	-1		
										
3000067	3040523	3	-1	-1	-1	0	-1	16		
										
3000067	3040523	5	-1	-1	-1	0	-1	-1		
3000067	3040723	6	-1	-1	-1	0	-1	-1		
										
										
										
3000068	3040223	1	-1	-1	-1	0	-1	-1		
3000068	3040223	2	-1	-1	-1	0	-1	15		
3000068	3040523	3	-1	-1	-1	0	-1	-1		
3000068	3040623	4	-1	-1	-1	0	-1	17		
3000068	3040723	5	-1	-1	-1	0	-1	-1		
3000068	3040723	6	-1	-1	-1	0	-1	19		
										
										
										
3000069	3040223	1	-1	-1	-1	0	-1	-1		
3000069	4100423	2	-1	-1	-1	0	-1	15		
3000069	3040323	3	-1	-1	-1	0	-1	16		
3000069	3040123	4	-1	-1	-1	0	-1	-1		
3000069	3040623	5	-1	-1	-1	0	-1	-1		
3000069	3040523	6	-1	-1	-1	0	-1	-1		
3000069	3040123	7	-1	-1	-1	0	-1	-1		
3000069	3040723	8	-1	-1	-1	0	-1	-1		
3000069	3040723	9	-1	-1	-1	0	-1	-1		
3000070	3040224	1	-1	-1	-1	0	-1	-1		
3000070	3040724	2	-1	-1	-1	0	-1	15		
										
3000070	3040524	4	-1	-1	-1	0	-1	17		
										
3000070	3040524	6	-1	-1	-1	0	-1	19		
										
										
										
3000071	3040524	1	-1	-1	-1	0	-1	-1		
3000071	3040524	2	-1	-1	-1	0	-1	15		
3000071	3040324	3	-1	-1	-1	0	-1	16		
3000071	3040624	4	-1	-1	-1	0	-1	17		
3000071	3040724	5	-1	-1	-1	0	-1	-1		
										
										
										
										
3000072	3040324	1	-1	-1	-1	0	-1	-1		
3000072	3040324	2	-1	-1	-1	0	-1	15		
3000072	3040324	3	-1	-1	-1	0	-1	16		
3000072	3040724	4	-1	-1	-1	0	-1	17		
3000072	3040524	5	-1	-1	-1	0	-1	-1		
3000072	3040524	6	-1	-1	-1	0	-1	-1		
										
3000072	4100424	8	-1	-1	-1	0	-1	-1		
3000072	3040724	9	-1	-1	-1	0	-1	-1		
3000073	3040225	1	-1	-1	-1	0	-1	-1		
3000073	3040325	2	-1	-1	-1	0	-1	15		
3000073	3040525	3	-1	-1	-1	0	-1	16		
3000073	3040725	4	-1	-1	-1	0	-1	17		
										
										
										
										
										
3000074	3040325	1	-1	-1	-1	0	-1	-1		
3000074	3040325	2	-1	-1	-1	0	-1	15		
3000074	3040525	3	-1	-1	-1	0	-1	-1		
3000074	3040725	4	-1	-1	-1	0	-1	17		
3000074	3040725	5	-1	-1	-1	0	-1	-1		
3000074	3040625	6	-1	-1	-1	0	-1	19		
										
										
										
3000075	8950	3	-1	-1	-1	0	1	-1		
3000076	3040126	1	-1	-1	-1	0	-1	15		
3000076	3040126	2	-1	-1	-1	0	-1	16		
3000076	3040326	3	-1	-1	-1	0	-1	17		
										
3000076	3040726	5	-1	-1	-1	0	-1	-1		
										
										
										
										
										
3000077	3040326	2	-1	-1	-1	0	-1	16		
3000077	3040526	3	-1	-1	-1	0	-1	17		
3000077	3040626	4	-1	-1	-1	0	-1	18		
3000077	3040726	5	-1	-1	-1	0	-1	-1		
3000077	3040626	6	-1	-1	-1	0	-1	20		
										
										
										
3000078	3040326	1	-1	-1	-1	0	-1	15		
3000078	3040326	2	-1	-1	-1	0	-1	-1		
3000078	3040326	3	-1	-1	-1	0	-1	-1		
3000078	3040726	4	-1	-1	-1	0	-1	18		
										
3000078	3040126	6	-1	-1	-1	0	-1	20		
3000078	3040126	7	-1	-1	-1	0	-1	-1		
3000078	4100426	8	-1	-1	-1	0	-1	-1		
3000078	3040726	9	-1	-1	-1	0	-1	-1		
3000079	3040327	1	-1	-1	-1	0	-1	15		
										
3000079	3040227	3	-1	-1	-1	0	-1	17		
										
3000079	3040727	5	-1	-1	-1	0	-1	-1		
										
										
										
										
3000080	3040227	1	-1	-1	-1	0	-1	15		
3000080	3040527	2	-1	-1	-1	0	-1	16		
										
3000080	3040627	4	-1	-1	-1	0	-1	-1		
3000080	3040727	5	-1	-1	-1	0	-1	19		
3000080	3040727	6	-1	-1	-1	0	-1	20		
										
										
										
3000081	3040227	1	-1	-1	-1	0	-1	15		
3000081	3040327	2	-1	-1	-1	0	-1	16		
3000081	3040327	3	-1	-1	-1	0	-1	17		
3000081	3040127	4	-1	-1	-1	0	-1	-1		
3000081	4100427	5	-1	-1	-1	0	-1	-1		
3000081	3040127	6	-1	-1	-1	0	-1	-1		
3000081	3040127	7	-1	-1	-1	0	-1	-1		
3000081	3040127	8	-1	-1	-1	0	-1	-1		
3000081	3040727	9	-1	-1	-1	0	-1	-1		
3000082	3040128	1	-1	-1	-1	0	-1	15		
3000082	3040128	2	-1	-1	-1	0	-1	16		
										
3000082	3040528	4	-1	-1	-1	0	-1	-1		
3000082	3040728	5	-1	-1	-1	0	-1	-1		
3000082	3040228	6	-1	-1	-1	0	-1	-1		
										
										
										
3000083	3040228	1	-1	-1	-1	0	-1	15		
3000083	3040328	2	-1	-1	-1	0	-1	16		
3000083	3040528	3	-1	-1	-1	0	-1	17		
3000083	3040728	4	-1	-1	-1	0	-1	18		
3000083	3040728	5	-1	-1	-1	0	-1	19		
3000083	3040628	6	-1	-1	-1	0	-1	-1		
										
										
										
3000084	3040228	1	-1	-1	-1	0	-1	15		
3000084	3040328	2	-1	-1	-1	0	-1	16		
3000084	3040328	3	-1	-1	-1	0	-1	17		
3000084	3040728	4	-1	-1	-1	0	-1	-1		
3000084	3040128	5	-1	-1	-1	0	-1	-1		
3000084	3040128	6	-1	-1	-1	0	-1	-1		
3000084	3040728	7	-1	-1	-1	0	-1	-1		
3000084	4100428	8	-1	-1	-1	0	-1	-1		
3000084	3040128	9	-1	-1	-1	0	-1	-1		
										
3000085	3040129	2	-1	-1	-1	0	-1	16		
										
3000085	3040729	4	-1	-1	-1	0	-1	-1		
3000085	3040629	5	-1	-1	-1	0	-1	-1		
3000085	3040729	6	-1	-1	-1	0	-1	-1		
										
										
										
3000086	3040229	1	-1	-1	-1	0	-1	15		
3000086	3040229	2	-1	-1	-1	0	-1	16		
3000086	3040529	3	-1	-1	-1	0	-1	17		
3000086	3040629	4	-1	-1	-1	0	-1	-1		
3000086	3040729	5	-1	-1	-1	0	-1	-1		
3000086	3040729	6	-1	-1	-1	0	-1	20		
										
										
										
3000087	3040329	1	-1	-1	-1	0	-1	15		
3000087	3040229	2	-1	-1	-1	0	-1	-1		
3000087	3040329	3	-1	-1	-1	0	-1	17		
3000087	3040129	4	-1	-1	-1	0	-1	-1		
3000087	3040729	5	-1	-1	-1	0	-1	-1		
3000087	3040529	6	-1	-1	-1	0	-1	-1		
3000087	3040729	7	-1	-1	-1	0	-1	-1		
3000087	4100429	8	-1	-1	-1	0	-1	-1		
3000087	3040129	9	-1	-1	-1	0	-1	-1		
3000088	3040230	1	-1	-1	-1	0	-1	15		
3000088	3040330	2	-1	-1	-1	0	-1	16		
3000088	3040130	3	-1	-1	-1	0	-1	-1		
3000088	3040730	4	-1	-1	-1	0	-1	-1		
										
3000088	3040730	6	-1	-1	-1	0	-1	-1		
										
										
										
3000089	3040330	1	-1	-1	-1	0	-1	15		
3000089	3040230	2	-1	-1	-1	0	-1	16		
3000089	3040530	3	-1	-1	-1	0	-1	17		
3000089	3040730	4	-1	-1	-1	0	-1	18		
3000089	3040530	5	-1	-1	-1	0	-1	-1		
3000089	3040730	6	-1	-1	-1	0	-1	20		
										
										
										
3000090	8940	3	-1	-1	-1	0	1	15		
3000091	3051301	1	-1	-1	-1	0	-1	16		
3000091	3051301	2	-1	-1	-1	0	-1	-1		
3000091	3050801	3	-1	-1	-1	0	-1	18		
										
3000091	3051401	5	-1	-1	-1	0	-1	20		
3000091	3051301	6	-1	-1	-1	0	-1	-1		
										
										
										
3000092	3051301	1	-1	-1	-1	0	-1	16		
3000092	3051001	2	-1	-1	-1	0	-1	17		
3000092	3051201	3	-1	-1	-1	0	-1	-1		
3000092	3051001	4	-1	-1	-1	0	-1	-1		
3000092	3051401	5	-1	-1	-1	0	-1	-1		
3000092	3050801	6	-1	-1	-1	0	-1	-1		
										
										
										
3000093	3051001	1	-1	-1	-1	0	-1	16		
3000093	3051301	2	-1	-1	-1	0	-1	17		
3000093	3051001	3	-1	-1	-1	0	-1	-1		
3000093	3051301	4	-1	-1	-1	0	-1	19		
3000093	4100502	5	-1	-1	-1	0	-1	20		
										
3000093	3051401	7	-1	-1	-1	0	-1	-1		
3000093	3050901	8	-1	-1	-1	0	-1	23		
3000093	3051301	9	-1	-1	-1	0	-1	-1		
3000094	3051002	1	-1	-1	-1	0	-1	16		
3000094	3051302	2	-1	-1	-1	0	-1	-1		
3000094	3051302	3	-1	-1	-1	0	-1	-1		
										
3000094	3051002	5	-1	-1	-1	0	-1	-1		
3000094	3050802	6	-1	-1	-1	0	-1	-1		
										
										
										
3000095	3051002	1	-1	-1	-1	0	-1	16		
3000095	3051002	2	-1	-1	-1	0	-1	17		
3000095	3051002	3	-1	-1	-1	0	-1	-1		
										
										
3000095	3050802	6	-1	-1	-1	0	-1	-1		
3000095	3051302	7	-1	-1	-1	0	-1	-1		
3000095	3051302	8	-1	-1	-1	0	-1	-1		
										
3000096	3051002	1	-1	-1	-1	0	-1	16		
3000096	3050802	2	-1	-1	-1	0	-1	17		
3000096	3050902	3	-1	-1	-1	0	-1	18		
										
3000096	4100502	5	-1	-1	-1	0	-1	20		
3000096	3051302	6	-1	-1	-1	0	-1	-1		
3000096	3051302	7	-1	-1	-1	0	-1	-1		
3000096	3051402	8	-1	-1	-1	0	-1	23		
3000096	3051402	9	-1	-1	-1	0	-1	15		
										
										
3000097	3051003	3	-1	-1	-1	0	-1	-1		
3000097	3051203	4	-1	-1	-1	0	-1	-1		
3000097	3051303	5	-1	-1	-1	0	-1	-1		
										
										
										
										
3000098	3050903	1	-1	-1	-1	0	-1	16		
3000098	3051203	2	-1	-1	-1	0	-1	17		
										
3000098	3051303	4	-1	-1	-1	0	-1	19		
3000098	3051303	5	-1	-1	-1	0	-1	-1		
3000098	3051403	6	-1	-1	-1	0	-1	-1		
										
										
										
										
3000099	3051003	2	-1	-1	-1	0	-1	17		
3000099	3051003	3	-1	-1	-1	0	-1	-1		
3000099	3051203	4	-1	-1	-1	0	-1	-1		
										
3000099	3051203	6	-1	-1	-1	0	-1	-1		
3000099	3051303	7	-1	-1	-1	0	-1	-1		
3000099	4100503	8	-1	-1	-1	0	-1	-1		
3000099	3051403	9	-1	-1	-1	0	-1	-1		
3000100	3051204	1	-1	-1	-1	0	-1	-1		
3000100	3050904	2	-1	-1	-1	0	-1	17		
										
										
										
3000100	3051204	6	-1	-1	-1	0	-1	-1		
										
										
										
3000101	3050904	1	-1	-1	-1	0	-1	16		
3000101	3051004	2	-1	-1	-1	0	-1	17		
3000101	3051204	3	-1	-1	-1	0	-1	18		
3000101	3051304	4	-1	-1	-1	0	-1	-1		
										
3000101	3051404	6	-1	-1	-1	0	-1	-1		
										
3000101	3051304	8	-1	-1	-1	0	-1	-1		
										
3000102	3051004	1	-1	-1	-1	0	-1	-1		
3000102	3051004	2	-1	-1	-1	0	-1	17		
3000102	3051304	3	-1	-1	-1	0	-1	-1		
3000102	3051204	4	-1	-1	-1	0	-1	19		
3000102	3051204	5	-1	-1	-1	0	-1	-1		
3000102	3051204	6	-1	-1	-1	0	-1	-1		
3000102	3051404	7	-1	-1	-1	0	-1	22		
3000102	4100504	8	-1	-1	-1	0	-1	-1		
										
3000103	3051005	1	-1	-1	-1	0	-1	-1		
3000103	3050905	2	-1	-1	-1	0	-1	-1		
										
										
3000103	3051305	5	-1	-1	-1	0	-1	20		
3000103	3051205	6	-1	-1	-1	0	-1	-1		
										
										
										
3000104	3050905	1	-1	-1	-1	0	-1	16		
3000104	3050905	2	-1	-1	-1	0	-1	17		
3000104	3051205	3	-1	-1	-1	0	-1	-1		
3000104	3051405	4	-1	-1	-1	0	-1	-1		
3000104	3051305	5	-1	-1	-1	0	-1	20		
										
										
										
3000104	3051305	9	-1	-1	-1	0	-1	15		
3000105	8970	3	-1	-1	-1	0	1	16		
										
										
3000106	3050906	2	-1	-1	-1	0	-1	19		
										
3000106	3051206	4	-1	-1	-1	0	-1	-1		
3000106	3051306	5	-1	-1	-1	0	-1	-1		
3000106	3051206	6	-1	-1	-1	0	-1	-1		
										
										
										
3000107	3051206	1	-1	-1	-1	0	-1	18		
3000107	3051206	2	-1	-1	-1	0	-1	-1		
3000107	3051006	3	-1	-1	-1	0	-1	-1		
3000107	3051406	4	-1	-1	-1	0	-1	-1		
3000107	3051306	5	-1	-1	-1	0	-1	-1		
										
										
										
										
3000108	3051006	1	-1	-1	-1	0	-1	-1		
3000108	3051006	2	-1	-1	-1	0	-1	-1		
3000108	4100507	3	-1	-1	-1	0	-1	-1		
3000108	3051306	4	-1	-1	-1	0	-1	-1		
										
										
										
3000108	3051306	8	-1	-1	-1	0	-1	16		
3000108	3051406	9	-1	-1	-1	0	-1	17		
										
3000109	3051007	2	-1	-1	-1	0	-1	-1		
3000109	3051207	3	-1	-1	-1	0	-1	20		
3000109	3051207	4	-1	-1	-1	0	-1	-1		
3000109	3051307	5	-1	-1	-1	0	-1	-1		
										
										
										
										
3000110	3051007	1	-1	-1	-1	0	-1	-1		
3000110	3051007	2	-1	-1	-1	0	-1	-1		
3000110	3051207	3	-1	-1	-1	0	-1	20		
										
										
3000110	3051407	6	-1	-1	-1	0	-1	-1		
3000110	3051307	7	-1	-1	-1	0	-1	15		
3000110	3051307	8	-1	-1	-1	0	-1	16		
										
3000111	4100507	1	-1	-1	-1	0	-1	-1		
3000111	3051007	2	-1	-1	-1	0	-1	-1		
3000111	3051007	3	-1	-1	-1	0	-1	-1		
3000111	3051407	4	-1	-1	-1	0	-1	-1		
3000111	3051207	5	-1	-1	-1	0	-1	-1		
3000111	3051307	6	-1	-1	-1	0	-1	-1		
3000111	3051307	7	-1	-1	-1	0	-1	15		
3000111	3051307	8	-1	-1	-1	0	-1	16		
3000111	3051307	9	-1	-1	-1	0	-1	-1		
										
3000112	3051208	2	-1	-1	-1	0	-1	19		
										
3000112	3051408	4	-1	-1	-1	0	-1	-1		
3000112	3051308	5	-1	-1	-1	0	-1	-1		
3000112	3051308	6	-1	-1	-1	0	-1	-1		
										
										
										
										
3000113	3051008	2	-1	-1	-1	0	-1	-1		
3000113	3051208	3	-1	-1	-1	0	-1	20		
3000113	3051408	4	-1	-1	-1	0	-1	-1		
										
3000113	3051408	6	-1	-1	-1	0	-1	-1		
										
3000113	3051308	8	-1	-1	-1	0	-1	16		
										
3000114	3051008	1	-1	-1	-1	0	-1	-1		
3000114	3051008	2	-1	-1	-1	0	-1	-1		
3000114	3050908	3	-1	-1	-1	0	-1	-1		
3000114	3051408	4	-1	-1	-1	0	-1	-1		
3000114	3051208	5	-1	-1	-1	0	-1	-1		
										
										
3000114	4100508	8	-1	-1	-1	0	-1	16		
3000114	3051308	9	-1	-1	-1	0	-1	17		
3000115	3051009	1	-1	-1	-1	0	-1	-1		
										
										
										
3000115	3051309	5	-1	-1	-1	0	-1	-1		
3000115	3051209	6	-1	-1	-1	0	-1	-1		
										
										
										
3000116	3050909	1	-1	-1	-1	0	-1	18		
3000116	3051209	2	-1	-1	-1	0	-1	-1		
										
3000116	3051409	4	-1	-1	-1	0	-1	-1		
3000116	3051309	5	-1	-1	-1	0	-1	-1		
3000116	3051309	6	-1	-1	-1	0	-1	-1		
										
										
										
3000117	3051009	1	-1	-1	-1	0	-1	-1		
3000117	3051009	2	-1	-1	-1	0	-1	-1		
3000117	3051009	3	-1	-1	-1	0	-1	-1		
3000117	4100509	4	-1	-1	-1	0	-1	-1		
3000117	3051209	5	-1	-1	-1	0	-1	-1		
										
										
3000117	3051309	8	-1	-1	-1	0	-1	16		
3000117	3051309	9	-1	-1	-1	0	-1	17		
										
3000118	3051210	2	-1	-1	-1	0	-1	-1		
3000118	3051010	3	-1	-1	-1	0	-1	-1		
3000118	3051210	4	-1	-1	-1	0	-1	-1		
3000118	3051310	5	-1	-1	-1	0	-1	-1		
										
										
										
										
										
3000119	3051010	2	-1	-1	-1	0	-1	-1		
3000119	3051210	3	-1	-1	-1	0	-1	-1		
3000119	3051310	4	-1	-1	-1	0	-1	-1		
3000119	3050910	5	-1	-1	-1	0	-1	-1		
3000119	3051410	6	-1	-1	-1	0	-1	-1		
										
										
										
3000120	9250	3	-1	-1	-1	0	-1	-1		
3000121	3051011	1	-1	-1	-1	0	-1	-1		
										
3000121	3051011	3	-1	-1	-1	0	-1	-1		
										
3000121	3051011	5	-1	-1	-1	0	-1	-1		
										
										
										
										
3000122	3050911	1	-1	-1	-1	0	-1	19		
3000122	3050911	2	-1	-1	-1	0	-1	-1		
3000122	3051211	3	-1	-1	-1	0	-1	-1		
3000122	3051411	4	-1	-1	-1	0	-1	-1		
3000122	3051311	5	-1	-1	-1	0	-1	-1		
3000122	3051311	6	-1	-1	-1	0	-1	-1		
										
										
										
3000123	3050911	1	-1	-1	-1	0	-1	-1		
3000123	4100511	2	-1	-1	-1	0	-1	-1		
3000123	3051211	3	-1	-1	-1	0	-1	-1		
3000123	3051311	4	-1	-1	-1	0	-1	-1		
										
3000123	3051211	6	-1	-1	-1	0	-1	-1		
										
3000123	3051311	8	-1	-1	-1	0	-1	17		
3000123	3051411	9	-1	-1	-1	0	-1	-1		
3000124	3051212	1	-1	-1	-1	0	-1	-1		
3000124	3050912	2	-1	-1	-1	0	-1	-1		
3000124	3051212	3	-1	-1	-1	0	-1	-1		
										
3000124	3051212	5	-1	-1	-1	0	-1	-1		
										
										
										
										
3000125	3051212	1	-1	-1	-1	0	-1	19		
3000125	3051212	2	-1	-1	-1	0	-1	-1		
3000125	3051012	3	-1	-1	-1	0	-1	-1		
3000125	3051412	4	-1	-1	-1	0	-1	-1		
3000125	3051312	5	-1	-1	-1	0	-1	-1		
										
										
										
										
3000126	3051012	1	-1	-1	-1	0	-1	-1		
3000126	4100512	2	-1	-1	-1	0	-1	20		
3000126	3050912	3	-1	-1	-1	0	-1	-1		
3000126	3051212	4	-1	-1	-1	0	-1	-1		
										
3000126	3051412	6	-1	-1	-1	0	-1	15		
										
3000126	3051312	8	-1	-1	-1	0	-1	-1		
										
3000127	3051013	1	-1	-1	-1	0	-1	-1		
										
										
										
3000127	3051213	5	-1	-1	-1	0	-1	-1		
3000127	3051213	6	-1	-1	-1	0	-1	15		
										
										
										
3000128	3051013	1	-1	-1	-1	0	-1	19		
3000128	3051013	2	-1	-1	-1	0	-1	-1		
3000128	3051213	3	-1	-1	-1	0	-1	-1		
										
3000128	3051313	5	-1	-1	-1	0	-1	-1		
3000128	3051413	6	-1	-1	-1	0	-1	-1		
3000128	3051313	7	-1	-1	-1	0	-1	16		
										
										
3000129	3051013	1	-1	-1	-1	0	-1	-1		
3000129	3050913	2	-1	-1	-1	0	-1	-1		
3000129	3051013	3	-1	-1	-1	0	-1	-1		
										
										
3000129	3051413	6	-1	-1	-1	0	-1	-1		
3000129	3051313	7	-1	-1	-1	0	-1	16		
3000129	4100513	8	-1	-1	-1	0	-1	17		
										
										
3000130	3051314	2	-1	-1	-1	0	-1	-1		
										
3000130	3051214	4	-1	-1	-1	0	-1	-1		
										
3000130	3051214	6	-1	-1	-1	0	-1	15		
										
										
										
3000131	3051014	1	-1	-1	-1	0	-1	-1		
3000131	3051014	2	-1	-1	-1	0	-1	-1		
3000131	3051214	3	-1	-1	-1	0	-1	-1		
3000131	3051414	4	-1	-1	-1	0	-1	-1		
3000131	3051314	5	-1	-1	-1	0	-1	-1		
3000131	3051414	6	-1	-1	-1	0	-1	15		
										
										
										
3000132	3051014	1	-1	-1	-1	0	-1	19		
3000132	3051014	2	-1	-1	-1	0	-1	-1		
3000132	3051214	3	-1	-1	-1	0	-1	-1		
										
3000132	4100514	5	-1	-1	-1	0	-1	-1		
										
3000132	3051314	7	-1	-1	-1	0	-1	16		
										
3000132	3051314	9	-1	-1	-1	0	-1	-1		
										
										
3000133	3050915	3	-1	-1	-1	0	-1	-1		
3000133	3051015	4	-1	-1	-1	0	-1	-1		
3000133	3051215	5	-1	-1	-1	0	-1	-1		
3000133	3051215	6	-1	-1	-1	0	-1	15		
										
										
										
3000134	3050915	1	-1	-1	-1	0	-1	-1		
3000134	3051215	2	-1	-1	-1	0	-1	20		
										
3000134	3051415	4	-1	-1	-1	0	-1	-1		
3000134	3051315	5	-1	-1	-1	0	-1	-1		
3000134	3051315	6	-1	-1	-1	0	-1	15		
										
										
										
3000135	8980	3	-1	-1	-1	0	1	19		
										
										
										
3000136	3051216	2	-1	-1	-1	0	-1	-1		
3000136	3050916	3	-1	-1	-1	0	-1	15		
3000136	3051216	4	-1	-1	-1	0	-1	16		
3000136	3051316	5	-1	-1	-1	0	-1	17		
										
										
										
										
3000137	3050916	1	-1	-1	-1	0	-1	-1		
3000137	3051016	2	-1	-1	-1	0	-1	-1		
3000137	3051216	3	-1	-1	-1	0	-1	15		
3000137	3051316	4	-1	-1	-1	0	-1	16		
3000137	3051416	5	-1	-1	-1	0	-1	17		
										
										
										
3000137	3051316	9	-1	-1	-1	0	-1	-1		
3000138	3050916	1	-1	-1	-1	0	-1	-1		
3000138	4100516	2	-1	-1	-1	0	-1	-1		
3000138	3051016	3	-1	-1	-1	0	-1	15		
3000138	3051416	4	-1	-1	-1	0	-1	-1		
										
3000138	3051216	6	-1	-1	-1	0	-1	-1		
										
3000138	3051316	8	-1	-1	-1	0	-1	20		
										
3000139	3051017	1	-1	-1	-1	0	-1	-1		
3000139	3051217	2	-1	-1	-1	0	-1	-1		
										
										
3000139	3051317	5	-1	-1	-1	0	-1	17		
3000139	3051217	6	-1	-1	-1	0	-1	-1		
										
										
										
3000140	3050917	1	-1	-1	-1	0	-1	-1		
										
3000140	3051217	3	-1	-1	-1	0	-1	15		
3000140	3051417	4	-1	-1	-1	0	-1	16		
3000140	3051317	5	-1	-1	-1	0	-1	17		
3000140	3051317	6	-1	-1	-1	0	-1	-1		
										
3000140	3050917	8	-1	-1	-1	0	-1	-1		
										
3000141	3050917	1	-1	-1	-1	0	-1	-1		
3000141	4100518	2	-1	-1	-1	0	-1	-1		
3000141	3050917	3	-1	-1	-1	0	-1	-1		
										
3000141	3051217	5	-1	-1	-1	0	-1	-1		
										
3000141	3051417	7	-1	-1	-1	0	-1	-1		
										
3000141	3051317	9	-1	-1	-1	0	-1	-1		
										
										
3000142	3051018	3	-1	-1	-1	0	-1	15		
3000142	3051218	4	-1	-1	-1	0	-1	16		
3000142	3051318	5	-1	-1	-1	0	-1	17		
3000142	3051318	6	-1	-1	-1	0	-1	-1		
										
										
										
3000143	3051218	1	-1	-1	-1	0	-1	-1		
3000143	3051218	2	-1	-1	-1	0	-1	-1		
3000143	3051018	3	-1	-1	-1	0	-1	15		
3000143	3051418	4	-1	-1	-1	0	-1	16		
3000143	3051318	5	-1	-1	-1	0	-1	17		
										
										
										
										
3000144	3051018	1	-1	-1	-1	0	-1	-1		
3000144	4100518	2	-1	-1	-1	0	-1	-1		
3000144	3051018	3	-1	-1	-1	0	-1	-1		
3000144	3051418	4	-1	-1	-1	0	-1	-1		
3000144	3051218	5	-1	-1	-1	0	-1	17		
3000144	3051318	6	-1	-1	-1	0	-1	18		
										
										
										
3000145	3051019	1	-1	-1	-1	0	-1	-1		
										
										
										
3000145	3051319	5	-1	-1	-1	0	-1	-1		
3000145	3051219	6	-1	-1	-1	0	-1	-1		
										
										
										
										
3000146	3051019	2	-1	-1	-1	0	-1	-1		
3000146	3051219	3	-1	-1	-1	0	-1	15		
3000146	3051319	4	-1	-1	-1	0	-1	16		
										
3000146	3051419	6	-1	-1	-1	0	-1	-1		
3000146	3051019	7	-1	-1	-1	0	-1	-1		
3000146	3051319	8	-1	-1	-1	0	-1	-1		
										
3000147	3051019	1	-1	-1	-1	0	-1	-1		
3000147	3051019	2	-1	-1	-1	0	-1	-1		
3000147	3051019	3	-1	-1	-1	0	-1	-1		
3000147	3051419	4	-1	-1	-1	0	-1	16		
										
										
										
3000147	4100519	8	-1	-1	-1	0	-1	-1		
3000147	3051319	9	-1	-1	-1	0	-1	-1		
										
3000148	3051220	2	-1	-1	-1	0	-1	-1		
3000148	3051020	3	-1	-1	-1	0	-1	15		
3000148	3051220	4	-1	-1	-1	0	-1	16		
3000148	3051320	5	-1	-1	-1	0	-1	17		
										
										
										
										
3000149	8990	3	-1	-1	-1	0	1	-1		
										
										
										
										
3000150	3051020	1	-1	-1	-1	0	-1	-1		
3000150	3051020	2	-1	-1	-1	0	-1	-1		
3000150	3051020	3	-1	-1	-1	0	-1	20		
3000150	3051420	4	-1	-1	-1	0	-1	-1		
3000150	3051420	5	-1	-1	-1	0	-1	-1		
										
										
										
3000150	3051320	9	-1	-1	-1	0	-1	-1		
3000151	3051021	1	-1	-1	-1	0	-1	-1		
										
3000151	3051021	3	-1	-1	-1	0	-1	20		
										
3000151	3051021	5	-1	-1	-1	0	-1	-1		
										
										
										
										
3000152	3050921	1	-1	-1	-1	0	-1	-1		
3000152	3051221	2	-1	-1	-1	0	-1	-1		
										
3000152	3051421	4	-1	-1	-1	0	-1	-1		
										
3000152	3051321	6	-1	-1	-1	0	-1	-1		
										
3000152	3051321	8	-1	-1	-1	0	-1	16		
										
										
3000153	3051021	2	-1	-1	-1	0	-1	19		
3000153	3050921	3	-1	-1	-1	0	-1	-1		
3000153	3051221	4	-1	-1	-1	0	-1	-1		
3000153	4100521	5	-1	-1	-1	0	-1	-1		
										
3000153	3051321	7	-1	-1	-1	0	-1	-1		
										
3000153	3051321	9	-1	-1	-1	0	-1	17		
3000154	3051222	1	-1	-1	-1	0	-1	18		
3000154	3050922	2	-1	-1	-1	0	-1	-1		
3000154	3051222	3	-1	-1	-1	0	-1	-1		
										
3000154	3051222	5	-1	-1	-1	0	-1	-1		
										
										
										
										
3000155	3050922	1	-1	-1	-1	0	-1	-1		
3000155	3051022	2	-1	-1	-1	0	-1	-1		
3000155	3051222	3	-1	-1	-1	0	-1	-1		
3000155	3051322	4	-1	-1	-1	0	-1	-1		
										
										
										
3000155	3051422	8	-1	-1	-1	0	-1	16		
3000155	3051322	9	-1	-1	-1	0	-1	17		
3000156	3051022	1	-1	-1	-1	0	-1	-1		
3000156	4100523	2	-1	-1	-1	0	-1	19		
3000156	3051022	3	-1	-1	-1	0	-1	-1		
3000156	3051322	4	-1	-1	-1	0	-1	-1		
3000156	3051422	5	-1	-1	-1	0	-1	-1		
3000156	3050822	6	-1	-1	-1	0	-1	-1		
										
										
3000156	3051322	9	-1	-1	-1	0	-1	-1		
3000157	3051023	1	-1	-1	-1	0	-1	-1		
										
3000157	3051223	3	-1	-1	-1	0	-1	20		
										
3000157	3051223	5	-1	-1	-1	0	-1	-1		
3000157	3051323	6	-1	-1	-1	0	-1	-1		
										
										
										
3000158	3050923	1	-1	-1	-1	0	-1	-1		
3000158	3051323	2	-1	-1	-1	0	-1	-1		
3000158	3051223	3	-1	-1	-1	0	-1	-1		
3000158	3051423	4	-1	-1	-1	0	-1	21		
3000158	3051323	5	-1	-1	-1	0	-1	-1		
3000158	3051323	6	-1	-1	-1	0	-1	-1		
										
3000158	3050923	8	-1	-1	-1	0	-1	16		
										
3000159	3050923	1	-1	-1	-1	0	-1	-1		
3000159	4100523	2	-1	-1	-1	0	-1	-1		
3000159	3051023	3	-1	-1	-1	0	-1	-1		
3000159	3050823	4	-1	-1	-1	0	-1	-1		
3000159	3051423	5	-1	-1	-1	0	-1	-1		
3000159	3051223	6	-1	-1	-1	0	-1	-1		
3000159	3050823	7	-1	-1	-1	0	-1	-1		
3000159	3051323	8	-1	-1	-1	0	-1	16		
3000159	3051323	9	-1	-1	-1	0	-1	17		
3000160	3050924	1	-1	-1	-1	0	-1	18		
3000160	3051324	2	-1	-1	-1	0	-1	-1		
										
3000160	3051224	4	-1	-1	-1	0	-1	-1		
										
3000160	3051224	6	-1	-1	-1	0	-1	-1		
										
										
										
3000161	3051024	1	-1	-1	-1	0	-1	-1		
3000161	3050924	2	-1	-1	-1	0	-1	-1		
3000161	3051224	3	-1	-1	-1	0	-1	-1		
										
3000161	3051224	5	-1	-1	-1	0	-1	-1		
										
3000161	3051324	7	-1	-1	-1	0	-1	15		
										
3000161	3051324	9	-1	-1	-1	0	-1	17		
3000162	3051024	1	-1	-1	-1	0	-1	-1		
3000162	3051024	2	-1	-1	-1	0	-1	-1		
3000162	3051024	3	-1	-1	-1	0	-1	-1		
3000162	3051324	4	-1	-1	-1	0	-1	-1		
3000162	3051224	5	-1	-1	-1	0	-1	-1		
3000162	3051224	6	-1	-1	-1	0	-1	-1		
										
3000162	4100524	8	-1	-1	-1	0	-1	-1		
3000162	3051324	9	-1	-1	-1	0	-1	17		
3000163	3050925	1	-1	-1	-1	0	-1	-1		
3000163	3051025	2	-1	-1	-1	0	-1	19		
3000163	3051225	3	-1	-1	-1	0	-1	-1		
3000163	3051325	4	-1	-1	-1	0	-1	-1		
										
										
										
										
										
3000164	3051025	1	-1	-1	-1	0	-1	-1		
3000164	3051025	2	-1	-1	-1	0	-1	-1		
3000164	3051025	3	-1	-1	-1	0	-1	-1		
										
3000164	3051425	5	-1	-1	-1	0	-1	-1		
										
										
										
										
3000165	8990	3	-1	-1	-1	0	1	18		
3000166	3050826	1	-1	-1	-1	0	-1	19		
3000166	3050826	2	-1	-1	-1	0	-1	-1		
3000166	3051026	3	-1	-1	-1	0	-1	-1		
										
3000166	3051326	5	-1	-1	-1	0	-1	-1		
										
										
										
										
										
3000167	3051026	2	-1	-1	-1	0	-1	-1		
3000167	3051226	3	-1	-1	-1	0	-1	-1		
3000167	3051326	4	-1	-1	-1	0	-1	-1		
3000167	3051426	5	-1	-1	-1	0	-1	-1		
										
										
										
										
3000168	3051026	1	-1	-1	-1	0	-1	-1		
3000168	3051026	2	-1	-1	-1	0	-1	-1		
3000168	3051026	3	-1	-1	-1	0	-1	-1		
3000168	3051326	4	-1	-1	-1	0	-1	-1		
										
3000168	3050826	6	-1	-1	-1	0	-1	15		
3000168	3050826	7	-1	-1	-1	0	-1	16		
3000168	4100526	8	-1	-1	-1	0	-1	17		
3000168	3051326	9	-1	-1	-1	0	-1	-1		
3000169	3051027	1	-1	-1	-1	0	-1	-1		
										
3000169	3050927	3	-1	-1	-1	0	-1	-1		
										
3000169	3051327	5	-1	-1	-1	0	-1	-1		
										
										
										
										
3000170	3051027	1	-1	-1	-1	0	-1	19		
3000170	3051327	2	-1	-1	-1	0	-1	-1		
3000170	3050827	3	-1	-1	-1	0	-1	-1		
										
3000170	3051027	5	-1	-1	-1	0	-1	-1		
3000170	3051227	6	-1	-1	-1	0	-1	15		
3000170	3051327	7	-1	-1	-1	0	-1	-1		
										
										
3000171	3050927	1	-1	-1	-1	0	-1	-1		
3000171	4100527	2	-1	-1	-1	0	-1	-1		
3000171	3051027	3	-1	-1	-1	0	-1	-1		
3000171	3050827	4	-1	-1	-1	0	-1	22		
3000171	3051327	5	-1	-1	-1	0	-1	-1		
3000171	3050827	6	-1	-1	-1	0	-1	15		
3000171	3050827	7	-1	-1	-1	0	-1	16		
3000171	3050827	8	-1	-1	-1	0	-1	17		
3000171	3051327	9	-1	-1	-1	0	-1	18		
3000172	3050828	1	-1	-1	-1	0	-1	-1		
3000172	3050828	2	-1	-1	-1	0	-1	20		
										
3000172	3051228	4	-1	-1	-1	0	-1	-1		
3000172	3051328	5	-1	-1	-1	0	-1	-1		
3000172	3050928	6	-1	-1	-1	0	-1	15		
										
										
										
3000173	3051028	1	-1	-1	-1	0	-1	-1		
3000173	3050928	2	-1	-1	-1	0	-1	20		
3000173	3051028	3	-1	-1	-1	0	-1	-1		
3000173	3051328	4	-1	-1	-1	0	-1	-1		
3000173	3051228	5	-1	-1	-1	0	-1	-1		
3000173	3050828	6	-1	-1	-1	0	-1	15		
										
										
										
3000174	3050928	1	-1	-1	-1	0	-1	19		
3000174	4100528	2	-1	-1	-1	0	-1	-1		
3000174	3051028	3	-1	-1	-1	0	-1	-1		
3000174	3051328	4	-1	-1	-1	0	-1	-1		
3000174	3051328	5	-1	-1	-1	0	-1	-1		
3000174	3050828	6	-1	-1	-1	0	-1	15		
										
3000174	3050828	8	-1	-1	-1	0	-1	17		
3000174	3050828	9	-1	-1	-1	0	-1	-1		
										
3000175	3050829	2	-1	-1	-1	0	-1	20		
										
3000175	3051329	4	-1	-1	-1	0	-1	-1		
3000175	3051429	5	-1	-1	-1	0	-1	-1		
3000175	3051329	6	-1	-1	-1	0	-1	15		
										
										
										
3000176	3051029	1	-1	-1	-1	0	-1	-1		
3000176	3051029	2	-1	-1	-1	0	-1	-1		
3000176	3051029	3	-1	-1	-1	0	-1	-1		
										
3000176	3051329	5	-1	-1	-1	0	-1	-1		
										
3000176	3051429	7	-1	-1	-1	0	-1	16		
										
3000176	3051329	9	-1	-1	-1	0	-1	-1		
3000177	3051029	1	-1	-1	-1	0	-1	-1		
3000177	3050929	2	-1	-1	-1	0	-1	-1		
3000177	3051029	3	-1	-1	-1	0	-1	-1		
3000177	3050829	4	-1	-1	-1	0	-1	-1		
3000177	4100529	5	-1	-1	-1	0	-1	-1		
3000177	3051229	6	-1	-1	-1	0	-1	15		
3000177	3051329	7	-1	-1	-1	0	-1	16		
										
3000177	3050829	9	-1	-1	-1	0	-1	-1		
3000178	3050930	1	-1	-1	-1	0	-1	19		
3000178	3051030	2	-1	-1	-1	0	-1	-1		
3000178	3050830	3	-1	-1	-1	0	-1	-1		
3000178	3051330	4	-1	-1	-1	0	-1	-1		
										
3000178	3051330	6	-1	-1	-1	0	-1	15		
										
										
										
3000179	3051030	1	-1	-1	-1	0	-1	-1		
3000179	3051030	2	-1	-1	-1	0	-1	-1		
3000179	3051030	3	-1	-1	-1	0	-1	-1		
										
3000179	3051330	5	-1	-1	-1	0	-1	-1		
										
										
										
										
3000180	8990	3	-1	-1	-1	0	1	-1		
3000181	3061601	1	-1	-1	-1	0	-1	-1		
3000181	3061501	2	-1	-1	-1	0	-1	-1		
										
										
3000181	3061901	5	-1	-1	-1	0	-1	15		
3000181	3061801	6	-1	-1	-1	0	-1	16		
										
										
										
3000182	3061601	1	-1	-1	-1	0	-1	20		
3000182	3061601	2	-1	-1	-1	0	-1	21		
3000182	3061601	3	-1	-1	-1	0	-1	-1		
										
3000182	3061901	5	-1	-1	-1	0	-1	15		
3000182	3061501	6	-1	-1	-1	0	-1	-1		
										
										
										
3000183	3061601	1	-1	-1	-1	0	-1	-1		
3000183	4100601	2	-1	-1	-1	0	-1	-1		
3000183	3061601	3	-1	-1	-1	0	-1	-1		
3000183	3061901	4	-1	-1	-1	0	-1	-1		
3000183	3061501	5	-1	-1	-1	0	-1	15		
3000183	3061901	6	-1	-1	-1	0	-1	-1		
3000183	3061501	7	-1	-1	-1	0	-1	17		
3000183	3061901	8	-1	-1	-1	0	-1	-1		
										
										
3000184	3061502	2	-1	-1	-1	0	-1	-1		
										
3000184	3061802	4	-1	-1	-1	0	-1	-1		
3000184	3061902	5	-1	-1	-1	0	-1	15		
3000184	3061802	6	-1	-1	-1	0	-1	16		
										
										
										
3000185	3061602	1	-1	-1	-1	0	-1	20		
3000185	3061602	2	-1	-1	-1	0	-1	21		
3000185	3061502	3	-1	-1	-1	0	-1	22		
3000185	3061902	4	-1	-1	-1	0	-1	-1		
3000185	3061502	5	-1	-1	-1	0	-1	15		
3000185	3061502	6	-1	-1	-1	0	-1	16		
										
3000185	3061902	8	-1	-1	-1	0	-1	18		
3000185	3061902	9	-1	-1	-1	0	-1	-1		
3000186	3061602	1	-1	-1	-1	0	-1	20		
3000186	4100603	2	-1	-1	-1	0	-1	-1		
3000186	3061502	3	-1	-1	-1	0	-1	-1		
										
										
3000186	3061902	6	-1	-1	-1	0	-1	16		
3000186	3061902	7	-1	-1	-1	0	-1	17		
3000186	3061902	8	-1	-1	-1	0	-1	-1		
										
										
3000187	3061603	2	-1	-1	-1	0	-1	-1		
3000187	3061803	3	-1	-1	-1	0	-1	-1		
3000187	3061803	4	-1	-1	-1	0	-1	-1		
3000187	3061903	5	-1	-1	-1	0	-1	15		
										
										
										
										
3000188	3061603	1	-1	-1	-1	0	-1	20		
3000188	3061603	2	-1	-1	-1	0	-1	-1		
3000188	3061603	3	-1	-1	-1	0	-1	22		
3000188	3061903	4	-1	-1	-1	0	-1	23		
3000188	3061803	5	-1	-1	-1	0	-1	-1		
3000188	3061503	6	-1	-1	-1	0	-1	16		
										
										
										
3000189	3061603	1	-1	-1	-1	0	-1	-1		
3000189	3061603	2	-1	-1	-1	0	-1	-1		
3000189	3061603	3	-1	-1	-1	0	-1	-1		
										
3000189	3061803	5	-1	-1	-1	0	-1	15		
3000189	3061903	6	-1	-1	-1	0	-1	16		
3000189	3061903	7	-1	-1	-1	0	-1	17		
3000189	4100603	8	-1	-1	-1	0	-1	-1		
										
										
3000190	3061804	2	-1	-1	-1	0	-1	-1		
										
3000190	3061904	4	-1	-1	-1	0	-1	-1		
3000190	3061504	5	-1	-1	-1	0	-1	15		
3000190	3061904	6	-1	-1	-1	0	-1	16		
										
										
										
3000191	3061604	1	-1	-1	-1	0	-1	20		
3000191	3061604	2	-1	-1	-1	0	-1	-1		
3000191	3061804	3	-1	-1	-1	0	-1	-1		
3000191	3061904	4	-1	-1	-1	0	-1	23		
3000191	3061904	5	-1	-1	-1	0	-1	15		
3000191	3061504	6	-1	-1	-1	0	-1	16		
										
										
										
3000192	3061604	1	-1	-1	-1	0	-1	-1		
3000192	3061604	2	-1	-1	-1	0	-1	-1		
3000192	3061604	3	-1	-1	-1	0	-1	-1		
3000192	3061504	4	-1	-1	-1	0	-1	-1		
3000192	4100604	5	-1	-1	-1	0	-1	15		
3000192	3061504	6	-1	-1	-1	0	-1	16		
3000192	3061904	7	-1	-1	-1	0	-1	17		
										
3000192	3061904	9	-1	-1	-1	0	-1	-1		
3000193	3061605	1	-1	-1	-1	0	-1	-1		
										
										
										
3000193	3061905	5	-1	-1	-1	0	-1	15		
3000193	3061805	6	-1	-1	-1	0	-1	16		
										
										
										
3000194	3061605	1	-1	-1	-1	0	-1	-1		
3000194	3061605	2	-1	-1	-1	0	-1	21		
3000194	3061605	3	-1	-1	-1	0	-1	-1		
3000194	3061905	4	-1	-1	-1	0	-1	-1		
3000194	3061905	5	-1	-1	-1	0	-1	15		
										
										
										
3000194	3061905	9	-1	-1	-1	0	-1	-1		
3000195	9010	3	-1	-1	-1	0	1	20		
										
										
										
3000196	3061806	2	-1	-1	-1	0	-1	15		
3000196	3061606	3	-1	-1	-1	0	-1	16		
3000196	3061806	4	-1	-1	-1	0	-1	17		
3000196	3061906	5	-1	-1	-1	0	-1	-1		
										
										
										
										
3000197	3061606	1	-1	-1	-1	0	-1	-1		
3000197	3061606	2	-1	-1	-1	0	-1	15		
3000197	3061806	3	-1	-1	-1	0	-1	16		
3000197	3061906	4	-1	-1	-1	0	-1	17		
3000197	3061906	5	-1	-1	-1	0	-1	-1		
3000197	3061506	6	-1	-1	-1	0	-1	19		
										
										
										
3000198	3061606	1	-1	-1	-1	0	-1	-1		
3000198	3061606	2	-1	-1	-1	0	-1	-1		
3000198	3061606	3	-1	-1	-1	0	-1	16		
										
										
3000198	3061906	6	-1	-1	-1	0	-1	-1		
3000198	3061906	7	-1	-1	-1	0	-1	20		
3000198	4100606	8	-1	-1	-1	0	-1	-1		
										
3000199	3061607	1	-1	-1	-1	0	-1	-1		
										
3000199	3061607	3	-1	-1	-1	0	-1	16		
										
3000199	3061607	5	-1	-1	-1	0	-1	-1		
										
										
										
										
3000200	3061607	1	-1	-1	-1	0	-1	-1		
3000200	3061607	2	-1	-1	-1	0	-1	15		
3000200	3061607	3	-1	-1	-1	0	-1	16		
										
3000200	3061907	5	-1	-1	-1	0	-1	-1		
3000200	3061507	6	-1	-1	-1	0	-1	-1		
										
										
										
3000201	3061607	1	-1	-1	-1	0	-1	-1		
3000201	4100608	2	-1	-1	-1	0	-1	-1		
3000201	3061807	3	-1	-1	-1	0	-1	16		
										
3000201	3061807	5	-1	-1	-1	0	-1	18		
										
3000201	3061907	7	-1	-1	-1	0	-1	-1		
3000201	3061907	8	-1	-1	-1	0	-1	-1		
3000201	3061907	9	-1	-1	-1	0	-1	-1		
3000202	3061808	1	-1	-1	-1	0	-1	-1		
3000202	3061508	2	-1	-1	-1	0	-1	15		
3000202	3061808	3	-1	-1	-1	0	-1	16		
										
3000202	3061808	5	-1	-1	-1	0	-1	-1		
										
										
										
										
3000203	3061608	1	-1	-1	-1	0	-1	-1		
3000203	3061608	2	-1	-1	-1	0	-1	15		
3000203	3061608	3	-1	-1	-1	0	-1	16		
3000203	3061908	4	-1	-1	-1	0	-1	17		
3000203	3061508	5	-1	-1	-1	0	-1	-1		
3000203	3061908	6	-1	-1	-1	0	-1	19		
										
3000203	3061908	8	-1	-1	-1	0	-1	-1		
										
3000204	3061608	1	-1	-1	-1	0	-1	-1		
3000204	3061608	2	-1	-1	-1	0	-1	-1		
3000204	3061508	3	-1	-1	-1	0	-1	16		
3000204	3061908	4	-1	-1	-1	0	-1	-1		
3000204	4100608	5	-1	-1	-1	0	-1	-1		
										
										
										
3000204	3061908	9	-1	-1	-1	0	-1	-1		
3000205	3061609	1	-1	-1	-1	0	-1	-1		
										
3000205	3061809	3	-1	-1	-1	0	-1	16		
										
3000205	3061809	5	-1	-1	-1	0	-1	-1		
3000205	3061909	6	-1	-1	-1	0	-1	-1		
										
										
										
3000206	3061509	1	-1	-1	-1	0	-1	-1		
3000206	3061609	2	-1	-1	-1	0	-1	15		
3000206	3061809	3	-1	-1	-1	0	-1	16		
3000206	3061909	4	-1	-1	-1	0	-1	17		
										
3000206	3061909	6	-1	-1	-1	0	-1	19		
										
										
										
3000207	3061609	1	-1	-1	-1	0	-1	-1		
3000207	4100609	2	-1	-1	-1	0	-1	15		
3000207	3061609	3	-1	-1	-1	0	-1	-1		
3000207	3061909	4	-1	-1	-1	0	-1	-1		
3000207	3061809	5	-1	-1	-1	0	-1	-1		
										
										
3000207	3061909	8	-1	-1	-1	0	-1	-1		
3000207	3061909	9	-1	-1	-1	0	-1	-1		
3000208	3061510	1	-1	-1	-1	0	-1	-1		
3000208	3061910	2	-1	-1	-1	0	-1	15		
										
3000208	3061810	4	-1	-1	-1	0	-1	17		
										
3000208	3061810	6	-1	-1	-1	0	-1	-1		
										
										
										
3000209	3061510	1	-1	-1	-1	0	-1	-1		
3000209	3061510	2	-1	-1	-1	0	-1	15		
3000209	3061810	3	-1	-1	-1	0	-1	16		
3000209	3061910	4	-1	-1	-1	0	-1	17		
3000209	3061910	5	-1	-1	-1	0	-1	-1		
3000209	3061910	6	-1	-1	-1	0	-1	19		
										
										
										
3000210	9020	3	-1	-1	-1	0	1	-1		
3000211	3061511	1	-1	-1	-1	0	-1	-1		
3000211	3061611	2	-1	-1	-1	0	-1	16		
3000211	3061811	3	-1	-1	-1	0	-1	17		
3000211	3061911	4	-1	-1	-1	0	-1	18		
										
										
										
										
										
3000212	3061811	1	-1	-1	-1	0	-1	15		
3000212	3061811	2	-1	-1	-1	0	-1	16		
3000212	3061611	3	-1	-1	-1	0	-1	17		
3000212	3061911	4	-1	-1	-1	0	-1	-1		
3000212	3061911	5	-1	-1	-1	0	-1	-1		
										
										
										
										
3000213	3061511	1	-1	-1	-1	0	-1	15		
3000213	3061611	2	-1	-1	-1	0	-1	16		
3000213	3061811	3	-1	-1	-1	0	-1	17		
3000213	3061911	4	-1	-1	-1	0	-1	-1		
										
3000213	3061811	6	-1	-1	-1	0	-1	-1		
										
3000213	4100611	8	-1	-1	-1	0	-1	-1		
3000213	3061911	9	-1	-1	-1	0	-1	-1		
3000214	3061512	1	-1	-1	-1	0	-1	15		
3000214	3061512	2	-1	-1	-1	0	-1	-1		
3000214	3061612	3	-1	-1	-1	0	-1	17		
										
3000214	3061912	5	-1	-1	-1	0	-1	19		
										
										
										
										
3000215	3061612	1	-1	-1	-1	0	-1	15		
3000215	3061612	2	-1	-1	-1	0	-1	16		
3000215	3061812	3	-1	-1	-1	0	-1	17		
3000215	3061912	4	-1	-1	-1	0	-1	-1		
3000215	3061812	5	-1	-1	-1	0	-1	-1		
3000215	3061912	6	-1	-1	-1	0	-1	20		
										
										
										
3000216	3061612	1	-1	-1	-1	0	-1	15		
3000216	4100613	2	-1	-1	-1	0	-1	16		
3000216	3061512	3	-1	-1	-1	0	-1	17		
3000216	3061812	4	-1	-1	-1	0	-1	-1		
3000216	3061912	5	-1	-1	-1	0	-1	19		
3000216	3061912	6	-1	-1	-1	0	-1	-1		
										
										
										
3000217	3061613	1	-1	-1	-1	0	-1	15		
										
3000217	3061513	3	-1	-1	-1	0	-1	17		
										
3000217	3061913	5	-1	-1	-1	0	-1	19		
										
										
										
										
3000218	3061613	1	-1	-1	-1	0	-1	15		
3000218	3061613	2	-1	-1	-1	0	-1	16		
3000218	3061813	3	-1	-1	-1	0	-1	17		
3000218	3061913	4	-1	-1	-1	0	-1	-1		
										
3000218	3061913	6	-1	-1	-1	0	-1	-1		
										
										
										
3000219	3061613	1	-1	-1	-1	0	-1	15		
3000219	3061513	2	-1	-1	-1	0	-1	16		
3000219	3061613	3	-1	-1	-1	0	-1	17		
										
3000219	3061813	5	-1	-1	-1	0	-1	19		
3000219	3061913	6	-1	-1	-1	0	-1	-1		
3000219	3061913	7	-1	-1	-1	0	-1	-1		
3000219	4100613	8	-1	-1	-1	0	-1	-1		
										
3000220	3061514	1	-1	-1	-1	0	-1	15		
3000220	3061514	2	-1	-1	-1	0	-1	-1		
										
3000220	3061814	4	-1	-1	-1	0	-1	-1		
3000220	3061914	5	-1	-1	-1	0	-1	19		
3000220	3061514	6	-1	-1	-1	0	-1	-1		
										
										
										
3000221	3061514	1	-1	-1	-1	0	-1	15		
3000221	3061814	2	-1	-1	-1	0	-1	16		
										
3000221	3061914	4	-1	-1	-1	0	-1	-1		
3000221	3061914	5	-1	-1	-1	0	-1	-1		
3000221	3061914	6	-1	-1	-1	0	-1	-1		
										
										
										
3000222	3061614	1	-1	-1	-1	0	-1	15		
3000222	3061614	2	-1	-1	-1	0	-1	16		
3000222	4100614	3	-1	-1	-1	0	-1	17		
										
										
										
3000222	3061914	7	-1	-1	-1	0	-1	-1		
3000222	3061914	8	-1	-1	-1	0	-1	-1		
3000222	3061914	9	-1	-1	-1	0	-1	-1		
										
3000223	3061515	2	-1	-1	-1	0	-1	-1		
										
3000223	3061915	4	-1	-1	-1	0	-1	18		
3000223	3061915	5	-1	-1	-1	0	-1	-1		
3000223	3061915	6	-1	-1	-1	0	-1	20		
										
										
										
3000224	3061515	1	-1	-1	-1	0	-1	15		
3000224	3061615	2	-1	-1	-1	0	-1	16		
3000224	3061815	3	-1	-1	-1	0	-1	17		
3000224	3061915	4	-1	-1	-1	0	-1	-1		
3000224	3061915	5	-1	-1	-1	0	-1	-1		
3000224	3061915	6	-1	-1	-1	0	-1	-1		
										
										
										
3000225	9030	3	-1	-1	-1	0	1	15		
										
										
										
3000226	3061516	1	-1	-1	-1	0	-1	-1		
3000226	3061616	2	-1	-1	-1	0	-1	-1		
3000226	3061516	3	-1	-1	-1	0	-1	-1		
3000226	3061916	4	-1	-1	-1	0	-1	-1		
										
3000226	3061916	6	-1	-1	-1	0	-1	15		
										
										
										
3000227	3061516	1	-1	-1	-1	0	-1	-1		
3000227	3061516	2	-1	-1	-1	0	-1	-1		
3000227	3061816	3	-1	-1	-1	0	-1	-1		
3000227	3061916	4	-1	-1	-1	0	-1	-1		
3000227	3061916	5	-1	-1	-1	0	-1	-1		
3000227	3061916	6	-1	-1	-1	0	-1	15		
										
										
										
3000228	3061516	1	-1	-1	-1	0	-1	-1		
3000228	3061616	2	-1	-1	-1	0	-1	-1		
3000228	3061616	3	-1	-1	-1	0	-1	-1		
3000228	3061916	4	-1	-1	-1	0	-1	-1		
3000228	4100616	5	-1	-1	-1	0	-1	-1		
3000228	3061816	6	-1	-1	-1	0	-1	15		
										
										
										
3000229	3061517	1	-1	-1	-1	0	-1	-1		
3000229	3061517	2	-1	-1	-1	0	-1	20		
3000229	3061617	3	-1	-1	-1	0	-1	-1		
										
3000229	3061917	5	-1	-1	-1	0	-1	-1		
										
										
										
										
3000230	3061817	1	-1	-1	-1	0	-1	-1		
3000230	3061817	2	-1	-1	-1	0	-1	-1		
3000230	3061617	3	-1	-1	-1	0	-1	-1		
3000230	3061917	4	-1	-1	-1	0	-1	-1		
3000230	3061917	5	-1	-1	-1	0	-1	-1		
										
										
										
										
3000231	3061517	1	-1	-1	-1	0	-1	19		
3000231	4100618	2	-1	-1	-1	0	-1	-1		
3000231	3061517	3	-1	-1	-1	0	-1	-1		
3000231	3061817	4	-1	-1	-1	0	-1	-1		
3000231	3061817	5	-1	-1	-1	0	-1	-1		
										
3000231	3061917	7	-1	-1	-1	0	-1	16		
										
3000231	3061917	9	-1	-1	-1	0	-1	18		
3000232	3061618	1	-1	-1	-1	0	-1	-1		
3000232	3061518	2	-1	-1	-1	0	-1	-1		
3000232	3061518	3	-1	-1	-1	0	-1	-1		
										
3000232	3061918	5	-1	-1	-1	0	-1	-1		
3000232	3061918	6	-1	-1	-1	0	-1	15		
										
										
										
3000233	3061618	1	-1	-1	-1	0	-1	-1		
3000233	3061618	2	-1	-1	-1	0	-1	-1		
3000233	3061818	3	-1	-1	-1	0	-1	-1		
3000233	3061918	4	-1	-1	-1	0	-1	-1		
3000233	3061518	5	-1	-1	-1	0	-1	-1		
3000233	3061918	6	-1	-1	-1	0	-1	15		
										
										
										
3000234	3061618	1	-1	-1	-1	0	-1	-1		
3000234	3061618	2	-1	-1	-1	0	-1	-1		
3000234	3061618	3	-1	-1	-1	0	-1	-1		
3000234	3061518	4	-1	-1	-1	0	-1	-1		
3000234	4100618	5	-1	-1	-1	0	-1	-1		
3000234	3061918	6	-1	-1	-1	0	-1	15		
										
										
										
3000235	3061619	1	-1	-1	-1	0	-1	19		
3000235	3061519	2	-1	-1	-1	0	-1	-1		
3000235	3061619	3	-1	-1	-1	0	-1	-1		
										
3000235	3061919	5	-1	-1	-1	0	-1	-1		
										
										
										
										
										
3000236	3061619	2	-1	-1	-1	0	-1	20		
3000236	3061819	3	-1	-1	-1	0	-1	-1		
3000236	3061819	4	-1	-1	-1	0	-1	-1		
3000236	3061919	5	-1	-1	-1	0	-1	-1		
3000236	3061919	6	-1	-1	-1	0	-1	15		
										
										
										
3000237	3061619	1	-1	-1	-1	0	-1	-1		
3000237	4100619	2	-1	-1	-1	0	-1	-1		
3000237	3061619	3	-1	-1	-1	0	-1	-1		
3000237	3061919	4	-1	-1	-1	0	-1	-1		
										
										
										
3000237	3061819	8	-1	-1	-1	0	-1	17		
3000237	3061919	9	-1	-1	-1	0	-1	-1		
3000238	3061920	1	-1	-1	-1	0	-1	-1		
3000238	3061920	2	-1	-1	-1	0	-1	-1		
3000238	3061520	3	-1	-1	-1	0	-1	-1		
										
3000238	3061920	5	-1	-1	-1	0	-1	-1		
3000238	3061920	6	-1	-1	-1	0	-1	-1		
										
										
										
3000239	3061520	1	-1	-1	-1	0	-1	-1		
3000239	3061820	2	-1	-1	-1	0	-1	-1		
										
3000239	3061920	4	-1	-1	-1	0	-1	-1		
3000239	3061920	5	-1	-1	-1	0	-1	-1		
3000239	3061920	6	-1	-1	-1	0	-1	15		
										
										
										
3000240	9040	3	-1	-1	-1	0	1	-1		
3000241	3061621	1	-1	-1	-1	0	-1	-1		
3000241	3061621	2	-1	-1	-1	0	-1	-1		
3000241	3061521	3	-1	-1	-1	0	-1	-1		
										
3000241	3061921	5	-1	-1	-1	0	-1	15		
3000241	3061921	6	-1	-1	-1	0	-1	16		
										
										
										
3000242	3061521	1	-1	-1	-1	0	-1	-1		
3000242	3061621	2	-1	-1	-1	0	-1	-1		
3000242	3061821	3	-1	-1	-1	0	-1	-1		
3000242	3061921	4	-1	-1	-1	0	-1	-1		
3000242	3061921	5	-1	-1	-1	0	-1	15		
3000242	3061921	6	-1	-1	-1	0	-1	16		
										
										
										
3000243	3061621	1	-1	-1	-1	0	-1	-1		
3000243	3061621	2	-1	-1	-1	0	-1	-1		
3000243	3061521	3	-1	-1	-1	0	-1	-1		
										
3000243	4100621	5	-1	-1	-1	0	-1	15		
3000243	3061821	6	-1	-1	-1	0	-1	16		
3000243	3061921	7	-1	-1	-1	0	-1	17		
										
3000243	3061921	9	-1	-1	-1	0	-1	-1		
3000244	3061522	1	-1	-1	-1	0	-1	-1		
3000244	3061622	2	-1	-1	-1	0	-1	-1		
3000244	3061622	3	-1	-1	-1	0	-1	-1		
3000244	3061922	4	-1	-1	-1	0	-1	-1		
3000244	3061922	5	-1	-1	-1	0	-1	15		
										
										
										
										
3000245	3061522	1	-1	-1	-1	0	-1	20		
3000245	3061522	2	-1	-1	-1	0	-1	-1		
3000245	3061822	3	-1	-1	-1	0	-1	-1		
3000245	3061822	4	-1	-1	-1	0	-1	-1		
3000245	3061922	5	-1	-1	-1	0	-1	15		
3000245	3061922	6	-1	-1	-1	0	-1	16		
										
										
										
3000246	3061622	1	-1	-1	-1	0	-1	-1		
3000246	4100623	2	-1	-1	-1	0	-1	-1		
3000246	3061622	3	-1	-1	-1	0	-1	-1		
3000246	3061922	4	-1	-1	-1	0	-1	-1		
3000246	3061922	5	-1	-1	-1	0	-1	15		
3000246	3061522	6	-1	-1	-1	0	-1	16		
										
										
										
3000247	3061623	1	-1	-1	-1	0	-1	-1		
3000247	3061623	2	-1	-1	-1	0	-1	-1		
3000247	3061523	3	-1	-1	-1	0	-1	-1		
3000247	3061923	4	-1	-1	-1	0	-1	-1		
										
3000247	3061823	6	-1	-1	-1	0	-1	16		
										
										
										
3000248	3061623	1	-1	-1	-1	0	-1	-1		
3000248	3061523	2	-1	-1	-1	0	-1	-1		
3000248	3061823	3	-1	-1	-1	0	-1	-1		
3000248	3061923	4	-1	-1	-1	0	-1	-1		
3000248	3061823	5	-1	-1	-1	0	-1	15		
3000248	3061923	6	-1	-1	-1	0	-1	16		
										
										
										
3000249	3061523	1	-1	-1	-1	0	-1	-1		
3000249	3061623	2	-1	-1	-1	0	-1	-1		
3000249	3061623	3	-1	-1	-1	0	-1	-1		
3000249	3061923	4	-1	-1	-1	0	-1	-1		
3000249	3061523	5	-1	-1	-1	0	-1	15		
3000249	3061823	6	-1	-1	-1	0	-1	16		
3000249	3061523	7	-1	-1	-1	0	-1	17		
3000249	4100623	8	-1	-1	-1	0	-1	-1		
3000249	3061923	9	-1	-1	-1	0	-1	19		
3000250	3061524	1	-1	-1	-1	0	-1	-1		
3000250	3061524	2	-1	-1	-1	0	-1	-1		
3000250	3061524	3	-1	-1	-1	0	-1	-1		
										
3000250	3061924	5	-1	-1	-1	0	-1	15		
3000250	3061924	6	-1	-1	-1	0	-1	16		
										
										
										
3000251	3061624	1	-1	-1	-1	0	-1	-1		
3000251	3061624	2	-1	-1	-1	0	-1	-1		
3000251	3061624	3	-1	-1	-1	0	-1	-1		
										
3000251	3061924	5	-1	-1	-1	0	-1	15		
										
										
										
										
3000252	3061624	1	-1	-1	-1	0	-1	-1		
3000252	3061624	2	-1	-1	-1	0	-1	-1		
3000252	3061624	3	-1	-1	-1	0	-1	-1		
3000252	3061924	4	-1	-1	-1	0	-1	-1		
3000252	4100624	5	-1	-1	-1	0	-1	-1		
3000252	3061824	6	-1	-1	-1	0	-1	16		
										
3000252	3061924	8	-1	-1	-1	0	-1	18		
3000252	3061924	9	-1	-1	-1	0	-1	-1		
3000253	3061525	1	-1	-1	-1	0	-1	-1		
3000253	3061525	2	-1	-1	-1	0	-1	-1		
3000253	3061525	3	-1	-1	-1	0	-1	-1		
3000253	3061925	4	-1	-1	-1	0	-1	-1		
										
3000253	3061825	6	-1	-1	-1	0	-1	16		
										
										
										
										
3000254	3061625	2	-1	-1	-1	0	-1	-1		
3000254	3061825	3	-1	-1	-1	0	-1	22		
3000254	3061925	4	-1	-1	-1	0	-1	-1		
3000254	3061925	5	-1	-1	-1	0	-1	-1		
										
										
										
										
3000255	9050	3	-1	-1	-1	0	1	-1		
										
										
										
										
3000256	3061526	1	-1	-1	-1	0	-1	16		
3000256	3061526	2	-1	-1	-1	0	-1	-1		
3000256	3061526	3	-1	-1	-1	0	-1	-1		
										
3000256	3061926	5	-1	-1	-1	0	-1	-1		
3000256	3061826	6	-1	-1	-1	0	-1	-1		
										
										
										
3000257	3061626	1	-1	-1	-1	0	-1	16		
3000257	3061626	2	-1	-1	-1	0	-1	17		
3000257	3061526	3	-1	-1	-1	0	-1	-1		
										
3000257	3061926	5	-1	-1	-1	0	-1	-1		
3000257	3061826	6	-1	-1	-1	0	-1	-1		
										
										
										
3000258	3061626	1	-1	-1	-1	0	-1	16		
3000258	3061626	2	-1	-1	-1	0	-1	17		
3000258	3061626	3	-1	-1	-1	0	-1	-1		
3000258	3061926	4	-1	-1	-1	0	-1	-1		
										
3000258	3061526	6	-1	-1	-1	0	-1	-1		
3000258	3061526	7	-1	-1	-1	0	-1	-1		
3000258	4100626	8	-1	-1	-1	0	-1	-1		
										
3000259	3061527	1	-1	-1	-1	0	-1	16		
3000259	3061627	2	-1	-1	-1	0	-1	17		
										
										
										
3000259	3061927	6	-1	-1	-1	0	-1	-1		
										
										
										
3000260	3061627	1	-1	-1	-1	0	-1	16		
3000260	3061527	2	-1	-1	-1	0	-1	17		
3000260	3061627	3	-1	-1	-1	0	-1	-1		
3000260	3061927	4	-1	-1	-1	0	-1	19		
3000260	3061827	5	-1	-1	-1	0	-1	20		
3000260	3061527	6	-1	-1	-1	0	-1	-1		
										
										
										
3000261	3061527	1	-1	-1	-1	0	-1	16		
3000261	4100628	2	-1	-1	-1	0	-1	17		
3000261	3061627	3	-1	-1	-1	0	-1	-1		
3000261	3061527	4	-1	-1	-1	0	-1	-1		
3000261	3061927	5	-1	-1	-1	0	-1	-1		
3000261	3061527	6	-1	-1	-1	0	-1	-1		
3000261	3061527	7	-1	-1	-1	0	-1	-1		
3000261	3061527	8	-1	-1	-1	0	-1	-1		
3000261	3061927	9	-1	-1	-1	0	-1	15		
3000262	3061828	1	-1	-1	-1	0	-1	16		
3000262	3061528	2	-1	-1	-1	0	-1	17		
3000262	3061628	3	-1	-1	-1	0	-1	18		
										
3000262	3061928	5	-1	-1	-1	0	-1	-1		
										
										
										
										
3000263	3061628	1	-1	-1	-1	0	-1	16		
3000263	3061628	2	-1	-1	-1	0	-1	17		
3000263	3061628	3	-1	-1	-1	0	-1	-1		
3000263	3061928	4	-1	-1	-1	0	-1	-1		
3000263	3061928	5	-1	-1	-1	0	-1	20		
3000263	3061528	6	-1	-1	-1	0	-1	-1		
										
										
										
3000264	3061528	1	-1	-1	-1	0	-1	16		
3000264	3061628	2	-1	-1	-1	0	-1	17		
3000264	3061628	3	-1	-1	-1	0	-1	-1		
										
3000264	4100628	5	-1	-1	-1	0	-1	20		
3000264	3061528	6	-1	-1	-1	0	-1	-1		
3000264	3061928	7	-1	-1	-1	0	-1	-1		
3000264	3061528	8	-1	-1	-1	0	-1	-1		
3000264	3061928	9	-1	-1	-1	0	-1	15		
										
										
3000265	3061629	3	-1	-1	-1	0	-1	-1		
3000265	3061829	4	-1	-1	-1	0	-1	19		
3000265	3061929	5	-1	-1	-1	0	-1	-1		
										
										
										
										
3000266	3061629	1	-1	-1	-1	0	-1	16		
3000266	3061629	2	-1	-1	-1	0	-1	17		
3000266	3061629	3	-1	-1	-1	0	-1	-1		
										
3000266	3061929	5	-1	-1	-1	0	-1	20		
3000266	3061929	6	-1	-1	-1	0	-1	21		
										
										
										
3000267	3061629	1	-1	-1	-1	0	-1	16		
3000267	3061529	2	-1	-1	-1	0	-1	17		
3000267	3061629	3	-1	-1	-1	0	-1	-1		
3000267	3061529	4	-1	-1	-1	0	-1	-1		
3000267	3061929	5	-1	-1	-1	0	-1	-1		
3000267	3061829	6	-1	-1	-1	0	-1	-1		
3000267	3061929	7	-1	-1	-1	0	-1	-1		
3000267	4100629	8	-1	-1	-1	0	-1	-1		
3000267	3061529	9	-1	-1	-1	0	-1	15		
3000268	3061830	1	-1	-1	-1	0	-1	16		
3000268	3061530	2	-1	-1	-1	0	-1	17		
										
										
										
3000268	3061830	6	-1	-1	-1	0	-1	-1		
										
										
										
3000269	3061630	1	-1	-1	-1	0	-1	16		
3000269	3061630	2	-1	-1	-1	0	-1	17		
3000269	3061830	3	-1	-1	-1	0	-1	-1		
										
3000269	3061930	5	-1	-1	-1	0	-1	20		
3000269	3061530	6	-1	-1	-1	0	-1	-1		
										
										
3000269	3061930	9	-1	-1	-1	0	-1	15		
										
3000270	9060	2	-1	-1	-1	0	1	17		
										
										
										
										
										
										
										
3000271	3072001	1	-1	-1	-1	0	-1	16		
3000271	3072001	2	-1	-1	-1	0	-1	17		
3000271	3072501	3	-1	-1	-1	0	-1	-1		
										
3000271	3072601	5	-1	-1	-1	0	-1	-1		
										
										
										
										
3000272	3072101	1	-1	-1	-1	0	-1	16		
3000272	3072101	2	-1	-1	-1	0	-1	17		
3000272	3072101	3	-1	-1	-1	0	-1	18		
										
3000272	3072601	5	-1	-1	-1	0	-1	-1		
										
										
										
										
3000273	3072101	1	-1	-1	-1	0	-1	16		
3000273	4100701	2	-1	-1	-1	0	-1	17		
3000273	3072501	3	-1	-1	-1	0	-1	-1		
3000273	3072701	4	-1	-1	-1	0	-1	-1		
3000273	3072001	5	-1	-1	-1	0	-1	20		
3000273	3072701	6	-1	-1	-1	0	-1	-1		
3000273	3072001	7	-1	-1	-1	0	-1	-1		
3000273	3072701	8	-1	-1	-1	0	-1	-1		
										
3000274	3072102	1	-1	-1	-1	0	-1	16		
3000274	3072002	2	-1	-1	-1	0	-1	17		
3000274	3072002	3	-1	-1	-1	0	-1	-1		
										
3000274	3072602	5	-1	-1	-1	0	-1	20		
3000274	3072702	6	-1	-1	-1	0	-1	-1		
										
										
										
										
3000275	3072502	2	-1	-1	-1	0	-1	17		
3000275	3072402	3	-1	-1	-1	0	-1	-1		
3000275	3072702	4	-1	-1	-1	0	-1	-1		
3000275	3072602	5	-1	-1	-1	0	-1	20		
										
										
										
										
3000276	3072102	1	-1	-1	-1	0	-1	16		
3000276	3072502	2	-1	-1	-1	0	-1	-1		
3000276	3072002	3	-1	-1	-1	0	-1	-1		
										
3000276	3072402	5	-1	-1	-1	0	-1	-1		
3000276	3072702	6	-1	-1	-1	0	-1	-1		
3000276	3072702	7	-1	-1	-1	0	-1	-1		
3000276	4100702	8	-1	-1	-1	0	-1	-1		
3000276	3072702	9	-1	-1	-1	0	-1	15		
3000277	3072103	1	-1	-1	-1	0	-1	16		
3000277	3072003	2	-1	-1	-1	0	-1	17		
3000277	3072503	3	-1	-1	-1	0	-1	-1		
										
3000277	3072703	5	-1	-1	-1	0	-1	20		
										
										
										
										
3000278	3072103	1	-1	-1	-1	0	-1	16		
3000278	3072103	2	-1	-1	-1	0	-1	17		
3000278	3072003	3	-1	-1	-1	0	-1	18		
3000278	3072703	4	-1	-1	-1	0	-1	-1		
3000278	3072703	5	-1	-1	-1	0	-1	20		
3000278	3072403	6	-1	-1	-1	0	-1	21		
										
										
										
3000279	3072103	1	-1	-1	-1	0	-1	16		
3000279	4100703	2	-1	-1	-1	0	-1	17		
3000279	3072103	3	-1	-1	-1	0	-1	-1		
										
3000279	3072403	5	-1	-1	-1	0	-1	-1		
3000279	3072703	6	-1	-1	-1	0	-1	-1		
3000279	3072703	7	-1	-1	-1	0	-1	-1		
3000279	3072603	8	-1	-1	-1	0	-1	-1		
3000279	3072703	9	-1	-1	-1	0	-1	15		
3000280	3072704	1	-1	-1	-1	0	-1	16		
3000280	3072704	2	-1	-1	-1	0	-1	17		
3000280	3072004	3	-1	-1	-1	0	-1	-1		
										
3000280	3072604	5	-1	-1	-1	0	-1	20		
3000280	3072704	6	-1	-1	-1	0	-1	-1		
										
										
										
3000281	3072104	1	-1	-1	-1	0	-1	16		
3000281	3072004	2	-1	-1	-1	0	-1	17		
3000281	3072504	3	-1	-1	-1	0	-1	-1		
3000281	3072704	4	-1	-1	-1	0	-1	19		
3000281	3072404	5	-1	-1	-1	0	-1	20		
3000281	3072004	6	-1	-1	-1	0	-1	-1		
										
										
										
3000282	3072504	1	-1	-1	-1	0	-1	-1		
3000282	4100704	2	-1	-1	-1	0	-1	17		
3000282	3072104	3	-1	-1	-1	0	-1	18		
3000282	3072004	4	-1	-1	-1	0	-1	-1		
3000282	3072604	5	-1	-1	-1	0	-1	-1		
3000282	3072004	6	-1	-1	-1	0	-1	-1		
3000282	3072704	7	-1	-1	-1	0	-1	-1		
										
3000282	3072704	9	-1	-1	-1	0	-1	15		
3000283	3072105	1	-1	-1	-1	0	-1	16		
3000283	3072005	2	-1	-1	-1	0	-1	17		
										
										
3000283	3072705	5	-1	-1	-1	0	-1	-1		
3000283	3072405	6	-1	-1	-1	0	-1	-1		
										
										
										
3000284	3072105	1	-1	-1	-1	0	-1	16		
3000284	3072505	2	-1	-1	-1	0	-1	17		
3000284	3072105	3	-1	-1	-1	0	-1	18		
3000284	3072705	4	-1	-1	-1	0	-1	-1		
3000284	3072005	5	-1	-1	-1	0	-1	20		
3000284	3072705	6	-1	-1	-1	0	-1	-1		
										
3000284	3072605	8	-1	-1	-1	0	-1	23		
										
										
3000285	9070	3	-1	-1	-1	0	1	-1		
										
										
										
										
										
										
										
										
3000286	3072006	2	-1	-1	-1	0	-1	17		
										
3000286	3072406	4	-1	-1	-1	0	-1	-1		
3000286	3072706	5	-1	-1	-1	0	-1	20		
3000286	3072406	6	-1	-1	-1	0	-1	-1		
										
										
										
3000287	3072106	1	-1	-1	-1	0	-1	16		
3000287	3072406	2	-1	-1	-1	0	-1	17		
3000287	3072406	3	-1	-1	-1	0	-1	-1		
										
3000287	3072706	5	-1	-1	-1	0	-1	20		
3000287	3072606	6	-1	-1	-1	0	-1	21		
										
										
										
3000288	3072106	1	-1	-1	-1	0	-1	16		
3000288	3072506	2	-1	-1	-1	0	-1	17		
3000288	3072106	3	-1	-1	-1	0	-1	-1		
3000288	3072706	4	-1	-1	-1	0	-1	-1		
3000288	3072406	5	-1	-1	-1	0	-1	-1		
										
										
3000288	4100706	8	-1	-1	-1	0	-1	-1		
3000288	3072706	9	-1	-1	-1	0	-1	15		
										
3000289	3072107	2	-1	-1	-1	0	-1	17		
3000289	3072407	3	-1	-1	-1	0	-1	-1		
3000289	3072407	4	-1	-1	-1	0	-1	-1		
3000289	3072707	5	-1	-1	-1	0	-1	-1		
										
										
										
										
3000290	3072107	1	-1	-1	-1	0	-1	16		
3000290	3072107	2	-1	-1	-1	0	-1	17		
3000290	3072407	3	-1	-1	-1	0	-1	18		
3000290	3072707	4	-1	-1	-1	0	-1	19		
3000290	3072707	5	-1	-1	-1	0	-1	20		
3000290	3072607	6	-1	-1	-1	0	-1	21		
										
										
										
3000291	3072007	1	-1	-1	-1	0	-1	16		
3000291	4100707	2	-1	-1	-1	0	-1	17		
3000291	3072507	3	-1	-1	-1	0	-1	-1		
3000291	3072607	4	-1	-1	-1	0	-1	-1		
3000291	3072407	5	-1	-1	-1	0	-1	20		
3000291	3072707	6	-1	-1	-1	0	-1	-1		
3000291	3072707	7	-1	-1	-1	0	-1	-1		
3000291	3072707	8	-1	-1	-1	0	-1	-1		
3000291	3072707	9	-1	-1	-1	0	-1	-1		
										
3000292	3072408	2	-1	-1	-1	0	-1	17		
										
3000292	3072608	4	-1	-1	-1	0	-1	-1		
3000292	3072708	5	-1	-1	-1	0	-1	-1		
3000292	3072708	6	-1	-1	-1	0	-1	-1		
										
										
										
										
3000293	3072108	2	-1	-1	-1	0	-1	17		
3000293	3072408	3	-1	-1	-1	0	-1	-1		
3000293	3072608	4	-1	-1	-1	0	-1	19		
3000293	3072708	5	-1	-1	-1	0	-1	20		
3000293	3072608	6	-1	-1	-1	0	-1	21		
										
										
										
3000294	3072108	1	-1	-1	-1	0	-1	16		
3000294	4100708	2	-1	-1	-1	0	-1	17		
3000294	3072008	3	-1	-1	-1	0	-1	-1		
3000294	3072608	4	-1	-1	-1	0	-1	19		
3000294	3072408	5	-1	-1	-1	0	-1	-1		
										
										
3000294	3072708	8	-1	-1	-1	0	-1	-1		
3000294	3072708	9	-1	-1	-1	0	-1	15		
3000295	3072109	1	-1	-1	-1	0	-1	16		
										
										
										
3000295	3072709	5	-1	-1	-1	0	-1	20		
3000295	3072409	6	-1	-1	-1	0	-1	-1		
										
										
										
3000296	3072009	1	-1	-1	-1	0	-1	16		
3000296	3072409	2	-1	-1	-1	0	-1	17		
										
3000296	3072709	4	-1	-1	-1	0	-1	19		
3000296	3072709	5	-1	-1	-1	0	-1	20		
3000296	3072609	6	-1	-1	-1	0	-1	21		
										
										
										
3000297	3072109	1	-1	-1	-1	0	-1	16		
3000297	3072109	2	-1	-1	-1	0	-1	17		
3000297	3072109	3	-1	-1	-1	0	-1	-1		
3000297	3072609	4	-1	-1	-1	0	-1	-1		
3000297	3072409	5	-1	-1	-1	0	-1	20		
										
										
3000297	4100709	8	-1	-1	-1	0	-1	-1		
3000297	3072709	9	-1	-1	-1	0	-1	15		
										
3000298	3072510	2	-1	-1	-1	0	-1	17		
3000298	3072110	3	-1	-1	-1	0	-1	18		
3000298	3072410	4	-1	-1	-1	0	-1	19		
3000298	3072710	5	-1	-1	-1	0	-1	20		
										
										
										
										
3000299	3072010	1	-1	-1	-1	0	-1	16		
3000299	3072110	2	-1	-1	-1	0	-1	17		
3000299	3072410	3	-1	-1	-1	0	-1	18		
3000299	3072710	4	-1	-1	-1	0	-1	-1		
3000299	3072710	5	-1	-1	-1	0	-1	20		
3000299	3072610	6	-1	-1	-1	0	-1	21		
										
										
										
										
3000300	9080	3	-1	-1	-1	0	1	-1		
										
										
										
										
										
										
										
3000301	3072111	1	-1	-1	-1	0	-1	16		
										
3000301	3072111	3	-1	-1	-1	0	-1	18		
										
3000301	3072111	5	-1	-1	-1	0	-1	20		
										
										
										
										
3000302	3072011	1	-1	-1	-1	0	-1	16		
3000302	3072511	2	-1	-1	-1	0	-1	17		
3000302	3072411	3	-1	-1	-1	0	-1	-1		
3000302	3072611	4	-1	-1	-1	0	-1	-1		
3000302	3072711	5	-1	-1	-1	0	-1	-1		
3000302	3072711	6	-1	-1	-1	0	-1	-1		
										
										
										
3000303	3072011	1	-1	-1	-1	0	-1	16		
3000303	4100711	2	-1	-1	-1	0	-1	-1		
3000303	3072411	3	-1	-1	-1	0	-1	18		
3000303	3072611	4	-1	-1	-1	0	-1	19		
										
3000303	3072411	6	-1	-1	-1	0	-1	-1		
										
3000303	3072711	8	-1	-1	-1	0	-1	-1		
3000303	3072711	9	-1	-1	-1	0	-1	15		
3000304	3072412	1	-1	-1	-1	0	-1	16		
3000304	3072012	2	-1	-1	-1	0	-1	17		
3000304	3072412	3	-1	-1	-1	0	-1	-1		
										
3000304	3072412	5	-1	-1	-1	0	-1	-1		
										
										
										
										
3000305	3072412	1	-1	-1	-1	0	-1	16		
3000305	3072412	2	-1	-1	-1	0	-1	17		
3000305	3072112	3	-1	-1	-1	0	-1	18		
3000305	3072612	4	-1	-1	-1	0	-1	19		
3000305	3072712	5	-1	-1	-1	0	-1	-1		
										
										
										
										
3000306	3072112	1	-1	-1	-1	0	-1	16		
3000306	3072112	2	-1	-1	-1	0	-1	17		
3000306	3072012	3	-1	-1	-1	0	-1	18		
3000306	3072412	4	-1	-1	-1	0	-1	19		
3000306	4100712	5	-1	-1	-1	0	-1	-1		
3000306	3072612	6	-1	-1	-1	0	-1	-1		
										
										
										
3000307	3072113	1	-1	-1	-1	0	-1	16		
										
										
										
3000307	3072413	5	-1	-1	-1	0	-1	-1		
3000307	3072413	6	-1	-1	-1	0	-1	-1		
										
										
										
3000308	3072113	1	-1	-1	-1	0	-1	16		
3000308	3072113	2	-1	-1	-1	0	-1	17		
3000308	3072413	3	-1	-1	-1	0	-1	-1		
3000308	3072713	4	-1	-1	-1	0	-1	19		
3000308	3072713	5	-1	-1	-1	0	-1	20		
3000308	3072613	6	-1	-1	-1	0	-1	21		
										
										
										
3000309	3072113	1	-1	-1	-1	0	-1	16		
3000309	3072513	2	-1	-1	-1	0	-1	-1		
3000309	3072113	3	-1	-1	-1	0	-1	-1		
										
3000309	3072413	5	-1	-1	-1	0	-1	20		
3000309	3072613	6	-1	-1	-1	0	-1	-1		
3000309	4100713	7	-1	-1	-1	0	-1	-1		
										
										
										
3000310	3072714	2	-1	-1	-1	0	-1	17		
										
3000310	3072414	4	-1	-1	-1	0	-1	19		
										
3000310	3072414	6	-1	-1	-1	0	-1	-1		
										
										
										
										
3000311	3072514	2	-1	-1	-1	0	-1	17		
3000311	3072414	3	-1	-1	-1	0	-1	-1		
3000311	3072614	4	-1	-1	-1	0	-1	19		
3000311	3072714	5	-1	-1	-1	0	-1	-1		
3000311	3072614	6	-1	-1	-1	0	-1	-1		
										
										
										
3000312	4100714	1	-1	-1	-1	0	-1	-1		
3000312	3072114	2	-1	-1	-1	0	-1	-1		
3000312	3072414	3	-1	-1	-1	0	-1	-1		
										
										
										
3000312	3072714	7	-1	-1	-1	0	-1	-1		
3000312	3072714	8	-1	-1	-1	0	-1	-1		
3000312	3072714	9	-1	-1	-1	0	-1	15		
										
										
3000313	3072015	3	-1	-1	-1	0	-1	18		
3000313	3072115	4	-1	-1	-1	0	-1	19		
3000313	3072415	5	-1	-1	-1	0	-1	-1		
3000313	3072415	6	-1	-1	-1	0	-1	-1		
										
										
										
3000314	3072015	1	-1	-1	-1	0	-1	16		
3000314	3072415	2	-1	-1	-1	0	-1	17		
										
3000314	3072615	4	-1	-1	-1	0	-1	19		
3000314	3072715	5	-1	-1	-1	0	-1	-1		
3000314	3072715	6	-1	-1	-1	0	-1	-1		
										
										
										
										
										
										
										
3000315	9090	3	-1	-1	-1	0	1	-1		
										
										
										
										
										
3000316	3072416	2	-1	-1	-1	0	-1	17		
3000316	3072016	3	-1	-1	-1	0	-1	18		
3000316	3072416	4	-1	-1	-1	0	-1	19		
3000316	3072716	5	-1	-1	-1	0	-1	-1		
										
										
										
										
3000317	3072016	1	-1	-1	-1	0	-1	16		
3000317	3072116	2	-1	-1	-1	0	-1	17		
3000317	3072416	3	-1	-1	-1	0	-1	-1		
3000317	3072716	4	-1	-1	-1	0	-1	19		
										
3000317	3072616	6	-1	-1	-1	0	-1	21		
										
										
										
3000318	3072016	1	-1	-1	-1	0	-1	-1		
3000318	4100716	2	-1	-1	-1	0	-1	17		
3000318	3072116	3	-1	-1	-1	0	-1	-1		
3000318	3072616	4	-1	-1	-1	0	-1	19		
3000318	3072716	5	-1	-1	-1	0	-1	-1		
3000318	3072516	6	-1	-1	-1	0	-1	-1		
										
										
										
3000319	3072117	1	-1	-1	-1	0	-1	16		
3000319	3072417	2	-1	-1	-1	0	-1	17		
										
										
3000319	3072717	5	-1	-1	-1	0	-1	20		
3000319	3072517	6	-1	-1	-1	0	-1	-1		
										
										
										
3000320	3072017	1	-1	-1	-1	0	-1	16		
3000320	3072017	2	-1	-1	-1	0	-1	17		
3000320	3072417	3	-1	-1	-1	0	-1	-1		
3000320	3072617	4	-1	-1	-1	0	-1	-1		
3000320	3072717	5	-1	-1	-1	0	-1	20		
3000320	3072717	6	-1	-1	-1	0	-1	-1		
										
										
										
3000321	3072017	1	-1	-1	-1	0	-1	16		
3000321	3072117	2	-1	-1	-1	0	-1	17		
3000321	3072017	3	-1	-1	-1	0	-1	-1		
3000321	3072417	4	-1	-1	-1	0	-1	19		
3000321	3072417	5	-1	-1	-1	0	-1	-1		
										
3000321	3072617	7	-1	-1	-1	0	-1	-1		
3000321	4100717	8	-1	-1	-1	0	-1	-1		
3000321	3072717	9	-1	-1	-1	0	-1	15		
										
										
3000322	3072118	3	-1	-1	-1	0	-1	-1		
3000322	3072418	4	-1	-1	-1	0	-1	19		
3000322	3072718	5	-1	-1	-1	0	-1	-1		
3000322	3072718	6	-1	-1	-1	0	-1	-1		
										
										
										
3000323	3072418	1	-1	-1	-1	0	-1	16		
3000323	3072418	2	-1	-1	-1	0	-1	17		
3000323	3072118	3	-1	-1	-1	0	-1	18		
3000323	3072618	4	-1	-1	-1	0	-1	19		
3000323	3072718	5	-1	-1	-1	0	-1	-1		
										
										
										
										
3000324	3072118	1	-1	-1	-1	0	-1	-1		
3000324	3072118	2	-1	-1	-1	0	-1	-1		
3000324	3072118	3	-1	-1	-1	0	-1	-1		
3000324	3072618	4	-1	-1	-1	0	-1	19		
3000324	3072518	5	-1	-1	-1	0	-1	20		
3000324	3072718	6	-1	-1	-1	0	-1	-1		
										
3000324	4100718	8	-1	-1	-1	0	-1	-1		
										
3000325	3072119	1	-1	-1	-1	0	-1	16		
										
										
										
3000325	3072719	5	-1	-1	-1	0	-1	-1		
3000325	3072419	6	-1	-1	-1	0	-1	-1		
										
										
										
3000326	3072119	1	-1	-1	-1	0	-1	16		
3000326	3072119	2	-1	-1	-1	0	-1	17		
3000326	3072419	3	-1	-1	-1	0	-1	-1		
3000326	3072719	4	-1	-1	-1	0	-1	19		
3000326	3072719	5	-1	-1	-1	0	-1	-1		
3000326	3072619	6	-1	-1	-1	0	-1	-1		
										
										
										
3000327	3072119	1	-1	-1	-1	0	-1	16		
3000327	4100719	2	-1	-1	-1	0	-1	-1		
3000327	3072119	3	-1	-1	-1	0	-1	18		
3000327	3072619	4	-1	-1	-1	0	-1	-1		
										
										
										
3000327	3072719	8	-1	-1	-1	0	-1	-1		
3000327	3072719	9	-1	-1	-1	0	-1	-1		
										
3000328	3072420	2	-1	-1	-1	0	-1	17		
3000328	3072120	3	-1	-1	-1	0	-1	-1		
3000328	3072420	4	-1	-1	-1	0	-1	19		
3000328	3072720	5	-1	-1	-1	0	-1	-1		
										
										
										
										
3000329	3072120	1	-1	-1	-1	0	-1	16		
3000329	3072520	2	-1	-1	-1	0	-1	17		
3000329	3072420	3	-1	-1	-1	0	-1	-1		
3000329	3072620	4	-1	-1	-1	0	-1	-1		
3000329	3072720	5	-1	-1	-1	0	-1	-1		
3000329	3072620	6	-1	-1	-1	0	-1	21		
										
										
										
										
										
										
										
3000330	9100	3	-1	-1	-1	0	1	20		
										
										
										
										
3000331	3072121	1	-1	-1	-1	0	-1	16		
										
3000331	3072121	3	-1	-1	-1	0	-1	-1		
										
3000331	3072121	5	-1	-1	-1	0	-1	20		
										
										
										
										
3000332	3072021	1	-1	-1	-1	0	-1	16		
3000332	3072421	2	-1	-1	-1	0	-1	17		
										
3000332	3072621	4	-1	-1	-1	0	-1	-1		
3000332	3072721	5	-1	-1	-1	0	-1	-1		
3000332	3072721	6	-1	-1	-1	0	-1	-1		
										
										
										
3000333	3072121	1	-1	-1	-1	0	-1	16		
3000333	3072121	2	-1	-1	-1	0	-1	17		
3000333	3072021	3	-1	-1	-1	0	-1	18		
3000333	3072421	4	-1	-1	-1	0	-1	19		
3000333	4100721	5	-1	-1	-1	0	-1	-1		
3000333	3072421	6	-1	-1	-1	0	-1	-1		
3000333	3072721	7	-1	-1	-1	0	-1	-1		
										
3000333	3072721	9	-1	-1	-1	0	-1	15		
3000334	3072422	1	-1	-1	-1	0	-1	16		
3000334	3072022	2	-1	-1	-1	0	-1	17		
3000334	3072522	3	-1	-1	-1	0	-1	18		
										
3000334	3072422	5	-1	-1	-1	0	-1	-1		
										
										
										
										
3000335	3072022	1	-1	-1	-1	0	-1	16		
3000335	3072122	2	-1	-1	-1	0	-1	17		
3000335	3072422	3	-1	-1	-1	0	-1	-1		
3000335	3072722	4	-1	-1	-1	0	-1	19		
3000335	3072722	5	-1	-1	-1	0	-1	20		
3000335	3072622	6	-1	-1	-1	0	-1	-1		
										
										
										
3000336	3072122	1	-1	-1	-1	0	-1	16		
3000336	4100722	2	-1	-1	-1	0	-1	-1		
3000336	3072122	3	-1	-1	-1	0	-1	-1		
3000336	3072722	4	-1	-1	-1	0	-1	19		
3000336	3072622	5	-1	-1	-1	0	-1	20		
3000336	3072022	6	-1	-1	-1	0	-1	-1		
										
3000336	3072722	8	-1	-1	-1	0	-1	-1		
3000336	3072722	9	-1	-1	-1	0	-1	15		
3000337	3072123	1	-1	-1	-1	0	-1	16		
										
3000337	3072423	3	-1	-1	-1	0	-1	-1		
										
3000337	3072423	5	-1	-1	-1	0	-1	20		
3000337	3072723	6	-1	-1	-1	0	-1	-1		
										
										
										
3000338	3072023	1	-1	-1	-1	0	-1	16		
3000338	3072023	2	-1	-1	-1	0	-1	17		
3000338	3072423	3	-1	-1	-1	0	-1	18		
3000338	3072523	4	-1	-1	-1	0	-1	19		
3000338	3072723	5	-1	-1	-1	0	-1	-1		
3000338	3072723	6	-1	-1	-1	0	-1	-1		
										
										
										
3000339	3072023	1	-1	-1	-1	0	-1	-1		
3000339	4100723	2	-1	-1	-1	0	-1	17		
3000339	3072123	3	-1	-1	-1	0	-1	18		
3000339	3072023	4	-1	-1	-1	0	-1	19		
3000339	3072623	5	-1	-1	-1	0	-1	20		
3000339	3072423	6	-1	-1	-1	0	-1	-1		
3000339	3072023	7	-1	-1	-1	0	-1	-1		
3000339	3072723	8	-1	-1	-1	0	-1	-1		
3000339	3072723	9	-1	-1	-1	0	-1	15		
3000340	3072024	1	-1	-1	-1	0	-1	16		
3000340	3072724	2	-1	-1	-1	0	-1	17		
										
3000340	3072424	4	-1	-1	-1	0	-1	19		
										
3000340	3072424	6	-1	-1	-1	0	-1	-1		
										
										
										
3000341	3072424	1	-1	-1	-1	0	-1	16		
3000341	3072424	2	-1	-1	-1	0	-1	17		
3000341	3072124	3	-1	-1	-1	0	-1	-1		
3000341	3072624	4	-1	-1	-1	0	-1	19		
3000341	3072724	5	-1	-1	-1	0	-1	20		
										
										
										
										
3000342	3072124	1	-1	-1	-1	0	-1	-1		
3000342	3072124	2	-1	-1	-1	0	-1	-1		
3000342	3072124	3	-1	-1	-1	0	-1	-1		
3000342	3072724	4	-1	-1	-1	0	-1	19		
3000342	3072524	5	-1	-1	-1	0	-1	20		
3000342	3072424	6	-1	-1	-1	0	-1	-1		
										
3000342	4100724	8	-1	-1	-1	0	-1	-1		
3000342	3072724	9	-1	-1	-1	0	-1	15		
3000343	3072025	1	-1	-1	-1	0	-1	16		
3000343	3072125	2	-1	-1	-1	0	-1	17		
3000343	3072425	3	-1	-1	-1	0	-1	18		
3000343	3072725	4	-1	-1	-1	0	-1	19		
										
										
										
										
										
3000344	3072125	1	-1	-1	-1	0	-1	-1		
3000344	3072125	2	-1	-1	-1	0	-1	17		
3000344	3072425	3	-1	-1	-1	0	-1	-1		
3000344	3072725	4	-1	-1	-1	0	-1	-1		
3000344	3072725	5	-1	-1	-1	0	-1	-1		
3000344	3072625	6	-1	-1	-1	0	-1	-1		
										
										
										
										
										
										
										
3000345	9110	3	-1	-1	-1	0	1	-1		
										
										
										
										
3000346	3072026	1	-1	-1	-1	0	-1	16		
3000346	3072026	2	-1	-1	-1	0	-1	17		
3000346	3072126	3	-1	-1	-1	0	-1	-1		
										
3000346	3072726	5	-1	-1	-1	0	-1	-1		
										
										
										
										
										
3000347	3072126	2	-1	-1	-1	0	-1	17		
3000347	3072426	3	-1	-1	-1	0	-1	18		
3000347	3072626	4	-1	-1	-1	0	-1	19		
3000347	3072526	5	-1	-1	-1	0	-1	20		
3000347	3072626	6	-1	-1	-1	0	-1	-1		
										
										
										
3000348	3072126	1	-1	-1	-1	0	-1	-1		
3000348	4100726	2	-1	-1	-1	0	-1	17		
3000348	3072126	3	-1	-1	-1	0	-1	-1		
3000348	3072726	4	-1	-1	-1	0	-1	19		
3000348	3072626	5	-1	-1	-1	0	-1	-1		
3000348	3072026	6	-1	-1	-1	0	-1	-1		
3000348	3072526	7	-1	-1	-1	0	-1	-1		
3000348	3072626	8	-1	-1	-1	0	-1	-1		
3000348	3072726	9	-1	-1	-1	0	-1	15		
3000349	3072127	1	-1	-1	-1	0	-1	16		
										
3000349	3072027	3	-1	-1	-1	0	-1	-1		
										
3000349	3072727	5	-1	-1	-1	0	-1	20		
										
										
										
										
3000350	3072027	1	-1	-1	-1	0	-1	16		
3000350	3072427	2	-1	-1	-1	0	-1	17		
										
3000350	3072627	4	-1	-1	-1	0	-1	-1		
3000350	3072727	5	-1	-1	-1	0	-1	20		
3000350	3072727	6	-1	-1	-1	0	-1	21		
										
										
										
3000351	3072027	1	-1	-1	-1	0	-1	16		
3000351	3072127	2	-1	-1	-1	0	-1	17		
3000351	3072127	3	-1	-1	-1	0	-1	-1		
3000351	3072027	4	-1	-1	-1	0	-1	19		
3000351	4100727	5	-1	-1	-1	0	-1	-1		
3000351	3072027	6	-1	-1	-1	0	-1	-1		
3000351	3072027	7	-1	-1	-1	0	-1	-1		
3000351	3072027	8	-1	-1	-1	0	-1	-1		
3000351	3072727	9	-1	-1	-1	0	-1	15		
3000352	3072028	1	-1	-1	-1	0	-1	16		
3000352	3072028	2	-1	-1	-1	0	-1	17		
										
3000352	3072428	4	-1	-1	-1	0	-1	19		
3000352	3072528	5	-1	-1	-1	0	-1	-1		
3000352	3072028	6	-1	-1	-1	0	-1	-1		
										
										
										
3000353	3072028	1	-1	-1	-1	0	-1	16		
3000353	3072128	2	-1	-1	-1	0	-1	17		
3000353	3072428	3	-1	-1	-1	0	-1	18		
3000353	3072728	4	-1	-1	-1	0	-1	-1		
3000353	3072728	5	-1	-1	-1	0	-1	20		
3000353	3072628	6	-1	-1	-1	0	-1	-1		
										
										
										
3000354	3072028	1	-1	-1	-1	0	-1	-1		
3000354	3072128	2	-1	-1	-1	0	-1	17		
3000354	3072128	3	-1	-1	-1	0	-1	-1		
3000354	3072728	4	-1	-1	-1	0	-1	19		
3000354	4100728	5	-1	-1	-1	0	-1	20		
3000354	3072028	6	-1	-1	-1	0	-1	-1		
3000354	3072728	7	-1	-1	-1	0	-1	-1		
3000354	3072028	8	-1	-1	-1	0	-1	-1		
3000354	3072028	9	-1	-1	-1	0	-1	15		
										
3000355	3072029	2	-1	-1	-1	0	-1	17		
										
3000355	3072729	4	-1	-1	-1	0	-1	19		
3000355	3072629	5	-1	-1	-1	0	-1	20		
3000355	3072729	6	-1	-1	-1	0	-1	-1		
										
										
										
3000356	3072029	1	-1	-1	-1	0	-1	16		
3000356	3072029	2	-1	-1	-1	0	-1	17		
3000356	3072429	3	-1	-1	-1	0	-1	18		
3000356	3072629	4	-1	-1	-1	0	-1	-1		
3000356	3072729	5	-1	-1	-1	0	-1	20		
3000356	3072729	6	-1	-1	-1	0	-1	21		
										
										
										
3000357	3072129	1	-1	-1	-1	0	-1	16		
3000357	4100729	2	-1	-1	-1	0	-1	-1		
3000357	3072129	3	-1	-1	-1	0	-1	18		
3000357	3072029	4	-1	-1	-1	0	-1	-1		
3000357	3072729	5	-1	-1	-1	0	-1	20		
3000357	3072429	6	-1	-1	-1	0	-1	-1		
3000357	3072729	7	-1	-1	-1	0	-1	-1		
3000357	3072729	8	-1	-1	-1	0	-1	-1		
3000357	3072029	9	-1	-1	-1	0	-1	15		
3000358	3072030	1	-1	-1	-1	0	-1	16		
3000358	3072130	2	-1	-1	-1	0	-1	17		
3000358	3072030	3	-1	-1	-1	0	-1	-1		
3000358	3072730	4	-1	-1	-1	0	-1	19		
										
3000358	3072730	6	-1	-1	-1	0	-1	-1		
										
										
										
3000359	3072130	1	-1	-1	-1	0	-1	16		
3000359	3072530	2	-1	-1	-1	0	-1	17		
3000359	3072430	3	-1	-1	-1	0	-1	18		
3000359	3072730	4	-1	-1	-1	0	-1	19		
3000359	3072430	5	-1	-1	-1	0	-1	20		
3000359	3072730	6	-1	-1	-1	0	-1	-1		
										
										
										
										
3000360	9120	3	-1	-1	-1	0	1	17		
										
										
										
										
										
										
										
3000361	3083201	1	-1	-1	-1	0	-1	16		
3000361	3082801	2	-1	-1	-1	0	-1	17		
3000361	3082901	3	-1	-1	-1	0	-1	18		
										
3000361	3083401	5	-1	-1	-1	0	-1	-1		
										
										
										
										
3000362	3082901	1	-1	-1	-1	0	-1	16		
3000362	3083001	2	-1	-1	-1	0	-1	17		
3000362	3082901	3	-1	-1	-1	0	-1	18		
										
3000362	3083301	5	-1	-1	-1	0	-1	-1		
										
										
										
										
3000363	3082901	1	-1	-1	-1	0	-1	16		
3000363	4100801	2	-1	-1	-1	0	-1	17		
3000363	3082901	3	-1	-1	-1	0	-1	-1		
3000363	3083401	4	-1	-1	-1	0	-1	19		
3000363	3083201	5	-1	-1	-1	0	-1	-1		
3000363	3083401	6	-1	-1	-1	0	-1	-1		
3000363	3082801	7	-1	-1	-1	0	-1	-1		
3000363	3083301	8	-1	-1	-1	0	-1	-1		
										
3000364	3082902	1	-1	-1	-1	0	-1	16		
3000364	3083202	2	-1	-1	-1	0	-1	17		
3000364	3082802	3	-1	-1	-1	0	-1	-1		
										
3000364	3083402	5	-1	-1	-1	0	-1	-1		
3000364	3083402	6	-1	-1	-1	0	-1	-1		
										
										
										
										
3000365	3082902	2	-1	-1	-1	0	-1	17		
3000365	3083102	3	-1	-1	-1	0	-1	18		
3000365	3083402	4	-1	-1	-1	0	-1	-1		
3000365	3083302	5	-1	-1	-1	0	-1	20		
										
										
										
										
3000366	3083002	1	-1	-1	-1	0	-1	-1		
3000366	3082802	2	-1	-1	-1	0	-1	17		
3000366	3083202	3	-1	-1	-1	0	-1	-1		
										
3000366	3083102	5	-1	-1	-1	0	-1	-1		
3000366	3083402	6	-1	-1	-1	0	-1	-1		
3000366	3083402	7	-1	-1	-1	0	-1	-1		
3000366	4100802	8	-1	-1	-1	0	-1	-1		
3000366	3083302	9	-1	-1	-1	0	-1	15		
3000367	3082903	1	-1	-1	-1	0	-1	16		
3000367	3082803	2	-1	-1	-1	0	-1	-1		
3000367	3082903	3	-1	-1	-1	0	-1	-1		
										
3000367	3083303	5	-1	-1	-1	0	-1	20		
										
										
										
										
3000368	3082903	1	-1	-1	-1	0	-1	16		
3000368	3082903	2	-1	-1	-1	0	-1	17		
3000368	3082803	3	-1	-1	-1	0	-1	18		
3000368	3083303	4	-1	-1	-1	0	-1	-1		
3000368	3083403	5	-1	-1	-1	0	-1	20		
3000368	3083103	6	-1	-1	-1	0	-1	21		
										
										
										
3000369	3082903	1	-1	-1	-1	0	-1	16		
3000369	3083003	2	-1	-1	-1	0	-1	-1		
3000369	3082903	3	-1	-1	-1	0	-1	18		
										
3000369	4100803	5	-1	-1	-1	0	-1	20		
3000369	3083303	6	-1	-1	-1	0	-1	-1		
3000369	3083403	7	-1	-1	-1	0	-1	-1		
										
3000369	3083403	9	-1	-1	-1	0	-1	15		
3000370	3083304	1	-1	-1	-1	0	-1	16		
3000370	3083304	2	-1	-1	-1	0	-1	17		
3000370	3082804	3	-1	-1	-1	0	-1	18		
										
3000370	3083404	5	-1	-1	-1	0	-1	-1		
3000370	3083404	6	-1	-1	-1	0	-1	-1		
										
										
										
3000371	3082904	1	-1	-1	-1	0	-1	16		
3000371	3083204	2	-1	-1	-1	0	-1	17		
3000371	3082904	3	-1	-1	-1	0	-1	18		
3000371	3083304	4	-1	-1	-1	0	-1	-1		
3000371	3083104	5	-1	-1	-1	0	-1	20		
3000371	3082804	6	-1	-1	-1	0	-1	21		
										
										
										
3000372	3082904	1	-1	-1	-1	0	-1	16		
3000372	3083004	2	-1	-1	-1	0	-1	-1		
3000372	3082904	3	-1	-1	-1	0	-1	18		
3000372	3083204	4	-1	-1	-1	0	-1	-1		
3000372	4100804	5	-1	-1	-1	0	-1	20		
3000372	3082804	6	-1	-1	-1	0	-1	-1		
3000372	3083404	7	-1	-1	-1	0	-1	-1		
										
3000372	3083404	9	-1	-1	-1	0	-1	15		
3000373	3083005	1	-1	-1	-1	0	-1	16		
3000373	3082905	2	-1	-1	-1	0	-1	17		
3000373	3082805	3	-1	-1	-1	0	-1	-1		
										
3000373	3083305	5	-1	-1	-1	0	-1	20		
3000373	3083405	6	-1	-1	-1	0	-1	-1		
										
										
										
3000374	3082905	1	-1	-1	-1	0	-1	16		
3000374	3082905	2	-1	-1	-1	0	-1	17		
3000374	3083005	3	-1	-1	-1	0	-1	18		
3000374	3083405	4	-1	-1	-1	0	-1	19		
3000374	3083405	5	-1	-1	-1	0	-1	20		
										
										
3000374	3083305	8	-1	-1	-1	0	-1	23		
										
										
										
										
										
3000375	9130	3	-1	-1	-1	0	1	20		
										
										
										
										
3000376	3082806	1	-1	-1	-1	0	-1	16		
3000376	3082906	2	-1	-1	-1	0	-1	17		
3000376	3082906	3	-1	-1	-1	0	-1	18		
3000376	3083306	4	-1	-1	-1	0	-1	19		
3000376	3083406	5	-1	-1	-1	0	-1	20		
										
										
										
										
3000377	3083006	1	-1	-1	-1	0	-1	16		
3000377	3083006	2	-1	-1	-1	0	-1	17		
3000377	3082906	3	-1	-1	-1	0	-1	18		
										
3000377	3083306	5	-1	-1	-1	0	-1	20		
3000377	3083406	6	-1	-1	-1	0	-1	21		
										
										
										
3000378	3082906	1	-1	-1	-1	0	-1	16		
3000378	3083006	2	-1	-1	-1	0	-1	17		
3000378	3083006	3	-1	-1	-1	0	-1	-1		
3000378	3083406	4	-1	-1	-1	0	-1	-1		
										
3000378	4100806	6	-1	-1	-1	0	-1	-1		
3000378	3083306	7	-1	-1	-1	0	-1	-1		
3000378	3083406	8	-1	-1	-1	0	-1	-1		
										
										
3000379	3082907	2	-1	-1	-1	0	-1	17		
3000379	3083107	3	-1	-1	-1	0	-1	-1		
3000379	3083107	4	-1	-1	-1	0	-1	-1		
3000379	3083307	5	-1	-1	-1	0	-1	-1		
										
										
										
										
3000380	3082907	1	-1	-1	-1	0	-1	16		
3000380	3082907	2	-1	-1	-1	0	-1	17		
3000380	3083107	3	-1	-1	-1	0	-1	-1		
3000380	3083307	4	-1	-1	-1	0	-1	19		
3000380	3083407	5	-1	-1	-1	0	-1	-1		
3000380	3083307	6	-1	-1	-1	0	-1	21		
										
										
										
3000381	3083207	1	-1	-1	-1	0	-1	16		
3000381	3083007	2	-1	-1	-1	0	-1	17		
3000381	3082907	3	-1	-1	-1	0	-1	-1		
3000381	3083307	4	-1	-1	-1	0	-1	-1		
3000381	4100807	5	-1	-1	-1	0	-1	-1		
3000381	3083407	6	-1	-1	-1	0	-1	-1		
3000381	3083407	7	-1	-1	-1	0	-1	-1		
										
										
										
3000382	3083108	2	-1	-1	-1	0	-1	17		
										
3000382	3083308	4	-1	-1	-1	0	-1	-1		
3000382	3083408	5	-1	-1	-1	0	-1	-1		
3000382	3083308	6	-1	-1	-1	0	-1	-1		
										
										
										
										
3000383	3083008	2	-1	-1	-1	0	-1	17		
3000383	3083108	3	-1	-1	-1	0	-1	-1		
3000383	3083308	4	-1	-1	-1	0	-1	19		
3000383	3083408	5	-1	-1	-1	0	-1	-1		
3000383	3083408	6	-1	-1	-1	0	-1	-1		
										
										
										
3000384	3082908	1	-1	-1	-1	0	-1	16		
3000384	3083008	2	-1	-1	-1	0	-1	17		
3000384	3083208	3	-1	-1	-1	0	-1	-1		
3000384	3083308	4	-1	-1	-1	0	-1	-1		
3000384	3083108	5	-1	-1	-1	0	-1	-1		
										
										
3000384	4100808	8	-1	-1	-1	0	-1	-1		
3000384	3083308	9	-1	-1	-1	0	-1	15		
3000385	3082909	1	-1	-1	-1	0	-1	16		
3000385	3083409	2	-1	-1	-1	0	-1	17		
										
										
3000385	3083309	5	-1	-1	-1	0	-1	20		
3000385	3083109	6	-1	-1	-1	0	-1	-1		
										
										
										
3000386	3083209	1	-1	-1	-1	0	-1	16		
3000386	3083109	2	-1	-1	-1	0	-1	17		
										
3000386	3083309	4	-1	-1	-1	0	-1	19		
3000386	3083409	5	-1	-1	-1	0	-1	-1		
3000386	3083409	6	-1	-1	-1	0	-1	-1		
										
										
										
3000387	3082909	1	-1	-1	-1	0	-1	-1		
3000387	4100809	2	-1	-1	-1	0	-1	17		
3000387	3083009	3	-1	-1	-1	0	-1	-1		
3000387	3083409	4	-1	-1	-1	0	-1	-1		
3000387	3083109	5	-1	-1	-1	0	-1	-1		
										
										
3000387	3083309	8	-1	-1	-1	0	-1	-1		
3000387	3083409	9	-1	-1	-1	0	-1	15		
										
3000388	3083110	2	-1	-1	-1	0	-1	17		
3000388	3082910	3	-1	-1	-1	0	-1	-1		
3000388	3083110	4	-1	-1	-1	0	-1	19		
3000388	3083310	5	-1	-1	-1	0	-1	20		
										
										
										
										
3000389	3083210	1	-1	-1	-1	0	-1	16		
3000389	3083010	2	-1	-1	-1	0	-1	17		
3000389	3083110	3	-1	-1	-1	0	-1	18		
3000389	3083410	4	-1	-1	-1	0	-1	-1		
3000389	3083310	5	-1	-1	-1	0	-1	20		
3000389	3083410	6	-1	-1	-1	0	-1	-1		
										
										
										
										
3000390	9140	3	-1	-1	-1	0	1	17		
										
										
										
										
										
										
										
3000391	3082911	1	-1	-1	-1	0	-1	16		
										
3000391	3082911	3	-1	-1	-1	0	-1	-1		
										
3000391	3083011	5	-1	-1	-1	0	-1	-1		
										
										
										
										
3000392	3083211	1	-1	-1	-1	0	-1	16		
3000392	3083211	2	-1	-1	-1	0	-1	17		
3000392	3083111	3	-1	-1	-1	0	-1	-1		
3000392	3083311	4	-1	-1	-1	0	-1	19		
3000392	3083411	5	-1	-1	-1	0	-1	-1		
3000392	3083311	6	-1	-1	-1	0	-1	21		
										
										
										
3000393	3083211	1	-1	-1	-1	0	-1	16		
3000393	4100811	2	-1	-1	-1	0	-1	17		
3000393	3083111	3	-1	-1	-1	0	-1	-1		
3000393	3083411	4	-1	-1	-1	0	-1	-1		
										
3000393	3083111	6	-1	-1	-1	0	-1	-1		
										
3000393	3083311	8	-1	-1	-1	0	-1	-1		
3000393	3083411	9	-1	-1	-1	0	-1	15		
3000394	3083112	1	-1	-1	-1	0	-1	16		
3000394	3083212	2	-1	-1	-1	0	-1	17		
3000394	3083112	3	-1	-1	-1	0	-1	-1		
										
3000394	3083112	5	-1	-1	-1	0	-1	-1		
										
										
										
										
3000395	3083112	1	-1	-1	-1	0	-1	16		
3000395	3083112	2	-1	-1	-1	0	-1	17		
3000395	3082912	3	-1	-1	-1	0	-1	-1		
3000395	3083412	4	-1	-1	-1	0	-1	-1		
3000395	3083312	5	-1	-1	-1	0	-1	-1		
										
										
										
										
3000396	3082912	1	-1	-1	-1	0	-1	16		
3000396	3083012	2	-1	-1	-1	0	-1	17		
3000396	3083212	3	-1	-1	-1	0	-1	18		
3000396	4100812	4	-1	-1	-1	0	-1	-1		
3000396	3083312	5	-1	-1	-1	0	-1	-1		
3000396	3083412	6	-1	-1	-1	0	-1	-1		
										
										
										
3000397	3082913	1	-1	-1	-1	0	-1	16		
										
										
										
3000397	3083113	5	-1	-1	-1	0	-1	-1		
3000397	3083113	6	-1	-1	-1	0	-1	-1		
										
										
										
3000398	3082913	1	-1	-1	-1	0	-1	16		
3000398	3082913	2	-1	-1	-1	0	-1	17		
3000398	3083113	3	-1	-1	-1	0	-1	-1		
3000398	3083313	4	-1	-1	-1	0	-1	19		
3000398	3083413	5	-1	-1	-1	0	-1	-1		
3000398	3083413	6	-1	-1	-1	0	-1	-1		
										
										
										
3000399	3083013	1	-1	-1	-1	0	-1	16		
3000399	3083213	2	-1	-1	-1	0	-1	-1		
3000399	3083013	3	-1	-1	-1	0	-1	-1		
										
3000399	3083113	5	-1	-1	-1	0	-1	-1		
3000399	4100813	6	-1	-1	-1	0	-1	-1		
3000399	3083313	7	-1	-1	-1	0	-1	-1		
										
										
										
3000400	3083314	2	-1	-1	-1	0	-1	17		
										
3000400	3083114	4	-1	-1	-1	0	-1	-1		
3000400	3083414	5	-1	-1	-1	0	-1	-1		
3000400	3083114	6	-1	-1	-1	0	-1	-1		
										
										
										
										
3000401	3083014	2	-1	-1	-1	0	-1	17		
3000401	3083114	3	-1	-1	-1	0	-1	-1		
3000401	3083414	4	-1	-1	-1	0	-1	19		
3000401	3083414	5	-1	-1	-1	0	-1	-1		
3000401	3083314	6	-1	-1	-1	0	-1	-1		
										
										
										
3000402	3082914	1	-1	-1	-1	0	-1	-1		
3000402	3083014	2	-1	-1	-1	0	-1	-1		
3000402	3083114	3	-1	-1	-1	0	-1	-1		
										
3000402	4100814	5	-1	-1	-1	0	-1	20		
										
3000402	3083414	7	-1	-1	-1	0	-1	-1		
3000402	3083414	8	-1	-1	-1	0	-1	-1		
3000402	3083314	9	-1	-1	-1	0	-1	15		
										
										
3000403	3083215	3	-1	-1	-1	0	-1	-1		
3000403	3082915	4	-1	-1	-1	0	-1	-1		
3000403	3083115	5	-1	-1	-1	0	-1	-1		
3000403	3083115	6	-1	-1	-1	0	-1	-1		
										
										
										
3000404	3083215	1	-1	-1	-1	0	-1	16		
3000404	3083115	2	-1	-1	-1	0	-1	17		
										
3000404	3083315	4	-1	-1	-1	0	-1	19		
3000404	3083415	5	-1	-1	-1	0	-1	-1		
3000404	3083415	6	-1	-1	-1	0	-1	-1		
										
										
										
										
										
										
										
3000405	9150	3	-1	-1	-1	0	1	-1		
										
										
										
										
										
3000406	3083116	2	-1	-1	-1	0	-1	17		
3000406	3083216	3	-1	-1	-1	0	-1	-1		
3000406	3083116	4	-1	-1	-1	0	-1	-1		
3000406	3083316	5	-1	-1	-1	0	-1	-1		
										
										
										
										
3000407	3083216	1	-1	-1	-1	0	-1	16		
3000407	3083016	2	-1	-1	-1	0	-1	17		
3000407	3083116	3	-1	-1	-1	0	-1	-1		
3000407	3083416	4	-1	-1	-1	0	-1	-1		
										
3000407	3083316	6	-1	-1	-1	0	-1	-1		
										
										
										
3000408	4100816	1	-1	-1	-1	0	-1	-1		
3000408	3083016	2	-1	-1	-1	0	-1	17		
3000408	3082916	3	-1	-1	-1	0	-1	-1		
3000408	3083316	4	-1	-1	-1	0	-1	19		
3000408	3083416	5	-1	-1	-1	0	-1	-1		
3000408	3083116	6	-1	-1	-1	0	-1	-1		
										
										
										
3000409	3082917	1	-1	-1	-1	0	-1	16		
3000409	3083117	2	-1	-1	-1	0	-1	17		
										
										
3000409	3083317	5	-1	-1	-1	0	-1	-1		
3000409	3083117	6	-1	-1	-1	0	-1	-1		
										
										
										
3000410	3083217	1	-1	-1	-1	0	-1	16		
3000410	3083217	2	-1	-1	-1	0	-1	17		
3000410	3083117	3	-1	-1	-1	0	-1	-1		
3000410	3083317	4	-1	-1	-1	0	-1	-1		
3000410	3083417	5	-1	-1	-1	0	-1	20		
3000410	3083417	6	-1	-1	-1	0	-1	-1		
										
										
										
3000411	3083217	1	-1	-1	-1	0	-1	16		
3000411	3083017	2	-1	-1	-1	0	-1	17		
3000411	3083217	3	-1	-1	-1	0	-1	-1		
3000411	3083117	4	-1	-1	-1	0	-1	19		
3000411	3083117	5	-1	-1	-1	0	-1	-1		
										
3000411	3083317	7	-1	-1	-1	0	-1	-1		
3000411	4100817	8	-1	-1	-1	0	-1	-1		
3000411	3083417	9	-1	-1	-1	0	-1	15		
										
										
3000412	3082918	3	-1	-1	-1	0	-1	-1		
3000412	3083118	4	-1	-1	-1	0	-1	-1		
3000412	3083418	5	-1	-1	-1	0	-1	-1		
3000412	3083318	6	-1	-1	-1	0	-1	-1		
										
										
										
3000413	3083118	1	-1	-1	-1	0	-1	16		
3000413	3083118	2	-1	-1	-1	0	-1	17		
3000413	3082918	3	-1	-1	-1	0	-1	18		
3000413	3083418	4	-1	-1	-1	0	-1	-1		
3000413	3083418	5	-1	-1	-1	0	-1	-1		
3000413	3083318	6	-1	-1	-1	0	-1	-1		
										
										
										
3000414	3083018	1	-1	-1	-1	0	-1	-1		
3000414	3083018	2	-1	-1	-1	0	-1	-1		
3000414	3083018	3	-1	-1	-1	0	-1	-1		
3000414	3083318	4	-1	-1	-1	0	-1	19		
3000414	3083118	5	-1	-1	-1	0	-1	20		
3000414	3083318	6	-1	-1	-1	0	-1	-1		
										
3000414	4100818	8	-1	-1	-1	0	-1	-1		
										
3000415	3082919	1	-1	-1	-1	0	-1	16		
										
										
										
3000415	3083319	5	-1	-1	-1	0	-1	-1		
3000415	3083119	6	-1	-1	-1	0	-1	-1		
										
										
										
3000416	3082919	1	-1	-1	-1	0	-1	16		
3000416	3082919	2	-1	-1	-1	0	-1	17		
3000416	3083119	3	-1	-1	-1	0	-1	-1		
3000416	3083419	4	-1	-1	-1	0	-1	19		
3000416	3083419	5	-1	-1	-1	0	-1	-1		
3000416	3083319	6	-1	-1	-1	0	-1	-1		
										
										
										
3000417	3083019	1	-1	-1	-1	0	-1	-1		
3000417	4100819	2	-1	-1	-1	0	-1	-1		
3000417	3083019	3	-1	-1	-1	0	-1	18		
3000417	3083319	4	-1	-1	-1	0	-1	-1		
										
										
										
3000417	3083419	8	-1	-1	-1	0	-1	-1		
3000417	3083419	9	-1	-1	-1	0	-1	-1		
										
3000418	3083120	2	-1	-1	-1	0	-1	17		
3000418	3082920	3	-1	-1	-1	0	-1	-1		
3000418	3083120	4	-1	-1	-1	0	-1	-1		
3000418	3083320	5	-1	-1	-1	0	-1	-1		
										
										
										
										
3000419	3082920	1	-1	-1	-1	0	-1	16		
3000419	3083020	2	-1	-1	-1	0	-1	17		
3000419	3083120	3	-1	-1	-1	0	-1	-1		
3000419	3083320	4	-1	-1	-1	0	-1	19		
3000419	3083420	5	-1	-1	-1	0	-1	-1		
3000419	3083420	6	-1	-1	-1	0	-1	-1		
										
										
										
										
										
										
										
3000420	9160	3	-1	-1	-1	0	1	20		
										
										
										
										
3000421	3082921	1	-1	-1	-1	0	-1	16		
										
3000421	3082921	3	-1	-1	-1	0	-1	-1		
										
3000421	3083021	5	-1	-1	-1	0	-1	-1		
										
										
										
										
3000422	3083221	1	-1	-1	-1	0	-1	16		
3000422	3083121	2	-1	-1	-1	0	-1	17		
										
3000422	3083321	4	-1	-1	-1	0	-1	19		
3000422	3083421	5	-1	-1	-1	0	-1	-1		
3000422	3083421	6	-1	-1	-1	0	-1	-1		
										
										
										
3000423	3082921	1	-1	-1	-1	0	-1	16		
3000423	4100821	2	-1	-1	-1	0	-1	17		
3000423	3083221	3	-1	-1	-1	0	-1	18		
3000423	3083121	4	-1	-1	-1	0	-1	-1		
3000423	3083221	5	-1	-1	-1	0	-1	-1		
3000423	3083121	6	-1	-1	-1	0	-1	-1		
3000423	3083321	7	-1	-1	-1	0	-1	-1		
										
3000423	3083421	9	-1	-1	-1	0	-1	15		
3000424	3083122	1	-1	-1	-1	0	-1	16		
3000424	3083222	2	-1	-1	-1	0	-1	17		
3000424	3083122	3	-1	-1	-1	0	-1	-1		
										
3000424	3083122	5	-1	-1	-1	0	-1	-1		
										
										
										
										
3000425	3083222	1	-1	-1	-1	0	-1	16		
3000425	3083022	2	-1	-1	-1	0	-1	17		
3000425	3083122	3	-1	-1	-1	0	-1	-1		
3000425	3083422	4	-1	-1	-1	0	-1	-1		
3000425	3083322	5	-1	-1	-1	0	-1	20		
3000425	3083422	6	-1	-1	-1	0	-1	-1		
										
										
										
3000426	3083022	1	-1	-1	-1	0	-1	16		
3000426	3082922	2	-1	-1	-1	0	-1	-1		
3000426	3082922	3	-1	-1	-1	0	-1	-1		
3000426	3083422	4	-1	-1	-1	0	-1	-1		
3000426	4100822	5	-1	-1	-1	0	-1	20		
3000426	3082822	6	-1	-1	-1	0	-1	-1		
										
3000426	3083422	8	-1	-1	-1	0	-1	-1		
3000426	3083322	9	-1	-1	-1	0	-1	15		
3000427	3082923	1	-1	-1	-1	0	-1	16		
										
3000427	3083123	3	-1	-1	-1	0	-1	-1		
										
3000427	3083123	5	-1	-1	-1	0	-1	-1		
3000427	3083323	6	-1	-1	-1	0	-1	-1		
										
										
										
3000428	3083223	1	-1	-1	-1	0	-1	16		
3000428	3083223	2	-1	-1	-1	0	-1	17		
3000428	3083123	3	-1	-1	-1	0	-1	18		
3000428	3083423	4	-1	-1	-1	0	-1	19		
3000428	3083423	5	-1	-1	-1	0	-1	-1		
3000428	3083323	6	-1	-1	-1	0	-1	-1		
										
										
										
3000429	3083223	1	-1	-1	-1	0	-1	-1		
3000429	3083023	2	-1	-1	-1	0	-1	17		
3000429	3082923	3	-1	-1	-1	0	-1	18		
3000429	3082823	4	-1	-1	-1	0	-1	-1		
3000429	3083323	5	-1	-1	-1	0	-1	-1		
3000429	3083123	6	-1	-1	-1	0	-1	-1		
3000429	4100823	7	-1	-1	-1	0	-1	-1		
3000429	3083323	8	-1	-1	-1	0	-1	-1		
3000429	3083323	9	-1	-1	-1	0	-1	15		
3000430	3083224	1	-1	-1	-1	0	-1	16		
3000430	3083324	2	-1	-1	-1	0	-1	17		
										
3000430	3083124	4	-1	-1	-1	0	-1	-1		
										
3000430	3083124	6	-1	-1	-1	0	-1	-1		
										
										
										
3000431	3083124	1	-1	-1	-1	0	-1	16		
3000431	3083124	2	-1	-1	-1	0	-1	17		
3000431	3082924	3	-1	-1	-1	0	-1	-1		
3000431	3083424	4	-1	-1	-1	0	-1	19		
3000431	3083324	5	-1	-1	-1	0	-1	-1		
										
										
										
										
3000432	3082924	1	-1	-1	-1	0	-1	-1		
3000432	3083024	2	-1	-1	-1	0	-1	-1		
3000432	3082924	3	-1	-1	-1	0	-1	-1		
3000432	3083324	4	-1	-1	-1	0	-1	-1		
3000432	4100824	5	-1	-1	-1	0	-1	20		
3000432	3083124	6	-1	-1	-1	0	-1	-1		
										
3000432	3083324	8	-1	-1	-1	0	-1	-1		
3000432	3083324	9	-1	-1	-1	0	-1	15		
3000433	3083225	1	-1	-1	-1	0	-1	16		
3000433	3083025	2	-1	-1	-1	0	-1	17		
3000433	3083125	3	-1	-1	-1	0	-1	-1		
3000433	3083325	4	-1	-1	-1	0	-1	-1		
										
										
										
										
										
3000434	3082925	1	-1	-1	-1	0	-1	16		
3000434	3082925	2	-1	-1	-1	0	-1	17		
3000434	3083125	3	-1	-1	-1	0	-1	-1		
3000434	3083425	4	-1	-1	-1	0	-1	-1		
3000434	3083325	5	-1	-1	-1	0	-1	-1		
3000434	3083425	6	-1	-1	-1	0	-1	-1		
										
										
										
										
										
										
										
3000435	9170	3	-1	-1	-1	0	1	-1		
										
										
										
										
3000436	3082826	1	-1	-1	-1	0	-1	16		
3000436	3082826	2	-1	-1	-1	0	-1	17		
3000436	3082926	3	-1	-1	-1	0	-1	-1		
										
3000436	3083326	5	-1	-1	-1	0	-1	-1		
										
										
										
										
										
3000437	3083026	2	-1	-1	-1	0	-1	17		
3000437	3083126	3	-1	-1	-1	0	-1	-1		
3000437	3083426	4	-1	-1	-1	0	-1	19		
3000437	3083426	5	-1	-1	-1	0	-1	-1		
3000437	3083326	6	-1	-1	-1	0	-1	-1		
										
										
										
3000438	3082926	1	-1	-1	-1	0	-1	-1		
3000438	3083026	2	-1	-1	-1	0	-1	17		
3000438	3082926	3	-1	-1	-1	0	-1	-1		
3000438	3083326	4	-1	-1	-1	0	-1	19		
3000438	4100826	5	-1	-1	-1	0	-1	-1		
3000438	3082826	6	-1	-1	-1	0	-1	-1		
3000438	3082826	7	-1	-1	-1	0	-1	-1		
3000438	3083326	8	-1	-1	-1	0	-1	-1		
3000438	3083326	9	-1	-1	-1	0	-1	15		
3000439	3082927	1	-1	-1	-1	0	-1	16		
										
3000439	3083227	3	-1	-1	-1	0	-1	-1		
										
3000439	3083327	5	-1	-1	-1	0	-1	-1		
										
										
										
										
3000440	3083227	1	-1	-1	-1	0	-1	16		
3000440	3083127	2	-1	-1	-1	0	-1	17		
										
3000440	3083327	4	-1	-1	-1	0	-1	19		
3000440	3083427	5	-1	-1	-1	0	-1	20		
3000440	3083427	6	-1	-1	-1	0	-1	-1		
										
										
										
3000441	3083227	1	-1	-1	-1	0	-1	16		
3000441	3083027	2	-1	-1	-1	0	-1	17		
3000441	3082927	3	-1	-1	-1	0	-1	-1		
3000441	3082827	4	-1	-1	-1	0	-1	19		
3000441	4100827	5	-1	-1	-1	0	-1	-1		
3000441	3082827	6	-1	-1	-1	0	-1	-1		
3000441	3082827	7	-1	-1	-1	0	-1	-1		
3000441	3082827	8	-1	-1	-1	0	-1	-1		
3000441	3083327	9	-1	-1	-1	0	-1	15		
3000442	3082828	1	-1	-1	-1	0	-1	16		
3000442	3082828	2	-1	-1	-1	0	-1	17		
										
3000442	3083128	4	-1	-1	-1	0	-1	-1		
3000442	3083328	5	-1	-1	-1	0	-1	-1		
3000442	3083228	6	-1	-1	-1	0	-1	-1		
										
										
										
3000443	3083228	1	-1	-1	-1	0	-1	16		
3000443	3083028	2	-1	-1	-1	0	-1	17		
3000443	3083128	3	-1	-1	-1	0	-1	-1		
3000443	3083428	4	-1	-1	-1	0	-1	-1		
3000443	3083428	5	-1	-1	-1	0	-1	20		
3000443	3083328	6	-1	-1	-1	0	-1	-1		
										
										
										
3000444	3083228	1	-1	-1	-1	0	-1	-1		
3000444	3082928	2	-1	-1	-1	0	-1	17		
3000444	3082928	3	-1	-1	-1	0	-1	-1		
3000444	3083328	4	-1	-1	-1	0	-1	19		
3000444	3082828	5	-1	-1	-1	0	-1	-1		
3000444	4100828	6	-1	-1	-1	0	-1	-1		
3000444	3083328	7	-1	-1	-1	0	-1	-1		
3000444	3082828	8	-1	-1	-1	0	-1	-1		
										
										
3000445	3082829	2	-1	-1	-1	0	-1	17		
										
3000445	3083429	4	-1	-1	-1	0	-1	-1		
3000445	3083329	5	-1	-1	-1	0	-1	-1		
3000445	3083429	6	-1	-1	-1	0	-1	-1		
										
										
										
3000446	3083229	1	-1	-1	-1	0	-1	16		
3000446	3083229	2	-1	-1	-1	0	-1	17		
3000446	3083129	3	-1	-1	-1	0	-1	18		
3000446	3083329	4	-1	-1	-1	0	-1	-1		
3000446	3083429	5	-1	-1	-1	0	-1	20		
3000446	3083429	6	-1	-1	-1	0	-1	-1		
										
										
										
3000447	3082929	1	-1	-1	-1	0	-1	-1		
3000447	3083229	2	-1	-1	-1	0	-1	-1		
3000447	3082929	3	-1	-1	-1	0	-1	18		
3000447	3082829	4	-1	-1	-1	0	-1	-1		
3000447	3083329	5	-1	-1	-1	0	-1	20		
3000447	4100829	6	-1	-1	-1	0	-1	-1		
3000447	3083329	7	-1	-1	-1	0	-1	-1		
3000447	3083329	8	-1	-1	-1	0	-1	-1		
3000447	3082829	9	-1	-1	-1	0	-1	15		
3000448	3083230	1	-1	-1	-1	0	-1	16		
3000448	3082930	2	-1	-1	-1	0	-1	17		
3000448	3082830	3	-1	-1	-1	0	-1	-1		
3000448	3082930	4	-1	-1	-1	0	-1	-1		
										
3000448	3083330	6	-1	-1	-1	0	-1	-1		
										
										
										
3000449	3082930	1	-1	-1	-1	0	-1	16		
3000449	3083230	2	-1	-1	-1	0	-1	17		
3000449	3083130	3	-1	-1	-1	0	-1	-1		
3000449	3083330	4	-1	-1	-1	0	-1	19		
3000449	3083130	5	-1	-1	-1	0	-1	20		
3000449	3083330	6	-1	-1	-1	0	-1	-1		
										
										
										
										
3000450	9180	3	-1	-1	-1	0	1	17		
										
										
										
										
										
										
										
3000451	3093501	1	-1	-1	-1	0	-1	16		
3000451	3093501	2	-1	-1	-1	0	-1	17		
3000451	3093601	3	-1	-1	-1	0	-1	-1		
										
3000451	3093801	5	-1	-1	-1	0	-1	-1		
										
										
										
										
3000452	3093601	1	-1	-1	-1	0	-1	16		
3000452	3093601	2	-1	-1	-1	0	-1	17		
3000452	3093601	3	-1	-1	-1	0	-1	18		
										
3000452	3093801	5	-1	-1	-1	0	-1	-1		
										
										
										
										
3000453	3093601	1	-1	-1	-1	0	-1	16		
3000453	4100901	2	-1	-1	-1	0	-1	17		
3000453	3093601	3	-1	-1	-1	0	-1	-1		
3000453	3093901	4	-1	-1	-1	0	-1	-1		
3000453	3093501	5	-1	-1	-1	0	-1	-1		
3000453	3093901	6	-1	-1	-1	0	-1	-1		
3000453	3093501	7	-1	-1	-1	0	-1	-1		
3000453	3093901	8	-1	-1	-1	0	-1	-1		
										
3000454	3093602	1	-1	-1	-1	0	-1	16		
3000454	3093502	2	-1	-1	-1	0	-1	17		
3000454	3093502	3	-1	-1	-1	0	-1	-1		
										
3000454	3093802	5	-1	-1	-1	0	-1	-1		
3000454	3093902	6	-1	-1	-1	0	-1	-1		
										
										
										
										
3000455	3093602	2	-1	-1	-1	0	-1	17		
3000455	3093602	3	-1	-1	-1	0	-1	-1		
3000455	3093902	4	-1	-1	-1	0	-1	19		
3000455	3093802	5	-1	-1	-1	0	-1	20		
										
										
										
										
3000456	3093602	1	-1	-1	-1	0	-1	-1		
3000456	4100902	2	-1	-1	-1	0	-1	17		
3000456	3093502	3	-1	-1	-1	0	-1	-1		
										
3000456	3093602	5	-1	-1	-1	0	-1	-1		
3000456	3093902	6	-1	-1	-1	0	-1	-1		
3000456	3093902	7	-1	-1	-1	0	-1	-1		
3000456	3093802	8	-1	-1	-1	0	-1	-1		
3000456	3093902	9	-1	-1	-1	0	-1	15		
3000457	3093603	1	-1	-1	-1	0	-1	16		
3000457	3093503	2	-1	-1	-1	0	-1	-1		
3000457	3093603	3	-1	-1	-1	0	-1	-1		
										
3000457	3093903	5	-1	-1	-1	0	-1	-1		
										
										
										
										
3000458	3093603	1	-1	-1	-1	0	-1	16		
3000458	3093603	2	-1	-1	-1	0	-1	17		
3000458	3093503	3	-1	-1	-1	0	-1	18		
3000458	3093903	4	-1	-1	-1	0	-1	-1		
3000458	3093903	5	-1	-1	-1	0	-1	20		
3000458	3093603	6	-1	-1	-1	0	-1	21		
										
										
										
3000459	3093603	1	-1	-1	-1	0	-1	16		
3000459	3093603	2	-1	-1	-1	0	-1	-1		
3000459	3093603	3	-1	-1	-1	0	-1	18		
										
3000459	3093603	5	-1	-1	-1	0	-1	20		
3000459	3093903	6	-1	-1	-1	0	-1	-1		
3000459	3093903	7	-1	-1	-1	0	-1	-1		
3000459	4100903	8	-1	-1	-1	0	-1	-1		
3000459	3093903	9	-1	-1	-1	0	-1	15		
3000460	3093904	1	-1	-1	-1	0	-1	16		
3000460	3093904	2	-1	-1	-1	0	-1	17		
3000460	3093504	3	-1	-1	-1	0	-1	-1		
										
3000460	3093804	5	-1	-1	-1	0	-1	-1		
3000460	3093904	6	-1	-1	-1	0	-1	-1		
										
										
										
3000461	3093604	1	-1	-1	-1	0	-1	16		
3000461	3093504	2	-1	-1	-1	0	-1	17		
3000461	3093604	3	-1	-1	-1	0	-1	-1		
3000461	3093904	4	-1	-1	-1	0	-1	19		
3000461	3093604	5	-1	-1	-1	0	-1	-1		
3000461	3093504	6	-1	-1	-1	0	-1	-1		
										
										
										
3000462	3093604	1	-1	-1	-1	0	-1	16		
3000462	3093604	2	-1	-1	-1	0	-1	-1		
3000462	3093604	3	-1	-1	-1	0	-1	-1		
3000462	3093504	4	-1	-1	-1	0	-1	-1		
3000462	3093804	5	-1	-1	-1	0	-1	-1		
3000462	4100904	6	-1	-1	-1	0	-1	-1		
3000462	3093904	7	-1	-1	-1	0	-1	-1		
										
										
3000463	3093605	1	-1	-1	-1	0	-1	16		
3000463	3093605	2	-1	-1	-1	0	-1	17		
3000463	3093505	3	-1	-1	-1	0	-1	-1		
										
3000463	3093805	5	-1	-1	-1	0	-1	-1		
3000463	3093905	6	-1	-1	-1	0	-1	-1		
										
										
										
3000464	3093605	1	-1	-1	-1	0	-1	16		
3000464	3093605	2	-1	-1	-1	0	-1	17		
3000464	3093605	3	-1	-1	-1	0	-1	18		
3000464	3093905	4	-1	-1	-1	0	-1	-1		
3000464	3093805	5	-1	-1	-1	0	-1	20		
										
										
3000464	3093905	8	-1	-1	-1	0	-1	23		
										
										
3000465	9190	3	-1	-1	-1	0	1	17		
										
										
										
										
										
										
										
3000466	3093506	1	-1	-1	-1	0	-1	16		
3000466	3093606	2	-1	-1	-1	0	-1	17		
3000466	3093606	3	-1	-1	-1	0	-1	-1		
3000466	3093906	4	-1	-1	-1	0	-1	19		
3000466	3093806	5	-1	-1	-1	0	-1	-1		
										
										
										
										
3000467	3093606	1	-1	-1	-1	0	-1	16		
3000467	3093606	2	-1	-1	-1	0	-1	17		
3000467	3093606	3	-1	-1	-1	0	-1	-1		
										
3000467	3093906	5	-1	-1	-1	0	-1	20		
3000467	3093906	6	-1	-1	-1	0	-1	21		
										
										
										
3000468	3093606	1	-1	-1	-1	0	-1	16		
3000468	4100906	2	-1	-1	-1	0	-1	17		
3000468	3093606	3	-1	-1	-1	0	-1	-1		
3000468	3093806	4	-1	-1	-1	0	-1	-1		
										
3000468	3093906	6	-1	-1	-1	0	-1	-1		
3000468	3093906	7	-1	-1	-1	0	-1	-1		
3000468	3093906	8	-1	-1	-1	0	-1	-1		
										
3000469	3093607	1	-1	-1	-1	0	-1	16		
3000469	3093607	2	-1	-1	-1	0	-1	17		
3000469	3093507	3	-1	-1	-1	0	-1	-1		
3000469	3093907	4	-1	-1	-1	0	-1	-1		
										
3000469	3093607	6	-1	-1	-1	0	-1	-1		
										
										
										
3000470	3093607	1	-1	-1	-1	0	-1	16		
3000470	3093607	2	-1	-1	-1	0	-1	17		
3000470	3093607	3	-1	-1	-1	0	-1	-1		
										
3000470	3093807	5	-1	-1	-1	0	-1	-1		
3000470	3093507	6	-1	-1	-1	0	-1	21		
										
										
3000470	3093907	9	-1	-1	-1	0	-1	15		
3000471	3093607	1	-1	-1	-1	0	-1	16		
3000471	4100907	2	-1	-1	-1	0	-1	17		
3000471	3093607	3	-1	-1	-1	0	-1	-1		
										
3000471	3093607	5	-1	-1	-1	0	-1	-1		
										
3000471	3093807	7	-1	-1	-1	0	-1	-1		
3000471	3093907	8	-1	-1	-1	0	-1	-1		
3000471	3093807	9	-1	-1	-1	0	-1	-1		
3000472	3093508	1	-1	-1	-1	0	-1	16		
3000472	3093508	2	-1	-1	-1	0	-1	17		
3000472	3093508	3	-1	-1	-1	0	-1	-1		
										
3000472	3093808	5	-1	-1	-1	0	-1	-1		
3000472	3093908	6	-1	-1	-1	0	-1	-1		
										
										
										
3000473	3093608	1	-1	-1	-1	0	-1	16		
3000473	3093608	2	-1	-1	-1	0	-1	17		
3000473	3093608	3	-1	-1	-1	0	-1	-1		
3000473	3093908	4	-1	-1	-1	0	-1	19		
3000473	3093908	5	-1	-1	-1	0	-1	-1		
3000473	3093508	6	-1	-1	-1	0	-1	-1		
										
										
										
3000474	3093608	1	-1	-1	-1	0	-1	16		
3000474	3093608	2	-1	-1	-1	0	-1	17		
3000474	3093508	3	-1	-1	-1	0	-1	-1		
3000474	3093908	4	-1	-1	-1	0	-1	-1		
3000474	4100908	5	-1	-1	-1	0	-1	-1		
3000474	3093908	6	-1	-1	-1	0	-1	-1		
										
										
3000474	3093808	9	-1	-1	-1	0	-1	15		
3000475	3093509	1	-1	-1	-1	0	-1	16		
3000475	3093509	2	-1	-1	-1	0	-1	17		
3000475	3093509	3	-1	-1	-1	0	-1	-1		
3000475	3093909	4	-1	-1	-1	0	-1	-1		
										
3000475	3093609	6	-1	-1	-1	0	-1	-1		
										
										
										
3000476	3093609	1	-1	-1	-1	0	-1	16		
3000476	3093609	2	-1	-1	-1	0	-1	17		
3000476	3093509	3	-1	-1	-1	0	-1	-1		
3000476	3093909	4	-1	-1	-1	0	-1	19		
3000476	3093509	5	-1	-1	-1	0	-1	-1		
3000476	3093509	6	-1	-1	-1	0	-1	-1		
										
3000476	3093809	8	-1	-1	-1	0	-1	-1		
3000476	3093909	9	-1	-1	-1	0	-1	-1		
3000477	3093609	1	-1	-1	-1	0	-1	-1		
3000477	3093609	2	-1	-1	-1	0	-1	17		
3000477	3093609	3	-1	-1	-1	0	-1	-1		
3000477	3093809	4	-1	-1	-1	0	-1	-1		
3000477	4100909	5	-1	-1	-1	0	-1	-1		
3000477	3093909	6	-1	-1	-1	0	-1	-1		
3000477	3093909	7	-1	-1	-1	0	-1	-1		
										
										
3000478	3093510	1	-1	-1	-1	0	-1	16		
3000478	3093510	2	-1	-1	-1	0	-1	17		
3000478	3093510	3	-1	-1	-1	0	-1	-1		
										
3000478	3093810	5	-1	-1	-1	0	-1	20		
3000478	3093910	6	-1	-1	-1	0	-1	-1		
										
										
										
3000479	3093610	1	-1	-1	-1	0	-1	16		
3000479	3093610	2	-1	-1	-1	0	-1	17		
3000479	3093610	3	-1	-1	-1	0	-1	18		
3000479	3093910	4	-1	-1	-1	0	-1	-1		
3000479	3093610	5	-1	-1	-1	0	-1	-1		
3000479	3093510	6	-1	-1	-1	0	-1	-1		
										
										
										
										
										
										
										
										
3000480	9200	3	-1	-1	-1	0	1	-1		
										
										
										
3000481	3093511	1	-1	-1	-1	0	-1	16		
3000481	3093611	2	-1	-1	-1	0	-1	17		
										
										
										
3000481	3093811	6	-1	-1	-1	0	-1	-1		
										
										
										
3000482	3093611	1	-1	-1	-1	0	-1	16		
3000482	3093611	2	-1	-1	-1	0	-1	17		
3000482	3093611	3	-1	-1	-1	0	-1	-1		
3000482	3093911	4	-1	-1	-1	0	-1	-1		
3000482	3093811	5	-1	-1	-1	0	-1	-1		
3000482	3093511	6	-1	-1	-1	0	-1	21		
										
										
										
3000483	3093611	1	-1	-1	-1	0	-1	16		
3000483	4100911	2	-1	-1	-1	0	-1	17		
3000483	3093611	3	-1	-1	-1	0	-1	-1		
3000483	3093611	4	-1	-1	-1	0	-1	-1		
3000483	3093611	5	-1	-1	-1	0	-1	-1		
3000483	3093611	6	-1	-1	-1	0	-1	-1		
3000483	3093911	7	-1	-1	-1	0	-1	-1		
										
3000483	3093911	9	-1	-1	-1	0	-1	15		
3000484	3093612	1	-1	-1	-1	0	-1	16		
3000484	3093512	2	-1	-1	-1	0	-1	17		
3000484	3093612	3	-1	-1	-1	0	-1	-1		
										
3000484	3093912	5	-1	-1	-1	0	-1	-1		
										
										
										
										
3000485	3093612	1	-1	-1	-1	0	-1	16		
3000485	3093612	2	-1	-1	-1	0	-1	17		
3000485	3093612	3	-1	-1	-1	0	-1	-1		
3000485	3093912	4	-1	-1	-1	0	-1	-1		
3000485	3093912	5	-1	-1	-1	0	-1	-1		
3000485	3093912	6	-1	-1	-1	0	-1	-1		
										
										
										
3000486	3093512	1	-1	-1	-1	0	-1	16		
3000486	4100913	2	-1	-1	-1	0	-1	17		
3000486	3093612	3	-1	-1	-1	0	-1	-1		
3000486	3093912	4	-1	-1	-1	0	-1	-1		
3000486	3093612	5	-1	-1	-1	0	-1	20		
3000486	3093912	6	-1	-1	-1	0	-1	-1		
3000486	3093912	7	-1	-1	-1	0	-1	-1		
										
3000486	3093912	9	-1	-1	-1	0	-1	15		
										
										
3000487	3093613	3	-1	-1	-1	0	-1	-1		
3000487	3093613	4	-1	-1	-1	0	-1	-1		
3000487	3093913	5	-1	-1	-1	0	-1	20		
										
										
										
										
3000488	3093613	1	-1	-1	-1	0	-1	16		
3000488	3093613	2	-1	-1	-1	0	-1	17		
3000488	3093613	3	-1	-1	-1	0	-1	-1		
3000488	3093913	4	-1	-1	-1	0	-1	19		
3000488	3093913	5	-1	-1	-1	0	-1	-1		
3000488	3093513	6	-1	-1	-1	0	-1	-1		
										
										
										
3000489	3093613	1	-1	-1	-1	0	-1	16		
3000489	3093613	2	-1	-1	-1	0	-1	17		
3000489	3093613	3	-1	-1	-1	0	-1	-1		
3000489	3093613	4	-1	-1	-1	0	-1	-1		
3000489	4100913	5	-1	-1	-1	0	-1	-1		
3000489	3093613	6	-1	-1	-1	0	-1	-1		
3000489	3093913	7	-1	-1	-1	0	-1	-1		
										
3000489	3093813	9	-1	-1	-1	0	-1	15		
										
3000490	3093914	2	-1	-1	-1	0	-1	17		
										
3000490	3093614	4	-1	-1	-1	0	-1	-1		
										
3000490	3093614	6	-1	-1	-1	0	-1	-1		
										
										
										
										
3000491	3093614	2	-1	-1	-1	0	-1	17		
3000491	3093614	3	-1	-1	-1	0	-1	-1		
3000491	3093814	4	-1	-1	-1	0	-1	-1		
3000491	3093914	5	-1	-1	-1	0	-1	-1		
3000491	3093814	6	-1	-1	-1	0	-1	-1		
										
										
										
3000492	3093614	1	-1	-1	-1	0	-1	16		
3000492	3093614	2	-1	-1	-1	0	-1	17		
3000492	3093614	3	-1	-1	-1	0	-1	-1		
										
3000492	4100914	5	-1	-1	-1	0	-1	20		
										
3000492	3093914	7	-1	-1	-1	0	-1	-1		
										
3000492	3093914	9	-1	-1	-1	0	-1	15		
										
										
3000493	3093515	3	-1	-1	-1	0	-1	-1		
3000493	3093615	4	-1	-1	-1	0	-1	19		
3000493	3093615	5	-1	-1	-1	0	-1	20		
3000493	3093615	6	-1	-1	-1	0	-1	-1		
										
										
										
3000494	3093515	1	-1	-1	-1	0	-1	16		
3000494	3093615	2	-1	-1	-1	0	-1	17		
										
3000494	3093815	4	-1	-1	-1	0	-1	-1		
3000494	3093915	5	-1	-1	-1	0	-1	-1		
3000494	3093915	6	-1	-1	-1	0	-1	-1		
										
										
										
										
										
										
										
3000495	9210	3	-1	-1	-1	0	1	-1		
										
										
										
										
										
3000496	3093616	2	-1	-1	-1	0	-1	17		
3000496	3093516	3	-1	-1	-1	0	-1	-1		
3000496	3093616	4	-1	-1	-1	0	-1	19		
3000496	3093916	5	-1	-1	-1	0	-1	20		
										
										
										
										
3000497	3093516	1	-1	-1	-1	0	-1	16		
3000497	3093616	2	-1	-1	-1	0	-1	17		
3000497	3093616	3	-1	-1	-1	0	-1	-1		
3000497	3093916	4	-1	-1	-1	0	-1	-1		
										
3000497	3093816	6	-1	-1	-1	0	-1	-1		
										
										
										
3000498	3093516	1	-1	-1	-1	0	-1	16		
3000498	4100916	2	-1	-1	-1	0	-1	-1		
3000498	3093616	3	-1	-1	-1	0	-1	-1		
3000498	3093816	4	-1	-1	-1	0	-1	-1		
3000498	3093916	5	-1	-1	-1	0	-1	-1		
3000498	3093616	6	-1	-1	-1	0	-1	-1		
										
										
										
3000499	3093617	1	-1	-1	-1	0	-1	16		
3000499	3093617	2	-1	-1	-1	0	-1	17		
										
										
3000499	3093917	5	-1	-1	-1	0	-1	20		
3000499	3093617	6	-1	-1	-1	0	-1	-1		
										
										
										
3000500	3093517	1	-1	-1	-1	0	-1	16		
3000500	3093517	2	-1	-1	-1	0	-1	17		
3000500	3093617	3	-1	-1	-1	0	-1	18		
3000500	3093817	4	-1	-1	-1	0	-1	19		
3000500	3093917	5	-1	-1	-1	0	-1	20		
3000500	3093917	6	-1	-1	-1	0	-1	-1		
										
										
										
3000501	3093517	1	-1	-1	-1	0	-1	16		
3000501	4100918	2	-1	-1	-1	0	-1	17		
3000501	3093517	3	-1	-1	-1	0	-1	-1		
3000501	3093617	4	-1	-1	-1	0	-1	-1		
3000501	3093617	5	-1	-1	-1	0	-1	-1		
										
3000501	3093817	7	-1	-1	-1	0	-1	-1		
										
3000501	3093917	9	-1	-1	-1	0	-1	15		
										
										
3000502	3093618	3	-1	-1	-1	0	-1	-1		
3000502	3093618	4	-1	-1	-1	0	-1	-1		
3000502	3093918	5	-1	-1	-1	0	-1	-1		
3000502	3093918	6	-1	-1	-1	0	-1	-1		
										
										
										
3000503	3093618	1	-1	-1	-1	0	-1	16		
3000503	3093618	2	-1	-1	-1	0	-1	17		
3000503	3093618	3	-1	-1	-1	0	-1	-1		
3000503	3093818	4	-1	-1	-1	0	-1	19		
3000503	3093918	5	-1	-1	-1	0	-1	-1		
										
										
										
										
3000504	3093618	1	-1	-1	-1	0	-1	-1		
3000504	3093618	2	-1	-1	-1	0	-1	17		
3000504	3093618	3	-1	-1	-1	0	-1	18		
3000504	3093818	4	-1	-1	-1	0	-1	-1		
3000504	4100918	5	-1	-1	-1	0	-1	-1		
3000504	3093918	6	-1	-1	-1	0	-1	-1		
										
										
										
3000505	3093619	1	-1	-1	-1	0	-1	16		
										
										
										
3000505	3093919	5	-1	-1	-1	0	-1	20		
3000505	3093619	6	-1	-1	-1	0	-1	-1		
										
										
										
3000506	3093619	1	-1	-1	-1	0	-1	16		
3000506	3093619	2	-1	-1	-1	0	-1	17		
3000506	3093619	3	-1	-1	-1	0	-1	18		
3000506	3093919	4	-1	-1	-1	0	-1	-1		
3000506	3093919	5	-1	-1	-1	0	-1	20		
3000506	3093819	6	-1	-1	-1	0	-1	-1		
										
										
										
3000507	3093619	1	-1	-1	-1	0	-1	-1		
3000507	3093619	2	-1	-1	-1	0	-1	-1		
3000507	3093619	3	-1	-1	-1	0	-1	18		
3000507	3093819	4	-1	-1	-1	0	-1	-1		
										
										
										
3000507	4100919	8	-1	-1	-1	0	-1	-1		
3000507	3093919	9	-1	-1	-1	0	-1	-1		
										
3000508	3093620	2	-1	-1	-1	0	-1	17		
3000508	3093620	3	-1	-1	-1	0	-1	-1		
3000508	3093620	4	-1	-1	-1	0	-1	-1		
3000508	3093920	5	-1	-1	-1	0	-1	-1		
										
										
										
										
3000509	3093620	1	-1	-1	-1	0	-1	16		
3000509	3093620	2	-1	-1	-1	0	-1	17		
3000509	3093620	3	-1	-1	-1	0	-1	-1		
3000509	3093820	4	-1	-1	-1	0	-1	-1		
3000509	3093920	5	-1	-1	-1	0	-1	-1		
3000509	3093820	6	-1	-1	-1	0	-1	-1		
										
										
										
										
										
										
										
3000510	9200	3	-1	-1	-1	0	1	20		
										
										
										
										
3000511	3093621	1	-1	-1	-1	0	-1	16		
										
3000511	3093621	3	-1	-1	-1	0	-1	-1		
										
3000511	3093621	5	-1	-1	-1	0	-1	-1		
										
										
										
										
3000512	3093521	1	-1	-1	-1	0	-1	16		
3000512	3093621	2	-1	-1	-1	0	-1	17		
										
3000512	3093821	4	-1	-1	-1	0	-1	-1		
3000512	3093921	5	-1	-1	-1	0	-1	-1		
3000512	3093921	6	-1	-1	-1	0	-1	-1		
										
										
										
3000513	3093621	1	-1	-1	-1	0	-1	16		
3000513	4100921	2	-1	-1	-1	0	-1	17		
3000513	3093521	3	-1	-1	-1	0	-1	18		
3000513	3093621	4	-1	-1	-1	0	-1	-1		
3000513	3093521	5	-1	-1	-1	0	-1	-1		
3000513	3093621	6	-1	-1	-1	0	-1	-1		
3000513	3093921	7	-1	-1	-1	0	-1	-1		
										
3000513	3093921	9	-1	-1	-1	0	-1	15		
3000514	3093622	1	-1	-1	-1	0	-1	16		
3000514	3093522	2	-1	-1	-1	0	-1	17		
3000514	3093622	3	-1	-1	-1	0	-1	-1		
										
3000514	3093622	5	-1	-1	-1	0	-1	-1		
										
										
										
										
3000515	3093522	1	-1	-1	-1	0	-1	16		
3000515	3093622	2	-1	-1	-1	0	-1	17		
3000515	3093622	3	-1	-1	-1	0	-1	-1		
3000515	3093922	4	-1	-1	-1	0	-1	-1		
3000515	3093922	5	-1	-1	-1	0	-1	20		
3000515	3093822	6	-1	-1	-1	0	-1	-1		
										
										
										
3000516	3093622	1	-1	-1	-1	0	-1	16		
3000516	4100923	2	-1	-1	-1	0	-1	-1		
3000516	3093622	3	-1	-1	-1	0	-1	-1		
3000516	3093922	4	-1	-1	-1	0	-1	-1		
3000516	3093822	5	-1	-1	-1	0	-1	20		
3000516	3093522	6	-1	-1	-1	0	-1	-1		
										
3000516	3093922	8	-1	-1	-1	0	-1	-1		
3000516	3093922	9	-1	-1	-1	0	-1	15		
3000517	3093623	1	-1	-1	-1	0	-1	16		
										
3000517	3093623	3	-1	-1	-1	0	-1	-1		
										
3000517	3093623	5	-1	-1	-1	0	-1	-1		
3000517	3093923	6	-1	-1	-1	0	-1	-1		
										
										
										
3000518	3093523	1	-1	-1	-1	0	-1	16		
3000518	3093523	2	-1	-1	-1	0	-1	17		
3000518	3093623	3	-1	-1	-1	0	-1	18		
3000518	3093823	4	-1	-1	-1	0	-1	19		
3000518	3093923	5	-1	-1	-1	0	-1	-1		
3000518	3093923	6	-1	-1	-1	0	-1	-1		
										
										
										
3000519	3093523	1	-1	-1	-1	0	-1	-1		
3000519	3093623	2	-1	-1	-1	0	-1	17		
3000519	3093623	3	-1	-1	-1	0	-1	18		
3000519	3093523	4	-1	-1	-1	0	-1	-1		
3000519	4100923	5	-1	-1	-1	0	-1	-1		
3000519	3093623	6	-1	-1	-1	0	-1	-1		
3000519	3093523	7	-1	-1	-1	0	-1	-1		
										
3000519	3093923	9	-1	-1	-1	0	-1	15		
3000520	3093524	1	-1	-1	-1	0	-1	16		
3000520	3093924	2	-1	-1	-1	0	-1	17		
										
3000520	3093624	4	-1	-1	-1	0	-1	-1		
										
3000520	3093624	6	-1	-1	-1	0	-1	-1		
										
										
										
3000521	3093624	1	-1	-1	-1	0	-1	16		
3000521	3093624	2	-1	-1	-1	0	-1	17		
3000521	3093624	3	-1	-1	-1	0	-1	-1		
3000521	3093824	4	-1	-1	-1	0	-1	-1		
3000521	3093924	5	-1	-1	-1	0	-1	-1		
										
										
										
										
3000522	3093624	1	-1	-1	-1	0	-1	-1		
3000522	3093624	2	-1	-1	-1	0	-1	-1		
3000522	3093624	3	-1	-1	-1	0	-1	-1		
3000522	3093924	4	-1	-1	-1	0	-1	-1		
3000522	4100924	5	-1	-1	-1	0	-1	20		
3000522	3093624	6	-1	-1	-1	0	-1	-1		
										
3000522	3093924	8	-1	-1	-1	0	-1	-1		
3000522	3093924	9	-1	-1	-1	0	-1	15		
3000523	3093525	1	-1	-1	-1	0	-1	16		
3000523	3093625	2	-1	-1	-1	0	-1	17		
3000523	3093625	3	-1	-1	-1	0	-1	-1		
3000523	3093925	4	-1	-1	-1	0	-1	-1		
										
										
										
										
										
3000524	3093625	1	-1	-1	-1	0	-1	16		
3000524	3093625	2	-1	-1	-1	0	-1	17		
3000524	3093625	3	-1	-1	-1	0	-1	-1		
3000524	3093925	4	-1	-1	-1	0	-1	-1		
3000524	3093925	5	-1	-1	-1	0	-1	-1		
3000524	3093825	6	-1	-1	-1	0	-1	-1		
										
										
										
										
										
										
										
3000525	9230	3	-1	-1	-1	0	1	-1		
										
										
										
										
3000526	3093526	1	-1	-1	-1	0	-1	16		
3000526	3093526	2	-1	-1	-1	0	-1	17		
3000526	3093626	3	-1	-1	-1	0	-1	-1		
										
3000526	3093926	5	-1	-1	-1	0	-1	-1		
										
										
										
										
										
3000527	3093626	2	-1	-1	-1	0	-1	17		
3000527	3093626	3	-1	-1	-1	0	-1	-1		
3000527	3093826	4	-1	-1	-1	0	-1	-1		
3000527	3093926	5	-1	-1	-1	0	-1	-1		
3000527	3093826	6	-1	-1	-1	0	-1	-1		
										
										
										
3000528	3093626	1	-1	-1	-1	0	-1	-1		
3000528	4100926	2	-1	-1	-1	0	-1	17		
3000528	3093626	3	-1	-1	-1	0	-1	-1		
3000528	3093926	4	-1	-1	-1	0	-1	19		
3000528	3093826	5	-1	-1	-1	0	-1	-1		
3000528	3093526	6	-1	-1	-1	0	-1	-1		
3000528	3093526	7	-1	-1	-1	0	-1	-1		
3000528	3093826	8	-1	-1	-1	0	-1	-1		
3000528	3093926	9	-1	-1	-1	0	-1	15		
3000529	3093627	1	-1	-1	-1	0	-1	16		
										
3000529	3093527	3	-1	-1	-1	0	-1	-1		
										
3000529	3093927	5	-1	-1	-1	0	-1	-1		
										
										
										
										
3000530	3093527	1	-1	-1	-1	0	-1	16		
3000530	3093627	2	-1	-1	-1	0	-1	17		
										
3000530	3093827	4	-1	-1	-1	0	-1	19		
3000530	3093927	5	-1	-1	-1	0	-1	20		
3000530	3093927	6	-1	-1	-1	0	-1	-1		
										
										
										
3000531	3093527	1	-1	-1	-1	0	-1	16		
3000531	4100928	2	-1	-1	-1	0	-1	17		
3000531	3093627	3	-1	-1	-1	0	-1	-1		
3000531	3093527	4	-1	-1	-1	0	-1	19		
3000531	3093927	5	-1	-1	-1	0	-1	-1		
3000531	3093527	6	-1	-1	-1	0	-1	-1		
3000531	3093527	7	-1	-1	-1	0	-1	-1		
3000531	3093527	8	-1	-1	-1	0	-1	-1		
3000531	3093927	9	-1	-1	-1	0	-1	15		
3000532	3093528	1	-1	-1	-1	0	-1	16		
3000532	3093528	2	-1	-1	-1	0	-1	17		
										
3000532	3093628	4	-1	-1	-1	0	-1	-1		
3000532	3093928	5	-1	-1	-1	0	-1	-1		
3000532	3093528	6	-1	-1	-1	0	-1	-1		
										
										
										
3000533	3093528	1	-1	-1	-1	0	-1	16		
3000533	3093628	2	-1	-1	-1	0	-1	17		
3000533	3093628	3	-1	-1	-1	0	-1	-1		
3000533	3093928	4	-1	-1	-1	0	-1	-1		
3000533	3093928	5	-1	-1	-1	0	-1	20		
3000533	3093828	6	-1	-1	-1	0	-1	-1		
										
										
										
3000534	3093528	1	-1	-1	-1	0	-1	-1		
3000534	3093628	2	-1	-1	-1	0	-1	17		
3000534	3093628	3	-1	-1	-1	0	-1	-1		
3000534	3093928	4	-1	-1	-1	0	-1	19		
3000534	3093528	5	-1	-1	-1	0	-1	-1		
3000534	3093528	6	-1	-1	-1	0	-1	-1		
3000534	3093928	7	-1	-1	-1	0	-1	-1		
3000534	3093528	8	-1	-1	-1	0	-1	-1		
3000534	3093528	9	-1	-1	-1	0	-1	15		
										
3000535	3093529	2	-1	-1	-1	0	-1	17		
										
3000535	3093929	4	-1	-1	-1	0	-1	-1		
3000535	3093829	5	-1	-1	-1	0	-1	-1		
3000535	3093929	6	-1	-1	-1	0	-1	-1		
										
										
										
3000536	3093529	1	-1	-1	-1	0	-1	16		
3000536	3093529	2	-1	-1	-1	0	-1	17		
3000536	3093629	3	-1	-1	-1	0	-1	18		
3000536	3093829	4	-1	-1	-1	0	-1	-1		
3000536	3093929	5	-1	-1	-1	0	-1	20		
3000536	3093929	6	-1	-1	-1	0	-1	21		
										
										
										
3000537	3093629	1	-1	-1	-1	0	-1	-1		
3000537	3093529	2	-1	-1	-1	0	-1	-1		
3000537	3093629	3	-1	-1	-1	0	-1	18		
3000537	4100928	4	-1	-1	-1	0	-1	-1		
3000537	3093929	5	-1	-1	-1	0	-1	20		
3000537	3093629	6	-1	-1	-1	0	-1	-1		
3000537	3093929	7	-1	-1	-1	0	-1	-1		
3000537	3093929	8	-1	-1	-1	0	-1	-1		
3000537	3093529	9	-1	-1	-1	0	-1	15		
3000538	3093530	1	-1	-1	-1	0	-1	16		
3000538	3093630	2	-1	-1	-1	0	-1	17		
3000538	3093530	3	-1	-1	-1	0	-1	-1		
3000538	3093930	4	-1	-1	-1	0	-1	-1		
										
3000538	3093930	6	-1	-1	-1	0	-1	-1		
										
										
										
3000539	3093630	1	-1	-1	-1	0	-1	16		
3000539	3093530	2	-1	-1	-1	0	-1	17		
3000539	3093630	3	-1	-1	-1	0	-1	-1		
3000539	3093930	4	-1	-1	-1	0	-1	-1		
3000539	3093630	5	-1	-1	-1	0	-1	20		
3000539	3093930	6	-1	-1	-1	0	-1	-1		
										
										
										
										
3000540	9230	2	-1	-1	-1	0	1	17		
										
										
										
										
										
										
										
										
3000541	6010001	1	-1	-1	-1	0	-1	17		
3000541	6010002	4	-1	-1	-1	0	-1	-1		
3000541	6010002	6	-1	-1	-1	0	-1	-1		
3000541	6010003	7	-1	-1	-1	0	-1	-1		
3000541	6010003	8	-1	-1	-1	0	-1	-1		
3000541	6010003	9	-1	-1	-1	0	-1	-1		
										
3000542	6010001	1	-1	-1	-1	0	-1	15		
3000542	6010001	2	-1	-1	-1	0	-1	16		
3000542	6010001	3	-1	-1	-1	0	-1	17		
3000542	6010002	4	-1	-1	-1	0	-1	18		
3000542	6010002	5	-1	-1	-1	0	-1	19		
3000542	6010002	6	-1	-1	-1	0	-1	-1		
3000542	6010003	7	-1	-1	-1	0	-1	-1		
3000542	6010003	8	-1	-1	-1	0	-1	-1		
3000542	6010003	9	-1	-1	-1	0	-1	-1		
										
3000543	6010001	1	-1	-1	-1	0	-1	16		
3000543	6010002	2	-1	-1	-1	0	-1	17		
3000543	6010001	3	-1	-1	-1	0	-1	-1		
3000543	6010002	4	-1	-1	-1	0	-1	-1		
3000543	6010003	5	-1	-1	-1	0	-1	-1		
3000543	6010002	6	-1	-1	-1	0	-1	-1		
3000543	6010003	7	-1	-1	-1	0	-1	-1		
3000543	6010001	8	-1	-1	-1	0	-1	-1		
3000543	6010003	9	-1	-1	-1	0	-1	-1		
										
3200001	3100101	1	-1	-1	-1	0	-1	17		
3200001	3100101	2	-1	-1	-1	0	-1	-1		
3200001	3100101	3	-1	-1	-1	0	-1	-1		
										
										
										
										
										
										
3200002	3100101	1	-1	-1	-1	0	-1	17		
3200002	3100401	2	-1	-1	-1	0	-1	-1		
3200002	3100101	3	-1	-1	-1	0	-1	-1		
										
3200002	3100501	5	-1	-1	-1	0	-1	21		
										
										
										
										
3200003	3100201	1	-1	-1	-1	0	-1	17		
3200003	3100601	2	-1	-1	-1	0	-1	-1		
3200003	3100201	3	-1	-1	-1	0	-1	-1		
3200003	3100401	4	-1	-1	-1	0	-1	-1		
3200003	3100501	5	-1	-1	-1	0	-1	-1		
3200003	3100401	6	-1	-1	-1	0	-1	-1		
3200003	3100501	7	-1	-1	-1	0	-1	-1		
										
3200003	3100501	9	-1	-1	-1	0	-1	16		
3200004	3100102	1	-1	-1	-1	0	-1	-1		
3200004	3100202	2	-1	-1	-1	0	-1	-1		
3200004	3100102	3	-1	-1	-1	0	-1	-1		
										
3200004	3100502	5	-1	-1	-1	0	-1	-1		
										
										
										
										
3200005	3100402	1	-1	-1	-1	0	-1	17		
3200005	3100202	2	-1	-1	-1	0	-1	18		
3200005	3100402	3	-1	-1	-1	0	-1	-1		
										
3200005	3100502	5	-1	-1	-1	0	-1	21		
										
										
										
										
3200006	3100302	1	-1	-1	-1	0	-1	-1		
3200006	3100602	2	-1	-1	-1	0	-1	18		
3200006	3100302	3	-1	-1	-1	0	-1	-1		
3200006	3100402	4	-1	-1	-1	0	-1	20		
3200006	3100502	5	-1	-1	-1	0	-1	-1		
3200006	3100502	6	-1	-1	-1	0	-1	-1		
3200006	3100502	7	-1	-1	-1	0	-1	-1		
										
3200006	3100502	9	-1	-1	-1	0	-1	16		
3200007	3100203	1	-1	-1	-1	0	-1	17		
3200007	3100303	2	-1	-1	-1	0	-1	-1		
3200007	3100203	3	-1	-1	-1	0	-1	-1		
										
3200007	3100503	5	-1	-1	-1	0	-1	-1		
										
										
										
										
3200008	3100203	1	-1	-1	-1	0	-1	17		
3200008	3100303	2	-1	-1	-1	0	-1	-1		
3200008	3100203	3	-1	-1	-1	0	-1	19		
3200008	3100403	4	-1	-1	-1	0	-1	20		
3200008	3100503	5	-1	-1	-1	0	-1	-1		
3200008	3100403	6	-1	-1	-1	0	-1	22		
										
										
										
3200009	3100603	1	-1	-1	-1	0	-1	-1		
3200009	3100303	2	-1	-1	-1	0	-1	-1		
3200009	3100203	3	-1	-1	-1	0	-1	-1		
3200009	3100503	4	-1	-1	-1	0	-1	-1		
3200009	3100503	5	-1	-1	-1	0	-1	-1		
3200009	3100403	6	-1	-1	-1	0	-1	-1		
3200009	3100503	7	-1	-1	-1	0	-1	-1		
3200009	3100503	8	-1	-1	-1	0	-1	15		
3200009	3100503	9	-1	-1	-1	0	-1	16		
3200010	3100104	1	-1	-1	-1	0	-1	17		
3200010	3100204	2	-1	-1	-1	0	-1	-1		
3200010	3100104	3	-1	-1	-1	0	-1	-1		
3200010	3100404	4	-1	-1	-1	0	-1	-1		
3200010	3100504	5	-1	-1	-1	0	-1	-1		
3200010	3100404	6	-1	-1	-1	0	-1	-1		
										
										
										
3200011	3100204	1	-1	-1	-1	0	-1	17		
3200011	3100304	2	-1	-1	-1	0	-1	-1		
3200011	3100204	3	-1	-1	-1	0	-1	-1		
3200011	3100504	4	-1	-1	-1	0	-1	20		
3200011	3100504	5	-1	-1	-1	0	-1	-1		
3200011	3100504	6	-1	-1	-1	0	-1	-1		
										
										
										
3200012	3100204	1	-1	-1	-1	0	-1	17		
3200012	3100304	2	-1	-1	-1	0	-1	-1		
3200012	3100604	3	-1	-1	-1	0	-1	-1		
3200012	3100504	4	-1	-1	-1	0	-1	-1		
3200012	3100504	5	-1	-1	-1	0	-1	-1		
3200012	3100504	6	-1	-1	-1	0	-1	-1		
3200012	3100504	7	-1	-1	-1	0	-1	-1		
										
3200012	3100504	9	-1	-1	-1	0	-1	16		
3200013	3100105	1	-1	-1	-1	0	-1	17		
3200013	3100205	2	-1	-1	-1	0	-1	-1		
3200013	3100105	3	-1	-1	-1	0	-1	19		
3200013	3100405	4	-1	-1	-1	0	-1	-1		
3200013	3100505	5	-1	-1	-1	0	-1	-1		
3200013	3100405	6	-1	-1	-1	0	-1	-1		
										
										
										
3200014	3100205	1	-1	-1	-1	0	-1	17		
3200014	3100305	2	-1	-1	-1	0	-1	-1		
3200014	3100205	3	-1	-1	-1	0	-1	-1		
3200014	3100505	4	-1	-1	-1	0	-1	20		
3200014	3100505	5	-1	-1	-1	0	-1	21		
3200014	3100505	6	-1	-1	-1	0	-1	-1		
										
3200014	3100505	8	-1	-1	-1	0	-1	-1		
										
3200015	3100205	1	-1	-1	-1	0	-1	-1		
3200015	3100605	2	-1	-1	-1	0	-1	-1		
3200015	3100205	3	-1	-1	-1	0	-1	-1		
3200015	3100405	4	-1	-1	-1	0	-1	-1		
3200015	3100505	5	-1	-1	-1	0	-1	-1		
3200015	3100405	6	-1	-1	-1	0	-1	-1		
3200015	3100505	7	-1	-1	-1	0	-1	-1		
3200015	3100505	8	-1	-1	-1	0	-1	-1		
3200015	3100505	9	-1	-1	-1	0	-1	-1		
3200016	3100406	1	-1	-1	-1	0	-1	-1		
3200016	3100406	2	-1	-1	-1	0	-1	-1		
3200016	3100206	3	-1	-1	-1	0	-1	-1		
										
3200016	3100506	5	-1	-1	-1	0	-1	-1		
										
										
										
										
3200017	3100206	1	-1	-1	-1	0	-1	-1		
3200017	3100306	2	-1	-1	-1	0	-1	-1		
3200017	3100206	3	-1	-1	-1	0	-1	-1		
3200017	3100506	4	-1	-1	-1	0	-1	-1		
3200017	3100506	5	-1	-1	-1	0	-1	-1		
										
										
										
										
3200018	3100206	1	-1	-1	-1	0	-1	-1		
3200018	3100606	2	-1	-1	-1	0	-1	-1		
3200018	3100206	3	-1	-1	-1	0	-1	-1		
3200018	3100506	4	-1	-1	-1	0	-1	-1		
3200018	3100306	5	-1	-1	-1	0	-1	-1		
3200018	3100506	6	-1	-1	-1	0	-1	-1		
3200018	3100506	7	-1	-1	-1	0	-1	-1		
3200018	3100506	8	-1	-1	-1	0	-1	-1		
3200018	3100506	9	-1	-1	-1	0	-1	-1		
3200019	3100407	1	-1	-1	-1	0	-1	-1		
3200019	3100207	2	-1	-1	-1	0	-1	-1		
3200019	3100207	3	-1	-1	-1	0	-1	-1		
										
3200019	3100507	5	-1	-1	-1	0	-1	-1		
										
										
										
										
3200020	3100207	1	-1	-1	-1	0	-1	-1		
3200020	3100307	2	-1	-1	-1	0	-1	-1		
3200020	3100207	3	-1	-1	-1	0	-1	-1		
3200020	3100507	4	-1	-1	-1	0	-1	-1		
3200020	3100507	5	-1	-1	-1	0	-1	-1		
3200020	3100507	6	-1	-1	-1	0	-1	-1		
										
										
										
3200021	3100307	1	-1	-1	-1	0	-1	-1		
3200021	3100607	2	-1	-1	-1	0	-1	-1		
3200021	3100307	3	-1	-1	-1	0	-1	-1		
3200021	3100507	4	-1	-1	-1	0	-1	-1		
3200021	3100507	5	-1	-1	-1	0	-1	-1		
3200021	3100507	6	-1	-1	-1	0	-1	-1		
										
3200021	3100507	8	-1	-1	-1	0	-1	-1		
3200021	3100507	9	-1	-1	-1	0	-1	-1		
3200022	3100208	1	-1	-1	-1	0	-1	-1		
3200022	3100208	2	-1	-1	-1	0	-1	-1		
3200022	3100208	3	-1	-1	-1	0	-1	-1		
3200022	3100408	4	-1	-1	-1	0	-1	-1		
3200022	3100508	5	-1	-1	-1	0	-1	-1		
3200022	3100408	6	-1	-1	-1	0	-1	-1		
										
										
										
3200023	3100208	1	-1	-1	-1	0	-1	-1		
3200023	3100308	2	-1	-1	-1	0	-1	-1		
3200023	3100208	3	-1	-1	-1	0	-1	-1		
3200023	3100508	4	-1	-1	-1	0	-1	-1		
3200023	3100508	5	-1	-1	-1	0	-1	-1		
3200023	3100508	6	-1	-1	-1	0	-1	-1		
										
										
										
3200024	3100308	1	-1	-1	-1	0	-1	-1		
3200024	3100608	2	-1	-1	-1	0	-1	-1		
3200024	3100308	3	-1	-1	-1	0	-1	-1		
3200024	3100508	4	-1	-1	-1	0	-1	-1		
3200024	3100508	5	-1	-1	-1	0	-1	-1		
3200024	3100508	6	-1	-1	-1	0	-1	-1		
3200024	3100508	7	-1	-1	-1	0	-1	-1		
										
3200024	3100508	9	-1	-1	-1	0	-1	-1		
3200025	3100209	1	-1	-1	-1	0	-1	-1		
3200025	3100209	2	-1	-1	-1	0	-1	-1		
3200025	3100209	3	-1	-1	-1	0	-1	-1		
3200025	3100409	4	-1	-1	-1	0	-1	-1		
3200025	3100509	5	-1	-1	-1	0	-1	-1		
3200025	3100409	6	-1	-1	-1	0	-1	-1		
										
										
										
3200026	3100209	1	-1	-1	-1	0	-1	-1		
3200026	3100309	2	-1	-1	-1	0	-1	-1		
3200026	3100209	3	-1	-1	-1	0	-1	-1		
3200026	3100509	4	-1	-1	-1	0	-1	-1		
3200026	3100509	5	-1	-1	-1	0	-1	-1		
3200026	3100509	6	-1	-1	-1	0	-1	-1		
										
										
										
3200027	3100309	1	-1	-1	-1	0	-1	-1		
3200027	3100309	2	-1	-1	-1	0	-1	-1		
3200027	3100609	3	-1	-1	-1	0	-1	-1		
3200027	3100509	4	-1	-1	-1	0	-1	-1		
3200027	3100509	5	-1	-1	-1	0	-1	-1		
3200027	3100509	6	-1	-1	-1	0	-1	-1		
3200027	3100509	7	-1	-1	-1	0	-1	-1		
3200027	3100509	8	-1	-1	-1	0	-1	-1		
										
3200028	3100410	1	-1	-1	-1	0	-1	-1		
3200028	3100210	2	-1	-1	-1	0	-1	-1		
3200028	3100410	3	-1	-1	-1	0	-1	-1		
3200028	3100410	4	-1	-1	-1	0	-1	-1		
3200028	3100510	5	-1	-1	-1	0	-1	-1		
3200028	3100410	6	-1	-1	-1	0	-1	-1		
										
										
										
3200029	3100210	1	-1	-1	-1	0	-1	-1		
3200029	3100310	2	-1	-1	-1	0	-1	-1		
3200029	3100210	3	-1	-1	-1	0	-1	-1		
3200029	3100510	4	-1	-1	-1	0	-1	-1		
3200029	3100510	5	-1	-1	-1	0	-1	-1		
3200029	3100510	6	-1	-1	-1	0	-1	-1		
										
3200029	3100510	8	-1	-1	-1	0	-1	-1		
										
3200030	3100210	1	-1	-1	-1	0	-1	-1		
3200030	3100610	2	-1	-1	-1	0	-1	-1		
3200030	3100310	3	-1	-1	-1	0	-1	-1		
3200030	3100510	4	-1	-1	-1	0	-1	-1		
3200030	3100410	5	-1	-1	-1	0	-1	-1		
3200030	3100510	6	-1	-1	-1	0	-1	-1		
3200030	3100510	7	-1	-1	-1	0	-1	-1		
3200030	3100510	8	-1	-1	-1	0	-1	-1		
3200030	3100510	9	-1	-1	-1	0	-1	-1		
3200031	3100211	1	-1	-1	-1	0	-1	-1		
3200031	3100211	2	-1	-1	-1	0	-1	-1		
3200031	3100211	3	-1	-1	-1	0	-1	-1		
3200031	3100411	4	-1	-1	-1	0	-1	-1		
3200031	3100511	5	-1	-1	-1	0	-1	-1		
3200031	3100411	6	-1	-1	-1	0	-1	-1		
										
										
										
3200032	3100311	1	-1	-1	-1	0	-1	-1		
3200032	3100311	2	-1	-1	-1	0	-1	-1		
3200032	3100211	3	-1	-1	-1	0	-1	-1		
3200032	3100511	4	-1	-1	-1	0	-1	-1		
3200032	3100511	5	-1	-1	-1	0	-1	-1		
3200032	3100511	6	-1	-1	-1	0	-1	-1		
										
										
										
3200033	3100211	1	-1	-1	-1	0	-1	-1		
3200033	3100611	2	-1	-1	-1	0	-1	-1		
3200033	3100211	3	-1	-1	-1	0	-1	-1		
3200033	3100511	4	-1	-1	-1	0	-1	-1		
3200033	3100511	5	-1	-1	-1	0	-1	-1		
3200033	3100511	6	-1	-1	-1	0	-1	-1		
3200033	3100511	7	-1	-1	-1	0	-1	-1		
										
3200033	3100511	9	-1	-1	-1	0	-1	-1		
3200034	3100212	1	-1	-1	-1	0	-1	-1		
3200034	3100212	2	-1	-1	-1	0	-1	-1		
3200034	3100212	3	-1	-1	-1	0	-1	-1		
										
3200034	3100512	5	-1	-1	-1	0	-1	-1		
										
										
										
										
3200035	3100312	1	-1	-1	-1	0	-1	-1		
3200035	3100312	2	-1	-1	-1	0	-1	-1		
3200035	3100312	3	-1	-1	-1	0	-1	-1		
3200035	3100512	4	-1	-1	-1	0	-1	-1		
3200035	3100512	5	-1	-1	-1	0	-1	-1		
3200035	3100512	6	-1	-1	-1	0	-1	-1		
										
										
										
3200036	3100312	1	-1	-1	-1	0	-1	-1		
3200036	3100612	2	-1	-1	-1	0	-1	-1		
3200036	3100312	3	-1	-1	-1	0	-1	-1		
3200036	3100512	4	-1	-1	-1	0	-1	-1		
3200036	3100512	5	-1	-1	-1	0	-1	-1		
3200036	3100512	6	-1	-1	-1	0	-1	-1		
3200036	3100512	7	-1	-1	-1	0	-1	-1		
										
3200036	3100512	9	-1	-1	-1	0	-1	-1		
3200037	3100413	1	-1	-1	-1	0	-1	-1		
3200037	3100213	2	-1	-1	-1	0	-1	-1		
3200037	3100213	3	-1	-1	-1	0	-1	-1		
3200037	3100413	4	-1	-1	-1	0	-1	-1		
3200037	3100513	5	-1	-1	-1	0	-1	-1		
										
										
										
										
3200038	3100413	1	-1	-1	-1	0	-1	-1		
3200038	3100313	2	-1	-1	-1	0	-1	-1		
3200038	3100313	3	-1	-1	-1	0	-1	-1		
3200038	3100513	4	-1	-1	-1	0	-1	-1		
3200038	3100513	5	-1	-1	-1	0	-1	-1		
3200038	3100513	6	-1	-1	-1	0	-1	-1		
										
										
										
3200039	3100313	1	-1	-1	-1	0	-1	-1		
3200039	3100313	2	-1	-1	-1	0	-1	-1		
3200039	3100613	3	-1	-1	-1	0	-1	-1		
3200039	3100513	4	-1	-1	-1	0	-1	-1		
3200039	3100513	5	-1	-1	-1	0	-1	-1		
3200039	3100413	6	-1	-1	-1	0	-1	-1		
3200039	3100513	7	-1	-1	-1	0	-1	-1		
3200039	3100513	8	-1	-1	-1	0	-1	-1		
3200039	3100513	9	-1	-1	-1	0	-1	-1		
3200040	3100214	1	-1	-1	-1	0	-1	-1		
3200040	3100214	2	-1	-1	-1	0	-1	-1		
3200040	3100214	3	-1	-1	-1	0	-1	-1		
3200040	3100414	4	-1	-1	-1	0	-1	-1		
3200040	3100514	5	-1	-1	-1	0	-1	-1		
3200040	3100414	6	-1	-1	-1	0	-1	-1		
										
										
										
3200041	3100214	1	-1	-1	-1	0	-1	-1		
3200041	3100314	2	-1	-1	-1	0	-1	-1		
3200041	3100214	3	-1	-1	-1	0	-1	-1		
3200041	3100514	4	-1	-1	-1	0	-1	-1		
3200041	3100514	5	-1	-1	-1	0	-1	-1		
3200041	3100514	6	-1	-1	-1	0	-1	-1		
										
										
										
3200042	3100614	1	-1	-1	-1	0	-1	-1		
3200042	3100314	2	-1	-1	-1	0	-1	-1		
3200042	3100314	3	-1	-1	-1	0	-1	-1		
3200042	3100514	4	-1	-1	-1	0	-1	-1		
3200042	3100514	5	-1	-1	-1	0	-1	-1		
3200042	3100514	6	-1	-1	-1	0	-1	-1		
										
3200042	3100514	8	-1	-1	-1	0	-1	-1		
3200042	3100514	9	-1	-1	-1	0	-1	-1		
3200043	3100415	1	-1	-1	-1	0	-1	-1		
3200043	3100215	2	-1	-1	-1	0	-1	-1		
3200043	3100415	3	-1	-1	-1	0	-1	-1		
3200043	3100415	4	-1	-1	-1	0	-1	-1		
3200043	3100515	5	-1	-1	-1	0	-1	-1		
3200043	3100415	6	-1	-1	-1	0	-1	-1		
										
										
										
3200044	3100215	1	-1	-1	-1	0	-1	-1		
3200044	3100315	2	-1	-1	-1	0	-1	-1		
3200044	3100215	3	-1	-1	-1	0	-1	-1		
3200044	3100515	4	-1	-1	-1	0	-1	-1		
3200044	3100515	5	-1	-1	-1	0	-1	-1		
3200044	3100515	6	-1	-1	-1	0	-1	-1		
										
3200044	3100515	8	-1	-1	-1	0	-1	-1		
										
3200045	3100215	1	-1	-1	-1	0	-1	-1		
3200045	3100615	2	-1	-1	-1	0	-1	-1		
3200045	3100315	3	-1	-1	-1	0	-1	-1		
3200045	3100515	4	-1	-1	-1	0	-1	-1		
3200045	3100415	5	-1	-1	-1	0	-1	-1		
3200045	3100515	6	-1	-1	-1	0	-1	-1		
3200045	3100515	7	-1	-1	-1	0	-1	-1		
3200045	3100515	8	-1	-1	-1	0	-1	-1		
3200045	3100515	9	-1	-1	-1	0	-1	-1		
3200046	3100216	1	-1	-1	-1	0	-1	-1		
3200046	3100216	2	-1	-1	-1	0	-1	-1		
3200046	3100216	3	-1	-1	-1	0	-1	-1		
3200046	3100416	4	-1	-1	-1	0	-1	-1		
3200046	3100516	5	-1	-1	-1	0	-1	-1		
3200046	3100416	6	-1	-1	-1	0	-1	-1		
										
										
										
3200047	3100316	1	-1	-1	-1	0	-1	-1		
3200047	3100316	2	-1	-1	-1	0	-1	-1		
3200047	3100216	3	-1	-1	-1	0	-1	-1		
3200047	3100516	4	-1	-1	-1	0	-1	-1		
3200047	3100516	5	-1	-1	-1	0	-1	-1		
3200047	3100516	6	-1	-1	-1	0	-1	-1		
										
										
										
3200048	3100216	1	-1	-1	-1	0	-1	-1		
3200048	3100616	2	-1	-1	-1	0	-1	-1		
3200048	3100216	3	-1	-1	-1	0	-1	-1		
3200048	3100516	4	-1	-1	-1	0	-1	-1		
3200048	3100516	5	-1	-1	-1	0	-1	-1		
3200048	3100516	6	-1	-1	-1	0	-1	-1		
3200048	3100516	7	-1	-1	-1	0	-1	-1		
										
3200048	3100516	9	-1	-1	-1	0	-1	-1		
3200049	3100217	1	-1	-1	-1	0	-1	-1		
3200049	3100217	2	-1	-1	-1	0	-1	-1		
3200049	3100217	3	-1	-1	-1	0	-1	-1		
										
3200049	3100517	5	-1	-1	-1	0	-1	-1		
										
										
										
										
3200050	3100317	1	-1	-1	-1	0	-1	-1		
3200050	3100317	2	-1	-1	-1	0	-1	-1		
3200050	3100317	3	-1	-1	-1	0	-1	-1		
3200050	3100517	4	-1	-1	-1	0	-1	-1		
3200050	3100517	5	-1	-1	-1	0	-1	-1		
3200050	3100517	6	-1	-1	-1	0	-1	-1		
										
										
										
3200051	3100317	1	-1	-1	-1	0	-1	-1		
3200051	3100617	2	-1	-1	-1	0	-1	-1		
3200051	3100317	3	-1	-1	-1	0	-1	-1		
3200051	3100517	4	-1	-1	-1	0	-1	-1		
3200051	3100517	5	-1	-1	-1	0	-1	-1		
3200051	3100517	6	-1	-1	-1	0	-1	-1		
3200051	3100517	7	-1	-1	-1	0	-1	-1		
										
3200051	3100517	9	-1	-1	-1	0	-1	-1		
3200052	3100418	1	-1	-1	-1	0	-1	-1		
3200052	3100218	2	-1	-1	-1	0	-1	-1		
3200052	3100218	3	-1	-1	-1	0	-1	-1		
3200052	3100418	4	-1	-1	-1	0	-1	-1		
3200052	3100518	5	-1	-1	-1	0	-1	-1		
										
										
										
										
3200053	3100418	1	-1	-1	-1	0	-1	-1		
3200053	3100318	2	-1	-1	-1	0	-1	-1		
3200053	3100318	3	-1	-1	-1	0	-1	-1		
3200053	3100518	4	-1	-1	-1	0	-1	-1		
3200053	3100518	5	-1	-1	-1	0	-1	-1		
3200053	3100518	6	-1	-1	-1	0	-1	-1		
										
										
										
3200054	3100318	1	-1	-1	-1	0	-1	-1		
3200054	3100318	2	-1	-1	-1	0	-1	-1		
3200054	3100618	3	-1	-1	-1	0	-1	-1		
3200054	3100518	4	-1	-1	-1	0	-1	-1		
3200054	3100518	5	-1	-1	-1	0	-1	-1		
3200054	3100418	6	-1	-1	-1	0	-1	-1		
3200054	3100518	7	-1	-1	-1	0	-1	-1		
3200054	3100518	8	-1	-1	-1	0	-1	-1		
3200054	3100518	9	-1	-1	-1	0	-1	-1		
3200055	3100219	1	-1	-1	-1	0	-1	-1		
3200055	3100219	2	-1	-1	-1	0	-1	-1		
3200055	3100219	3	-1	-1	-1	0	-1	-1		
3200055	3100419	4	-1	-1	-1	0	-1	-1		
3200055	3100519	5	-1	-1	-1	0	-1	-1		
3200055	3100419	6	-1	-1	-1	0	-1	-1		
										
										
										
3200056	3100219	1	-1	-1	-1	0	-1	-1		
3200056	3100319	2	-1	-1	-1	0	-1	-1		
3200056	3100219	3	-1	-1	-1	0	-1	-1		
3200056	3100519	4	-1	-1	-1	0	-1	-1		
3200056	3100519	5	-1	-1	-1	0	-1	-1		
3200056	3100519	6	-1	-1	-1	0	-1	-1		
										
										
										
3200057	3100619	1	-1	-1	-1	0	-1	-1		
3200057	3100319	2	-1	-1	-1	0	-1	-1		
3200057	3100319	3	-1	-1	-1	0	-1	-1		
3200057	3100519	4	-1	-1	-1	0	-1	-1		
3200057	3100519	5	-1	-1	-1	0	-1	-1		
3200057	3100519	6	-1	-1	-1	0	-1	-1		
										
3200057	3100519	8	-1	-1	-1	0	-1	-1		
3200057	3100519	9	-1	-1	-1	0	-1	-1		
3200058	3100420	1	-1	-1	-1	0	-1	-1		
3200058	3100220	2	-1	-1	-1	0	-1	-1		
3200058	3100420	3	-1	-1	-1	0	-1	-1		
3200058	3100420	4	-1	-1	-1	0	-1	-1		
3200058	3100520	5	-1	-1	-1	0	-1	-1		
3200058	3100420	6	-1	-1	-1	0	-1	-1		
										
										
										
3200059	3100220	1	-1	-1	-1	0	-1	-1		
3200059	3100320	2	-1	-1	-1	0	-1	-1		
3200059	3100220	3	-1	-1	-1	0	-1	-1		
3200059	3100520	4	-1	-1	-1	0	-1	-1		
3200059	3100520	5	-1	-1	-1	0	-1	-1		
3200059	3100520	6	-1	-1	-1	0	-1	-1		
										
3200059	3100520	8	-1	-1	-1	0	-1	-1		
										
3200060	3100220	1	-1	-1	-1	0	-1	-1		
3200060	3100620	2	-1	-1	-1	0	-1	-1		
3200060	3100320	3	-1	-1	-1	0	-1	-1		
3200060	3100520	4	-1	-1	-1	0	-1	-1		
3200060	3100420	5	-1	-1	-1	0	-1	-1		
3200060	3100520	6	-1	-1	-1	0	-1	-1		
3200060	3100520	7	-1	-1	-1	0	-1	-1		
3200060	3100520	8	-1	-1	-1	0	-1	-1		
3200060	3100520	9	-1	-1	-1	0	-1	-1		
3200061	3100221	1	-1	-1	-1	0	-1	-1		
3200061	3100221	2	-1	-1	-1	0	-1	-1		
3200061	3100221	3	-1	-1	-1	0	-1	-1		
3200061	3100421	4	-1	-1	-1	0	-1	-1		
3200061	3100521	5	-1	-1	-1	0	-1	-1		
3200061	3100421	6	-1	-1	-1	0	-1	-1		
										
										
										
3200062	3100321	1	-1	-1	-1	0	-1	-1		
3200062	3100321	2	-1	-1	-1	0	-1	-1		
3200062	3100221	3	-1	-1	-1	0	-1	-1		
3200062	3100521	4	-1	-1	-1	0	-1	-1		
3200062	3100521	5	-1	-1	-1	0	-1	-1		
3200062	3100521	6	-1	-1	-1	0	-1	-1		
										
										
										
3200063	3100221	1	-1	-1	-1	0	-1	-1		
3200063	3100621	2	-1	-1	-1	0	-1	-1		
3200063	3100221	3	-1	-1	-1	0	-1	-1		
3200063	3100521	4	-1	-1	-1	0	-1	-1		
3200063	3100521	5	-1	-1	-1	0	-1	-1		
3200063	3100521	6	-1	-1	-1	0	-1	-1		
3200063	3100521	7	-1	-1	-1	0	-1	-1		
										
3200063	3100521	9	-1	-1	-1	0	-1	-1		
3200064	3100222	1	-1	-1	-1	0	-1	-1		
3200064	3100222	2	-1	-1	-1	0	-1	-1		
3200064	3100222	3	-1	-1	-1	0	-1	-1		
										
3200064	3100522	5	-1	-1	-1	0	-1	-1		
										
										
										
										
3200065	3100322	1	-1	-1	-1	0	-1	-1		
3200065	3100322	2	-1	-1	-1	0	-1	-1		
3200065	3100322	3	-1	-1	-1	0	-1	-1		
3200065	3100522	4	-1	-1	-1	0	-1	-1		
3200065	3100522	5	-1	-1	-1	0	-1	-1		
3200065	3100522	6	-1	-1	-1	0	-1	-1		
										
										
										
3200066	3100322	1	-1	-1	-1	0	-1	-1		
3200066	3100622	2	-1	-1	-1	0	-1	-1		
3200066	3100322	3	-1	-1	-1	0	-1	-1		
3200066	3100522	4	-1	-1	-1	0	-1	-1		
3200066	3100522	5	-1	-1	-1	0	-1	-1		
3200066	3100522	6	-1	-1	-1	0	-1	-1		
3200066	3100522	7	-1	-1	-1	0	-1	-1		
										
3200066	3100522	9	-1	-1	-1	0	-1	-1		
3200067	3100423	1	-1	-1	-1	0	-1	-1		
3200067	3100223	2	-1	-1	-1	0	-1	-1		
3200067	3100223	3	-1	-1	-1	0	-1	-1		
3200067	3100423	4	-1	-1	-1	0	-1	-1		
3200067	3100523	5	-1	-1	-1	0	-1	-1		
										
										
										
										
3200068	3100423	1	-1	-1	-1	0	-1	-1		
3200068	3100323	2	-1	-1	-1	0	-1	-1		
3200068	3100323	3	-1	-1	-1	0	-1	-1		
3200068	3100523	4	-1	-1	-1	0	-1	-1		
3200068	3100523	5	-1	-1	-1	0	-1	-1		
3200068	3100523	6	-1	-1	-1	0	-1	-1		
										
										
										
3200069	3100323	1	-1	-1	-1	0	-1	-1		
3200069	3100323	2	-1	-1	-1	0	-1	-1		
3200069	3100623	3	-1	-1	-1	0	-1	-1		
3200069	3100523	4	-1	-1	-1	0	-1	-1		
3200069	3100523	5	-1	-1	-1	0	-1	-1		
3200069	3100423	6	-1	-1	-1	0	-1	-1		
3200069	3100523	7	-1	-1	-1	0	-1	-1		
3200069	3100523	8	-1	-1	-1	0	-1	-1		
3200069	3100523	9	-1	-1	-1	0	-1	-1		
3200070	3100224	1	-1	-1	-1	0	-1	-1		
3200070	3100224	2	-1	-1	-1	0	-1	-1		
3200070	3100224	3	-1	-1	-1	0	-1	-1		
3200070	3100424	4	-1	-1	-1	0	-1	-1		
3200070	3100524	5	-1	-1	-1	0	-1	-1		
3200070	3100424	6	-1	-1	-1	0	-1	-1		
										
										
										
3200071	3100224	1	-1	-1	-1	0	-1	-1		
3200071	3100324	2	-1	-1	-1	0	-1	-1		
3200071	3100224	3	-1	-1	-1	0	-1	-1		
3200071	3100524	4	-1	-1	-1	0	-1	-1		
3200071	3100524	5	-1	-1	-1	0	-1	-1		
3200071	3100524	6	-1	-1	-1	0	-1	-1		
										
										
										
3200072	3100624	1	-1	-1	-1	0	-1	-1		
3200072	3100324	2	-1	-1	-1	0	-1	-1		
3200072	3100324	3	-1	-1	-1	0	-1	-1		
3200072	3100524	4	-1	-1	-1	0	-1	-1		
3200072	3100524	5	-1	-1	-1	0	-1	-1		
3200072	3100524	6	-1	-1	-1	0	-1	-1		
										
3200072	3100524	8	-1	-1	-1	0	-1	-1		
3200072	3100524	9	-1	-1	-1	0	-1	-1		
3200073	3100425	1	-1	-1	-1	0	-1	-1		
3200073	3100225	2	-1	-1	-1	0	-1	-1		
3200073	3100425	3	-1	-1	-1	0	-1	-1		
3200073	3100425	4	-1	-1	-1	0	-1	-1		
3200073	3100525	5	-1	-1	-1	0	-1	-1		
3200073	3100425	6	-1	-1	-1	0	-1	-1		
										
										
										
3200074	3100225	1	-1	-1	-1	0	-1	-1		
3200074	3100325	2	-1	-1	-1	0	-1	-1		
3200074	3100225	3	-1	-1	-1	0	-1	-1		
3200074	3100525	4	-1	-1	-1	0	-1	-1		
3200074	3100525	5	-1	-1	-1	0	-1	-1		
3200074	3100525	6	-1	-1	-1	0	-1	-1		
										
3200074	3100525	8	-1	-1	-1	0	-1	-1		
										
3200075	3100225	1	-1	-1	-1	0	-1	-1		
3200075	3100625	2	-1	-1	-1	0	-1	-1		
3200075	3100325	3	-1	-1	-1	0	-1	-1		
3200075	3100525	4	-1	-1	-1	0	-1	-1		
3200075	3100425	5	-1	-1	-1	0	-1	-1		
3200075	3100525	6	-1	-1	-1	0	-1	-1		
3200075	3100525	7	-1	-1	-1	0	-1	-1		
3200075	3100525	8	-1	-1	-1	0	-1	-1		
3200075	3100525	9	-1	-1	-1	0	-1	-1		
3200076	3100226	1	-1	-1	-1	0	-1	-1		
3200076	3100226	2	-1	-1	-1	0	-1	-1		
3200076	3100226	3	-1	-1	-1	0	-1	-1		
3200076	3100426	4	-1	-1	-1	0	-1	-1		
3200076	3100526	5	-1	-1	-1	0	-1	-1		
3200076	3100426	6	-1	-1	-1	0	-1	-1		
										
										
										
3200077	3100326	1	-1	-1	-1	0	-1	-1		
3200077	3100326	2	-1	-1	-1	0	-1	-1		
3200077	3100226	3	-1	-1	-1	0	-1	-1		
3200077	3100526	4	-1	-1	-1	0	-1	-1		
3200077	3100526	5	-1	-1	-1	0	-1	-1		
3200077	3100526	6	-1	-1	-1	0	-1	-1		
										
										
										
3200078	3100226	1	-1	-1	-1	0	-1	-1		
3200078	3100626	2	-1	-1	-1	0	-1	-1		
3200078	3100226	3	-1	-1	-1	0	-1	-1		
3200078	3100526	4	-1	-1	-1	0	-1	-1		
3200078	3100526	5	-1	-1	-1	0	-1	-1		
3200078	3100526	6	-1	-1	-1	0	-1	-1		
3200078	3100526	7	-1	-1	-1	0	-1	-1		
										
3200078	3100526	9	-1	-1	-1	0	-1	-1		
3200079	3100227	1	-1	-1	-1	0	-1	-1		
3200079	3100227	2	-1	-1	-1	0	-1	-1		
3200079	3100227	3	-1	-1	-1	0	-1	-1		
										
3200079	3100527	5	-1	-1	-1	0	-1	-1		
										
										
										
										
3200080	3100327	1	-1	-1	-1	0	-1	-1		
3200080	3100327	2	-1	-1	-1	0	-1	-1		
3200080	3100327	3	-1	-1	-1	0	-1	-1		
3200080	3100527	4	-1	-1	-1	0	-1	-1		
3200080	3100527	5	-1	-1	-1	0	-1	-1		
3200080	3100527	6	-1	-1	-1	0	-1	-1		
										
										
										
3200081	3100327	1	-1	-1	-1	0	-1	-1		
3200081	3100627	2	-1	-1	-1	0	-1	-1		
3200081	3100327	3	-1	-1	-1	0	-1	-1		
3200081	3100527	4	-1	-1	-1	0	-1	-1		
3200081	3100527	5	-1	-1	-1	0	-1	-1		
3200081	3100527	6	-1	-1	-1	0	-1	-1		
3200081	3100527	7	-1	-1	-1	0	-1	-1		
										
3200081	3100527	9	-1	-1	-1	0	-1	-1		
3200082	3100428	1	-1	-1	-1	0	-1	-1		
3200082	3100228	2	-1	-1	-1	0	-1	-1		
3200082	3100228	3	-1	-1	-1	0	-1	-1		
3200082	3100428	4	-1	-1	-1	0	-1	-1		
3200082	3100528	5	-1	-1	-1	0	-1	-1		
										
										
										
										
3200083	3100428	1	-1	-1	-1	0	-1	-1		
3200083	3100328	2	-1	-1	-1	0	-1	-1		
3200083	3100328	3	-1	-1	-1	0	-1	-1		
3200083	3100528	4	-1	-1	-1	0	-1	-1		
3200083	3100528	5	-1	-1	-1	0	-1	-1		
3200083	3100528	6	-1	-1	-1	0	-1	-1		
										
										
										
3200084	3100328	1	-1	-1	-1	0	-1	-1		
3200084	3100328	2	-1	-1	-1	0	-1	-1		
3200084	3100628	3	-1	-1	-1	0	-1	-1		
3200084	3100528	4	-1	-1	-1	0	-1	-1		
3200084	3100528	5	-1	-1	-1	0	-1	-1		
3200084	3100428	6	-1	-1	-1	0	-1	-1		
3200084	3100528	7	-1	-1	-1	0	-1	-1		
3200084	3100528	8	-1	-1	-1	0	-1	-1		
3200084	3100528	9	-1	-1	-1	0	-1	-1		
3200085	3100229	1	-1	-1	-1	0	-1	-1		
3200085	3100229	2	-1	-1	-1	0	-1	-1		
3200085	3100229	3	-1	-1	-1	0	-1	-1		
3200085	3100429	4	-1	-1	-1	0	-1	-1		
3200085	3100529	5	-1	-1	-1	0	-1	-1		
3200085	3100429	6	-1	-1	-1	0	-1	-1		
										
										
										
3200086	3100229	1	-1	-1	-1	0	-1	-1		
3200086	3100329	2	-1	-1	-1	0	-1	-1		
3200086	3100229	3	-1	-1	-1	0	-1	-1		
3200086	3100529	4	-1	-1	-1	0	-1	-1		
3200086	3100529	5	-1	-1	-1	0	-1	-1		
3200086	3100529	6	-1	-1	-1	0	-1	-1		
										
										
										
3200087	3100629	1	-1	-1	-1	0	-1	-1		
3200087	3100329	2	-1	-1	-1	0	-1	-1		
3200087	3100329	3	-1	-1	-1	0	-1	-1		
3200087	3100529	4	-1	-1	-1	0	-1	-1		
3200087	3100529	5	-1	-1	-1	0	-1	-1		
3200087	3100529	6	-1	-1	-1	0	-1	-1		
										
3200087	3100529	8	-1	-1	-1	0	-1	-1		
3200087	3100529	9	-1	-1	-1	0	-1	-1		
3200088	3100230	1	-1	-1	-1	0	-1	-1		
3200088	3100230	2	-1	-1	-1	0	-1	-1		
3200088	3100230	3	-1	-1	-1	0	-1	-1		
3200088	3100530	4	-1	-1	-1	0	-1	-1		
3200088	3100530	5	-1	-1	-1	0	-1	-1		
3200088	3100530	6	-1	-1	-1	0	-1	-1		
										
										
										
3200089	3100230	1	-1	-1	-1	0	-1	-1		
3200089	3100330	2	-1	-1	-1	0	-1	-1		
3200089	3100230	3	-1	-1	-1	0	-1	-1		
3200089	3100530	4	-1	-1	-1	0	-1	-1		
3200089	3100530	5	-1	-1	-1	0	-1	-1		
3200089	3100530	6	-1	-1	-1	0	-1	-1		
										
3200089	3100530	8	-1	-1	-1	0	-1	-1		
										
3200090	3100230	1	-1	-1	-1	0	-1	-1		
3200090	3100630	2	-1	-1	-1	0	-1	-1		
3200090	3100330	3	-1	-1	-1	0	-1	-1		
3200090	3100530	4	-1	-1	-1	0	-1	-1		
3200090	3100530	5	-1	-1	-1	0	-1	-1		
3200090	3100530	6	-1	-1	-1	0	-1	-1		
3200090	3100530	7	-1	-1	-1	0	-1	-1		
3200090	3100530	8	-1	-1	-1	0	-1	-1		
3200090	3100530	9	-1	-1	-1	0	-1	-1		
										
3200090	3100530	5	-1	-1	-1	0	-1	-1		
3200090	3100530	6	-1	-1	-1	0	-1	-1		
3200090	3100530	7	-1	-1	-1	0	-1	-1		
3200090	3100530	8	-1	-1	-1	0	-1	-1		
3200090	3100530	9	-1	-1	-1	0	-1	-1		
										
										
										
171011	9010061	3	-1	-1	-1	0	1	-1	极限1猛犸僵尸	6
171011	7020620	1	-1	-1	-1	0	1	25	弹弓原始人20	2
171011	7020620	2	-1	-1	-1	0	1	28	弹弓原始人20	2
171021	9010062	3	-1	-1	-1	0	1	-1	极限2埃及艳后	6
171021	7040730	1	-1	-1	-1	0	1	24	探险家僵尸30	2
171021	7040730	2	-1	-1	-1	0	1	26	探险家僵尸30	2
171021	7040730	4	-1	-1	-1	0	1	28	探险家僵尸30	2
171031	9010063	3	-1	-1	-1	0	1	-1	极限3僵尸酋长	6
171031	7060630	1	-1	-1	-1	0	1	24	钢琴僵尸30	4
171031	7060630	2	-1	-1	-1	0	1	26	钢琴僵尸30	4
171031	7060630	4	-1	-1	-1	0	1	28	钢琴僵尸30	4
171041	9010064	3	-1	-1	-1	0	1	-1	极限4禅杖武僧	6
171041	7070830	1	-1	-1	-1	0	1	24	气功师30	4
171041	7070830	2	-1	-1	-1	0	1	26	气功师30	4
171041	7070830	4	-1	-1	-1	0	1	28	气功师30	4
171051	9010060	3	-1	-1	-1	0	1	-1	极限5博士大格	6
171051	7100530	1	-1	-1	-1	0	1	24	喷射器舞者30	2
171051	7100530	2	-1	-1	-1	0	1	26	喷射器舞者30	2
171051	7100530	4	-1	-1	-1	0	1	28	喷射器舞者30	2
										
										
4000001	7010101	2	-1	-1	-1	0	1	16	普通僵尸1	1
4000001	7010101	5	-1	-1	-1	0	-1	22	普通僵尸1	1
4000001	7010101	8	-1	-1	-1	0	-1	28	普通僵尸1	1
4000001	8010001	11	-1	-1	-1	0	-1	-1	1撑杆BOSS无	5
										
4000004	7010102	1	-1	-1	-1	0	-1	15	普通僵尸2	1
4000004	7010202	2	-1	-1	-1	0	-1	16	旗帜僵尸2	1
4000004	7010102	3	-1	-1	-1	0	-1	17	普通僵尸2	1
4000004	7010202	5	-1	-1	-1	0	-1	22	旗帜僵尸2	1
4000004	7010501	7	-1	-1	-1	0	-1	-1	撑杆僵尸1	2
4000004	8010002	8	-1	-1	-1	0	-1	-1	2路障BOSS无	5
4000004	7010501	9	-1	-1	-1	0	-1	-1	撑杆僵尸1	2
										
4000007	7010103	1	-1	-1	-1	0	-1	15	普通僵尸3	1
4000007	7010101	11	-1	-1	-1	0	-1	16	普通僵尸1	1
4000007	7010103	3	-1	-1	-1	0	-1	17	普通僵尸3	1
4000007	7010503	4	-1	-1	-1	0	-1	-1	撑杆僵尸3	2
4000007	7010201	2	-1	-1	-1	0	-1	22	旗帜僵尸1	1
4000007	7010503	6	-1	-1	-1	0	-1	-1	撑杆僵尸3	2
4000007	8010001	5	-1	-1	-1	0	-1	-1	1撑杆BOSS无	5
										
4000010	7010104	1	-1	-1	-1	0	-1	15	普通僵尸4	1
4000010	7010104	2	-1	-1	-1	0	-1	16	普通僵尸4	1
4000010	7010104	3	-1	-1	-1	0	-1	17	普通僵尸4	1
4000010	7010504	4	-1	-1	-1	0	-1	-1	撑杆僵尸4	2
4000010	7010504	6	-1	-1	-1	0	-1	-1	撑杆僵尸4	2
4000010	8010004	5	-1	-1	-1	0	-1	-1	4橄榄球BOSS	5
										
4000013	7010105	1	-1	-1	-1	0	-1	15	普通僵尸5	1
4000013	7010305	2	-1	-1	-1	0	-1	16	路障僵尸5	3
4000013	7010105	3	-1	-1	-1	0	-1	17	普通僵尸5	1
4000013	7010605	5	-1	-1	-1	0	-1	22	橄榄球僵尸5	2
4000014	8801	3	-1	-1	-1	0	1	-1	5雪人僵尸BOSS	6
4000015	8805	3	-1	-1	-1	0	1	-1	5雪人僵尸BOSS	6
										
4000016	7010306	1	-1	-1	-1	0	-1	15	路障僵尸6	3
4000016	7010306	2	-1	-1	-1	0	-1	16	铁桶僵尸6	3
4000016	7010306	3	-1	-1	-1	0	-1	17	路障僵尸6	3
4000016	7010506	5	-1	-1	-1	0	-1	28	撑杆僵尸6	2
4000017	7010306	1	-1	-1	-1	0	-1	18	路障僵尸6	3
4000017	8010005	2	-1	-1	-1	0	-1	22	6路障BOSS	5
4000017	7010306	3	-1	-1	-1	0	-1	20	路障僵尸6	3
4000017	7010606	5	-1	-1	-1	0	-1	-1	橄榄球僵尸6	2
										
4000019	7010307	1	-1	-1	-1	0	-1	15	路障僵尸7	3
4000019	7010307	2	-1	-1	-1	0	-1	16	铁桶僵尸7	3
4000019	7010307	3	-1	-1	-1	0	-1	17	路障僵尸7	3
4000019	7010507	5	-1	-1	-1	0	-1	28	撑杆僵尸7	2
4000020	7010307	1	-1	-1	-1	0	-1	18	铁桶僵尸7	3
4000020	8010006	2	-1	-1	-1	0	-1	22	7旗帜BOSS	5
4000020	7010307	3	-1	-1	-1	0	-1	20	路障僵尸7	3
4000020	7010507	5	-1	-1	-1	0	-1	-1	撑杆僵尸7	2
										
4000022	7010308	1	-1	-1	-1	0	-1	18	路障僵尸8	3
4000022	7010308	2	-1	-1	-1	0	-1	16	铁桶僵尸8	3
4000022	7010308	3	-1	-1	-1	0	-1	20	路障僵尸8	3
4000022	7010508	5	-1	-1	-1	0	-1	22	撑杆僵尸8	2
4000023	7010308	1	-1	-1	-1	0	-1	18	铁桶僵尸8	3
4000023	7010308	2	-1	-1	-1	0	-1	20	铁桶僵尸8	3
4000023	7010308	3	-1	-1	-1	0	-1	16	路障僵尸8	3
4000023	8010007	5	-1	-1	-1	0	-1	-1	8撑杆BOSS	5
										
4000025	7010309	1	-1	-1	-1	0	-1	18	路障僵尸9	3
4000025	7010309	2	-1	-1	-1	0	-1	16	铁桶僵尸9	3
4000025	7010309	3	-1	-1	-1	0	-1	20	路障僵尸9	3
4000025	7010609	5	-1	-1	-1	0	-1	22	橄榄球僵尸9	2
4000026	7010309	1	-1	-1	-1	0	-1	18	铁桶僵尸9	3
4000026	7010309	2	-1	-1	-1	0	-1	20	铁桶僵尸9	3
4000026	7010309	3	-1	-1	-1	0	-1	16	路障僵尸9	3
4000026	8010008	5	-1	-1	-1	0	-1	-1	9橄榄球BOSS	5
										
4000028	7010105	1	-1	-1	-1	0	-1	15	普通僵尸5	1
4000028	7010305	2	-1	-1	-1	0	-1	16	路障僵尸5	3
4000028	7010105	3	-1	-1	-1	0	-1	17	普通僵尸5	1
4000028	7010105	4	-1	-1	-1	0	-1	21	普通僵尸5	1
4000028	7010605	5	-1	-1	-1	0	-1	22	橄榄球僵尸5	2
4000028	7010105	6	-1	-1	-1	0	-1	23	普通僵尸5	1
4000029	9010002	3	-1	-1	-1	0	1	-1	10司机大格BOSS	6
										
4010001	7020101	1	-1	-1	-1	0	-1	16	普通原始人1	1
4010001	7020101	2	-1	-1	-1	0	-1	18	普通原始人1	1
4010001	7020101	3	-1	-1	-1	0	-1	20	普通原始人1	1
4010001	7020601	5	-1	-1	-1	0	-1	22	弹弓原始人1	2
4010002	7020101	1	-1	-1	-1	0	-1	16	普通原始人1	1
4010002	8010009	2	-1	-1	-1	0	-1	22	1路障原始人BOSS	5
4010002	7020101	3	-1	-1	-1	0	-1	18	普通原始人1	1
4010002	7020501	5	-1	-1	-1	0	-1	20	木棍原始人1	3
4010002	7020601	8	-1	-1	-1	0	-1	-1	弹弓原始人1	2
										
4010004	7020502	4	-1	-1	-1	0	-1	16	木棍原始人2	3
4010004	7020102	2	-1	-1	-1	0	-1	18	普通原始人2	1
4010004	7020102	3	-1	-1	-1	0	-1	20	普通原始人2	1
4010004	7020602	5	-1	-1	-1	0	-1	22	弹弓原始人2	2
4010005	7020202	1	-1	-1	-1	0	-1	16	路障原始人2	3
4010005	8010010	2	-1	-1	-1	0	-1	22	2面具原始人BOSS	5
4010005	7020502	4	-1	-1	-1	0	-1	18	木棍原始人2	3
4010005	7020502	6	-1	-1	-1	0	-1	20	木棍原始人2	3
4010005	7020602	5	-1	-1	-1	0	-1	-1	弹弓原始人2	2
										
4010007	7020203	2	-1	-1	-1	0	-1	15	路障原始人3	3
4010007	7020103	3	-1	-1	-1	0	-1	16	普通原始人3	1
4010007	7020503	4	-1	-1	-1	0	-1	17	木棍原始人3	3
4010007	7020603	5	-1	-1	-1	0	-1	22	弹弓原始人3	2
4010008	7020203	2	-1	-1	-1	0	-1	15	路障原始人3	3
4010008	7020103	3	-1	-1	-1	0	-1	16	普通原始人3	1
4010008	7020503	4	-1	-1	-1	0	-1	17	木棍原始人3	3
4010008	7020703	5	-1	-1	-1	0	-1	22	蜂窝原始人3	4
4010008	8010011	8	-1	-1	-1	0	-1	-1	3弹弓原始人BOSS	5
										
4010010	7020104	3	-1	-1	-1	0	-1	16	普通原始人4	1
4010010	7020504	4	-1	-1	-1	0	-1	17	木棍原始人4	3
4010010	7020604	5	-1	-1	-1	0	-1	22	弹弓原始人4	2
4010010	7020404	6	-1	-1	-1	0	-1	15	面具原始人4	3
4010011	7020104	1	-1	-1	-1	0	-1	16	普通原始人4	1
4010011	8010012	2	-1	-1	-1	0	-1	22	4木棍原始人BOSS	5
4010011	7020504	4	-1	-1	-1	0	-1	15	木棍原始人4	3
4010011	7020504	5	-1	-1	-1	0	-1	17	木棍原始人4	3
4010011	7020704	8	-1	-1	-1	0	-1	-1	蜂窝原始人4	4
										
4010013	7020505	1	-1	-1	-1	0	-1	16	木棍原始人5	3
4010013	7020405	2	-1	-1	-1	0	-1	17	面具原始人5	3
4010013	7020405	3	-1	-1	-1	0	-1	15	面具原始人5	3
4010013	7020605	5	-1	-1	-1	0	-1	22	弹弓原始人5	2
4010014	7020605	1	-1	-1	-1	0	1	28	弹弓原始人5	2
4010014	9010003	3	-1	-1	-1	0	1	-1	5骑鸟僵尸大格	6
										
4010016	7020206	1	-1	-1	-1	0	-1	18	路障原始人6	3
4010016	7020106	2	-1	-1	-1	0	-1	13	普通原始人6	1
4010016	7020206	3	-1	-1	-1	0	-1	19	路障原始人6	3
4010016	7020606	5	-1	-1	-1	0	-1	20	弹弓原始人6	2
4010017	7020206	1	-1	-1	-1	0	-1	15	路障原始人6	3
4010017	7020206	2	-1	-1	-1	0	-1	16	铁桶原始人6	3
4010017	7020206	3	-1	-1	-1	0	-1	17	路障原始人6	3
4010017	7020606	4	-1	-1	-1	0	-1	22	弹弓原始人6	2
4010017	8010013	5	-1	-1	-1	0	-1	-1	6蜂窝原始人BOSS	5
										
4010019	7020207	1	-1	-1	-1	0	-1	19	路障原始人7	3
4010019	7020507	2	-1	-1	-1	0	-1	13	木棍原始人7	3
4010019	7020407	3	-1	-1	-1	0	-1	18	面具原始人7	3
4010019	7020607	5	-1	-1	-1	0	-1	20	弹弓原始人7	2
4010020	7020607	1	-1	-1	-1	0	-1	15	铁桶原始人7	3
4010020	7020207	3	-1	-1	-1	0	-1	16	路障原始人7	3
4010020	8010014	2	-1	-1	-1	0	-1	22	7路障原始人BOSS	5
4010020	7020407	4	-1	-1	-1	0	-1	17	面具原始人7	3
4010020	7020607	5	-1	-1	-1	0	-1	-1	弹弓原始人7	2
										
4010022	7020208	1	-1	-1	-1	0	-1	15	路障原始人8	3
4010022	7020208	2	-1	-1	-1	0	-1	16	铁桶原始人8	3
4010022	7020508	3	-1	-1	-1	0	-1	17	木棍原始人8	3
4010022	7020608	5	-1	-1	-1	0	-1	22	弹弓原始人8	2
4010023	7020208	1	-1	-1	-1	0	-1	17	路障原始人8	3
4010023	8010015	2	-1	-1	-1	0	-1	19	8面具原始人BOSS	5
4010023	7020208	3	-1	-1	-1	0	-1	15	铁桶原始人8	3
4010023	7020608	5	-1	-1	-1	0	-1	-1	弹弓原始人8	2
4010023	7020108	4	-1	-1	-1	0	-1	21	普通原始人8	1
4010023	7020108	6	-1	-1	-1	0	-1	23	普通原始人8	1
										
4010025	7020208	1	-1	-1	-1	0	-1	15	路障原始人8	3
4010025	7020208	2	-1	-1	-1	0	-1	16	铁桶原始人8	3
4010025	7020508	3	-1	-1	-1	0	-1	17	木棍原始人8	3
4010025	7020608	5	-1	-1	-1	0	-1	22	弹弓原始人8	2
4010026	7020208	1	-1	-1	-1	0	-1	15	路障原始人9	3
4010026	7020409	2	-1	-1	-1	0	-1	16	面具原始人9	3
4010026	7020208	3	-1	-1	-1	0	-1	17	路障原始人9	3
4010026	7020603	4	-1	-1	-1	0	-1	21	弹弓原始人3	1
4010026	7020509	5	-1	-1	-1	0	-1	22	木棍原始人9	3
4010026	7020603	6	-1	-1	-1	0	-1	23	弹弓原始人3	2
4010026	8010016	8	-1	-1	-1	0	-1	-1	9弹弓原始人BOSS	5
										
4010028	7020410	1	-1	-1	-1	0	-1	15	面具原始人10	3
4010028	7020210	2	-1	-1	-1	0	-1	17	路障原始人10	3
4010028	7020510	3	-1	-1	-1	0	-1	16	木棍原始人10	3
4010028	7020710	5	-1	-1	-1	0	-1	22	蜂窝原始人10	4
4010029	7020610	2	-1	-1	-1	0	1	28	弹弓原始人10	2
4010029	9010004	3	-1	-1	-1	0	1	-1	10蜗牛僵尸大格	6
										
4010031	7020411	1	-1	-1	-1	0	-1	16	面具原始人11	3
4010031	7020511	2	-1	-1	-1	0	-1	18	木棍原始人11	3
4010031	7020211	3	-1	-1	-1	0	-1	20	路障原始人11	3
4010031	7020611	4	-1	-1	-1	0	-1	22	弹弓原始人11	2
4010032	7020211	1	-1	-1	-1	0	-1	18	铁桶原始人11	3
4010032	8010017	2	-1	-1	-1	0	-1	22	11木棍原始人BOSS	5
4010032	7020211	3	-1	-1	-1	0	-1	20	路障原始人11	3
4010032	7020411	6	-1	-1	-1	0	-1	16	面具原始人11	3
4010032	7020611	5	-1	-1	-1	0	-1	-1	弹弓原始人11	2
										
4010034	7020212	1	-1	-1	-1	0	-1	16	路障原始人12	3
4010034	7020412	2	-1	-1	-1	0	-1	18	面具原始人12	3
4010034	7020212	3	-1	-1	-1	0	-1	20	铁桶原始人12	3
4010034	7020612	6	-1	-1	-1	0	-1	22	弹弓原始人12	2
4010035	7020212	1	-1	-1	-1	0	-1	20	路障原始人12	3
4010035	7020212	2	-1	-1	-1	0	-1	16	路障原始人12	3
4010035	7020512	3	-1	-1	-1	0	-1	18	木棍原始人12	3
4010035	7020612	4	-1	-1	-1	0	-1	22	弹弓原始人12	2
4010035	8010018	5	-1	-1	-1	0	-1	-1	12蜂窝原始人BOSS	5
										
4010037	7020213	1	-1	-1	-1	0	-1	18	路障原始人13	3
4010037	7020513	2	-1	-1	-1	0	-1	16	木棍原始人13	3
4010037	7020213	3	-1	-1	-1	0	-1	20	路障原始人13	3
4010037	7020613	5	-1	-1	-1	0	-1	22	弹弓原始人13	2
4010038	7020213	1	-1	-1	-1	0	-1	20	路障原始人13	3
4010038	8010019	2	-1	-1	-1	0	-1	22	13路障原始人BOSS	5
4010038	7020213	3	-1	-1	-1	0	-1	18	路障原始人13	3
4010038	7020513	4	-1	-1	-1	0	-1	16	木棍原始人13	3
4010038	7020613	5	-1	-1	-1	0	-1	-1	弹弓原始人13	2
										
4010040	7020214	1	-1	-1	-1	0	-1	15	路障原始人14	3
4010040	7020414	2	-1	-1	-1	0	-1	16	面具原始人14	3
4010040	7020214	3	-1	-1	-1	0	-1	17	铁桶原始人14	3
4010040	7020614	3	-1	-1	-1	0	-1	22	弹弓原始人14	2
4010041	7020208	1	-1	-1	-1	0	-1	15	路障原始人8	3
4010041	8010020	2	-1	-1	-1	0	-1	22	14面具原始人BOSS	5
4010041	7020508	3	-1	-1	-1	0	-1	16	木棍原始人8	3
4010041	7020214	4	-1	-1	-1	0	-1	17	铁桶原始人14	3
4010041	7020614	5	-1	-1	-1	0	-1	-1	弹弓原始人14	2
4010041	7020614	6	-1	-1	-1	0	-1	25	弹弓原始人14	2
										
4010043	7020215	1	-1	-1	-1	0	-1	15	铁桶原始人15	3
4010043	7020215	2	-1	-1	-1	0	-1	17	路障原始人15	3
4010043	7020415	3	-1	-1	-1	0	-1	16	面具原始人15	3
4010043	7020615	4	-1	-1	-1	0	-1	22	弹弓原始人15	2
4010044	7020615	1	-1	-1	-1	0	1	28	弹弓原始人15	2
4010044	9010005	3	-1	-1	-1	0	1	-1	15力士僵尸大格	6
										
4010046	7020516	1	-1	-1	-1	0	-1	13	木棍原始人16	3
4010046	7020216	2	-1	-1	-1	0	-1	18	路障原始人16	3
4010046	7020216	3	-1	-1	-1	0	-1	20	路障原始人16	3
4010046	7020616	4	-1	-1	-1	0	-1	19	弹弓原始人16	2
4010047	7020216	1	-1	-1	-1	0	-1	13	路障原始人16	3
4010047	7020216	2	-1	-1	-1	0	-1	18	路障原始人16	3
4010047	7020516	3	-1	-1	-1	0	-1	20	木棍原始人16	3
4010047	7020616	4	-1	-1	-1	0	-1	19	弹弓原始人16	2
4010047	8010021	5	-1	-1	-1	0	-1	-1	16弹弓原始人BOSS	5
										
4010049	7020217	1	-1	-1	-1	0	-1	13	路障原始人17	3
4010049	7020217	2	-1	-1	-1	0	-1	18	铁桶原始人17	3
4010049	7020417	3	-1	-1	-1	0	-1	20	面具原始人17	3
4010049	7020617	4	-1	-1	-1	0	-1	19	弹弓原始人17	2
4010050	7020217	1	-1	-1	-1	0	-1	13	路障原始人17	3
4010050	8010022	2	-1	-1	-1	0	-1	19	17木棍原始人BOSS	5
4010050	7020217	3	-1	-1	-1	0	-1	18	路障原始人17	3
4010050	7020517	4	-1	-1	-1	0	-1	20	木棍原始人17	3
4010050	7020617	5	-1	-1	-1	0	-1	-1	弹弓原始人17	2
										
4010052	7020118	1	-1	-1	-1	0	-1	15	普通原始人18	1
4010052	7020118	2	-1	-1	-1	0	-1	17	普通原始人18	1
4010052	7020218	3	-1	-1	-1	0	-1	16	路障原始人18	3
4010052	7020618	5	-1	-1	-1	0	-1	22	弹弓原始人18	2
4010052	7020616	6	-1	-1	-1	0	-1	21	弹弓原始人16	2
4010052	7020616	6	-1	-1	-1	0	-1	23	弹弓原始人16	2
4010053	7020218	1	-1	-1	-1	0	-1	15	路障原始人16	3
4010053	7020218	2	-1	-1	-1	0	-1	16	路障原始人18	3
4010053	7020518	3	-1	-1	-1	0	-1	17	木棍原始人18	3
4010053	7020618	4	-1	-1	-1	0	-1	22	弹弓原始人18	2
4010053	8010023	5	-1	-1	-1	0	-1	-1	18蜂窝原始人BOSS	5
										
4010055	7020116	1	-1	-1	-1	0	-1	15	普通原始人16	1
4010055	7020116	2	-1	-1	-1	0	-1	17	普通原始人16	1
4010055	7020519	3	-1	-1	-1	0	-1	19	木棍原始人19	3
4010055	7020619	4	-1	-1	-1	0	-1	22	弹弓原始人19	2
4010055	7020612	5	-1	-1	-1	0	-1	21	弹弓原始人12	2
4010055	7020612	6	-1	-1	-1	0	-1	23	弹弓原始人12	2
4010056	7020212	1	-1	-1	-1	0	-1	15	路障原始人12	3
4010056	7020212	2	-1	-1	-1	0	-1	17	铁桶原始人12	3
4010056	7020219	3	-1	-1	-1	0	-1	16	路障原始人19	3
4010056	7020612	4	-1	-1	-1	0	-1	21	弹弓原始人12	2
4010056	8010024	5	-1	-1	-1	0	-1	-1	19蜂窝原始人BOSS	5
4010056	7020612	6	-1	-1	-1	0	-1	23	弹弓原始人12	2
										
4010058	7020420	1	-1	-1	-1	0	-1	15	面具原始人20	3
4010058	7020220	2	-1	-1	-1	0	-1	17	路障原始人20	3
4010058	7020520	3	-1	-1	-1	0	-1	16	木棍原始人20	3
4010058	7020620	4	-1	-1	-1	0	-1	21	弹弓原始人20	2
4010058	7020620	6	-1	-1	-1	0	-1	23	弹弓原始人20	2
4010059	7020620	1	-1	-1	-1	0	1	28	弹弓原始人20	2
4010059	9010006	3	-1	-1	-1	0	1	-1	20猛犸僵尸大格	6
										
4010061	7030201	1	-1	-1	-1	0	-1	15	长城旗帜1	1
4010061	7030301	2	-1	-1	-1	0	-1	16	长城路障1	3
4010061	7030101	3	-1	-1	-1	0	-1	17	长城普僵1	1
4010061	7030601	6	-1	-1	-1	0	-1	22	长城长矛1	2
4010062	8010025	2	-1	-1	-1	0	-1	22	1长城路障BOSS	5
4010062	7030501	3	-1	-1	-1	0	-1	15	长城大刀1	3
4010062	7030301	4	-1	-1	-1	0	-1	16	长城路障1	3
4010062	7030301	6	-1	-1	-1	0	-1	17	长城铁桶1	3
4010062	7030701	5	-1	-1	-1	0	-1	-1	长城投石车1	4
										
4010064	7030502	1	-1	-1	-1	0	-1	16	长城大刀2	3
4010064	7030202	2	-1	-1	-1	0	-1	15	长城旗帜2	1
4010064	7030102	3	-1	-1	-1	0	-1	17	长城普僵2	1
4010064	7030602	5	-1	-1	-1	0	-1	21	长城长矛2	2
4010064	7030602	5	-1	-1	-1	0	-1	23	长城长矛2	2
4010065	7030302	1	-1	-1	-1	0	-1	15	长城路障2	3
4010065	7030302	3	-1	-1	-1	0	-1	17	长城路障2	3
4010065	8010026	2	-1	-1	-1	0	-1	19	2长城大刀BOSS	5
4010065	7030602	4	-1	-1	-1	0	-1	21	长城长矛2	2
4010065	7030602	6	-1	-1	-1	0	-1	23	长城长矛2	2
4010065	7030702	5	-1	-1	-1	0	-1	-1	长城投石车2	4
										
4010067	7030303	1	-1	-1	-1	0	-1	15	长城铁桶3	3
4010067	7030103	2	-1	-1	-1	0	-1	17	长城普僵3	1
4010067	7030303	3	-1	-1	-1	0	-1	16	长城路障3	3
4010067	7030603	4	-1	-1	-1	0	-1	21	长城长矛3	2
4010067	7030603	5	-1	-1	-1	0	-1	23	长城长矛3	2
4010068	7030303	1	-1	-1	-1	0	-1	15	长城路障3	3
4010068	7030303	2	-1	-1	-1	0	-1	16	长城铁桶3	3
4010068	7030503	3	-1	-1	-1	0	-1	17	长城大刀3	3
4010068	7030703	4	-1	-1	-1	0	-1	22	长城投石车3	4
4010068	8010027	5	-1	-1	-1	0	-1	-1	3长城长矛BOSS	5
										
4010070	7030504	1	-1	-1	-1	0	-1	15	长城大刀4	3
4010070	7030304	2	-1	-1	-1	0	-1	16	长城路障4	3
4010070	7030504	3	-1	-1	-1	0	-1	17	长城大刀4	3
4010070	7030604	4	-1	-1	-1	0	-1	21	长城长矛4	2
4010070	7030604	5	-1	-1	-1	0	-1	23	长城长矛4	2
4010071	7030204	1	-1	-1	-1	0	-1	15	长城旗帜4	1
4010071	7030504	2	-1	-1	-1	0	-1	16	长城大刀4	3
4010071	7030504	3	-1	-1	-1	0	-1	17	长城铁桶4	3
4010071	7030604	4	-1	-1	-1	0	-1	21	长城长矛4	2
4010071	8010028	5	-1	-1	-1	0	-1	-1	4长城投石车BOSS	5
4010071	7030704	6	-1	-1	-1	0	-1	23	长城投石车4	4
										
4010073	7030305	1	-1	-1	-1	0	-1	15	长城路障5	3
4010073	7030505	2	-1	-1	-1	0	-1	16	长城大刀5	3
4010073	7030505	3	-1	-1	-1	0	-1	17	长城铁桶5	3
4010073	7030605	4	-1	-1	-1	0	-1	21	长城长矛5	2
4010073	7030605	5	-1	-1	-1	0	-1	23	长城长矛5	2
4010074	9010007	3	-1	-1	-1	0	1	-1	5长城大刀大格	6
4010074	7030705	5	-1	-1	-1	0	1	24	长城投石车5	4
4010074	7030705	6	-1	-1	-1	0	1	26	长城投石车5	4
										
4010076	7030206	1	-1	-1	-1	0	-1	15	长城旗帜6	1
4010076	7030206	2	-1	-1	-1	0	-1	17	长城旗帜6	1
4010076	7030506	4	-1	-1	-1	0	-1	19	长城大刀6	3
4010076	7030606	5	-1	-1	-1	0	-1	21	长城长矛6	2
4010076	7030606	6	-1	-1	-1	0	-1	23	长城长矛6	2
4010077	8010029	2	-1	-1	-1	0	-1	19	6灵符僵尸boss	5
4010077	7030306	7	-1	-1	-1	0	-1	15	长城路障6	3
4010077	7030506	3	-1	-1	-1	0	-1	17	长城大刀6	3
4010077	7030706	5	-1	-1	-1	0	-1	-1	长城投石车6	4
4010077	7030606	7	-1	-1	-1	0	-1	21	长城长矛6	2
4010077	7030606	6	-1	-1	-1	0	-1	23	长城长矛6	2
										
4010079	7030307	2	-1	-1	-1	0	-1	17	长城路障7	3
4010079	7030507	3	-1	-1	-1	0	-1	16	长城大刀7	3
4010079	7030507	4	-1	-1	-1	0	-1	15	长城大刀7	3
4010079	7030607	5	-1	-1	-1	0	-1	21	长城长矛7	2
4010079	7030607	5	-1	-1	-1	0	-1	22	长城长矛7	2
4010079	7030607	5	-1	-1	-1	0	-1	23	长城长矛7	2
4010080	8010030	2	-1	-1	-1	0	-1	22	7长城路障BOSS	5
4010080	7030507	3	-1	-1	-1	0	-1	15	长城大刀7	3
4010080	7030307	4	-1	-1	-1	0	-1	16	长城路障7	3
4010080	7030307	6	-1	-1	-1	0	-1	17	长城路障7	3
4010080	7030707	5	-1	-1	-1	0	-1	-1	长城投石车7	4
4010080	7030607	7	-1	-1	-1	0	-1	21	长城长矛7	2
4010080	7030607	8	-1	-1	-1	0	-1	23	长城长矛7	2
										
4010082	7030108	1	-1	-1	-1	0	-1	15	长城普僵8	1
4010082	7030508	2	-1	-1	-1	0	-1	16	长城大刀8	3
4010082	7030208	3	-1	-1	-1	0	-1	17	长城旗帜8	1
4010082	7030708	4	-1	-1	-1	0	-1	22	长城投石车8	4
4010082	7030608	5	-1	-1	-1	0	-1	21	长城长矛8	2
4010082	7030608	6	-1	-1	-1	0	-1	23	长城长矛8	2
4010083	7030308	1	-1	-1	-1	0	-1	15	长城路障8	3
4010083	8010031	2	-1	-1	-1	0	-1	22	8长城大刀BOSS	5
4010083	7030508	3	-1	-1	-1	0	-1	16	长城大刀8	3
4010083	7030508	3	-1	-1	-1	0	-1	17	长城大刀8	3
4010083	7030608	4	-1	-1	-1	0	-1	21	长城长矛8	2
4010083	7030608	6	-1	-1	-1	0	-1	23	长城长矛8	2
4010083	7030708	5	-1	-1	-1	0	-1	-1	长城投石车8	4
										
4010085	7030309	1	-1	-1	-1	0	-1	15	长城路障9	3
4010085	7030509	2	-1	-1	-1	0	-1	13	长城大刀9	3
4010085	7030609	5	-1	-1	-1	0	-1	21	长城长矛9	2
4010085	7030509	6	-1	-1	-1	0	-1	19	长城大刀9	3
4010085	7030509	6	-1	-1	-1	0	-1	17	长城大刀9	3
4010085	7030609	6	-1	-1	-1	0	-1	23	长城长矛9	2
4010086	7030309	1	-1	-1	-1	0	-1	13	长城路障9	3
4010086	7030409	8	-1	-1	-1	0	-1	15	长城铁桶9	3
4010086	7030509	3	-1	-1	-1	0	-1	17	长城大刀9	3
4010086	7030709	4	-1	-1	-1	0	-1	19	长城投石车9	4
4010086	7030609	5	-1	-1	-1	0	-1	21	长城长矛9	2
4010086	7030609	6	-1	-1	-1	0	-1	23	长城长矛9	2
4010086	8010032	2	-1	-1	-1	0	-1	-1	9长城长矛BOSS	5
										
4010088	7030210	1	-1	-1	-1	0	-1	13	长城旗帜10	1
4010088	7030510	2	-1	-1	-1	0	-1	15	长城大刀10	3
4010088	7030310	3	-1	-1	-1	0	-1	17	长城路障10	3
4010088	7030710	4	-1	-1	-1	0	-1	19	长城投石车10	4
4010088	7030610	5	-1	-1	-1	0	-1	21	长城长矛10	2
4010088	7030610	6	-1	-1	-1	0	-1	23	长城长矛10	2
4010089	9010008	3	-1	-1	-1	0	1	-1	10长城投石车大格	6
4010089	7030610	5	-1	-1	-1	0	1	25	长城长矛10	2
4010089	7030610	6	-1	-1	-1	0	1	28	长城长矛10	2
										
4010091	7030311	1	-1	-1	-1	0	-1	13	长城路障11	3
4010091	7030311	3	-1	-1	-1	0	-1	15	长城路障11	3
4010091	7030611	4	-1	-1	-1	0	-1	19	长城长矛11	2
4010091	7030411	5	-1	-1	-1	0	-1	17	长城铁桶11	3
4010091	7030611	6	-1	-1	-1	0	-1	21	长城长矛11	2
4010091	7030611	7	-1	-1	-1	0	-1	23	长城长矛11	2
4010092	7030211	1	-1	-1	-1	0	-1	13	长城旗帜11	1
4010092	7030411	2	-1	-1	-1	0	-1	15	长城铁桶11	3
4010092	7030511	3	-1	-1	-1	0	-1	17	长城大刀11	3
4010092	7030611	4	-1	-1	-1	0	-1	21	长城长矛11	2
4010092	8010033	5	-1	-1	-1	0	-1	-1	11长城投石车BOSS	5
4010092	7030711	6	-1	-1	-1	0	-1	19	长城投石车11	4
4010092	7030611	4	-1	-1	-1	0	-1	23	长城长矛11	2
										
4010094	7030512	1	-1	-1	-1	0	-1	13	长城大刀12	3
4010094	7030612	2	-1	-1	-1	0	-1	19	长城长矛12	2
4010094	7030512	3	-1	-1	-1	0	-1	15	长城大刀12	3
4010094	7030512	5	-1	-1	-1	0	-1	17	长城大刀12	3
4010094	7030612	8	-1	-1	-1	0	-1	21	长城长矛12	2
4010094	7030612	8	-1	-1	-1	0	-1	23	长城长矛12	2
4010095	8010034	2	-1	-1	-1	0	-1	19	12灵符僵尸boss	5
4010095	7030312	7	-1	-1	-1	0	-1	13	长城路障12	3
4010095	7030412	3	-1	-1	-1	0	-1	15	长城铁桶12	3
4010095	7030512	8	-1	-1	-1	0	-1	17	长城大刀12	3
4010095	7030712	5	-1	-1	-1	0	-1	-1	长城投石车12	4
4010095	7030612	4	-1	-1	-1	0	-1	21	长城长矛12	2
4010095	7030612	6	-1	-1	-1	0	-1	23	长城长矛12	2
										
4010097	7030313	1	-1	-1	-1	0	-1	13	长城路障13	3
4010097	7030613	4	-1	-1	-1	0	-1	19	长城长矛13	2
4010097	7030513	5	-1	-1	-1	0	-1	17	长城大刀13	3
4010097	7030413	6	-1	-1	-1	0	-1	15	长城铁桶13	3
4010097	7030613	9	-1	-1	-1	0	-1	21	长城长矛13	2
4010097	7030613	2	-1	-1	-1	0	-1	23	长城长矛13	2
4010098	8010035	2	-1	-1	-1	0	-1	19	13长城路障BOSS	5
4010098	7030513	7	-1	-1	-1	0	-1	13	长城大刀13	3
4010098	7030313	3	-1	-1	-1	0	-1	15	长城路障13	3
4010098	7030413	8	-1	-1	-1	0	-1	17	长城铁桶13	
4010098	7030613	6	-1	-1	-1	0	-1	21	长城长矛13	
4010098	7030713	5	-1	-1	-1	0	-1	-1	长城投石车13	4
4010098	7030613	4	-1	-1	-1	0	-1	23	长城长矛13	2
										
4010100	7030514	2	-1	-1	-1	0	-1	13	长城大刀14	3
4010100	7030514	4	-1	-1	-1	0	-1	15	长城大刀14	3
4010100	7030514	6	-1	-1	-1	0	-1	17	长城大刀14	3
4010100	7030614	2	-1	-1	-1	0	-1	19	长城长矛14	
4010100	7030614	4	-1	-1	-1	0	-1	21	长城长矛14	
4010100	7030614	6	-1	-1	-1	0	-1	23	长城长矛14	
4010101	7030314	1	-1	-1	-1	0	-1	13	长城路障14	3
4010101	7030314	7	-1	-1	-1	0	-1	15	长城路障14	3
4010101	7030514	3	-1	-1	-1	0	-1	17	长城大刀14	3
4010101	7030614	4	-1	-1	-1	0	-1	21	长城长矛14	2
4010101	7030614	6	-1	-1	-1	0	-1	23	长城长矛14	2
4010101	7030714	5	-1	-1	-1	0	-1	-1	长城投石车14	4
4010098	8010036	2	-1	-1	-1	0	-1	19	14长城大刀BOSS	5
										
4010103	7030315	1	-1	-1	-1	0	-1	13	长城路障15	3
4010103	7030515	2	-1	-1	-1	0	-1	15	长城大刀15	3
4010103	7030415	3	-1	-1	-1	0	-1	17	长城铁桶15	3
4010103	7030615	5	-1	-1	-1	0	-1	19	长城长矛15	2
4010103	7030615	6	-1	-1	-1	0	-1	21	长城长矛15	2
4010103	7030615	7	-1	-1	-1	0	-1	23	长城长矛15	2
4010104	9010009	3	-1	-1	-1	0	1	-1	15长城圆锤大格	6
4010104	7030715	4	-1	-1	-1	0	1	25	长城投石车15	4
4010104	7030615	5	-1	-1	-1	0	1	28	长城长矛15	2
										
4010106	7030516	2	-1	-1	-1	0	-1	15	长城大刀16	3
4010106	7030316	3	-1	-1	-1	0	-1	16	长城路障16	3
4010106	7030516	4	-1	-1	-1	0	-1	17	长城大刀16	3
4010106	7030616	5	-1	-1	-1	0	-1	21	长城长矛16	2
4010106	7030616	5	-1	-1	-1	0	-1	22	长城长矛16	2
4010106	7030616	5	-1	-1	-1	0	-1	23	长城长矛16	2
4010107	7030216	1	-1	-1	-1	0	-1	15	长城旗帜16	1
4010107	7030516	2	-1	-1	-1	0	-1	16	长城大刀16	3
4010107	7030416	3	-1	-1	-1	0	-1	17	长城铁桶16	3
4010107	7030716	4	-1	-1	-1	0	-1	22	长城投石车16	4
4010107	7030616	9	-1	-1	-1	0	-1	21	长城长矛16	2
4010107	7030616	6	-1	-1	-1	0	-1	23	长城长矛16	2
4010107	8010037	5	-1	-1	-1	0	-1	-1	16长城长矛BOSS	5
										
4010109	7030317	1	-1	-1	-1	0	-1	15	长城路障17	3
4010109	7030517	2	-1	-1	-1	0	-1	16	长城大刀17	3
4010109	7030417	3	-1	-1	-1	0	-1	17	长城铁桶17	3
4010109	7030617	5	-1	-1	-1	0	-1	21	长城长矛17	2
4010109	7030617	6	-1	-1	-1	0	-1	22	长城长矛17	2
4010109	7030617	7	-1	-1	-1	0	-1	23	长城长矛17	2
4010110	7030317	1	-1	-1	-1	0	-1	15	长城路障17	3
4010110	7030417	2	-1	-1	-1	0	-1	16	长城铁桶17	3
4010110	7030517	3	-1	-1	-1	0	-1	17	长城大刀17	3
4010110	7030617	4	-1	-1	-1	0	-1	21	长城长矛17	2
4010110	8010038	5	-1	-1	-1	0	-1	22	17长城投石车BOSS	5
4010110	7030717	6	-1	-1	-1	0	-1	23	长城投石车17	4
										
4010112	7030518	1	-1	-1	-1	0	-1	17	长城大刀18	3
4010112	7030117	2	-1	-1	-1	0	-1	16	长城普僵17	1
4010112	7030318	3	-1	-1	-1	0	-1	15	长城路障18	3
4010112	7030618	5	-1	-1	-1	0	-1	21	长城长矛18	2
4010112	7030618	6	-1	-1	-1	0	-1	22	长城长矛18	2
4010112	7030618	6	-1	-1	-1	0	-1	23	长城长矛18	2
4010113	8010039	2	-1	-1	-1	0	-1	22	18灵符僵尸boss	5
4010113	7030418	1	-1	-1	-1	0	-1	15	长城铁桶18	3
4010113	7030418	7	-1	-1	-1	0	-1	16	长城铁桶18	3
4010113	7030518	3	-1	-1	-1	0	-1	17	长城大刀18	3
4010113	7030718	5	-1	-1	-1	0	-1	-1	长城投石车18	4
4010113	7030618	4	-1	-1	-1	0	-1	21	长城长矛18	2
4010113	7030618	6	-1	-1	-1	0	-1	23	长城长矛18	2
										
4010115	7030319	1	-1	-1	-1	0	-1	15	长城路障19	3
4010115	7030519	2	-1	-1	-1	0	-1	17	长城大刀19	3
4010115	7030419	3	-1	-1	-1	0	-1	16	长城铁桶19	3
4010115	7030619	5	-1	-1	-1	0	-1	21	长城长矛19	2
4010115	7030619	5	-1	-1	-1	0	-1	22	长城长矛19	2
4010115	7030619	5	-1	-1	-1	0	-1	23	长城长矛19	2
4010116	8010040	2	-1	-1	-1	0	-1	22	19长城路障BOSS	5
4010116	7030519	1	-1	-1	-1	0	-1	15	长城大刀19	3
4010116	7030319	3	-1	-1	-1	0	-1	16	长城路障19	3
4010116	7030719	5	-1	-1	-1	0	-1	-1	长城投石车19	4
4010116	7030619	4	-1	-1	-1	0	-1	21	长城长矛19	2
4010116	7030619	6	-1	-1	-1	0	-1	23	长城长矛19	2
4010116	7030519	8	-1	-1	-1	0	-1	17	长城大刀19	3
										
4010118	7030520	2	-1	-1	-1	0	-1	15	长城大刀20	3
4010118	7030320	3	-1	-1	-1	0	-1	16	长城路障20	3
4010118	7030520	4	-1	-1	-1	0	-1	17	长城大刀20	3
4010118	7030620	5	-1	-1	-1	0	-1	21	长城长矛20	2
4010118	7030620	7	-1	-1	-1	0	-1	22	长城长矛20	2
4010118	7030620	7	-1	-1	-1	0	-1	23	长城长矛20	2
4010119	9010010	3	-1	-1	-1	0	1	-1	20长城战车大格	6
4010119	7030620	4	-1	-1	-1	0	1	24	长城长矛20	2
4010119	7030620	5	-1	-1	-1	0	1	26	长城长矛20	2
4010119	7030720	6	-1	-1	-1	0	1	28	长城投石车20	4
										
4010121	7030321	1	-1	-1	-1	0	-1	13	长城路障21	3
4010121	7030421	2	-1	-1	-1	0	-1	15	长城铁桶21	3
4010121	7030321	3	-1	-1	-1	0	-1	17	长城路障21	3
4010121	7030621	5	-1	-1	-1	0	-1	19	长城长矛21	2
4010121	7030621	6	-1	-1	-1	0	-1	21	长城长矛21	2
4010121	7030621	7	-1	-1	-1	0	-1	23	长城长矛21	2
4010122	8010041	2	-1	-1	-1	0	-1	19	21长城大刀BOSS	5
4010122	7030421	1	-1	-1	-1	0	-1	13	长城铁桶21	3
4010122	7030521	3	-1	-1	-1	0	-1	15	长城大刀21	3
4010122	7030321	3	-1	-1	-1	0	-1	17	长城路障21	3
4010122	7030721	5	-1	-1	-1	0	-1	-1	长城投石车21	4
4010122	7030621	4	-1	-1	-1	0	-1	21	长城长矛21	2
4010122	7030621	6	-1	-1	-1	0	-1	23	长城长矛21	2
										
4010124	7030522	1	-1	-1	-1	0	-1	19	长城大刀22	3
4010124	7030222	2	-1	-1	-1	0	-1	17	长城旗帜22	1
4010124	7030522	3	-1	-1	-1	0	-1	16	长城大刀22	3
4010124	7030522	5	-1	-1	-1	0	-1	18	长城大刀22	3
4010124	7030622	8	-1	-1	-1	0	-1	-1	长城长矛22	2
4010125	7030422	1	-1	-1	-1	0	-1	15	长城铁桶22	3
4010125	7030522	2	-1	-1	-1	0	-1	19	长城大刀22	3
4010125	7030322	3	-1	-1	-1	0	-1	17	长城路障22	3
4010125	7030722	4	-1	-1	-1	0	-1	-1	长城投石车22	4
4010125	7030622	7	-1	-1	-1	0	-1	-1	长城长矛22	2
4010125	7030622	6	-1	-1	-1	0	-1	-1	长城长矛22	2
4010125	8010042	5	-1	-1	-1	0	-1	-1	22长城长矛BOSS	5
										
4010127	7030323	1	-1	-1	-1	0	-1	15	长城路障23	3
4010127	7030523	2	-1	-1	-1	0	-1	17	长城大刀23	3
4010127	7030523	3	-1	-1	-1	0	-1	16	长城大刀23	3
4010127	7030623	5	-1	-1	-1	0	-1	21	长城长矛23	2
4010127	7030623	6	-1	-1	-1	0	-1	22	长城长矛23	2
4010127	7030623	6	-1	-1	-1	0	-1	23	长城长矛23	2
4010128	7030323	1	-1	-1	-1	0	-1	15	长城路障23	3
4010128	7030423	9	-1	-1	-1	0	-1	16	长城铁桶23	3
4010128	7030523	3	-1	-1	-1	0	-1	17	长城大刀23	3
4010128	7030623	4	-1	-1	-1	0	-1	21	长城长矛23	2
4010128	7030623	2	-1	-1	-1	0	-1	23	长城长矛23	2
4010128	7030723	6	-1	-1	-1	0	-1	22	长城投石车23	4
4010128	8010043	5	-1	-1	-1	0	-1	-1	23长城投石车BOSS	5
										
4010130	7030524	1	-1	-1	-1	0	-1	15	长城大刀24	3
4010130	7030424	2	-1	-1	-1	0	-1	16	长城铁桶24	3
4010130	7030524	3	-1	-1	-1	0	-1	17	长城大刀24	3
4010130	7030624	5	-1	-1	-1	0	-1	21	长城长矛24	2
4010130	7030624	8	-1	-1	-1	0	-1	22	长城长矛24	2
4010130	7030624	2	-1	-1	-1	0	-1	23	长城长矛24	2
4010131	8010044	2	-1	-1	-1	0	-1	22	24灵符僵尸boss	5
4010131	7030524	1	-1	-1	-1	0	-1	15	长城大刀24	3
4010131	7030524	3	-1	-1	-1	0	-1	17	长城大刀24	3
4010131	7030724	5	-1	-1	-1	0	-1	-1	长城投石车24	4
4010131	7030624	4	-1	-1	-1	0	-1	21	长城长矛24	2
4010131	7030624	6	-1	-1	-1	0	-1	23	长城长矛24	2
4010131	7030424	7	-1	-1	-1	0	-1	16	长城铁桶24	3
										
4010133	7030325	1	-1	-1	-1	0	-1	15	长城路障25	3
4010133	7030425	2	-1	-1	-1	0	-1	17	长城铁桶25	3
4010133	7030525	3	-1	-1	-1	0	-1	16	长城大刀25	3
4010133	7030625	4	-1	-1	-1	0	-1	21	长城长矛25	2
4010133	7030625	5	-1	-1	-1	0	-1	22	长城长矛25	2
4010133	7030625	8	-1	-1	-1	0	-1	23	长城长矛25	2
4010134	9010011	3	-1	-1	-1	0	1	-1	25皇帝僵尸大格	6
4010134	7030725	4	-1	-1	-1	0	1	24	长城投石车25	4
4010134	7030725	5	-1	-1	-1	0	1	28	长城投石车25	4
4010134	7030725	6	-1	-1	-1	0	1	26	长城投石车25	4
										
										
										
4020001	7040201	1	-1	-1	-1	0	-1	15	旗帜木乃伊1	1
4020001	7040301	2	-1	-1	-1	0	-1	16	路障木乃伊1	3
4020001	7040101	3	-1	-1	-1	0	-1	17	木乃伊僵尸1	1
4020001	7040701	4	-1	-1	-1	0	-1	21	探险家僵尸1	2
4020001	7040701	5	-1	-1	-1	0	-1	22	探险家僵尸1	2
4020001	7040701	6	-1	-1	-1	0	-1	23	探险家僵尸1	2
4020002	7040301	1	-1	-1	-1	0	-1	15	路障木乃伊1	3
4020002	7040301	2	-1	-1	-1	0	-1	16	路障木乃伊1	3
4020002	7040101	6	-1	-1	-1	0	-1	17	木乃伊僵尸1	1
4020002	7040701	5	-1	-1	-1	0	-1	21	探险家僵尸1	2
4020002	7040701	5	-1	-1	-1	0	-1	23	探险家僵尸1	2
4020002	7040601	5	-1	-1	-1	0	-1	-1	太阳神僵尸1	4
4020002	8010045	3	-1	-1	-1	0	-1	22	1路障木乃伊BOSS	5
										
4020004	7040502	1	-1	-1	-1	0	-1	15	死神僵尸2	3
4020004	7040202	2	-1	-1	-1	0	-1	17	旗帜木乃伊2	1
4020004	7040302	3	-1	-1	-1	0	-1	19	路障木乃伊2	3
4020004	7040702	5	-1	-1	-1	0	-1	21	探险家僵尸2	2
4020004	7040702	5	-1	-1	-1	0	-1	23	探险家僵尸2	2
4020004	7040702	5	-1	-1	-1	0	-1	25	探险家僵尸2	2
4020005	7040402	2	-1	-1	-1	0	-1	15	铁桶木乃伊2	3
4020005	7040302	3	-1	-1	-1	0	-1	17	路障木乃伊2	3
4020005	7040302	3	-1	-1	-1	0	-1	19	路障木乃伊2	3
4020005	7040702	4	-1	-1	-1	0	-1	21	探险家僵尸2	2
4020005	7040702	6	-1	-1	-1	0	-1	23	探险家僵尸2	2
4020005	7040702	5	-1	-1	-1	0	-1	-1	探险家僵尸2	2
4020005	8010046	1	-1	-1	-1	0	-1	25	2旗帜木乃伊BOSS	5
										
4020007	7040303	2	-1	-1	-1	0	-1	15	铁桶木乃伊1	3
4020007	7040303	3	-1	-1	-1	0	-1	17	路障木乃伊3	3
4020007	7040503	4	-1	-1	-1	0	-1	19	死神僵尸3	3
4020007	7040703	5	-1	-1	-1	0	-1	21	探险家僵尸3	2
4020007	7040703	5	-1	-1	-1	0	-1	23	探险家僵尸3	2
4020007	7040703	5	-1	-1	-1	0	-1	25	探险家僵尸3	2
4020008	7040303	1	-1	-1	-1	0	-1	17	路障木乃伊3	3
4020008	7040303	2	-1	-1	-1	0	-1	15	路障木乃伊3	3
4020008	7040503	3	-1	-1	-1	0	-1	19	死神僵尸3	3
4020008	7040703	4	-1	-1	-1	0	-1	21	探险家僵尸3	2
4020008	7040703	5	-1	-1	-1	0	-1	23	探险家僵尸3	2
4020008	7040703	5	-1	-1	-1	0	-1	25	探险家僵尸3	2
4020008	8010047	5	-1	-1	-1	0	-1	-1	3太阳神BOSS	5
										
4020010	7040504	1	-1	-1	-1	0	-1	17	死神僵尸4	3
4020010	7040204	2	-1	-1	-1	0	-1	15	旗帜木乃伊4	1
4020010	7040504	3	-1	-1	-1	0	-1	19	死神僵尸4	3
4020010	7040704	5	-1	-1	-1	0	-1	21	探险家僵尸4	2
4020010	7040704	3	-1	-1	-1	0	-1	23	探险家僵尸4	2
4020010	7040704	5	-1	-1	-1	0	-1	25	探险家僵尸4	2
4020011	8010048	1	-1	-1	-1	0	-1	25	4死神BOSS	5
4020011	7040304	2	-1	-1	-1	0	-1	17	铁桶木乃伊4	3
4020011	7040304	3	-1	-1	-1	0	-1	19	路障木乃伊4	3
4020011	7040704	4	-1	-1	-1	0	-1	21	探险家僵尸4	2
4020011	7040704	5	-1	-1	-1	0	-1	23	探险家僵尸4	2
4020011	7040604	5	-1	-1	-1	0	-1	-1	太阳神僵尸4	4
4020011	7040304	7	-1	-1	-1	0	-1	15	路障木乃伊4	3
										
4020013	7040305	1	-1	-1	-1	0	-1	17	路障木乃伊5	3
4020013	7040205	2	-1	-1	-1	0	-1	19	旗帜木乃伊5	1
4020013	7040505	3	-1	-1	-1	0	-1	15	死神僵尸5	3
4020013	7040705	5	-1	-1	-1	0	-1	21	探险家僵尸5	2
4020013	7040705	8	-1	-1	-1	0	-1	23	探险家僵尸5	2
4020013	7040705	8	-1	-1	-1	0	-1	25	探险家僵尸5	2
4020014	9010012	3	-1	-1	-1	0	1	-1	5死神大格	6
4020014	7040705	4	-1	-1	-1	0	1	26	探险家僵尸5	2
4020014	7040605	5	-1	-1	-1	0	1	28	太阳神僵尸5	4
4020014	7040705	6	-1	-1	-1	0	1	24	探险家僵尸5	2
										
4020016	7040706	2	-1	-1	-1	0	-1	21	探险家僵尸6	2
4020016	7040506	4	-1	-1	-1	0	-1	15	死神僵尸6	3
4020016	7040706	5	-1	-1	-1	0	-1	22	探险家僵尸6	2
4020016	7040506	6	-1	-1	-1	0	-1	16	死神僵尸6	3
4020016	7040706	5	-1	-1	-1	0	-1	23	探险家僵尸6	2
4020016	7040506	6	-1	-1	-1	0	-1	17	死神僵尸6	3
4020017	7040306	1	-1	-1	-1	0	-1	15	路障木乃伊6	3
4020017	8010049	2	-1	-1	-1	0	-1	22	6路障木乃伊BOSS	5
4020017	7040506	3	-1	-1	-1	0	-1	16	死神僵尸6	3
4020017	7040506	3	-1	-1	-1	0	-1	17	死神僵尸6	3
4020017	7040706	5	-1	-1	-1	0	-1	21	探险家僵尸6	2
4020017	7040606	5	-1	-1	-1	0	-1	-1	太阳神僵尸6	4
4020017	7040706	5	-1	-1	-1	0	-1	23	探险家僵尸6	2
										
4020019	7040307	2	-1	-1	-1	0	-1	16	路障木乃伊7	3
4020019	7040507	3	-1	-1	-1	0	-1	17	死神僵尸7	3
4020019	7040507	4	-1	-1	-1	0	-1	15	死神僵尸7	3
4020019	7040707	5	-1	-1	-1	0	-1	21	探险家僵尸7	2
4020019	7040707	5	-1	-1	-1	0	-1	22	探险家僵尸7	2
4020019	7040707	5	-1	-1	-1	0	-1	23	探险家僵尸7	2
4020020	7040307	1	-1	-1	-1	0	-1	15	路障木乃伊7	3
4020020	7040307	1	-1	-1	-1	0	-1	17	路障木乃伊7	3
4020020	8010050	2	-1	-1	-1	0	-1	22	7旗帜木乃伊BOSS	5
4020020	7040507	3	-1	-1	-1	0	-1	16	死神僵尸7	3
4020020	7040707	4	-1	-1	-1	0	-1	21	探险家僵尸7	2
4020020	7040707	6	-1	-1	-1	0	-1	23	探险家僵尸7	2
4020020	7040607	5	-1	-1	-1	0	-1	-1	太阳神僵尸7	4
										
4020022	7040208	1	-1	-1	-1	0	-1	17	旗帜木乃伊8	1
4020022	7040508	2	-1	-1	-1	0	-1	16	死神僵尸8	3
4020022	7040208	3	-1	-1	-1	0	-1	15	旗帜木乃伊8	1
4020022	7040608	4	-1	-1	-1	0	-1	22	太阳神僵尸8	4
4020022	7040708	5	-1	-1	-1	0	-1	21	探险家僵尸8	2
4020022	7040708	6	-1	-1	-1	0	-1	23	探险家僵尸8	2
4020023	7040208	1	-1	-1	-1	0	-1	17	旗帜木乃伊8	1
4020023	7040208	2	-1	-1	-1	0	-1	16	铁桶木乃伊8	3
4020023	7040508	3	-1	-1	-1	0	-1	15	死神僵尸8	3
4020023	8010051	5	-1	-1	-1	0	-1	-1	8太阳神BOSS	5
4020023	7040708	5	-1	-1	-1	0	-1	21	探险家僵尸8	2
4020023	7040708	5	-1	-1	-1	0	-1	23	探险家僵尸8	2
4020023	7040608	6	-1	-1	-1	0	-1	22	太阳神僵尸8	4
										
4020025	7040309	1	-1	-1	-1	0	-1	17	路障木乃伊9	3
4020025	7040309	2	-1	-1	-1	0	-1	16	铁桶木乃伊9	3
4020025	7040709	5	-1	-1	-1	0	-1	21	探险家僵尸9	2
4020025	7040509	6	-1	-1	-1	0	-1	15	死神僵尸9	3
4020025	7040609	5	-1	-1	-1	0	-1	22	太阳神僵尸9	4
4020025	7040709	5	-1	-1	-1	0	-1	23	探险家僵尸9	2
4020026	7040709	1	-1	-1	-1	0	-1	15	铁桶木乃伊9	3
4020026	7040509	2	-1	-1	-1	0	-1	16	死神僵尸9	3
4020026	7040309	1	-1	-1	-1	0	-1	17	路障木乃伊9	3
4020026	8010052	3	-1	-1	-1	0	-1	22	9死神BOSS	5
4020026	7040709	4	-1	-1	-1	0	-1	21	探险家僵尸9	2
4020026	7040709	5	-1	-1	-1	0	-1	23	探险家僵尸9	2
4020026	7040609	5	-1	-1	-1	0	-1	-1	太阳神僵尸9	4
										
4020028	7040510	2	-1	-1	-1	0	-1	15	死神僵尸10	3
4020028	7040310	3	-1	-1	-1	0	-1	19	路障木乃伊10	3
4020028	7040510	4	-1	-1	-1	0	-1	17	死神僵尸10	3
4020028	7040710	5	-1	-1	-1	0	-1	21	探险家僵尸10	2
4020028	7040710	7	-1	-1	-1	0	-1	23	探险家僵尸10	2
4020028	7040610	7	-1	-1	-1	0	-1	25	太阳神僵尸10	4
4020029	9010013	3	-1	-1	-1	0	1	-1	10太阳神大格	6
4020029	7040710	4	-1	-1	-1	0	1	24	探险家僵尸10	2
4020029	7040710	5	-1	-1	-1	0	1	26	探险家僵尸10	2
4020029	7040610	6	-1	-1	-1	0	1	28	太阳神僵尸10	4
										
4020031	7040311	1	-1	-1	-1	0	-1	16	路障木乃伊11	3
4020031	7040311	3	-1	-1	-1	0	-1	17	路障木乃伊11	3
4020031	7040711	4	-1	-1	-1	0	-1	21	探险家僵尸11	2
4020031	7040711	5	-1	-1	-1	0	-1	15	铁桶木乃伊11	3
4020031	7040611	6	-1	-1	-1	0	-1	22	太阳神僵尸11	4
4020031	7040711	6	-1	-1	-1	0	-1	23	探险家僵尸11	2
4020032	7040511	1	-1	-1	-1	0	-1	15	死神僵尸11	3
4020032	7040511	1	-1	-1	-1	0	-1	16	死神僵尸11	3
4020032	8010053	2	-1	-1	-1	0	-1	22	11路障木乃伊BOSS	5
4020032	7040511	3	-1	-1	-1	0	-1	17	死神僵尸11	3
4020032	7040611	5	-1	-1	-1	0	-1	-1	太阳神僵尸11	4
4020032	7040711	5	-1	-1	-1	0	-1	21	探险家僵尸11	2
4020032	7040711	6	-1	-1	-1	0	-1	23	探险家僵尸11	2
										
4020034	7040312	1	-1	-1	-1	0	-1	17	路障木乃伊12	3
4020034	7040312	2	-1	-1	-1	0	-1	16	铁桶木乃伊12	3
4020034	7040512	3	-1	-1	-1	0	-1	15	死神僵尸12	3
4020034	7040712	5	-1	-1	-1	0	-1	21	探险家僵尸12	2
4020034	7040612	5	-1	-1	-1	0	-1	22	太阳神僵尸12	4
4020034	7040712	5	-1	-1	-1	0	-1	23	探险家僵尸12	2
4020035	7040512	1	-1	-1	-1	0	-1	15	死神僵尸12	3
4020035	7040512	2	-1	-1	-1	0	-1	16	死神僵尸12	3
4020035	7040512	2	-1	-1	-1	0	-1	17	死神僵尸12	3
4020035	8010054	3	-1	-1	-1	0	-1	22	12旗帜木乃伊BOSS	5
4020035	7040612	5	-1	-1	-1	0	-1	-1	太阳神僵尸12	4
4020035	7040712	5	-1	-1	-1	0	-1	21	探险家僵尸12	2
4020035	7040712	6	-1	-1	-1	0	-1	23	探险家僵尸12	2
										
4020037	7040313	1	-1	-1	-1	0	-1	15	路障木乃伊13	3
4020037	7040513	2	-1	-1	-1	0	-1	17	死神僵尸13	3
4020037	7040713	5	-1	-1	-1	0	-1	21	探险家僵尸13	2
4020037	7040513	6	-1	-1	-1	0	-1	16	死神僵尸13	3
4020037	7040613	5	-1	-1	-1	0	-1	22	太阳神僵尸13	4
4020037	7040713	5	-1	-1	-1	0	-1	23	探险家僵尸13	2
4020038	7040313	1	-1	-1	-1	0	-1	15	路障木乃伊13	3
4020038	7040313	2	-1	-1	-1	0	-1	16	路障木乃伊13	3
4020038	7040313	2	-1	-1	-1	0	-1	17	路障木乃伊13	3
4020038	7040513	3	-1	-1	-1	0	-1	22	死神僵尸13	3
4020038	7040713	4	-1	-1	-1	0	-1	21	探险家僵尸13	2
4020038	7040713	5	-1	-1	-1	0	-1	23	探险家僵尸13	2
4020038	8010055	5	-1	-1	-1	0	-1	-1	13太阳神BOSS	5
										
4020040	7040514	1	-1	-1	-1	0	-1	13	死神僵尸14	3
4020040	7040314	2	-1	-1	-1	0	-1	15	路障木乃伊14	3
4020040	7040514	3	-1	-1	-1	0	-1	17	死神僵尸14	3
4020040	7040614	5	-1	-1	-1	0	-1	19	太阳神僵尸14	4
4020040	7040714	5	-1	-1	-1	0	-1	21	探险家僵尸14	2
4020040	7040714	5	-1	-1	-1	0	-1	23	探险家僵尸14	2
4020041	7040314	1	-1	-1	-1	0	-1	17	路障木乃伊14	3
4020041	7040314	2	-1	-1	-1	0	-1	16	铁桶木乃伊14	3
4020041	7040314	2	-1	-1	-1	0	-1	15	铁桶木乃伊14	3
4020041	8010056	3	-1	-1	-1	0	-1	22	14死神BOSS	5
4020041	7040714	4	-1	-1	-1	0	-1	21	探险家僵尸14	2
4020041	7040714	5	-1	-1	-1	0	-1	23	探险家僵尸14	2
4020041	7040614	5	-1	-1	-1	0	-1	-1	太阳神僵尸14	4
										
4020043	7040315	3	-1	-1	-1	0	-1	17	铁桶木乃伊15	3
4020043	7040315	4	-1	-1	-1	0	-1	16	路障木乃伊15	3
4020043	7040515	5	-1	-1	-1	0	-1	15	死神僵尸15	3
4020043	7040715	6	-1	-1	-1	0	-1	21	探险家僵尸15	2
4020043	7040615	6	-1	-1	-1	0	-1	22	太阳神僵尸15	4
4020043	7040715	6	-1	-1	-1	0	-1	23	探险家僵尸15	2
4020044	9010014	3	-1	-1	-1	0	1	-1	15埃及艳后大格	6
4020044	7040615	4	-1	-1	-1	0	1	28	太阳神僵尸15	4
4020044	7040715	5	-1	-1	-1	0	1	26	探险家僵尸15	2
4020044	7040715	6	-1	-1	-1	0	1	24	探险家僵尸15	2
										
4020046	7040516	2	-1	-1	-1	0	-1	17	死神僵尸16	3
4020046	7040316	3	-1	-1	-1	0	-1	16	路障木乃伊16	3
4020046	7040516	4	-1	-1	-1	0	-1	15	死神僵尸16	3
4020046	7040716	5	-1	-1	-1	0	-1	21	探险家僵尸16	2
4020046	7040616	5	-1	-1	-1	0	-1	22	太阳神僵尸16	4
4020046	7040716	5	-1	-1	-1	0	-1	23	探险家僵尸16	2
4020047	8010057	1	-1	-1	-1	0	-1	22	16路障木乃伊BOSS	5
4020047	7040316	2	-1	-1	-1	0	-1	15	铁桶木乃伊16	3
4020047	7040316	2	-1	-1	-1	0	-1	16	路障木乃伊16	3
4020047	7040516	3	-1	-1	-1	0	-1	17	死神僵尸16	3
4020047	7040716	4	-1	-1	-1	0	-1	21	探险家僵尸16	2
4020047	7040716	5	-1	-1	-1	0	-1	23	探险家僵尸16	2
4020047	7040616	5	-1	-1	-1	0	-1	-1	太阳神僵尸16	4
										
4020049	7040317	1	-1	-1	-1	0	-1	17	路障木乃伊17	3
4020049	7040517	2	-1	-1	-1	0	-1	16	死神僵尸17	3
4020049	7040717	5	-1	-1	-1	0	-1	21	探险家僵尸17	2
4020049	7040517	6	-1	-1	-1	0	-1	15	死神僵尸17	3
4020049	7040617	5	-1	-1	-1	0	-1	22	太阳神僵尸17	4
4020049	7040717	5	-1	-1	-1	0	-1	23	探险家僵尸17	2
4020050	7040217	1	-1	-1	-1	0	-1	15	旗帜木乃伊17	1
4020050	8010058	2	-1	-1	-1	0	-1	22	17旗帜木乃伊BOSS	5
4020050	7040517	3	-1	-1	-1	0	-1	17	死神僵尸17	3
4020050	7040517	3	-1	-1	-1	0	-1	16	死神僵尸17	3
4020050	7040617	5	-1	-1	-1	0	-1	-1	太阳神僵尸17	4
4020050	7040717	4	-1	-1	-1	0	-1	21	探险家僵尸17	2
4020050	7040717	6	-1	-1	-1	0	-1	23	探险家僵尸17	2
										
4020052	7040318	2	-1	-1	-1	0	-1	15	铁桶木乃伊18	3
4020052	7040318	3	-1	-1	-1	0	-1	17	路障木乃伊18	3
4020052	7040518	4	-1	-1	-1	0	-1	16	死神僵尸18	3
4020052	7040718	5	-1	-1	-1	0	-1	21	探险家僵尸18	2
4020052	7040618	6	-1	-1	-1	0	-1	22	太阳神僵尸18	4
4020052	7040718	6	-1	-1	-1	0	-1	23	探险家僵尸18	2
4020053	7040518	1	-1	-1	-1	0	-1	15	死神僵尸18	3
4020053	7040518	2	-1	-1	-1	0	-1	19	死神僵尸18	3
4020053	7040318	3	-1	-1	-1	0	-1	17	路障木乃伊18	3
4020053	8010059	5	-1	-1	-1	0	-1	-1	18太阳神BOSS	5
4020053	7040718	5	-1	-1	-1	0	-1	21	探险家僵尸18	2
4020053	7040318	3	-1	-1	-1	0	-1	22	路障木乃伊18	3
4020053	7040718	6	-1	-1	-1	0	-1	23	探险家僵尸18	2
										
4020055	7040319	1	-1	-1	-1	0	-1	15	路障木乃伊19	3
4020055	7040319	2	-1	-1	-1	0	-1	17	铁桶木乃伊19	3
4020055	7040719	5	-1	-1	-1	0	-1	21	探险家僵尸19	2
4020055	7040519	6	-1	-1	-1	0	-1	16	死神僵尸19	3
4020055	7040619	5	-1	-1	-1	0	-1	22	太阳神僵尸19	4
4020055	7040719	5	-1	-1	-1	0	-1	23	探险家僵尸19	2
4020056	8010060	1	-1	-1	-1	0	-1	22	19死神BOSS	5
4020056	7040319	2	-1	-1	-1	0	-1	16	路障木乃伊19	3
4020056	7040319	2	-1	-1	-1	0	-1	17	路障木乃伊19	3
4020056	7040519	3	-1	-1	-1	0	-1	15	死神僵尸19	3
4020056	7040719	4	-1	-1	-1	0	-1	21	探险家僵尸19	2
4020056	7040719	5	-1	-1	-1	0	-1	23	探险家僵尸19	2
4020056	7040619	5	-1	-1	-1	0	-1	-1	太阳神僵尸19	4
										
4020058	7040520	2	-1	-1	-1	0	-1	16	死神僵尸20	3
4020058	7040320	3	-1	-1	-1	0	-1	17	路障木乃伊20	3
4020058	7040520	4	-1	-1	-1	0	-1	15	死神僵尸20	3
4020058	7040720	5	-1	-1	-1	0	-1	21	探险家僵尸20	2
4020058	7040620	6	-1	-1	-1	0	-1	22	太阳神僵尸20	4
4020058	7040720	6	-1	-1	-1	0	-1	23	探险家僵尸20	2
4020059	9010014	3	-1	-1	-1	0	1	-1	15埃及艳后大格	6
4020059	7040620	4	-1	-1	-1	0	1	26	太阳神僵尸20	4
4020059	7040620	5	-1	-1	-1	0	1	28	太阳神僵尸20	4
4020059	7040620	6	-1	-1	-1	0	1	24	太阳神僵尸20	4
										
4020061	7040321	1	-1	-1	-1	0	-1	15	路障木乃伊21	3
4020061	7040321	3	-1	-1	-1	0	-1	17	路障木乃伊21	3
4020061	7040321	5	-1	-1	-1	0	-1	16	铁桶木乃伊21	3
4020061	7040721	6	-1	-1	-1	0	-1	21	探险家僵尸21	2
4020061	7040621	6	-1	-1	-1	0	-1	22	太阳神僵尸21	4
4020061	7040721	6	-1	-1	-1	0	-1	23	探险家僵尸21	2
4020062	7040321	1	-1	-1	-1	0	-1	15	路障木乃伊21	3
4020062	7040521	2	-1	-1	-1	0	-1	17	死神僵尸21	3
4020062	7040521	2	-1	-1	-1	0	-1	19	铁桶木乃伊21	3
4020062	8010061	3	-1	-1	-1	0	-1	25	21路障木乃伊BOSS	5
4020062	7040621	5	-1	-1	-1	0	-1	-1	太阳神僵尸21	4
4020062	7040721	5	-1	-1	-1	0	-1	21	探险家僵尸21	2
4020062	7040721	6	-1	-1	-1	0	-1	23	探险家僵尸21	2
										
4020064	7040622	1	-1	-1	-1	0	-1	25	太阳神僵尸22	4
4020064	7040222	2	-1	-1	-1	0	-1	15	旗帜木乃伊22	1
4020064	7040522	3	-1	-1	-1	0	-1	19	死神僵尸22	3
4020064	7040522	5	-1	-1	-1	0	-1	17	死神僵尸22	3
4020064	7040722	8	-1	-1	-1	0	-1	21	探险家僵尸22	2
4020064	7040722	8	-1	-1	-1	0	-1	23	探险家僵尸22	2
4020065	8010062	1	-1	-1	-1	0	-1	22	22旗帜木乃伊BOSS	5
4020065	7040522	2	-1	-1	-1	0	-1	16	铁桶木乃伊22	3
4020065	7040522	3	-1	-1	-1	0	-1	17	死神僵尸22	3
4020065	7040322	3	-1	-1	-1	0	-1	15	路障木乃伊22	3
4020065	7040722	4	-1	-1	-1	0	-1	21	探险家僵尸22	2
4020065	7040722	5	-1	-1	-1	0	-1	23	探险家僵尸22	2
4020065	7040622	5	-1	-1	-1	0	-1	-1	太阳神僵尸22	4
										
4020067	7040323	1	-1	-1	-1	0	-1	16	路障木乃伊23	3
4020067	7040523	3	-1	-1	-1	0	-1	17	死神僵尸23	3
4020067	7040523	5	-1	-1	-1	0	-1	15	死神僵尸23	3
4020067	7040723	6	-1	-1	-1	0	-1	21	探险家僵尸23	2
4020067	7040623	5	-1	-1	-1	0	-1	22	太阳神僵尸23	4
4020067	7040723	6	-1	-1	-1	0	-1	23	探险家僵尸23	2
4020068	7040323	1	-1	-1	-1	0	-1	17	路障木乃伊23	3
4020068	7040323	2	-1	-1	-1	0	-1	16	铁桶木乃伊23	3
4020068	7040523	3	-1	-1	-1	0	-1	15	死神僵尸23	3
4020068	8010063	5	-1	-1	-1	0	-1	-1	23太阳神BOSS	5
4020068	7040723	5	-1	-1	-1	0	-1	21	探险家僵尸23	2
4020068	7040523	5	-1	-1	-1	0	-1	22	死神僵尸23	3
4020068	7040723	6	-1	-1	-1	0	-1	23	探险家僵尸23	2
										
4020070	7040624	1	-1	-1	-1	0	-1	22	太阳神僵尸24	4
4020070	7040624	2	-1	-1	-1	0	-1	16	铁桶木乃伊24	3
4020070	7040524	4	-1	-1	-1	0	-1	17	死神僵尸24	3
4020070	7040524	6	-1	-1	-1	0	-1	15	死神僵尸24	3
4020070	7040724	7	-1	-1	-1	0	-1	21	探险家僵尸24	2
4020070	7040724	7	-1	-1	-1	0	-1	23	探险家僵尸24	2
4020071	8010064	1	-1	-1	-1	0	-1	22	24死神BOSS	5
4020071	7040524	2	-1	-1	-1	0	-1	17	死神僵尸24	3
4020071	7040324	3	-1	-1	-1	0	-1	16	路障木乃伊24	3
4020071	7040324	3	-1	-1	-1	0	-1	15	路障木乃伊24	3
4020071	7040624	5	-1	-1	-1	0	-1	-1	太阳神僵尸24	4
4020071	7040724	5	-1	-1	-1	0	-1	21	探险家僵尸24	2
4020071	7040724	6	-1	-1	-1	0	-1	23	探险家僵尸24	2
										
4020073	7040225	1	-1	-1	-1	0	-1	15	旗帜木乃伊25	1
4020073	7040225	2	-1	-1	-1	0	-1	17	铁桶木乃伊25	3
4020073	7040525	3	-1	-1	-1	0	-1	16	死神僵尸25	3
4020073	7040725	4	-1	-1	-1	0	-1	21	探险家僵尸25	2
4020073	7040625	4	-1	-1	-1	0	-1	22	太阳神僵尸25	4
4020073	7040725	4	-1	-1	-1	0	-1	23	探险家僵尸25	2
4020074	9010016	3	-1	-1	-1	0	1	-1	25太阳神大格	6
4020074	7040625	4	-1	-1	-1	0	1	24	太阳神僵尸25	4
4020074	7040625	5	-1	-1	-1	0	1	26	太阳神僵尸25	4
4020074	7040625	6	-1	-1	-1	0	1	28	太阳神僵尸25	4
										
4020076	7040126	1	-1	-1	-1	0	-1	16	木乃伊僵尸26	1
4020076	7040126	2	-1	-1	-1	0	-1	17	木乃伊僵尸26	1
4020076	7040326	3	-1	-1	-1	0	-1	15	路障木乃伊26	3
4020076	7040726	4	-1	-1	-1	0	-1	21	探险家僵尸26	2
4020076	7040726	5	-1	-1	-1	0	-1	23	探险家僵尸26	2
4020076	7040626	5	-1	-1	-1	0	-1	22	太阳神僵尸26	4
4020077	8010065	1	-1	-1	-1	0	-1	22	26路障木乃伊BOSS	5
4020077	7040526	2	-1	-1	-1	0	-1	16	铁桶木乃伊26	3
4020077	7040526	3	-1	-1	-1	0	-1	15	死神僵尸26	3
4020077	7040526	3	-1	-1	-1	0	-1	17	死神僵尸26	3
4020077	7040726	4	-1	-1	-1	0	-1	23	探险家僵尸26	2
4020077	7040726	5	-1	-1	-1	0	-1	21	探险家僵尸26	2
4020077	7040626	5	-1	-1	-1	0	-1	-1	太阳神僵尸26	4
										
4020079	7040327	1	-1	-1	-1	0	-1	17	路障木乃伊27	3
4020079	7040327	2	-1	-1	-1	0	-1	16	铁桶木乃伊27	3
4020079	7040527	3	-1	-1	-1	0	-1	15	死神僵尸27	3
4020079	7040727	5	-1	-1	-1	0	-1	21	探险家僵尸27	2
4020079	7040627	6	-1	-1	-1	0	-1	22	太阳神僵尸27	4
4020079	7040727	8	-1	-1	-1	0	-1	23	探险家僵尸27	2
4020080	7040327	1	-1	-1	-1	0	-1	17	路障木乃伊27	3
4020080	7040527	2	-1	-1	-1	0	-1	16	死神僵尸27	3
4020080	7040527	2	-1	-1	-1	0	-1	15	铁桶木乃伊27	3
4020080	8010066	3	-1	-1	-1	0	-1	22	27旗帜木乃伊BOSS	5
4020080	7040627	5	-1	-1	-1	0	-1	-1	太阳神僵尸27	4
4020080	7040727	5	-1	-1	-1	0	-1	21	探险家僵尸27	2
4020080	7040727	6	-1	-1	-1	0	-1	23	探险家僵尸27	2
										
4020082	7040328	1	-1	-1	-1	0	-1	17	路障木乃伊28	3
4020082	7040328	2	-1	-1	-1	0	-1	16	铁桶木乃伊28	3
4020082	7040528	4	-1	-1	-1	0	-1	15	死神僵尸28	3
4020082	7040728	5	-1	-1	-1	0	-1	21	探险家僵尸28	2
4020082	7040628	6	-1	-1	-1	0	-1	22	太阳神僵尸28	4
4020082	7040728	7	-1	-1	-1	0	-1	23	探险家僵尸28	2
4020083	7040328	1	-1	-1	-1	0	-1	13	路障木乃伊28	3
4020083	7040328	2	-1	-1	-1	0	-1	17	铁桶木乃伊28	3
4020083	7040528	3	-1	-1	-1	0	-1	15	死神僵尸28	3
4020083	7040728	4	-1	-1	-1	0	-1	23	探险家僵尸28	2
4020083	7040728	5	-1	-1	-1	0	-1	21	探险家僵尸28	2
4020083	7040728	5	-1	-1	-1	0	-1	19	探险家僵尸28	2
4020083	8010067	5	-1	-1	-1	0	-1	-1	28太阳神BOSS	5
										
4020085	7040529	1	-1	-1	-1	0	-1	16	死神僵尸29	3
4020085	7040529	2	-1	-1	-1	0	-1	17	死神僵尸29	3
4020085	7040529	3	-1	-1	-1	0	-1	15	死神僵尸29	3
4020085	7040729	4	-1	-1	-1	0	-1	21	探险家僵尸29	2
4020085	7040629	5	-1	-1	-1	0	-1	22	太阳神僵尸29	4
4020085	7040729	6	-1	-1	-1	0	-1	23	探险家僵尸29	2
4020086	8010068	1	-1	-1	-1	0	-1	22	29死神BOSS	5
4020086	7040229	2	-1	-1	-1	0	-1	17	旗帜木乃伊29	1
4020086	7040529	3	-1	-1	-1	0	-1	16	死神僵尸29	3
4020086	7040529	3	-1	-1	-1	0	-1	15	死神僵尸29	3
4020086	7040629	5	-1	-1	-1	0	-1	-1	太阳神僵尸29	4
4020086	7040729	5	-1	-1	-1	0	-1	21	探险家僵尸29	2
4020086	7040729	6	-1	-1	-1	0	-1	23	探险家僵尸29	2
4020086	7040729	8	-1	-1	-1	0	-1	-1	探险家僵尸29	2
										
4020088	7040230	1	-1	-1	-1	0	-1	17	旗帜木乃伊30	1
4020088	7040330	2	-1	-1	-1	0	-1	16	路障木乃伊30	3
4020088	7040130	3	-1	-1	-1	0	-1	15	木乃伊僵尸30	1
4020088	7040730	4	-1	-1	-1	0	-1	21	探险家僵尸30	2
4020088	7040730	6	-1	-1	-1	0	-1	23	探险家僵尸30	2
4020088	7040630	6	-1	-1	-1	0	-1	22	太阳神僵尸30	4
4020089	9010017	3	-1	-1	-1	0	1	-1	30埃及艳后大格	6
4020089	7040630	4	-1	-1	-1	0	1	24	太阳神僵尸30	4
4020089	7040630	5	-1	-1	-1	0	1	26	太阳神僵尸30	4
4020089	7040630	6	-1	-1	-1	0	1	28	太阳神僵尸30	4
										
										
										
4020091	7050101	1	-1	-1	-1	0	-1	17	海盗僵尸1	1
4020091	7050101	2	-1	-1	-1	0	-1	15	海盗僵尸1	1
4020091	7050101	3	-1	-1	-1	0	-1	19	海盗僵尸1	1
4020091	7050701	5	-1	-1	-1	0	-1	25	火炬武师1	4
4020091	7050601	6	-1	-1	-1	0	-1	21	海鸥海盗1	2
4020091	7050601	1	-1	-1	-1	0	-1	23	海鸥海盗1	2
4020092	7050301	2	-1	-1	-1	0	-1	15	路障海盗1	3
4020092	7050501	3	-1	-1	-1	0	-1	-1	飞索海盗1	3
4020092	7050301	4	-1	-1	-1	0	-1	16	路障海盗1	3
4020092	7050701	5	-1	-1	-1	0	-1	-1	火炬武师1	4
4020092	7050101	6	-1	-1	-1	0	-1	17	海盗僵尸1	1
4020092	7050601	6	-1	-1	-1	0	-1	21	海鸥海盗1	2
4020092	7050701	6	-1	-1	-1	0	-1	22	火炬武师1	4
4020092	7050601	6	-1	-1	-1	0	-1	23	海鸥海盗1	2
4020093	7050301	1	-1	-1	-1	0	-1	16	路障海盗1	3
4020093	8010069	2	-1	-1	-1	0	-1	22	1路障海盗BOSS	5
4020093	7050301	3	-1	-1	-1	0	-1	15	路障海盗1	3
4020093	7050201	4	-1	-1	-1	0	-1	17	旗帜海盗1	1
4020093	7050601	5	-1	-1	-1	0	-1	21	海鸥海盗1	2
4020093	7050701	5	-1	-1	-1	0	-1	-1	火炬武师1	4
4020093	7050601	9	-1	-1	-1	0	-1	23	海鸥海盗1	2
										
4020094	7050602	1	-1	-1	-1	0	-1	15	铁桶海盗2	3
4020094	7050602	2	-1	-1	-1	0	-1	21	海鸥海盗2	2
4020094	7050602	3	-1	-1	-1	0	-1	23	海鸥海盗2	2
4020094	7050302	5	-1	-1	-1	0	-1	17	路障海盗2	3
4020094	7050102	6	-1	-1	-1	0	-1	16	海盗僵尸2	1
4020094	7050702	3	-1	-1	-1	0	-1	22	火炬武师2	4
4020095	7050302	1	-1	-1	-1	0	-1	13	路障海盗2	3
4020095	7050302	2	-1	-1	-1	0	-1	17	铁桶海盗2	3
4020095	7050302	3	-1	-1	-1	0	-1	15	路障海盗2	3
4020095	7050702	6	-1	-1	-1	0	-1	19	火炬武师2	4
4020095	7050602	7	-1	-1	-1	0	-1	21	海鸥海盗2	2
4020095	7050602	8	-1	-1	-1	0	-1	23	海鸥海盗2	2
4020096	7050602	1	-1	-1	-1	0	-1	17	铁桶海盗2	3
4020096	7050102	2	-1	-1	-1	0	-1	16	海盗僵尸2	1
4020096	7050202	3	-1	-1	-1	0	-1	15	旗帜海盗2	1
4020096	8010070	5	-1	-1	-1	0	-1	-1	2飞索海盗BOSS	5
4020096	7050602	6	-1	-1	-1	0	-1	21	海鸥海盗2	2
4020096	7050602	7	-1	-1	-1	0	-1	23	海鸥海盗2	2
4020096	7050702	8	-1	-1	-1	0	-1	22	火炬武师2	4
4020096	7050702	9	-1	-1	-1	0	-1	28	火炬武师2	4
										
4020097	7050303	3	-1	-1	-1	0	-1	15	路障海盗3	3
4020097	7050503	5	-1	-1	-1	0	-1	-1	飞索海盗3	3
4020097	7050603	5	-1	-1	-1	0	-1	21	海鸥海盗3	2
4020097	7050303	3	-1	-1	-1	0	-1	17	路障海盗3	3
4020097	7050303	3	-1	-1	-1	0	-1	16	路障海盗3	3
4020097	7050603	5	-1	-1	-1	0	-1	23	海鸥海盗3	2
4020097	7050703	5	-1	-1	-1	0	-1	22	火炬武师3	4
4020098	7050303	1	-1	-1	-1	0	-1	15	路障海盗3	3
4020098	7050303	1	-1	-1	-1	0	-1	16	路障海盗3	3
4020098	7050303	1	-1	-1	-1	0	-1	17	路障海盗3	3
4020098	7050503	2	-1	-1	-1	0	-1	-1	飞索海盗3	3
4020098	7050603	4	-1	-1	-1	0	-1	21	海鸥海盗3	2
4020098	7050603	5	-1	-1	-1	0	-1	23	海鸥海盗3	2
4020098	7050703	6	-1	-1	-1	0	-1	22	火炬武师3	4
4020099	7050303	2	-1	-1	-1	0	-1	17	路障海盗3	3
4020099	7050303	3	-1	-1	-1	0	-1	16	路障海盗3	3
4020099	7050303	3	-1	-1	-1	0	-1	15	铁桶海盗3	3
4020099	7050503	5	-1	-1	-1	0	-1	-1	飞索海盗3	3
4020099	7050603	7	-1	-1	-1	0	-1	21	海鸥海盗3	2
4020099	7050603	7	-1	-1	-1	0	-1	23	海鸥海盗3	2
4020099	8010071	8	-1	-1	-1	0	-1	-1	3海鸥海盗BOSS	5
4020099	7050703	9	-1	-1	-1	0	-1	22	火炬武师3	4
										
4020100	7050204	2	-1	-1	-1	0	-1	15	旗帜海盗4	1
4020100	7050504	5	-1	-1	-1	0	-1	-1	飞索海盗4	3
4020100	7050204	2	-1	-1	-1	0	-1	16	旗帜海盗4	1
4020100	7050204	2	-1	-1	-1	0	-1	17	旗帜海盗4	1
4020100	7050604	2	-1	-1	-1	0	-1	21	海鸥海盗4	2
4020100	7050604	2	-1	-1	-1	0	-1	23	海鸥海盗4	2
4020100	7050704	2	-1	-1	-1	0	-1	22	火炬武师4	4
4020101	7050204	1	-1	-1	-1	0	-1	15	旗帜海盗4	1
4020101	7050204	2	-1	-1	-1	0	-1	16	铁桶海盗4	3
4020101	7050204	2	-1	-1	-1	0	-1	17	铁桶海盗4	3
4020101	7050504	5	-1	-1	-1	0	-1	-1	飞索海盗4	3
4020101	7050604	4	-1	-1	-1	0	-1	21	海鸥海盗4	2
4020101	7050704	6	-1	-1	-1	0	-1	22	火炬武师4	4
4020101	7050604	8	-1	-1	-1	0	-1	23	海鸥海盗4	2
4020102	7050304	1	-1	-1	-1	0	-1	15	路障海盗4	3
4020102	7050304	2	-1	-1	-1	0	-1	16	路障海盗4	3
4020102	7050304	2	-1	-1	-1	0	-1	17	路障海盗4	3
4020102	7050604	3	-1	-1	-1	0	-1	21	海鸥海盗4	2
4020102	7050604	4	-1	-1	-1	0	-1	23	海鸥海盗4	2
4020102	7050504	5	-1	-1	-1	0	-1	-1	飞索海盗4	3
4020102	7050704	7	-1	-1	-1	0	-1	22	火炬武师4	4
4020102	8010072	8	-1	-1	-1	0	-1	-1	4火炬武师BOSS	5
										
4020103	7050305	1	-1	-1	-1	0	-1	17	路障海盗5	3
4020103	7050205	2	-1	-1	-1	0	-1	16	旗帜海盗5	1
4020103	7050305	1	-1	-1	-1	0	-1	15	路障海盗5	3
4020103	7050605	5	-1	-1	-1	0	-1	21	海鸥海盗5	2
4020103	7050705	5	-1	-1	-1	0	-1	22	火炬武师5	4
4020103	7050605	5	-1	-1	-1	0	-1	23	海鸥海盗5	2
4020103	7050505	5	-1	-1	-1	0	-1	-1	飞索海盗5	3
4020104	7050305	1	-1	-1	-1	0	-1	15	路障海盗5	3
4020104	7050305	1	-1	-1	-1	0	-1	16	铁桶海盗5	3
4020104	7050605	2	-1	-1	-1	0	-1	17	海鸥海盗5	2
4020104	7050505	5	-1	-1	-1	0	-1	-1	飞索海盗5	3
4020104	7050705	4	-1	-1	-1	0	-1	22	火炬武师5	4
4020104	7050605	5	-1	-1	-1	0	-1	21	海鸥海盗5	2
4020104	7050605	9	-1	-1	-1	0	-1	23	海鸥海盗5	2
4020105	9010018	3	-1	-1	-1	0	1	-1	5飞索海盗大格	6
4020105	7050605	4	-1	-1	-1	0	1	28	海鸥海盗5	2
4020105	7050705	5	-1	-1	-1	0	1	26	火炬武师5	4
4020105	7050605	6	-1	-1	-1	0	1	25	海鸥海盗5	2
										
4020106	7050306	2	-1	-1	-1	0	-1	15	路障海盗6	3
4020106	7050306	4	-1	-1	-1	0	-1	16	路障海盗6	3
4020106	7050306	5	-1	-1	-1	0	-1	17	铁桶海盗6	3
4020106	7050506	5	-1	-1	-1	0	-1	-1	飞索海盗6	3
4020106	7050606	5	-1	-1	-1	0	-1	21	海鸥海盗6	2
4020106	7050706	5	-1	-1	-1	0	-1	22	火炬武师6	4
4020106	7050606	5	-1	-1	-1	0	-1	23	海鸥海盗6	2
4020107	7050606	1	-1	-1	-1	0	-1	17	铁桶海盗6	3
4020107	7050506	2	-1	-1	-1	0	-1	-1	飞索海盗6	3
4020107	7050306	3	-1	-1	-1	0	-1	16	路障海盗6	3
4020107	7050706	4	-1	-1	-1	0	-1	22	火炬武师6	4
4020107	7050606	5	-1	-1	-1	0	-1	21	海鸥海盗6	2
4020107	7050606	5	-1	-1	-1	0	-1	23	海鸥海盗6	2
4020107	7050606	5	-1	-1	-1	0	-1	15	铁桶海盗6	3
4020108	7050306	1	-1	-1	-1	0	-1	19	路障海盗6	3
4020108	7050306	2	-1	-1	-1	0	-1	17	路障海盗6	3
4020108	8010073	3	-1	-1	-1	0	-1	25	6路障海盗BOSS	5
4020108	7050306	2	-1	-1	-1	0	-1	15	路障海盗6	3
4020108	7050606	4	-1	-1	-1	0	-1	21	海鸥海盗6	2
4020108	7050606	8	-1	-1	-1	0	-1	23	海鸥海盗6	2
4020108	7050706	5	-1	-1	-1	0	-1	-1	火炬武师6	4
										
4020109	7050307	2	-1	-1	-1	0	-1	19	路障海盗7	3
4020109	7050307	3	-1	-1	-1	0	-1	17	铁桶海盗7	3
4020109	7050307	5	-1	-1	-1	0	-1	16	飞索海盗7	3
4020109	7050607	5	-1	-1	-1	0	-1	15	铁桶海盗7	3
4020109	7050607	5	-1	-1	-1	0	-1	21	海鸥海盗7	2
4020109	7050607	5	-1	-1	-1	0	-1	23	海鸥海盗7	2
4020109	7050707	5	-1	-1	-1	0	-1	25	火炬武师7	4
4020110	7050307	1	-1	-1	-1	0	-1	15	路障海盗7	3
4020110	7050307	2	-1	-1	-1	0	-1	16	路障海盗7	3
4020110	7050307	2	-1	-1	-1	0	-1	17	路障海盗7	3
4020110	7050507	5	-1	-1	-1	0	-1	-1	飞索海盗7	3
4020110	7050707	6	-1	-1	-1	0	-1	22	火炬武师7	4
4020110	7050607	7	-1	-1	-1	0	-1	21	海鸥海盗7	2
4020110	7050607	8	-1	-1	-1	0	-1	23	海鸥海盗7	2
4020111	8010074	5	-1	-1	-1	0	-1	-1	7飞索海盗BOSS	5
4020111	7050307	2	-1	-1	-1	0	-1	15	铁桶海盗7	3
4020111	7050307	3	-1	-1	-1	0	-1	19	路障海盗7	3
4020111	7050307	4	-1	-1	-1	0	-1	17	铁桶海盗7	3
4020111	7050607	6	-1	-1	-1	0	-1	21	海鸥海盗7	2
4020111	7050607	7	-1	-1	-1	0	-1	23	海鸥海盗7	2
4020111	7050707	5	-1	-1	-1	0	-1	25	火炬武师7	4
										
4020112	7050508	2	-1	-1	-1	0	-1	-1	飞索海盗8	3
4020112	7050308	4	-1	-1	-1	0	-1	15	路障海盗8	3
4020112	7050308	5	-1	-1	-1	0	-1	16	铁桶海盗8	3
4020112	7050308	6	-1	-1	-1	0	-1	17	铁桶海盗8	3
4020112	7050608	6	-1	-1	-1	0	-1	21	海鸥海盗8	2
4020112	7050608	6	-1	-1	-1	0	-1	23	海鸥海盗8	2
4020112	7050708	6	-1	-1	-1	0	-1	22	火炬武师8	4
4020113	7050308	2	-1	-1	-1	0	-1	15	铁桶海盗8	3
4020113	7050508	5	-1	-1	-1	0	-1	-1	飞索海盗8	3
4020113	7050308	4	-1	-1	-1	0	-1	16	路障海盗8	3
4020113	7050308	6	-1	-1	-1	0	-1	17	铁桶海盗8	3
4020113	7050608	8	-1	-1	-1	0	-1	21	海鸥海盗8	2
4020113	7050608	8	-1	-1	-1	0	-1	23	海鸥海盗8	2
4020113	7050708	8	-1	-1	-1	0	-1	22	火炬武师8	4
4020114	7050308	1	-1	-1	-1	0	-1	15	路障海盗8	3
4020114	7050308	2	-1	-1	-1	0	-1	17	铁桶海盗8	3
4020114	7050308	3	-1	-1	-1	0	-1	19	路障海盗8	3
4020114	7050708	5	-1	-1	-1	0	-1	-1	火炬武师8	4
4020114	7050608	5	-1	-1	-1	0	-1	21	海鸥海盗8	2
4020114	8010075	8	-1	-1	-1	0	-1	22	8海鸥海盗BOSS	5
4020114	7050608	9	-1	-1	-1	0	-1	23	海鸥海盗8	2
										
4020115	7050309	1	-1	-1	-1	0	-1	15	路障海盗9	3
4020115	7050309	5	-1	-1	-1	0	-1	17	铁桶海盗9	3
4020115	7050509	2	-1	-1	-1	0	-1	-1	飞索海盗9	3
4020115	7050309	1	-1	-1	-1	0	-1	19	路障海盗9	3
4020115	7050609	1	-1	-1	-1	0	-1	21	海鸥海盗9	2
4020115	7050709	5	-1	-1	-1	0	-1	25	火炬武师9	4
4020115	7050609	5	-1	-1	-1	0	-1	23	海鸥海盗9	2
4020116	7050309	1	-1	-1	-1	0	-1	16	路障海盗9	3
4020116	7050509	2	-1	-1	-1	0	-1	-1	飞索海盗9	3
4020116	7050309	4	-1	-1	-1	0	-1	15	路障海盗9	3
4020116	7050309	5	-1	-1	-1	0	-1	17	铁桶海盗9	3
4020116	7050609	6	-1	-1	-1	0	-1	21	海鸥海盗9	2
4020116	7050709	6	-1	-1	-1	0	-1	22	火炬武师9	4
4020116	7050609	6	-1	-1	-1	0	-1	23	海鸥海盗9	2
4020117	7050309	1	-1	-1	-1	0	-1	17	路障海盗9	3
4020117	7050309	2	-1	-1	-1	0	-1	19	铁桶海盗9	3
4020117	7050309	3	-1	-1	-1	0	-1	15	铁桶海盗9	3
4020117	8010076	4	-1	-1	-1	0	-1	25	9火炬武师BOSS	5
4020117	7050509	5	-1	-1	-1	0	-1	-1	飞索海盗9	3
4020117	7050609	8	-1	-1	-1	0	-1	21	海鸥海盗9	2
4020117	7050609	9	-1	-1	-1	0	-1	23	海鸥海盗9	2
										
4020118	7050310	2	-1	-1	-1	0	-1	15	铁桶海盗10	3
4020118	7050310	3	-1	-1	-1	0	-1	16	路障海盗10	3
4020118	7050510	5	-1	-1	-1	0	-1	-1	飞索海盗10	3
4020118	7050610	5	-1	-1	-1	0	-1	17	海鸥海盗10	2
4020118	7050610	5	-1	-1	-1	0	-1	21	海鸥海盗10	2
4020118	7050710	5	-1	-1	-1	0	-1	22	火炬武师10	4
4020118	7050610	5	-1	-1	-1	0	-1	23	海鸥海盗10	2
4020119	7050310	2	-1	-1	-1	0	-1	15	铁桶海盗10	3
4020119	7050510	5	-1	-1	-1	0	-1	-1	飞索海盗10	3
4020119	7050310	4	-1	-1	-1	0	-1	16	铁桶海盗10	3
4020119	7050310	5	-1	-1	-1	0	-1	17	路障海盗10	3
4020119	7050610	5	-1	-1	-1	0	-1	21	海鸥海盗10	2
4020119	7050710	5	-1	-1	-1	0	-1	22	火炬武师10	4
4020119	7050610	5	-1	-1	-1	0	-1	23	海鸥海盗10	2
4020120	9010020	3	-1	-1	-1	0	1	-1	10滚筒大格	6
4020120	7050710	5	-1	-1	-1	0	1	28	火炬武师10	4
4020120	7050710	7	-1	-1	-1	0	1	26	火炬武师10	4
4020120	7050710	9	-1	-1	-1	0	1	24	火炬武师10	4
										
4020121	7050311	1	-1	-1	-1	0	-1	16	路障海盗11	3
4020121	7050311	3	-1	-1	-1	0	-1	17	铁桶海盗11	3
4020121	7050311	5	-1	-1	-1	0	-1	15	铁桶海盗11	3
4020121	7050611	5	-1	-1	-1	0	-1	21	海鸥海盗11	2
4020121	7050711	5	-1	-1	-1	0	-1	22	火炬武师11	4
4020121	7050611	5	-1	-1	-1	0	-1	23	海鸥海盗11	2
4020121	7050511	5	-1	-1	-1	0	-1	-1	飞索海盗11	3
4020122	7050311	1	-1	-1	-1	0	-1	19	铁桶海盗11	3
4020122	7050311	2	-1	-1	-1	0	-1	17	铁桶海盗11	3
4020122	7050511	5	-1	-1	-1	0	-1	-1	飞索海盗11	3
4020122	7050311	4	-1	-1	-1	0	-1	15	路障海盗11	3
4020122	7050611	5	-1	-1	-1	0	-1	21	海鸥海盗11	2
4020122	7050611	6	-1	-1	-1	0	-1	23	海鸥海盗11	2
4020122	7050711	6	-1	-1	-1	0	-1	25	火炬武师11	4
4020123	7050311	1	-1	-1	-1	0	-1	15	路障海盗11	3
4020123	7050311	1	-1	-1	-1	0	-1	16	铁桶海盗11	3
4020123	7050311	1	-1	-1	-1	0	-1	17	路障海盗11	3
4020123	8010077	2	-1	-1	-1	0	-1	22	11路障海盗BOSS	5
4020123	7050611	4	-1	-1	-1	0	-1	21	海鸥海盗11	2
4020123	7050611	8	-1	-1	-1	0	-1	23	海鸥海盗11	2
4020123	7050711	5	-1	-1	-1	0	-1	-1	火炬武师11	4
										
4020124	7050312	1	-1	-1	-1	0	-1	15	铁桶海盗12	3
4020124	7050312	2	-1	-1	-1	0	-1	16	路障海盗12	3
4020124	7050312	3	-1	-1	-1	0	-1	17	铁桶海盗12	3
4020124	7050512	5	-1	-1	-1	0	-1	-1	飞索海盗12	3
4020124	7050612	3	-1	-1	-1	0	-1	21	海鸥海盗12	2
4020124	7050712	3	-1	-1	-1	0	-1	22	火炬武师12	4
4020124	7050612	3	-1	-1	-1	0	-1	23	海鸥海盗12	2
4020125	7050312	1	-1	-1	-1	0	-1	16	铁桶海盗12	3
4020125	7050512	2	-1	-1	-1	0	-1	-1	飞索海盗12	3
4020125	7050312	3	-1	-1	-1	0	-1	17	路障海盗12	3
4020125	7050312	4	-1	-1	-1	0	-1	15	路障海盗12	3
4020125	7050612	5	-1	-1	-1	0	-1	21	海鸥海盗12	2
4020125	7050712	5	-1	-1	-1	0	-1	22	火炬武师12	4
4020125	7050612	5	-1	-1	-1	0	-1	23	海鸥海盗12	2
4020126	7050312	1	-1	-1	-1	0	-1	15	路障海盗12	3
4020126	8010078	2	-1	-1	-1	0	-1	-1	12飞索海盗BOSS	5
4020126	7050312	3	-1	-1	-1	0	-1	16	路障海盗12	3
4020126	7050312	4	-1	-1	-1	0	-1	17	铁桶海盗12	3
4020126	7050712	5	-1	-1	-1	0	-1	22	火炬武师12	4
4020126	7050612	8	-1	-1	-1	0	-1	21	海鸥海盗12	2
4020126	7050612	8	-1	-1	-1	0	-1	23	海鸥海盗12	2
										
4020127	7050313	1	-1	-1	-1	0	-1	15	路障海盗13	3
4020127	7050313	5	-1	-1	-1	0	-1	16	铁桶海盗13	3
4020127	7050313	6	-1	-1	-1	0	-1	17	路障海盗13	3
4020127	7050613	6	-1	-1	-1	0	-1	21	海鸥海盗13	2
4020127	7050713	6	-1	-1	-1	0	-1	22	火炬武师13	4
4020127	7050613	6	-1	-1	-1	0	-1	23	海鸥海盗13	2
4020127	7050513	5	-1	-1	-1	0	-1	-1	飞索海盗13	3
4020128	7050313	1	-1	-1	-1	0	-1	17	路障海盗13	3
4020128	7050313	2	-1	-1	-1	0	-1	16	路障海盗13	3
4020128	7050313	3	-1	-1	-1	0	-1	15	铁桶海盗13	3
4020128	7050613	5	-1	-1	-1	0	-1	21	海鸥海盗13	2
4020128	7050713	6	-1	-1	-1	0	-1	22	火炬武师13	4
4020128	7050613	7	-1	-1	-1	0	-1	23	海鸥海盗13	2
4020128	7050613	5	-1	-1	-1	0	-1	-1	海鸥海盗13	2
4020129	7050313	1	-1	-1	-1	0	-1	17	铁桶海盗13	3
4020129	7050213	2	-1	-1	-1	0	-1	16	旗帜海盗13	1
4020129	7050313	3	-1	-1	-1	0	-1	15	铁桶海盗13	3
4020129	7050613	7	-1	-1	-1	0	-1	21	海鸥海盗13	2
4020129	7050713	6	-1	-1	-1	0	-1	22	火炬武师13	4
4020129	7050613	7	-1	-1	-1	0	-1	23	海鸥海盗13	2
4020129	8010079	8	-1	-1	-1	0	-1	-1	13海鸥海盗BOSS	5
										
4020130	7050314	2	-1	-1	-1	0	-1	15	路障海盗14	3
4020130	7050314	4	-1	-1	-1	0	-1	16	铁桶海盗14	3
4020130	7050314	6	-1	-1	-1	0	-1	17	路障海盗14	3
4020130	7050614	2	-1	-1	-1	0	-1	21	海鸥海盗14	2
4020130	7050714	4	-1	-1	-1	0	-1	22	火炬武师14	4
4020130	7050614	6	-1	-1	-1	0	-1	23	海鸥海盗14	2
4020130	7050514	5	-1	-1	-1	0	-1	-1	飞索海盗14	3
4020131	7050314	1	-1	-1	-1	0	-1	16	路障海盗14	3
4020131	7050314	2	-1	-1	-1	0	-1	15	铁桶海盗14	3
4020131	7050314	3	-1	-1	-1	0	-1	17	路障海盗14	3
4020131	7050614	4	-1	-1	-1	0	-1	21	海鸥海盗14	2
4020131	7050614	5	-1	-1	-1	0	-1	23	海鸥海盗14	2
4020131	7050714	6	-1	-1	-1	0	-1	22	火炬武师14	4
4020131	7050514	5	-1	-1	-1	0	-1	-1	飞索海盗14	3
4020132	7050314	1	-1	-1	-1	0	-1	15	路障海盗14	3
4020132	7050314	2	-1	-1	-1	0	-1	16	铁桶海盗14	3
4020132	7050314	2	-1	-1	-1	0	-1	17	铁桶海盗14	3
4020132	7050514	5	-1	-1	-1	0	-1	-1	飞索海盗14	3
4020132	8010080	5	-1	-1	-1	0	-1	22	14火炬武师BOSS	5
4020132	7050614	7	-1	-1	-1	0	-1	21	海鸥海盗14	2
4020132	7050614	9	-1	-1	-1	0	-1	23	海鸥海盗14	2
										
4020133	7050315	3	-1	-1	-1	0	-1	15	铁桶海盗15	3
4020133	7050315	4	-1	-1	-1	0	-1	16	路障海盗15	3
4020133	7050315	5	-1	-1	-1	0	-1	17	铁桶海盗15	3
4020133	7050615	6	-1	-1	-1	0	-1	21	海鸥海盗15	2
4020133	7050715	6	-1	-1	-1	0	-1	22	火炬武师15	4
4020133	7050615	6	-1	-1	-1	0	-1	23	海鸥海盗15	2
4020133	7050515	5	-1	-1	-1	0	-1	-1	飞索海盗15	3
4020134	7050315	1	-1	-1	-1	0	-1	15	路障海盗15	3
4020134	7050315	2	-1	-1	-1	0	-1	16	铁桶海盗15	3
4020134	7050315	4	-1	-1	-1	0	-1	17	路障海盗15	3
4020134	7050615	5	-1	-1	-1	0	-1	21	海鸥海盗15	2
4020134	7050715	6	-1	-1	-1	0	-1	22	火炬武师15	4
4020134	7050615	5	-1	-1	-1	0	-1	23	海鸥海盗15	2
4020134	7050515	5	-1	-1	-1	0	-1	-1	飞索海盗15	3
4020135	9010019	3	-1	-1	-1	0	1	-1	15海鸥海盗大格	6
4020135	7050715	4	-1	-1	-1	0	1	24	火炬武师15	4
4020135	7050715	5	-1	-1	-1	0	1	26	火炬武师15	4
4020135	7050715	6	-1	-1	-1	0	1	28	火炬武师15	4
										
4020136	7050316	2	-1	-1	-1	0	-1	15	路障海盗16	3
4020136	7050316	3	-1	-1	-1	0	-1	16	铁桶海盗16	3
4020136	7050316	4	-1	-1	-1	0	-1	17	路障海盗16	3
4020136	7050616	5	-1	-1	-1	0	-1	21	海鸥海盗16	2
4020136	7050616	5	-1	-1	-1	0	-1	23	海鸥海盗16	2
4020136	7050716	5	-1	-1	-1	0	-1	22	火炬武师16	4
4020136	7050516	5	-1	-1	-1	0	-1	-1	飞索海盗16	3
4020137	7050316	1	-1	-1	-1	0	-1	15	路障海盗16	3
4020137	7050316	2	-1	-1	-1	0	-1	17	铁桶海盗16	3
4020137	7050316	3	-1	-1	-1	0	-1	19	路障海盗16	3
4020137	7050616	4	-1	-1	-1	0	-1	21	海鸥海盗16	2
4020137	7050716	5	-1	-1	-1	0	-1	25	火炬武师16	4
4020137	7050616	9	-1	-1	-1	0	-1	23	海鸥海盗16	2
4020137	7050516	5	-1	-1	-1	0	-1	-1	飞索海盗16	3
4020138	7050316	1	-1	-1	-1	0	-1	15	路障海盗16	3
4020138	7050316	1	-1	-1	-1	0	-1	16	铁桶海盗16	3
4020138	8010081	2	-1	-1	-1	0	-1	22	16路障海盗BOSS	5
4020138	7050316	3	-1	-1	-1	0	-1	17	路障海盗16	3
4020138	7050716	5	-1	-1	-1	0	-1	-1	火炬武师16	4
4020138	7050616	6	-1	-1	-1	0	-1	21	海鸥海盗16	2
4020138	7050616	8	-1	-1	-1	0	-1	23	海鸥海盗16	2
										
4020139	7050317	1	-1	-1	-1	0	-1	13	路障海盗17	3
4020139	7050317	2	-1	-1	-1	0	-1	15	路障海盗17	3
4020139	7050317	5	-1	-1	-1	0	-1	17	铁桶海盗17	3
4020139	7050717	6	-1	-1	-1	0	-1	19	火炬武师17	4
4020139	7050617	5	-1	-1	-1	0	-1	21	海鸥海盗17	2
4020139	7050617	5	-1	-1	-1	0	-1	23	海鸥海盗17	2
4020139	7050517	5	-1	-1	-1	0	-1	-1	飞索海盗17	3
4020140	7050317	1	-1	-1	-1	0	-1	15	铁桶海盗17	3
4020140	7050317	3	-1	-1	-1	0	-1	16	路障海盗17	3
4020140	7050317	4	-1	-1	-1	0	-1	17	铁桶海盗17	3
4020140	7050617	5	-1	-1	-1	0	-1	21	海鸥海盗17	2
4020140	7050717	6	-1	-1	-1	0	-1	22	火炬武师17	4
4020140	7050617	8	-1	-1	-1	0	-1	23	海鸥海盗17	2
4020140	7050517	8	-1	-1	-1	0	-1	-1	飞索海盗17	3
4020141	7050217	1	-1	-1	-1	0	-1	15	旗帜海盗17	1
4020141	8010082	2	-1	-1	-1	0	-1	-1	17飞索海盗BOSS	5
4020141	7050217	3	-1	-1	-1	0	-1	16	旗帜海盗17	1
4020141	7050217	3	-1	-1	-1	0	-1	17	旗帜海盗17	1
4020141	7050617	5	-1	-1	-1	0	-1	21	海鸥海盗17	2
4020141	7050717	7	-1	-1	-1	0	-1	22	火炬武师17	4
4020141	7050617	9	-1	-1	-1	0	-1	23	海鸥海盗17	2
										
4020142	7050318	3	-1	-1	-1	0	-1	15	路障海盗18	3
4020142	7050318	4	-1	-1	-1	0	-1	16	铁桶海盗18	3
4020142	7050318	5	-1	-1	-1	0	-1	17	路障海盗18	3
4020142	7050618	6	-1	-1	-1	0	-1	21	海鸥海盗18	2
4020142	7050718	6	-1	-1	-1	0	-1	22	火炬武师18	4
4020142	7050618	6	-1	-1	-1	0	-1	23	海鸥海盗18	2
4020142	7050518	5	-1	-1	-1	0	-1	-1	飞索海盗18	3
4020143	7050318	1	-1	-1	-1	0	-1	15	路障海盗18	3
4020143	7050318	2	-1	-1	-1	0	-1	16	铁桶海盗18	3
4020143	7050318	3	-1	-1	-1	0	-1	17	路障海盗18	3
4020143	7050718	4	-1	-1	-1	0	-1	22	火炬武师18	4
4020143	7050618	5	-1	-1	-1	0	-1	21	海鸥海盗18	2
4020143	7050618	5	-1	-1	-1	0	-1	23	海鸥海盗18	2
4020143	7050518	5	-1	-1	-1	0	-1	-1	飞索海盗18	3
4020144	7050318	1	-1	-1	-1	0	-1	17	铁桶海盗18	3
4020144	7050318	2	-1	-1	-1	0	-1	15	路障海盗18	3
4020144	7050318	3	-1	-1	-1	0	-1	19	铁桶海盗18	3
4020144	7050718	4	-1	-1	-1	0	-1	21	火炬武师18	4
4020144	7050518	5	-1	-1	-1	0	-1	-1	飞索海盗18	3
4020144	7050618	6	-1	-1	-1	0	-1	23	海鸥海盗18	2
4020144	8010083	8	-1	-1	-1	0	-1	25	18海鸥海盗BOSS	5
										
4020145	7050319	1	-1	-1	-1	0	-1	15	路障海盗19	3
4020145	7050319	5	-1	-1	-1	0	-1	17	路障海盗19	3
4020145	7050319	6	-1	-1	-1	0	-1	19	铁桶海盗19	3
4020145	7050619	5	-1	-1	-1	0	-1	21	海鸥海盗19	2
4020145	7050619	5	-1	-1	-1	0	-1	23	海鸥海盗19	2
4020145	7050719	5	-1	-1	-1	0	-1	25	火炬武师19	4
4020145	7050519	5	-1	-1	-1	0	-1	-1	飞索海盗19	3
4020146	7050319	2	-1	-1	-1	0	-1	15	路障海盗19	3
4020146	7050319	3	-1	-1	-1	0	-1	17	路障海盗19	3
4020146	7050319	4	-1	-1	-1	0	-1	19	铁桶海盗19	3
4020146	7050619	6	-1	-1	-1	0	-1	21	海鸥海盗19	2
4020146	7050619	7	-1	-1	-1	0	-1	23	海鸥海盗19	2
4020146	7050719	8	-1	-1	-1	0	-1	25	火炬武师19	4
4020146	7050519	8	-1	-1	-1	0	-1	-1	飞索海盗19	3
4020147	7050319	1	-1	-1	-1	0	-1	15	铁桶海盗19	3
4020147	7050319	2	-1	-1	-1	0	-1	16	路障海盗19	3
4020147	7050319	3	-1	-1	-1	0	-1	17	铁桶海盗19	3
4020147	7050619	4	-1	-1	-1	0	-1	21	海鸥海盗19	2
4020147	8010084	8	-1	-1	-1	0	-1	22	19火炬武师BOSS	5
4020147	7050619	9	-1	-1	-1	0	-1	23	海鸥海盗19	2
4020147	7050519	5	-1	-1	-1	0	-1	-1	飞索海盗19	3
										
4020148	7050320	2	-1	-1	-1	0	-1	15	铁桶海盗20	3
4020148	7050320	3	-1	-1	-1	0	-1	16	路障海盗20	3
4020148	7050320	4	-1	-1	-1	0	-1	17	铁桶海盗20	3
4020148	7050620	5	-1	-1	-1	0	-1	21	海鸥海盗20	2
4020148	7050720	5	-1	-1	-1	0	-1	22	火炬武师20	4
4020148	7050620	5	-1	-1	-1	0	-1	23	海鸥海盗20	2
4020148	7050520	5	-1	-1	-1	0	-1	-1	飞索海盗20	3
4020149	7050320	1	-1	-1	-1	0	-1	15	路障海盗20	3
4020149	7050320	2	-1	-1	-1	0	-1	16	铁桶海盗20	3
4020149	7050320	3	-1	-1	-1	0	-1	17	路障海盗20	3
4020149	7050620	4	-1	-1	-1	0	-1	21	海鸥海盗20	2
4020149	7050720	6	-1	-1	-1	0	-1	22	火炬武师20	4
4020149	7050620	6	-1	-1	-1	0	-1	23	海鸥海盗20	2
4020149	7050520	5	-1	-1	-1	0	-1	-1	飞索海盗20	3
4020150	9010021	3	-1	-1	-1	0	1	-1	20飞索海盗大格	6
4020150	7050720	4	-1	-1	-1	0	1	28	火炬武师20	4
4020150	7050720	5	-1	-1	-1	0	1	26	火炬武师20	4
4020150	7050720	6	-1	-1	-1	0	1	24	火炬武师20	4
										
4020151	7050321	1	-1	-1	-1	0	-1	15	路障海盗21	3
4020151	7050321	3	-1	-1	-1	0	-1	17	路障海盗21	3
4020151	7050321	5	-1	-1	-1	0	-1	19	铁桶海盗21	3
4020151	7050621	5	-1	-1	-1	0	-1	21	海鸥海盗21	2
4020151	7050621	5	-1	-1	-1	0	-1	23	海鸥海盗21	2
4020151	7050721	5	-1	-1	-1	0	-1	25	火炬武师21	4
4020151	7050521	5	-1	-1	-1	0	-1	-1	飞索海盗21	3
4020152	7050321	1	-1	-1	-1	0	-1	15	路障海盗21	3
4020152	7050321	2	-1	-1	-1	0	-1	17	路障海盗21	3
4020152	7050321	4	-1	-1	-1	0	-1	19	铁桶海盗21	3
4020152	7050621	6	-1	-1	-1	0	-1	21	海鸥海盗21	2
4020152	7050621	8	-1	-1	-1	0	-1	23	海鸥海盗21	2
4020152	7050721	8	-1	-1	-1	0	-1	25	火炬武师21	4
4020152	7050521	8	-1	-1	-1	0	-1	-1	飞索海盗21	3
4020153	8010085	1	-1	-1	-1	0	-1	25	21路障海盗BOSS	5
4020153	7050321	2	-1	-1	-1	0	-1	19	路障海盗21	3
4020153	7050321	3	-1	-1	-1	0	-1	17	路障海盗21	3
4020153	7050321	4	-1	-1	-1	0	-1	15	铁桶海盗21	3
4020153	7050721	5	-1	-1	-1	0	-1	-1	火炬武师21	4
4020153	7050621	7	-1	-1	-1	0	-1	21	海鸥海盗21	2
4020153	7050621	9	-1	-1	-1	0	-1	23	海鸥海盗21	2
										
4020154	7050322	1	-1	-1	-1	0	-1	15	铁桶海盗22	3
4020154	7050322	2	-1	-1	-1	0	-1	17	铁桶海盗22	3
4020154	7050322	3	-1	-1	-1	0	-1	19	路障海盗22	3
4020154	7050622	5	-1	-1	-1	0	-1	21	海鸥海盗22	2
4020154	7050622	2	-1	-1	-1	0	-1	23	海鸥海盗22	2
4020154	7050722	2	-1	-1	-1	0	-1	25	火炬武师22	4
4020154	7050522	2	-1	-1	-1	0	-1	-1	飞索海盗22	3
4020155	7050322	1	-1	-1	-1	0	-1	15	路障海盗22	3
4020155	7050322	2	-1	-1	-1	0	-1	17	路障海盗22	3
4020155	7050322	3	-1	-1	-1	0	-1	19	铁桶海盗22	3
4020155	7050622	4	-1	-1	-1	0	-1	21	海鸥海盗22	2
4020155	7050622	8	-1	-1	-1	0	-1	23	海鸥海盗22	2
4020155	7050722	9	-1	-1	-1	0	-1	25	火炬武师22	4
4020155	7050522	5	-1	-1	-1	0	-1	-1	飞索海盗22	3
4020156	7050322	1	-1	-1	-1	0	-1	15	铁桶海盗22	3
4020156	8010086	5	-1	-1	-1	0	-1	-1	22飞索海盗BOSS	5
4020156	7050322	3	-1	-1	-1	0	-1	17	路障海盗22	3
4020156	7050322	4	-1	-1	-1	0	-1	19	路障海盗22	3
4020156	7050622	5	-1	-1	-1	0	-1	21	海鸥海盗22	2
4020156	7050622	6	-1	-1	-1	0	-1	23	海鸥海盗22	2
4020156	7050722	9	-1	-1	-1	0	-1	25	火炬武师22	4
										
4020157	7050323	1	-1	-1	-1	0	-1	15	铁桶海盗23	3
4020157	7050323	3	-1	-1	-1	0	-1	17	铁桶海盗23	3
4020157	7050323	5	-1	-1	-1	0	-1	19	路障海盗23	3
4020157	7050623	6	-1	-1	-1	0	-1	21	海鸥海盗23	2
4020157	7050623	6	-1	-1	-1	0	-1	23	海鸥海盗23	2
4020157	7050723	6	-1	-1	-1	0	-1	25	火炬武师23	4
4020157	7050523	5	-1	-1	-1	0	-1	-1	飞索海盗23	3
4020158	7050323	1	-1	-1	-1	0	-1	15	铁桶海盗23	3
4020158	7050323	2	-1	-1	-1	0	-1	16	路障海盗23	3
4020158	7050323	3	-1	-1	-1	0	-1	17	铁桶海盗23	3
4020158	7050623	4	-1	-1	-1	0	-1	21	海鸥海盗23	2
4020158	7050723	5	-1	-1	-1	0	-1	22	火炬武师23	4
4020158	7050623	6	-1	-1	-1	0	-1	23	海鸥海盗23	2
4020158	7050523	8	-1	-1	-1	0	-1	-1	飞索海盗23	3
4020159	7050323	1	-1	-1	-1	0	-1	15	铁桶海盗23	3
4020159	7050323	2	-1	-1	-1	0	-1	16	路障海盗23	3
4020159	7050323	3	-1	-1	-1	0	-1	17	铁桶海盗23	3
4020159	7050623	4	-1	-1	-1	0	-1	21	海鸥海盗23	2
4020159	7050723	5	-1	-1	-1	0	-1	22	火炬武师23	4
4020159	7050623	6	-1	-1	-1	0	-1	23	海鸥海盗23	2
4020159	8010087	5	-1	-1	-1	0	-1	-1	23海鸥海盗BOSS	5
										
4020160	7050324	1	-1	-1	-1	0	-1	15	铁桶海盗24	3
4020160	7050324	2	-1	-1	-1	0	-1	16	路障海盗24	3
4020160	7050324	4	-1	-1	-1	0	-1	17	铁桶海盗24	3
4020160	7050624	6	-1	-1	-1	0	-1	21	海鸥海盗24	2
4020160	7050724	2	-1	-1	-1	0	-1	22	火炬武师24	4
4020160	7050624	2	-1	-1	-1	0	-1	23	海鸥海盗24	2
4020160	7050524	2	-1	-1	-1	0	-1	-1	飞索海盗24	3
4020161	7050324	1	-1	-1	-1	0	-1	15	路障海盗24	3
4020161	7050324	2	-1	-1	-1	0	-1	17	路障海盗24	3
4020161	7050324	3	-1	-1	-1	0	-1	19	铁桶海盗24	3
4020161	7050624	5	-1	-1	-1	0	-1	21	海鸥海盗24	2
4020161	7050624	7	-1	-1	-1	0	-1	23	海鸥海盗24	2
4020161	7050724	9	-1	-1	-1	0	-1	25	火炬武师24	4
4020161	7050524	5	-1	-1	-1	0	-1	-1	飞索海盗24	3
4020162	7050324	1	-1	-1	-1	0	-1	15	路障海盗24	3
4020162	7050324	2	-1	-1	-1	0	-1	19	铁桶海盗24	3
4020162	7050324	3	-1	-1	-1	0	-1	17	路障海盗24	3
4020162	7050624	4	-1	-1	-1	0	-1	21	海鸥海盗24	2
4020162	7050624	5	-1	-1	-1	0	-1	23	海鸥海盗24	2
4020162	7050524	2	-1	-1	-1	0	-1	-1	飞索海盗24	3
4020162	8010088	8	-1	-1	-1	0	-1	25	24火炬武师BOSS	5
										
4020163	7050325	1	-1	-1	-1	0	-1	17	路障海盗25	3
4020163	7050325	2	-1	-1	-1	0	-1	16	铁桶海盗25	3
4020163	7050525	5	-1	-1	-1	0	-1	-1	飞索海盗25	3
4020163	7050325	4	-1	-1	-1	0	-1	15	路障海盗25	3
4020163	7050625	4	-1	-1	-1	0	-1	21	海鸥海盗25	2
4020163	7050625	4	-1	-1	-1	0	-1	23	海鸥海盗25	2
4020163	7050725	4	-1	-1	-1	0	-1	22	火炬武师25	4
4020164	7050325	1	-1	-1	-1	0	-1	15	路障海盗25	3
4020164	7050325	2	-1	-1	-1	0	-1	19	铁桶海盗25	3
4020164	7050325	3	-1	-1	-1	0	-1	17	路障海盗25	3
4020164	7050625	5	-1	-1	-1	0	-1	21	海鸥海盗25	2
4020164	7050625	5	-1	-1	-1	0	-1	23	海鸥海盗25	2
4020164	7050725	5	-1	-1	-1	0	-1	25	火炬武师25	4
4020164	7050525	5	-1	-1	-1	0	-1	-1	飞索海盗25	3
4020165	9010022	3	-1	-1	-1	0	1	-1	25船长大格	6
4020165	7050725	4	-1	-1	-1	0	1	26	火炬武师25	4
4020165	7050725	5	-1	-1	-1	0	1	24	火炬武师25	4
4020165	7050725	6	-1	-1	-1	0	1	28	火炬武师25	4
										
4020166	7050326	1	-1	-1	-1	0	-1	17	路障海盗26	3
4020166	7050326	2	-1	-1	-1	0	-1	16	铁桶海盗26	3
4020166	7050326	3	-1	-1	-1	0	-1	15	路障海盗26	3
4020166	7050626	5	-1	-1	-1	0	-1	21	海鸥海盗26	2
4020166	7050726	5	-1	-1	-1	0	-1	22	火炬武师26	4
4020166	7050626	5	-1	-1	-1	0	-1	23	海鸥海盗26	2
4020166	7050526	5	-1	-1	-1	0	-1	-1	飞索海盗26	3
4020167	7050326	2	-1	-1	-1	0	-1	15	路障海盗26	3
4020167	7050326	3	-1	-1	-1	0	-1	16	铁桶海盗26	3
4020167	7050326	4	-1	-1	-1	0	-1	17	路障海盗26	3
4020167	7050626	5	-1	-1	-1	0	-1	21	海鸥海盗26	2
4020167	7050726	4	-1	-1	-1	0	-1	22	火炬武师26	4
4020167	7050626	4	-1	-1	-1	0	-1	23	海鸥海盗26	2
4020167	7050526	5	-1	-1	-1	0	-1	-1	飞索海盗26	3
4020168	7050326	1	-1	-1	-1	0	-1	15	路障海盗26	3
4020168	8010089	2	-1	-1	-1	0	-1	22	26路障海盗BOSS	5
4020168	7050326	3	-1	-1	-1	0	-1	16	路障海盗26	3
4020168	7050326	4	-1	-1	-1	0	-1	17	铁桶海盗26	3
4020168	7050626	6	-1	-1	-1	0	-1	21	海鸥海盗26	2
4020168	7050626	7	-1	-1	-1	0	-1	23	海鸥海盗26	2
4020168	7050726	5	-1	-1	-1	0	-1	-1	火炬武师26	4
										
4020169	7050327	1	-1	-1	-1	0	-1	19	铁桶海盗27	3
4020169	7050327	3	-1	-1	-1	0	-1	17	路障海盗27	3
4020169	7050327	5	-1	-1	-1	0	-1	15	路障海盗27	3
4020169	7050627	5	-1	-1	-1	0	-1	21	海鸥海盗27	2
4020169	7050627	5	-1	-1	-1	0	-1	23	海鸥海盗27	2
4020169	7050727	5	-1	-1	-1	0	-1	25	火炬武师27	4
4020169	7050527	5	-1	-1	-1	0	-1	-1	飞索海盗27	3
4020170	7050327	1	-1	-1	-1	0	-1	15	路障海盗27	3
4020170	7050327	2	-1	-1	-1	0	-1	17	路障海盗27	3
4020170	7050327	3	-1	-1	-1	0	-1	19	铁桶海盗27	3
4020170	7050627	5	-1	-1	-1	0	-1	21	海鸥海盗27	2
4020170	7050627	6	-1	-1	-1	0	-1	23	海鸥海盗27	2
4020170	7050727	7	-1	-1	-1	0	-1	25	火炬武师27	4
4020170	7050527	5	-1	-1	-1	0	-1	-1	飞索海盗27	3
4020171	7050327	1	-1	-1	-1	0	-1	17	铁桶海盗27	3
4020171	8010090	2	-1	-1	-1	0	-1	-1	27飞索海盗BOSS	5
4020171	7050327	3	-1	-1	-1	0	-1	15	路障海盗27	3
4020171	7050327	4	-1	-1	-1	0	-1	19	铁桶海盗27	3
4020171	7050627	5	-1	-1	-1	0	-1	21	海鸥海盗27	2
4020171	7050727	6	-1	-1	-1	0	-1	25	火炬武师27	4
4020171	7050627	9	-1	-1	-1	0	-1	23	海鸥海盗27	2
										
4020172	7050328	1	-1	-1	-1	0	-1	19	路障海盗28	3
4020172	7050328	2	-1	-1	-1	0	-1	17	铁桶海盗28	3
4020172	7050328	4	-1	-1	-1	0	-1	15	铁桶海盗28	3
4020172	7050628	5	-1	-1	-1	0	-1	21	海鸥海盗28	2
4020172	7050628	6	-1	-1	-1	0	-1	23	海鸥海盗28	2
4020172	7050728	5	-1	-1	-1	0	-1	25	火炬武师28	4
4020172	7050528	5	-1	-1	-1	0	-1	-1	飞索海盗28	3
4020173	7050328	1	-1	-1	-1	0	-1	15	路障海盗28	3
4020173	7050328	2	-1	-1	-1	0	-1	19	铁桶海盗28	3
4020173	7050328	3	-1	-1	-1	0	-1	17	路障海盗28	3
4020173	7050628	4	-1	-1	-1	0	-1	21	海鸥海盗28	2
4020173	7050528	5	-1	-1	-1	0	-1	-1	飞索海盗28	3
4020173	7050628	6	-1	-1	-1	0	-1	23	海鸥海盗28	2
4020173	7050728	6	-1	-1	-1	0	-1	25	火炬武师28	4
4020174	7050328	1	-1	-1	-1	0	-1	15	路障海盗28	3
4020174	7050328	2	-1	-1	-1	0	-1	19	铁桶海盗28	3
4020174	7050328	3	-1	-1	-1	0	-1	17	路障海盗28	3
4020174	7050628	4	-1	-1	-1	0	-1	21	海鸥海盗28	2
4020174	7050628	5	-1	-1	-1	0	-1	23	海鸥海盗28	2
4020174	7050728	6	-1	-1	-1	0	-1	25	火炬武师28	4
4020174	8010091	5	-1	-1	-1	0	-1	-1	28海鸥海盗BOSS	5
										
4020175	7050329	2	-1	-1	-1	0	-1	15	铁桶海盗29	3
4020175	7050329	4	-1	-1	-1	0	-1	16	路障海盗29	3
4020175	7050329	5	-1	-1	-1	0	-1	17	铁桶海盗29	3
4020175	7050629	6	-1	-1	-1	0	-1	21	海鸥海盗29	2
4020175	7050729	6	-1	-1	-1	0	-1	22	火炬武师29	4
4020175	7050629	6	-1	-1	-1	0	-1	23	海鸥海盗29	2
4020175	7050529	5	-1	-1	-1	0	-1	-1	飞索海盗29	3
4020176	7050329	1	-1	-1	-1	0	-1	19	路障海盗29	3
4020176	7050329	2	-1	-1	-1	0	-1	17	路障海盗29	3
4020176	7050329	3	-1	-1	-1	0	-1	15	铁桶海盗29	3
4020176	7050629	5	-1	-1	-1	0	-1	21	海鸥海盗29	2
4020176	7050729	7	-1	-1	-1	0	-1	25	火炬武师29	4
4020176	7050629	9	-1	-1	-1	0	-1	23	海鸥海盗29	2
4020176	7050529	5	-1	-1	-1	0	-1	-1	飞索海盗29	3
4020177	7050329	1	-1	-1	-1	0	-1	19	路障海盗29	3
4020177	7050329	2	-1	-1	-1	0	-1	17	铁桶海盗29	3
4020177	7050329	3	-1	-1	-1	0	-1	15	路障海盗29	3
4020177	7050629	4	-1	-1	-1	0	-1	21	海鸥海盗29	2
4020177	7050529	5	-1	-1	-1	0	-1	-1	飞索海盗29	3
4020177	8010092	8	-1	-1	-1	0	-1	25	29火炬武师BOSS	5
4020177	7050629	9	-1	-1	-1	0	-1	23	海鸥海盗29	2
										
4020178	7050330	1	-1	-1	-1	0	-1	15	铁桶海盗30	3
4020178	7050330	2	-1	-1	-1	0	-1	16	路障海盗30	3
4020178	7050330	3	-1	-1	-1	0	-1	17	铁桶海盗30	3
4020178	7050630	4	-1	-1	-1	0	-1	21	海鸥海盗30	2
4020178	7050730	6	-1	-1	-1	0	-1	22	火炬武师30	4
4020178	7050630	6	-1	-1	-1	0	-1	23	海鸥海盗30	2
4020178	7050530	6	-1	-1	-1	0	-1	-1	飞索海盗30	3
4020179	7050330	1	-1	-1	-1	0	-1	15	路障海盗30	3
4020179	7050330	2	-1	-1	-1	0	-1	16	铁桶海盗30	3
4020179	7050330	3	-1	-1	-1	0	-1	17	路障海盗30	3
4020179	7050630	5	-1	-1	-1	0	-1	21	海鸥海盗30	2
4020179	7050730	5	-1	-1	-1	0	-1	22	火炬武师30	4
4020179	7050630	5	-1	-1	-1	0	-1	23	海鸥海盗30	2
4020179	7050530	5	-1	-1	-1	0	-1	-1	飞索海盗30	3
4020180	9010023	3	-1	-1	-1	0	1	-1	30船长大格	6
4020180	7050730	4	-1	-1	-1	0	1	26	火炬武师30	4
4020180	7050730	6	-1	-1	-1	0	1	24	火炬武师30	4
4020180	7050730	8	-1	-1	-1	0	1	28	火炬武师30	4
										
										
										
4020181	7060101	1	-1	-1	-1	0	-1	15	普通牛仔1	1
4020181	7060101	2	-1	-1	-1	0	-1	17	普通牛仔1	1
4020181	7060101	5	-1	-1	-1	0	-1	19	普通牛仔1	1
4020181	7060201	6	-1	-1	-1	0	-1	21	路障牛仔1	3
4020181	7060601	6	-1	-1	-1	0	-1	25	钢琴僵尸1	4
4020181	7060201	6	-1	-1	-1	0	-1	23	路障牛仔1	3
4020182	7060201	1	-1	-1	-1	0	-1	15	路障牛仔1	3
4020182	7060201	2	-1	-1	-1	0	-1	17	铁桶牛仔1	3
4020182	7060201	3	-1	-1	-1	0	-1	19	路障牛仔1	3
4020182	7060401	5	-1	-1	-1	0	-1	21	淘金僵尸1	2
4020182	7060601	6	-1	-1	-1	0	-1	23	钢琴僵尸1	4
4020182	7060401	6	-1	-1	-1	0	-1	25	淘金僵尸1	2
4020183	7060201	1	-1	-1	-1	0	-1	15	路障牛仔1	3
4020183	8010093	2	-1	-1	-1	0	-1	25	1路障牛仔BOSS	5
4020183	7060201	3	-1	-1	-1	0	-1	17	路障牛仔1	3
4020183	7060201	4	-1	-1	-1	0	-1	19	路障牛仔1	3
4020183	7060101	5	-1	-1	-1	0	-1	21	普通牛仔1	1
4020183	7060101	6	-1	-1	-1	0	-1	23	普通牛仔1	1
4020183	7060601	5	-1	-1	-1	0	-1	-1	钢琴僵尸1	4
										
4020184	7060102	2	-1	-1	-1	0	-1	15	普通牛仔2	1
4020184	7060202	4	-1	-1	-1	0	-1	16	路障牛仔2	3
4020184	7060102	5	-1	-1	-1	0	-1	17	普通牛仔2	1
4020184	7060202	6	-1	-1	-1	0	-1	21	铁桶牛仔2	3
4020184	7060602	5	-1	-1	-1	0	-1	22	钢琴僵尸2	4
4020184	7060202	5	-1	-1	-1	0	-1	23	铁桶牛仔2	3
4020185	7060202	1	-1	-1	-1	0	-1	17	路障牛仔2	3
4020185	7060202	2	-1	-1	-1	0	-1	16	路障牛仔2	3
4020185	7060202	3	-1	-1	-1	0	-1	15	路障牛仔2	3
4020185	7060602	4	-1	-1	-1	0	-1	22	钢琴僵尸2	4
4020185	7060102	5	-1	-1	-1	0	-1	21	普通牛仔2	1
4020185	7060102	6	-1	-1	-1	0	-1	23	普通牛仔2	1
4020186	7060202	1	-1	-1	-1	0	-1	15	铁桶牛仔2	3
4020186	7060202	2	-1	-1	-1	0	-1	16	铁桶牛仔2	3
4020186	7060202	3	-1	-1	-1	0	-1	17	路障牛仔2	3
4020186	7060602	6	-1	-1	-1	0	-1	21	钢琴僵尸2	4
4020186	7060602	7	-1	-1	-1	0	-1	23	钢琴僵尸2	4
4020186	7060202	3	-1	-1	-1	0	-1	22	路障牛仔2	3
4020186	8010094	8	-1	-1	-1	0	-1	-1	2钢琴BOSS	5
										
4020187	7060203	2	-1	-1	-1	0	-1	17	路障牛仔3	3
4020187	7060203	3	-1	-1	-1	0	-1	19	铁桶牛仔3	3
4020187	7060203	4	-1	-1	-1	0	-1	15	路障牛仔3	3
4020187	7060403	5	-1	-1	-1	0	-1	21	淘金僵尸3	2
4020187	7060403	5	-1	-1	-1	0	-1	23	淘金僵尸3	2
4020187	7060603	5	-1	-1	-1	0	-1	25	钢琴僵尸3	4
4020188	7060203	1	-1	-1	-1	0	-1	17	路障牛仔3	3
4020188	7060203	2	-1	-1	-1	0	-1	16	铁桶牛仔3	3
4020188	7060203	3	-1	-1	-1	0	-1	15	铁桶牛仔3	3
4020188	7060603	4	-1	-1	-1	0	-1	22	钢琴僵尸3	4
4020188	7060403	5	-1	-1	-1	0	-1	21	淘金僵尸3	2
4020188	7060403	6	-1	-1	-1	0	-1	23	淘金僵尸3	2
4020189	7060203	1	-1	-1	-1	0	-1	17	路障牛仔3	3
4020189	8010095	2	-1	-1	-1	0	-1	22	3路障牛仔BOSS	5
4020189	7060203	3	-1	-1	-1	0	-1	15	路障牛仔3	3
4020189	7060203	5	-1	-1	-1	0	-1	16	铁桶牛仔3	3
4020189	7060403	6	-1	-1	-1	0	-1	21	淘金僵尸3	2
4020189	7060403	7	-1	-1	-1	0	-1	23	淘金僵尸3	2
4020189	7060603	5	-1	-1	-1	0	-1	-1	钢琴僵尸3	4
										
4020190	7060204	2	-1	-1	-1	0	-1	15	路障牛仔4	3
4020190	7060204	4	-1	-1	-1	0	-1	16	铁桶牛仔4	3
4020190	7060204	5	-1	-1	-1	0	-1	17	路障牛仔4	3
4020190	7060404	6	-1	-1	-1	0	-1	21	淘金僵尸4	2
4020190	7060604	6	-1	-1	-1	0	-1	22	钢琴僵尸4	4
4020190	7060404	6	-1	-1	-1	0	-1	23	淘金僵尸4	2
4020191	7060204	1	-1	-1	-1	0	-1	19	路障牛仔4	3
4020191	7060204	2	-1	-1	-1	0	-1	17	路障牛仔4	3
4020191	7060204	3	-1	-1	-1	0	-1	15	铁桶牛仔4	3
4020191	7060404	4	-1	-1	-1	0	-1	21	淘金僵尸4	2
4020191	7060404	5	-1	-1	-1	0	-1	23	淘金僵尸4	2
4020191	7060604	6	-1	-1	-1	0	-1	25	钢琴僵尸4	4
4020192	7060204	1	-1	-1	-1	0	-1	19	路障牛仔4	3
4020192	7060204	2	-1	-1	-1	0	-1	17	铁桶牛仔4	3
4020192	7060204	3	-1	-1	-1	0	-1	15	路障牛仔4	3
4020192	7060404	4	-1	-1	-1	0	-1	21	淘金僵尸4	2
4020192	7060404	5	-1	-1	-1	0	-1	23	淘金僵尸4	2
4020192	7060204	7	-1	-1	-1	0	-1	25	铁桶牛仔4	3
4020192	8010096	8	-1	-1	-1	0	-1	-1	4钢琴BOSS	5
										
4020193	7060205	1	-1	-1	-1	0	-1	15	路障牛仔5	3
4020193	7060205	5	-1	-1	-1	0	-1	17	路障牛仔5	3
4020193	7060205	6	-1	-1	-1	0	-1	19	铁桶牛仔5	3
4020193	7060405	6	-1	-1	-1	0	-1	21	淘金僵尸5	2
4020193	7060405	6	-1	-1	-1	0	-1	23	淘金僵尸5	2
4020193	7060605	6	-1	-1	-1	0	-1	25	钢琴僵尸5	4
4020194	7060205	1	-1	-1	-1	0	-1	19	路障牛仔5	3
4020194	7060205	2	-1	-1	-1	0	-1	17	铁桶牛仔5	3
4020194	7060205	3	-1	-1	-1	0	-1	15	路障牛仔5	3
4020194	7060405	4	-1	-1	-1	0	-1	21	淘金僵尸5	2
4020194	7060405	5	-1	-1	-1	0	-1	23	淘金僵尸5	2
4020194	7060605	9	-1	-1	-1	0	-1	25	钢琴僵尸5	4
4020195	9010024	3	-1	-1	-1	0	1	-1	5鸡贼大格	6
4020195	7060605	4	-1	-1	-1	0	1	24	钢琴僵尸5	4
4020195	7060605	5	-1	-1	-1	0	1	26	钢琴僵尸5	4
4020195	7060605	6	-1	-1	-1	0	1	28	钢琴僵尸5	4
										
4020196	7060206	2	-1	-1	-1	0	-1	15	路障牛仔6	3
4020196	7060206	3	-1	-1	-1	0	-1	17	路障牛仔6	3
4020196	7060206	4	-1	-1	-1	0	-1	19	铁桶牛仔6	3
4020196	7060606	5	-1	-1	-1	0	-1	25	钢琴僵尸6	4
4020196	7060406	4	-1	-1	-1	0	-1	21	淘金僵尸6	2
4020196	7060406	4	-1	-1	-1	0	-1	23	淘金僵尸6	2
4020197	7060206	1	-1	-1	-1	0	-1	16	路障牛仔6	3
4020197	7060206	2	-1	-1	-1	0	-1	17	路障牛仔6	3
4020197	7060206	3	-1	-1	-1	0	-1	15	路障牛仔6	3
4020197	7060606	4	-1	-1	-1	0	-1	22	钢琴僵尸6	4
4020197	7060406	5	-1	-1	-1	0	-1	23	淘金僵尸6	2
4020197	7060406	6	-1	-1	-1	0	-1	21	淘金僵尸6	2
4020198	7060206	1	-1	-1	-1	0	-1	15	路障牛仔6	3
4020198	8010097	2	-1	-1	-1	0	-1	22	6路障牛仔BOSS	5
4020198	7060206	3	-1	-1	-1	0	-1	17	铁桶牛仔6	3
4020198	7060206	6	-1	-1	-1	0	-1	16	路障牛仔6	3
4020198	7060406	7	-1	-1	-1	0	-1	21	淘金僵尸6	2
4020198	7060406	8	-1	-1	-1	0	-1	23	淘金僵尸6	2
4020198	7060606	8	-1	-1	-1	0	-1	-1	钢琴僵尸6	4
										
4020199	7060207	1	-1	-1	-1	0	-1	15	路障牛仔7	3
4020199	7060207	3	-1	-1	-1	0	-1	16	路障牛仔7	3
4020199	7060207	5	-1	-1	-1	0	-1	17	铁桶牛仔7	3
4020199	7060407	5	-1	-1	-1	0	-1	21	淘金僵尸7	2
4020199	7060607	5	-1	-1	-1	0	-1	22	钢琴僵尸7	4
4020199	7060407	5	-1	-1	-1	0	-1	23	淘金僵尸7	2
4020200	7060207	1	-1	-1	-1	0	-1	15	路障牛仔7	3
4020200	7060207	2	-1	-1	-1	0	-1	19	铁桶牛仔7	3
4020200	7060207	3	-1	-1	-1	0	-1	17	路障牛仔7	3
4020200	7060607	5	-1	-1	-1	0	-1	25	钢琴僵尸7	4
4020200	7060407	6	-1	-1	-1	0	-1	21	淘金僵尸7	2
4020200	7060407	6	-1	-1	-1	0	-1	23	淘金僵尸7	2
4020201	7060207	1	-1	-1	-1	0	-1	15	路障牛仔7	3
4020201	7060207	2	-1	-1	-1	0	-1	17	路障牛仔7	3
4020201	7060207	3	-1	-1	-1	0	-1	19	铁桶牛仔7	3
4020201	7060407	5	-1	-1	-1	0	-1	21	淘金僵尸7	2
4020201	7060407	7	-1	-1	-1	0	-1	23	淘金僵尸7	2
4020201	8010098	8	-1	-1	-1	0	-1	-1	7钢琴BOSS	5
4020201	7060607	9	-1	-1	-1	0	-1	25	钢琴僵尸7	4
										
4020202	7060208	1	-1	-1	-1	0	-1	15	路障牛仔8	3
4020202	7060208	2	-1	-1	-1	0	-1	19	铁桶牛仔8	3
4020202	7060208	3	-1	-1	-1	0	-1	17	路障牛仔8	3
4020202	7060408	5	-1	-1	-1	0	-1	21	淘金僵尸8	2
4020202	7060408	5	-1	-1	-1	0	-1	23	淘金僵尸8	2
4020202	7060608	5	-1	-1	-1	0	-1	25	钢琴僵尸8	4
4020203	7060208	1	-1	-1	-1	0	-1	15	路障牛仔8	3
4020203	7060208	2	-1	-1	-1	0	-1	16	路障牛仔8	3
4020203	7060208	3	-1	-1	-1	0	-1	17	铁桶牛仔8	3
4020203	7060608	4	-1	-1	-1	0	-1	22	钢琴僵尸8	4
4020203	7060408	5	-1	-1	-1	0	-1	21	淘金僵尸8	2
4020203	7060408	6	-1	-1	-1	0	-1	23	淘金僵尸8	2
4020204	7060208	1	-1	-1	-1	0	-1	16	铁桶牛仔8	3
4020204	7060208	2	-1	-1	-1	0	-1	15	路障牛仔8	3
4020204	8010099	3	-1	-1	-1	0	-1	22	8路障牛仔BOSS	5
4020204	7060208	4	-1	-1	-1	0	-1	17	路障牛仔8	3
4020204	7060408	9	-1	-1	-1	0	-1	21	淘金僵尸8	2
4020204	7060408	9	-1	-1	-1	0	-1	23	淘金僵尸8	2
4020204	7060608	5	-1	-1	-1	0	-1	-1	钢琴僵尸8	4
										
4020205	7060209	1	-1	-1	-1	0	-1	17	路障牛仔9	3
4020205	7060209	3	-1	-1	-1	0	-1	19	铁桶牛仔9	3
4020205	7060209	5	-1	-1	-1	0	-1	15	路障牛仔9	3
4020205	7060609	6	-1	-1	-1	0	-1	25	钢琴僵尸9	4
4020205	7060409	3	-1	-1	-1	0	-1	21	淘金僵尸9	2
4020205	7060409	5	-1	-1	-1	0	-1	23	淘金僵尸9	2
4020206	7060209	1	-1	-1	-1	0	-1	17	路障牛仔9	3
4020206	7060209	2	-1	-1	-1	0	-1	16	铁桶牛仔9	3
4020206	7060209	3	-1	-1	-1	0	-1	15	路障牛仔9	3
4020206	7060409	4	-1	-1	-1	0	-1	21	淘金僵尸9	2
4020206	7060609	6	-1	-1	-1	0	-1	22	钢琴僵尸9	4
4020206	7060409	6	-1	-1	-1	0	-1	23	淘金僵尸9	2
4020207	7060209	1	-1	-1	-1	0	-1	19	路障牛仔9	3
4020207	7060209	2	-1	-1	-1	0	-1	17	铁桶牛仔9	3
4020207	7060209	3	-1	-1	-1	0	-1	15	铁桶牛仔9	3
4020207	7060409	5	-1	-1	-1	0	-1	21	淘金僵尸9	2
4020207	8010100	5	-1	-1	-1	0	-1	-1	9钢琴BOSS	5
4020207	7060409	8	-1	-1	-1	0	-1	23	淘金僵尸9	2
4020207	7060609	9	-1	-1	-1	0	-1	25	钢琴僵尸9	4
										
4020208	7060210	1	-1	-1	-1	0	-1	17	路障牛仔10	3
4020208	7060210	2	-1	-1	-1	0	-1	15	路障牛仔10	3
4020208	7060210	4	-1	-1	-1	0	-1	16	铁桶牛仔10	3
4020208	7060410	6	-1	-1	-1	0	-1	21	淘金僵尸10	2
4020208	7060610	6	-1	-1	-1	0	-1	22	钢琴僵尸10	4
4020208	7060410	6	-1	-1	-1	0	-1	23	淘金僵尸10	2
4020209	7060210	1	-1	-1	-1	0	-1	15	路障牛仔10	3
4020209	7060210	2	-1	-1	-1	0	-1	19	铁桶牛仔10	3
4020209	7060210	3	-1	-1	-1	0	-1	17	路障牛仔10	3
4020209	7060410	4	-1	-1	-1	0	-1	21	淘金僵尸10	2
4020209	7060610	5	-1	-1	-1	0	-1	22	钢琴僵尸10	4
4020209	7060410	6	-1	-1	-1	0	-1	23	淘金僵尸10	2
4020210	9010025	3	-1	-1	-1	0	1	-1	10淘金大格	6
4020210	7060610	5	-1	-1	-1	0	1	24	钢琴僵尸10	4
4020210	7060610	7	-1	-1	-1	0	1	26	钢琴僵尸10	4
4020210	7060610	9	-1	-1	-1	0	1	28	钢琴僵尸10	4
										
4020211	7060211	1	-1	-1	-1	0	-1	15	路障牛仔11	3
4020211	7060211	2	-1	-1	-1	0	-1	16	铁桶牛仔11	3
4020211	7060211	3	-1	-1	-1	0	-1	17	路障牛仔11	3
4020211	7060411	4	-1	-1	-1	0	-1	21	淘金僵尸11	2
4020211	7060611	4	-1	-1	-1	0	-1	22	钢琴僵尸11	4
4020211	7060411	4	-1	-1	-1	0	-1	23	淘金僵尸11	2
4020212	7060211	1	-1	-1	-1	0	-1	17	路障牛仔11	3
4020212	7060211	2	-1	-1	-1	0	-1	16	铁桶牛仔11	3
4020212	7060211	3	-1	-1	-1	0	-1	15	路障牛仔11	3
4020212	7060411	4	-1	-1	-1	0	-1	21	淘金僵尸11	2
4020212	7060611	5	-1	-1	-1	0	-1	22	钢琴僵尸11	4
4020212	7060411	5	-1	-1	-1	0	-1	23	淘金僵尸11	2
4020213	7060211	1	-1	-1	-1	0	-1	15	路障牛仔11	3
4020213	8010101	2	-1	-1	-1	0	-1	22	11路障牛仔BOSS	5
4020213	7060211	3	-1	-1	-1	0	-1	16	铁桶牛仔11	3
4020213	7060211	4	-1	-1	-1	0	-1	17	路障牛仔11	3
4020213	7060411	6	-1	-1	-1	0	-1	21	淘金僵尸11	2
4020213	7060411	8	-1	-1	-1	0	-1	23	淘金僵尸11	2
4020213	7060611	5	-1	-1	-1	0	-1	-1	钢琴僵尸11	4
										
4020214	7060212	1	-1	-1	-1	0	-1	17	路障牛仔12	3
4020214	7060212	2	-1	-1	-1	0	-1	16	铁桶牛仔12	3
4020214	7060212	3	-1	-1	-1	0	-1	15	路障牛仔12	3
4020214	7060412	5	-1	-1	-1	0	-1	21	淘金僵尸12	2
4020214	7060412	5	-1	-1	-1	0	-1	23	淘金僵尸12	2
4020214	7060612	5	-1	-1	-1	0	-1	22	钢琴僵尸12	4
4020215	7060212	1	-1	-1	-1	0	-1	15	路障牛仔12	3
4020215	7060212	2	-1	-1	-1	0	-1	19	路障牛仔12	3
4020215	7060212	3	-1	-1	-1	0	-1	17	铁桶牛仔12	3
4020215	7060612	4	-1	-1	-1	0	-1	25	钢琴僵尸12	4
4020215	7060412	5	-1	-1	-1	0	-1	23	淘金僵尸12	2
4020215	7060412	6	-1	-1	-1	0	-1	21	淘金僵尸12	2
4020216	7060212	1	-1	-1	-1	0	-1	15	路障牛仔12	3
4020216	7060212	2	-1	-1	-1	0	-1	19	铁桶牛仔12	3
4020216	7060212	3	-1	-1	-1	0	-1	17	路障牛仔12	3
4020216	7060412	4	-1	-1	-1	0	-1	21	淘金僵尸12	2
4020216	7060412	5	-1	-1	-1	0	-1	23	淘金僵尸12	2
4020216	7060612	6	-1	-1	-1	0	-1	25	钢琴僵尸12	4
4020216	8010102	5	-1	-1	-1	0	-1	-1	12钢琴BOSS	5
										
4020217	7060213	1	-1	-1	-1	0	-1	19	路障牛仔13	3
4020217	7060213	3	-1	-1	-1	0	-1	17	铁桶牛仔13	3
4020217	7060213	5	-1	-1	-1	0	-1	15	铁桶牛仔13	3
4020217	7060413	5	-1	-1	-1	0	-1	21	淘金僵尸13	2
4020217	7060413	5	-1	-1	-1	0	-1	23	淘金僵尸13	2
4020217	7060613	5	-1	-1	-1	0	-1	25	钢琴僵尸13	4
4020218	7060213	1	-1	-1	-1	0	-1	15	路障牛仔13	3
4020218	7060213	2	-1	-1	-1	0	-1	16	铁桶牛仔13	3
4020218	7060213	3	-1	-1	-1	0	-1	17	路障牛仔13	3
4020218	7060413	4	-1	-1	-1	0	-1	21	淘金僵尸13	2
4020218	7060613	6	-1	-1	-1	0	-1	22	钢琴僵尸13	4
4020218	7060413	6	-1	-1	-1	0	-1	23	淘金僵尸13	2
4020219	7060213	1	-1	-1	-1	0	-1	16	铁桶牛仔13	3
4020219	8010103	2	-1	-1	-1	0	-1	22	13路障牛仔BOSS	5
4020219	7060213	3	-1	-1	-1	0	-1	17	铁桶牛仔13	3
4020219	7060213	5	-1	-1	-1	0	-1	15	路障牛仔13	3
4020219	7060413	6	-1	-1	-1	0	-1	21	淘金僵尸13	2
4020219	7060413	7	-1	-1	-1	0	-1	23	淘金僵尸13	2
4020219	7060613	8	-1	-1	-1	0	-1	-1	钢琴僵尸13	4
										
4020220	7060214	1	-1	-1	-1	0	-1	16	路障牛仔14	3
4020220	7060214	2	-1	-1	-1	0	-1	17	铁桶牛仔14	3
4020220	7060214	4	-1	-1	-1	0	-1	15	铁桶牛仔14	3
4020220	7060614	5	-1	-1	-1	0	-1	22	钢琴僵尸14	4
4020220	7060414	6	-1	-1	-1	0	-1	21	淘金僵尸14	2
4020220	7060414	6	-1	-1	-1	0	-1	23	淘金僵尸14	2
4020221	7060214	1	-1	-1	-1	0	-1	15	路障牛仔14	3
4020221	7060214	2	-1	-1	-1	0	-1	17	路障牛仔14	3
4020221	7060214	4	-1	-1	-1	0	-1	19	铁桶牛仔14	3
4020221	7060414	5	-1	-1	-1	0	-1	21	淘金僵尸14	2
4020221	7060414	6	-1	-1	-1	0	-1	23	淘金僵尸14	2
4020221	7060614	6	-1	-1	-1	0	-1	25	钢琴僵尸14	4
4020222	7060214	1	-1	-1	-1	0	-1	17	路障牛仔14	3
4020222	7060214	2	-1	-1	-1	0	-1	16	铁桶牛仔14	3
4020222	7060214	2	-1	-1	-1	0	-1	15	铁桶牛仔14	3
4020222	8010104	5	-1	-1	-1	0	-1	-1	14钢琴BOSS	5
4020222	7060414	7	-1	-1	-1	0	-1	21	淘金僵尸14	2
4020222	7060414	8	-1	-1	-1	0	-1	23	淘金僵尸14	2
4020222	7060614	9	-1	-1	-1	0	-1	25	钢琴僵尸14	4
										
										
4020223	7060215	2	-1	-1	-1	0	-1	17	路障牛仔15	3
4020223	7060215	4	-1	-1	-1	0	-1	15	铁桶牛仔15	3
4020223	7060215	5	-1	-1	-1	0	-1	16	路障牛仔15	3
4020223	7060415	6	-1	-1	-1	0	-1	21	淘金僵尸15	2
4020223	7060615	6	-1	-1	-1	0	-1	22	钢琴僵尸15	4
4020223	7060415	6	-1	-1	-1	0	-1	23	淘金僵尸15	2
4020224	7060215	1	-1	-1	-1	0	-1	15	铁桶牛仔15	3
4020224	7060215	2	-1	-1	-1	0	-1	19	铁桶牛仔15	3
4020224	7060215	3	-1	-1	-1	0	-1	17	路障牛仔15	3
4020224	7060415	4	-1	-1	-1	0	-1	21	淘金僵尸15	2
4020224	7060415	5	-1	-1	-1	0	-1	23	淘金僵尸15	2
4020224	7060615	6	-1	-1	-1	0	-1	25	钢琴僵尸15	4
4020225	9010026	3	-1	-1	-1	0	1	-1	15钢琴大格	6
4020225	7060615	4	-1	-1	-1	0	1	28	钢琴僵尸15	4
4020225	7060615	5	-1	-1	-1	0	1	26	钢琴僵尸15	4
4020225	7060615	9	-1	-1	-1	0	1	24	钢琴僵尸15	4
										
4020226	7060216	1	-1	-1	-1	0	-1	15	铁桶牛仔16	3
4020226	7060216	2	-1	-1	-1	0	-1	16	路障牛仔16	3
4020226	7060216	3	-1	-1	-1	0	-1	17	铁桶牛仔16	3
4020226	7060416	4	-1	-1	-1	0	-1	21	淘金僵尸16	2
4020226	7060616	6	-1	-1	-1	0	-1	22	钢琴僵尸16	4
4020226	7060416	6	-1	-1	-1	0	-1	23	淘金僵尸16	2
4020227	7060216	1	-1	-1	-1	0	-1	15	路障牛仔16	3
4020227	7060216	2	-1	-1	-1	0	-1	17	路障牛仔16	3
4020227	7060216	3	-1	-1	-1	0	-1	19	铁桶牛仔16	3
4020227	7060416	4	-1	-1	-1	0	-1	21	淘金僵尸16	2
4020227	7060416	5	-1	-1	-1	0	-1	23	淘金僵尸16	2
4020227	7060616	6	-1	-1	-1	0	-1	25	钢琴僵尸16	4
4020228	8010105	1	-1	-1	-1	0	-1	25	16路障牛仔BOSS	5
4020228	7060216	2	-1	-1	-1	0	-1	15	铁桶牛仔16	3
4020228	7060216	3	-1	-1	-1	0	-1	17	路障牛仔16	3
4020228	7060216	3	-1	-1	-1	0	-1	19	路障牛仔16	3
4020228	7060416	4	-1	-1	-1	0	-1	21	淘金僵尸16	2
4020228	7060416	5	-1	-1	-1	0	-1	23	淘金僵尸16	2
4020228	7060616	5	-1	-1	-1	0	-1	25	钢琴僵尸16	4
										
4020229	7060217	1	-1	-1	-1	0	-1	15	铁桶牛仔17	3
4020229	7060217	2	-1	-1	-1	0	-1	17	铁桶牛仔17	3
4020229	7060217	3	-1	-1	-1	0	-1	19	路障牛仔17	3
4020229	7060417	5	-1	-1	-1	0	-1	21	淘金僵尸17	2
4020229	7060417	5	-1	-1	-1	0	-1	23	淘金僵尸17	2
4020229	7060617	5	-1	-1	-1	0	-1	25	钢琴僵尸17	4
4020230	7060217	1	-1	-1	-1	0	-1	19	铁桶牛仔17	3
4020230	7060217	2	-1	-1	-1	0	-1	17	路障牛仔17	3
4020230	7060217	3	-1	-1	-1	0	-1	15	路障牛仔17	3
4020230	7060417	4	-1	-1	-1	0	-1	21	淘金僵尸17	2
4020230	7060417	5	-1	-1	-1	0	-1	23	淘金僵尸17	2
4020230	7060617	5	-1	-1	-1	0	-1	25	钢琴僵尸17	4
4020231	7060217	1	-1	-1	-1	0	-1	15	路障牛仔17	3
4020231	7060217	2	-1	-1	-1	0	-1	19	铁桶牛仔17	3
4020231	7060217	3	-1	-1	-1	0	-1	17	铁桶牛仔17	3
4020231	7060417	4	-1	-1	-1	0	-1	21	淘金僵尸17	2
4020231	7060417	5	-1	-1	-1	0	-1	23	淘金僵尸17	2
4020231	7060617	7	-1	-1	-1	0	-1	25	钢琴僵尸17	4
4020231	8010106	8	-1	-1	-1	0	-1	-1	17钢琴BOSS	5
										
4020232	7060218	1	-1	-1	-1	0	-1	17	路障牛仔18	3
4020232	7060218	2	-1	-1	-1	0	-1	16	铁桶牛仔18	3
4020232	7060218	3	-1	-1	-1	0	-1	15	路障牛仔18	3
4020232	7060418	5	-1	-1	-1	0	-1	21	淘金僵尸18	2
4020232	7060618	6	-1	-1	-1	0	-1	22	钢琴僵尸18	4
4020232	7060418	6	-1	-1	-1	0	-1	23	淘金僵尸18	2
4020233	7060218	1	-1	-1	-1	0	-1	19	路障牛仔18	3
4020233	7060218	2	-1	-1	-1	0	-1	17	路障牛仔18	3
4020233	7060218	3	-1	-1	-1	0	-1	15	路障牛仔18	3
4020233	7060418	4	-1	-1	-1	0	-1	21	淘金僵尸18	2
4020233	7060418	5	-1	-1	-1	0	-1	23	淘金僵尸18	2
4020233	7060618	6	-1	-1	-1	0	-1	25	钢琴僵尸18	4
4020234	7060218	1	-1	-1	-1	0	-1	19	铁桶牛仔18	3
4020234	8010107	2	-1	-1	-1	0	-1	25	18路障牛仔BOSS	5
4020234	7060218	3	-1	-1	-1	0	-1	15	铁桶牛仔18	3
4020234	7060218	4	-1	-1	-1	0	-1	17	路障牛仔18	3
4020234	7060418	5	-1	-1	-1	0	-1	21	淘金僵尸18	2
4020234	7060418	6	-1	-1	-1	0	-1	23	淘金僵尸18	2
4020234	7060618	8	-1	-1	-1	0	-1	-1	钢琴僵尸18	4
										
4020235	7060219	1	-1	-1	-1	0	-1	16	路障牛仔19	3
4020235	7060219	2	-1	-1	-1	0	-1	15	铁桶牛仔19	3
4020235	7060219	3	-1	-1	-1	0	-1	17	铁桶牛仔19	3
4020235	7060419	5	-1	-1	-1	0	-1	21	淘金僵尸19	2
4020235	7060419	5	-1	-1	-1	0	-1	23	淘金僵尸19	2
4020235	7060619	5	-1	-1	-1	0	-1	22	钢琴僵尸19	4
4020236	7060219	2	-1	-1	-1	0	-1	19	铁桶牛仔19	3
4020236	7060219	3	-1	-1	-1	0	-1	17	路障牛仔19	3
4020236	7060219	4	-1	-1	-1	0	-1	15	路障牛仔19	3
4020236	7060419	5	-1	-1	-1	0	-1	21	淘金僵尸19	2
4020236	7060419	6	-1	-1	-1	0	-1	23	淘金僵尸19	2
4020236	7060619	6	-1	-1	-1	0	-1	25	钢琴僵尸19	4
4020237	7060219	1	-1	-1	-1	0	-1	15	铁桶牛仔19	3
4020237	7060219	2	-1	-1	-1	0	-1	19	路障牛仔19	3
4020237	7060219	3	-1	-1	-1	0	-1	17	铁桶牛仔19	3
4020237	7060419	4	-1	-1	-1	0	-1	21	淘金僵尸19	2
4020237	8010108	8	-1	-1	-1	0	-1	-1	19钢琴BOSS	5
4020237	7060419	8	-1	-1	-1	0	-1	23	淘金僵尸19	2
4020237	7060619	9	-1	-1	-1	0	-1	25	钢琴僵尸19	4
										
4020238	7060220	1	-1	-1	-1	0	-1	15	路障牛仔20	3
4020238	7060220	2	-1	-1	-1	0	-1	16	路障牛仔20	3
4020238	7060220	3	-1	-1	-1	0	-1	17	铁桶牛仔20	3
4020238	7060420	5	-1	-1	-1	0	-1	21	淘金僵尸20	2
4020238	7060420	6	-1	-1	-1	0	-1	23	淘金僵尸20	2
4020238	7060620	6	-1	-1	-1	0	-1	22	钢琴僵尸20	4
4020239	7060220	1	-1	-1	-1	0	-1	15	路障牛仔20	3
4020239	7060220	2	-1	-1	-1	0	-1	19	铁桶牛仔20	3
4020239	7060220	4	-1	-1	-1	0	-1	17	路障牛仔20	3
4020239	7060420	5	-1	-1	-1	0	-1	21	淘金僵尸20	2
4020239	7060420	6	-1	-1	-1	0	-1	23	淘金僵尸20	2
4020239	7060620	6	-1	-1	-1	0	-1	25	钢琴僵尸20	4
4020240	9010027	3	-1	-1	-1	0	1	-1	20机器牛大格	6
4020240	7060620	7	-1	-1	-1	0	1	24	钢琴僵尸20	4
4020240	7060620	8	-1	-1	-1	0	1	28	钢琴僵尸20	4
4020240	7060620	9	-1	-1	-1	0	1	26	钢琴僵尸20	4
										
4020241	7060221	1	-1	-1	-1	0	-1	15	铁桶牛仔21	3
4020241	7060221	2	-1	-1	-1	0	-1	16	路障牛仔21	3
4020241	7060221	3	-1	-1	-1	0	-1	17	铁桶牛仔21	3
4020241	7060421	5	-1	-1	-1	0	-1	21	淘金僵尸21	2
4020241	7060621	6	-1	-1	-1	0	-1	22	钢琴僵尸21	4
4020241	7060421	6	-1	-1	-1	0	-1	23	淘金僵尸21	2
4020242	7060221	1	-1	-1	-1	0	-1	17	路障牛仔21	3
4020242	7060221	2	-1	-1	-1	0	-1	16	铁桶牛仔21	3
4020242	7060221	3	-1	-1	-1	0	-1	15	路障牛仔21	3
4020242	7060421	4	-1	-1	-1	0	-1	21	淘金僵尸21	2
4020242	7060621	5	-1	-1	-1	0	-1	22	钢琴僵尸21	4
4020242	7060421	6	-1	-1	-1	0	-1	23	淘金僵尸21	2
4020243	7060221	1	-1	-1	-1	0	-1	17	路障牛仔21	3
4020243	7060221	2	-1	-1	-1	0	-1	16	路障牛仔21	3
4020243	7060221	2	-1	-1	-1	0	-1	15	路障牛仔21	3
4020243	8010109	3	-1	-1	-1	0	-1	22	21路障牛仔BOSS	5
4020243	7060421	5	-1	-1	-1	0	-1	23	淘金僵尸21	2
4020243	7060421	6	-1	-1	-1	0	-1	21	淘金僵尸21	2
4020243	7060621	5	-1	-1	-1	0	-1	-1	钢琴僵尸21	4
										
4020244	7060222	1	-1	-1	-1	0	-1	15	铁桶牛仔22	3
4020244	7060222	2	-1	-1	-1	0	-1	16	路障牛仔22	3
4020244	7060222	3	-1	-1	-1	0	-1	17	铁桶牛仔22	3
4020244	7060422	4	-1	-1	-1	0	-1	21	淘金僵尸22	2
4020244	7060622	5	-1	-1	-1	0	-1	22	钢琴僵尸22	4
4020244	7060422	5	-1	-1	-1	0	-1	23	淘金僵尸22	2
4020245	7060222	1	-1	-1	-1	0	-1	17	路障牛仔22	3
4020245	7060222	2	-1	-1	-1	0	-1	16	铁桶牛仔22	3
4020245	7060222	3	-1	-1	-1	0	-1	15	路障牛仔22	3
4020245	7060422	4	-1	-1	-1	0	-1	21	淘金僵尸22	2
4020245	7060622	5	-1	-1	-1	0	-1	22	钢琴僵尸22	4
4020245	7060422	6	-1	-1	-1	0	-1	23	淘金僵尸22	2
4020246	7060222	1	-1	-1	-1	0	-1	17	铁桶牛仔22	3
4020246	7060222	2	-1	-1	-1	0	-1	16	铁桶牛仔22	3
4020246	7060222	3	-1	-1	-1	0	-1	15	路障牛仔22	3
4020246	7060422	4	-1	-1	-1	0	-1	21	淘金僵尸22	2
4020246	7060222	5	-1	-1	-1	0	-1	22	铁桶牛仔22	3
4020246	7060422	6	-1	-1	-1	0	-1	23	淘金僵尸22	2
4020246	8010110	9	-1	-1	-1	0	-1	-1	22钢琴BOSS	5
										
4020247	7060223	1	-1	-1	-1	0	-1	15	路障牛仔23	3
4020247	7060223	2	-1	-1	-1	0	-1	17	铁桶牛仔23	3
4020247	7060223	3	-1	-1	-1	0	-1	19	路障牛仔23	3
4020247	7060623	4	-1	-1	-1	0	-1	25	钢琴僵尸23	4
4020247	7060423	6	-1	-1	-1	0	-1	23	淘金僵尸23	2
4020247	7060423	6	-1	-1	-1	0	-1	21	淘金僵尸23	2
4020248	7060223	1	-1	-1	-1	0	-1	15	路障牛仔23	3
4020248	7060223	2	-1	-1	-1	0	-1	17	路障牛仔23	3
4020248	7060223	3	-1	-1	-1	0	-1	19	铁桶牛仔23	3
4020248	7060623	4	-1	-1	-1	0	-1	25	钢琴僵尸23	4
4020248	7060423	5	-1	-1	-1	0	-1	23	淘金僵尸23	2
4020248	7060423	6	-1	-1	-1	0	-1	21	淘金僵尸23	2
4020249	8010111	1	-1	-1	-1	0	-1	22	23路障牛仔BOSS	5
4020249	7060223	2	-1	-1	-1	0	-1	15	铁桶牛仔23	3
4020249	7060223	3	-1	-1	-1	0	-1	16	路障牛仔23	3
4020249	7060223	4	-1	-1	-1	0	-1	17	铁桶牛仔23	3
4020249	7060423	5	-1	-1	-1	0	-1	21	淘金僵尸23	2
4020249	7060423	6	-1	-1	-1	0	-1	23	淘金僵尸23	2
4020249	7060623	5	-1	-1	-1	0	-1	-1	钢琴僵尸23	4
										
4020250	7060124	1	-1	-1	-1	0	-1	17	普通牛仔24	1
4020250	7060124	2	-1	-1	-1	0	-1	15	普通牛仔24	1
4020250	7060124	3	-1	-1	-1	0	-1	19	普通牛仔24	1
4020250	7060424	5	-1	-1	-1	0	-1	21	淘金僵尸24	2
4020250	7060424	6	-1	-1	-1	0	-1	23	淘金僵尸24	2
4020250	7060624	6	-1	-1	-1	0	-1	25	钢琴僵尸24	4
4020251	7060224	1	-1	-1	-1	0	-1	15	路障牛仔24	3
4020251	7060224	2	-1	-1	-1	0	-1	16	铁桶牛仔24	3
4020251	7060224	3	-1	-1	-1	0	-1	17	路障牛仔24	3
4020251	7060424	5	-1	-1	-1	0	-1	21	淘金僵尸24	2
4020251	7060624	5	-1	-1	-1	0	-1	22	钢琴僵尸24	4
4020251	7060424	5	-1	-1	-1	0	-1	23	淘金僵尸24	2
4020252	7060224	1	-1	-1	-1	0	-1	17	路障牛仔24	3
4020252	7060224	2	-1	-1	-1	0	-1	16	铁桶牛仔24	3
4020252	7060224	3	-1	-1	-1	0	-1	15	路障牛仔24	3
4020252	7060624	4	-1	-1	-1	0	-1	22	钢琴僵尸24	4
4020252	7060424	5	-1	-1	-1	0	-1	21	淘金僵尸24	2
4020252	7060424	6	-1	-1	-1	0	-1	23	淘金僵尸24	2
4020252	8010112	5	-1	-1	-1	0	-1	-1	24钢琴BOSS	5
										
4020253	7060225	1	-1	-1	-1	0	-1	15	路障牛仔25	3
4020253	7060225	2	-1	-1	-1	0	-1	17	路障牛仔25	3
4020253	7060225	3	-1	-1	-1	0	-1	19	铁桶牛仔25	3
4020253	7060625	4	-1	-1	-1	0	-1	25	钢琴僵尸25	4
4020253	7060425	6	-1	-1	-1	0	-1	21	淘金僵尸25	2
4020253	7060425	6	-1	-1	-1	0	-1	23	淘金僵尸25	2
4020254	7060225	2	-1	-1	-1	0	-1	15	路障牛仔25	3
4020254	7060225	3	-1	-1	-1	0	-1	16	铁桶牛仔25	3
4020254	7060225	4	-1	-1	-1	0	-1	17	路障牛仔25	3
4020254	7060425	5	-1	-1	-1	0	-1	21	淘金僵尸25	2
4020254	7060625	5	-1	-1	-1	0	-1	22	钢琴僵尸25	4
4020254	7060425	5	-1	-1	-1	0	-1	23	淘金僵尸25	2
4020255	9010028	3	-1	-1	-1	0	1	-1	25僵尸警长大格	6
4020255	7060625	5	-1	-1	-1	0	1	24	钢琴僵尸25	4
4020255	7060625	7	-1	-1	-1	0	1	26	钢琴僵尸25	4
4020255	7060625	9	-1	-1	-1	0	1	28	钢琴僵尸25	4
										
4020256	7060226	1	-1	-1	-1	0	-1	15	铁桶牛仔26	3
4020256	7060226	2	-1	-1	-1	0	-1	19	路障牛仔26	3
4020256	7060226	3	-1	-1	-1	0	-1	17	铁桶牛仔26	3
4020256	7060626	5	-1	-1	-1	0	-1	25	钢琴僵尸26	4
4020256	7060426	6	-1	-1	-1	0	-1	21	淘金僵尸26	2
4020256	7060426	6	-1	-1	-1	0	-1	23	淘金僵尸26	2
4020257	7060226	1	-1	-1	-1	0	-1	15	路障牛仔26	3
4020257	7060226	2	-1	-1	-1	0	-1	17	路障牛仔26	3
4020257	7060226	3	-1	-1	-1	0	-1	19	铁桶牛仔26	3
4020257	7060626	5	-1	-1	-1	0	-1	25	钢琴僵尸26	4
4020257	7060426	6	-1	-1	-1	0	-1	21	淘金僵尸26	2
4020257	7060426	6	-1	-1	-1	0	-1	23	淘金僵尸26	2
4020258	7060226	1	-1	-1	-1	0	-1	16	路障牛仔26	3
4020258	8010113	2	-1	-1	-1	0	-1	22	26路障牛仔BOSS	5
4020258	7060226	3	-1	-1	-1	0	-1	15	路障牛仔26	3
4020258	7060226	4	-1	-1	-1	0	-1	17	路障牛仔26	3
4020258	7060426	6	-1	-1	-1	0	-1	21	淘金僵尸26	2
4020258	7060426	7	-1	-1	-1	0	-1	23	淘金僵尸26	2
4020258	7060626	8	-1	-1	-1	0	-1	-1	钢琴僵尸26	4
										
4020259	7060227	1	-1	-1	-1	0	-1	15	铁桶牛仔27	3
4020259	7060227	2	-1	-1	-1	0	-1	16	路障牛仔27	3
4020259	7060227	6	-1	-1	-1	0	-1	17	铁桶牛仔27	3
4020259	7060427	6	-1	-1	-1	0	-1	21	淘金僵尸27	2
4020259	7060627	6	-1	-1	-1	0	-1	22	钢琴僵尸27	4
4020259	7060427	6	-1	-1	-1	0	-1	23	淘金僵尸27	2
4020260	7060227	1	-1	-1	-1	0	-1	17	路障牛仔27	3
4020260	7060227	2	-1	-1	-1	0	-1	16	铁桶牛仔27	3
4020260	7060227	3	-1	-1	-1	0	-1	15	路障牛仔27	3
4020260	7060627	4	-1	-1	-1	0	-1	22	钢琴僵尸27	4
4020260	7060427	5	-1	-1	-1	0	-1	21	淘金僵尸27	2
4020260	7060127	6	-1	-1	-1	0	-1	23	普通牛仔27	1
4020261	7060227	1	-1	-1	-1	0	-1	17	路障牛仔27	3
4020261	7060227	2	-1	-1	-1	0	-1	16	铁桶牛仔27	3
4020261	7060227	3	-1	-1	-1	0	-1	15	路障牛仔27	3
4020261	7060427	4	-1	-1	-1	0	-1	21	淘金僵尸27	2
4020261	7060627	5	-1	-1	-1	0	-1	22	钢琴僵尸27	4
4020261	7060427	6	-1	-1	-1	0	-1	23	淘金僵尸27	2
4020261	8010114	8	-1	-1	-1	0	-1	-1	27钢琴BOSS	5
										
4020262	7060228	1	-1	-1	-1	0	-1	17	路障牛仔28	3
4020262	7060228	2	-1	-1	-1	0	-1	15	铁桶牛仔28	3
4020262	7060228	3	-1	-1	-1	0	-1	19	路障牛仔28	3
4020262	7060628	5	-1	-1	-1	0	-1	22	钢琴僵尸28	4
4020262	7060428	5	-1	-1	-1	0	-1	21	淘金僵尸28	2
4020262	7060428	5	-1	-1	-1	0	-1	23	淘金僵尸28	2
4020263	7060228	1	-1	-1	-1	0	-1	15	路障牛仔28	3
4020263	7060228	2	-1	-1	-1	0	-1	16	路障牛仔28	3
4020263	7060228	3	-1	-1	-1	0	-1	17	铁桶牛仔28	3
4020263	7060428	4	-1	-1	-1	0	-1	21	淘金僵尸28	2
4020263	7060628	5	-1	-1	-1	0	-1	22	钢琴僵尸28	4
4020263	7060428	6	-1	-1	-1	0	-1	23	淘金僵尸28	2
4020264	8010115	1	-1	-1	-1	0	-1	22	28路障牛仔BOSS	5
4020264	7060228	2	-1	-1	-1	0	-1	15	路障牛仔28	3
4020264	7060228	3	-1	-1	-1	0	-1	16	路障牛仔28	3
4020264	7060228	5	-1	-1	-1	0	-1	17	铁桶牛仔28	3
4020264	7060428	6	-1	-1	-1	0	-1	21	淘金僵尸28	2
4020264	7060428	7	-1	-1	-1	0	-1	23	淘金僵尸28	2
4020264	7060628	5	-1	-1	-1	0	-1	-1	钢琴僵尸28	4
										
4020265	7060229	3	-1	-1	-1	0	-1	15	路障牛仔29	3
4020265	7060229	4	-1	-1	-1	0	-1	16	铁桶牛仔29	3
4020265	7060229	5	-1	-1	-1	0	-1	17	路障牛仔29	3
4020265	7060429	3	-1	-1	-1	0	-1	21	淘金僵尸29	2
4020265	7060629	4	-1	-1	-1	0	-1	22	钢琴僵尸29	4
4020265	7060429	5	-1	-1	-1	0	-1	23	淘金僵尸29	2
4020266	7060229	1	-1	-1	-1	0	-1	17	铁桶牛仔29	3
4020266	7060229	2	-1	-1	-1	0	-1	16	铁桶牛仔29	3
4020266	7060229	3	-1	-1	-1	0	-1	15	路障牛仔29	3
4020266	7060429	5	-1	-1	-1	0	-1	21	淘金僵尸29	2
4020266	7060429	6	-1	-1	-1	0	-1	23	淘金僵尸29	2
4020266	7060629	6	-1	-1	-1	0	-1	22	钢琴僵尸29	4
4020267	7060229	1	-1	-1	-1	0	-1	19	路障牛仔29	3
4020267	7060229	2	-1	-1	-1	0	-1	17	铁桶牛仔29	3
4020267	7060229	3	-1	-1	-1	0	-1	15	路障牛仔29	3
4020267	7060429	4	-1	-1	-1	0	-1	21	淘金僵尸29	2
4020267	7060429	5	-1	-1	-1	0	-1	23	淘金僵尸29	2
4020267	7060629	6	-1	-1	-1	0	-1	25	钢琴僵尸29	4
4020267	7060629	2	-1	-1	-1	0	-1	-1	钢琴僵尸29	4
4020267	8010116	5	-1	-1	-1	0	-1	-1	29钢琴BOSS	5
										
4020268	7060230	1	-1	-1	-1	0	-1	15	路障牛仔30	3
4020268	7060230	2	-1	-1	-1	0	-1	16	铁桶牛仔30	3
4020268	7060230	6	-1	-1	-1	0	-1	17	路障牛仔30	3
4020268	7060430	6	-1	-1	-1	0	-1	21	淘金僵尸30	2
4020268	7060630	6	-1	-1	-1	0	-1	22	钢琴僵尸30	4
4020268	7060430	6	-1	-1	-1	0	-1	23	淘金僵尸30	2
4020269	7060230	1	-1	-1	-1	0	-1	19	路障牛仔30	3
4020269	7060230	2	-1	-1	-1	0	-1	17	路障牛仔30	3
4020269	7060230	3	-1	-1	-1	0	-1	15	铁桶牛仔30	3
4020269	7060430	5	-1	-1	-1	0	-1	21	淘金僵尸30	2
4020269	7060430	6	-1	-1	-1	0	-1	23	淘金僵尸30	2
4020269	7060630	9	-1	-1	-1	0	-1	25	钢琴僵尸30	4
4020270	9010029	3	-1	-1	-1	0	1	-1	30僵尸酋长大格	6
4020270	7060630	4	-1	-1	-1	0	1	26	钢琴僵尸30	4
4020270	7060630	6	-1	-1	-1	0	1	24	钢琴僵尸30	4
4020270	7060630	8	-1	-1	-1	0	1	28	钢琴僵尸30	4
										
										
										
										
4020271	7070101	1	-1	-1	-1	0	-1	17	普通武师1	1
4020271	7070101	2	-1	-1	-1	0	-1	15	普通武师1	1
4020271	7070601	3	-1	-1	-1	0	-1	19	酒鬼武师1	3
4020271	7070701	5	-1	-1	-1	0	-1	21	炸弹僵尸1	2
4020271	7070701	5	-1	-1	-1	0	-1	23	炸弹僵尸1	2
4020271	7070801	5	-1	-1	-1	0	-1	25	气功师1	4
4020272	7070201	1	-1	-1	-1	0	-1	15	路障武师1	3
4020272	7070201	2	-1	-1	-1	0	-1	16	铁桶武师1	3
4020272	7070201	3	-1	-1	-1	0	-1	17	路障武师1	3
4020272	7070701	5	-1	-1	-1	0	-1	21	炸弹僵尸1	2
4020272	7070701	5	-1	-1	-1	0	-1	23	炸弹僵尸1	2
4020272	7070801	5	-1	-1	-1	0	-1	22	气功师1	4
4020273	7070201	1	-1	-1	-1	0	-1	19	路障武师1	3
4020273	8010117	2	-1	-1	-1	0	-1	25	1路障武师BOSS	5
4020273	7070601	3	-1	-1	-1	0	-1	17	酒鬼武师1	3
4020273	7070201	4	-1	-1	-1	0	-1	15	铁桶武师1	3
4020273	7070701	6	-1	-1	-1	0	-1	21	炸弹僵尸1	2
4020273	7070801	5	-1	-1	-1	0	-1	-1	气功师1	4
4020273	7070701	8	-1	-1	-1	0	-1	23	炸弹僵尸1	2
										
4020274	7070202	1	-1	-1	-1	0	-1	15	路障武师2	3
4020274	7070102	2	-1	-1	-1	0	-1	17	普通武师2	1
4020274	7070102	3	-1	-1	-1	0	-1	19	普通武师2	1
4020274	7070802	5	-1	-1	-1	0	-1	25	气功师2	4
4020274	7070702	6	-1	-1	-1	0	-1	23	炸弹僵尸2	2
4020274	7070702	6	-1	-1	-1	0	-1	21	炸弹僵尸2	2
4020275	7070602	2	-1	-1	-1	0	-1	17	酒鬼武师2	3
4020275	7070502	3	-1	-1	-1	0	-1	16	大锤武师2	3
4020275	7070602	4	-1	-1	-1	0	-1	15	酒鬼武师2	3
4020275	7070702	5	-1	-1	-1	0	-1	21	炸弹僵尸2	2
4020275	7070702	5	-1	-1	-1	0	-1	23	炸弹僵尸2	2
4020275	7070802	5	-1	-1	-1	0	-1	22	气功师2	4
4020276	7070202	1	-1	-1	-1	0	-1	15	铁桶武师2	3
4020276	8010118	2	-1	-1	-1	0	-1	22	2酒鬼BOSS	5
4020276	7070202	3	-1	-1	-1	0	-1	17	铁桶武师2	3
4020276	7070502	5	-1	-1	-1	0	-1	16	大锤武师2	3
4020276	7070702	6	-1	-1	-1	0	-1	21	炸弹僵尸2	2
4020276	7070702	7	-1	-1	-1	0	-1	23	炸弹僵尸2	2
4020276	7070802	8	-1	-1	-1	0	-1	-1	气功师2	4
										
4020277	7070203	1	-1	-1	-1	0	-1	17	路障武师3	3
4020277	7070103	2	-1	-1	-1	0	-1	16	普通武师3	1
4020277	7070603	3	-1	-1	-1	0	-1	15	酒鬼武师3	3
4020277	7070703	5	-1	-1	-1	0	-1	21	炸弹僵尸3	2
4020277	7070703	5	-1	-1	-1	0	-1	23	炸弹僵尸3	2
4020277	7070803	5	-1	-1	-1	0	-1	22	气功师3	4
4020278	7070203	1	-1	-1	-1	0	-1	15	路障武师3	3
4020278	7070203	2	-1	-1	-1	0	-1	19	路障武师3	3
4020278	7070103	3	-1	-1	-1	0	-1	17	普通武师3	1
4020278	7070703	4	-1	-1	-1	0	-1	21	炸弹僵尸3	2
4020278	7070703	5	-1	-1	-1	0	-1	23	炸弹僵尸3	2
4020278	7070803	6	-1	-1	-1	0	-1	25	气功师3	4
4020279	7070203	1	-1	-1	-1	0	-1	15	路障武师3	3
4020279	8010119	2	-1	-1	-1	0	-1	25	3炸弹僵尸BOSS	5
4020279	7070203	3	-1	-1	-1	0	-1	17	路障武师3	3
4020279	7070503	5	-1	-1	-1	0	-1	19	大锤武师3	3
4020279	7070703	6	-1	-1	-1	0	-1	21	炸弹僵尸3	2
4020279	7070703	7	-1	-1	-1	0	-1	23	炸弹僵尸3	2
4020279	7070803	8	-1	-1	-1	0	-1	-1	气功师3	4
										
4020280	7070404	1	-1	-1	-1	0	-1	15	铜锣僵尸4	3
4020280	7070504	2	-1	-1	-1	0	-1	17	大锤武师4	3
4020280	7070604	3	-1	-1	-1	0	-1	19	酒鬼武师4	3
4020280	7070804	5	-1	-1	-1	0	-1	25	气功师4	4
4020280	7070704	6	-1	-1	-1	0	-1	21	炸弹僵尸4	2
4020280	7070704	6	-1	-1	-1	0	-1	23	炸弹僵尸4	2
4020281	7070204	1	-1	-1	-1	0	-1	19	路障武师4	3
4020281	7070404	2	-1	-1	-1	0	-1	17	铜锣僵尸4	3
4020281	7070604	3	-1	-1	-1	0	-1	15	酒鬼武师4	3
4020281	7070704	4	-1	-1	-1	0	-1	21	炸弹僵尸4	2
4020281	7070704	5	-1	-1	-1	0	-1	23	炸弹僵尸4	2
4020281	7070804	6	-1	-1	-1	0	-1	25	气功师4	4
4020282	7070604	1	-1	-1	-1	0	-1	19	酒鬼武师4	3
4020282	7070604	2	-1	-1	-1	0	-1	17	酒鬼武师4	3
4020282	7070204	3	-1	-1	-1	0	-1	15	路障武师4	3
4020282	7070104	4	-1	-1	-1	0	-1	18	普通武师4	1
4020282	7070804	5	-1	-1	-1	0	-1	25	气功师4	4
4020282	7070704	7	-1	-1	-1	0	-1	21	炸弹僵尸4	2
4020282	8010120	8	-1	-1	-1	0	-1	-1	4气功师BOSS	5
4020282	7070704	9	-1	-1	-1	0	-1	23	炸弹僵尸4	2
										
4020283	7070205	1	-1	-1	-1	0	-1	15	路障武师5	3
4020283	7070205	2	-1	-1	-1	0	-1	17	铁桶武师5	3
4020283	7070705	5	-1	-1	-1	0	-1	21	炸弹僵尸5	2
4020283	7070505	6	-1	-1	-1	0	-1	19	大锤武师5	3
4020283	7070705	5	-1	-1	-1	0	-1	23	炸弹僵尸5	2
4020283	7070805	5	-1	-1	-1	0	-1	25	气功师5	4
4020284	7070205	1	-1	-1	-1	0	-1	17	路障武师5	3
4020284	7070605	2	-1	-1	-1	0	-1	16	酒鬼武师5	3
4020284	7070205	3	-1	-1	-1	0	-1	15	铁桶武师5	3
4020284	7070705	4	-1	-1	-1	0	-1	21	炸弹僵尸5	2
4020284	7070705	6	-1	-1	-1	0	-1	23	炸弹僵尸5	2
4020284	7070805	8	-1	-1	-1	0	-1	25	气功师5	4
4020285	9010030	3	-1	-1	-1	0	1	-1	5酒鬼武师大格	6
4020285	7070805	4	-1	-1	-1	0	1	26	气功师5	4
4020285	7070805	6	-1	-1	-1	0	1	28	气功师5	4
4020285	7070805	8	-1	-1	-1	0	1	24	气功师5	4
										
4020286	7070106	2	-1	-1	-1	0	-1	19	普通武师6	1
4020286	7070506	4	-1	-1	-1	0	-1	17	大锤武师6	3
4020286	7070706	5	-1	-1	-1	0	-1	21	炸弹僵尸6	2
4020286	7070506	6	-1	-1	-1	0	-1	15	大锤武师6	3
4020286	7070706	5	-1	-1	-1	0	-1	23	炸弹僵尸6	2
4020286	7070806	5	-1	-1	-1	0	-1	25	气功师6	4
4020287	7070206	1	-1	-1	-1	0	-1	17	路障武师6	3
4020287	7070506	2	-1	-1	-1	0	-1	15	大锤武师6	3
4020287	7070506	3	-1	-1	-1	0	-1	19	大锤武师6	3
4020287	7070706	5	-1	-1	-1	0	-1	21	炸弹僵尸6	2
4020287	7070706	6	-1	-1	-1	0	-1	23	炸弹僵尸6	2
4020287	7070806	6	-1	-1	-1	0	-1	25	气功师6	4
4020288	7070206	1	-1	-1	-1	0	-1	19	路障武师6	3
4020288	8010121	2	-1	-1	-1	0	-1	22	6路障武师BOSS	5
4020288	7070206	3	-1	-1	-1	0	-1	15	路障武师6	3
4020288	7070706	4	-1	-1	-1	0	-1	23	炸弹僵尸6	2
4020288	7070506	5	-1	-1	-1	0	-1	17	大锤武师6	3
4020288	7070806	8	-1	-1	-1	0	-1	-1	气功师6	4
4020288	7070706	9	-1	-1	-1	0	-1	21	炸弹僵尸6	2
										
4020289	7070207	2	-1	-1	-1	0	-1	17	路障武师7	3
4020289	7070507	3	-1	-1	-1	0	-1	15	大锤武师7	3
4020289	7070507	4	-1	-1	-1	0	-1	19	大锤武师7	3
4020289	7070707	5	-1	-1	-1	0	-1	21	炸弹僵尸7	2
4020289	7070707	5	-1	-1	-1	0	-1	23	炸弹僵尸7	2
4020289	7070807	5	-1	-1	-1	0	-1	-1	气功师7	4
4020290	7070207	1	-1	-1	-1	0	-1	15	路障武师7	3
4020290	7070207	2	-1	-1	-1	0	-1	17	路障武师7	3
4020290	7070507	3	-1	-1	-1	0	-1	19	大锤武师7	3
4020290	7070707	4	-1	-1	-1	0	-1	21	炸弹僵尸7	2
4020290	7070707	5	-1	-1	-1	0	-1	23	炸弹僵尸7	2
4020290	7070807	6	-1	-1	-1	0	-1	25	气功师7	4
4020291	7070207	1	-1	-1	-1	0	-1	15	路障武师7	3
4020291	8010122	2	-1	-1	-1	0	-1	22	7酒鬼BOSS	5
4020291	7070607	3	-1	-1	-1	0	-1	17	酒鬼武师7	3
4020291	7070807	5	-1	-1	-1	0	-1	-1	气功师7	4
4020291	7070507	5	-1	-1	-1	0	-1	19	大锤武师7	3
4020291	7070707	6	-1	-1	-1	0	-1	21	炸弹僵尸7	2
4020291	7070707	7	-1	-1	-1	0	-1	23	炸弹僵尸7	2
										
4020292	7070508	2	-1	-1	-1	0	-1	15	大锤武师8	3
4020292	7070208	4	-1	-1	-1	0	-1	16	铁桶武师8	3
4020292	7070408	5	-1	-1	-1	0	-1	17	铜锣僵尸8	3
4020292	7070708	6	-1	-1	-1	0	-1	21	炸弹僵尸8	2
4020292	7070708	6	-1	-1	-1	0	-1	22	炸弹僵尸8	2
4020292	7070808	6	-1	-1	-1	0	-1	23	气功师8	4
4020293	7070208	2	-1	-1	-1	0	-1	15	铁桶武师8	3
4020293	7070508	3	-1	-1	-1	0	-1	16	大锤武师8	3
4020293	7070608	4	-1	-1	-1	0	-1	17	酒鬼武师8	3
4020293	7070708	5	-1	-1	-1	0	-1	21	炸弹僵尸8	2
4020293	7070808	6	-1	-1	-1	0	-1	22	气功师8	4
4020293	7070708	5	-1	-1	-1	0	-1	23	炸弹僵尸8	2
4020294	7070208	1	-1	-1	-1	0	-1	15	路障武师8	3
4020294	8010123	2	-1	-1	-1	0	-1	22	8炸弹僵尸BOSS	5
4020294	7070108	3	-1	-1	-1	0	-1	17	普通武师8	1
4020294	7070808	5	-1	-1	-1	0	-1	-1	气功师8	4
4020294	7070508	5	-1	-1	-1	0	-1	19	大锤武师8	3
4020294	7070708	8	-1	-1	-1	0	-1	21	炸弹僵尸8	2
4020294	7070708	9	-1	-1	-1	0	-1	23	炸弹僵尸8	2
										
4020295	7070209	1	-1	-1	-1	0	-1	16	路障武师9	3
4020295	7070209	5	-1	-1	-1	0	-1	17	铁桶武师9	3
4020295	7070509	6	-1	-1	-1	0	-1	15	大锤武师9	3
4020295	7070709	5	-1	-1	-1	0	-1	21	炸弹僵尸9	2
4020295	7070709	5	-1	-1	-1	0	-1	23	炸弹僵尸9	2
4020295	7070809	5	-1	-1	-1	0	-1	22	气功师9	4
4020296	7070209	1	-1	-1	-1	0	-1	19	铁桶武师9	3
4020296	7070509	2	-1	-1	-1	0	-1	17	大锤武师9	3
4020296	7070609	4	-1	-1	-1	0	-1	15	酒鬼武师9	3
4020296	7070709	5	-1	-1	-1	0	-1	21	炸弹僵尸9	2
4020296	7070709	6	-1	-1	-1	0	-1	23	炸弹僵尸9	2
4020296	7070809	6	-1	-1	-1	0	-1	25	气功师9	4
4020297	7070209	1	-1	-1	-1	0	-1	15	路障武师9	3
4020297	7070209	2	-1	-1	-1	0	-1	19	铁桶武师9	3
4020297	7070209	3	-1	-1	-1	0	-1	17	铁桶武师9	3
4020297	7070809	4	-1	-1	-1	0	-1	23	气功师9	4
4020297	7070509	5	-1	-1	-1	0	-1	25	大锤武师9	3
4020297	8010124	8	-1	-1	-1	0	-1	-1	9气功师BOSS	5
4020297	7070709	9	-1	-1	-1	0	-1	21	炸弹僵尸9	2
										
4020298	7070610	2	-1	-1	-1	0	-1	19	酒鬼武师10	3
4020298	7070210	3	-1	-1	-1	0	-1	17	路障武师10	3
4020298	7070510	4	-1	-1	-1	0	-1	15	大锤武师10	3
4020298	7070710	5	-1	-1	-1	0	-1	21	炸弹僵尸10	2
4020298	7070710	5	-1	-1	-1	0	-1	23	炸弹僵尸10	2
4020298	7070810	5	-1	-1	-1	0	-1	25	气功师10	4
4020299	7070610	1	-1	-1	-1	0	-1	17	酒鬼武师10	3
4020299	7070210	2	-1	-1	-1	0	-1	15	铁桶武师10	3
4020299	7070510	3	-1	-1	-1	0	-1	19	大锤武师10	3
4020299	7070710	4	-1	-1	-1	0	-1	21	炸弹僵尸10	2
4020299	7070710	5	-1	-1	-1	0	-1	23	炸弹僵尸10	2
4020299	7070810	6	-1	-1	-1	0	-1	25	气功师10	4
4020300	9010031	3	-1	-1	-1	0	1	-1	10大锤武师大格	6
4020300	7070810	4	-1	-1	-1	0	1	24	气功师10	4
4020300	7070810	5	-1	-1	-1	0	1	28	气功师10	4
4020300	7070810	6	-1	-1	-1	0	1	26	气功师10	4
										
4020301	7070213	1	-1	-1	-1	0	-1	15	路障武师11	3
4020301	7070213	3	-1	-1	-1	0	-1	16	路障武师11	3
4020301	7070211	5	-1	-1	-1	0	-1	17	铁桶武师11	3
4020301	7070711	5	-1	-1	-1	0	-1	21	炸弹僵尸11	2
4020301	7070811	5	-1	-1	-1	0	-1	22	气功师11	4
4020301	7070711	5	-1	-1	-1	0	-1	23	炸弹僵尸11	2
4020302	7070512	1	-1	-1	-1	0	-1	15	大锤武师11	3
4020302	7070611	2	-1	-1	-1	0	-1	19	酒鬼武师11	3
4020302	7070512	3	-1	-1	-1	0	-1	17	大锤武师11	3
4020302	7070811	4	-1	-1	-1	0	-1	25	气功师11	4
4020302	7070711	5	-1	-1	-1	0	-1	23	炸弹僵尸11	2
4020302	7070711	6	-1	-1	-1	0	-1	21	炸弹僵尸11	2
4020303	7070211	1	-1	-1	-1	0	-1	15	铁桶武师11	3
4020303	8010125	2	-1	-1	-1	0	-1	25	11路障武师BOSS	5
4020303	7070512	3	-1	-1	-1	0	-1	17	大锤武师11	3
4020303	7070811	5	-1	-1	-1	0	-1	-1	气功师11	4
4020303	7070512	6	-1	-1	-1	0	-1	19	大锤武师11	3
4020303	7070711	8	-1	-1	-1	0	-1	21	炸弹僵尸11	2
4020303	7070711	9	-1	-1	-1	0	-1	23	炸弹僵尸11	2
										
4020304	7070512	1	-1	-1	-1	0	-1	19	大锤武师12	3
4020304	7070412	2	-1	-1	-1	0	-1	17	铜锣僵尸12	3
4020304	7070512	3	-1	-1	-1	0	-1	15	大锤武师12	3
4020304	7070712	5	-1	-1	-1	0	-1	21	炸弹僵尸12	2
4020304	7070712	5	-1	-1	-1	0	-1	23	炸弹僵尸12	2
4020304	7070812	5	-1	-1	-1	0	-1	25	气功师12	4
4020305	7070512	1	-1	-1	-1	0	-1	17	大锤武师12	3
4020305	7070512	2	-1	-1	-1	0	-1	15	大锤武师12	3
4020305	7070212	3	-1	-1	-1	0	-1	19	路障武师12	3
4020305	7070812	4	-1	-1	-1	0	-1	25	气功师12	4
4020305	7070712	5	-1	-1	-1	0	-1	21	炸弹僵尸12	2
4020305	7070712	5	-1	-1	-1	0	-1	23	炸弹僵尸12	2
4020306	7070212	1	-1	-1	-1	0	-1	15	路障武师12	3
4020306	7070201	2	-1	-1	-1	0	-1	16	铁桶武师12	3
4020306	7070412	3	-1	-1	-1	0	-1	17	铜锣僵尸12	3
4020306	7070512	4	-1	-1	-1	0	-1	21	大锤武师12	3
4020306	8010126	5	-1	-1	-1	0	-1	22	12酒鬼BOSS	5
4020306	7070612	4	-1	-1	-1	0	-1	23	酒鬼武师12	3
4020306	7070812	5	-1	-1	-1	0	-1	-1	气功师12	4
										
4020307	7070213	1	-1	-1	-1	0	-1	16	路障武师13	3
4020307	7070513	5	-1	-1	-1	0	-1	17	大锤武师13	3
4020307	7070513	6	-1	-1	-1	0	-1	15	大锤武师13	3
4020307	7070713	6	-1	-1	-1	0	-1	21	炸弹僵尸13	2
4020307	7070813	6	-1	-1	-1	0	-1	22	气功师13	4
4020307	7070713	6	-1	-1	-1	0	-1	23	炸弹僵尸13	2
4020308	7070213	1	-1	-1	-1	0	-1	19	路障武师13	3
4020308	7070213	2	-1	-1	-1	0	-1	17	路障武师13	3
4020308	7070513	3	-1	-1	-1	0	-1	15	大锤武师13	3
4020308	7070713	4	-1	-1	-1	0	-1	21	炸弹僵尸13	2
4020308	7070713	5	-1	-1	-1	0	-1	23	炸弹僵尸13	2
4020308	7070813	6	-1	-1	-1	0	-1	25	气功师13	4
4020309	7070213	1	-1	-1	-1	0	-1	19	铁桶武师13	3
4020309	7070613	2	-1	-1	-1	0	-1	17	酒鬼武师13	3
4020309	7070213	3	-1	-1	-1	0	-1	15	铁桶武师13	3
4020309	7070513	5	-1	-1	-1	0	-1	21	大锤武师13	3
4020309	7070613	5	-1	-1	-1	0	-1	23	酒鬼武师13	3
4020309	7070813	8	-1	-1	-1	0	-1	-1	气功师13	4
4020309	8010127	7	-1	-1	-1	0	-1	25	13炸弹僵尸BOSS	5
										
4020310	7070614	2	-1	-1	-1	0	-1	15	酒鬼武师14	3
4020310	7070514	4	-1	-1	-1	0	-1	17	大锤武师14	3
4020310	7070514	6	-1	-1	-1	0	-1	16	大锤武师14	3
4020310	7070714	2	-1	-1	-1	0	-1	21	炸弹僵尸14	2
4020310	7070714	2	-1	-1	-1	0	-1	23	炸弹僵尸14	2
4020310	7070814	2	-1	-1	-1	0	-1	22	气功师14	4
4020311	7070614	2	-1	-1	-1	0	-1	15	酒鬼武师14	3
4020311	7070514	3	-1	-1	-1	0	-1	16	大锤武师14	3
4020311	7070214	4	-1	-1	-1	0	-1	17	铁桶武师14	3
4020311	7070714	5	-1	-1	-1	0	-1	21	炸弹僵尸14	2
4020311	7070814	6	-1	-1	-1	0	-1	22	气功师14	4
4020311	7070714	6	-1	-1	-1	0	-1	23	炸弹僵尸14	2
4020312	7070514	1	-1	-1	-1	0	-1	15	大锤武师14	3
4020312	7070214	2	-1	-1	-1	0	-1	16	铁桶武师14	3
4020312	7070514	3	-1	-1	-1	0	-1	17	大锤武师14	3
4020312	8010128	5	-1	-1	-1	0	-1	-1	14气功师BOSS	5
4020312	7070714	7	-1	-1	-1	0	-1	21	炸弹僵尸14	2
4020312	7070814	8	-1	-1	-1	0	-1	22	气功师14	4
4020312	7070714	9	-1	-1	-1	0	-1	23	炸弹僵尸14	2
										
4020313	7070415	3	-1	-1	-1	0	-1	15	铜锣僵尸15	3
4020313	7070215	4	-1	-1	-1	0	-1	17	路障武师15	3
4020313	7070515	5	-1	-1	-1	0	-1	19	大锤武师15	3
4020313	7070715	6	-1	-1	-1	0	-1	21	炸弹僵尸15	2
4020313	7070715	6	-1	-1	-1	0	-1	23	炸弹僵尸15	2
4020313	7070815	6	-1	-1	-1	0	-1	25	气功师15	4
4020314	7070215	1	-1	-1	-1	0	-1	17	铁桶武师15	3
4020314	7070515	2	-1	-1	-1	0	-1	16	大锤武师15	3
4020314	7070815	4	-1	-1	-1	0	-1	22	气功师15	4
4020314	7070715	5	-1	-1	-1	0	-1	21	炸弹僵尸15	2
4020314	7070715	6	-1	-1	-1	0	-1	23	炸弹僵尸15	2
4020314	7070415	1	-1	-1	-1	0	-1	15	铜锣僵尸15	3
4020315	9010032	3	-1	-1	-1	0	1	-1	15气功师大格	6
4020315	7070815	4	-1	-1	-1	0	1	26	气功师15	4
4020315	7070815	5	-1	-1	-1	0	1	24	气功师15	4
4020315	7070815	6	-1	-1	-1	0	1	28	气功师15	4
										
4020316	7070516	2	-1	-1	-1	0	-1	17	大锤武师16	3
4020316	7070216	3	-1	-1	-1	0	-1	15	铁桶武师16	3
4020316	7070516	4	-1	-1	-1	0	-1	19	大锤武师16	3
4020316	7070716	5	-1	-1	-1	0	-1	21	炸弹僵尸16	2
4020316	7070716	5	-1	-1	-1	0	-1	23	炸弹僵尸16	2
4020316	7070816	5	-1	-1	-1	0	-1	25	气功师16	4
4020317	7070416	1	-1	-1	-1	0	-1	15	铜锣僵尸16	3
4020317	7070216	2	-1	-1	-1	0	-1	17	铁桶武师16	3
4020317	7070516	3	-1	-1	-1	0	-1	16	大锤武师16	3
4020317	7070716	4	-1	-1	-1	0	-1	21	炸弹僵尸16	2
4020317	7070816	6	-1	-1	-1	0	-1	22	气功师16	4
4020317	7070716	4	-1	-1	-1	0	-1	23	炸弹僵尸16	2
4020318	7070216	1	-1	-1	-1	0	-1	15	路障武师16	3
4020318	8010129	2	-1	-1	-1	0	-1	22	16路障武师BOSS	5
4020318	7070216	3	-1	-1	-1	0	-1	16	路障武师16	3
4020318	7070216	3	-1	-1	-1	0	-1	17	铁桶武师16	3
4020318	7070716	4	-1	-1	-1	0	-1	23	炸弹僵尸16	2
4020318	7070716	5	-1	-1	-1	0	-1	21	炸弹僵尸16	2
4020318	7070816	6	-1	-1	-1	0	-1	-1	气功师16	4
										
4020319	7070217	1	-1	-1	-1	0	-1	17	路障武师17	3
4020319	7070517	2	-1	-1	-1	0	-1	16	大锤武师17	3
4020319	7070717	5	-1	-1	-1	0	-1	21	炸弹僵尸17	2
4020319	7070617	6	-1	-1	-1	0	-1	15	酒鬼武师17	3
4020319	7070717	5	-1	-1	-1	0	-1	23	炸弹僵尸17	2
4020319	7070817	5	-1	-1	-1	0	-1	22	气功师17	4
4020320	7070217	1	-1	-1	-1	0	-1	15	铁桶武师17	3
4020320	7070617	2	-1	-1	-1	0	-1	19	酒鬼武师17	3
4020320	7070517	3	-1	-1	-1	0	-1	17	大锤武师17	3
4020320	7070817	4	-1	-1	-1	0	-1	25	气功师17	4
4020320	7070717	5	-1	-1	-1	0	-1	23	炸弹僵尸17	2
4020320	7070717	6	-1	-1	-1	0	-1	21	炸弹僵尸17	2
4020321	7070417	1	-1	-1	-1	0	-1	15	铜锣僵尸17	3
4020321	8010130	2	-1	-1	-1	0	-1	22	17酒鬼BOSS	5
4020321	7070517	3	-1	-1	-1	0	-1	17	大锤武师17	3
4020321	7070517	4	-1	-1	-1	0	-1	16	大锤武师17	3
4020321	7070717	5	-1	-1	-1	0	-1	21	炸弹僵尸17	2
4020321	7070817	8	-1	-1	-1	0	-1	-1	气功师17	4
4020321	7070717	9	-1	-1	-1	0	-1	23	炸弹僵尸17	2
										
4020322	7070218	3	-1	-1	-1	0	-1	17	路障武师18	3
4020322	7070518	4	-1	-1	-1	0	-1	16	大锤武师18	3
4020322	7070618	5	-1	-1	-1	0	-1	15	酒鬼武师18	3
4020322	7070718	6	-1	-1	-1	0	-1	21	炸弹僵尸18	2
4020322	7070818	6	-1	-1	-1	0	-1	22	气功师18	4
4020322	7070718	6	-1	-1	-1	0	-1	23	炸弹僵尸18	2
4020323	7070518	1	-1	-1	-1	0	-1	15	大锤武师18	3
4020323	7070518	2	-1	-1	-1	0	-1	19	大锤武师18	3
4020323	7070218	3	-1	-1	-1	0	-1	17	路障武师18	3
4020323	7070818	4	-1	-1	-1	0	-1	25	气功师18	4
4020323	7070718	5	-1	-1	-1	0	-1	21	炸弹僵尸18	2
4020323	7070718	5	-1	-1	-1	0	-1	23	炸弹僵尸18	2
4020324	7070218	1	-1	-1	-1	0	-1	17	铁桶武师18	3
4020324	7070218	2	-1	-1	-1	0	-1	15	铁桶武师18	3
4020324	7070218	3	-1	-1	-1	0	-1	19	铁桶武师18	3
4020324	7070818	5	-1	-1	-1	0	-1	-1	气功师18	4
4020324	7070718	5	-1	-1	-1	0	-1	23	炸弹僵尸18	2
4020324	7070718	6	-1	-1	-1	0	-1	21	炸弹僵尸18	2
4020324	8010131	8	-1	-1	-1	0	-1	25	18炸弹僵尸BOSS	5
										
4020325	7070219	1	-1	-1	-1	0	-1	15	路障武师19	3
4020325	7070419	5	-1	-1	-1	0	-1	19	铜锣僵尸19	3
4020325	7070519	6	-1	-1	-1	0	-1	17	大锤武师19	3
4020325	7070719	5	-1	-1	-1	0	-1	21	炸弹僵尸19	2
4020325	7070719	5	-1	-1	-1	0	-1	23	炸弹僵尸19	2
4020325	7070819	5	-1	-1	-1	0	-1	25	气功师19	4
4020326	7070219	1	-1	-1	-1	0	-1	15	路障武师19	3
4020326	7070219	2	-1	-1	-1	0	-1	16	路障武师19	3
4020326	7070519	3	-1	-1	-1	0	-1	17	大锤武师19	3
4020326	7070719	4	-1	-1	-1	0	-1	21	炸弹僵尸19	2
4020326	7070719	5	-1	-1	-1	0	-1	23	炸弹僵尸19	2
4020326	7070819	6	-1	-1	-1	0	-1	22	气功师19	4
4020327	7070219	1	-1	-1	-1	0	-1	16	铁桶武师19	3
4020327	7070619	2	-1	-1	-1	0	-1	15	酒鬼武师19	3
4020327	7070219	3	-1	-1	-1	0	-1	17	铁桶武师19	3
4020327	7070819	4	-1	-1	-1	0	-1	22	气功师19	4
4020327	8010132	5	-1	-1	-1	0	-1	-1	19气功师BOSS	5
4020327	7070719	8	-1	-1	-1	0	-1	21	炸弹僵尸19	2
4020327	7070719	9	-1	-1	-1	0	-1	23	炸弹僵尸19	2
										
4020328	7070520	2	-1	-1	-1	0	-1	17	大锤武师20	3
4020328	7070220	3	-1	-1	-1	0	-1	16	路障武师20	3
4020328	7070520	4	-1	-1	-1	0	-1	15	大锤武师20	3
4020328	7070720	5	-1	-1	-1	0	-1	21	炸弹僵尸20	2
4020328	7070720	5	-1	-1	-1	0	-1	23	炸弹僵尸20	2
4020328	7070820	5	-1	-1	-1	0	-1	22	气功师20	4
4020329	7070220	1	-1	-1	-1	0	-1	17	路障武师20	3
4020329	7070620	2	-1	-1	-1	0	-1	16	酒鬼武师20	3
4020329	7070520	3	-1	-1	-1	0	-1	15	大锤武师20	3
4020329	7070720	4	-1	-1	-1	0	-1	23	炸弹僵尸20	2
4020329	7070720	5	-1	-1	-1	0	-1	21	炸弹僵尸20	2
4020329	7070820	6	-1	-1	-1	0	-1	22	气功师20	4
4020330	9010033	3	-1	-1	-1	0	1	-1	20刀客大格	6
4020330	7070820	5	-1	-1	-1	0	1	24	气功师20	4
4020330	7070820	6	-1	-1	-1	0	1	26	气功师20	4
4020330	7070820	8	-1	-1	-1	0	1	28	气功师20	4
										
4020331	7070221	1	-1	-1	-1	0	-1	15	路障武师21	3
4020331	7070221	3	-1	-1	-1	0	-1	19	路障武师21	3
4020331	7070221	5	-1	-1	-1	0	-1	17	铁桶武师21	3
4020331	7070721	5	-1	-1	-1	0	-1	21	炸弹僵尸21	2
4020331	7070721	5	-1	-1	-1	0	-1	23	炸弹僵尸21	2
4020331	7070821	5	-1	-1	-1	0	-1	25	气功师21	4
4020332	7070221	1	-1	-1	-1	0	-1	15	铁桶武师21	3
4020332	7070421	1	-1	-1	-1	0	-1	16	铜锣僵尸21	3
4020332	7070521	2	-1	-1	-1	0	-1	17	大锤武师21	3
4020332	7070821	4	-1	-1	-1	0	-1	22	气功师21	4
4020332	7070721	5	-1	-1	-1	0	-1	21	炸弹僵尸21	2
4020332	7070721	6	-1	-1	-1	0	-1	23	炸弹僵尸21	2
4020333	7070221	1	-1	-1	-1	0	-1	17	路障武师21	3
4020333	8010133	2	-1	-1	-1	0	-1	22	21路障武师BOSS	5
4020333	7070121	3	-1	-1	-1	0	-1	15	普通武师21	1
4020333	7070521	4	-1	-1	-1	0	-1	16	大锤武师21	3
4020333	7070821	5	-1	-1	-1	0	-1	-1	气功师21	4
4020333	7070721	7	-1	-1	-1	0	-1	21	炸弹僵尸21	2
4020333	7070721	9	-1	-1	-1	0	-1	23	炸弹僵尸21	2
										
4020334	7070522	1	-1	-1	-1	0	-1	17	大锤武师22	3
4020334	7070222	2	-1	-1	-1	0	-1	19	铁桶武师22	3
4020334	7070622	3	-1	-1	-1	0	-1	15	酒鬼武师22	3
4020334	7070722	5	-1	-1	-1	0	-1	21	炸弹僵尸22	2
4020334	7070722	5	-1	-1	-1	0	-1	23	炸弹僵尸22	2
4020334	7070822	5	-1	-1	-1	0	-1	25	气功师22	4
4020335	7070422	1	-1	-1	-1	0	-1	17	铜锣僵尸22	3
4020335	7070222	2	-1	-1	-1	0	-1	16	铁桶武师22	3
4020335	7070522	3	-1	-1	-1	0	-1	15	大锤武师22	3
4020335	7070722	4	-1	-1	-1	0	-1	21	炸弹僵尸22	2
4020335	7070722	5	-1	-1	-1	0	-1	23	炸弹僵尸22	2
4020335	7070822	6	-1	-1	-1	0	-1	25	气功师22	4
4020336	7070222	1	-1	-1	-1	0	-1	17	铁桶武师22	3
4020336	8010134	2	-1	-1	-1	0	-1	25	22酒鬼BOSS	5
4020336	7070222	3	-1	-1	-1	0	-1	15	路障武师22	3
4020336	7070822	5	-1	-1	-1	0	-1	-1	气功师22	4
4020336	7070222	6	-1	-1	-1	0	-1	19	铁桶武师22	3
4020336	7070722	8	-1	-1	-1	0	-1	21	炸弹僵尸22	2
4020336	7070722	9	-1	-1	-1	0	-1	23	炸弹僵尸22	2
										
4020337	7070223	1	-1	-1	-1	0	-1	18	路障武师23	3
4020337	7070523	3	-1	-1	-1	0	-1	20	大锤武师23	3
4020337	7070523	5	-1	-1	-1	0	-1	15	大锤武师23	3
4020337	7070723	6	-1	-1	-1	0	-1	-1	炸弹僵尸23	2
4020338	7070123	1	-1	-1	-1	0	-1	17	普通武师23	1
4020338	7070123	2	-1	-1	-1	0	-1	16	普通武师23	1
4020338	7070523	3	-1	-1	-1	0	-1	18	大锤武师23	3
4020338	7070623	4	-1	-1	-1	0	-1	20	酒鬼武师23	3
4020338	7070723	5	-1	-1	-1	0	-1	-1	炸弹僵尸23	2
4020338	7070723	6	-1	-1	-1	0	-1	-1	炸弹僵尸23	2
4020339	7070123	1	-1	-1	-1	0	-1	17	普通武师23	1
4020339	8010135	2	-1	-1	-1	0	-1	-1	23炸弹僵尸BOSS	5
4020339	7070223	3	-1	-1	-1	0	-1	18	路障武师23	3
4020339	7070123	4	-1	-1	-1	0	-1	20	普通武师23	1
4020339	7070823	5	-1	-1	-1	0	-1	-1	气功师23	4
4020339	7070523	6	-1	-1	-1	0	-1	19	大锤武师23	3
4020339	7070123	7	-1	-1	-1	0	-1	17	普通武师23	1
4020339	7070723	8	-1	-1	-1	0	-1	-1	炸弹僵尸23	2
4020339	7070723	9	-1	-1	-1	0	-1	-1	炸弹僵尸23	2
										
4020340	7070424	1	-1	-1	-1	0	-1	15	铜锣僵尸24	3
4020340	7070724	2	-1	-1	-1	0	-1	21	炸弹僵尸24	2
4020340	7070524	4	-1	-1	-1	0	-1	19	大锤武师24	3
4020340	7070524	6	-1	-1	-1	0	-1	17	大锤武师24	3
4020340	7070724	2	-1	-1	-1	0	-1	23	炸弹僵尸24	2
4020340	7070824	2	-1	-1	-1	0	-1	25	气功师24	4
4020341	7070524	1	-1	-1	-1	0	-1	16	大锤武师24	3
4020341	7070524	2	-1	-1	-1	0	-1	15	大锤武师24	3
4020341	7070224	3	-1	-1	-1	0	-1	17	路障武师24	3
4020341	7070824	4	-1	-1	-1	0	-1	25	气功师24	4
4020341	7070724	5	-1	-1	-1	0	-1	21	炸弹僵尸24	2
4020341	7070724	5	-1	-1	-1	0	-1	23	炸弹僵尸24	2
4020342	7070224	1	-1	-1	-1	0	-1	17	路障武师24	3
4020342	7070224	2	-1	-1	-1	0	-1	16	铁桶武师24	3
4020342	7070224	3	-1	-1	-1	0	-1	15	路障武师24	3
4020342	7070724	4	-1	-1	-1	0	-1	21	炸弹僵尸24	2
4020342	7070624	5	-1	-1	-1	0	-1	25	酒鬼武师24	3
4020342	8010136	8	-1	-1	-1	0	-1	-1	24气功师BOSS	5
4020342	7070724	9	-1	-1	-1	0	-1	23	炸弹僵尸24	2
										
4020343	7070125	1	-1	-1	-1	0	-1	17	普通武师25	1
4020343	7070225	2	-1	-1	-1	0	-1	19	铁桶武师25	3
4020343	7070525	3	-1	-1	-1	0	-1	15	大锤武师25	3
4020343	7070725	4	-1	-1	-1	0	-1	21	炸弹僵尸25	2
4020343	7070725	4	-1	-1	-1	0	-1	23	炸弹僵尸25	2
4020343	7070825	4	-1	-1	-1	0	-1	25	气功师25	4
4020344	7070225	1	-1	-1	-1	0	-1	17	路障武师25	3
4020344	7070225	2	-1	-1	-1	0	-1	16	路障武师25	3
4020344	7070525	3	-1	-1	-1	0	-1	15	大锤武师25	3
4020344	7070725	4	-1	-1	-1	0	-1	21	炸弹僵尸25	2
4020344	7070725	5	-1	-1	-1	0	-1	23	炸弹僵尸25	2
4020344	7070825	6	-1	-1	-1	0	-1	25	气功师25	4
4020345	9010034	3	-1	-1	-1	0	1	-1	25刺客大格	6
4020345	7070825	4	-1	-1	-1	0	1	24	气功师25	4
4020345	7070825	5	-1	-1	-1	0	1	26	气功师25	4
4020345	7070825	6	-1	-1	-1	0	1	28	气功师25	4
										
4020346	7070126	1	-1	-1	-1	0	-1	15	普通武师26	1
4020346	7070126	2	-1	-1	-1	0	-1	19	普通武师26	1
4020346	7070226	3	-1	-1	-1	0	-1	17	路障武师26	3
4020346	7070726	5	-1	-1	-1	0	-1	21	炸弹僵尸26	2
4020346	7070726	5	-1	-1	-1	0	-1	23	炸弹僵尸26	2
4020346	7070826	5	-1	-1	-1	0	-1	25	气功师26	4
4020347	7070226	2	-1	-1	-1	0	-1	15	铁桶武师26	3
4020347	7070526	3	-1	-1	-1	0	-1	17	大锤武师26	3
4020347	7070826	4	-1	-1	-1	0	-1	25	气功师26	4
4020347	7070626	5	-1	-1	-1	0	-1	19	酒鬼武师26	3
4020347	7070726	6	-1	-1	-1	0	-1	21	炸弹僵尸26	2
4020347	7070726	6	-1	-1	-1	0	-1	23	炸弹僵尸26	2
4020348	7070226	1	-1	-1	-1	0	-1	16	路障武师26	3
4020348	8010137	2	-1	-1	-1	0	-1	22	26路障武师BOSS	5
4020348	7070226	3	-1	-1	-1	0	-1	15	路障武师26	3
4020348	7070726	4	-1	-1	-1	0	-1	21	炸弹僵尸26	2
4020348	7070626	7	-1	-1	-1	0	-1	17	酒鬼武师26	3
4020348	7070826	8	-1	-1	-1	0	-1	-1	气功师26	4
4020348	7070726	9	-1	-1	-1	0	-1	23	炸弹僵尸26	2
										
4020349	7070227	1	-1	-1	-1	0	-1	15	路障武师27	3
4020349	7070227	3	-1	-1	-1	0	-1	19	铁桶武师27	3
4020349	7070427	5	-1	-1	-1	0	-1	17	铜锣僵尸27	3
4020349	7070727	5	-1	-1	-1	0	-1	21	炸弹僵尸27	2
4020349	7070827	5	-1	-1	-1	0	-1	22	气功师27	4
4020349	7070727	5	-1	-1	-1	0	-1	23	炸弹僵尸27	2
4020350	7070427	1	-1	-1	-1	0	-1	16	铜锣僵尸27	3
4020350	7070527	2	-1	-1	-1	0	-1	15	大锤武师27	3
4020350	7070827	4	-1	-1	-1	0	-1	22	气功师27	4
4020350	7070727	5	-1	-1	-1	0	-1	23	炸弹僵尸27	2
4020350	7070527	2	-1	-1	-1	0	-1	17	大锤武师27	3
4020350	7070727	5	-1	-1	-1	0	-1	21	炸弹僵尸27	2
4020351	7070427	1	-1	-1	-1	0	-1	17	铜锣僵尸27	3
4020351	7070227	2	-1	-1	-1	0	-1	16	铁桶武师27	3
4020351	7070227	3	-1	-1	-1	0	-1	15	路障武师27	3
4020351	8010138	5	-1	-1	-1	0	-1	22	27酒鬼BOSS	5
4020351	7070827	5	-1	-1	-1	0	-1	-1	气功师27	4
4020351	7070727	8	-1	-1	-1	0	-1	23	炸弹僵尸27	2
4020351	7070727	9	-1	-1	-1	0	-1	21	炸弹僵尸27	2
										
4020352	7070428	1	-1	-1	-1	0	-1	17	铜锣僵尸28	3
4020352	7070528	2	-1	-1	-1	0	-1	15	大锤武师28	3
4020352	7070528	4	-1	-1	-1	0	-1	19	大锤武师28	3
4020352	7070728	5	-1	-1	-1	0	-1	21	炸弹僵尸28	2
4020352	7070728	6	-1	-1	-1	0	-1	23	炸弹僵尸28	2
4020352	7070828	6	-1	-1	-1	0	-1	25	气功师28	4
4020353	7070228	1	-1	-1	-1	0	-1	16	路障武师28	3
4020353	7070228	2	-1	-1	-1	0	-1	17	铁桶武师28	3
4020353	7070528	3	-1	-1	-1	0	-1	15	大锤武师28	3
4020353	7070728	4	-1	-1	-1	0	-1	21	炸弹僵尸28	2
4020353	7070728	5	-1	-1	-1	0	-1	23	炸弹僵尸28	2
4020353	7070828	6	-1	-1	-1	0	-1	25	气功师28	4
4020354	7070128	1	-1	-1	-1	0	-1	15	普通武师28	1
4020354	7070228	2	-1	-1	-1	0	-1	17	路障武师28	3
4020354	7070228	3	-1	-1	-1	0	-1	19	路障武师28	3
4020354	7070728	4	-1	-1	-1	0	-1	23	炸弹僵尸28	2
4020354	8010139	5	-1	-1	-1	0	-1	25	28炸弹僵尸BOSS	5
4020354	7070728	7	-1	-1	-1	0	-1	21	炸弹僵尸28	2
4020354	7070828	8	-1	-1	-1	0	-1	-1	气功师28	4
										
4020355	7070429	2	-1	-1	-1	0	-1	17	铜锣僵尸29	3
4020355	7070729	4	-1	-1	-1	0	-1	23	炸弹僵尸29	2
4020355	7070829	5	-1	-1	-1	0	-1	25	气功师29	4
4020355	7070729	6	-1	-1	-1	0	-1	21	炸弹僵尸29	2
4020355	7070529	2	-1	-1	-1	0	-1	19	大锤武师29	3
4020355	7070629	2	-1	-1	-1	0	-1	15	酒鬼武师29	3
4020356	7070229	1	-1	-1	-1	0	-1	17	路障武师29	3
4020356	7070229	2	-1	-1	-1	0	-1	15	铁桶武师29	3
4020356	7070529	3	-1	-1	-1	0	-1	19	大锤武师29	3
4020356	7070829	4	-1	-1	-1	0	-1	25	气功师29	4
4020356	7070729	5	-1	-1	-1	0	-1	23	炸弹僵尸29	2
4020356	7070729	6	-1	-1	-1	0	-1	21	炸弹僵尸29	2
4020357	7070229	1	-1	-1	-1	0	-1	17	路障武师29	3
4020357	7070529	2	-1	-1	-1	0	-1	15	大锤武师29	3
4020357	7070229	3	-1	-1	-1	0	-1	19	路障武师29	3
4020357	7070129	4	-1	-1	-1	0	-1	17	普通武师29	1
4020357	7070529	6	-1	-1	-1	0	-1	25	大锤武师29	3
4020357	7070729	7	-1	-1	-1	0	-1	23	炸弹僵尸29	2
4020357	7070729	8	-1	-1	-1	0	-1	21	炸弹僵尸29	2
4020357	8010140	5	-1	-1	-1	0	-1	-1	29气功师BOSS	5
										
4020358	7070230	1	-1	-1	-1	0	-1	17	铁桶武师30	3
4020358	7070230	2	-1	-1	-1	0	-1	16	路障武师30	3
4020358	7070430	3	-1	-1	-1	0	-1	15	铜锣僵尸30	3
4020358	7070730	4	-1	-1	-1	0	-1	21	炸弹僵尸30	2
4020358	7070730	6	-1	-1	-1	0	-1	23	炸弹僵尸30	2
4020358	7070830	6	-1	-1	-1	0	-1	22	气功师30	4
4020359	7070230	1	-1	-1	-1	0	-1	19	路障武师30	3
4020359	7070630	2	-1	-1	-1	0	-1	17	酒鬼武师30	3
4020359	7070530	3	-1	-1	-1	0	-1	15	大锤武师30	3
4020359	7070730	4	-1	-1	-1	0	-1	21	炸弹僵尸30	2
4020359	7070830	5	-1	-1	-1	0	-1	25	气功师30	4
4020359	7070730	6	-1	-1	-1	0	-1	23	炸弹僵尸30	2
4020360	9010035	3	-1	-1	-1	0	1	-1	30禅杖武僧大格	6
4020360	7070830	4	-1	-1	-1	0	1	26	气功师30	4
4020360	7070830	6	-1	-1	-1	0	1	24	气功师30	4
4020360	7070830	8	-1	-1	-1	0	1	28	气功师30	4
										
										
										
4020361	7080501	1	-1	-1	-1	0	-1	17	黑熊精1	3
4020361	7080101	2	-1	-1	-1	0	-1	15	普通小鬼1	1
4020361	7080201	3	-1	-1	-1	0	-1	19	铁锅小鬼1	3
4020361	7080601	5	-1	-1	-1	0	-1	21	蜘蛛精1	2
4020361	7080701	5	-1	-1	-1	0	-1	25	叉子小鬼1	4
4020361	7080601	5	-1	-1	-1	0	-1	23	蜘蛛精1	2
4020362	7080201	1	-1	-1	-1	0	-1	16	铁锅小鬼1	3
4020362	7080301	2	-1	-1	-1	0	-1	15	铁盘小鬼1	3
4020362	7080201	3	-1	-1	-1	0	-1	17	铁锅小鬼1	3
4020362	7080601	5	-1	-1	-1	0	-1	21	蜘蛛精1	2
4020362	7080601	5	-1	-1	-1	0	-1	23	蜘蛛精1	2
4020362	7080701	5	-1	-1	-1	0	-1	22	叉子小鬼1	4
4020363	7080201	1	-1	-1	-1	0	-1	19	铁锅小鬼1	3
4020363	8010141	2	-1	-1	-1	0	-1	25	1红孩儿BOSS	5
4020363	7080201	3	-1	-1	-1	0	-1	15	铁锅小鬼1	3
4020363	7080601	4	-1	-1	-1	0	-1	23	蜘蛛精1	2
4020363	7080501	5	-1	-1	-1	0	-1	17	黑熊精1	3
4020363	7080601	6	-1	-1	-1	0	-1	21	蜘蛛精1	2
4020363	7080701	8	-1	-1	-1	0	-1	-1	叉子小鬼1	4
										
4020364	7080202	1	-1	-1	-1	0	-1	15	铁锅小鬼2	3
4020364	7080502	2	-1	-1	-1	0	-1	16	黑熊精2	3
4020364	7080102	3	-1	-1	-1	0	-1	17	普通小鬼2	1
4020364	7080602	5	-1	-1	-1	0	-1	21	蜘蛛精2	2
4020364	7080602	6	-1	-1	-1	0	-1	23	蜘蛛精2	2
4020364	7080702	6	-1	-1	-1	0	-1	25	叉子小鬼2	4
4020365	7080202	2	-1	-1	-1	0	-1	17	铁锅小鬼2	3
4020365	7080402	3	-1	-1	-1	0	-1	16	红孩儿2	3
4020365	7080302	4	-1	-1	-1	0	-1	15	铁盘小鬼2	3
4020365	7080702	5	-1	-1	-1	0	-1	22	叉子小鬼2	4
4020365	7080602	4	-1	-1	-1	0	-1	21	蜘蛛精2	2
4020365	7080602	4	-1	-1	-1	0	-1	23	蜘蛛精2	2
4020366	7080302	1	-1	-1	-1	0	-1	15	铁盘小鬼2	3
4020366	7080102	2	-1	-1	-1	0	-1	19	普通小鬼2	1
4020366	7080502	3	-1	-1	-1	0	-1	17	黑熊精2	3
4020366	7080402	5	-1	-1	-1	0	-1	22	红孩儿2	3
4020366	7080602	6	-1	-1	-1	0	-1	21	蜘蛛精2	2
4020366	7080602	7	-1	-1	-1	0	-1	23	蜘蛛精2	2
4020366	8010142	8	-1	-1	-1	0	-1	-1	2蜘蛛精BOSS	5
										
4020367	7080203	1	-1	-1	-1	0	-1	17	铁锅小鬼3	3
4020367	7080103	2	-1	-1	-1	0	-1	16	普通小鬼3	1
4020367	7080203	3	-1	-1	-1	0	-1	15	铁锅小鬼3	3
4020367	7080603	5	-1	-1	-1	0	-1	21	蜘蛛精3	2
4020367	7080603	5	-1	-1	-1	0	-1	23	蜘蛛精3	2
4020367	7080703	5	-1	-1	-1	0	-1	22	叉子小鬼3	4
4020368	7080203	1	-1	-1	-1	0	-1	15	铁锅小鬼3	3
4020368	7080203	2	-1	-1	-1	0	-1	19	铁锅小鬼3	3
4020368	7080403	3	-1	-1	-1	0	-1	17	红孩儿3	3
4020368	7080703	4	-1	-1	-1	0	-1	25	叉子小鬼3	4
4020368	7080603	5	-1	-1	-1	0	-1	21	蜘蛛精3	2
4020368	7080603	6	-1	-1	-1	0	-1	23	蜘蛛精3	2
4020369	7080203	1	-1	-1	-1	0	-1	15	铁锅小鬼3	3
4020369	7080303	2	-1	-1	-1	0	-1	19	铁盘小鬼3	3
4020369	7080203	3	-1	-1	-1	0	-1	17	铁锅小鬼3	3
4020369	8010143	5	-1	-1	-1	0	-1	25	3黑熊精BOSS	5
4020369	7080703	8	-1	-1	-1	0	-1	-1	叉子小鬼3	4
4020369	7080603	7	-1	-1	-1	0	-1	21	蜘蛛精3	2
4020369	7080603	9	-1	-1	-1	0	-1	23	蜘蛛精3	2
										
4020370	7080204	1	-1	-1	-1	0	-1	15	铁锅小鬼4	3
4020370	7080305	2	-1	-1	-1	0	-1	16	铁盘小鬼4	3
4020370	7080404	3	-1	-1	-1	0	-1	17	红孩儿4	3
4020370	7080604	5	-1	-1	-1	0	-1	21	蜘蛛精4	2
4020370	7080604	6	-1	-1	-1	0	-1	23	蜘蛛精4	2
4020370	7080704	6	-1	-1	-1	0	-1	22	叉子小鬼4	4
4020371	7080204	1	-1	-1	-1	0	-1	15	铁锅小鬼4	3
4020371	7080504	2	-1	-1	-1	0	-1	19	黑熊精4	3
4020371	7080204	3	-1	-1	-1	0	-1	17	铁锅小鬼4	3
4020371	7080604	4	-1	-1	-1	0	-1	21	蜘蛛精4	2
4020371	7080604	5	-1	-1	-1	0	-1	23	蜘蛛精4	2
4020371	7080704	6	-1	-1	-1	0	-1	25	叉子小鬼4	4
4020372	7080204	1	-1	-1	-1	0	-1	15	铁锅小鬼4	3
4020372	7080305	2	-1	-1	-1	0	-1	19	铁盘小鬼4	3
4020372	7080204	3	-1	-1	-1	0	-1	17	铁锅小鬼4	3
4020372	7080704	5	-1	-1	-1	0	-1	-1	叉子小鬼4	4
4020372	8010144	5	-1	-1	-1	0	-1	25	4叉子小鬼BOSS	5
4020372	7080604	7	-1	-1	-1	0	-1	21	蜘蛛精4	2
4020372	7080604	9	-1	-1	-1	0	-1	23	蜘蛛精4	2
										
4020373	7080305	1	-1	-1	-1	0	-1	17	铁盘小鬼5	3
4020373	7080205	2	-1	-1	-1	0	-1	16	铁锅小鬼5	3
4020373	7080405	3	-1	-1	-1	0	-1	15	红孩儿5	3
4020373	7080705	5	-1	-1	-1	0	-1	22	叉子小鬼5	4
4020373	7080605	6	-1	-1	-1	0	-1	21	蜘蛛精5	2
4020373	7080605	6	-1	-1	-1	0	-1	23	蜘蛛精5	2
4020374	7080205	1	-1	-1	-1	0	-1	15	铁锅小鬼5	3
4020374	7080205	2	-1	-1	-1	0	-1	17	铁锅小鬼5	3
4020374	7080305	3	-1	-1	-1	0	-1	16	铁盘小鬼5	3
4020374	7080605	4	-1	-1	-1	0	-1	21	蜘蛛精5	2
4020374	7080605	5	-1	-1	-1	0	-1	23	蜘蛛精5	2
4020374	7080705	8	-1	-1	-1	0	-1	22	叉子小鬼5	4
4020375	9010036	3	-1	-1	-1	0	1	-1	5土地爷爷大格	6
4020375	7080705	4	-1	-1	-1	0	1	26	叉子小鬼5	4
4020375	7080705	6	-1	-1	-1	0	1	24	叉子小鬼5	4
4020375	7080705	7	-1	-1	-1	0	1	28	叉子小鬼5	4
										
4020376	7080406	1	-1	-1	-1	0	-1	17	红孩儿6	3
4020376	7080206	2	-1	-1	-1	0	-1	15	铁锅小鬼6	3
4020376	7080206	3	-1	-1	-1	0	-1	19	铁锅小鬼6	3
4020376	7080706	4	-1	-1	-1	0	-1	25	叉子小鬼6	4
4020376	7080606	5	-1	-1	-1	0	-1	21	蜘蛛精6	2
4020376	7080606	5	-1	-1	-1	0	-1	23	蜘蛛精6	2
4020377	7080306	1	-1	-1	-1	0	-1	17	铁盘小鬼6	3
4020377	7080306	2	-1	-1	-1	0	-1	16	铁盘小鬼6	3
4020377	7080206	3	-1	-1	-1	0	-1	15	铁锅小鬼6	3
4020377	7080706	5	-1	-1	-1	0	-1	22	叉子小鬼6	4
4020377	7080606	6	-1	-1	-1	0	-1	23	蜘蛛精6	2
4020377	7080606	6	-1	-1	-1	0	-1	21	蜘蛛精6	2
4020378	7080206	1	-1	-1	-1	0	-1	16	铁锅小鬼6	3
4020378	7080306	2	-1	-1	-1	0	-1	15	铁盘小鬼6	3
4020378	7080306	2	-1	-1	-1	0	-1	17	铁盘小鬼6	3
4020378	8010145	3	-1	-1	-1	0	-1	22	6红孩儿BOSS	5
4020378	7080606	4	-1	-1	-1	0	-1	21	蜘蛛精6	2
4020378	7080606	6	-1	-1	-1	0	-1	23	蜘蛛精6	2
4020378	7080706	2	-1	-1	-1	0	-1	-1	叉子小鬼6	4
4020378	7080606	8	-1	-1	-1	0	-1	-1	蜘蛛精6	2
										
4020379	7080207	2	-1	-1	-1	0	-1	17	铁锅小鬼7	3
4020379	7080407	3	-1	-1	-1	0	-1	16	红孩儿7	3
4020379	7080407	4	-1	-1	-1	0	-1	15	红孩儿7	3
4020379	7080607	5	-1	-1	-1	0	-1	21	蜘蛛精7	2
4020379	7080707	5	-1	-1	-1	0	-1	22	叉子小鬼7	4
4020379	7080607	5	-1	-1	-1	0	-1	23	蜘蛛精7	2
4020380	7080207	1	-1	-1	-1	0	-1	17	铁锅小鬼7	3
4020380	7080207	2	-1	-1	-1	0	-1	16	铁锅小鬼7	3
4020380	7080407	3	-1	-1	-1	0	-1	15	红孩儿7	3
4020380	7080607	4	-1	-1	-1	0	-1	21	蜘蛛精7	2
4020380	7080607	5	-1	-1	-1	0	-1	23	蜘蛛精7	2
4020380	7080707	6	-1	-1	-1	0	-1	22	叉子小鬼7	4
4020381	7080507	1	-1	-1	-1	0	-1	17	黑熊精7	3
4020381	7080307	2	-1	-1	-1	0	-1	16	铁盘小鬼7	3
4020381	7080207	3	-1	-1	-1	0	-1	15	铁锅小鬼7	3
4020381	7080707	5	-1	-1	-1	0	-1	-1	叉子小鬼7	4
4020381	8010146	5	-1	-1	-1	0	-1	22	7蜘蛛精BOSS	5
4020381	7080607	6	-1	-1	-1	0	-1	21	蜘蛛精7	2
4020381	7080607	7	-1	-1	-1	0	-1	23	蜘蛛精7	2
										
4020382	7080408	2	-1	-1	-1	0	-1	15	红孩儿8	3
4020382	7080708	4	-1	-1	-1	0	-1	22	叉子小鬼8	4
4020382	7080608	5	-1	-1	-1	0	-1	21	蜘蛛精8	2
4020382	7080608	6	-1	-1	-1	0	-1	23	蜘蛛精8	2
4020382	7080408	2	-1	-1	-1	0	-1	16	红孩儿8	3
4020382	7080408	2	-1	-1	-1	0	-1	17	红孩儿8	3
4020383	7080308	2	-1	-1	-1	0	-1	19	铁盘小鬼8	3
4020383	7080408	3	-1	-1	-1	0	-1	17	红孩儿8	3
4020383	7080708	4	-1	-1	-1	0	-1	25	叉子小鬼8	4
4020383	7080608	5	-1	-1	-1	0	-1	21	蜘蛛精8	2
4020383	7080608	6	-1	-1	-1	0	-1	23	蜘蛛精8	2
4020383	7080408	3	-1	-1	-1	0	-1	15	红孩儿8	3
4020384	7080208	1	-1	-1	-1	0	-1	15	铁锅小鬼8	3
4020384	8010147	2	-1	-1	-1	0	-1	25	8黑熊精BOSS	5
4020384	7080508	3	-1	-1	-1	0	-1	19	黑熊精8	3
4020384	7080508	3	-1	-1	-1	0	-1	17	黑熊精8	3
4020384	7080708	5	-1	-1	-1	0	-1	-1	叉子小鬼8	4
4020384	7080608	8	-1	-1	-1	0	-1	21	蜘蛛精8	2
4020384	7080608	9	-1	-1	-1	0	-1	23	蜘蛛精8	2
										
4020385	7080209	1	-1	-1	-1	0	-1	19	铁锅小鬼9	3
4020385	7080309	2	-1	-1	-1	0	-1	15	铁盘小鬼9	3
4020385	7080709	5	-1	-1	-1	0	-1	25	叉子小鬼9	4
4020385	7080409	6	-1	-1	-1	0	-1	17	红孩儿9	3
4020385	7080609	2	-1	-1	-1	0	-1	21	蜘蛛精9	2
4020385	7080609	2	-1	-1	-1	0	-1	23	蜘蛛精9	2
4020386	7080509	1	-1	-1	-1	0	-1	17	黑熊精9	3
4020386	7080409	2	-1	-1	-1	0	-1	15	红孩儿9	3
4020386	7080709	4	-1	-1	-1	0	-1	25	叉子小鬼9	4
4020386	7080609	5	-1	-1	-1	0	-1	23	蜘蛛精9	2
4020386	7080609	6	-1	-1	-1	0	-1	21	蜘蛛精9	2
4020386	7080509	1	-1	-1	-1	0	-1	19	黑熊精9	3
4020387	7080209	1	-1	-1	-1	0	-1	16	铁锅小鬼9	3
4020387	7080509	2	-1	-1	-1	0	-1	17	黑熊精9	3
4020387	7080309	3	-1	-1	-1	0	-1	15	铁盘小鬼9	3
4020387	7080609	4	-1	-1	-1	0	-1	21	蜘蛛精9	2
4020387	7080409	5	-1	-1	-1	0	-1	22	红孩儿9	3
4020387	8010148	8	-1	-1	-1	0	-1	-1	9叉子小鬼BOSS	5
4020387	7080609	9	-1	-1	-1	0	-1	23	蜘蛛精9	2
										
4020388	7080410	2	-1	-1	-1	0	-1	17	红孩儿10	3
4020388	7080210	3	-1	-1	-1	0	-1	15	铁锅小鬼10	3
4020388	7080410	4	-1	-1	-1	0	-1	19	红孩儿10	3
4020388	7080610	5	-1	-1	-1	0	-1	21	蜘蛛精10	2
4020388	7080610	5	-1	-1	-1	0	-1	23	蜘蛛精10	2
4020388	7080710	5	-1	-1	-1	0	-1	25	叉子小鬼10	4
4020389	7080510	1	-1	-1	-1	0	-1	16	黑熊精10	3
4020389	7080310	2	-1	-1	-1	0	-1	15	铁盘小鬼10	3
4020389	7080410	3	-1	-1	-1	0	-1	17	红孩儿10	3
4020389	7080610	4	-1	-1	-1	0	-1	21	蜘蛛精10	2
4020389	7080710	5	-1	-1	-1	0	-1	22	叉子小鬼10	4
4020389	7080610	6	-1	-1	-1	0	-1	23	蜘蛛精10	2
4020390	9010037	3	-1	-1	-1	0	1	-1	10黑熊精大格	6
4020390	7080710	5	-1	-1	-1	0	1	26	叉子小鬼10	4
4020390	7080710	7	-1	-1	-1	0	1	28	叉子小鬼10	4
4020390	7080710	9	-1	-1	-1	0	1	24	叉子小鬼10	4
										
4020391	7080211	1	-1	-1	-1	0	-1	19	铁锅小鬼11	3
4020391	7080211	3	-1	-1	-1	0	-1	17	铁锅小鬼11	3
4020391	7080311	5	-1	-1	-1	0	-1	15	铁盘小鬼11	3
4020391	7080611	5	-1	-1	-1	0	-1	21	蜘蛛精11	2
4020391	7080611	5	-1	-1	-1	0	-1	23	蜘蛛精11	2
4020391	7080311	5	-1	-1	-1	0	-1	25	铁盘小鬼11	3
4020392	7080511	1	-1	-1	-1	0	-1	17	黑熊精11	3
4020392	7080511	2	-1	-1	-1	0	-1	19	黑熊精11	3
4020392	7080411	3	-1	-1	-1	0	-1	15	红孩儿11	3
4020392	7080711	4	-1	-1	-1	0	-1	25	叉子小鬼11	4
4020392	7080611	5	-1	-1	-1	0	-1	21	蜘蛛精11	2
4020392	7080611	6	-1	-1	-1	0	-1	23	蜘蛛精11	2
4020393	7080511	1	-1	-1	-1	0	-1	16	黑熊精11	3
4020393	8010149	2	-1	-1	-1	0	-1	22	11红孩儿BOSS	5
4020393	7080411	3	-1	-1	-1	0	-1	15	红孩儿11	3
4020393	7080611	4	-1	-1	-1	0	-1	23	蜘蛛精11	2
4020393	7080411	6	-1	-1	-1	0	-1	17	红孩儿11	3
4020393	7080711	8	-1	-1	-1	0	-1	-1	叉子小鬼11	4
4020393	7080611	9	-1	-1	-1	0	-1	21	蜘蛛精11	2
										
4020394	7080412	1	-1	-1	-1	0	-1	17	红孩儿12	3
4020394	7080512	2	-1	-1	-1	0	-1	15	黑熊精12	3
4020394	7080412	3	-1	-1	-1	0	-1	19	红孩儿12	3
4020394	7080612	5	-1	-1	-1	0	-1	21	蜘蛛精12	2
4020394	7080612	5	-1	-1	-1	0	-1	23	蜘蛛精12	2
4020394	7080712	5	-1	-1	-1	0	-1	25	叉子小鬼12	4
4020395	7080412	1	-1	-1	-1	0	-1	16	红孩儿12	3
4020395	7080412	2	-1	-1	-1	0	-1	15	红孩儿12	3
4020395	7080212	3	-1	-1	-1	0	-1	17	铁锅小鬼12	3
4020395	7080612	4	-1	-1	-1	0	-1	21	蜘蛛精12	2
4020395	7080712	5	-1	-1	-1	0	-1	22	叉子小鬼12	4
4020395	7080612	4	-1	-1	-1	0	-1	23	蜘蛛精12	2
4020396	7080212	1	-1	-1	-1	0	-1	17	铁锅小鬼12	3
4020396	7080312	2	-1	-1	-1	0	-1	16	铁盘小鬼12	3
4020396	7080512	3	-1	-1	-1	0	-1	15	黑熊精12	3
4020396	8010150	4	-1	-1	-1	0	-1	22	12蜘蛛精BOSS	5
4020396	7080712	5	-1	-1	-1	0	-1	-1	叉子小鬼12	4
4020396	7080612	6	-1	-1	-1	0	-1	21	蜘蛛精12	2
4020396	7080612	6	-1	-1	-1	0	-1	23	蜘蛛精12	2
										
4020397	7080213	1	-1	-1	-1	0	-1	17	铁锅小鬼13	3
4020397	7080413	5	-1	-1	-1	0	-1	16	红孩儿13	3
4020397	7080413	6	-1	-1	-1	0	-1	15	红孩儿13	3
4020397	7080613	6	-1	-1	-1	0	-1	21	蜘蛛精13	2
4020397	7080713	6	-1	-1	-1	0	-1	22	叉子小鬼13	4
4020397	7080613	6	-1	-1	-1	0	-1	23	蜘蛛精13	2
4020398	7080213	1	-1	-1	-1	0	-1	17	铁锅小鬼13	3
4020398	7080213	2	-1	-1	-1	0	-1	15	铁锅小鬼13	3
4020398	7080413	3	-1	-1	-1	0	-1	19	红孩儿13	3
4020398	7080713	4	-1	-1	-1	0	-1	25	叉子小鬼13	4
4020398	7080613	5	-1	-1	-1	0	-1	21	蜘蛛精13	2
4020398	7080613	6	-1	-1	-1	0	-1	23	蜘蛛精13	2
4020399	7080313	1	-1	-1	-1	0	-1	15	铁盘小鬼13	3
4020399	8010151	2	-1	-1	-1	0	-1	22	13黑熊精BOSS	5
4020399	7080313	3	-1	-1	-1	0	-1	19	铁盘小鬼13	3
4020399	7080413	5	-1	-1	-1	0	-1	17	红孩儿13	3
4020399	7080713	5	-1	-1	-1	0	-1	-1	叉子小鬼13	4
4020399	7080613	6	-1	-1	-1	0	-1	21	蜘蛛精13	2
4020399	7080613	7	-1	-1	-1	0	-1	23	蜘蛛精13	2
										
4020400	7080414	2	-1	-1	-1	0	-1	16	红孩儿14	3
4020400	7080414	4	-1	-1	-1	0	-1	15	红孩儿14	3
4020400	7080614	5	-1	-1	-1	0	-1	21	蜘蛛精14	2
4020400	7080414	6	-1	-1	-1	0	-1	17	红孩儿14	3
4020400	7080614	5	-1	-1	-1	0	-1	23	蜘蛛精14	2
4020400	7080714	5	-1	-1	-1	0	-1	22	叉子小鬼14	4
4020401	7080314	2	-1	-1	-1	0	-1	15	铁盘小鬼14	3
4020401	7080414	3	-1	-1	-1	0	-1	17	红孩儿14	3
4020401	7080614	4	-1	-1	-1	0	-1	21	蜘蛛精14	2
4020401	7080614	5	-1	-1	-1	0	-1	23	蜘蛛精14	2
4020401	7080714	6	-1	-1	-1	0	-1	22	叉子小鬼14	4
4020401	7080314	2	-1	-1	-1	0	-1	16	铁盘小鬼14	3
4020402	7080214	1	-1	-1	-1	0	-1	17	铁锅小鬼14	3
4020402	7080314	2	-1	-1	-1	0	-1	16	铁盘小鬼14	3
4020402	7080414	3	-1	-1	-1	0	-1	15	红孩儿14	3
4020402	8010152	5	-1	-1	-1	0	-1	22	14叉子小鬼BOSS	5
4020402	7080614	7	-1	-1	-1	0	-1	21	蜘蛛精14	2
4020402	7080614	8	-1	-1	-1	0	-1	23	蜘蛛精14	2
4020402	7080714	5	-1	-1	-1	0	-1	-1	叉子小鬼14	4
										
4020403	7080515	3	-1	-1	-1	0	-1	15	黑熊精15	3
4020403	7080215	4	-1	-1	-1	0	-1	16	铁锅小鬼15	3
4020403	7080415	5	-1	-1	-1	0	-1	17	红孩儿15	3
4020403	7080615	6	-1	-1	-1	0	-1	21	蜘蛛精15	2
4020403	7080715	6	-1	-1	-1	0	-1	22	叉子小鬼15	4
4020403	7080615	6	-1	-1	-1	0	-1	23	蜘蛛精15	2
4020404	7080515	1	-1	-1	-1	0	-1	19	黑熊精15	3
4020404	7080415	2	-1	-1	-1	0	-1	17	红孩儿15	3
4020404	7080715	4	-1	-1	-1	0	-1	25	叉子小鬼15	4
4020404	7080615	5	-1	-1	-1	0	-1	23	蜘蛛精15	2
4020404	7080615	6	-1	-1	-1	0	-1	21	蜘蛛精15	2
4020404	7080415	2	-1	-1	-1	0	-1	15	红孩儿15	3
4020405	9010038	3	-1	-1	-1	0	1	-1	15黄梅大王大格	6
4020405	7080715	4	-1	-1	-1	0	1	28	叉子小鬼15	4
4020405	7080715	6	-1	-1	-1	0	1	26	叉子小鬼15	4
4020405	7080715	9	-1	-1	-1	0	1	24	叉子小鬼15	4
										
4020406	7080416	2	-1	-1	-1	0	-1	17	红孩儿16	3
4020406	7080516	3	-1	-1	-1	0	-1	16	黑熊精16	3
4020406	7080416	4	-1	-1	-1	0	-1	15	红孩儿16	3
4020406	7080616	5	-1	-1	-1	0	-1	21	蜘蛛精16	2
4020406	7080616	5	-1	-1	-1	0	-1	23	蜘蛛精16	2
4020406	7080716	5	-1	-1	-1	0	-1	22	叉子小鬼16	4
4020407	7080516	1	-1	-1	-1	0	-1	17	黑熊精16	3
4020407	7080316	2	-1	-1	-1	0	-1	16	铁盘小鬼16	3
4020407	7080416	3	-1	-1	-1	0	-1	15	红孩儿16	3
4020407	7080616	4	-1	-1	-1	0	-1	21	蜘蛛精16	2
4020407	7080716	6	-1	-1	-1	0	-1	22	叉子小鬼16	4
4020407	7080616	4	-1	-1	-1	0	-1	23	蜘蛛精16	2
4020408	8010153	1	-1	-1	-1	0	-1	22	16红孩儿BOSS	5
4020408	7080316	2	-1	-1	-1	0	-1	17	铁盘小鬼16	3
4020408	7080216	3	-1	-1	-1	0	-1	16	铁锅小鬼16	3
4020408	7080716	5	-1	-1	-1	0	-1	-1	叉子小鬼16	4
4020408	7080616	5	-1	-1	-1	0	-1	21	蜘蛛精16	2
4020408	7080616	5	-1	-1	-1	0	-1	23	蜘蛛精16	2
4020408	7080416	6	-1	-1	-1	0	-1	15	红孩儿16	3
										
4020409	7080217	1	-1	-1	-1	0	-1	19	铁锅小鬼17	3
4020409	7080417	2	-1	-1	-1	0	-1	17	红孩儿17	3
4020409	7080717	5	-1	-1	-1	0	-1	25	叉子小鬼17	4
4020409	7080417	6	-1	-1	-1	0	-1	15	红孩儿17	3
4020409	7080617	6	-1	-1	-1	0	-1	21	蜘蛛精17	2
4020409	7080617	6	-1	-1	-1	0	-1	23	蜘蛛精17	2
4020410	7080517	1	-1	-1	-1	0	-1	17	黑熊精17	3
4020410	7080517	2	-1	-1	-1	0	-1	15	黑熊精17	3
4020410	7080417	3	-1	-1	-1	0	-1	19	红孩儿17	3
4020410	7080717	4	-1	-1	-1	0	-1	25	叉子小鬼17	4
4020410	7080617	5	-1	-1	-1	0	-1	21	蜘蛛精17	2
4020410	7080617	6	-1	-1	-1	0	-1	23	蜘蛛精17	2
4020411	7080517	1	-1	-1	-1	0	-1	25	黑熊精17	3
4020411	7080317	2	-1	-1	-1	0	-1	15	铁盘小鬼17	3
4020411	7080517	3	-1	-1	-1	0	-1	19	黑熊精17	3
4020411	7080417	4	-1	-1	-1	0	-1	17	红孩儿17	3
4020411	7080417	5	-1	-1	-1	0	-1	16	红孩儿17	3
4020411	7080717	7	-1	-1	-1	0	-1	23	叉子小鬼17	4
4020411	8010154	8	-1	-1	-1	0	-1	-1	17蜘蛛精BOSS	5
4020411	7080617	9	-1	-1	-1	0	-1	21	蜘蛛精17	2
										
4020412	7080218	3	-1	-1	-1	0	-1	19	铁锅小鬼18	3
4020412	7080418	4	-1	-1	-1	0	-1	17	红孩儿18	3
4020412	7080618	5	-1	-1	-1	0	-1	23	蜘蛛精18	2
4020412	7080718	6	-1	-1	-1	0	-1	25	叉子小鬼18	4
4020412	7080418	4	-1	-1	-1	0	-1	15	红孩儿18	3
4020412	7080618	5	-1	-1	-1	0	-1	21	蜘蛛精18	2
4020413	7080418	1	-1	-1	-1	0	-1	17	红孩儿18	3
4020413	7080418	2	-1	-1	-1	0	-1	15	红孩儿18	3
4020413	7080218	3	-1	-1	-1	0	-1	19	铁锅小鬼18	3
4020413	7080618	4	-1	-1	-1	0	-1	21	蜘蛛精18	2
4020413	7080618	5	-1	-1	-1	0	-1	23	蜘蛛精18	2
4020413	7080718	6	-1	-1	-1	0	-1	25	叉子小鬼18	4
4020414	7080318	1	-1	-1	-1	0	-1	17	铁盘小鬼18	3
4020414	8010155	2	-1	-1	-1	0	-1	25	18黑熊精BOSS	5
4020414	7080318	3	-1	-1	-1	0	-1	19	铁盘小鬼18	3
4020414	7080718	5	-1	-1	-1	0	-1	-1	叉子小鬼18	4
4020414	7080418	5	-1	-1	-1	0	-1	15	红孩儿18	3
4020414	7080618	6	-1	-1	-1	0	-1	23	蜘蛛精18	2
4020414	7080618	8	-1	-1	-1	0	-1	21	蜘蛛精18	2
										
4020415	7080219	1	-1	-1	-1	0	-1	15	铁锅小鬼19	3
4020415	7080719	5	-1	-1	-1	0	-1	25	叉子小鬼19	4
4020415	7080419	6	-1	-1	-1	0	-1	17	红孩儿19	3
4020415	7080419	6	-1	-1	-1	0	-1	16	红孩儿19	3
4020415	7080619	6	-1	-1	-1	0	-1	21	蜘蛛精19	2
4020415	7080619	6	-1	-1	-1	0	-1	23	蜘蛛精19	2
4020416	7080219	1	-1	-1	-1	0	-1	16	铁锅小鬼19	3
4020416	7080219	2	-1	-1	-1	0	-1	15	铁锅小鬼19	3
4020416	7080419	3	-1	-1	-1	0	-1	17	红孩儿19	3
4020416	7080619	4	-1	-1	-1	0	-1	21	蜘蛛精19	2
4020416	7080619	5	-1	-1	-1	0	-1	23	蜘蛛精19	2
4020416	7080719	6	-1	-1	-1	0	-1	22	叉子小鬼19	4
4020417	7080319	1	-1	-1	-1	0	-1	16	铁盘小鬼19	3
4020417	7080419	2	-1	-1	-1	0	-1	15	红孩儿19	3
4020417	7080319	3	-1	-1	-1	0	-1	17	铁盘小鬼19	3
4020417	7080719	5	-1	-1	-1	0	-1	-1	叉子小鬼19	4
4020417	8010156	5	-1	-1	-1	0	-1	22	19叉子小鬼BOSS	5
4020417	7080619	8	-1	-1	-1	0	-1	21	蜘蛛精19	2
4020417	7080619	9	-1	-1	-1	0	-1	23	蜘蛛精19	2
										
4020418	7080420	2	-1	-1	-1	0	-1	16	红孩儿20	3
4020418	7080220	3	-1	-1	-1	0	-1	17	铁锅小鬼20	3
4020418	7080420	4	-1	-1	-1	0	-1	15	红孩儿20	3
4020418	7080720	5	-1	-1	-1	0	-1	22	叉子小鬼20	4
4020418	7080620	5	-1	-1	-1	0	-1	21	蜘蛛精20	2
4020418	7080620	5	-1	-1	-1	0	-1	23	蜘蛛精20	2
4020419	7080220	1	-1	-1	-1	0	-1	17	铁锅小鬼20	3
4020419	7080320	2	-1	-1	-1	0	-1	16	铁盘小鬼20	3
4020419	7080420	3	-1	-1	-1	0	-1	15	红孩儿20	3
4020419	7080720	4	-1	-1	-1	0	-1	22	叉子小鬼20	4
4020419	7080620	5	-1	-1	-1	0	-1	23	蜘蛛精20	2
4020419	7080620	6	-1	-1	-1	0	-1	21	蜘蛛精20	2
4020420	9010039	3	-1	-1	-1	0	1	-1	20白骨精大格	6
4020420	7080720	4	-1	-1	-1	0	1	24	叉子小鬼20	4
4020420	7080620	6	-1	-1	-1	0	1	26	蜘蛛精20	2
4020420	7080620	8	-1	-1	-1	0	1	28	蜘蛛精20	2
										
4020421	7080221	1	-1	-1	-1	0	-1	15	铁锅小鬼21	3
4020421	7080221	3	-1	-1	-1	0	-1	19	铁锅小鬼21	3
4020421	7080321	5	-1	-1	-1	0	-1	17	铁盘小鬼21	3
4020421	7080621	5	-1	-1	-1	0	-1	21	蜘蛛精21	2
4020421	7080621	5	-1	-1	-1	0	-1	23	蜘蛛精21	2
4020421	7080721	5	-1	-1	-1	0	-1	22	叉子小鬼21	4
4020422	7080521	1	-1	-1	-1	0	-1	16	黑熊精21	3
4020422	7080421	2	-1	-1	-1	0	-1	15	红孩儿21	3
4020422	7080421	2	-1	-1	-1	0	-1	17	红孩儿21	3
4020422	7080721	4	-1	-1	-1	0	-1	22	叉子小鬼21	4
4020422	7080621	5	-1	-1	-1	0	-1	21	蜘蛛精21	2
4020422	7080621	6	-1	-1	-1	0	-1	23	蜘蛛精21	2
4020423	7080221	1	-1	-1	-1	0	-1	17	铁锅小鬼21	3
4020423	8010157	2	-1	-1	-1	0	-1	22	21红孩儿BOSS	5
4020423	7080521	3	-1	-1	-1	0	-1	16	黑熊精21	3
4020423	7080421	4	-1	-1	-1	0	-1	15	红孩儿21	3
4020423	7080621	5	-1	-1	-1	0	-1	23	蜘蛛精21	2
4020423	7080721	5	-1	-1	-1	0	-1	-1	叉子小鬼21	4
4020423	7080621	9	-1	-1	-1	0	-1	21	蜘蛛精21	2
										
4020424	7080422	1	-1	-1	-1	0	-1	16	红孩儿22	3
4020424	7080522	2	-1	-1	-1	0	-1	17	黑熊精22	3
4020424	7080422	3	-1	-1	-1	0	-1	15	红孩儿22	3
4020424	7080622	5	-1	-1	-1	0	-1	21	蜘蛛精22	2
4020424	7080622	5	-1	-1	-1	0	-1	23	蜘蛛精22	2
4020424	7080722	5	-1	-1	-1	0	-1	22	叉子小鬼22	4
4020425	7080522	1	-1	-1	-1	0	-1	17	黑熊精22	3
4020425	7080322	2	-1	-1	-1	0	-1	16	铁盘小鬼22	3
4020425	7080422	3	-1	-1	-1	0	-1	15	红孩儿22	3
4020425	7080622	4	-1	-1	-1	0	-1	21	蜘蛛精22	2
4020425	7080722	5	-1	-1	-1	0	-1	22	叉子小鬼22	4
4020425	7080622	6	-1	-1	-1	0	-1	23	蜘蛛精22	2
4020426	7080322	1	-1	-1	-1	0	-1	17	铁盘小鬼22	3
4020426	7080222	2	-1	-1	-1	0	-1	16	铁锅小鬼22	3
4020426	7080222	3	-1	-1	-1	0	-1	15	铁锅小鬼22	3
4020426	7080622	4	-1	-1	-1	0	-1	21	蜘蛛精22	2
4020426	8010158	5	-1	-1	-1	0	-1	22	22蜘蛛精BOSS	5
4020426	7080622	8	-1	-1	-1	0	-1	23	蜘蛛精22	2
4020426	7080722	9	-1	-1	-1	0	-1	-1	叉子小鬼22	4
										
4020427	7080223	1	-1	-1	-1	0	-1	17	铁锅小鬼23	3
4020427	7080423	3	-1	-1	-1	0	-1	16	红孩儿23	3
4020427	7080423	5	-1	-1	-1	0	-1	15	红孩儿23	3
4020427	7080623	6	-1	-1	-1	0	-1	21	蜘蛛精23	2
4020427	7080623	6	-1	-1	-1	0	-1	23	蜘蛛精23	2
4020427	7080723	6	-1	-1	-1	0	-1	22	叉子小鬼23	4
4020428	7080523	1	-1	-1	-1	0	-1	17	黑熊精23	3
4020428	7080523	2	-1	-1	-1	0	-1	16	黑熊精23	3
4020428	7080423	3	-1	-1	-1	0	-1	15	红孩儿23	3
4020428	7080623	4	-1	-1	-1	0	-1	21	蜘蛛精23	2
4020428	7080623	5	-1	-1	-1	0	-1	23	蜘蛛精23	2
4020428	7080723	6	-1	-1	-1	0	-1	22	叉子小鬼23	4
4020429	8010159	1	-1	-1	-1	0	-1	22	23黑熊精BOSS	5
4020429	7080323	2	-1	-1	-1	0	-1	16	铁盘小鬼23	3
4020429	7080223	3	-1	-1	-1	0	-1	15	铁锅小鬼23	3
4020429	7080123	4	-1	-1	-1	0	-1	17	普通小鬼23	1
4020429	7080523	5	-1	-1	-1	0	-1	23	黑熊精23	3
4020429	7080423	6	-1	-1	-1	0	-1	21	红孩儿23	3
4020429	7080723	8	-1	-1	-1	0	-1	-1	叉子小鬼23	4
										
4020430	7080524	1	-1	-1	-1	0	-1	15	黑熊精24	3
4020430	7080724	2	-1	-1	-1	0	-1	25	叉子小鬼24	4
4020430	7080424	4	-1	-1	-1	0	-1	19	红孩儿24	3
4020430	7080424	6	-1	-1	-1	0	-1	17	红孩儿24	3
4020430	7080624	2	-1	-1	-1	0	-1	21	蜘蛛精24	2
4020430	7080624	2	-1	-1	-1	0	-1	23	蜘蛛精24	2
4020431	7080424	1	-1	-1	-1	0	-1	16	红孩儿24	3
4020431	7080424	2	-1	-1	-1	0	-1	17	红孩儿24	3
4020431	7080224	3	-1	-1	-1	0	-1	15	铁锅小鬼24	3
4020431	7080624	4	-1	-1	-1	0	-1	21	蜘蛛精24	2
4020431	7080724	5	-1	-1	-1	0	-1	22	叉子小鬼24	4
4020431	7080624	4	-1	-1	-1	0	-1	23	蜘蛛精24	2
4020432	7080224	1	-1	-1	-1	0	-1	17	铁锅小鬼24	3
4020432	7080324	2	-1	-1	-1	0	-1	16	铁盘小鬼24	3
4020432	7080224	3	-1	-1	-1	0	-1	15	铁锅小鬼24	3
4020432	8010160	5	-1	-1	-1	0	-1	-1	24叉子小鬼BOSS	5
4020432	7080424	6	-1	-1	-1	0	-1	22	红孩儿24	3
4020432	7080624	8	-1	-1	-1	0	-1	21	蜘蛛精24	2
4020432	7080624	9	-1	-1	-1	0	-1	23	蜘蛛精24	2
										
4020433	7080525	1	-1	-1	-1	0	-1	17	黑熊精25	3
4020433	7080325	2	-1	-1	-1	0	-1	16	铁盘小鬼25	3
4020433	7080425	3	-1	-1	-1	0	-1	15	红孩儿25	3
4020433	7080625	4	-1	-1	-1	0	-1	21	蜘蛛精25	2
4020433	7080725	4	-1	-1	-1	0	-1	22	叉子小鬼25	4
4020433	7080625	4	-1	-1	-1	0	-1	23	蜘蛛精25	2
4020434	7080225	1	-1	-1	-1	0	-1	17	铁锅小鬼25	3
4020434	7080225	2	-1	-1	-1	0	-1	16	铁锅小鬼25	3
4020434	7080425	3	-1	-1	-1	0	-1	15	红孩儿25	3
4020434	7080625	4	-1	-1	-1	0	-1	21	蜘蛛精25	2
4020434	7080725	5	-1	-1	-1	0	-1	22	叉子小鬼25	4
4020434	7080625	6	-1	-1	-1	0	-1	23	蜘蛛精25	2
4020435	9010040	3	-1	-1	-1	0	1	-1	25蜘蛛精大格	6
4020435	7080725	6	-1	-1	-1	0	1	24	叉子小鬼25	4
4020435	7080725	7	-1	-1	-1	0	1	26	叉子小鬼25	4
4020435	7080725	9	-1	-1	-1	0	1	28	叉子小鬼25	4
										
4020436	7080126	1	-1	-1	-1	0	-1	15	普通小鬼26	1
4020436	7080126	2	-1	-1	-1	0	-1	19	普通小鬼26	1
4020436	7080226	3	-1	-1	-1	0	-1	17	铁锅小鬼26	3
4020436	7080626	5	-1	-1	-1	0	-1	21	蜘蛛精26	2
4020436	7080626	5	-1	-1	-1	0	-1	23	蜘蛛精26	2
4020436	7080726	5	-1	-1	-1	0	-1	25	叉子小鬼26	4
4020437	7080326	2	-1	-1	-1	0	-1	15	铁盘小鬼26	3
4020437	7080426	3	-1	-1	-1	0	-1	16	红孩儿26	3
4020437	7080626	4	-1	-1	-1	0	-1	23	蜘蛛精26	2
4020437	7080626	5	-1	-1	-1	0	-1	21	蜘蛛精26	2
4020437	7080726	6	-1	-1	-1	0	-1	22	叉子小鬼26	4
4020437	7080726	6	-1	-1	-1	0	-1	17	叉子小鬼26	4
4020438	7080226	1	-1	-1	-1	0	-1	16	铁锅小鬼26	3
4020438	7080326	2	-1	-1	-1	0	-1	15	铁盘小鬼26	3
4020438	7080626	3	-1	-1	-1	0	-1	23	蜘蛛精26	2
4020438	7080626	4	-1	-1	-1	0	-1	21	蜘蛛精26	2
4020438	8010161	5	-1	-1	-1	0	-1	22	26红孩儿BOSS	5
4020438	7080726	5	-1	-1	-1	0	-1	-1	叉子小鬼26	4
										
4020439	7080227	1	-1	-1	-1	0	-1	15	铁锅小鬼27	3
4020439	7080527	3	-1	-1	-1	0	-1	19	黑熊精27	3
4020439	7080427	5	-1	-1	-1	0	-1	17	红孩儿27	3
4020439	7080627	5	-1	-1	-1	0	-1	21	蜘蛛精27	2
4020439	7080627	5	-1	-1	-1	0	-1	23	蜘蛛精27	2
4020439	7080727	5	-1	-1	-1	0	-1	25	叉子小鬼27	4
4020440	7080527	1	-1	-1	-1	0	-1	16	黑熊精27	3
4020440	7080427	2	-1	-1	-1	0	-1	15	红孩儿27	3
4020440	7080727	4	-1	-1	-1	0	-1	22	叉子小鬼27	4
4020440	7080627	5	-1	-1	-1	0	-1	21	蜘蛛精27	2
4020440	7080627	6	-1	-1	-1	0	-1	23	蜘蛛精27	2
4020440	7080427	2	-1	-1	-1	0	-1	17	红孩儿27	3
4020441	7080527	1	-1	-1	-1	0	-1	17	黑熊精27	3
4020441	7080327	2	-1	-1	-1	0	-1	16	铁盘小鬼27	3
4020441	7080227	3	-1	-1	-1	0	-1	15	铁锅小鬼27	3
4020441	7080627	4	-1	-1	-1	0	-1	21	蜘蛛精27	2
4020441	8010162	5	-1	-1	-1	0	-1	22	27蜘蛛精BOSS	5
4020441	7080627	6	-1	-1	-1	0	-1	23	蜘蛛精27	2
4020441	7080727	5	-1	-1	-1	0	-1	-1	叉子小鬼27	4
										
4020442	7080528	1	-1	-1	-1	0	-1	17	黑熊精28	3
4020442	7080328	2	-1	-1	-1	0	-1	15	铁盘小鬼28	3
4020442	7080428	4	-1	-1	-1	0	-1	19	红孩儿28	3
4020442	7080728	5	-1	-1	-1	0	-1	25	叉子小鬼28	4
4020442	7080628	6	-1	-1	-1	0	-1	23	蜘蛛精28	2
4020442	7080628	6	-1	-1	-1	0	-1	21	蜘蛛精28	2
4020443	7080528	1	-1	-1	-1	0	-1	13	黑熊精28	3
4020443	7080328	2	-1	-1	-1	0	-1	17	铁盘小鬼28	3
4020443	7080428	3	-1	-1	-1	0	-1	15	红孩儿28	3
4020443	7080628	4	-1	-1	-1	0	-1	21	蜘蛛精28	2
4020443	7080628	5	-1	-1	-1	0	-1	23	蜘蛛精28	2
4020443	7080728	6	-1	-1	-1	0	-1	19	叉子小鬼28	4
4020444	7080528	1	-1	-1	-1	0	-1	13	黑熊精28	3
4020444	7080228	2	-1	-1	-1	0	-1	15	铁锅小鬼28	3
4020444	8010163	3	-1	-1	-1	0	-1	19	28黑熊精BOSS	5
4020444	7080628	4	-1	-1	-1	0	-1	21	蜘蛛精28	2
4020444	7080228	5	-1	-1	-1	0	-1	17	铁锅小鬼28	3
4020444	7080628	6	-1	-1	-1	0	-1	23	蜘蛛精28	2
4020444	7080728	7	-1	-1	-1	0	-1	-1	叉子小鬼28	4
										
4020445	7080229	2	-1	-1	-1	0	-1	13	铁锅小鬼29	3
4020445	7080629	4	-1	-1	-1	0	-1	23	蜘蛛精29	2
4020445	7080729	5	-1	-1	-1	0	-1	19	叉子小鬼29	4
4020445	7080629	6	-1	-1	-1	0	-1	21	蜘蛛精29	2
4020445	7080429	2	-1	-1	-1	0	-1	15	红孩儿29	3
4020445	7080529	2	-1	-1	-1	0	-1	17	黑熊精29	3
4020446	7080529	1	-1	-1	-1	0	-1	17	黑熊精29	3
4020446	7080529	2	-1	-1	-1	0	-1	13	黑熊精29	3
4020446	7080429	3	-1	-1	-1	0	-1	15	红孩儿29	3
4020446	7080729	4	-1	-1	-1	0	-1	19	叉子小鬼29	4
4020446	7080629	5	-1	-1	-1	0	-1	21	蜘蛛精29	2
4020446	7080629	6	-1	-1	-1	0	-1	23	蜘蛛精29	2
4020447	7080229	1	-1	-1	-1	0	-1	13	铁锅小鬼29	3
4020447	7080529	2	-1	-1	-1	0	-1	17	黑熊精29	3
4020447	7080229	3	-1	-1	-1	0	-1	15	铁锅小鬼29	3
4020447	7080629	4	-1	-1	-1	0	-1	21	蜘蛛精29	2
4020447	7080629	5	-1	-1	-1	0	-1	23	蜘蛛精29	2
4020447	8010164	6	-1	-1	-1	0	-1	19	29叉子小鬼BOSS	5
4020447	7080729	5	-1	-1	-1	0	-1	-1	叉子小鬼29	4
										
4020448	7080530	1	-1	-1	-1	0	-1	19	黑熊精30	3
4020448	7080230	2	-1	-1	-1	0	-1	17	铁锅小鬼30	3
4020448	7080130	3	-1	-1	-1	0	-1	15	普通小鬼30	1
4020448	7080630	4	-1	-1	-1	0	-1	21	蜘蛛精30	2
4020448	7080630	4	-1	-1	-1	0	-1	23	蜘蛛精30	2
4020448	7080730	6	-1	-1	-1	0	-1	25	叉子小鬼30	4
4020449	7080230	1	-1	-1	-1	0	-1	15	铁锅小鬼30	3
4020449	7080530	2	-1	-1	-1	0	-1	19	黑熊精30	3
4020449	7080430	3	-1	-1	-1	0	-1	17	红孩儿30	3
4020449	7080630	4	-1	-1	-1	0	-1	21	蜘蛛精30	2
4020449	7080630	5	-1	-1	-1	0	-1	23	蜘蛛精30	2
4020449	7080730	6	-1	-1	-1	0	-1	25	叉子小鬼30	4
4020450	9010041	3	-1	-1	-1	0	1	-1	30牛魔王大格	6
4020450	7080730	4	-1	-1	-1	0	1	28	叉子小鬼30	4
4020450	7080730	5	-1	-1	-1	0	1	26	叉子小鬼30	4
4020450	7080730	9	-1	-1	-1	0	1	24	叉子小鬼30	4
										
										
										
4020451	7090101	1	-1	-1	-1	0	-1	15	维京普通僵尸1	1
4020451	7090101	2	-1	-1	-1	0	-1	17	维京普通僵尸1	1
4020451	7090201	3	-1	-1	-1	0	-1	16	维京路障僵尸1	3
4020451	7090401	5	-1	-1	-1	0	-1	21	飞龙饲养员1	2
4020451	7090401	5	-1	-1	-1	0	-1	23	飞龙饲养员1	2
4020451	7090501	5	-1	-1	-1	0	-1	22	号角僵尸1	4
4020452	7090201	1	-1	-1	-1	0	-1	17	维京路障僵尸1	3
4020452	7090201	2	-1	-1	-1	0	-1	16	维京铁桶僵尸1	3
4020452	7090201	3	-1	-1	-1	0	-1	15	维京路障僵尸1	3
4020452	7090401	5	-1	-1	-1	0	-1	21	飞龙饲养员1	2
4020452	7090401	5	-1	-1	-1	0	-1	23	飞龙饲养员1	2
4020452	7090501	5	-1	-1	-1	0	-1	22	号角僵尸1	4
4020453	7090201	1	-1	-1	-1	0	-1	15	维京路障僵尸1	3
4020453	8010165	2	-1	-1	-1	0	-1	22	1维京路障僵BOSS	5
4020453	7090201	3	-1	-1	-1	0	-1	17	维京路障僵尸1	3
4020453	7090501	5	-1	-1	-1	0	-1	-1	号角僵尸1	4
4020453	7090401	6	-1	-1	-1	0	-1	21	飞龙饲养员1	2
4020453	7090101	7	-1	-1	-1	0	-1	16	维京普通僵尸1	1
4020453	7090401	8	-1	-1	-1	0	-1	23	飞龙饲养员1	2
										
4020454	7090102	1	-1	-1	-1	0	-1	15	维京普通僵尸2	1
4020454	7090102	2	-1	-1	-1	0	-1	17	维京普通僵尸2	1
4020454	7090202	3	-1	-1	-1	0	-1	16	维京路障僵尸2	3
4020454	7090402	5	-1	-1	-1	0	-1	21	飞龙饲养员2	2
4020454	7090402	5	-1	-1	-1	0	-1	23	飞龙饲养员2	2
4020454	7090502	5	-1	-1	-1	0	-1	22	号角僵尸2	4
4020455	7090202	1	-1	-1	-1	0	-1	17	维京路障僵尸2	3
4020455	7090202	2	-1	-1	-1	0	-1	16	维京铁桶僵尸2	3
4020455	7090202	3	-1	-1	-1	0	-1	15	维京路障僵尸2	3
4020455	7090402	5	-1	-1	-1	0	-1	21	飞龙饲养员2	2
4020455	7090402	5	-1	-1	-1	0	-1	23	飞龙饲养员2	2
4020455	7090502	5	-1	-1	-1	0	-1	22	号角僵尸2	4
4020456	7090202	1	-1	-1	-1	0	-1	15	维京路障僵尸2	3
4020456	8010166	2	-1	-1	-1	0	-1	22	2飞龙饲养员BOSS	5
4020456	7090202	3	-1	-1	-1	0	-1	17	维京路障僵尸2	3
4020456	7090502	5	-1	-1	-1	0	-1	-1	号角僵尸2	4
4020456	7090402	6	-1	-1	-1	0	-1	21	飞龙饲养员2	2
4020456	7090102	7	-1	-1	-1	0	-1	16	维京普通僵尸2	1
4020456	7090402	8	-1	-1	-1	0	-1	23	飞龙饲养员2	2
										
4020457	7090203	1	-1	-1	-1	0	-1	15	维京路障僵尸3	3
4020457	7090203	2	-1	-1	-1	0	-1	17	维京铁桶僵尸3	3
4020457	7090203	3	-1	-1	-1	0	-1	16	维京路障僵尸3	3
4020457	7090403	5	-1	-1	-1	0	-1	21	飞龙饲养员3	2
4020457	7090403	5	-1	-1	-1	0	-1	23	飞龙饲养员3	2
4020457	7090503	5	-1	-1	-1	0	-1	22	号角僵尸3	4
4020458	7090203	1	-1	-1	-1	0	-1	17	维京路障僵尸3	3
4020458	7090203	2	-1	-1	-1	0	-1	19	维京铁桶僵尸3	3
4020458	7090203	3	-1	-1	-1	0	-1	15	维京路障僵尸3	3
4020458	7090403	5	-1	-1	-1	0	-1	21	飞龙饲养员3	2
4020458	7090403	5	-1	-1	-1	0	-1	23	飞龙饲养员3	2
4020458	7090503	5	-1	-1	-1	0	-1	25	号角僵尸3	4
4020459	7090203	1	-1	-1	-1	0	-1	15	维京路障僵尸3	3
4020459	8010167	2	-1	-1	-1	0	-1	22	3号角僵尸BOSS	5
4020459	7090203	3	-1	-1	-1	0	-1	17	维京路障僵尸3	3
4020459	7090503	5	-1	-1	-1	0	-1	-1	号角僵尸3	4
4020459	7090403	6	-1	-1	-1	0	-1	21	飞龙饲养员3	2
4020459	7090203	7	-1	-1	-1	0	-1	16	维京铁桶僵尸3	3
4020459	7090403	8	-1	-1	-1	0	-1	23	飞龙饲养员3	2
										
4020460	7090204	1	-1	-1	-1	0	-1	15	维京路障僵尸4	3
4020460	7090204	2	-1	-1	-1	0	-1	17	维京铁桶僵尸4	3
4020460	7090204	3	-1	-1	-1	0	-1	16	维京路障僵尸4	3
4020460	7090404	5	-1	-1	-1	0	-1	21	飞龙饲养员4	2
4020460	7090404	5	-1	-1	-1	0	-1	23	飞龙饲养员4	2
4020460	7090504	5	-1	-1	-1	0	-1	22	号角僵尸4	4
4020461	7090204	1	-1	-1	-1	0	-1	17	维京路障僵尸4	3
4020461	7090204	2	-1	-1	-1	0	-1	19	维京铁桶僵尸4	3
4020461	7090204	3	-1	-1	-1	0	-1	15	维京路障僵尸4	3
4020461	7090404	5	-1	-1	-1	0	-1	21	飞龙饲养员4	2
4020461	7090404	5	-1	-1	-1	0	-1	23	飞龙饲养员4	2
4020461	7090504	5	-1	-1	-1	0	-1	25	号角僵尸4	4
4020462	7090204	1	-1	-1	-1	0	-1	15	维京路障僵尸4	3
4020462	8010168	2	-1	-1	-1	0	-1	22	4飞龙饲养员BOSS	5
4020462	7090204	3	-1	-1	-1	0	-1	17	维京路障僵尸4	3
4020462	7090504	5	-1	-1	-1	0	-1	-1	号角僵尸4	4
4020462	7090404	6	-1	-1	-1	0	-1	21	飞龙饲养员4	2
4020462	7090204	7	-1	-1	-1	0	-1	16	维京铁桶僵尸4	3
4020462	7090404	8	-1	-1	-1	0	-1	23	飞龙饲养员4	2
										
4020463	7090205	1	-1	-1	-1	0	-1	15	维京路障僵尸5	3
4020463	7090205	2	-1	-1	-1	0	-1	17	维京铁桶僵尸5	3
4020463	7090205	3	-1	-1	-1	0	-1	16	维京路障僵尸5	3
4020463	7090405	5	-1	-1	-1	0	-1	21	飞龙饲养员5	2
4020463	7090405	5	-1	-1	-1	0	-1	23	飞龙饲养员5	2
4020463	7090505	5	-1	-1	-1	0	-1	22	号角僵尸5	4
4020464	7090205	1	-1	-1	-1	0	-1	17	维京路障僵尸5	3
4020464	7090205	2	-1	-1	-1	0	-1	19	维京铁桶僵尸5	3
4020464	7090205	3	-1	-1	-1	0	-1	15	维京路障僵尸5	3
4020464	7090405	5	-1	-1	-1	0	-1	21	飞龙饲养员5	2
4020464	7090405	5	-1	-1	-1	0	-1	23	飞龙饲养员5	2
4020464	7090505	5	-1	-1	-1	0	-1	25	号角僵尸5	4
4020465	9010042	3	-1	-1	-1	0	1	-1	5维京路障大格	6
4020465	7090505	4	-1	-1	-1	0	1	28	号角僵尸5	4
4020465	7090505	5	-1	-1	-1	0	1	26	号角僵尸5	4
4020465	7090505	6	-1	-1	-1	0	1	24	号角僵尸5	4
										
										
										
										
4020466	7090206	1	-1	-1	-1	0	-1	15	维京路障僵尸6	3
4020466	7090206	2	-1	-1	-1	0	-1	17	维京铁桶僵尸6	3
4020466	7090206	3	-1	-1	-1	0	-1	16	维京路障僵尸6	3
4020466	7090406	5	-1	-1	-1	0	-1	21	飞龙饲养员6	2
4020466	7090406	5	-1	-1	-1	0	-1	23	飞龙饲养员6	2
4020466	7090506	5	-1	-1	-1	0	-1	22	号角僵尸6	4
4020467	7090206	1	-1	-1	-1	0	-1	17	维京路障僵尸6	3
4020467	7090206	2	-1	-1	-1	0	-1	19	维京铁桶僵尸6	3
4020467	7090206	3	-1	-1	-1	0	-1	15	维京路障僵尸6	3
4020467	7090406	5	-1	-1	-1	0	-1	21	飞龙饲养员6	2
4020467	7090406	5	-1	-1	-1	0	-1	23	飞龙饲养员6	2
4020467	7090506	5	-1	-1	-1	0	-1	25	号角僵尸6	4
4020468	7090206	1	-1	-1	-1	0	-1	15	维京路障僵尸6	3
4020468	8010169	2	-1	-1	-1	0	-1	22	6维京路障僵BOSS	5
4020468	7090206	3	-1	-1	-1	0	-1	17	维京路障僵尸6	3
4020468	7090506	5	-1	-1	-1	0	-1	-1	号角僵尸6	4
4020468	7090406	6	-1	-1	-1	0	-1	21	飞龙饲养员6	2
4020468	7090206	7	-1	-1	-1	0	-1	16	维京铁桶僵尸6	3
4020468	7090406	8	-1	-1	-1	0	-1	23	飞龙饲养员6	2
										
4020469	7090207	1	-1	-1	-1	0	-1	15	维京路障僵尸7	3
4020469	7090207	2	-1	-1	-1	0	-1	17	维京铁桶僵尸7	3
4020469	7090207	3	-1	-1	-1	0	-1	16	维京路障僵尸7	3
4020469	7090407	5	-1	-1	-1	0	-1	21	飞龙饲养员7	2
4020469	7090407	5	-1	-1	-1	0	-1	23	飞龙饲养员7	2
4020469	7090507	5	-1	-1	-1	0	-1	22	号角僵尸7	4
4020470	7090207	1	-1	-1	-1	0	-1	17	维京路障僵尸7	3
4020470	7090207	2	-1	-1	-1	0	-1	19	维京铁桶僵尸7	3
4020470	7090207	3	-1	-1	-1	0	-1	15	维京路障僵尸7	3
4020470	7090407	5	-1	-1	-1	0	-1	21	飞龙饲养员7	2
4020470	7090407	5	-1	-1	-1	0	-1	23	飞龙饲养员7	2
4020470	7090507	5	-1	-1	-1	0	-1	25	号角僵尸7	4
4020471	7090207	1	-1	-1	-1	0	-1	15	维京路障僵尸7	3
4020471	8010170	2	-1	-1	-1	0	-1	22	7飞龙饲养员BOSS	5
4020471	7090207	3	-1	-1	-1	0	-1	17	维京路障僵尸7	3
4020471	7090507	5	-1	-1	-1	0	-1	-1	号角僵尸7	4
4020471	7090407	6	-1	-1	-1	0	-1	21	飞龙饲养员7	2
4020471	7090207	7	-1	-1	-1	0	-1	16	维京铁桶僵尸7	3
4020471	7090407	8	-1	-1	-1	0	-1	23	飞龙饲养员7	2
										
4020472	7090208	1	-1	-1	-1	0	-1	15	维京路障僵尸8	3
4020472	7090208	2	-1	-1	-1	0	-1	17	维京铁桶僵尸8	3
4020472	7090208	3	-1	-1	-1	0	-1	16	维京路障僵尸8	3
4020472	7090408	5	-1	-1	-1	0	-1	21	飞龙饲养员8	2
4020472	7090408	5	-1	-1	-1	0	-1	23	飞龙饲养员8	2
4020472	7090508	5	-1	-1	-1	0	-1	22	号角僵尸8	4
4020473	7090208	1	-1	-1	-1	0	-1	17	维京路障僵尸8	3
4020473	7090208	2	-1	-1	-1	0	-1	19	维京铁桶僵尸8	3
4020473	7090208	3	-1	-1	-1	0	-1	15	维京路障僵尸8	3
4020473	7090408	5	-1	-1	-1	0	-1	21	飞龙饲养员8	2
4020473	7090408	5	-1	-1	-1	0	-1	23	飞龙饲养员8	2
4020473	7090508	5	-1	-1	-1	0	-1	25	号角僵尸8	4
4020474	7090208	1	-1	-1	-1	0	-1	15	维京路障僵尸8	3
4020474	8010171	2	-1	-1	-1	0	-1	22	8号角僵尸BOSS	5
4020474	7090208	3	-1	-1	-1	0	-1	17	维京路障僵尸8	3
4020474	7090508	5	-1	-1	-1	0	-1	-1	号角僵尸8	4
4020474	7090408	6	-1	-1	-1	0	-1	21	飞龙饲养员8	2
4020474	7090208	7	-1	-1	-1	0	-1	16	维京铁桶僵尸8	3
4020474	7090408	8	-1	-1	-1	0	-1	23	飞龙饲养员8	2
										
4020475	7090209	1	-1	-1	-1	0	-1	15	维京路障僵尸9	3
4020475	7090209	2	-1	-1	-1	0	-1	17	维京铁桶僵尸9	3
4020475	7090209	3	-1	-1	-1	0	-1	16	维京路障僵尸9	3
4020475	7090409	5	-1	-1	-1	0	-1	21	飞龙饲养员9	2
4020475	7090409	5	-1	-1	-1	0	-1	23	飞龙饲养员9	2
4020475	7090509	5	-1	-1	-1	0	-1	22	号角僵尸9	4
4020476	7090209	1	-1	-1	-1	0	-1	17	维京路障僵尸9	3
4020476	7090209	2	-1	-1	-1	0	-1	19	维京铁桶僵尸9	3
4020476	7090209	3	-1	-1	-1	0	-1	15	维京路障僵尸9	3
4020476	7090409	5	-1	-1	-1	0	-1	21	飞龙饲养员9	2
4020476	7090409	5	-1	-1	-1	0	-1	23	飞龙饲养员9	2
4020476	7090509	5	-1	-1	-1	0	-1	25	号角僵尸9	4
4020477	7090209	1	-1	-1	-1	0	-1	15	维京路障僵尸9	3
4020477	8010172	2	-1	-1	-1	0	-1	22	9飞龙饲养员BOSS	5
4020477	7090209	3	-1	-1	-1	0	-1	17	维京路障僵尸9	3
4020477	7090509	5	-1	-1	-1	0	-1	-1	号角僵尸9	4
4020477	7090409	6	-1	-1	-1	0	-1	21	飞龙饲养员9	2
4020477	7090209	7	-1	-1	-1	0	-1	16	维京铁桶僵尸9	3
4020477	7090409	8	-1	-1	-1	0	-1	23	飞龙饲养员9	2
										
4020478	7090210	1	-1	-1	-1	0	-1	15	维京路障僵尸10	3
4020478	7090210	2	-1	-1	-1	0	-1	17	维京铁桶僵尸10	3
4020478	7090210	3	-1	-1	-1	0	-1	16	维京路障僵尸10	3
4020478	7090410	5	-1	-1	-1	0	-1	21	飞龙饲养员10	2
4020478	7090410	5	-1	-1	-1	0	-1	23	飞龙饲养员10	2
4020478	7090510	5	-1	-1	-1	0	-1	22	号角僵尸10	4
4020479	7090210	1	-1	-1	-1	0	-1	17	维京路障僵尸10	3
4020479	7090210	2	-1	-1	-1	0	-1	19	维京铁桶僵尸10	3
4020479	7090210	3	-1	-1	-1	0	-1	15	维京路障僵尸10	3
4020479	7090410	5	-1	-1	-1	0	-1	21	飞龙饲养员10	2
4020479	7090410	5	-1	-1	-1	0	-1	23	飞龙饲养员10	2
4020479	7090510	5	-1	-1	-1	0	-1	25	号角僵尸10	4
4020480	9010043	3	-1	-1	-1	0	1	-1	10飞龙饲养大格	6
4020480	7090510	4	-1	-1	-1	0	1	26	号角僵尸10	4
4020480	7090510	6	-1	-1	-1	0	1	24	号角僵尸10	4
4020480	7090510	7	-1	-1	-1	0	1	28	号角僵尸10	4
										
										
										
										
4020481	7090211	1	-1	-1	-1	0	-1	15	维京路障僵尸11	3
4020481	7090211	2	-1	-1	-1	0	-1	17	维京铁桶僵尸11	3
4020481	7090211	3	-1	-1	-1	0	-1	16	维京路障僵尸11	3
4020481	7090411	5	-1	-1	-1	0	-1	21	飞龙饲养员11	2
4020481	7090411	5	-1	-1	-1	0	-1	23	飞龙饲养员11	2
4020481	7090511	5	-1	-1	-1	0	-1	22	号角僵尸11	4
4020482	7090211	1	-1	-1	-1	0	-1	17	维京路障僵尸11	3
4020482	7090211	2	-1	-1	-1	0	-1	19	维京铁桶僵尸11	3
4020482	7090211	3	-1	-1	-1	0	-1	15	维京路障僵尸11	3
4020482	7090411	5	-1	-1	-1	0	-1	21	飞龙饲养员11	2
4020482	7090411	5	-1	-1	-1	0	-1	23	飞龙饲养员11	2
4020482	7090511	5	-1	-1	-1	0	-1	25	号角僵尸11	4
4020483	7090211	1	-1	-1	-1	0	-1	15	维京路障僵尸11	3
4020483	8010173	2	-1	-1	-1	0	-1	22	11维京路障僵BOSS	5
4020483	7090211	3	-1	-1	-1	0	-1	17	维京路障僵尸11	3
4020483	7090511	5	-1	-1	-1	0	-1	-1	号角僵尸11	4
4020483	7090411	6	-1	-1	-1	0	-1	21	飞龙饲养员11	2
4020483	7090211	7	-1	-1	-1	0	-1	16	维京铁桶僵尸11	3
4020483	7090411	8	-1	-1	-1	0	-1	23	飞龙饲养员11	2
										
4020484	7090212	1	-1	-1	-1	0	-1	15	维京路障僵尸12	3
4020484	7090212	2	-1	-1	-1	0	-1	17	维京铁桶僵尸12	3
4020484	7090212	3	-1	-1	-1	0	-1	16	维京路障僵尸12	3
4020484	7090412	5	-1	-1	-1	0	-1	21	飞龙饲养员12	2
4020484	7090412	5	-1	-1	-1	0	-1	23	飞龙饲养员12	2
4020484	7090512	5	-1	-1	-1	0	-1	22	号角僵尸12	4
4020485	7090212	1	-1	-1	-1	0	-1	17	维京路障僵尸12	3
4020485	7090212	2	-1	-1	-1	0	-1	19	维京铁桶僵尸12	3
4020485	7090212	3	-1	-1	-1	0	-1	15	维京路障僵尸12	3
4020485	7090412	5	-1	-1	-1	0	-1	21	飞龙饲养员12	2
4020485	7090412	5	-1	-1	-1	0	-1	23	飞龙饲养员12	2
4020485	7090512	5	-1	-1	-1	0	-1	25	号角僵尸12	4
4020486	7090212	1	-1	-1	-1	0	-1	15	维京路障僵尸12	3
4020486	8010174	2	-1	-1	-1	0	-1	22	12飞龙饲养员BOSS	5
4020486	7090212	3	-1	-1	-1	0	-1	17	维京路障僵尸12	3
4020486	7090512	5	-1	-1	-1	0	-1	-1	号角僵尸12	4
4020486	7090412	6	-1	-1	-1	0	-1	21	飞龙饲养员12	2
4020486	7090212	7	-1	-1	-1	0	-1	16	维京铁桶僵尸12	3
4020486	7090412	8	-1	-1	-1	0	-1	23	飞龙饲养员12	2
										
4020487	7090213	1	-1	-1	-1	0	-1	15	维京路障僵尸13	3
4020487	7090213	2	-1	-1	-1	0	-1	17	维京铁桶僵尸13	3
4020487	7090213	3	-1	-1	-1	0	-1	16	维京路障僵尸13	3
4020487	7090413	5	-1	-1	-1	0	-1	21	飞龙饲养员13	2
4020487	7090413	5	-1	-1	-1	0	-1	23	飞龙饲养员13	2
4020487	7090513	5	-1	-1	-1	0	-1	22	号角僵尸13	4
4020488	7090213	1	-1	-1	-1	0	-1	17	维京路障僵尸13	3
4020488	7090213	2	-1	-1	-1	0	-1	19	维京铁桶僵尸13	3
4020488	7090213	3	-1	-1	-1	0	-1	15	维京路障僵尸13	3
4020488	7090413	5	-1	-1	-1	0	-1	21	飞龙饲养员13	2
4020488	7090413	5	-1	-1	-1	0	-1	23	飞龙饲养员13	2
4020488	7090513	5	-1	-1	-1	0	-1	25	号角僵尸13	4
4020489	7090213	1	-1	-1	-1	0	-1	15	维京路障僵尸13	3
4020489	8010175	2	-1	-1	-1	0	-1	22	13号角僵尸BOSS	5
4020489	7090213	3	-1	-1	-1	0	-1	17	维京路障僵尸13	3
4020489	7090513	5	-1	-1	-1	0	-1	-1	号角僵尸13	4
4020489	7090413	6	-1	-1	-1	0	-1	21	飞龙饲养员13	2
4020489	7090213	7	-1	-1	-1	0	-1	16	维京铁桶僵尸13	3
4020489	7090413	8	-1	-1	-1	0	-1	23	飞龙饲养员13	2
										
4020490	7090214	1	-1	-1	-1	0	-1	15	维京路障僵尸14	3
4020490	7090214	2	-1	-1	-1	0	-1	17	维京铁桶僵尸14	3
4020490	7090214	3	-1	-1	-1	0	-1	16	维京路障僵尸14	3
4020490	7090414	5	-1	-1	-1	0	-1	21	飞龙饲养员14	2
4020490	7090414	5	-1	-1	-1	0	-1	23	飞龙饲养员14	2
4020490	7090514	5	-1	-1	-1	0	-1	22	号角僵尸14	4
4020491	7090214	1	-1	-1	-1	0	-1	17	维京路障僵尸14	3
4020491	7090214	2	-1	-1	-1	0	-1	19	维京铁桶僵尸14	3
4020491	7090214	3	-1	-1	-1	0	-1	15	维京路障僵尸14	3
4020491	7090414	5	-1	-1	-1	0	-1	21	飞龙饲养员14	2
4020491	7090414	5	-1	-1	-1	0	-1	23	飞龙饲养员14	2
4020491	7090514	5	-1	-1	-1	0	-1	25	号角僵尸14	4
4020492	7090214	1	-1	-1	-1	0	-1	15	维京路障僵尸14	3
4020492	8010176	2	-1	-1	-1	0	-1	22	14飞龙饲养员BOSS	5
4020492	7090214	3	-1	-1	-1	0	-1	17	维京路障僵尸14	3
4020492	7090514	5	-1	-1	-1	0	-1	-1	号角僵尸14	4
4020492	7090414	6	-1	-1	-1	0	-1	21	飞龙饲养员14	2
4020492	7090214	7	-1	-1	-1	0	-1	16	维京铁桶僵尸14	3
4020492	7090414	8	-1	-1	-1	0	-1	23	飞龙饲养员14	2
										
4020493	7090215	1	-1	-1	-1	0	-1	15	维京路障僵尸15	3
4020493	7090215	2	-1	-1	-1	0	-1	17	维京铁桶僵尸15	3
4020493	7090215	3	-1	-1	-1	0	-1	16	维京路障僵尸15	3
4020493	7090415	5	-1	-1	-1	0	-1	21	飞龙饲养员15	2
4020493	7090415	5	-1	-1	-1	0	-1	23	飞龙饲养员15	2
4020493	7090515	5	-1	-1	-1	0	-1	22	号角僵尸15	4
4020494	7090215	1	-1	-1	-1	0	-1	17	维京路障僵尸15	3
4020494	7090215	2	-1	-1	-1	0	-1	19	维京铁桶僵尸15	3
4020494	7090215	3	-1	-1	-1	0	-1	15	维京路障僵尸15	3
4020494	7090415	5	-1	-1	-1	0	-1	21	飞龙饲养员15	2
4020494	7090415	5	-1	-1	-1	0	-1	23	飞龙饲养员15	2
4020494	7090515	5	-1	-1	-1	0	-1	25	号角僵尸15	4
4020495	9010044	3	-1	-1	-1	0	1	-1	15号角僵尸大格	6
4020495	7090515	4	-1	-1	-1	0	1	24	号角僵尸15	4
4020495	7090515	6	-1	-1	-1	0	1	28	号角僵尸15	4
4020495	7090515	9	-1	-1	-1	0	1	26	号角僵尸15	4
										
										
										
										
4020496	7090216	1	-1	-1	-1	0	-1	15	维京路障僵尸16	3
4020496	7090216	2	-1	-1	-1	0	-1	17	维京铁桶僵尸16	3
4020496	7090216	3	-1	-1	-1	0	-1	16	维京路障僵尸16	3
4020496	7090416	5	-1	-1	-1	0	-1	21	飞龙饲养员16	2
4020496	7090416	5	-1	-1	-1	0	-1	23	飞龙饲养员16	2
4020496	7090516	5	-1	-1	-1	0	-1	22	号角僵尸16	4
4020497	7090216	1	-1	-1	-1	0	-1	17	维京路障僵尸16	3
4020497	7090216	2	-1	-1	-1	0	-1	19	维京铁桶僵尸16	3
4020497	7090216	3	-1	-1	-1	0	-1	15	维京路障僵尸16	3
4020497	7090416	5	-1	-1	-1	0	-1	21	飞龙饲养员16	2
4020497	7090416	5	-1	-1	-1	0	-1	23	飞龙饲养员16	2
4020497	7090516	5	-1	-1	-1	0	-1	25	号角僵尸16	4
4020498	7090216	1	-1	-1	-1	0	-1	15	维京路障僵尸16	3
4020498	8010177	2	-1	-1	-1	0	-1	22	16维京路障僵BOSS	5
4020498	7090216	3	-1	-1	-1	0	-1	17	维京路障僵尸16	3
4020498	7090516	5	-1	-1	-1	0	-1	-1	号角僵尸16	4
4020498	7090416	6	-1	-1	-1	0	-1	21	飞龙饲养员16	2
4020498	7090216	7	-1	-1	-1	0	-1	16	维京铁桶僵尸16	3
4020498	7090416	8	-1	-1	-1	0	-1	23	飞龙饲养员16	2
										
4020499	7090217	1	-1	-1	-1	0	-1	15	维京路障僵尸17	3
4020499	7090217	2	-1	-1	-1	0	-1	17	维京铁桶僵尸17	3
4020499	7090217	3	-1	-1	-1	0	-1	16	维京路障僵尸17	3
4020499	7090417	5	-1	-1	-1	0	-1	21	飞龙饲养员17	2
4020499	7090417	5	-1	-1	-1	0	-1	23	飞龙饲养员17	2
4020499	7090517	5	-1	-1	-1	0	-1	22	号角僵尸17	4
4020500	7090217	1	-1	-1	-1	0	-1	17	维京路障僵尸17	3
4020500	7090217	2	-1	-1	-1	0	-1	19	维京铁桶僵尸17	3
4020500	7090217	3	-1	-1	-1	0	-1	15	维京路障僵尸17	3
4020500	7090417	5	-1	-1	-1	0	-1	21	飞龙饲养员17	2
4020500	7090417	5	-1	-1	-1	0	-1	23	飞龙饲养员17	2
4020500	7090517	5	-1	-1	-1	0	-1	25	号角僵尸17	4
4020501	7090217	1	-1	-1	-1	0	-1	15	维京路障僵尸17	3
4020501	8010178	2	-1	-1	-1	0	-1	22	17飞龙饲养员BOSS	5
4020501	7090217	3	-1	-1	-1	0	-1	17	维京路障僵尸17	3
4020501	7090517	5	-1	-1	-1	0	-1	-1	号角僵尸17	4
4020501	7090417	6	-1	-1	-1	0	-1	21	飞龙饲养员17	2
4020501	7090217	7	-1	-1	-1	0	-1	16	维京铁桶僵尸17	3
4020501	7090417	8	-1	-1	-1	0	-1	23	飞龙饲养员17	2
										
4020502	7090218	1	-1	-1	-1	0	-1	15	维京路障僵尸18	3
4020502	7090218	2	-1	-1	-1	0	-1	17	维京铁桶僵尸18	3
4020502	7090218	3	-1	-1	-1	0	-1	16	维京路障僵尸18	3
4020502	7090418	5	-1	-1	-1	0	-1	21	飞龙饲养员18	2
4020502	7090418	5	-1	-1	-1	0	-1	23	飞龙饲养员18	2
4020502	7090518	5	-1	-1	-1	0	-1	22	号角僵尸18	4
4020503	7090218	1	-1	-1	-1	0	-1	17	维京路障僵尸18	3
4020503	7090218	2	-1	-1	-1	0	-1	19	维京铁桶僵尸18	3
4020503	7090218	3	-1	-1	-1	0	-1	15	维京路障僵尸18	3
4020503	7090418	5	-1	-1	-1	0	-1	21	飞龙饲养员18	2
4020503	7090418	5	-1	-1	-1	0	-1	23	飞龙饲养员18	2
4020503	7090518	5	-1	-1	-1	0	-1	25	号角僵尸18	4
4020504	7090218	1	-1	-1	-1	0	-1	15	维京路障僵尸18	3
4020504	8010179	2	-1	-1	-1	0	-1	22	18号角僵尸BOSS	5
4020504	7090218	3	-1	-1	-1	0	-1	17	维京路障僵尸18	3
4020504	7090518	5	-1	-1	-1	0	-1	-1	号角僵尸18	4
4020504	7090418	6	-1	-1	-1	0	-1	21	飞龙饲养员18	2
4020504	7090218	7	-1	-1	-1	0	-1	16	维京铁桶僵尸18	3
4020504	7090418	8	-1	-1	-1	0	-1	23	飞龙饲养员18	2
										
4020505	7090219	1	-1	-1	-1	0	-1	15	维京路障僵尸19	3
4020505	7090219	2	-1	-1	-1	0	-1	17	维京铁桶僵尸19	3
4020505	7090219	3	-1	-1	-1	0	-1	16	维京路障僵尸19	3
4020505	7090419	5	-1	-1	-1	0	-1	21	飞龙饲养员19	2
4020505	7090419	5	-1	-1	-1	0	-1	23	飞龙饲养员19	2
4020505	7090519	5	-1	-1	-1	0	-1	22	号角僵尸19	4
4020506	7090219	1	-1	-1	-1	0	-1	17	维京路障僵尸19	3
4020506	7090219	2	-1	-1	-1	0	-1	19	维京铁桶僵尸19	3
4020506	7090219	3	-1	-1	-1	0	-1	15	维京路障僵尸19	3
4020506	7090419	5	-1	-1	-1	0	-1	21	飞龙饲养员19	2
4020506	7090419	5	-1	-1	-1	0	-1	23	飞龙饲养员19	2
4020506	7090519	5	-1	-1	-1	0	-1	25	号角僵尸19	4
4020507	7090219	1	-1	-1	-1	0	-1	15	维京路障僵尸19	3
4020507	8010180	2	-1	-1	-1	0	-1	22	19飞龙饲养员BOSS	5
4020507	7090219	3	-1	-1	-1	0	-1	17	维京路障僵尸19	3
4020507	7090519	5	-1	-1	-1	0	-1	-1	号角僵尸19	4
4020507	7090419	6	-1	-1	-1	0	-1	21	飞龙饲养员19	2
4020507	7090219	7	-1	-1	-1	0	-1	16	维京铁桶僵尸19	3
4020507	7090419	8	-1	-1	-1	0	-1	23	飞龙饲养员19	2
										
4020508	7090220	1	-1	-1	-1	0	-1	15	维京路障僵尸20	3
4020508	7090220	2	-1	-1	-1	0	-1	17	维京铁桶僵尸20	3
4020508	7090220	3	-1	-1	-1	0	-1	16	维京路障僵尸20	3
4020508	7090420	5	-1	-1	-1	0	-1	21	飞龙饲养员20	2
4020508	7090420	5	-1	-1	-1	0	-1	23	飞龙饲养员20	2
4020508	7090520	5	-1	-1	-1	0	-1	22	号角僵尸20	4
4020509	7090220	1	-1	-1	-1	0	-1	17	维京路障僵尸20	3
4020509	7090220	2	-1	-1	-1	0	-1	19	维京铁桶僵尸20	3
4020509	7090220	3	-1	-1	-1	0	-1	15	维京路障僵尸20	3
4020509	7090420	5	-1	-1	-1	0	-1	21	飞龙饲养员20	2
4020509	7090420	5	-1	-1	-1	0	-1	23	飞龙饲养员20	2
4020509	7090520	5	-1	-1	-1	0	-1	25	号角僵尸20	4
4020510	9010045	3	-1	-1	-1	0	1	-1	20飞龙饲养大格	6
4020510	7090520	4	-1	-1	-1	0	1	26	号角僵尸20	4
4020510	7090520	6	-1	-1	-1	0	1	28	号角僵尸20	4
4020510	7090520	8	-1	-1	-1	0	1	24	号角僵尸20	4
										
										
										
										
4020511	7090221	1	-1	-1	-1	0	-1	15	维京路障僵尸21	3
4020511	7090221	2	-1	-1	-1	0	-1	17	维京铁桶僵尸21	3
4020511	7090221	3	-1	-1	-1	0	-1	16	维京路障僵尸21	3
4020511	7090421	5	-1	-1	-1	0	-1	21	飞龙饲养员21	2
4020511	7090421	5	-1	-1	-1	0	-1	23	飞龙饲养员21	2
4020511	7090521	5	-1	-1	-1	0	-1	22	号角僵尸21	4
4020512	7090221	1	-1	-1	-1	0	-1	17	维京路障僵尸21	3
4020512	7090221	2	-1	-1	-1	0	-1	19	维京铁桶僵尸21	3
4020512	7090221	3	-1	-1	-1	0	-1	15	维京路障僵尸21	3
4020512	7090421	5	-1	-1	-1	0	-1	21	飞龙饲养员21	2
4020512	7090421	5	-1	-1	-1	0	-1	23	飞龙饲养员21	2
4020512	7090521	5	-1	-1	-1	0	-1	25	号角僵尸21	4
4020513	7090221	1	-1	-1	-1	0	-1	15	维京路障僵尸21	3
4020513	8010181	2	-1	-1	-1	0	-1	22	21维京路障僵BOSS	5
4020513	7090221	3	-1	-1	-1	0	-1	17	维京路障僵尸21	3
4020513	7090521	5	-1	-1	-1	0	-1	-1	号角僵尸21	4
4020513	7090421	6	-1	-1	-1	0	-1	21	飞龙饲养员21	2
4020513	7090221	7	-1	-1	-1	0	-1	16	维京铁桶僵尸21	3
4020513	7090421	8	-1	-1	-1	0	-1	23	飞龙饲养员21	2
										
4020514	7090222	1	-1	-1	-1	0	-1	15	维京路障僵尸22	3
4020514	7090222	2	-1	-1	-1	0	-1	17	维京铁桶僵尸22	3
4020514	7090222	3	-1	-1	-1	0	-1	16	维京路障僵尸22	3
4020514	7090422	5	-1	-1	-1	0	-1	21	飞龙饲养员22	2
4020514	7090422	5	-1	-1	-1	0	-1	23	飞龙饲养员22	2
4020514	7090522	5	-1	-1	-1	0	-1	22	号角僵尸22	4
4020515	7090222	1	-1	-1	-1	0	-1	17	维京路障僵尸22	3
4020515	7090222	2	-1	-1	-1	0	-1	19	维京铁桶僵尸22	3
4020515	7090222	3	-1	-1	-1	0	-1	15	维京路障僵尸22	3
4020515	7090422	5	-1	-1	-1	0	-1	21	飞龙饲养员22	2
4020515	7090422	5	-1	-1	-1	0	-1	23	飞龙饲养员22	2
4020515	7090522	5	-1	-1	-1	0	-1	25	号角僵尸22	4
4020516	7090222	1	-1	-1	-1	0	-1	15	维京路障僵尸22	3
4020516	8010182	2	-1	-1	-1	0	-1	22	22飞龙饲养员BOSS	5
4020516	7090222	3	-1	-1	-1	0	-1	17	维京路障僵尸22	3
4020516	7090522	5	-1	-1	-1	0	-1	-1	号角僵尸22	4
4020516	7090422	6	-1	-1	-1	0	-1	21	飞龙饲养员22	2
4020516	7090222	7	-1	-1	-1	0	-1	16	维京铁桶僵尸22	3
4020516	7090422	8	-1	-1	-1	0	-1	23	飞龙饲养员22	2
										
4020517	7090223	1	-1	-1	-1	0	-1	15	维京路障僵尸23	3
4020517	7090223	2	-1	-1	-1	0	-1	17	维京铁桶僵尸23	3
4020517	7090223	3	-1	-1	-1	0	-1	16	维京路障僵尸23	3
4020517	7090423	5	-1	-1	-1	0	-1	21	飞龙饲养员23	2
4020517	7090423	5	-1	-1	-1	0	-1	23	飞龙饲养员23	2
4020517	7090523	5	-1	-1	-1	0	-1	22	号角僵尸23	4
4020518	7090223	1	-1	-1	-1	0	-1	17	维京路障僵尸23	3
4020518	7090223	2	-1	-1	-1	0	-1	19	维京铁桶僵尸23	3
4020518	7090223	3	-1	-1	-1	0	-1	15	维京路障僵尸23	3
4020518	7090423	5	-1	-1	-1	0	-1	21	飞龙饲养员23	2
4020518	7090423	5	-1	-1	-1	0	-1	23	飞龙饲养员23	2
4020518	7090523	5	-1	-1	-1	0	-1	25	号角僵尸23	4
4020519	7090223	1	-1	-1	-1	0	-1	15	维京路障僵尸23	3
4020519	8010183	2	-1	-1	-1	0	-1	22	23号角僵尸BOSS	5
4020519	7090223	3	-1	-1	-1	0	-1	17	维京路障僵尸23	3
4020519	7090523	5	-1	-1	-1	0	-1	-1	号角僵尸23	4
4020519	7090423	6	-1	-1	-1	0	-1	21	飞龙饲养员23	2
4020519	7090223	7	-1	-1	-1	0	-1	16	维京铁桶僵尸23	3
4020519	7090423	8	-1	-1	-1	0	-1	23	飞龙饲养员23	2
										
4020520	7090224	1	-1	-1	-1	0	-1	15	维京路障僵尸24	3
4020520	7090224	2	-1	-1	-1	0	-1	17	维京铁桶僵尸24	3
4020520	7090224	3	-1	-1	-1	0	-1	16	维京路障僵尸24	3
4020520	7090424	5	-1	-1	-1	0	-1	21	飞龙饲养员24	2
4020520	7090424	5	-1	-1	-1	0	-1	23	飞龙饲养员24	2
4020520	7090524	5	-1	-1	-1	0	-1	22	号角僵尸24	4
4020521	7090224	1	-1	-1	-1	0	-1	17	维京路障僵尸24	3
4020521	7090224	2	-1	-1	-1	0	-1	19	维京铁桶僵尸24	3
4020521	7090224	3	-1	-1	-1	0	-1	15	维京路障僵尸24	3
4020521	7090424	5	-1	-1	-1	0	-1	21	飞龙饲养员24	2
4020521	7090424	5	-1	-1	-1	0	-1	23	飞龙饲养员24	2
4020521	7090524	5	-1	-1	-1	0	-1	25	号角僵尸24	4
4020522	7090224	1	-1	-1	-1	0	-1	15	维京路障僵尸24	3
4020522	8010184	2	-1	-1	-1	0	-1	22	24飞龙饲养员BOSS	5
4020522	7090224	3	-1	-1	-1	0	-1	17	维京路障僵尸24	3
4020522	7090524	5	-1	-1	-1	0	-1	-1	号角僵尸24	4
4020522	7090424	6	-1	-1	-1	0	-1	21	飞龙饲养员24	2
4020522	7090224	7	-1	-1	-1	0	-1	16	维京铁桶僵尸24	3
4020522	7090424	8	-1	-1	-1	0	-1	23	飞龙饲养员24	2
										
4020523	7090225	1	-1	-1	-1	0	-1	15	维京路障僵尸25	3
4020523	7090225	2	-1	-1	-1	0	-1	17	维京铁桶僵尸25	3
4020523	7090225	3	-1	-1	-1	0	-1	16	维京路障僵尸25	3
4020523	7090425	5	-1	-1	-1	0	-1	21	飞龙饲养员25	2
4020523	7090425	5	-1	-1	-1	0	-1	23	飞龙饲养员25	2
4020523	7090525	5	-1	-1	-1	0	-1	22	号角僵尸25	4
4020524	7090225	1	-1	-1	-1	0	-1	17	维京路障僵尸25	3
4020524	7090225	2	-1	-1	-1	0	-1	19	维京铁桶僵尸25	3
4020524	7090225	3	-1	-1	-1	0	-1	15	维京路障僵尸25	3
4020524	7090425	5	-1	-1	-1	0	-1	21	飞龙饲养员25	2
4020524	7090425	5	-1	-1	-1	0	-1	23	飞龙饲养员25	2
4020524	7090525	5	-1	-1	-1	0	-1	25	号角僵尸25	4
4020525	9010046	3	-1	-1	-1	0	1	-1	25号角僵尸大格	6
4020525	7090525	5	-1	-1	-1	0	1	24	号角僵尸25	4
4020525	7090525	7	-1	-1	-1	0	1	26	号角僵尸25	4
4020525	7090525	9	-1	-1	-1	0	1	28	号角僵尸25	4
										
										
										
										
4020526	7090226	1	-1	-1	-1	0	-1	15	维京路障僵尸26	3
4020526	7090226	2	-1	-1	-1	0	-1	17	维京铁桶僵尸26	3
4020526	7090226	3	-1	-1	-1	0	-1	16	维京路障僵尸26	3
4020526	7090426	5	-1	-1	-1	0	-1	21	飞龙饲养员26	2
4020526	7090426	5	-1	-1	-1	0	-1	23	飞龙饲养员26	2
4020526	7090526	5	-1	-1	-1	0	-1	22	号角僵尸26	4
4020527	7090226	1	-1	-1	-1	0	-1	17	维京路障僵尸26	3
4020527	7090226	2	-1	-1	-1	0	-1	19	维京铁桶僵尸26	3
4020527	7090226	3	-1	-1	-1	0	-1	15	维京路障僵尸26	3
4020527	7090426	5	-1	-1	-1	0	-1	21	飞龙饲养员26	2
4020527	7090426	5	-1	-1	-1	0	-1	23	飞龙饲养员26	2
4020527	7090526	5	-1	-1	-1	0	-1	25	号角僵尸26	4
4020528	7090226	1	-1	-1	-1	0	-1	15	维京路障僵尸26	3
4020528	8010185	2	-1	-1	-1	0	-1	22	26维京路障僵BOSS	5
4020528	7090226	3	-1	-1	-1	0	-1	17	维京路障僵尸26	3
4020528	7090526	5	-1	-1	-1	0	-1	-1	号角僵尸26	4
4020528	7090426	6	-1	-1	-1	0	-1	21	飞龙饲养员26	2
4020528	7090226	7	-1	-1	-1	0	-1	16	维京铁桶僵尸26	3
4020528	7090426	8	-1	-1	-1	0	-1	23	飞龙饲养员26	2
										
4020529	7090227	1	-1	-1	-1	0	-1	15	维京路障僵尸27	3
4020529	7090227	2	-1	-1	-1	0	-1	17	维京铁桶僵尸27	3
4020529	7090227	3	-1	-1	-1	0	-1	16	维京路障僵尸27	3
4020529	7090427	5	-1	-1	-1	0	-1	21	飞龙饲养员27	2
4020529	7090427	5	-1	-1	-1	0	-1	23	飞龙饲养员27	2
4020529	7090527	5	-1	-1	-1	0	-1	22	号角僵尸27	4
4020530	7090227	1	-1	-1	-1	0	-1	17	维京路障僵尸27	3
4020530	7090227	2	-1	-1	-1	0	-1	19	维京铁桶僵尸27	3
4020530	7090227	3	-1	-1	-1	0	-1	15	维京路障僵尸27	3
4020530	7090427	5	-1	-1	-1	0	-1	21	飞龙饲养员27	2
4020530	7090427	5	-1	-1	-1	0	-1	23	飞龙饲养员27	2
4020530	7090527	5	-1	-1	-1	0	-1	25	号角僵尸27	4
4020531	7090227	1	-1	-1	-1	0	-1	15	维京路障僵尸27	3
4020531	8010186	2	-1	-1	-1	0	-1	22	27飞龙饲养员BOSS	5
4020531	7090227	3	-1	-1	-1	0	-1	17	维京路障僵尸27	3
4020531	7090527	5	-1	-1	-1	0	-1	-1	号角僵尸27	4
4020531	7090427	6	-1	-1	-1	0	-1	21	飞龙饲养员27	2
4020531	7090227	7	-1	-1	-1	0	-1	16	维京铁桶僵尸27	3
4020531	7090427	8	-1	-1	-1	0	-1	23	飞龙饲养员27	2
										
4020532	7090228	1	-1	-1	-1	0	-1	15	维京路障僵尸28	3
4020532	7090228	2	-1	-1	-1	0	-1	17	维京铁桶僵尸28	3
4020532	7090228	3	-1	-1	-1	0	-1	16	维京路障僵尸28	3
4020532	7090428	5	-1	-1	-1	0	-1	21	飞龙饲养员28	2
4020532	7090428	5	-1	-1	-1	0	-1	23	飞龙饲养员28	2
4020532	7090528	5	-1	-1	-1	0	-1	22	号角僵尸28	4
4020533	7090228	1	-1	-1	-1	0	-1	17	维京路障僵尸28	3
4020533	7090228	2	-1	-1	-1	0	-1	19	维京铁桶僵尸28	3
4020533	7090228	3	-1	-1	-1	0	-1	15	维京路障僵尸28	3
4020533	7090428	5	-1	-1	-1	0	-1	21	飞龙饲养员28	2
4020533	7090428	5	-1	-1	-1	0	-1	23	飞龙饲养员28	2
4020533	7090528	5	-1	-1	-1	0	-1	25	号角僵尸28	4
4020534	7090228	1	-1	-1	-1	0	-1	15	维京路障僵尸28	3
4020534	8010187	2	-1	-1	-1	0	-1	22	28号角僵尸BOSS	5
4020534	7090228	3	-1	-1	-1	0	-1	17	维京路障僵尸28	3
4020534	7090528	5	-1	-1	-1	0	-1	-1	号角僵尸28	4
4020534	7090428	6	-1	-1	-1	0	-1	21	飞龙饲养员28	2
4020534	7090228	7	-1	-1	-1	0	-1	16	维京铁桶僵尸28	3
4020534	7090428	8	-1	-1	-1	0	-1	23	飞龙饲养员28	2
										
4020535	7090229	1	-1	-1	-1	0	-1	15	维京路障僵尸29	3
4020535	7090229	2	-1	-1	-1	0	-1	17	维京铁桶僵尸29	3
4020535	7090229	3	-1	-1	-1	0	-1	16	维京路障僵尸29	3
4020535	7090429	5	-1	-1	-1	0	-1	21	飞龙饲养员29	2
4020535	7090429	5	-1	-1	-1	0	-1	23	飞龙饲养员29	2
4020535	7090529	5	-1	-1	-1	0	-1	22	号角僵尸29	4
4020536	7090229	1	-1	-1	-1	0	-1	17	维京路障僵尸29	3
4020536	7090229	2	-1	-1	-1	0	-1	19	维京铁桶僵尸29	3
4020536	7090229	3	-1	-1	-1	0	-1	15	维京路障僵尸29	3
4020536	7090429	5	-1	-1	-1	0	-1	21	飞龙饲养员29	2
4020536	7090429	5	-1	-1	-1	0	-1	23	飞龙饲养员29	2
4020536	7090529	5	-1	-1	-1	0	-1	25	号角僵尸29	4
4020537	7090229	1	-1	-1	-1	0	-1	15	维京路障僵尸29	3
4020537	8010188	2	-1	-1	-1	0	-1	22	29飞龙饲养员BOSS	5
4020537	7090229	3	-1	-1	-1	0	-1	17	维京路障僵尸29	3
4020537	7090529	5	-1	-1	-1	0	-1	-1	号角僵尸29	4
4020537	7090429	6	-1	-1	-1	0	-1	21	飞龙饲养员29	2
4020537	7090229	7	-1	-1	-1	0	-1	16	维京铁桶僵尸29	3
4020537	7090429	8	-1	-1	-1	0	-1	23	飞龙饲养员29	2
										
4020538	7090230	1	-1	-1	-1	0	-1	15	维京路障僵尸30	3
4020538	7090230	2	-1	-1	-1	0	-1	17	维京铁桶僵尸30	3
4020538	7090230	3	-1	-1	-1	0	-1	16	维京路障僵尸30	3
4020538	7090430	5	-1	-1	-1	0	-1	21	飞龙饲养员30	2
4020538	7090430	5	-1	-1	-1	0	-1	23	飞龙饲养员30	2
4020538	7090530	5	-1	-1	-1	0	-1	22	号角僵尸30	4
4020539	7090230	1	-1	-1	-1	0	-1	17	维京路障僵尸30	3
4020539	7090230	2	-1	-1	-1	0	-1	19	维京铁桶僵尸30	3
4020539	7090230	3	-1	-1	-1	0	-1	15	维京路障僵尸30	3
4020539	7090430	5	-1	-1	-1	0	-1	21	飞龙饲养员30	2
4020539	7090430	5	-1	-1	-1	0	-1	23	飞龙饲养员30	2
4020539	7090530	5	-1	-1	-1	0	-1	25	号角僵尸30	4
4020540	9010047	3	-1	-1	-1	0	1	-1	30维京龙骑兵大格	6
4020540	7090530	4	-1	-1	-1	0	1	24	号角僵尸30	4
4020540	7090530	8	-1	-1	-1	0	1	26	号角僵尸30	4
4020540	7090530	9	-1	-1	-1	0	1	28	号角僵尸30	4
										
										
										
										
4030001	7100301	1	-1	-1	-1	0	-1	15	未来路障僵尸1	3
4030001	7100401	2	-1	-1	-1	0	-1	16	未来铁桶僵尸1	3
4030001	7100301	3	-1	-1	-1	0	-1	17	未来路障僵尸1	3
4030001	7100501	1	-1	-1	-1	0	-1	21	喷射器舞者1	2
4030001	7100501	2	-1	-1	-1	0	-1	22	喷射器舞者1	2
4030001	7100501	3	-1	-1	-1	0	-1	23	喷射器舞者1	2
4030002	7100301	1	-1	-1	-1	0	-1	15	未来路障僵尸1	3
4030002	7100301	2	-1	-1	-1	0	-1	17	未来路障僵尸1	3
4030002	7100401	3	-1	-1	-1	0	-1	19	未来铁桶僵尸1	3
4030002	7100501	5	-1	-1	-1	0	-1	21	喷射器舞者1	2
4030002	7100501	5	-1	-1	-1	0	-1	23	喷射器舞者1	2
4030002	7100501	5	-1	-1	-1	0	-1	25	喷射器舞者1	2
4030003	7100301	1	-1	-1	-1	0	-1	13	未来路障僵尸1	3
4030003	8010189	2	-1	-1	-1	0	-1	19	1未来路障BOSS	5
4030003	7100301	3	-1	-1	-1	0	-1	15	未来路障僵尸1	3
4030003	7100401	4	-1	-1	-1	0	-1	17	未来铁桶僵尸1	3
4030003	7100501	5	-1	-1	-1	0	-1	21	喷射器舞者1	2
4030003	7100501	6	-1	-1	-1	0	-1	23	喷射器舞者1	2
4030003	7100501	2	-1	-1	-1	0	-1	-1	喷射器舞者1	2
4030003	7100501	8	-1	-1	-1	0	-1	-1	喷射器舞者1	2
										
4030004	7100302	1	-1	-1	-1	0	-1	15	未来路障僵尸2	3
4030004	7100402	2	-1	-1	-1	0	-1	16	未来铁桶僵尸2	3
4030004	7100302	3	-1	-1	-1	0	-1	17	未来路障僵尸2	3
4030004	7100502	1	-1	-1	-1	0	-1	21	喷射器舞者2	2
4030004	7100502	2	-1	-1	-1	0	-1	22	喷射器舞者2	2
4030004	7100502	3	-1	-1	-1	0	-1	23	喷射器舞者2	2
4030005	7100302	1	-1	-1	-1	0	-1	15	未来路障僵尸2	3
4030005	7100302	2	-1	-1	-1	0	-1	17	未来路障僵尸2	3
4030005	7100402	3	-1	-1	-1	0	-1	19	未来铁桶僵尸2	3
4030005	7100502	5	-1	-1	-1	0	-1	21	喷射器舞者2	2
4030005	7100502	5	-1	-1	-1	0	-1	23	喷射器舞者2	2
4030005	7100502	5	-1	-1	-1	0	-1	25	喷射器舞者2	2
4030006	7100302	1	-1	-1	-1	0	-1	13	未来路障僵尸2	3
4030006	8010190	2	-1	-1	-1	0	-1	19	2未来旗帜BOSS	5
4030006	7100302	3	-1	-1	-1	0	-1	15	未来路障僵尸2	3
4030006	7100402	4	-1	-1	-1	0	-1	17	未来铁桶僵尸2	3
4030006	7100502	5	-1	-1	-1	0	-1	21	喷射器舞者2	2
4030006	7100502	6	-1	-1	-1	0	-1	23	喷射器舞者2	2
4030006	7100502	2	-1	-1	-1	0	-1	-1	喷射器舞者2	2
4030006	7100502	8	-1	-1	-1	0	-1	-1	喷射器舞者2	2
										
4030007	7100303	1	-1	-1	-1	0	-1	15	未来路障僵尸3	3
4030007	7100403	2	-1	-1	-1	0	-1	16	未来铁桶僵尸3	3
4030007	7100303	3	-1	-1	-1	0	-1	17	未来路障僵尸3	3
4030007	7100503	1	-1	-1	-1	0	-1	21	喷射器舞者3	2
4030007	7100503	2	-1	-1	-1	0	-1	22	喷射器舞者3	2
4030007	7100503	3	-1	-1	-1	0	-1	23	喷射器舞者3	2
4030008	7100303	1	-1	-1	-1	0	-1	15	未来路障僵尸3	3
4030008	7100303	2	-1	-1	-1	0	-1	17	未来路障僵尸3	3
4030008	7100403	3	-1	-1	-1	0	-1	19	未来铁桶僵尸3	3
4030008	7100503	5	-1	-1	-1	0	-1	21	喷射器舞者3	2
4030008	7100503	5	-1	-1	-1	0	-1	23	喷射器舞者3	2
4030008	7100503	5	-1	-1	-1	0	-1	25	喷射器舞者3	2
4030009	7100303	1	-1	-1	-1	0	-1	13	未来路障僵尸3	3
4030009	8010191	2	-1	-1	-1	0	-1	19	3喷射器BOSS	5
4030009	7100303	3	-1	-1	-1	0	-1	15	未来路障僵尸3	3
4030009	7100403	4	-1	-1	-1	0	-1	17	未来铁桶僵尸3	3
4030009	7100503	5	-1	-1	-1	0	-1	21	喷射器舞者3	2
4030009	7100503	6	-1	-1	-1	0	-1	23	喷射器舞者3	2
4030009	7100503	2	-1	-1	-1	0	-1	-1	喷射器舞者3	2
4030009	7100503	8	-1	-1	-1	0	-1	-1	喷射器舞者3	2
										
4030010	7100304	1	-1	-1	-1	0	-1	15	未来路障僵尸4	3
4030010	7100404	2	-1	-1	-1	0	-1	16	未来铁桶僵尸4	3
4030010	7100304	3	-1	-1	-1	0	-1	17	未来路障僵尸4	3
4030010	7100504	1	-1	-1	-1	0	-1	21	喷射器舞者4	2
4030010	7100504	2	-1	-1	-1	0	-1	22	喷射器舞者4	2
4030010	7100504	3	-1	-1	-1	0	-1	23	喷射器舞者4	2
4030011	7100304	1	-1	-1	-1	0	-1	15	未来路障僵尸4	3
4030011	7100304	2	-1	-1	-1	0	-1	17	未来路障僵尸4	3
4030011	7100404	3	-1	-1	-1	0	-1	19	未来铁桶僵尸4	3
4030011	7100504	5	-1	-1	-1	0	-1	21	喷射器舞者4	2
4030011	7100504	5	-1	-1	-1	0	-1	23	喷射器舞者4	2
4030011	7100504	5	-1	-1	-1	0	-1	25	喷射器舞者4	2
4030012	7100304	1	-1	-1	-1	0	-1	13	未来路障僵尸4	3
4030012	8010192	2	-1	-1	-1	0	-1	19	4未来旗帜BOSS	5
4030012	7100304	3	-1	-1	-1	0	-1	15	未来路障僵尸4	3
4030012	7100404	4	-1	-1	-1	0	-1	17	未来铁桶僵尸4	3
4030012	7100504	5	-1	-1	-1	0	-1	21	喷射器舞者4	2
4030012	7100504	6	-1	-1	-1	0	-1	23	喷射器舞者4	2
4030012	7100504	2	-1	-1	-1	0	-1	-1	喷射器舞者4	2
4030012	7100504	8	-1	-1	-1	0	-1	-1	喷射器舞者4	2
										
4030013	7100305	1	-1	-1	-1	0	-1	15	未来路障僵尸5	3
4030013	7100405	2	-1	-1	-1	0	-1	16	未来铁桶僵尸5	3
4030013	7100305	3	-1	-1	-1	0	-1	17	未来路障僵尸5	3
4030013	7100505	1	-1	-1	-1	0	-1	21	喷射器舞者5	2
4030013	7100505	2	-1	-1	-1	0	-1	22	喷射器舞者5	2
4030013	7100505	3	-1	-1	-1	0	-1	23	喷射器舞者5	2
4030014	7100305	1	-1	-1	-1	0	-1	15	未来路障僵尸5	3
4030014	7100305	2	-1	-1	-1	0	-1	17	未来路障僵尸5	3
4030014	7100405	3	-1	-1	-1	0	-1	19	未来铁桶僵尸5	3
4030014	7100505	5	-1	-1	-1	0	-1	21	喷射器舞者5	2
4030014	7100505	5	-1	-1	-1	0	-1	23	喷射器舞者5	2
4030014	7100505	5	-1	-1	-1	0	-1	25	喷射器舞者5	2
4030015	9010048	3	-1	-1	-1	0	1	-1	5电磁盾僵尸大格	6
4030015	7100505	8	-1	-1	-1	0	1	24	喷射器舞者5	2
4030015	7100505	8	-1	-1	-1	0	1	26	喷射器舞者5	2
4030015	7100505	9	-1	-1	-1	0	1	28	喷射器舞者5	2
										
										
										
										
4030016	7100306	1	-1	-1	-1	0	-1	15	未来路障僵尸6	3
4030016	7100406	2	-1	-1	-1	0	-1	16	未来铁桶僵尸6	3
4030016	7100306	3	-1	-1	-1	0	-1	17	未来路障僵尸6	3
4030016	7100506	1	-1	-1	-1	0	-1	21	喷射器舞者6	2
4030016	7100506	2	-1	-1	-1	0	-1	22	喷射器舞者6	2
4030016	7100506	3	-1	-1	-1	0	-1	23	喷射器舞者6	2
4030017	7100306	1	-1	-1	-1	0	-1	15	未来路障僵尸6	3
4030017	7100306	2	-1	-1	-1	0	-1	17	未来路障僵尸6	3
4030017	7100406	3	-1	-1	-1	0	-1	19	未来铁桶僵尸6	3
4030017	7100506	5	-1	-1	-1	0	-1	21	喷射器舞者6	2
4030017	7100506	5	-1	-1	-1	0	-1	23	喷射器舞者6	2
4030017	7100506	5	-1	-1	-1	0	-1	25	喷射器舞者6	2
4030018	7100306	1	-1	-1	-1	0	-1	13	未来路障僵尸6	3
4030018	8010193	2	-1	-1	-1	0	-1	19	6未来路障BOSS	5
4030018	7100306	3	-1	-1	-1	0	-1	15	未来路障僵尸6	3
4030018	7100406	4	-1	-1	-1	0	-1	17	未来铁桶僵尸6	3
4030018	7100506	5	-1	-1	-1	0	-1	21	喷射器舞者6	2
4030018	7100506	6	-1	-1	-1	0	-1	23	喷射器舞者6	2
4030018	7100506	2	-1	-1	-1	0	-1	-1	喷射器舞者6	2
4030018	7100506	8	-1	-1	-1	0	-1	-1	喷射器舞者6	2
										
4030019	7100307	1	-1	-1	-1	0	-1	15	未来路障僵尸7	3
4030019	7100407	2	-1	-1	-1	0	-1	16	未来铁桶僵尸7	3
4030019	7100307	3	-1	-1	-1	0	-1	17	未来路障僵尸7	3
4030019	7100507	1	-1	-1	-1	0	-1	21	喷射器舞者7	2
4030019	7100507	2	-1	-1	-1	0	-1	22	喷射器舞者7	2
4030019	7100507	3	-1	-1	-1	0	-1	23	喷射器舞者7	2
4030020	7100307	1	-1	-1	-1	0	-1	15	未来路障僵尸7	3
4030020	7100307	2	-1	-1	-1	0	-1	17	未来路障僵尸7	3
4030020	7100407	3	-1	-1	-1	0	-1	19	未来铁桶僵尸7	3
4030020	7100507	5	-1	-1	-1	0	-1	21	喷射器舞者7	2
4030020	7100507	5	-1	-1	-1	0	-1	23	喷射器舞者7	2
4030020	7100507	5	-1	-1	-1	0	-1	25	喷射器舞者7	2
4030021	7100307	1	-1	-1	-1	0	-1	13	未来路障僵尸7	3
4030021	8010194	2	-1	-1	-1	0	-1	19	7未来旗帜BOSS	5
4030021	7100307	3	-1	-1	-1	0	-1	15	未来路障僵尸7	3
4030021	7100407	4	-1	-1	-1	0	-1	17	未来铁桶僵尸7	3
4030021	7100507	5	-1	-1	-1	0	-1	21	喷射器舞者7	2
4030021	7100507	6	-1	-1	-1	0	-1	23	喷射器舞者7	2
4030021	7100507	2	-1	-1	-1	0	-1	-1	喷射器舞者7	2
4030021	7100507	8	-1	-1	-1	0	-1	-1	喷射器舞者7	2
										
4030022	7100308	1	-1	-1	-1	0	-1	15	未来路障僵尸8	3
4030022	7100408	2	-1	-1	-1	0	-1	16	未来铁桶僵尸8	3
4030022	7100308	3	-1	-1	-1	0	-1	17	未来路障僵尸8	3
4030022	7100508	1	-1	-1	-1	0	-1	21	喷射器舞者8	2
4030022	7100508	2	-1	-1	-1	0	-1	22	喷射器舞者8	2
4030022	7100508	3	-1	-1	-1	0	-1	23	喷射器舞者8	2
4030023	7100308	1	-1	-1	-1	0	-1	15	未来路障僵尸8	3
4030023	7100308	2	-1	-1	-1	0	-1	17	未来路障僵尸8	3
4030023	7100408	3	-1	-1	-1	0	-1	19	未来铁桶僵尸8	3
4030023	7100508	5	-1	-1	-1	0	-1	21	喷射器舞者8	2
4030023	7100508	5	-1	-1	-1	0	-1	23	喷射器舞者8	2
4030023	7100508	5	-1	-1	-1	0	-1	25	喷射器舞者8	2
4030024	7100308	1	-1	-1	-1	0	-1	13	未来路障僵尸8	3
4030024	8010195	2	-1	-1	-1	0	-1	19	8喷射器BOSS	5
4030024	7100308	3	-1	-1	-1	0	-1	15	未来路障僵尸8	3
4030024	7100408	4	-1	-1	-1	0	-1	17	未来铁桶僵尸8	3
4030024	7100508	5	-1	-1	-1	0	-1	21	喷射器舞者8	2
4030024	7100508	6	-1	-1	-1	0	-1	23	喷射器舞者8	2
4030024	7100508	2	-1	-1	-1	0	-1	-1	喷射器舞者8	2
4030024	7100508	8	-1	-1	-1	0	-1	-1	喷射器舞者8	2
										
4030025	7100309	1	-1	-1	-1	0	-1	15	未来路障僵尸9	3
4030025	7100409	2	-1	-1	-1	0	-1	16	未来铁桶僵尸9	3
4030025	7100309	3	-1	-1	-1	0	-1	17	未来路障僵尸9	3
4030025	7100509	1	-1	-1	-1	0	-1	21	喷射器舞者9	2
4030025	7100509	2	-1	-1	-1	0	-1	22	喷射器舞者9	2
4030025	7100509	3	-1	-1	-1	0	-1	23	喷射器舞者9	2
4030026	7100309	1	-1	-1	-1	0	-1	15	未来路障僵尸9	3
4030026	7100309	2	-1	-1	-1	0	-1	17	未来路障僵尸9	3
4030026	7100409	3	-1	-1	-1	0	-1	19	未来铁桶僵尸9	3
4030026	7100509	5	-1	-1	-1	0	-1	21	喷射器舞者9	2
4030026	7100509	5	-1	-1	-1	0	-1	23	喷射器舞者9	2
4030026	7100509	5	-1	-1	-1	0	-1	25	喷射器舞者9	2
4030027	7100309	1	-1	-1	-1	0	-1	13	未来路障僵尸9	3
4030027	8010196	2	-1	-1	-1	0	-1	19	9未来旗帜BOSS	5
4030027	7100309	3	-1	-1	-1	0	-1	15	未来路障僵尸9	3
4030027	7100409	4	-1	-1	-1	0	-1	17	未来铁桶僵尸9	3
4030027	7100509	5	-1	-1	-1	0	-1	21	喷射器舞者9	2
4030027	7100509	6	-1	-1	-1	0	-1	23	喷射器舞者9	2
4030027	7100509	2	-1	-1	-1	0	-1	-1	喷射器舞者9	2
4030027	7100509	8	-1	-1	-1	0	-1	-1	喷射器舞者9	2
										
4030028	7100310	1	-1	-1	-1	0	-1	15	未来路障僵尸10	3
4030028	7100410	2	-1	-1	-1	0	-1	16	未来铁桶僵尸10	3
4030028	7100310	3	-1	-1	-1	0	-1	17	未来路障僵尸10	3
4030028	7100510	1	-1	-1	-1	0	-1	21	喷射器舞者10	2
4030028	7100510	2	-1	-1	-1	0	-1	22	喷射器舞者10	2
4030028	7100510	3	-1	-1	-1	0	-1	23	喷射器舞者10	2
4030029	7100310	1	-1	-1	-1	0	-1	15	未来路障僵尸10	3
4030029	7100310	2	-1	-1	-1	0	-1	17	未来路障僵尸10	3
4030029	7100410	3	-1	-1	-1	0	-1	19	未来铁桶僵尸10	3
4030029	7100510	5	-1	-1	-1	0	-1	21	喷射器舞者10	2
4030029	7100510	5	-1	-1	-1	0	-1	23	喷射器舞者10	2
4030029	7100510	5	-1	-1	-1	0	-1	25	喷射器舞者10	2
4030030	9010049	3	-1	-1	-1	0	1	-1	10舞者3000大格	6
4030030	7100510	7	-1	-1	-1	0	1	26	喷射器舞者10	2
4030030	7100510	8	-1	-1	-1	0	1	24	喷射器舞者10	2
4030030	7100510	9	-1	-1	-1	0	1	28	喷射器舞者10	2
										
4030031	7100311	1	-1	-1	-1	0	-1	15	未来路障僵尸11	3
4030031	7100411	2	-1	-1	-1	0	-1	16	未来铁桶僵尸11	3
4030031	7100311	3	-1	-1	-1	0	-1	17	未来路障僵尸11	3
4030031	7100511	1	-1	-1	-1	0	-1	21	喷射器舞者11	2
4030031	7100511	2	-1	-1	-1	0	-1	22	喷射器舞者11	2
4030031	7100511	3	-1	-1	-1	0	-1	23	喷射器舞者11	2
4030032	7100311	1	-1	-1	-1	0	-1	15	未来路障僵尸11	3
4030032	7100311	2	-1	-1	-1	0	-1	17	未来路障僵尸11	3
4030032	7100411	3	-1	-1	-1	0	-1	19	未来铁桶僵尸11	3
4030032	7100511	5	-1	-1	-1	0	-1	21	喷射器舞者11	2
4030032	7100511	5	-1	-1	-1	0	-1	23	喷射器舞者11	2
4030032	7100511	5	-1	-1	-1	0	-1	25	喷射器舞者11	2
4030033	7100311	1	-1	-1	-1	0	-1	13	未来路障僵尸11	3
4030033	8010197	2	-1	-1	-1	0	-1	19	11未来路障BOSS	5
4030033	7100311	3	-1	-1	-1	0	-1	15	未来路障僵尸11	3
4030033	7100411	4	-1	-1	-1	0	-1	17	未来铁桶僵尸11	3
4030033	7100511	5	-1	-1	-1	0	-1	21	喷射器舞者11	2
4030033	7100511	6	-1	-1	-1	0	-1	23	喷射器舞者11	2
4030033	7100511	2	-1	-1	-1	0	-1	-1	喷射器舞者11	2
4030033	7100511	8	-1	-1	-1	0	-1	-1	喷射器舞者11	2
										
4030034	7100312	1	-1	-1	-1	0	-1	15	未来路障僵尸12	3
4030034	7100412	2	-1	-1	-1	0	-1	16	未来铁桶僵尸12	3
4030034	7100312	3	-1	-1	-1	0	-1	17	未来路障僵尸12	3
4030034	7100512	1	-1	-1	-1	0	-1	21	喷射器舞者12	2
4030034	7100512	2	-1	-1	-1	0	-1	22	喷射器舞者12	2
4030034	7100512	3	-1	-1	-1	0	-1	23	喷射器舞者12	2
4030035	7100312	1	-1	-1	-1	0	-1	15	未来路障僵尸12	3
4030035	7100312	2	-1	-1	-1	0	-1	17	未来路障僵尸12	3
4030035	7100412	3	-1	-1	-1	0	-1	19	未来铁桶僵尸12	3
4030035	7100512	5	-1	-1	-1	0	-1	21	喷射器舞者12	2
4030035	7100512	5	-1	-1	-1	0	-1	23	喷射器舞者12	2
4030035	7100512	5	-1	-1	-1	0	-1	25	喷射器舞者12	2
4030036	7100312	1	-1	-1	-1	0	-1	13	未来路障僵尸12	3
4030036	8010198	2	-1	-1	-1	0	-1	19	12未来旗帜BOSS	5
4030036	7100312	3	-1	-1	-1	0	-1	15	未来路障僵尸12	3
4030036	7100412	4	-1	-1	-1	0	-1	17	未来铁桶僵尸12	3
4030036	7100512	5	-1	-1	-1	0	-1	21	喷射器舞者12	2
4030036	7100512	6	-1	-1	-1	0	-1	23	喷射器舞者12	2
4030036	7100512	2	-1	-1	-1	0	-1	-1	喷射器舞者12	2
4030036	7100512	8	-1	-1	-1	0	-1	-1	喷射器舞者12	2
										
4030037	7100313	1	-1	-1	-1	0	-1	15	未来路障僵尸13	3
4030037	7100413	2	-1	-1	-1	0	-1	16	未来铁桶僵尸13	3
4030037	7100313	3	-1	-1	-1	0	-1	17	未来路障僵尸13	3
4030037	7100513	1	-1	-1	-1	0	-1	21	喷射器舞者13	2
4030037	7100513	2	-1	-1	-1	0	-1	22	喷射器舞者13	2
4030037	7100513	3	-1	-1	-1	0	-1	23	喷射器舞者13	2
4030038	7100313	1	-1	-1	-1	0	-1	15	未来路障僵尸13	3
4030038	7100313	2	-1	-1	-1	0	-1	17	未来路障僵尸13	3
4030038	7100413	3	-1	-1	-1	0	-1	19	未来铁桶僵尸13	3
4030038	7100513	5	-1	-1	-1	0	-1	21	喷射器舞者13	2
4030038	7100513	5	-1	-1	-1	0	-1	23	喷射器舞者13	2
4030038	7100513	5	-1	-1	-1	0	-1	25	喷射器舞者13	2
4030039	7100313	1	-1	-1	-1	0	-1	13	未来路障僵尸13	3
4030039	8010199	2	-1	-1	-1	0	-1	19	13喷射器BOSS	5
4030039	7100313	3	-1	-1	-1	0	-1	15	未来路障僵尸13	3
4030039	7100413	4	-1	-1	-1	0	-1	17	未来铁桶僵尸13	3
4030039	7100513	5	-1	-1	-1	0	-1	21	喷射器舞者13	2
4030039	7100513	6	-1	-1	-1	0	-1	23	喷射器舞者13	2
4030039	7100513	2	-1	-1	-1	0	-1	-1	喷射器舞者13	2
4030039	7100513	8	-1	-1	-1	0	-1	-1	喷射器舞者13	2
										
4030040	7100314	1	-1	-1	-1	0	-1	15	未来路障僵尸14	3
4030040	7100414	2	-1	-1	-1	0	-1	16	未来铁桶僵尸14	3
4030040	7100314	3	-1	-1	-1	0	-1	17	未来路障僵尸14	3
4030040	7100514	1	-1	-1	-1	0	-1	21	喷射器舞者14	2
4030040	7100514	2	-1	-1	-1	0	-1	22	喷射器舞者14	2
4030040	7100514	3	-1	-1	-1	0	-1	23	喷射器舞者14	2
4030041	7100314	1	-1	-1	-1	0	-1	15	未来路障僵尸14	3
4030041	7100314	2	-1	-1	-1	0	-1	17	未来路障僵尸14	3
4030041	7100414	3	-1	-1	-1	0	-1	19	未来铁桶僵尸14	3
4030041	7100514	5	-1	-1	-1	0	-1	21	喷射器舞者14	2
4030041	7100514	5	-1	-1	-1	0	-1	23	喷射器舞者14	2
4030041	7100514	5	-1	-1	-1	0	-1	25	喷射器舞者14	2
4030042	7100314	1	-1	-1	-1	0	-1	13	未来路障僵尸14	3
4030042	8010200	2	-1	-1	-1	0	-1	19	14未来旗帜BOSS	5
4030042	7100314	3	-1	-1	-1	0	-1	15	未来路障僵尸14	3
4030042	7100414	4	-1	-1	-1	0	-1	17	未来铁桶僵尸14	3
4030042	7100514	5	-1	-1	-1	0	-1	21	喷射器舞者14	2
4030042	7100514	6	-1	-1	-1	0	-1	23	喷射器舞者14	2
4030042	7100514	2	-1	-1	-1	0	-1	-1	喷射器舞者14	2
4030042	7100514	8	-1	-1	-1	0	-1	-1	喷射器舞者14	2
										
4030043	7100315	1	-1	-1	-1	0	-1	15	未来路障僵尸15	3
4030043	7100415	2	-1	-1	-1	0	-1	16	未来铁桶僵尸15	3
4030043	7100315	3	-1	-1	-1	0	-1	17	未来路障僵尸15	3
4030043	7100515	1	-1	-1	-1	0	-1	21	喷射器舞者15	2
4030043	7100515	2	-1	-1	-1	0	-1	22	喷射器舞者15	2
4030043	7100515	3	-1	-1	-1	0	-1	23	喷射器舞者15	2
4030044	7100315	1	-1	-1	-1	0	-1	15	未来路障僵尸15	3
4030044	7100315	2	-1	-1	-1	0	-1	17	未来路障僵尸15	3
4030044	7100415	3	-1	-1	-1	0	-1	19	未来铁桶僵尸15	3
4030044	7100515	5	-1	-1	-1	0	-1	21	喷射器舞者15	2
4030044	7100515	5	-1	-1	-1	0	-1	23	喷射器舞者15	2
4030044	7100515	5	-1	-1	-1	0	-1	25	喷射器舞者15	2
4030045	9010050	3	-1	-1	-1	0	1	-1	15卡车司机大格	6
4030045	7100515	7	-1	-1	-1	0	1	28	喷射器舞者15	2
4030045	7100515	8	-1	-1	-1	0	1	26	喷射器舞者15	2
4030045	7100515	9	-1	-1	-1	0	1	24	喷射器舞者15	2
										
										
										
										
										
4030046	7100316	1	-1	-1	-1	0	-1	15	未来路障僵尸16	3
4030046	7100416	2	-1	-1	-1	0	-1	16	未来铁桶僵尸16	3
4030046	7100316	3	-1	-1	-1	0	-1	17	未来路障僵尸16	3
4030046	7100516	1	-1	-1	-1	0	-1	21	喷射器舞者16	2
4030046	7100516	2	-1	-1	-1	0	-1	22	喷射器舞者16	2
4030046	7100516	3	-1	-1	-1	0	-1	23	喷射器舞者16	2
4030047	7100316	1	-1	-1	-1	0	-1	15	未来路障僵尸16	3
4030047	7100316	2	-1	-1	-1	0	-1	17	未来路障僵尸16	3
4030047	7100416	3	-1	-1	-1	0	-1	19	未来铁桶僵尸16	3
4030047	7100516	5	-1	-1	-1	0	-1	21	喷射器舞者16	2
4030047	7100516	5	-1	-1	-1	0	-1	23	喷射器舞者16	2
4030047	7100516	5	-1	-1	-1	0	-1	25	喷射器舞者16	2
4030048	7100316	1	-1	-1	-1	0	-1	13	未来路障僵尸16	3
4030048	8010201	2	-1	-1	-1	0	-1	19	16未来路障BOSS	5
4030048	7100316	3	-1	-1	-1	0	-1	15	未来路障僵尸16	3
4030048	7100416	4	-1	-1	-1	0	-1	17	未来铁桶僵尸16	3
4030048	7100516	5	-1	-1	-1	0	-1	21	喷射器舞者16	2
4030048	7100516	6	-1	-1	-1	0	-1	23	喷射器舞者16	2
4030048	7100516	2	-1	-1	-1	0	-1	-1	喷射器舞者16	2
4030048	7100516	8	-1	-1	-1	0	-1	-1	喷射器舞者16	2
										
4030049	7100317	1	-1	-1	-1	0	-1	15	未来路障僵尸17	3
4030049	7100417	2	-1	-1	-1	0	-1	16	未来铁桶僵尸17	3
4030049	7100317	3	-1	-1	-1	0	-1	17	未来路障僵尸17	3
4030049	7100517	1	-1	-1	-1	0	-1	21	喷射器舞者17	2
4030049	7100517	2	-1	-1	-1	0	-1	22	喷射器舞者17	2
4030049	7100517	3	-1	-1	-1	0	-1	23	喷射器舞者17	2
4030050	7100317	1	-1	-1	-1	0	-1	15	未来路障僵尸17	3
4030050	7100317	2	-1	-1	-1	0	-1	17	未来路障僵尸17	3
4030050	7100417	3	-1	-1	-1	0	-1	19	未来铁桶僵尸17	3
4030050	7100517	5	-1	-1	-1	0	-1	21	喷射器舞者17	2
4030050	7100517	5	-1	-1	-1	0	-1	23	喷射器舞者17	2
4030050	7100517	5	-1	-1	-1	0	-1	25	喷射器舞者17	2
4030051	7100317	1	-1	-1	-1	0	-1	13	未来路障僵尸17	3
4030051	8010202	2	-1	-1	-1	0	-1	19	17未来旗帜BOSS	5
4030051	7100317	3	-1	-1	-1	0	-1	15	未来路障僵尸17	3
4030051	7100417	4	-1	-1	-1	0	-1	17	未来铁桶僵尸17	3
4030051	7100517	5	-1	-1	-1	0	-1	21	喷射器舞者17	2
4030051	7100517	6	-1	-1	-1	0	-1	23	喷射器舞者17	2
4030051	7100517	2	-1	-1	-1	0	-1	-1	喷射器舞者17	2
4030051	7100517	8	-1	-1	-1	0	-1	-1	喷射器舞者17	2
										
4030052	7100318	1	-1	-1	-1	0	-1	15	未来路障僵尸18	3
4030052	7100418	2	-1	-1	-1	0	-1	16	未来铁桶僵尸18	3
4030052	7100318	3	-1	-1	-1	0	-1	17	未来路障僵尸18	3
4030052	7100518	1	-1	-1	-1	0	-1	21	喷射器舞者18	2
4030052	7100518	2	-1	-1	-1	0	-1	22	喷射器舞者18	2
4030052	7100518	3	-1	-1	-1	0	-1	23	喷射器舞者18	2
4030053	7100318	1	-1	-1	-1	0	-1	15	未来路障僵尸18	3
4030053	7100318	2	-1	-1	-1	0	-1	17	未来路障僵尸18	3
4030053	7100418	3	-1	-1	-1	0	-1	19	未来铁桶僵尸18	3
4030053	7100518	5	-1	-1	-1	0	-1	21	喷射器舞者18	2
4030053	7100518	5	-1	-1	-1	0	-1	23	喷射器舞者18	2
4030053	7100518	5	-1	-1	-1	0	-1	25	喷射器舞者18	2
4030054	7100318	1	-1	-1	-1	0	-1	13	未来路障僵尸18	3
4030054	8010203	2	-1	-1	-1	0	-1	19	18喷射器BOSS	5
4030054	7100318	3	-1	-1	-1	0	-1	15	未来路障僵尸18	3
4030054	7100418	4	-1	-1	-1	0	-1	17	未来铁桶僵尸18	3
4030054	7100518	5	-1	-1	-1	0	-1	21	喷射器舞者18	2
4030054	7100518	6	-1	-1	-1	0	-1	23	喷射器舞者18	2
4030054	7100518	2	-1	-1	-1	0	-1	-1	喷射器舞者18	2
4030054	7100518	8	-1	-1	-1	0	-1	-1	喷射器舞者18	2
										
4030055	7100319	1	-1	-1	-1	0	-1	15	未来路障僵尸19	3
4030055	7100419	2	-1	-1	-1	0	-1	16	未来铁桶僵尸19	3
4030055	7100319	3	-1	-1	-1	0	-1	17	未来路障僵尸19	3
4030055	7100519	1	-1	-1	-1	0	-1	21	喷射器舞者19	2
4030055	7100519	2	-1	-1	-1	0	-1	22	喷射器舞者19	2
4030055	7100519	3	-1	-1	-1	0	-1	23	喷射器舞者19	2
4030056	7100319	1	-1	-1	-1	0	-1	15	未来路障僵尸19	3
4030056	7100319	2	-1	-1	-1	0	-1	17	未来路障僵尸19	3
4030056	7100419	3	-1	-1	-1	0	-1	19	未来铁桶僵尸19	3
4030056	7100519	5	-1	-1	-1	0	-1	21	喷射器舞者19	2
4030056	7100519	5	-1	-1	-1	0	-1	23	喷射器舞者19	2
4030056	7100519	5	-1	-1	-1	0	-1	25	喷射器舞者19	2
4030057	7100319	1	-1	-1	-1	0	-1	13	未来路障僵尸19	3
4030057	8010204	2	-1	-1	-1	0	-1	19	19未来旗帜BOSS	5
4030057	7100319	3	-1	-1	-1	0	-1	15	未来路障僵尸19	3
4030057	7100419	4	-1	-1	-1	0	-1	17	未来铁桶僵尸19	3
4030057	7100519	5	-1	-1	-1	0	-1	21	喷射器舞者19	2
4030057	7100519	6	-1	-1	-1	0	-1	23	喷射器舞者19	2
4030057	7100519	2	-1	-1	-1	0	-1	-1	喷射器舞者19	2
4030057	7100519	8	-1	-1	-1	0	-1	-1	喷射器舞者19	2
										
4030058	7100320	1	-1	-1	-1	0	-1	15	未来路障僵尸20	3
4030058	7100420	2	-1	-1	-1	0	-1	16	未来铁桶僵尸20	3
4030058	7100320	3	-1	-1	-1	0	-1	17	未来路障僵尸20	3
4030058	7100520	1	-1	-1	-1	0	-1	21	喷射器舞者20	2
4030058	7100520	2	-1	-1	-1	0	-1	22	喷射器舞者20	2
4030058	7100520	3	-1	-1	-1	0	-1	23	喷射器舞者20	2
4030059	7100320	1	-1	-1	-1	0	-1	15	未来路障僵尸20	3
4030059	7100320	2	-1	-1	-1	0	-1	17	未来路障僵尸20	3
4030059	7100420	3	-1	-1	-1	0	-1	19	未来铁桶僵尸20	3
4030059	7100520	5	-1	-1	-1	0	-1	21	喷射器舞者20	2
4030059	7100520	5	-1	-1	-1	0	-1	23	喷射器舞者20	2
4030059	7100520	5	-1	-1	-1	0	-1	25	喷射器舞者20	2
4030060	9010051	3	-1	-1	-1	0	1	-1	20橄榄球大格	6
4030060	7100520	7	-1	-1	-1	0	1	24	喷射器舞者20	2
4030060	7100520	8	-1	-1	-1	0	1	28	喷射器舞者20	2
4030060	7100520	9	-1	-1	-1	0	1	26	喷射器舞者20	2
										
										
										
										
										
4030061	7100321	1	-1	-1	-1	0	-1	15	未来路障僵尸21	3
4030061	7100421	2	-1	-1	-1	0	-1	16	未来铁桶僵尸21	3
4030061	7100321	3	-1	-1	-1	0	-1	17	未来路障僵尸21	3
4030061	7100521	1	-1	-1	-1	0	-1	21	喷射器舞者21	2
4030061	7100521	2	-1	-1	-1	0	-1	22	喷射器舞者21	2
4030061	7100521	3	-1	-1	-1	0	-1	23	喷射器舞者21	2
4030062	7100321	1	-1	-1	-1	0	-1	15	未来路障僵尸21	3
4030062	7100321	2	-1	-1	-1	0	-1	17	未来路障僵尸21	3
4030062	7100421	3	-1	-1	-1	0	-1	19	未来铁桶僵尸21	3
4030062	7100521	5	-1	-1	-1	0	-1	21	喷射器舞者21	2
4030062	7100521	5	-1	-1	-1	0	-1	23	喷射器舞者21	2
4030062	7100521	5	-1	-1	-1	0	-1	25	喷射器舞者21	2
4030063	7100321	1	-1	-1	-1	0	-1	13	未来路障僵尸21	3
4030063	8010205	2	-1	-1	-1	0	-1	19	21未来路障BOSS	5
4030063	7100321	3	-1	-1	-1	0	-1	15	未来路障僵尸21	3
4030063	7100421	4	-1	-1	-1	0	-1	17	未来铁桶僵尸21	3
4030063	7100521	5	-1	-1	-1	0	-1	21	喷射器舞者21	2
4030063	7100521	6	-1	-1	-1	0	-1	23	喷射器舞者21	2
4030063	7100521	2	-1	-1	-1	0	-1	-1	喷射器舞者21	2
4030063	7100521	8	-1	-1	-1	0	-1	-1	喷射器舞者21	2
										
4030064	7100322	1	-1	-1	-1	0	-1	15	未来路障僵尸22	3
4030064	7100422	2	-1	-1	-1	0	-1	16	未来铁桶僵尸22	3
4030064	7100322	3	-1	-1	-1	0	-1	17	未来路障僵尸22	3
4030064	7100522	1	-1	-1	-1	0	-1	21	喷射器舞者22	2
4030064	7100522	2	-1	-1	-1	0	-1	22	喷射器舞者22	2
4030064	7100522	3	-1	-1	-1	0	-1	23	喷射器舞者22	2
4030065	7100322	1	-1	-1	-1	0	-1	15	未来路障僵尸22	3
4030065	7100322	2	-1	-1	-1	0	-1	17	未来路障僵尸22	3
4030065	7100422	3	-1	-1	-1	0	-1	19	未来铁桶僵尸22	3
4030065	7100522	5	-1	-1	-1	0	-1	21	喷射器舞者22	2
4030065	7100522	5	-1	-1	-1	0	-1	23	喷射器舞者22	2
4030065	7100522	5	-1	-1	-1	0	-1	25	喷射器舞者22	2
4030066	7100322	1	-1	-1	-1	0	-1	13	未来路障僵尸22	3
4030066	8010206	2	-1	-1	-1	0	-1	19	22未来旗帜BOSS	5
4030066	7100322	3	-1	-1	-1	0	-1	15	未来路障僵尸22	3
4030066	7100422	4	-1	-1	-1	0	-1	17	未来铁桶僵尸22	3
4030066	7100522	5	-1	-1	-1	0	-1	21	喷射器舞者22	2
4030066	7100522	6	-1	-1	-1	0	-1	23	喷射器舞者22	2
4030066	7100522	2	-1	-1	-1	0	-1	-1	喷射器舞者22	2
4030066	7100522	8	-1	-1	-1	0	-1	-1	喷射器舞者22	2
										
4030067	7100323	1	-1	-1	-1	0	-1	15	未来路障僵尸23	3
4030067	7100423	2	-1	-1	-1	0	-1	16	未来铁桶僵尸23	3
4030067	7100323	3	-1	-1	-1	0	-1	17	未来路障僵尸23	3
4030067	7100523	1	-1	-1	-1	0	-1	21	喷射器舞者23	2
4030067	7100523	2	-1	-1	-1	0	-1	22	喷射器舞者23	2
4030067	7100523	3	-1	-1	-1	0	-1	23	喷射器舞者23	2
4030068	7100323	1	-1	-1	-1	0	-1	15	未来路障僵尸23	3
4030068	7100323	2	-1	-1	-1	0	-1	17	未来路障僵尸23	3
4030068	7100423	3	-1	-1	-1	0	-1	19	未来铁桶僵尸23	3
4030068	7100523	5	-1	-1	-1	0	-1	21	喷射器舞者23	2
4030068	7100523	5	-1	-1	-1	0	-1	23	喷射器舞者23	2
4030068	7100523	5	-1	-1	-1	0	-1	25	喷射器舞者23	2
4030069	7100323	1	-1	-1	-1	0	-1	13	未来路障僵尸23	3
4030069	8010207	2	-1	-1	-1	0	-1	19	23喷射器BOSS	5
4030069	7100323	3	-1	-1	-1	0	-1	15	未来路障僵尸23	3
4030069	7100423	4	-1	-1	-1	0	-1	17	未来铁桶僵尸23	3
4030069	7100523	5	-1	-1	-1	0	-1	21	喷射器舞者23	2
4030069	7100523	6	-1	-1	-1	0	-1	23	喷射器舞者23	2
4030069	7100523	2	-1	-1	-1	0	-1	-1	喷射器舞者23	2
4030069	7100523	8	-1	-1	-1	0	-1	-1	喷射器舞者23	2
										
4030070	7100324	1	-1	-1	-1	0	-1	15	未来路障僵尸24	3
4030070	7100424	2	-1	-1	-1	0	-1	16	未来铁桶僵尸24	3
4030070	7100324	3	-1	-1	-1	0	-1	17	未来路障僵尸24	3
4030070	7100524	1	-1	-1	-1	0	-1	21	喷射器舞者24	2
4030070	7100524	2	-1	-1	-1	0	-1	22	喷射器舞者24	2
4030070	7100524	3	-1	-1	-1	0	-1	23	喷射器舞者24	2
4030071	7100324	1	-1	-1	-1	0	-1	15	未来路障僵尸24	3
4030071	7100324	2	-1	-1	-1	0	-1	17	未来路障僵尸24	3
4030071	7100424	3	-1	-1	-1	0	-1	19	未来铁桶僵尸24	3
4030071	7100524	5	-1	-1	-1	0	-1	21	喷射器舞者24	2
4030071	7100524	5	-1	-1	-1	0	-1	23	喷射器舞者24	2
4030071	7100524	5	-1	-1	-1	0	-1	25	喷射器舞者24	2
4030072	7100324	1	-1	-1	-1	0	-1	13	未来路障僵尸24	3
4030072	8010208	2	-1	-1	-1	0	-1	19	24未来旗帜BOSS	5
4030072	7100324	3	-1	-1	-1	0	-1	15	未来路障僵尸24	3
4030072	7100424	4	-1	-1	-1	0	-1	17	未来铁桶僵尸24	3
4030072	7100524	5	-1	-1	-1	0	-1	21	喷射器舞者24	2
4030072	7100524	6	-1	-1	-1	0	-1	23	喷射器舞者24	2
4030072	7100524	2	-1	-1	-1	0	-1	-1	喷射器舞者24	2
4030072	7100524	8	-1	-1	-1	0	-1	-1	喷射器舞者24	2
										
4030073	7100325	1	-1	-1	-1	0	-1	15	未来路障僵尸25	3
4030073	7100425	2	-1	-1	-1	0	-1	16	未来铁桶僵尸25	3
4030073	7100325	3	-1	-1	-1	0	-1	17	未来路障僵尸25	3
4030073	7100525	1	-1	-1	-1	0	-1	21	喷射器舞者25	2
4030073	7100525	2	-1	-1	-1	0	-1	22	喷射器舞者25	2
4030073	7100525	3	-1	-1	-1	0	-1	23	喷射器舞者25	2
4030074	7100325	1	-1	-1	-1	0	-1	15	未来路障僵尸25	3
4030074	7100325	2	-1	-1	-1	0	-1	17	未来路障僵尸25	3
4030074	7100425	3	-1	-1	-1	0	-1	19	未来铁桶僵尸25	3
4030074	7100525	5	-1	-1	-1	0	-1	21	喷射器舞者25	2
4030074	7100525	5	-1	-1	-1	0	-1	23	喷射器舞者25	2
4030074	7100525	5	-1	-1	-1	0	-1	25	喷射器舞者25	2
4030075	9010052	3	-1	-1	-1	0	1	-1	25僵尸统领大格	6
4030075	7100525	7	-1	-1	-1	0	1	26	喷射器舞者25	2
4030075	7100525	8	-1	-1	-1	0	1	24	喷射器舞者25	2
4030075	7100525	9	-1	-1	-1	0	1	28	喷射器舞者25	2
										
										
										
										
										
4030076	7100326	1	-1	-1	-1	0	-1	15	未来路障僵尸26	3
4030076	7100426	2	-1	-1	-1	0	-1	16	未来铁桶僵尸26	3
4030076	7100326	3	-1	-1	-1	0	-1	17	未来路障僵尸26	3
4030076	7100526	1	-1	-1	-1	0	-1	21	喷射器舞者26	2
4030076	7100526	2	-1	-1	-1	0	-1	22	喷射器舞者26	2
4030076	7100526	3	-1	-1	-1	0	-1	23	喷射器舞者26	2
4030077	7100326	1	-1	-1	-1	0	-1	15	未来路障僵尸26	3
4030077	7100326	2	-1	-1	-1	0	-1	17	未来路障僵尸26	3
4030077	7100426	3	-1	-1	-1	0	-1	19	未来铁桶僵尸26	3
4030077	7100526	5	-1	-1	-1	0	-1	21	喷射器舞者26	2
4030077	7100526	5	-1	-1	-1	0	-1	23	喷射器舞者26	2
4030077	7100526	5	-1	-1	-1	0	-1	25	喷射器舞者26	2
4030078	7100326	1	-1	-1	-1	0	-1	13	未来路障僵尸26	3
4030078	8010209	2	-1	-1	-1	0	-1	19	26未来路障BOSS	5
4030078	7100326	3	-1	-1	-1	0	-1	15	未来路障僵尸26	3
4030078	7100426	4	-1	-1	-1	0	-1	17	未来铁桶僵尸26	3
4030078	7100526	5	-1	-1	-1	0	-1	21	喷射器舞者26	2
4030078	7100526	6	-1	-1	-1	0	-1	23	喷射器舞者26	2
4030078	7100526	2	-1	-1	-1	0	-1	-1	喷射器舞者26	2
4030078	7100526	8	-1	-1	-1	0	-1	-1	喷射器舞者26	2
										
4030079	7100327	1	-1	-1	-1	0	-1	15	未来路障僵尸27	3
4030079	7100427	2	-1	-1	-1	0	-1	16	未来铁桶僵尸27	3
4030079	7100327	3	-1	-1	-1	0	-1	17	未来路障僵尸27	3
4030079	7100527	1	-1	-1	-1	0	-1	21	喷射器舞者27	2
4030079	7100527	2	-1	-1	-1	0	-1	22	喷射器舞者27	2
4030079	7100527	3	-1	-1	-1	0	-1	23	喷射器舞者27	2
4030080	7100327	1	-1	-1	-1	0	-1	15	未来路障僵尸27	3
4030080	7100327	2	-1	-1	-1	0	-1	17	未来路障僵尸27	3
4030080	7100427	3	-1	-1	-1	0	-1	19	未来铁桶僵尸27	3
4030080	7100527	5	-1	-1	-1	0	-1	21	喷射器舞者27	2
4030080	7100527	5	-1	-1	-1	0	-1	23	喷射器舞者27	2
4030080	7100527	5	-1	-1	-1	0	-1	25	喷射器舞者27	2
4030081	7100327	1	-1	-1	-1	0	-1	13	未来路障僵尸27	3
4030081	8010210	2	-1	-1	-1	0	-1	19	27未来旗帜BOSS	5
4030081	7100327	3	-1	-1	-1	0	-1	15	未来路障僵尸27	3
4030081	7100427	4	-1	-1	-1	0	-1	17	未来铁桶僵尸27	3
4030081	7100527	5	-1	-1	-1	0	-1	21	喷射器舞者27	2
4030081	7100527	6	-1	-1	-1	0	-1	23	喷射器舞者27	2
4030081	7100527	2	-1	-1	-1	0	-1	-1	喷射器舞者27	2
4030081	7100527	8	-1	-1	-1	0	-1	-1	喷射器舞者27	2
										
										
4030082	7100328	1	-1	-1	-1	0	-1	15	未来路障僵尸28	3
4030082	7100428	2	-1	-1	-1	0	-1	16	未来铁桶僵尸28	3
4030082	7100328	3	-1	-1	-1	0	-1	17	未来路障僵尸28	3
4030082	7100528	1	-1	-1	-1	0	-1	21	喷射器舞者28	2
4030082	7100528	2	-1	-1	-1	0	-1	22	喷射器舞者28	2
4030082	7100528	3	-1	-1	-1	0	-1	23	喷射器舞者28	2
4030083	7100328	1	-1	-1	-1	0	-1	15	未来路障僵尸28	3
4030083	7100328	2	-1	-1	-1	0	-1	17	未来路障僵尸28	3
4030083	7100428	3	-1	-1	-1	0	-1	19	未来铁桶僵尸28	3
4030083	7100528	5	-1	-1	-1	0	-1	21	喷射器舞者28	2
4030083	7100528	5	-1	-1	-1	0	-1	23	喷射器舞者28	2
4030083	7100528	5	-1	-1	-1	0	-1	25	喷射器舞者28	2
4030084	7100328	1	-1	-1	-1	0	-1	13	未来路障僵尸28	3
4030084	8010211	2	-1	-1	-1	0	-1	19	28喷射器BOSS	5
4030084	7100328	3	-1	-1	-1	0	-1	15	未来路障僵尸28	3
4030084	7100428	4	-1	-1	-1	0	-1	17	未来铁桶僵尸28	3
4030084	7100528	5	-1	-1	-1	0	-1	21	喷射器舞者28	2
4030084	7100528	6	-1	-1	-1	0	-1	23	喷射器舞者28	2
4030084	7100528	2	-1	-1	-1	0	-1	-1	喷射器舞者28	2
4030084	7100528	8	-1	-1	-1	0	-1	-1	喷射器舞者28	2
										
4030085	7100329	1	-1	-1	-1	0	-1	15	未来路障僵尸29	3
4030085	7100429	2	-1	-1	-1	0	-1	16	未来铁桶僵尸29	3
4030085	7100329	3	-1	-1	-1	0	-1	17	未来路障僵尸29	3
4030085	7100529	1	-1	-1	-1	0	-1	21	喷射器舞者29	2
4030085	7100529	2	-1	-1	-1	0	-1	22	喷射器舞者29	2
4030085	7100529	3	-1	-1	-1	0	-1	23	喷射器舞者29	2
4030086	7100329	1	-1	-1	-1	0	-1	15	未来路障僵尸29	3
4030086	7100329	2	-1	-1	-1	0	-1	17	未来路障僵尸29	3
4030086	7100429	3	-1	-1	-1	0	-1	19	未来铁桶僵尸29	3
4030086	7100529	5	-1	-1	-1	0	-1	21	喷射器舞者29	2
4030086	7100529	5	-1	-1	-1	0	-1	23	喷射器舞者29	2
4030086	7100529	5	-1	-1	-1	0	-1	25	喷射器舞者29	2
4030087	7100329	1	-1	-1	-1	0	-1	13	未来路障僵尸29	3
4030087	8010212	2	-1	-1	-1	0	-1	19	29未来旗帜BOSS	5
4030087	7100329	3	-1	-1	-1	0	-1	15	未来路障僵尸29	3
4030087	7100429	4	-1	-1	-1	0	-1	17	未来铁桶僵尸29	3
4030087	7100529	5	-1	-1	-1	0	-1	21	喷射器舞者29	2
4030087	7100529	6	-1	-1	-1	0	-1	23	喷射器舞者29	2
4030087	7100529	2	-1	-1	-1	0	-1	-1	喷射器舞者29	2
4030087	7100529	8	-1	-1	-1	0	-1	-1	喷射器舞者29	2
										
4030088	7100330	1	-1	-1	-1	0	-1	15	未来路障僵尸30	3
4030088	7100430	2	-1	-1	-1	0	-1	16	未来铁桶僵尸30	3
4030088	7100330	3	-1	-1	-1	0	-1	17	未来路障僵尸30	3
4030088	7100530	1	-1	-1	-1	0	-1	21	喷射器舞者30	2
4030088	7100530	2	-1	-1	-1	0	-1	22	喷射器舞者30	2
4030088	7100530	3	-1	-1	-1	0	-1	23	喷射器舞者30	2
4030089	7100330	1	-1	-1	-1	0	-1	15	未来路障僵尸30	3
4030089	7100330	2	-1	-1	-1	0	-1	17	未来路障僵尸30	3
4030089	7100430	3	-1	-1	-1	0	-1	19	未来铁桶僵尸30	3
4030089	7100530	5	-1	-1	-1	0	-1	21	喷射器舞者30	2
4030089	7100530	5	-1	-1	-1	0	-1	23	喷射器舞者30	2
4030089	7100530	5	-1	-1	-1	0	-1	25	喷射器舞者30	2
4030090	9010053	3	-1	-1	-1	0	1	-1	30僵尸博士大格	6
4030090	7100530	7	-1	-1	-1	0	1	24	喷射器舞者30	2
4030090	7100530	8	-1	-1	-1	0	1	26	喷射器舞者30	2
4030090	7100530	9	-1	-1	-1	0	1	28	喷射器舞者30	2
										
										
4040001	7110101	1	-1	-1	-1	0	-1	18	黑暗僧侣1	
4040001	7110101	2	-1	-1	-1	0	-1	19	黑暗僧侣1	
4040001	7110101	3	-1	-1	-1	0	-1	20	黑暗僧侣1	
4040001	7110401	4	-1	-1	-1	0	-1	24	黑暗法师1	
4040001	7110401	5	-1	-1	-1	0	-1	25	黑暗法师1	
4040001	7110401	6	-1	-1	-1	0	-1	26	黑暗法师1	
4040002	7110201	1	-1	-1	-1	0	-1	18	黑暗小龙1	
4040002	7110201	2	-1	-1	-1	0	-1	19	黑暗小龙1	
4040002	7110201	3	-1	-1	-1	0	-1	20	黑暗小龙1	
4040002	7110401	4	-1	-1	-1	0	-1	24	黑暗法师1	
4040002	7110401	5	-1	-1	-1	0	-1	25	黑暗法师1	
4040002	7110401	6	-1	-1	-1	0	-1	26	黑暗法师1	
4040003	7110301	1	-1	-1	-1	0	-1	18	黑暗盗贼1	
4040003	7110801	2	-1	-1	-1	0	-1	19	黑暗旗帜1	
4040003	7110301	3	-1	-1	-1	0	-1	20	黑暗盗贼1	
4040003	7110401	4	-1	-1	-1	0	-1	24	黑暗法师1	
4040003	8010219	5	-1	-1	-1	0	-1	25	1黑暗僧侣boss	
4040003	7110401	6	-1	-1	-1	0	-1	26	黑暗法师1	
4040003	7110401	2	-1	-1	-1	0	-1	-1	黑暗法师1	
4040003	7110401	8	-1	-1	-1	0	-1	-1	黑暗法师1	
4040004	7110202	1	-1	-1	-1	0	-1	15	黑暗小龙2	
4040004	7110202	2	-1	-1	-1	0	-1	19	黑暗小龙2	
4040004	7110202	3	-1	-1	-1	0	-1	17	黑暗小龙2	
4040004	7110402	4	-1	-1	-1	0	-1	21	黑暗法师2	
4040004	7110402	5	-1	-1	-1	0	-1	25	黑暗法师2	
4040004	7110402	6	-1	-1	-1	0	-1	23	黑暗法师2	
4040005	7110302	1	-1	-1	-1	0	-1	15	黑暗盗贼2	
4040005	7110302	2	-1	-1	-1	0	-1	19	黑暗盗贼2	
4040005	7110302	3	-1	-1	-1	0	-1	17	黑暗盗贼2	
4040005	7110402	4	-1	-1	-1	0	-1	21	黑暗法师2	
4040005	7110402	5	-1	-1	-1	0	-1	25	黑暗法师2	
4040005	7110402	6	-1	-1	-1	0	-1	23	黑暗法师2	
4040006	7110502	1	-1	-1	-1	0	-1	15	黑暗小狼2	
4040006	7110802	2	-1	-1	-1	0	-1	19	黑暗旗帜2	
4040006	7110502	3	-1	-1	-1	0	-1	17	黑暗小狼2	
4040006	7110402	4	-1	-1	-1	0	-1	21	黑暗法师2	
4040006	8010220	5	-1	-1	-1	0	-1	25	2黑暗小龙boss	
4040006	7110402	6	-1	-1	-1	0	-1	23	黑暗法师2	
4040006	7110402	2	-1	-1	-1	0	-1	-1	黑暗法师2	
4040006	7110402	8	-1	-1	-1	0	-1	-1	黑暗法师2	
4040007	7110303	1	-1	-1	-1	0	-1	15	黑暗盗贼3	
4040007	7110303	2	-1	-1	-1	0	-1	19	黑暗盗贼3	
4040007	7110303	3	-1	-1	-1	0	-1	17	黑暗盗贼3	
4040007	7110403	4	-1	-1	-1	0	-1	21	黑暗法师3	
4040007	7110403	5	-1	-1	-1	0	-1	25	黑暗法师3	
4040007	7110403	6	-1	-1	-1	0	-1	23	黑暗法师3	
4040008	7110503	1	-1	-1	-1	0	-1	15	黑暗小狼3	
4040008	7110503	2	-1	-1	-1	0	-1	19	黑暗小狼3	
4040008	7110503	3	-1	-1	-1	0	-1	17	黑暗小狼3	
4040008	7110403	4	-1	-1	-1	0	-1	21	黑暗法师3	
4040008	7110403	5	-1	-1	-1	0	-1	25	黑暗法师3	
4040008	7110403	6	-1	-1	-1	0	-1	23	黑暗法师3	
4040009	7110703	1	-1	-1	-1	0	-1	15	黑暗铁盔3	
4040009	7110803	2	-1	-1	-1	0	-1	19	黑暗旗帜3	
4040009	7110703	3	-1	-1	-1	0	-1	17	黑暗铁盔3	
4040009	7110403	4	-1	-1	-1	0	-1	21	黑暗法师3	
4040009	8010221	5	-1	-1	-1	0	-1	25	3黑暗盗贼boss	
4040009	7110403	6	-1	-1	-1	0	-1	23	黑暗法师3	
4040009	7110403	2	-1	-1	-1	0	-1	-1	黑暗法师3	
4040009	7110403	8	-1	-1	-1	0	-1	-1	黑暗法师3	
4040010	7110504	1	-1	-1	-1	0	-1	12	黑暗小狼4	
4040010	7110504	2	-1	-1	-1	0	-1	13	黑暗小狼4	
4040010	7110504	3	-1	-1	-1	0	-1	14	黑暗小狼4	
4040010	7110404	4	-1	-1	-1	0	-1	18	黑暗法师4	
4040010	7110404	5	-1	-1	-1	0	-1	19	黑暗法师4	
4040010	7110404	6	-1	-1	-1	0	-1	20	黑暗法师4	
4040011	7110604	1	-1	-1	-1	0	-1	12	黑暗小丑4	
4040011	7110604	2	-1	-1	-1	0	-1	13	黑暗小丑4	
4040011	7110604	3	-1	-1	-1	0	-1	14	黑暗小丑4	
4040011	7110404	4	-1	-1	-1	0	-1	18	黑暗法师4	
4040011	7110404	5	-1	-1	-1	0	-1	19	黑暗法师4	
4040011	7110404	6	-1	-1	-1	0	-1	20	黑暗法师4	
4040012	7110804	1	-1	-1	-1	0	-1	12	黑暗旗帜4	
4040012	7110804	2	-1	-1	-1	0	-1	13	黑暗旗帜4	
4040012	7110804	3	-1	-1	-1	0	-1	14	黑暗旗帜4	
4040012	7110404	4	-1	-1	-1	0	-1	18	黑暗法师4	
4040012	8010222	5	-1	-1	-1	0	-1	19	4黑暗法师boss	
4040012	7110404	6	-1	-1	-1	0	-1	20	黑暗法师4	
4040012	7110404	2	-1	-1	-1	0	-1	-1	黑暗法师4	
4040012	7110404	8	-1	-1	-1	0	-1	-1	黑暗法师4	
4040013	7110605	1	-1	-1	-1	0	-1	15	黑暗小丑5	
4040013	7110605	2	-1	-1	-1	0	-1	16	黑暗小丑5	
4040013	7110605	3	-1	-1	-1	0	-1	17	黑暗小丑5	
4040013	7110405	4	-1	-1	-1	0	-1	21	黑暗法师5	
4040013	7110405	5	-1	-1	-1	0	-1	25	黑暗法师5	
4040013	7110405	6	-1	-1	-1	0	-1	23	黑暗法师5	
4040014	7110705	1	-1	-1	-1	0	-1	15	黑暗铁盔5	
4040014	7110705	2	-1	-1	-1	0	-1	16	黑暗铁盔5	
4040014	7110705	3	-1	-1	-1	0	-1	17	黑暗铁盔5	
4040014	7110405	4	-1	-1	-1	0	-1	21	黑暗法师5	
4040014	7110405	5	-1	-1	-1	0	-1	25	黑暗法师5	
4040014	7110405	6	-1	-1	-1	0	-1	23	黑暗法师5	
4040015	9010066	3	-1	-1	-1	0	1	-1	5黑暗狼人大格	
4040015	7110405	4	-1	-1	-1	0	1	27	黑暗法师5	
4040015	7110405	5	-1	-1	-1	0	1	28	黑暗法师5	
4040015	7110405	6	-1	-1	-1	0	1	29	黑暗法师5	
										
4040016	7110706	1	-1	-1	-1	0	-1	15	黑暗铁盔6	
4040016	7110706	2	-1	-1	-1	0	-1	13	黑暗铁盔6	
4040016	7110706	3	-1	-1	-1	0	-1	17	黑暗铁盔6	
4040016	7110406	4	-1	-1	-1	0	-1	21	黑暗法师6	
4040016	7110406	5	-1	-1	-1	0	-1	19	黑暗法师6	
4040016	7110406	6	-1	-1	-1	0	-1	23	黑暗法师6	
4040017	7110106	1	-1	-1	-1	0	-1	15	黑暗僧侣6	
4040017	7110106	2	-1	-1	-1	0	-1	13	黑暗僧侣6	
4040017	7110106	3	-1	-1	-1	0	-1	17	黑暗僧侣6	
4040017	7110406	4	-1	-1	-1	0	-1	21	黑暗法师6	
4040017	7110406	5	-1	-1	-1	0	-1	19	黑暗法师6	
4040017	7110406	6	-1	-1	-1	0	-1	23	黑暗法师6	
4040018	7110106	1	-1	-1	-1	0	-1	15	黑暗僧侣6	
4040018	7110806	2	-1	-1	-1	0	-1	13	黑暗旗帜6	
4040018	7110106	3	-1	-1	-1	0	-1	17	黑暗僧侣6	
4040018	7110406	4	-1	-1	-1	0	-1	21	黑暗法师6	
4040018	8010223	5	-1	-1	-1	0	-1	19	6黑暗小狼boss	
4040018	7110406	6	-1	-1	-1	0	-1	23	黑暗法师6	
4040018	7110406	2	-1	-1	-1	0	-1	-1	黑暗法师6	
4040018	7110406	8	-1	-1	-1	0	-1	-1	黑暗法师6	
4040019	7110107	1	-1	-1	-1	0	-1	12	黑暗僧侣7	
4040019	7110107	2	-1	-1	-1	0	-1	16	黑暗僧侣7	
4040019	7110107	3	-1	-1	-1	0	-1	14	黑暗僧侣7	
4040019	7110407	4	-1	-1	-1	0	-1	18	黑暗法师7	
4040019	7110407	5	-1	-1	-1	0	-1	22	黑暗法师7	
4040019	7110407	6	-1	-1	-1	0	-1	20	黑暗法师7	
4040020	7110207	1	-1	-1	-1	0	-1	12	黑暗小龙7	
4040020	7110207	2	-1	-1	-1	0	-1	16	黑暗小龙7	
4040020	7110207	3	-1	-1	-1	0	-1	14	黑暗小龙7	
4040020	7110407	4	-1	-1	-1	0	-1	18	黑暗法师7	
4040020	7110407	5	-1	-1	-1	0	-1	22	黑暗法师7	
4040020	7110407	6	-1	-1	-1	0	-1	20	黑暗法师7	
4040021	7110207	1	-1	-1	-1	0	-1	12	黑暗小龙7	
4040021	7110807	2	-1	-1	-1	0	-1	16	黑暗旗帜7	
4040021	7110207	3	-1	-1	-1	0	-1	14	黑暗小龙7	
4040021	7110407	4	-1	-1	-1	0	-1	18	黑暗法师7	
4040021	8010224	5	-1	-1	-1	0	-1	22	7黑暗小丑boss	
4040021	7110407	6	-1	-1	-1	0	-1	20	黑暗法师7	
4040021	7110407	2	-1	-1	-1	0	-1	-1	黑暗法师7	
4040021	7110407	8	-1	-1	-1	0	-1	-1	黑暗法师7	
4040022	7110208	1	-1	-1	-1	0	-1	15	黑暗小龙8	
4040022	7110208	2	-1	-1	-1	0	-1	16	黑暗小龙8	
4040022	7110208	3	-1	-1	-1	0	-1	17	黑暗小龙8	
4040022	7110408	4	-1	-1	-1	0	-1	21	黑暗法师8	
4040022	7110408	5	-1	-1	-1	0	-1	22	黑暗法师8	
4040022	7110408	6	-1	-1	-1	0	-1	23	黑暗法师8	
4040023	7110308	1	-1	-1	-1	0	-1	15	黑暗盗贼8	
4040023	7110308	2	-1	-1	-1	0	-1	16	黑暗盗贼8	
4040023	7110308	3	-1	-1	-1	0	-1	17	黑暗盗贼8	
4040023	7110408	4	-1	-1	-1	0	-1	21	黑暗法师8	
4040023	7110408	5	-1	-1	-1	0	-1	22	黑暗法师8	
4040023	7110408	6	-1	-1	-1	0	-1	23	黑暗法师8	
4040024	7110308	1	-1	-1	-1	0	-1	15	黑暗盗贼8	
4040024	7110808	2	-1	-1	-1	0	-1	16	黑暗旗帜8	
4040024	7110308	3	-1	-1	-1	0	-1	17	黑暗盗贼8	
4040024	7110408	4	-1	-1	-1	0	-1	21	黑暗法师8	
4040024	8010225	5	-1	-1	-1	0	-1	22	8黑暗铁盔boss	
4040024	7110408	6	-1	-1	-1	0	-1	23	黑暗法师8	
4040024	7110408	2	-1	-1	-1	0	-1	-1	黑暗法师8	
4040024	7110408	8	-1	-1	-1	0	-1	-1	黑暗法师8	
4040025	7110309	1	-1	-1	-1	0	-1	12	黑暗盗贼9	
4040025	7110309	2	-1	-1	-1	0	-1	10	黑暗盗贼9	
4040025	7110309	3	-1	-1	-1	0	-1	14	黑暗盗贼9	
4040025	7110409	4	-1	-1	-1	0	-1	18	黑暗法师9	
4040025	7110409	5	-1	-1	-1	0	-1	22	黑暗法师9	
4040025	7110409	6	-1	-1	-1	0	-1	20	黑暗法师9	
4040026	7110509	1	-1	-1	-1	0	-1	12	黑暗小狼9	
4040026	7110509	2	-1	-1	-1	0	-1	10	黑暗小狼9	
4040026	7110509	3	-1	-1	-1	0	-1	14	黑暗小狼9	
4040026	7110409	4	-1	-1	-1	0	-1	18	黑暗法师9	
4040026	7110409	5	-1	-1	-1	0	-1	22	黑暗法师9	
4040026	7110409	6	-1	-1	-1	0	-1	20	黑暗法师9	
4040027	7110509	1	-1	-1	-1	0	-1	12	黑暗小狼9	
4040027	7110809	2	-1	-1	-1	0	-1	10	黑暗旗帜9	
4040027	7110509	3	-1	-1	-1	0	-1	14	黑暗小狼9	
4040027	7110409	4	-1	-1	-1	0	-1	18	黑暗法师9	
4040027	8010226	5	-1	-1	-1	0	-1	22	9黑暗旗帜boss	
4040027	7110409	6	-1	-1	-1	0	-1	20	黑暗法师9	
4040027	7110409	2	-1	-1	-1	0	-1	-1	黑暗法师9	
4040027	7110409	8	-1	-1	-1	0	-1	-1	黑暗法师9	
4040028	7110510	1	-1	-1	-1	0	-1	15	黑暗小狼10	
4040028	7110510	2	-1	-1	-1	0	-1	16	黑暗小狼10	
4040028	7110510	3	-1	-1	-1	0	-1	14	黑暗小狼10	
4040028	7110410	4	-1	-1	-1	0	-1	21	黑暗法师10	
4040028	7110410	5	-1	-1	-1	0	-1	22	黑暗法师10	
4040028	7110410	6	-1	-1	-1	0	-1	23	黑暗法师10	
4040029	7110610	1	-1	-1	-1	0	-1	15	黑暗小丑10	
4040029	7110610	2	-1	-1	-1	0	-1	16	黑暗小丑10	
4040029	7110610	3	-1	-1	-1	0	-1	14	黑暗小丑10	
4040029	7110410	4	-1	-1	-1	0	-1	21	黑暗法师10	
4040029	7110410	5	-1	-1	-1	0	-1	22	黑暗法师10	
4040029	7110410	6	-1	-1	-1	0	-1	23	黑暗法师10	
4040030	9010067	3	-1	-1	-1	0	1	-1	10黑暗骑士大格	
4040030	7110410	4	-1	-1	-1	0	1	24	黑暗法师10	
4040030	7110410	5	-1	-1	-1	0	1	28	黑暗法师10	
4040030	7110410	6	-1	-1	-1	0	1	29	黑暗法师10	
										
4040031	7110611	1	-1	-1	-1	0	-1	15	黑暗小丑11	
4040031	7110611	2	-1	-1	-1	0	-1	19	黑暗小丑11	
4040031	7110611	3	-1	-1	-1	0	-1	17	黑暗小丑11	
4040031	7110411	4	-1	-1	-1	0	-1	21	黑暗法师11	
4040031	7110411	5	-1	-1	-1	0	-1	25	黑暗法师11	
4040031	7110411	6	-1	-1	-1	0	-1	23	黑暗法师11	
4040032	7110711	1	-1	-1	-1	0	-1	15	黑暗铁盔11	
4040032	7110711	2	-1	-1	-1	0	-1	19	黑暗铁盔11	
4040032	7110711	3	-1	-1	-1	0	-1	17	黑暗铁盔11	
4040032	7110411	4	-1	-1	-1	0	-1	21	黑暗法师11	
4040032	7110411	5	-1	-1	-1	0	-1	25	黑暗法师11	
4040032	7110411	6	-1	-1	-1	0	-1	23	黑暗法师11	
4040033	7110711	1	-1	-1	-1	0	-1	15	黑暗铁盔11	
4040033	7110811	2	-1	-1	-1	0	-1	19	黑暗旗帜11	
4040033	7110711	3	-1	-1	-1	0	-1	17	黑暗铁盔11	
4040033	7110411	4	-1	-1	-1	0	-1	21	黑暗法师11	
4040033	8010227	5	-1	-1	-1	0	-1	25	11黑暗僧侣boss	
4040033	7110411	6	-1	-1	-1	0	-1	23	黑暗法师11	
4040033	7110411	2	-1	-1	-1	0	-1	-1	黑暗法师11	
4040033	7110411	8	-1	-1	-1	0	-1	-1	黑暗法师11	
4040034	7110712	1	-1	-1	-1	0	-1	15	黑暗铁盔12	
4040034	7110712	2	-1	-1	-1	0	-1	16	黑暗铁盔12	
4040034	7110712	3	-1	-1	-1	0	-1	17	黑暗铁盔12	
4040034	7110412	4	-1	-1	-1	0	-1	21	黑暗法师12	
4040034	7110412	5	-1	-1	-1	0	-1	25	黑暗法师12	
4040034	7110412	6	-1	-1	-1	0	-1	23	黑暗法师12	
4040035	7110112	1	-1	-1	-1	0	-1	15	黑暗僧侣12	
4040035	7110112	2	-1	-1	-1	0	-1	16	黑暗僧侣12	
4040035	7110112	3	-1	-1	-1	0	-1	17	黑暗僧侣12	
4040035	7110412	4	-1	-1	-1	0	-1	21	黑暗法师12	
4040035	7110412	5	-1	-1	-1	0	-1	25	黑暗法师12	
4040035	7110412	6	-1	-1	-1	0	-1	23	黑暗法师12	
4040036	7110812	1	-1	-1	-1	0	-1	15	黑暗旗帜12	
4040036	7110812	2	-1	-1	-1	0	-1	16	黑暗旗帜12	
4040036	7110812	3	-1	-1	-1	0	-1	17	黑暗旗帜12	
4040036	7110412	4	-1	-1	-1	0	-1	21	黑暗法师12	
4040036	8010228	5	-1	-1	-1	0	-1	25	12黑暗小龙boss	
4040036	7110412	6	-1	-1	-1	0	-1	23	黑暗法师12	
4040036	7110412	2	-1	-1	-1	0	-1	-1	黑暗法师12	
4040036	7110412	8	-1	-1	-1	0	-1	-1	黑暗法师12	
4040037	7110113	1	-1	-1	-1	0	-1	12	黑暗僧侣13	
4040037	7110113	2	-1	-1	-1	0	-1	16	黑暗僧侣13	
4040037	7110113	3	-1	-1	-1	0	-1	14	黑暗僧侣13	
4040037	7110413	4	-1	-1	-1	0	-1	18	黑暗法师13	
4040037	7110413	5	-1	-1	-1	0	-1	22	黑暗法师13	
4040037	7110413	6	-1	-1	-1	0	-1	20	黑暗法师13	
4040038	7110213	1	-1	-1	-1	0	-1	12	黑暗小龙13	
4040038	7110213	2	-1	-1	-1	0	-1	16	黑暗小龙13	
4040038	7110213	3	-1	-1	-1	0	-1	14	黑暗小龙13	
4040038	7110413	4	-1	-1	-1	0	-1	18	黑暗法师13	
4040038	7110413	5	-1	-1	-1	0	-1	22	黑暗法师13	
4040038	7110413	6	-1	-1	-1	0	-1	20	黑暗法师13	
4040039	7110113	1	-1	-1	-1	0	-1	12	黑暗僧侣13	
4040039	7110813	2	-1	-1	-1	0	-1	16	黑暗旗帜13	
4040039	7110113	3	-1	-1	-1	0	-1	14	黑暗僧侣13	
4040039	7110413	4	-1	-1	-1	0	-1	18	黑暗法师13	
4040039	8010229	5	-1	-1	-1	0	-1	22	13黑暗盗贼boss	
4040039	7110413	6	-1	-1	-1	0	-1	20	黑暗法师13	
4040039	7110413	2	-1	-1	-1	0	-1	-1	黑暗法师13	
4040039	7110413	8	-1	-1	-1	0	-1	-1	黑暗法师13	
4040040	7110214	1	-1	-1	-1	0	-1	15	黑暗小龙14	
4040040	7110214	2	-1	-1	-1	0	-1	19	黑暗小龙14	
4040040	7110214	3	-1	-1	-1	0	-1	17	黑暗小龙14	
4040040	7110414	4	-1	-1	-1	0	-1	21	黑暗法师14	
4040040	7110414	5	-1	-1	-1	0	-1	25	黑暗法师14	
4040040	7110414	6	-1	-1	-1	0	-1	23	黑暗法师14	
4040041	7110314	1	-1	-1	-1	0	-1	15	黑暗盗贼14	
4040041	7110314	2	-1	-1	-1	0	-1	19	黑暗盗贼14	
4040041	7110314	3	-1	-1	-1	0	-1	17	黑暗盗贼14	
4040041	7110414	4	-1	-1	-1	0	-1	21	黑暗法师14	
4040041	7110414	5	-1	-1	-1	0	-1	25	黑暗法师14	
4040041	7110414	6	-1	-1	-1	0	-1	23	黑暗法师14	
4040042	7110214	1	-1	-1	-1	0	-1	15	黑暗小龙14	
4040042	7110814	2	-1	-1	-1	0	-1	19	黑暗旗帜14	
4040042	7110214	3	-1	-1	-1	0	-1	17	黑暗小龙14	
4040042	7110414	4	-1	-1	-1	0	-1	21	黑暗法师14	
4040042	8010230	5	-1	-1	-1	0	-1	25	14黑暗法师boss	
4040042	7110414	6	-1	-1	-1	0	-1	23	黑暗法师14	
4040042	7110414	2	-1	-1	-1	0	-1	-1	黑暗法师14	
4040042	7110414	8	-1	-1	-1	0	-1	-1	黑暗法师14	
4040043	7110315	1	-1	-1	-1	0	-1	15	黑暗盗贼15	
4040043	7110315	2	-1	-1	-1	0	-1	16	黑暗盗贼15	
4040043	7110315	3	-1	-1	-1	0	-1	17	黑暗盗贼15	
4040043	7110415	4	-1	-1	-1	0	-1	21	黑暗法师15	
4040043	7110415	5	-1	-1	-1	0	-1	22	黑暗法师15	
4040043	7110415	6	-1	-1	-1	0	-1	23	黑暗法师15	
4040044	7110515	1	-1	-1	-1	0	-1	15	黑暗小狼15	
4040044	7110515	2	-1	-1	-1	0	-1	16	黑暗小狼15	
4040044	7110515	3	-1	-1	-1	0	-1	17	黑暗小狼15	
4040044	7110415	4	-1	-1	-1	0	-1	21	黑暗法师15	
4040044	7110415	5	-1	-1	-1	0	-1	22	黑暗法师15	
4040044	7110415	6	-1	-1	-1	0	-1	23	黑暗法师15	
4040045	9010068	3	-1	-1	-1	0	1	-1	15黑暗国王大格	
4040045	7110415	4	-1	-1	-1	0	1	24	黑暗法师15	
4040045	7110415	5	-1	-1	-1	0	1	28	黑暗法师15	
4040045	7110415	6	-1	-1	-1	0	1	29	黑暗法师15	
										
4040046	7110516	1	-1	-1	-1	0	-1	15	黑暗小狼16	
4040046	7110516	2	-1	-1	-1	0	-1	16	黑暗小狼16	
4040046	7110516	3	-1	-1	-1	0	-1	17	黑暗小狼16	
4040046	7110416	4	-1	-1	-1	0	-1	21	黑暗法师16	
4040046	7110416	5	-1	-1	-1	0	-1	25	黑暗法师16	
4040046	7110416	6	-1	-1	-1	0	-1	23	黑暗法师16	
4040047	7110616	1	-1	-1	-1	0	-1	15	黑暗小丑16	
4040047	7110616	2	-1	-1	-1	0	-1	16	黑暗小丑16	
4040047	7110616	3	-1	-1	-1	0	-1	17	黑暗小丑16	
4040047	7110416	4	-1	-1	-1	0	-1	21	黑暗法师16	
4040047	7110416	5	-1	-1	-1	0	-1	25	黑暗法师16	
4040047	7110416	6	-1	-1	-1	0	-1	23	黑暗法师16	
4040048	7110316	1	-1	-1	-1	0	-1	15	黑暗盗贼16	
4040048	7110816	2	-1	-1	-1	0	-1	16	黑暗旗帜16	
4040048	7110316	3	-1	-1	-1	0	-1	17	黑暗盗贼16	
4040048	7110416	4	-1	-1	-1	0	-1	21	黑暗法师16	
4040048	8010231	5	-1	-1	-1	0	-1	25	16黑暗小狼boss	
4040048	7110416	6	-1	-1	-1	0	-1	23	黑暗法师16	
4040048	7110416	2	-1	-1	-1	0	-1	-1	黑暗法师16	
4040048	7110416	8	-1	-1	-1	0	-1	-1	黑暗法师16	
4040049	7110617	1	-1	-1	-1	0	-1	12	黑暗小丑17	
4040049	7110617	2	-1	-1	-1	0	-1	10	黑暗小丑17	
4040049	7110617	3	-1	-1	-1	0	-1	14	黑暗小丑17	
4040049	7110417	4	-1	-1	-1	0	-1	18	黑暗法师17	
4040049	7110417	5	-1	-1	-1	0	-1	22	黑暗法师17	
4040049	7110417	6	-1	-1	-1	0	-1	20	黑暗法师17	
4040050	7110717	1	-1	-1	-1	0	-1	12	黑暗铁盔17	
4040050	7110717	2	-1	-1	-1	0	-1	10	黑暗铁盔17	
4040050	7110717	3	-1	-1	-1	0	-1	14	黑暗铁盔17	
4040050	7110417	4	-1	-1	-1	0	-1	18	黑暗法师17	
4040050	7110417	5	-1	-1	-1	0	-1	22	黑暗法师17	
4040050	7110417	6	-1	-1	-1	0	-1	20	黑暗法师17	
4040051	7110517	1	-1	-1	-1	0	-1	12	黑暗小狼17	
4040051	7110817	2	-1	-1	-1	0	-1	10	黑暗旗帜17	
4040051	7110517	3	-1	-1	-1	0	-1	14	黑暗小狼17	
4040051	7110417	4	-1	-1	-1	0	-1	18	黑暗法师17	
4040051	8010232	5	-1	-1	-1	0	-1	22	17黑暗小丑boss	
4040051	7110417	6	-1	-1	-1	0	-1	20	黑暗法师17	
4040051	7110417	2	-1	-1	-1	0	-1	-1	黑暗法师17	
4040051	7110417	8	-1	-1	-1	0	-1	-1	黑暗法师17	
4040052	7110718	1	-1	-1	-1	0	-1	15	黑暗铁盔18	
4040052	7110718	2	-1	-1	-1	0	-1	16	黑暗铁盔18	
4040052	7110718	3	-1	-1	-1	0	-1	17	黑暗铁盔18	
4040052	7110418	4	-1	-1	-1	0	-1	21	黑暗法师18	
4040052	7110418	5	-1	-1	-1	0	-1	22	黑暗法师18	
4040052	7110418	6	-1	-1	-1	0	-1	23	黑暗法师18	
4040053	7110118	1	-1	-1	-1	0	-1	15	黑暗僧侣18	
4040053	7110118	2	-1	-1	-1	0	-1	16	黑暗僧侣18	
4040053	7110118	3	-1	-1	-1	0	-1	17	黑暗僧侣18	
4040053	7110418	4	-1	-1	-1	0	-1	21	黑暗法师18	
4040053	7110418	5	-1	-1	-1	0	-1	22	黑暗法师18	
4040053	7110418	6	-1	-1	-1	0	-1	23	黑暗法师18	
4040054	7110718	1	-1	-1	-1	0	-1	15	黑暗铁盔18	
4040054	7110818	2	-1	-1	-1	0	-1	16	黑暗旗帜18	
4040054	7110718	3	-1	-1	-1	0	-1	17	黑暗铁盔18	
4040054	7110418	4	-1	-1	-1	0	-1	21	黑暗法师18	
4040054	8010233	5	-1	-1	-1	0	-1	22	18黑暗铁盔boss	
4040054	7110418	6	-1	-1	-1	0	-1	23	黑暗法师18	
4040054	7110418	2	-1	-1	-1	0	-1	-1	黑暗法师18	
4040054	7110418	8	-1	-1	-1	0	-1	-1	黑暗法师18	
4040055	7110119	1	-1	-1	-1	0	-1	12	黑暗僧侣19	
4040055	7110119	2	-1	-1	-1	0	-1	13	黑暗僧侣19	
4040055	7110119	3	-1	-1	-1	0	-1	14	黑暗僧侣19	
4040055	7110419	4	-1	-1	-1	0	-1	18	黑暗法师19	
4040055	7110419	5	-1	-1	-1	0	-1	19	黑暗法师19	
4040055	7110419	6	-1	-1	-1	0	-1	20	黑暗法师19	
4040056	7110219	1	-1	-1	-1	0	-1	12	黑暗小龙19	
4040056	7110219	2	-1	-1	-1	0	-1	13	黑暗小龙19	
4040056	7110219	3	-1	-1	-1	0	-1	14	黑暗小龙19	
4040056	7110419	4	-1	-1	-1	0	-1	18	黑暗法师19	
4040056	7110419	5	-1	-1	-1	0	-1	19	黑暗法师19	
4040056	7110419	6	-1	-1	-1	0	-1	20	黑暗法师19	
4040057	7110819	1	-1	-1	-1	0	-1	12	黑暗旗帜19	
4040057	7110819	2	-1	-1	-1	0	-1	13	黑暗旗帜19	
4040057	7110819	3	-1	-1	-1	0	-1	14	黑暗旗帜19	
4040057	7110419	4	-1	-1	-1	0	-1	18	黑暗法师19	
4040057	8010234	5	-1	-1	-1	0	-1	19	19黑暗旗帜boss	
4040057	7110419	6	-1	-1	-1	0	-1	20	黑暗法师19	
4040057	7110419	2	-1	-1	-1	0	-1	-1	黑暗法师19	
4040057	7110419	8	-1	-1	-1	0	-1	-1	黑暗法师19	
4040058	7110220	1	-1	-1	-1	0	-1	15	黑暗小龙20	
4040058	7110220	2	-1	-1	-1	0	-1	19	黑暗小龙20	
4040058	7110220	3	-1	-1	-1	0	-1	17	黑暗小龙20	
4040058	7110420	4	-1	-1	-1	0	-1	21	黑暗法师20	
4040058	7110420	5	-1	-1	-1	0	-1	25	黑暗法师20	
4040058	7110420	6	-1	-1	-1	0	-1	23	黑暗法师20	
4040059	7110320	1	-1	-1	-1	0	-1	15	黑暗盗贼20	
4040059	7110320	2	-1	-1	-1	0	-1	19	黑暗盗贼20	
4040059	7110320	3	-1	-1	-1	0	-1	17	黑暗盗贼20	
4040059	7110420	4	-1	-1	-1	0	-1	21	黑暗法师20	
4040059	7110420	5	-1	-1	-1	0	-1	25	黑暗法师20	
4040059	7110420	6	-1	-1	-1	0	-1	23	黑暗法师20	
4040060	9010069	3	-1	-1	-1	0	1	-1	20黑暗巫师大格	
4040060	7110420	4	-1	-1	-1	0	1	27	黑暗法师20	
4040060	7110420	5	-1	-1	-1	0	1	28	黑暗法师20	
4040060	7110420	6	-1	-1	-1	0	1	29	黑暗法师20	
										
4040061	7110321	1	-1	-1	-1	0	-1	12	黑暗盗贼21	
4040061	7110321	2	-1	-1	-1	0	-1	16	黑暗盗贼21	
4040061	7110321	3	-1	-1	-1	0	-1	17	黑暗盗贼21	
4040061	7110421	4	-1	-1	-1	0	-1	21	黑暗法师21	
4040061	7110421	5	-1	-1	-1	0	-1	22	黑暗法师21	
4040061	7110421	6	-1	-1	-1	0	-1	23	黑暗法师21	
4040062	7110521	1	-1	-1	-1	0	-1	12	黑暗小狼21	
4040062	7110521	2	-1	-1	-1	0	-1	16	黑暗小狼21	
4040062	7110521	3	-1	-1	-1	0	-1	17	黑暗小狼21	
4040062	7110421	4	-1	-1	-1	0	-1	21	黑暗法师21	
4040062	7110421	5	-1	-1	-1	0	-1	22	黑暗法师21	
4040062	7110421	6	-1	-1	-1	0	-1	23	黑暗法师21	
4040063	7110121	1	-1	-1	-1	0	-1	12	黑暗僧侣21	
4040063	7110821	2	-1	-1	-1	0	-1	16	黑暗旗帜21	
4040063	7110121	3	-1	-1	-1	0	-1	17	黑暗僧侣21	
4040063	7110421	4	-1	-1	-1	0	-1	21	黑暗法师21	
4040063	8010235	5	-1	-1	-1	0	-1	22	21黑暗僧侣boss	
4040063	7110421	6	-1	-1	-1	0	-1	23	黑暗法师21	
4040063	7110421	2	-1	-1	-1	0	-1	-1	黑暗法师21	
4040063	7110421	8	-1	-1	-1	0	-1	-1	黑暗法师21	
4040064	7110522	1	-1	-1	-1	0	-1	12	黑暗小狼22	
4040064	7110522	2	-1	-1	-1	0	-1	13	黑暗小狼22	
4040064	7110522	3	-1	-1	-1	0	-1	14	黑暗小狼22	
4040064	7110422	4	-1	-1	-1	0	-1	18	黑暗法师22	
4040064	7110422	5	-1	-1	-1	0	-1	19	黑暗法师22	
4040064	7110422	6	-1	-1	-1	0	-1	20	黑暗法师22	
4040065	7110622	1	-1	-1	-1	0	-1	12	黑暗小丑22	
4040065	7110622	2	-1	-1	-1	0	-1	13	黑暗小丑22	
4040065	7110622	3	-1	-1	-1	0	-1	14	黑暗小丑22	
4040065	7110422	4	-1	-1	-1	0	-1	18	黑暗法师22	
4040065	7110422	5	-1	-1	-1	0	-1	19	黑暗法师22	
4040065	7110422	6	-1	-1	-1	0	-1	20	黑暗法师22	
4040066	7110222	1	-1	-1	-1	0	-1	12	黑暗小龙22	
4040066	7110822	2	-1	-1	-1	0	-1	13	黑暗旗帜22	
4040066	7110222	3	-1	-1	-1	0	-1	14	黑暗小龙22	
4040066	7110422	4	-1	-1	-1	0	-1	18	黑暗法师22	
4040066	8010236	5	-1	-1	-1	0	-1	19	22黑暗小龙boss	
4040066	7110422	6	-1	-1	-1	0	-1	20	黑暗法师22	
4040066	7110422	2	-1	-1	-1	0	-1	-1	黑暗法师22	
4040066	7110422	8	-1	-1	-1	0	-1	-1	黑暗法师22	
4040067	7110623	1	-1	-1	-1	0	-1	18	黑暗小丑23	
4040067	7110623	2	-1	-1	-1	0	-1	19	黑暗小丑23	
4040067	7110623	3	-1	-1	-1	0	-1	20	黑暗小丑23	
4040067	7110423	4	-1	-1	-1	0	-1	24	黑暗法师23	
4040067	7110423	5	-1	-1	-1	0	-1	25	黑暗法师23	
4040067	7110423	6	-1	-1	-1	0	-1	26	黑暗法师23	
4040068	7110723	1	-1	-1	-1	0	-1	18	黑暗铁盔23	
4040068	7110723	2	-1	-1	-1	0	-1	19	黑暗铁盔23	
4040068	7110723	3	-1	-1	-1	0	-1	20	黑暗铁盔23	
4040068	7110423	4	-1	-1	-1	0	-1	24	黑暗法师23	
4040068	7110423	5	-1	-1	-1	0	-1	25	黑暗法师23	
4040068	7110423	6	-1	-1	-1	0	-1	26	黑暗法师23	
4040069	7110323	1	-1	-1	-1	0	-1	18	黑暗盗贼23	
4040069	7110823	2	-1	-1	-1	0	-1	19	黑暗旗帜23	
4040069	7110323	3	-1	-1	-1	0	-1	20	黑暗盗贼23	
4040069	7110423	4	-1	-1	-1	0	-1	24	黑暗法师23	
4040069	8010237	5	-1	-1	-1	0	-1	25	23黑暗盗贼boss	
4040069	7110423	6	-1	-1	-1	0	-1	26	黑暗法师23	
4040069	7110423	2	-1	-1	-1	0	-1	-1	黑暗法师23	
4040069	7110423	8	-1	-1	-1	0	-1	-1	黑暗法师23	
4040070	7110724	1	-1	-1	-1	0	-1	12	黑暗铁盔24	
4040070	7110724	2	-1	-1	-1	0	-1	10	黑暗铁盔24	
4040070	7110724	3	-1	-1	-1	0	-1	14	黑暗铁盔24	
4040070	7110424	4	-1	-1	-1	0	-1	18	黑暗法师24	
4040070	7110424	5	-1	-1	-1	0	-1	22	黑暗法师24	
4040070	7110424	6	-1	-1	-1	0	-1	20	黑暗法师24	
4040071	7110124	1	-1	-1	-1	0	-1	12	黑暗僧侣24	
4040071	7110124	2	-1	-1	-1	0	-1	10	黑暗僧侣24	
4040071	7110124	3	-1	-1	-1	0	-1	14	黑暗僧侣24	
4040071	7110424	4	-1	-1	-1	0	-1	18	黑暗法师24	
4040071	7110424	5	-1	-1	-1	0	-1	22	黑暗法师24	
4040071	7110424	6	-1	-1	-1	0	-1	20	黑暗法师24	
4040072	7110524	1	-1	-1	-1	0	-1	12	黑暗小狼24	
4040072	7110824	2	-1	-1	-1	0	-1	10	黑暗旗帜24	
4040072	7110524	3	-1	-1	-1	0	-1	14	黑暗小狼24	
4040072	7110424	4	-1	-1	-1	0	-1	18	黑暗法师24	
4040072	8010238	5	-1	-1	-1	0	-1	22	24黑暗法师boss	
4040072	7110424	6	-1	-1	-1	0	-1	20	黑暗法师24	
4040072	7110424	2	-1	-1	-1	0	-1	-1	黑暗法师24	
4040072	7110424	8	-1	-1	-1	0	-1	-1	黑暗法师24	
4040073	7110125	1	-1	-1	-1	0	-1	15	黑暗僧侣25	
4040073	7110125	2	-1	-1	-1	0	-1	19	黑暗僧侣25	
4040073	7110125	3	-1	-1	-1	0	-1	17	黑暗僧侣25	
4040073	7110425	4	-1	-1	-1	0	-1	21	黑暗法师25	
4040073	7110425	5	-1	-1	-1	0	-1	25	黑暗法师25	
4040073	7110425	6	-1	-1	-1	0	-1	23	黑暗法师25	
4040074	7110225	1	-1	-1	-1	0	-1	15	黑暗小龙25	
4040074	7110225	2	-1	-1	-1	0	-1	19	黑暗小龙25	
4040074	7110225	3	-1	-1	-1	0	-1	17	黑暗小龙25	
4040074	7110425	4	-1	-1	-1	0	-1	21	黑暗法师25	
4040074	7110425	5	-1	-1	-1	0	-1	25	黑暗法师25	
4040074	7110425	6	-1	-1	-1	0	-1	23	黑暗法师25	
4040075	9010070	3	-1	-1	-1	0	1	-1	25暗黑伽刚特尔大格	
4040075	7110425	4	-1	-1	-1	0	1	27	黑暗法师25	
4040075	7110425	5	-1	-1	-1	0	1	28	黑暗法师25	
4040075	7110425	6	-1	-1	-1	0	1	29	黑暗法师25	
										
4040076	7110226	1	-1	-1	-1	0	-1	15	黑暗小龙26	
4040076	7110226	2	-1	-1	-1	0	-1	16	黑暗小龙26	
4040076	7110226	3	-1	-1	-1	0	-1	17	黑暗小龙26	
4040076	7110426	4	-1	-1	-1	0	-1	21	黑暗法师26	
4040076	7110426	5	-1	-1	-1	0	-1	22	黑暗法师26	
4040076	7110426	6	-1	-1	-1	0	-1	23	黑暗法师26	
4040077	7110326	1	-1	-1	-1	0	-1	15	黑暗盗贼26	
4040077	7110326	2	-1	-1	-1	0	-1	16	黑暗盗贼26	
4040077	7110326	3	-1	-1	-1	0	-1	17	黑暗盗贼26	
4040077	7110426	4	-1	-1	-1	0	-1	21	黑暗法师26	
4040077	7110426	5	-1	-1	-1	0	-1	22	黑暗法师26	
4040077	7110426	6	-1	-1	-1	0	-1	23	黑暗法师26	
4040078	7110726	1	-1	-1	-1	0	-1	15	黑暗铁盔26	
4040078	7110826	2	-1	-1	-1	0	-1	16	黑暗旗帜26	
4040078	7110726	3	-1	-1	-1	0	-1	17	黑暗铁盔26	
4040078	7110426	4	-1	-1	-1	0	-1	21	黑暗法师26	
4040078	8010239	5	-1	-1	-1	0	-1	22	26黑暗小狼boss	
4040078	7110426	6	-1	-1	-1	0	-1	23	黑暗法师26	
4040078	7110426	2	-1	-1	-1	0	-1	-1	黑暗法师26	
4040078	7110426	8	-1	-1	-1	0	-1	-1	黑暗法师26	
4040079	7110327	1	-1	-1	-1	0	-1	15	黑暗盗贼27	
4040079	7110327	2	-1	-1	-1	0	-1	16	黑暗盗贼27	
4040079	7110327	3	-1	-1	-1	0	-1	17	黑暗盗贼27	
4040079	7110427	4	-1	-1	-1	0	-1	21	黑暗法师27	
4040079	7110427	5	-1	-1	-1	0	-1	25	黑暗法师27	
4040079	7110427	6	-1	-1	-1	0	-1	23	黑暗法师27	
4040080	7110527	1	-1	-1	-1	0	-1	15	黑暗小狼27	
4040080	7110527	2	-1	-1	-1	0	-1	16	黑暗小狼27	
4040080	7110527	3	-1	-1	-1	0	-1	17	黑暗小狼27	
4040080	7110427	4	-1	-1	-1	0	-1	21	黑暗法师27	
4040080	7110427	5	-1	-1	-1	0	-1	25	黑暗法师27	
4040080	7110427	6	-1	-1	-1	0	-1	23	黑暗法师27	
4040081	7110827	1	-1	-1	-1	0	-1	15	黑暗旗帜27	
4040081	7110827	2	-1	-1	-1	0	-1	16	黑暗旗帜27	
4040081	7110827	3	-1	-1	-1	0	-1	17	黑暗旗帜27	
4040081	7110427	4	-1	-1	-1	0	-1	21	黑暗法师27	
4040081	8010240	5	-1	-1	-1	0	-1	25	27黑暗小丑boss	
4040081	7110427	6	-1	-1	-1	0	-1	23	黑暗法师27	
4040081	7110427	2	-1	-1	-1	0	-1	-1	黑暗法师27	
4040081	7110427	8	-1	-1	-1	0	-1	-1	黑暗法师27	
4040082	7110528	1	-1	-1	-1	0	-1	15	黑暗小狼28	
4040082	7110528	2	-1	-1	-1	0	-1	13	黑暗小狼28	
4040082	7110528	3	-1	-1	-1	0	-1	17	黑暗小狼28	
4040082	7110428	4	-1	-1	-1	0	-1	21	黑暗法师28	
4040082	7110428	5	-1	-1	-1	0	-1	19	黑暗法师28	
4040082	7110428	6	-1	-1	-1	0	-1	23	黑暗法师28	
4040083	7110628	1	-1	-1	-1	0	-1	15	黑暗小丑28	
4040083	7110628	2	-1	-1	-1	0	-1	13	黑暗小丑28	
4040083	7110628	3	-1	-1	-1	0	-1	17	黑暗小丑28	
4040083	7110428	4	-1	-1	-1	0	-1	21	黑暗法师28	
4040083	7110428	5	-1	-1	-1	0	-1	19	黑暗法师28	
4040083	7110428	6	-1	-1	-1	0	-1	23	黑暗法师28	
4040084	7110728	1	-1	-1	-1	0	-1	15	黑暗铁盔28	
4040084	7110828	2	-1	-1	-1	0	-1	13	黑暗旗帜28	
4040084	7110728	3	-1	-1	-1	0	-1	17	黑暗铁盔28	
4040084	7110428	4	-1	-1	-1	0	-1	21	黑暗法师28	
4040084	8010241	5	-1	-1	-1	0	-1	19	28黑暗铁盔boss	
4040084	7110428	6	-1	-1	-1	0	-1	23	黑暗法师28	
4040084	7110428	2	-1	-1	-1	0	-1	-1	黑暗法师28	
4040084	7110428	8	-1	-1	-1	0	-1	-1	黑暗法师28	
4040085	7110629	1	-1	-1	-1	0	-1	12	黑暗小丑29	
4040085	7110629	2	-1	-1	-1	0	-1	10	黑暗小丑29	
4040085	7110629	3	-1	-1	-1	0	-1	14	黑暗小丑29	
4040085	7110429	4	-1	-1	-1	0	-1	18	黑暗法师29	
4040085	7110429	5	-1	-1	-1	0	-1	22	黑暗法师29	
4040085	7110429	6	-1	-1	-1	0	-1	20	黑暗法师29	
4040086	7110729	1	-1	-1	-1	0	-1	12	黑暗铁盔29	
4040086	7110729	2	-1	-1	-1	0	-1	10	黑暗铁盔29	
4040086	7110729	3	-1	-1	-1	0	-1	14	黑暗铁盔29	
4040086	7110429	4	-1	-1	-1	0	-1	18	黑暗法师29	
4040086	7110429	5	-1	-1	-1	0	-1	22	黑暗法师29	
4040086	7110429	6	-1	-1	-1	0	-1	20	黑暗法师29	
4040087	7110829	1	-1	-1	-1	0	-1	12	黑暗旗帜29	
4040087	7110829	2	-1	-1	-1	0	-1	10	黑暗旗帜29	
4040087	7110829	3	-1	-1	-1	0	-1	14	黑暗旗帜29	
4040087	7110429	4	-1	-1	-1	0	-1	18	黑暗法师29	
4040087	7110429	5	-1	-1	-1	0	-1	22	黑暗法师29	
4040087	7110429	6	-1	-1	-1	0	-1	20	黑暗法师29	
4040087	7110429	2	-1	-1	-1	0	-1	-1	黑暗法师29	
4040087	7110429	8	-1	-1	-1	0	-1	-1	黑暗法师29	
4040088	7110730	1	-1	-1	-1	0	-1	12	黑暗铁盔30	
4040088	7110730	2	-1	-1	-1	0	-1	13	黑暗铁盔30	
4040088	7110730	3	-1	-1	-1	0	-1	14	黑暗铁盔30	
4040088	7110430	4	-1	-1	-1	0	-1	18	黑暗法师30	
4040088	7110430	5	-1	-1	-1	0	-1	19	黑暗法师30	
4040088	7110430	6	-1	-1	-1	0	-1	20	黑暗法师30	
4040089	7110730	1	-1	-1	-1	0	-1	12	黑暗铁盔30	
4040089	7110730	2	-1	-1	-1	0	-1	13	黑暗铁盔30	
4040089	7110730	3	-1	-1	-1	0	-1	14	黑暗铁盔30	
4040089	7110430	4	-1	-1	-1	0	-1	18	黑暗法师30	
4040089	7110430	5	-1	-1	-1	0	-1	19	黑暗法师30	
4040089	7110430	6	-1	-1	-1	0	-1	20	黑暗法师30	
4040090	9010071	3	-1	-1	-1	0	1	-1	30暗黑巨龙大格	
										
										
										
4050001	7120301	1	-1	-1	-1	0	-1	15	摇滚路障僵尸1	3
4050001	7120401	2	-1	-1	-1	0	-1	16	摇滚铁桶僵尸1	3
4050001	7120301	3	-1	-1	-1	0	-1	17	摇滚路障僵尸1	3
4050001	7120501	1	-1	-1	-1	0	-1	21	摇滚录音机僵尸1	2
4050001	7120501	2	-1	-1	-1	0	-1	22	摇滚录音机僵尸1	2
4050001	7120501	3	-1	-1	-1	0	-1	23	摇滚录音机僵尸1	2
4050002	7120301	1	-1	-1	-1	0	-1	15	摇滚路障僵尸1	3
4050002	7120301	2	-1	-1	-1	0	-1	17	摇滚路障僵尸1	3
4050002	7120401	3	-1	-1	-1	0	-1	19	摇滚铁桶僵尸1	3
4050002	7120501	5	-1	-1	-1	0	-1	21	摇滚录音机僵尸1	2
4050002	7120501	5	-1	-1	-1	0	-1	23	摇滚录音机僵尸1	2
4050002	7120501	5	-1	-1	-1	0	-1	25	摇滚录音机僵尸1	2
4050003	7120301	1	-1	-1	-1	0	-1	13	摇滚路障僵尸1	3
4050003	8012189	2	-1	-1	-1	0	-1	19	1摇滚路障BOSS	5
4050003	7120301	3	-1	-1	-1	0	-1	15	摇滚路障僵尸1	3
4050003	7120401	4	-1	-1	-1	0	-1	17	摇滚铁桶僵尸1	3
4050003	7120501	5	-1	-1	-1	0	-1	21	摇滚录音机僵尸1	2
4050003	7120501	6	-1	-1	-1	0	-1	23	摇滚录音机僵尸1	2
4050003	7120501	2	-1	-1	-1	0	-1	-1	摇滚录音机僵尸1	2
4050003	7120501	8	-1	-1	-1	0	-1	-1	摇滚录音机僵尸1	2
										
4050004	7120302	1	-1	-1	-1	0	-1	15	摇滚路障僵尸2	3
4050004	7120402	2	-1	-1	-1	0	-1	16	摇滚铁桶僵尸2	3
4050004	7120302	3	-1	-1	-1	0	-1	17	摇滚路障僵尸2	3
4050004	7120502	1	-1	-1	-1	0	-1	21	摇滚录音机僵尸2	2
4050004	7120502	2	-1	-1	-1	0	-1	22	摇滚录音机僵尸2	2
4050004	7120502	3	-1	-1	-1	0	-1	23	摇滚录音机僵尸2	2
4050005	7120302	1	-1	-1	-1	0	-1	15	摇滚路障僵尸2	3
4050005	7120302	2	-1	-1	-1	0	-1	17	摇滚路障僵尸2	3
4050005	7120402	3	-1	-1	-1	0	-1	19	摇滚铁桶僵尸2	3
4050005	7120502	5	-1	-1	-1	0	-1	21	摇滚录音机僵尸2	2
4050005	7120502	5	-1	-1	-1	0	-1	23	摇滚录音机僵尸2	2
4050005	7120502	5	-1	-1	-1	0	-1	25	摇滚录音机僵尸2	2
4050006	7120302	1	-1	-1	-1	0	-1	13	摇滚路障僵尸2	3
4050006	8012190	2	-1	-1	-1	0	-1	19	2摇滚旗帜BOSS	5
4050006	7120302	3	-1	-1	-1	0	-1	15	摇滚路障僵尸2	3
4050006	7120402	4	-1	-1	-1	0	-1	17	摇滚铁桶僵尸2	3
4050006	7120502	5	-1	-1	-1	0	-1	21	摇滚录音机僵尸2	2
4050006	7120502	6	-1	-1	-1	0	-1	23	摇滚录音机僵尸2	2
4050006	7120502	2	-1	-1	-1	0	-1	-1	摇滚录音机僵尸2	2
4050006	7120502	8	-1	-1	-1	0	-1	-1	摇滚录音机僵尸2	2
										
4050007	7120303	1	-1	-1	-1	0	-1	15	摇滚路障僵尸3	3
4050007	7120403	2	-1	-1	-1	0	-1	16	摇滚铁桶僵尸3	3
4050007	7120303	3	-1	-1	-1	0	-1	17	摇滚路障僵尸3	3
4050007	7120503	1	-1	-1	-1	0	-1	21	摇滚录音机僵尸3	2
4050007	7120503	2	-1	-1	-1	0	-1	22	摇滚录音机僵尸3	2
4050007	7120503	3	-1	-1	-1	0	-1	23	摇滚录音机僵尸3	2
4050008	7120303	1	-1	-1	-1	0	-1	15	摇滚路障僵尸3	3
4050008	7120303	2	-1	-1	-1	0	-1	17	摇滚路障僵尸3	3
4050008	7120403	3	-1	-1	-1	0	-1	19	摇滚铁桶僵尸3	3
4050008	7120503	5	-1	-1	-1	0	-1	21	摇滚录音机僵尸3	2
4050008	7120503	5	-1	-1	-1	0	-1	23	摇滚录音机僵尸3	2
4050008	7120503	5	-1	-1	-1	0	-1	25	摇滚录音机僵尸3	2
4050009	7120303	1	-1	-1	-1	0	-1	13	摇滚路障僵尸3	3
4050009	8012191	2	-1	-1	-1	0	-1	19	3喷射器BOSS	5
4050009	7120303	3	-1	-1	-1	0	-1	15	摇滚路障僵尸3	3
4050009	7120403	4	-1	-1	-1	0	-1	17	摇滚铁桶僵尸3	3
4050009	7120503	5	-1	-1	-1	0	-1	21	摇滚录音机僵尸3	2
4050009	7120503	6	-1	-1	-1	0	-1	23	摇滚录音机僵尸3	2
4050009	7120503	2	-1	-1	-1	0	-1	-1	摇滚录音机僵尸3	2
4050009	7120503	8	-1	-1	-1	0	-1	-1	摇滚录音机僵尸3	2
										
4050010	7120304	1	-1	-1	-1	0	-1	15	摇滚路障僵尸4	3
4050010	7120404	2	-1	-1	-1	0	-1	16	摇滚铁桶僵尸4	3
4050010	7120304	3	-1	-1	-1	0	-1	17	摇滚路障僵尸4	3
4050010	7120504	1	-1	-1	-1	0	-1	21	摇滚录音机僵尸4	2
4050010	7120504	2	-1	-1	-1	0	-1	22	摇滚录音机僵尸4	2
4050010	7120504	3	-1	-1	-1	0	-1	23	摇滚录音机僵尸4	2
4050011	7120304	1	-1	-1	-1	0	-1	15	摇滚路障僵尸4	3
4050011	7120304	2	-1	-1	-1	0	-1	17	摇滚路障僵尸4	3
4050011	7120404	3	-1	-1	-1	0	-1	19	摇滚铁桶僵尸4	3
4050011	7120504	5	-1	-1	-1	0	-1	21	摇滚录音机僵尸4	2
4050011	7120504	5	-1	-1	-1	0	-1	23	摇滚录音机僵尸4	2
4050011	7120504	5	-1	-1	-1	0	-1	25	摇滚录音机僵尸4	2
4050012	7120304	1	-1	-1	-1	0	-1	13	摇滚路障僵尸4	3
4050012	8012192	2	-1	-1	-1	0	-1	19	4摇滚旗帜BOSS	5
4050012	7120304	3	-1	-1	-1	0	-1	15	摇滚路障僵尸4	3
4050012	7120404	4	-1	-1	-1	0	-1	17	摇滚铁桶僵尸4	3
4050012	7120504	5	-1	-1	-1	0	-1	21	摇滚录音机僵尸4	2
4050012	7120504	6	-1	-1	-1	0	-1	23	摇滚录音机僵尸4	2
4050012	7120504	2	-1	-1	-1	0	-1	-1	摇滚录音机僵尸4	2
4050012	7120504	8	-1	-1	-1	0	-1	-1	摇滚录音机僵尸4	2
										
4050013	7120305	1	-1	-1	-1	0	-1	15	摇滚路障僵尸5	3
4050013	7120405	2	-1	-1	-1	0	-1	16	摇滚铁桶僵尸5	3
4050013	7120305	3	-1	-1	-1	0	-1	17	摇滚路障僵尸5	3
4050013	7120505	1	-1	-1	-1	0	-1	21	摇滚录音机僵尸5	2
4050013	7120505	2	-1	-1	-1	0	-1	22	摇滚录音机僵尸5	2
4050013	7120505	3	-1	-1	-1	0	-1	23	摇滚录音机僵尸5	2
4050014	7120305	1	-1	-1	-1	0	-1	15	摇滚路障僵尸5	3
4050014	7120305	2	-1	-1	-1	0	-1	17	摇滚路障僵尸5	3
4050014	7120405	3	-1	-1	-1	0	-1	19	摇滚铁桶僵尸5	3
4050014	7120505	5	-1	-1	-1	0	-1	21	摇滚录音机僵尸5	2
4050014	7120505	5	-1	-1	-1	0	-1	23	摇滚录音机僵尸5	2
4050014	7120505	5	-1	-1	-1	0	-1	25	摇滚录音机僵尸5	2
4050015	9012048	3	-1	-1	-1	0	1	-1	5电磁盾僵尸大格	6
4050015	7120505	8	-1	-1	-1	0	1	24	摇滚录音机僵尸5	2
4050015	7120505	8	-1	-1	-1	0	1	26	摇滚录音机僵尸5	2
4050015	7120505	9	-1	-1	-1	0	1	28	摇滚录音机僵尸5	2
										
										
										
										
4050016	7120306	1	-1	-1	-1	0	-1	15	摇滚路障僵尸6	3
4050016	7120406	2	-1	-1	-1	0	-1	16	摇滚铁桶僵尸6	3
4050016	7120306	3	-1	-1	-1	0	-1	17	摇滚路障僵尸6	3
4050016	7120506	1	-1	-1	-1	0	-1	21	摇滚录音机僵尸6	2
4050016	7120506	2	-1	-1	-1	0	-1	22	摇滚录音机僵尸6	2
4050016	7120506	3	-1	-1	-1	0	-1	23	摇滚录音机僵尸6	2
4050017	7120306	1	-1	-1	-1	0	-1	15	摇滚路障僵尸6	3
4050017	7120306	2	-1	-1	-1	0	-1	17	摇滚路障僵尸6	3
4050017	7120406	3	-1	-1	-1	0	-1	19	摇滚铁桶僵尸6	3
4050017	7120506	5	-1	-1	-1	0	-1	21	摇滚录音机僵尸6	2
4050017	7120506	5	-1	-1	-1	0	-1	23	摇滚录音机僵尸6	2
4050017	7120506	5	-1	-1	-1	0	-1	25	摇滚录音机僵尸6	2
4050018	7120306	1	-1	-1	-1	0	-1	13	摇滚路障僵尸6	3
4050018	8012193	2	-1	-1	-1	0	-1	19	6摇滚路障BOSS	5
4050018	7120306	3	-1	-1	-1	0	-1	15	摇滚路障僵尸6	3
4050018	7120406	4	-1	-1	-1	0	-1	17	摇滚铁桶僵尸6	3
4050018	7120506	5	-1	-1	-1	0	-1	21	摇滚录音机僵尸6	2
4050018	7120506	6	-1	-1	-1	0	-1	23	摇滚录音机僵尸6	2
4050018	7120506	2	-1	-1	-1	0	-1	-1	摇滚录音机僵尸6	2
4050018	7120506	8	-1	-1	-1	0	-1	-1	摇滚录音机僵尸6	2
										
4050019	7120307	1	-1	-1	-1	0	-1	15	摇滚路障僵尸7	3
4050019	7120407	2	-1	-1	-1	0	-1	16	摇滚铁桶僵尸7	3
4050019	7120307	3	-1	-1	-1	0	-1	17	摇滚路障僵尸7	3
4050019	7120507	1	-1	-1	-1	0	-1	21	摇滚录音机僵尸7	2
4050019	7120507	2	-1	-1	-1	0	-1	22	摇滚录音机僵尸7	2
4050019	7120507	3	-1	-1	-1	0	-1	23	摇滚录音机僵尸7	2
4050020	7120307	1	-1	-1	-1	0	-1	15	摇滚路障僵尸7	3
4050020	7120307	2	-1	-1	-1	0	-1	17	摇滚路障僵尸7	3
4050020	7120407	3	-1	-1	-1	0	-1	19	摇滚铁桶僵尸7	3
4050020	7120507	5	-1	-1	-1	0	-1	21	摇滚录音机僵尸7	2
4050020	7120507	5	-1	-1	-1	0	-1	23	摇滚录音机僵尸7	2
4050020	7120507	5	-1	-1	-1	0	-1	25	摇滚录音机僵尸7	2
4050021	7120307	1	-1	-1	-1	0	-1	13	摇滚路障僵尸7	3
4050021	8012194	2	-1	-1	-1	0	-1	19	7摇滚旗帜BOSS	5
4050021	7120307	3	-1	-1	-1	0	-1	15	摇滚路障僵尸7	3
4050021	7120407	4	-1	-1	-1	0	-1	17	摇滚铁桶僵尸7	3
4050021	7120507	5	-1	-1	-1	0	-1	21	摇滚录音机僵尸7	2
4050021	7120507	6	-1	-1	-1	0	-1	23	摇滚录音机僵尸7	2
4050021	7120507	2	-1	-1	-1	0	-1	-1	摇滚录音机僵尸7	2
4050021	7120507	8	-1	-1	-1	0	-1	-1	摇滚录音机僵尸7	2
										
4050022	7120308	1	-1	-1	-1	0	-1	15	摇滚路障僵尸8	3
4050022	7120408	2	-1	-1	-1	0	-1	16	摇滚铁桶僵尸8	3
4050022	7120308	3	-1	-1	-1	0	-1	17	摇滚路障僵尸8	3
4050022	7120508	1	-1	-1	-1	0	-1	21	摇滚录音机僵尸8	2
4050022	7120508	2	-1	-1	-1	0	-1	22	摇滚录音机僵尸8	2
4050022	7120508	3	-1	-1	-1	0	-1	23	摇滚录音机僵尸8	2
4050023	7120308	1	-1	-1	-1	0	-1	15	摇滚路障僵尸8	3
4050023	7120308	2	-1	-1	-1	0	-1	17	摇滚路障僵尸8	3
4050023	7120408	3	-1	-1	-1	0	-1	19	摇滚铁桶僵尸8	3
4050023	7120508	5	-1	-1	-1	0	-1	21	摇滚录音机僵尸8	2
4050023	7120508	5	-1	-1	-1	0	-1	23	摇滚录音机僵尸8	2
4050023	7120508	5	-1	-1	-1	0	-1	25	摇滚录音机僵尸8	2
4050024	7120308	1	-1	-1	-1	0	-1	13	摇滚路障僵尸8	3
4050024	8012195	2	-1	-1	-1	0	-1	19	8喷射器BOSS	5
4050024	7120308	3	-1	-1	-1	0	-1	15	摇滚路障僵尸8	3
4050024	7120408	4	-1	-1	-1	0	-1	17	摇滚铁桶僵尸8	3
4050024	7120508	5	-1	-1	-1	0	-1	21	摇滚录音机僵尸8	2
4050024	7120508	6	-1	-1	-1	0	-1	23	摇滚录音机僵尸8	2
4050024	7120508	2	-1	-1	-1	0	-1	-1	摇滚录音机僵尸8	2
4050024	7120508	8	-1	-1	-1	0	-1	-1	摇滚录音机僵尸8	2
										
4050025	7120309	1	-1	-1	-1	0	-1	15	摇滚路障僵尸9	3
4050025	7120409	2	-1	-1	-1	0	-1	16	摇滚铁桶僵尸9	3
4050025	7120309	3	-1	-1	-1	0	-1	17	摇滚路障僵尸9	3
4050025	7120509	1	-1	-1	-1	0	-1	21	摇滚录音机僵尸9	2
4050025	7120509	2	-1	-1	-1	0	-1	22	摇滚录音机僵尸9	2
4050025	7120509	3	-1	-1	-1	0	-1	23	摇滚录音机僵尸9	2
4050026	7120309	1	-1	-1	-1	0	-1	15	摇滚路障僵尸9	3
4050026	7120309	2	-1	-1	-1	0	-1	17	摇滚路障僵尸9	3
4050026	7120409	3	-1	-1	-1	0	-1	19	摇滚铁桶僵尸9	3
4050026	7120509	5	-1	-1	-1	0	-1	21	摇滚录音机僵尸9	2
4050026	7120509	5	-1	-1	-1	0	-1	23	摇滚录音机僵尸9	2
4050026	7120509	5	-1	-1	-1	0	-1	25	摇滚录音机僵尸9	2
4050027	7120309	1	-1	-1	-1	0	-1	13	摇滚路障僵尸9	3
4050027	8012196	2	-1	-1	-1	0	-1	19	9摇滚旗帜BOSS	5
4050027	7120309	3	-1	-1	-1	0	-1	15	摇滚路障僵尸9	3
4050027	7120409	4	-1	-1	-1	0	-1	17	摇滚铁桶僵尸9	3
4050027	7120509	5	-1	-1	-1	0	-1	21	摇滚录音机僵尸9	2
4050027	7120509	6	-1	-1	-1	0	-1	23	摇滚录音机僵尸9	2
4050027	7120509	2	-1	-1	-1	0	-1	-1	摇滚录音机僵尸9	2
4050027	7120509	8	-1	-1	-1	0	-1	-1	摇滚录音机僵尸9	2
										
4050028	7120310	1	-1	-1	-1	0	-1	15	摇滚路障僵尸10	3
4050028	7120410	2	-1	-1	-1	0	-1	16	摇滚铁桶僵尸10	3
4050028	7120310	3	-1	-1	-1	0	-1	17	摇滚路障僵尸10	3
4050028	7120510	1	-1	-1	-1	0	-1	21	摇滚录音机僵尸10	2
4050028	7120510	2	-1	-1	-1	0	-1	22	摇滚录音机僵尸10	2
4050028	7120510	3	-1	-1	-1	0	-1	23	摇滚录音机僵尸10	2
4050029	7120310	1	-1	-1	-1	0	-1	15	摇滚路障僵尸10	3
4050029	7120310	2	-1	-1	-1	0	-1	17	摇滚路障僵尸10	3
4050029	7120410	3	-1	-1	-1	0	-1	19	摇滚铁桶僵尸10	3
4050029	7120510	5	-1	-1	-1	0	-1	21	摇滚录音机僵尸10	2
4050029	7120510	5	-1	-1	-1	0	-1	23	摇滚录音机僵尸10	2
4050029	7120510	5	-1	-1	-1	0	-1	25	摇滚录音机僵尸10	2
4050030	9012049	3	-1	-1	-1	0	1	-1	10舞者3000大格	6
4050030	7120510	7	-1	-1	-1	0	1	26	摇滚录音机僵尸10	2
4050030	7120510	8	-1	-1	-1	0	1	24	摇滚录音机僵尸10	2
4050030	7120510	9	-1	-1	-1	0	1	28	摇滚录音机僵尸10	2
										
										
										
										
4050031	7120311	1	-1	-1	-1	0	-1	15	摇滚路障僵尸11	3
4050031	7120411	2	-1	-1	-1	0	-1	16	摇滚铁桶僵尸11	3
4050031	7120311	3	-1	-1	-1	0	-1	17	摇滚路障僵尸11	3
4050031	7120511	1	-1	-1	-1	0	-1	21	摇滚录音机僵尸11	2
4050031	7120511	2	-1	-1	-1	0	-1	22	摇滚录音机僵尸11	2
4050031	7120511	3	-1	-1	-1	0	-1	23	摇滚录音机僵尸11	2
4050032	7120311	1	-1	-1	-1	0	-1	15	摇滚路障僵尸11	3
4050032	7120311	2	-1	-1	-1	0	-1	17	摇滚路障僵尸11	3
4050032	7120411	3	-1	-1	-1	0	-1	19	摇滚铁桶僵尸11	3
4050032	7120511	5	-1	-1	-1	0	-1	21	摇滚录音机僵尸11	2
4050032	7120511	5	-1	-1	-1	0	-1	23	摇滚录音机僵尸11	2
4050032	7120511	5	-1	-1	-1	0	-1	25	摇滚录音机僵尸11	2
4050033	7120311	1	-1	-1	-1	0	-1	13	摇滚路障僵尸11	3
4050033	8012197	2	-1	-1	-1	0	-1	19	11摇滚路障BOSS	5
4050033	7120311	3	-1	-1	-1	0	-1	15	摇滚路障僵尸11	3
4050033	7120411	4	-1	-1	-1	0	-1	17	摇滚铁桶僵尸11	3
4050033	7120511	5	-1	-1	-1	0	-1	21	摇滚录音机僵尸11	2
4050033	7120511	6	-1	-1	-1	0	-1	23	摇滚录音机僵尸11	2
4050033	7120511	2	-1	-1	-1	0	-1	-1	摇滚录音机僵尸11	2
4050033	7120511	8	-1	-1	-1	0	-1	-1	摇滚录音机僵尸11	2
										
4050034	7120312	1	-1	-1	-1	0	-1	15	摇滚路障僵尸12	3
4050034	7120412	2	-1	-1	-1	0	-1	16	摇滚铁桶僵尸12	3
4050034	7120312	3	-1	-1	-1	0	-1	17	摇滚路障僵尸12	3
4050034	7120512	1	-1	-1	-1	0	-1	21	摇滚录音机僵尸12	2
4050034	7120512	2	-1	-1	-1	0	-1	22	摇滚录音机僵尸12	2
4050034	7120512	3	-1	-1	-1	0	-1	23	摇滚录音机僵尸12	2
4050035	7120312	1	-1	-1	-1	0	-1	15	摇滚路障僵尸12	3
4050035	7120312	2	-1	-1	-1	0	-1	17	摇滚路障僵尸12	3
4050035	7120412	3	-1	-1	-1	0	-1	19	摇滚铁桶僵尸12	3
4050035	7120512	5	-1	-1	-1	0	-1	21	摇滚录音机僵尸12	2
4050035	7120512	5	-1	-1	-1	0	-1	23	摇滚录音机僵尸12	2
4050035	7120512	5	-1	-1	-1	0	-1	25	摇滚录音机僵尸12	2
4050036	7120312	1	-1	-1	-1	0	-1	13	摇滚路障僵尸12	3
4050036	8012198	2	-1	-1	-1	0	-1	19	12摇滚旗帜BOSS	5
4050036	7120312	3	-1	-1	-1	0	-1	15	摇滚路障僵尸12	3
4050036	7120412	4	-1	-1	-1	0	-1	17	摇滚铁桶僵尸12	3
4050036	7120512	5	-1	-1	-1	0	-1	21	摇滚录音机僵尸12	2
4050036	7120512	6	-1	-1	-1	0	-1	23	摇滚录音机僵尸12	2
4050036	7120512	2	-1	-1	-1	0	-1	-1	摇滚录音机僵尸12	2
4050036	7120512	8	-1	-1	-1	0	-1	-1	摇滚录音机僵尸12	2
										
4050037	7120313	1	-1	-1	-1	0	-1	15	摇滚路障僵尸13	3
4050037	7120413	2	-1	-1	-1	0	-1	16	摇滚铁桶僵尸13	3
4050037	7120313	3	-1	-1	-1	0	-1	17	摇滚路障僵尸13	3
4050037	7120513	1	-1	-1	-1	0	-1	21	摇滚录音机僵尸13	2
4050037	7120513	2	-1	-1	-1	0	-1	22	摇滚录音机僵尸13	2
4050037	7120513	3	-1	-1	-1	0	-1	23	摇滚录音机僵尸13	2
4050038	7120313	1	-1	-1	-1	0	-1	15	摇滚路障僵尸13	3
4050038	7120313	2	-1	-1	-1	0	-1	17	摇滚路障僵尸13	3
4050038	7120413	3	-1	-1	-1	0	-1	19	摇滚铁桶僵尸13	3
4050038	7120513	5	-1	-1	-1	0	-1	21	摇滚录音机僵尸13	2
4050038	7120513	5	-1	-1	-1	0	-1	23	摇滚录音机僵尸13	2
4050038	7120513	5	-1	-1	-1	0	-1	25	摇滚录音机僵尸13	2
4050039	7120313	1	-1	-1	-1	0	-1	13	摇滚路障僵尸13	3
4050039	8012199	2	-1	-1	-1	0	-1	19	13喷射器BOSS	5
4050039	7120313	3	-1	-1	-1	0	-1	15	摇滚路障僵尸13	3
4050039	7120413	4	-1	-1	-1	0	-1	17	摇滚铁桶僵尸13	3
4050039	7120513	5	-1	-1	-1	0	-1	21	摇滚录音机僵尸13	2
4050039	7120513	6	-1	-1	-1	0	-1	23	摇滚录音机僵尸13	2
4050039	7120513	2	-1	-1	-1	0	-1	-1	摇滚录音机僵尸13	2
4050039	7120513	8	-1	-1	-1	0	-1	-1	摇滚录音机僵尸13	2
										
4050040	7120314	1	-1	-1	-1	0	-1	15	摇滚路障僵尸14	3
4050040	7120414	2	-1	-1	-1	0	-1	16	摇滚铁桶僵尸14	3
4050040	7120314	3	-1	-1	-1	0	-1	17	摇滚路障僵尸14	3
4050040	7120514	1	-1	-1	-1	0	-1	21	摇滚录音机僵尸14	2
4050040	7120514	2	-1	-1	-1	0	-1	22	摇滚录音机僵尸14	2
4050040	7120514	3	-1	-1	-1	0	-1	23	摇滚录音机僵尸14	2
4050041	7120314	1	-1	-1	-1	0	-1	15	摇滚路障僵尸14	3
4050041	7120314	2	-1	-1	-1	0	-1	17	摇滚路障僵尸14	3
4050041	7120414	3	-1	-1	-1	0	-1	19	摇滚铁桶僵尸14	3
4050041	7120514	5	-1	-1	-1	0	-1	21	摇滚录音机僵尸14	2
4050041	7120514	5	-1	-1	-1	0	-1	23	摇滚录音机僵尸14	2
4050041	7120514	5	-1	-1	-1	0	-1	25	摇滚录音机僵尸14	2
4050042	7120314	1	-1	-1	-1	0	-1	13	摇滚路障僵尸14	3
4050042	8012200	2	-1	-1	-1	0	-1	19	14摇滚旗帜BOSS	5
4050042	7120314	3	-1	-1	-1	0	-1	15	摇滚路障僵尸14	3
4050042	7120414	4	-1	-1	-1	0	-1	17	摇滚铁桶僵尸14	3
4050042	7120514	5	-1	-1	-1	0	-1	21	摇滚录音机僵尸14	2
4050042	7120514	6	-1	-1	-1	0	-1	23	摇滚录音机僵尸14	2
4050042	7120514	2	-1	-1	-1	0	-1	-1	摇滚录音机僵尸14	2
4050042	7120514	8	-1	-1	-1	0	-1	-1	摇滚录音机僵尸14	2
										
4050043	7120315	1	-1	-1	-1	0	-1	15	摇滚路障僵尸15	3
4050043	7120415	2	-1	-1	-1	0	-1	16	摇滚铁桶僵尸15	3
4050043	7120315	3	-1	-1	-1	0	-1	17	摇滚路障僵尸15	3
4050043	7120515	1	-1	-1	-1	0	-1	21	摇滚录音机僵尸15	2
4050043	7120515	2	-1	-1	-1	0	-1	22	摇滚录音机僵尸15	2
4050043	7120515	3	-1	-1	-1	0	-1	23	摇滚录音机僵尸15	2
4050044	7120315	1	-1	-1	-1	0	-1	15	摇滚路障僵尸15	3
4050044	7120315	2	-1	-1	-1	0	-1	17	摇滚路障僵尸15	3
4050044	7120415	3	-1	-1	-1	0	-1	19	摇滚铁桶僵尸15	3
4050044	7120515	5	-1	-1	-1	0	-1	21	摇滚录音机僵尸15	2
4050044	7120515	5	-1	-1	-1	0	-1	23	摇滚录音机僵尸15	2
4050044	7120515	5	-1	-1	-1	0	-1	25	摇滚录音机僵尸15	2
4050045	9012050	3	-1	-1	-1	0	1	-1	15卡车司机大格	6
4050045	7120515	7	-1	-1	-1	0	1	28	摇滚录音机僵尸15	2
4050045	7120515	8	-1	-1	-1	0	1	26	摇滚录音机僵尸15	2
4050045	7120515	9	-1	-1	-1	0	1	24	摇滚录音机僵尸15	2
										
										
										
										
4050046	7120316	1	-1	-1	-1	0	-1	15	摇滚路障僵尸16	3
4050046	7120416	2	-1	-1	-1	0	-1	16	摇滚铁桶僵尸16	3
4050046	7120316	3	-1	-1	-1	0	-1	17	摇滚路障僵尸16	3
4050046	7120516	1	-1	-1	-1	0	-1	21	摇滚录音机僵尸16	2
4050046	7120516	2	-1	-1	-1	0	-1	22	摇滚录音机僵尸16	2
4050046	7120516	3	-1	-1	-1	0	-1	23	摇滚录音机僵尸16	2
4050047	7120316	1	-1	-1	-1	0	-1	15	摇滚路障僵尸16	3
4050047	7120316	2	-1	-1	-1	0	-1	17	摇滚路障僵尸16	3
4050047	7120416	3	-1	-1	-1	0	-1	19	摇滚铁桶僵尸16	3
4050047	7120516	5	-1	-1	-1	0	-1	21	摇滚录音机僵尸16	2
4050047	7120516	5	-1	-1	-1	0	-1	23	摇滚录音机僵尸16	2
4050047	7120516	5	-1	-1	-1	0	-1	25	摇滚录音机僵尸16	2
4050048	7120316	1	-1	-1	-1	0	-1	13	摇滚路障僵尸16	3
4050048	8012201	2	-1	-1	-1	0	-1	19	16摇滚路障BOSS	5
4050048	7120316	3	-1	-1	-1	0	-1	15	摇滚路障僵尸16	3
4050048	7120416	4	-1	-1	-1	0	-1	17	摇滚铁桶僵尸16	3
4050048	7120516	5	-1	-1	-1	0	-1	21	摇滚录音机僵尸16	2
4050048	7120516	6	-1	-1	-1	0	-1	23	摇滚录音机僵尸16	2
4050048	7120516	2	-1	-1	-1	0	-1	-1	摇滚录音机僵尸16	2
4050048	7120516	8	-1	-1	-1	0	-1	-1	摇滚录音机僵尸16	2
										
4050049	7120317	1	-1	-1	-1	0	-1	15	摇滚路障僵尸17	3
4050049	7120417	2	-1	-1	-1	0	-1	16	摇滚铁桶僵尸17	3
4050049	7120317	3	-1	-1	-1	0	-1	17	摇滚路障僵尸17	3
4050049	7120517	1	-1	-1	-1	0	-1	21	摇滚录音机僵尸17	2
4050049	7120517	2	-1	-1	-1	0	-1	22	摇滚录音机僵尸17	2
4050049	7120517	3	-1	-1	-1	0	-1	23	摇滚录音机僵尸17	2
4050050	7120317	1	-1	-1	-1	0	-1	15	摇滚路障僵尸17	3
4050050	7120317	2	-1	-1	-1	0	-1	17	摇滚路障僵尸17	3
4050050	7120417	3	-1	-1	-1	0	-1	19	摇滚铁桶僵尸17	3
4050050	7120517	5	-1	-1	-1	0	-1	21	摇滚录音机僵尸17	2
4050050	7120517	5	-1	-1	-1	0	-1	23	摇滚录音机僵尸17	2
4050050	7120517	5	-1	-1	-1	0	-1	25	摇滚录音机僵尸17	2
4050051	7120317	1	-1	-1	-1	0	-1	13	摇滚路障僵尸17	3
4050051	8012202	2	-1	-1	-1	0	-1	19	17摇滚旗帜BOSS	5
4050051	7120317	3	-1	-1	-1	0	-1	15	摇滚路障僵尸17	3
4050051	7120417	4	-1	-1	-1	0	-1	17	摇滚铁桶僵尸17	3
4050051	7120517	5	-1	-1	-1	0	-1	21	摇滚录音机僵尸17	2
4050051	7120517	6	-1	-1	-1	0	-1	23	摇滚录音机僵尸17	2
4050051	7120517	2	-1	-1	-1	0	-1	-1	摇滚录音机僵尸17	2
4050051	7120517	8	-1	-1	-1	0	-1	-1	摇滚录音机僵尸17	2
										
4050052	7120318	1	-1	-1	-1	0	-1	15	摇滚路障僵尸18	3
4050052	7120418	2	-1	-1	-1	0	-1	16	摇滚铁桶僵尸18	3
4050052	7120318	3	-1	-1	-1	0	-1	17	摇滚路障僵尸18	3
4050052	7120518	1	-1	-1	-1	0	-1	21	摇滚录音机僵尸18	2
4050052	7120518	2	-1	-1	-1	0	-1	22	摇滚录音机僵尸18	2
4050052	7120518	3	-1	-1	-1	0	-1	23	摇滚录音机僵尸18	2
4050053	7120318	1	-1	-1	-1	0	-1	15	摇滚路障僵尸18	3
4050053	7120318	2	-1	-1	-1	0	-1	17	摇滚路障僵尸18	3
4050053	7120418	3	-1	-1	-1	0	-1	19	摇滚铁桶僵尸18	3
4050053	7120518	5	-1	-1	-1	0	-1	21	摇滚录音机僵尸18	2
4050053	7120518	5	-1	-1	-1	0	-1	23	摇滚录音机僵尸18	2
4050053	7120518	5	-1	-1	-1	0	-1	25	摇滚录音机僵尸18	2
4050054	7120318	1	-1	-1	-1	0	-1	13	摇滚路障僵尸18	3
4050054	8012203	2	-1	-1	-1	0	-1	19	18喷射器BOSS	5
4050054	7120318	3	-1	-1	-1	0	-1	15	摇滚路障僵尸18	3
4050054	7120418	4	-1	-1	-1	0	-1	17	摇滚铁桶僵尸18	3
4050054	7120518	5	-1	-1	-1	0	-1	21	摇滚录音机僵尸18	2
4050054	7120518	6	-1	-1	-1	0	-1	23	摇滚录音机僵尸18	2
4050054	7120518	2	-1	-1	-1	0	-1	-1	摇滚录音机僵尸18	2
4050054	7120518	8	-1	-1	-1	0	-1	-1	摇滚录音机僵尸18	2
										
4050055	7120319	1	-1	-1	-1	0	-1	15	摇滚路障僵尸19	3
4050055	7120419	2	-1	-1	-1	0	-1	16	摇滚铁桶僵尸19	3
4050055	7120319	3	-1	-1	-1	0	-1	17	摇滚路障僵尸19	3
4050055	7120519	1	-1	-1	-1	0	-1	21	摇滚录音机僵尸19	2
4050055	7120519	2	-1	-1	-1	0	-1	22	摇滚录音机僵尸19	2
4050055	7120519	3	-1	-1	-1	0	-1	23	摇滚录音机僵尸19	2
4050056	7120319	1	-1	-1	-1	0	-1	15	摇滚路障僵尸19	3
4050056	7120319	2	-1	-1	-1	0	-1	17	摇滚路障僵尸19	3
4050056	7120419	3	-1	-1	-1	0	-1	19	摇滚铁桶僵尸19	3
4050056	7120519	5	-1	-1	-1	0	-1	21	摇滚录音机僵尸19	2
4050056	7120519	5	-1	-1	-1	0	-1	23	摇滚录音机僵尸19	2
4050056	7120519	5	-1	-1	-1	0	-1	25	摇滚录音机僵尸19	2
4050057	7120319	1	-1	-1	-1	0	-1	13	摇滚路障僵尸19	3
4050057	8012204	2	-1	-1	-1	0	-1	19	19摇滚旗帜BOSS	5
4050057	7120319	3	-1	-1	-1	0	-1	15	摇滚路障僵尸19	3
4050057	7120419	4	-1	-1	-1	0	-1	17	摇滚铁桶僵尸19	3
4050057	7120519	5	-1	-1	-1	0	-1	21	摇滚录音机僵尸19	2
4050057	7120519	6	-1	-1	-1	0	-1	23	摇滚录音机僵尸19	2
4050057	7120519	2	-1	-1	-1	0	-1	-1	摇滚录音机僵尸19	2
4050057	7120519	8	-1	-1	-1	0	-1	-1	摇滚录音机僵尸19	2
										
4050058	7120320	1	-1	-1	-1	0	-1	15	摇滚路障僵尸20	3
4050058	7120420	2	-1	-1	-1	0	-1	16	摇滚铁桶僵尸20	3
4050058	7120320	3	-1	-1	-1	0	-1	17	摇滚路障僵尸20	3
4050058	7120520	1	-1	-1	-1	0	-1	21	摇滚录音机僵尸20	2
4050058	7120520	2	-1	-1	-1	0	-1	22	摇滚录音机僵尸20	2
4050058	7120520	3	-1	-1	-1	0	-1	23	摇滚录音机僵尸20	2
4050059	7120320	1	-1	-1	-1	0	-1	15	摇滚路障僵尸20	3
4050059	7120320	2	-1	-1	-1	0	-1	17	摇滚路障僵尸20	3
4050059	7120420	3	-1	-1	-1	0	-1	19	摇滚铁桶僵尸20	3
4050059	7120520	5	-1	-1	-1	0	-1	21	摇滚录音机僵尸20	2
4050059	7120520	5	-1	-1	-1	0	-1	23	摇滚录音机僵尸20	2
4050059	7120520	5	-1	-1	-1	0	-1	25	摇滚录音机僵尸20	2
4050060	9012051	3	-1	-1	-1	0	1	-1	20橄榄球大格	6
4050060	7120520	7	-1	-1	-1	0	1	24	摇滚录音机僵尸20	2
4050060	7120520	8	-1	-1	-1	0	1	28	摇滚录音机僵尸20	2
4050060	7120520	9	-1	-1	-1	0	1	26	摇滚录音机僵尸20	2
										
										
										
										
4050061	7120321	1	-1	-1	-1	0	-1	15	摇滚路障僵尸21	3
4050061	7120421	2	-1	-1	-1	0	-1	16	摇滚铁桶僵尸21	3
4050061	7120321	3	-1	-1	-1	0	-1	17	摇滚路障僵尸21	3
4050061	7120521	1	-1	-1	-1	0	-1	21	摇滚录音机僵尸21	2
4050061	7120521	2	-1	-1	-1	0	-1	22	摇滚录音机僵尸21	2
4050061	7120521	3	-1	-1	-1	0	-1	23	摇滚录音机僵尸21	2
4050062	7120321	1	-1	-1	-1	0	-1	15	摇滚路障僵尸21	3
4050062	7120321	2	-1	-1	-1	0	-1	17	摇滚路障僵尸21	3
4050062	7120421	3	-1	-1	-1	0	-1	19	摇滚铁桶僵尸21	3
4050062	7120521	5	-1	-1	-1	0	-1	21	摇滚录音机僵尸21	2
4050062	7120521	5	-1	-1	-1	0	-1	23	摇滚录音机僵尸21	2
4050062	7120521	5	-1	-1	-1	0	-1	25	摇滚录音机僵尸21	2
4050063	7120321	1	-1	-1	-1	0	-1	13	摇滚路障僵尸21	3
4050063	8012205	2	-1	-1	-1	0	-1	19	21摇滚路障BOSS	5
4050063	7120321	3	-1	-1	-1	0	-1	15	摇滚路障僵尸21	3
4050063	7120421	4	-1	-1	-1	0	-1	17	摇滚铁桶僵尸21	3
4050063	7120521	5	-1	-1	-1	0	-1	21	摇滚录音机僵尸21	2
4050063	7120521	6	-1	-1	-1	0	-1	23	摇滚录音机僵尸21	2
4050063	7120521	2	-1	-1	-1	0	-1	-1	摇滚录音机僵尸21	2
4050063	7120521	8	-1	-1	-1	0	-1	-1	摇滚录音机僵尸21	2
										
4050064	7120322	1	-1	-1	-1	0	-1	15	摇滚路障僵尸22	3
4050064	7120422	2	-1	-1	-1	0	-1	16	摇滚铁桶僵尸22	3
4050064	7120322	3	-1	-1	-1	0	-1	17	摇滚路障僵尸22	3
4050064	7120522	1	-1	-1	-1	0	-1	21	摇滚录音机僵尸22	2
4050064	7120522	2	-1	-1	-1	0	-1	22	摇滚录音机僵尸22	2
4050064	7120522	3	-1	-1	-1	0	-1	23	摇滚录音机僵尸22	2
4050065	7120322	1	-1	-1	-1	0	-1	15	摇滚路障僵尸22	3
4050065	7120322	2	-1	-1	-1	0	-1	17	摇滚路障僵尸22	3
4050065	7120422	3	-1	-1	-1	0	-1	19	摇滚铁桶僵尸22	3
4050065	7120522	5	-1	-1	-1	0	-1	21	摇滚录音机僵尸22	2
4050065	7120522	5	-1	-1	-1	0	-1	23	摇滚录音机僵尸22	2
4050065	7120522	5	-1	-1	-1	0	-1	25	摇滚录音机僵尸22	2
4050066	7120322	1	-1	-1	-1	0	-1	13	摇滚路障僵尸22	3
4050066	8012206	2	-1	-1	-1	0	-1	19	22摇滚旗帜BOSS	5
4050066	7120322	3	-1	-1	-1	0	-1	15	摇滚路障僵尸22	3
4050066	7120422	4	-1	-1	-1	0	-1	17	摇滚铁桶僵尸22	3
4050066	7120522	5	-1	-1	-1	0	-1	21	摇滚录音机僵尸22	2
4050066	7120522	6	-1	-1	-1	0	-1	23	摇滚录音机僵尸22	2
4050066	7120522	2	-1	-1	-1	0	-1	-1	摇滚录音机僵尸22	2
4050066	7120522	8	-1	-1	-1	0	-1	-1	摇滚录音机僵尸22	2
										
4050067	7120323	1	-1	-1	-1	0	-1	15	摇滚路障僵尸23	3
4050067	7120423	2	-1	-1	-1	0	-1	16	摇滚铁桶僵尸23	3
4050067	7120323	3	-1	-1	-1	0	-1	17	摇滚路障僵尸23	3
4050067	7120523	1	-1	-1	-1	0	-1	21	摇滚录音机僵尸23	2
4050067	7120523	2	-1	-1	-1	0	-1	22	摇滚录音机僵尸23	2
4050067	7120523	3	-1	-1	-1	0	-1	23	摇滚录音机僵尸23	2
4050068	7120323	1	-1	-1	-1	0	-1	15	摇滚路障僵尸23	3
4050068	7120323	2	-1	-1	-1	0	-1	17	摇滚路障僵尸23	3
4050068	7120423	3	-1	-1	-1	0	-1	19	摇滚铁桶僵尸23	3
4050068	7120523	5	-1	-1	-1	0	-1	21	摇滚录音机僵尸23	2
4050068	7120523	5	-1	-1	-1	0	-1	23	摇滚录音机僵尸23	2
4050068	7120523	5	-1	-1	-1	0	-1	25	摇滚录音机僵尸23	2
4050069	7120323	1	-1	-1	-1	0	-1	13	摇滚路障僵尸23	3
4050069	8012207	2	-1	-1	-1	0	-1	19	23喷射器BOSS	5
4050069	7120323	3	-1	-1	-1	0	-1	15	摇滚路障僵尸23	3
4050069	7120423	4	-1	-1	-1	0	-1	17	摇滚铁桶僵尸23	3
4050069	7120523	5	-1	-1	-1	0	-1	21	摇滚录音机僵尸23	2
4050069	7120523	6	-1	-1	-1	0	-1	23	摇滚录音机僵尸23	2
4050069	7120523	2	-1	-1	-1	0	-1	-1	摇滚录音机僵尸23	2
4050069	7120523	8	-1	-1	-1	0	-1	-1	摇滚录音机僵尸23	2
										
4050070	7120324	1	-1	-1	-1	0	-1	15	摇滚路障僵尸24	3
4050070	7120424	2	-1	-1	-1	0	-1	16	摇滚铁桶僵尸24	3
4050070	7120324	3	-1	-1	-1	0	-1	17	摇滚路障僵尸24	3
4050070	7120524	1	-1	-1	-1	0	-1	21	摇滚录音机僵尸24	2
4050070	7120524	2	-1	-1	-1	0	-1	22	摇滚录音机僵尸24	2
4050070	7120524	3	-1	-1	-1	0	-1	23	摇滚录音机僵尸24	2
4050071	7120324	1	-1	-1	-1	0	-1	15	摇滚路障僵尸24	3
4050071	7120324	2	-1	-1	-1	0	-1	17	摇滚路障僵尸24	3
4050071	7120424	3	-1	-1	-1	0	-1	19	摇滚铁桶僵尸24	3
4050071	7120524	5	-1	-1	-1	0	-1	21	摇滚录音机僵尸24	2
4050071	7120524	5	-1	-1	-1	0	-1	23	摇滚录音机僵尸24	2
4050071	7120524	5	-1	-1	-1	0	-1	25	摇滚录音机僵尸24	2
4050072	7120324	1	-1	-1	-1	0	-1	13	摇滚路障僵尸24	3
4050072	8012208	2	-1	-1	-1	0	-1	19	24摇滚旗帜BOSS	5
4050072	7120324	3	-1	-1	-1	0	-1	15	摇滚路障僵尸24	3
4050072	7120424	4	-1	-1	-1	0	-1	17	摇滚铁桶僵尸24	3
4050072	7120524	5	-1	-1	-1	0	-1	21	摇滚录音机僵尸24	2
4050072	7120524	6	-1	-1	-1	0	-1	23	摇滚录音机僵尸24	2
4050072	7120524	2	-1	-1	-1	0	-1	-1	摇滚录音机僵尸24	2
4050072	7120524	8	-1	-1	-1	0	-1	-1	摇滚录音机僵尸24	2
										
4050073	7120325	1	-1	-1	-1	0	-1	15	摇滚路障僵尸25	3
4050073	7120425	2	-1	-1	-1	0	-1	16	摇滚铁桶僵尸25	3
4050073	7120325	3	-1	-1	-1	0	-1	17	摇滚路障僵尸25	3
4050073	7120525	1	-1	-1	-1	0	-1	21	摇滚录音机僵尸25	2
4050073	7120525	2	-1	-1	-1	0	-1	22	摇滚录音机僵尸25	2
4050073	7120525	3	-1	-1	-1	0	-1	23	摇滚录音机僵尸25	2
4050074	7120325	1	-1	-1	-1	0	-1	15	摇滚路障僵尸25	3
4050074	7120325	2	-1	-1	-1	0	-1	17	摇滚路障僵尸25	3
4050074	7120425	3	-1	-1	-1	0	-1	19	摇滚铁桶僵尸25	3
4050074	7120525	5	-1	-1	-1	0	-1	21	摇滚录音机僵尸25	2
4050074	7120525	5	-1	-1	-1	0	-1	23	摇滚录音机僵尸25	2
4050074	7120525	5	-1	-1	-1	0	-1	25	摇滚录音机僵尸25	2
4050075	9012052	3	-1	-1	-1	0	1	-1	25僵尸统领大格	6
4050075	7120525	7	-1	-1	-1	0	1	26	摇滚录音机僵尸25	2
4050075	7120525	8	-1	-1	-1	0	1	24	摇滚录音机僵尸25	2
4050075	7120525	9	-1	-1	-1	0	1	28	摇滚录音机僵尸25	2
										
										
										
										
4050076	7120326	1	-1	-1	-1	0	-1	15	摇滚路障僵尸26	3
4050076	7120426	2	-1	-1	-1	0	-1	16	摇滚铁桶僵尸26	3
4050076	7120326	3	-1	-1	-1	0	-1	17	摇滚路障僵尸26	3
4050076	7120526	1	-1	-1	-1	0	-1	21	摇滚录音机僵尸26	2
4050076	7120526	2	-1	-1	-1	0	-1	22	摇滚录音机僵尸26	2
4050076	7120526	3	-1	-1	-1	0	-1	23	摇滚录音机僵尸26	2
4050077	7120326	1	-1	-1	-1	0	-1	15	摇滚路障僵尸26	3
4050077	7120326	2	-1	-1	-1	0	-1	17	摇滚路障僵尸26	3
4050077	7120426	3	-1	-1	-1	0	-1	19	摇滚铁桶僵尸26	3
4050077	7120526	5	-1	-1	-1	0	-1	21	摇滚录音机僵尸26	2
4050077	7120526	5	-1	-1	-1	0	-1	23	摇滚录音机僵尸26	2
4050077	7120526	5	-1	-1	-1	0	-1	25	摇滚录音机僵尸26	2
4050078	7120326	1	-1	-1	-1	0	-1	13	摇滚路障僵尸26	3
4050078	8012209	2	-1	-1	-1	0	-1	19	26摇滚路障BOSS	5
4050078	7120326	3	-1	-1	-1	0	-1	15	摇滚路障僵尸26	3
4050078	7120426	4	-1	-1	-1	0	-1	17	摇滚铁桶僵尸26	3
4050078	7120526	5	-1	-1	-1	0	-1	21	摇滚录音机僵尸26	2
4050078	7120526	6	-1	-1	-1	0	-1	23	摇滚录音机僵尸26	2
4050078	7120526	2	-1	-1	-1	0	-1	-1	摇滚录音机僵尸26	2
4050078	7120526	8	-1	-1	-1	0	-1	-1	摇滚录音机僵尸26	2
										
4050079	7120327	1	-1	-1	-1	0	-1	15	摇滚路障僵尸27	3
4050079	7120427	2	-1	-1	-1	0	-1	16	摇滚铁桶僵尸27	3
4050079	7120327	3	-1	-1	-1	0	-1	17	摇滚路障僵尸27	3
4050079	7120527	1	-1	-1	-1	0	-1	21	摇滚录音机僵尸27	2
4050079	7120527	2	-1	-1	-1	0	-1	22	摇滚录音机僵尸27	2
4050079	7120527	3	-1	-1	-1	0	-1	23	摇滚录音机僵尸27	2
4050080	7120327	1	-1	-1	-1	0	-1	15	摇滚路障僵尸27	3
4050080	7120327	2	-1	-1	-1	0	-1	17	摇滚路障僵尸27	3
4050080	7120427	3	-1	-1	-1	0	-1	19	摇滚铁桶僵尸27	3
4050080	7120527	5	-1	-1	-1	0	-1	21	摇滚录音机僵尸27	2
4050080	7120527	5	-1	-1	-1	0	-1	23	摇滚录音机僵尸27	2
4050080	7120527	5	-1	-1	-1	0	-1	25	摇滚录音机僵尸27	2
4050081	7120327	1	-1	-1	-1	0	-1	13	摇滚路障僵尸27	3
4050081	8012210	2	-1	-1	-1	0	-1	19	27摇滚旗帜BOSS	5
4050081	7120327	3	-1	-1	-1	0	-1	15	摇滚路障僵尸27	3
4050081	7120427	4	-1	-1	-1	0	-1	17	摇滚铁桶僵尸27	3
4050081	7120527	5	-1	-1	-1	0	-1	21	摇滚录音机僵尸27	2
4050081	7120527	6	-1	-1	-1	0	-1	23	摇滚录音机僵尸27	2
4050081	7120527	2	-1	-1	-1	0	-1	-1	摇滚录音机僵尸27	2
4050081	7120527	8	-1	-1	-1	0	-1	-1	摇滚录音机僵尸27	2
										
4050082	7120328	1	-1	-1	-1	0	-1	15	摇滚路障僵尸28	3
4050082	7120428	2	-1	-1	-1	0	-1	16	摇滚铁桶僵尸28	3
4050082	7120328	3	-1	-1	-1	0	-1	17	摇滚路障僵尸28	3
4050082	7120528	1	-1	-1	-1	0	-1	21	摇滚录音机僵尸28	2
4050082	7120528	2	-1	-1	-1	0	-1	22	摇滚录音机僵尸28	2
4050082	7120528	3	-1	-1	-1	0	-1	23	摇滚录音机僵尸28	2
4050083	7120328	1	-1	-1	-1	0	-1	15	摇滚路障僵尸28	3
4050083	7120328	2	-1	-1	-1	0	-1	17	摇滚路障僵尸28	3
4050083	7120428	3	-1	-1	-1	0	-1	19	摇滚铁桶僵尸28	3
4050083	7120528	5	-1	-1	-1	0	-1	21	摇滚录音机僵尸28	2
4050083	7120528	5	-1	-1	-1	0	-1	23	摇滚录音机僵尸28	2
4050083	7120528	5	-1	-1	-1	0	-1	25	摇滚录音机僵尸28	2
4050084	7120328	1	-1	-1	-1	0	-1	13	摇滚路障僵尸28	3
4050084	8012211	2	-1	-1	-1	0	-1	19	28喷射器BOSS	5
4050084	7120328	3	-1	-1	-1	0	-1	15	摇滚路障僵尸28	3
4050084	7120428	4	-1	-1	-1	0	-1	17	摇滚铁桶僵尸28	3
4050084	7120528	5	-1	-1	-1	0	-1	21	摇滚录音机僵尸28	2
4050084	7120528	6	-1	-1	-1	0	-1	23	摇滚录音机僵尸28	2
4050084	7120528	2	-1	-1	-1	0	-1	-1	摇滚录音机僵尸28	2
4050084	7120528	8	-1	-1	-1	0	-1	-1	摇滚录音机僵尸28	2
										
4050085	7120329	1	-1	-1	-1	0	-1	15	摇滚路障僵尸29	3
4050085	7120429	2	-1	-1	-1	0	-1	16	摇滚铁桶僵尸29	3
4050085	7120329	3	-1	-1	-1	0	-1	17	摇滚路障僵尸29	3
4050085	7120529	1	-1	-1	-1	0	-1	21	摇滚录音机僵尸29	2
4050085	7120529	2	-1	-1	-1	0	-1	22	摇滚录音机僵尸29	2
4050085	7120529	3	-1	-1	-1	0	-1	23	摇滚录音机僵尸29	2
4050086	7120329	1	-1	-1	-1	0	-1	15	摇滚路障僵尸29	3
4050086	7120329	2	-1	-1	-1	0	-1	17	摇滚路障僵尸29	3
4050086	7120429	3	-1	-1	-1	0	-1	19	摇滚铁桶僵尸29	3
4050086	7120529	5	-1	-1	-1	0	-1	21	摇滚录音机僵尸29	2
4050086	7120529	5	-1	-1	-1	0	-1	23	摇滚录音机僵尸29	2
4050086	7120529	5	-1	-1	-1	0	-1	25	摇滚录音机僵尸29	2
4050087	7120329	1	-1	-1	-1	0	-1	13	摇滚路障僵尸29	3
4050087	8012212	2	-1	-1	-1	0	-1	19	29摇滚旗帜BOSS	5
4050087	7120329	3	-1	-1	-1	0	-1	15	摇滚路障僵尸29	3
4050087	7120429	4	-1	-1	-1	0	-1	17	摇滚铁桶僵尸29	3
4050087	7120529	5	-1	-1	-1	0	-1	21	摇滚录音机僵尸29	2
4050087	7120529	6	-1	-1	-1	0	-1	23	摇滚录音机僵尸29	2
4050087	7120529	2	-1	-1	-1	0	-1	-1	摇滚录音机僵尸29	2
4050087	7120529	8	-1	-1	-1	0	-1	-1	摇滚录音机僵尸29	2
										
4050088	7120330	1	-1	-1	-1	0	-1	15	摇滚路障僵尸30	3
4050088	7120430	2	-1	-1	-1	0	-1	16	摇滚铁桶僵尸30	3
4050088	7120330	3	-1	-1	-1	0	-1	17	摇滚路障僵尸30	3
4050088	7120530	1	-1	-1	-1	0	-1	21	摇滚录音机僵尸30	2
4050088	7120530	2	-1	-1	-1	0	-1	22	摇滚录音机僵尸30	2
4050088	7120530	3	-1	-1	-1	0	-1	23	摇滚录音机僵尸30	2
4050089	7120330	1	-1	-1	-1	0	-1	15	摇滚路障僵尸30	3
4050089	7120330	2	-1	-1	-1	0	-1	17	摇滚路障僵尸30	3
4050089	7120430	3	-1	-1	-1	0	-1	19	摇滚铁桶僵尸30	3
4050089	7120530	5	-1	-1	-1	0	-1	21	摇滚录音机僵尸30	2
4050089	7120530	5	-1	-1	-1	0	-1	23	摇滚录音机僵尸30	2
4050089	7120530	5	-1	-1	-1	0	-1	25	摇滚录音机僵尸30	2
4050090	9012053	3	-1	-1	-1	0	1	-1	30僵尸博士大格	6
4050090	7120530	7	-1	-1	-1	0	1	24	摇滚录音机僵尸30	2
4050090	7120530	8	-1	-1	-1	0	1	26	摇滚录音机僵尸30	2
4050090	7120530	9	-1	-1	-1	0	1	28	摇滚录音机僵尸30	2
										
										
										
4040091	802	1	-1	-1	-1	0	-1	12	普通僵尸	
4040091	802	2	-1	-1	-1	0	-1	10	普通僵尸	
4040091	802	3	-1	-1	-1	0	-1	14	普通僵尸	
4040091	802	4	-1	-1	-1	0	-1	18	普通僵尸	
4040091	802	5	-1	-1	-1	0	-1	22	普通僵尸	
4040091	802	6	-1	-1	-1	0	-1	20	普通僵尸	
4040092	802	1	-1	-1	-1	0	-1	12	普通僵尸	
4040092	802	2	-1	-1	-1	0	-1	10	普通僵尸	
4040092	802	3	-1	-1	-1	0	-1	14	普通僵尸	
4040092	802	4	-1	-1	-1	0	-1	18	普通僵尸	
4040092	802	5	-1	-1	-1	0	-1	22	普通僵尸	
4040092	802	6	-1	-1	-1	0	-1	20	普通僵尸	
4040093	802	1	-1	-1	-1	0	-1	12	普通僵尸	
4040093	802	2	-1	-1	-1	0	-1	10	普通僵尸	
4040093	802	3	-1	-1	-1	0	-1	14	普通僵尸	
4040093	802	4	-1	-1	-1	0	-1	18	普通僵尸	
4040093	802	5	-1	-1	-1	0	-1	22	普通僵尸	
4040093	802	6	-1	-1	-1	0	1	-1	普通僵尸	
4040094	808	1	-1	-1	-1	0	-1	12	撑杆僵尸	
4040094	808	2	-1	-1	-1	0	-1	10	普通僵尸	
4040094	808	3	-1	-1	-1	0	-1	14	普通僵尸	
4040094	808	4	-1	-1	-1	0	-1	18	普通僵尸	
4040094	802	5	-1	-1	-1	0	-1	22	普通僵尸	
4040094	808	6	-1	-1	-1	0	-1	20	普通僵尸	
4040095	808	1	-1	-1	-1	0	-1	12	普通僵尸	
4040095	808	2	-1	-1	-1	0	-1	10	普通僵尸	
4040095	802	3	-1	-1	-1	0	-1	14	普通僵尸	
4040095	808	4	-1	-1	-1	0	-1	18	普通僵尸	
4040095	802	5	-1	-1	-1	0	-1	22	普通僵尸	
4040095	802	6	-1	-1	-1	0	-1	20	普通僵尸	
4040096	808	1	-1	-1	-1	0	-1	12	普通僵尸	
4040096	802	2	-1	-1	-1	0	-1	10	普通僵尸	
4040096	808	3	-1	-1	-1	0	-1	14	普通僵尸	
4040096	802	4	-1	-1	-1	0	-1	18	普通僵尸	
4040096	808	5	-1	-1	-1	0	-1	22	普通僵尸	
4040096	802	6	-1	-1	-1	0	1	-1	普通僵尸	
4040097	808	1	-1	-1	-1	0	-1	12	普通僵尸	
4040097	808	2	-1	-1	-1	0	-1	10	普通僵尸	
4040097	802	3	-1	-1	-1	0	-1	14	普通僵尸	
4040097	808	4	-1	-1	-1	0	-1	18	普通僵尸	
4040097	802	5	-1	-1	-1	0	-1	22	普通僵尸	
4040097	802	6	-1	-1	-1	0	-1	20	普通僵尸	
4040098	808	1	-1	-1	-1	0	-1	12	普通僵尸	
4040098	802	2	-1	-1	-1	0	-1	10	普通僵尸	
4040098	802	3	-1	-1	-1	0	-1	14	普通僵尸	
4040098	808	4	-1	-1	-1	0	-1	18	普通僵尸	
4040098	802	5	-1	-1	-1	0	-1	22	普通僵尸	
4040098	808	6	-1	-1	-1	0	-1	20	普通僵尸	
4040099	808	1	-1	-1	-1	0	-1	12	普通僵尸	
4040099	802	2	-1	-1	-1	0	-1	10	普通僵尸	
4040099	802	3	-1	-1	-1	0	-1	14	普通僵尸	
4040099	808	4	-1	-1	-1	0	-1	18	普通僵尸	
4040099	802	5	-1	-1	-1	0	-1	22	普通僵尸	
4040099	802	6	-1	-1	-1	0	1	-1	普通僵尸	
4040100	802	1	-1	-1	-1	0	-1	12	普通僵尸	
4040100	808	2	-1	-1	-1	0	-1	10	普通僵尸	
4040100	802	3	-1	-1	-1	0	-1	14	普通僵尸	
4040100	802	4	-1	-1	-1	0	-1	18	普通僵尸	
4040100	802	5	-1	-1	-1	0	-1	22	普通僵尸	
4040100	802	6	-1	-1	-1	0	-1	20	普通僵尸	
4040101	802	1	-1	-1	-1	0	-1	12	普通僵尸	
4040101	802	2	-1	-1	-1	0	-1	10	普通僵尸	
4040101	802	3	-1	-1	-1	0	-1	14	普通僵尸	
4040101	802	4	-1	-1	-1	0	-1	18	普通僵尸	
4040101	802	5	-1	-1	-1	0	-1	22	普通僵尸	
4040101	802	6	-1	-1	-1	0	-1	20	普通僵尸	
4040102	802	1	-1	-1	-1	0	-1	12	普通僵尸	
4040102	802	2	-1	-1	-1	0	-1	10	普通僵尸	
4040102	802	3	-1	-1	-1	0	-1	14	普通僵尸	
4040102	802	4	-1	-1	-1	0	-1	18	普通僵尸	
4040102	802	5	-1	-1	-1	0	-1	22	普通僵尸	
4040102	802	6	-1	-1	-1	0	1	-1	普通僵尸	
4040103	802	1	-1	-1	-1	0	-1	12	普通僵尸	
4040103	802	2	-1	-1	-1	0	-1	10	普通僵尸	
4040103	802	3	-1	-1	-1	0	-1	14	普通僵尸	
4040103	802	4	-1	-1	-1	0	-1	18	普通僵尸	
4040103	802	5	-1	-1	-1	0	-1	22	普通僵尸	
4040103	802	6	-1	-1	-1	0	-1	20	普通僵尸	
4040104	802	1	-1	-1	-1	0	-1	12	普通僵尸	
4040104	802	2	-1	-1	-1	0	-1	10	普通僵尸	
4040104	802	3	-1	-1	-1	0	-1	14	普通僵尸	
4040104	802	4	-1	-1	-1	0	-1	18	普通僵尸	
4040104	802	5	-1	-1	-1	0	-1	22	普通僵尸	
4040104	802	6	-1	-1	-1	0	-1	20	普通僵尸	
4040105	802	1	-1	-1	-1	0	-1	12	普通僵尸	
4040105	802	2	-1	-1	-1	0	-1	10	普通僵尸	
4040105	802	3	-1	-1	-1	0	-1	14	普通僵尸	
4040105	802	4	-1	-1	-1	0	-1	18	普通僵尸	
4040105	802	5	-1	-1	-1	0	-1	22	普通僵尸	
4040105	802	6	-1	-1	-1	0	1	-1	普通僵尸	
4040106	802	1	-1	-1	-1	0	-1	12	普通僵尸	
4040106	802	2	-1	-1	-1	0	-1	10	普通僵尸	
4040106	802	3	-1	-1	-1	0	-1	14	普通僵尸	
4040106	802	4	-1	-1	-1	0	-1	18	普通僵尸	
4040106	802	5	-1	-1	-1	0	-1	22	普通僵尸	
4040106	802	6	-1	-1	-1	0	-1	20	普通僵尸	
4040107	802	1	-1	-1	-1	0	-1	12	普通僵尸	
4040107	802	2	-1	-1	-1	0	-1	10	普通僵尸	
4040107	802	3	-1	-1	-1	0	-1	14	普通僵尸	
4040107	802	4	-1	-1	-1	0	-1	18	普通僵尸	
4040107	802	5	-1	-1	-1	0	-1	22	普通僵尸	
4040107	802	6	-1	-1	-1	0	-1	20	普通僵尸	
4040108	802	1	-1	-1	-1	0	-1	12	普通僵尸	
4040108	802	2	-1	-1	-1	0	-1	10	普通僵尸	
4040108	802	3	-1	-1	-1	0	-1	14	普通僵尸	
4040108	802	4	-1	-1	-1	0	-1	18	普通僵尸	
4040108	802	5	-1	-1	-1	0	-1	22	普通僵尸	
4040108	802	6	-1	-1	-1	0	1	-1	普通僵尸	
4040109	802	1	-1	-1	-1	0	-1	12	普通僵尸	
4040109	802	2	-1	-1	-1	0	-1	10	普通僵尸	
4040109	802	3	-1	-1	-1	0	-1	14	普通僵尸	
4040109	802	4	-1	-1	-1	0	-1	18	普通僵尸	
4040109	802	5	-1	-1	-1	0	-1	22	普通僵尸	
4040109	802	6	-1	-1	-1	0	-1	20	普通僵尸	
4040110	802	1	-1	-1	-1	0	-1	12	普通僵尸	
4040110	802	2	-1	-1	-1	0	-1	10	普通僵尸	
4040110	802	3	-1	-1	-1	0	-1	14	普通僵尸	
4040110	802	4	-1	-1	-1	0	-1	18	普通僵尸	
4040110	802	5	-1	-1	-1	0	-1	22	普通僵尸	
4040110	802	6	-1	-1	-1	0	-1	20	普通僵尸	
4040111	802	1	-1	-1	-1	0	-1	12	普通僵尸	
4040111	802	2	-1	-1	-1	0	-1	10	普通僵尸	
4040111	802	3	-1	-1	-1	0	-1	14	普通僵尸	
4040111	802	4	-1	-1	-1	0	-1	18	普通僵尸	
4040111	802	5	-1	-1	-1	0	-1	22	普通僵尸	
4040111	802	6	-1	-1	-1	0	1	-1	普通僵尸	
4040112	802	1	-1	-1	-1	0	-1	12	普通僵尸	
4040112	802	2	-1	-1	-1	0	-1	10	普通僵尸	
4040112	802	3	-1	-1	-1	0	-1	14	普通僵尸	
4040112	802	4	-1	-1	-1	0	-1	18	普通僵尸	
4040112	802	5	-1	-1	-1	0	-1	22	普通僵尸	
4040112	802	6	-1	-1	-1	0	-1	20	普通僵尸	
4040113	802	1	-1	-1	-1	0	-1	12	普通僵尸	
4040113	802	2	-1	-1	-1	0	-1	10	普通僵尸	
4040113	802	3	-1	-1	-1	0	-1	14	普通僵尸	
4040113	802	4	-1	-1	-1	0	-1	18	普通僵尸	
4040113	802	5	-1	-1	-1	0	-1	22	普通僵尸	
4040113	802	6	-1	-1	-1	0	-1	20	普通僵尸	
4040114	802	1	-1	-1	-1	0	-1	12	普通僵尸	
4040114	802	2	-1	-1	-1	0	-1	10	普通僵尸	
4040114	802	3	-1	-1	-1	0	-1	14	普通僵尸	
4040114	802	4	-1	-1	-1	0	-1	18	普通僵尸	
4040114	802	5	-1	-1	-1	0	-1	22	普通僵尸	
4040114	802	6	-1	-1	-1	0	1	-1	普通僵尸	
4040115	802	1	-1	-1	-1	0	-1	12	普通僵尸	
4040115	802	2	-1	-1	-1	0	-1	10	普通僵尸	
4040115	802	3	-1	-1	-1	0	-1	14	普通僵尸	
4040115	802	4	-1	-1	-1	0	-1	18	普通僵尸	
4040115	802	5	-1	-1	-1	0	-1	22	普通僵尸	
4040115	802	6	-1	-1	-1	0	-1	20	普通僵尸	
4040116	802	1	-1	-1	-1	0	-1	12	普通僵尸	
4040116	802	2	-1	-1	-1	0	-1	10	普通僵尸	
4040116	802	3	-1	-1	-1	0	-1	14	普通僵尸	
4040116	802	4	-1	-1	-1	0	-1	18	普通僵尸	
4040116	802	5	-1	-1	-1	0	-1	22	普通僵尸	
4040116	802	6	-1	-1	-1	0	-1	20	普通僵尸	
4040117	802	1	-1	-1	-1	0	-1	12	普通僵尸	
4040117	802	2	-1	-1	-1	0	-1	10	普通僵尸	
4040117	802	3	-1	-1	-1	0	-1	14	普通僵尸	
4040117	802	4	-1	-1	-1	0	-1	18	普通僵尸	
4040117	802	5	-1	-1	-1	0	-1	22	普通僵尸	
4040117	802	6	-1	-1	-1	0	1	-1	普通僵尸	
										
										
9000001	17010101	2	-1	-1	-1	0	-1	16	普通僵尸1	1
9000001	17010101	5	-1	-1	-1	0	-1	22	普通僵尸1	1
9000001	17010101	8	-1	-1	-1	0	-1	28	普通僵尸1	1
9000001	18010001	11	-1	-1	-1	0	-1	-1	1撑杆BOSS无	5
										
9000004	17010102	1	-1	-1	-1	0	-1	15	普通僵尸2	1
9000004	17010202	2	-1	-1	-1	0	-1	16	旗帜僵尸2	1
9000004	17010102	3	-1	-1	-1	0	-1	17	普通僵尸2	1
9000004	17010202	5	-1	-1	-1	0	-1	22	旗帜僵尸2	1
9000004	17010501	7	-1	-1	-1	0	-1	-1	撑杆僵尸1	2
9000004	18010002	8	-1	-1	-1	0	-1	-1	2路障BOSS无	5
9000004	17010501	9	-1	-1	-1	0	-1	-1	撑杆僵尸1	2
										
9000007	17010103	1	-1	-1	-1	0	-1	15	普通僵尸3	1
9000007	17010101	11	-1	-1	-1	0	-1	16	普通僵尸1	1
9000007	17010103	3	-1	-1	-1	0	-1	17	普通僵尸3	1
9000007	17010503	4	-1	-1	-1	0	-1	-1	撑杆僵尸3	2
9000007	17010201	2	-1	-1	-1	0	-1	22	旗帜僵尸1	1
9000007	17010503	6	-1	-1	-1	0	-1	-1	撑杆僵尸3	2
9000007	18010001	5	-1	-1	-1	0	-1	-1	1撑杆BOSS无	5
										
9000010	17010104	1	-1	-1	-1	0	-1	15	普通僵尸4	1
9000010	17010104	2	-1	-1	-1	0	-1	16	普通僵尸4	1
9000010	17010104	3	-1	-1	-1	0	-1	17	普通僵尸4	1
9000010	17010504	4	-1	-1	-1	0	-1	-1	撑杆僵尸4	2
9000010	17010504	6	-1	-1	-1	0	-1	-1	撑杆僵尸4	2
9000010	18010004	5	-1	-1	-1	0	-1	-1	4橄榄球BOSS	5
										
9000013	17010105	1	-1	-1	-1	0	-1	15	普通僵尸5	1
9000013	17010305	2	-1	-1	-1	0	-1	16	路障僵尸5	3
9000013	17010105	3	-1	-1	-1	0	-1	17	普通僵尸5	1
9000013	17010605	5	-1	-1	-1	0	-1	22	橄榄球僵尸5	2
9000014	10008801	3	-1	-1	-1	0	1	-1	5雪人僵尸BOSS	6
										
9000016	17010306	1	-1	-1	-1	0	-1	15	路障僵尸6	3
9000016	17010306	2	-1	-1	-1	0	-1	16	铁桶僵尸6	3
9000016	17010306	3	-1	-1	-1	0	-1	17	路障僵尸6	3
9000016	17010506	5	-1	-1	-1	0	-1	28	撑杆僵尸6	2
9000017	17010306	1	-1	-1	-1	0	-1	18	路障僵尸6	3
9000017	18010005	2	-1	-1	-1	0	-1	22	6路障BOSS	5
9000017	17010306	3	-1	-1	-1	0	-1	20	路障僵尸6	3
9000017	17010606	5	-1	-1	-1	0	-1	-1	橄榄球僵尸6	2
										
9000019	17010307	1	-1	-1	-1	0	-1	15	路障僵尸7	3
9000019	17010307	2	-1	-1	-1	0	-1	16	铁桶僵尸7	3
9000019	17010307	3	-1	-1	-1	0	-1	17	路障僵尸7	3
9000019	17010507	5	-1	-1	-1	0	-1	28	撑杆僵尸7	2
9000020	17010307	1	-1	-1	-1	0	-1	18	铁桶僵尸7	3
9000020	18010006	2	-1	-1	-1	0	-1	22	7旗帜BOSS	5
9000020	17010307	3	-1	-1	-1	0	-1	20	路障僵尸7	3
9000020	17010507	5	-1	-1	-1	0	-1	-1	撑杆僵尸7	2
										
9000022	17010308	1	-1	-1	-1	0	-1	18	路障僵尸8	3
9000022	17010308	2	-1	-1	-1	0	-1	16	铁桶僵尸8	3
9000022	17010308	3	-1	-1	-1	0	-1	20	路障僵尸8	3
9000022	17010508	5	-1	-1	-1	0	-1	22	撑杆僵尸8	2
9000023	17010308	1	-1	-1	-1	0	-1	18	铁桶僵尸8	3
9000023	17010308	2	-1	-1	-1	0	-1	20	铁桶僵尸8	3
9000023	17010308	3	-1	-1	-1	0	-1	16	路障僵尸8	3
9000023	18010007	5	-1	-1	-1	0	-1	-1	8撑杆BOSS	5
										
9000025	17010309	1	-1	-1	-1	0	-1	18	路障僵尸9	3
9000025	17010309	2	-1	-1	-1	0	-1	16	铁桶僵尸9	3
9000025	17010309	3	-1	-1	-1	0	-1	20	路障僵尸9	3
9000025	17010609	5	-1	-1	-1	0	-1	22	橄榄球僵尸9	2
9000026	17010309	1	-1	-1	-1	0	-1	18	铁桶僵尸9	3
9000026	17010309	2	-1	-1	-1	0	-1	20	铁桶僵尸9	3
9000026	17010309	3	-1	-1	-1	0	-1	16	路障僵尸9	3
9000026	18010008	5	-1	-1	-1	0	-1	-1	9橄榄球BOSS	5
										
9000028	17010105	1	-1	-1	-1	0	-1	15	普通僵尸5	1
9000028	17010305	2	-1	-1	-1	0	-1	16	路障僵尸5	3
9000028	17010105	3	-1	-1	-1	0	-1	17	普通僵尸5	1
9000028	17010105	4	-1	-1	-1	0	-1	21	普通僵尸5	1
9000028	17010605	5	-1	-1	-1	0	-1	22	橄榄球僵尸5	2
9000028	17010105	6	-1	-1	-1	0	-1	23	普通僵尸5	1
9000029	19010002	3	-1	-1	-1	0	1	-1	10司机大格BOSS	6
										
9010001	17020101	1	-1	-1	-1	0	-1	16	普通原始人1	1
9010001	17020101	2	-1	-1	-1	0	-1	18	普通原始人1	1
9010001	17020101	3	-1	-1	-1	0	-1	20	普通原始人1	1
9010001	17020601	5	-1	-1	-1	0	-1	22	弹弓原始人1	2
9010002	17020101	1	-1	-1	-1	0	-1	16	普通原始人1	1
9010002	18010009	2	-1	-1	-1	0	-1	22	1路障原始人BOSS	5
9010002	17020101	3	-1	-1	-1	0	-1	18	普通原始人1	1
9010002	17020501	5	-1	-1	-1	0	-1	20	木棍原始人1	3
9010002	17020601	8	-1	-1	-1	0	-1	-1	弹弓原始人1	2
										
9010004	17020502	4	-1	-1	-1	0	-1	16	木棍原始人2	3
9010004	17020102	2	-1	-1	-1	0	-1	18	普通原始人2	1
9010004	17020102	3	-1	-1	-1	0	-1	20	普通原始人2	1
9010004	17020602	5	-1	-1	-1	0	-1	22	弹弓原始人2	2
9010005	17020202	1	-1	-1	-1	0	-1	16	路障原始人2	3
9010005	18010010	2	-1	-1	-1	0	-1	22	2面具原始人BOSS	5
9010005	17020502	4	-1	-1	-1	0	-1	18	木棍原始人2	3
9010005	17020502	6	-1	-1	-1	0	-1	20	木棍原始人2	3
9010005	17020602	5	-1	-1	-1	0	-1	-1	弹弓原始人2	2
										
9010007	17020203	2	-1	-1	-1	0	-1	15	路障原始人3	3
9010007	17020103	3	-1	-1	-1	0	-1	16	普通原始人3	1
9010007	17020503	4	-1	-1	-1	0	-1	17	木棍原始人3	3
9010007	17020603	5	-1	-1	-1	0	-1	22	弹弓原始人3	2
9010008	17020203	2	-1	-1	-1	0	-1	15	路障原始人3	3
9010008	17020103	3	-1	-1	-1	0	-1	16	普通原始人3	1
9010008	17020503	4	-1	-1	-1	0	-1	17	木棍原始人3	3
9010008	17020703	5	-1	-1	-1	0	-1	22	蜂窝原始人3	4
9010008	18010011	8	-1	-1	-1	0	-1	-1	3弹弓原始人BOSS	5
										
9010010	17020104	3	-1	-1	-1	0	-1	16	普通原始人4	1
9010010	17020504	4	-1	-1	-1	0	-1	17	木棍原始人4	3
9010010	17020604	5	-1	-1	-1	0	-1	22	弹弓原始人4	2
9010010	17020404	6	-1	-1	-1	0	-1	15	面具原始人4	3
9010011	17020104	1	-1	-1	-1	0	-1	16	普通原始人4	1
9010011	18010012	2	-1	-1	-1	0	-1	22	4木棍原始人BOSS	5
9010011	17020504	4	-1	-1	-1	0	-1	15	木棍原始人4	3
9010011	17020504	5	-1	-1	-1	0	-1	17	木棍原始人4	3
9010011	17020704	8	-1	-1	-1	0	-1	-1	蜂窝原始人4	4
										
9010013	17020505	1	-1	-1	-1	0	-1	16	木棍原始人5	3
9010013	17020405	2	-1	-1	-1	0	-1	17	面具原始人5	3
9010013	17020405	3	-1	-1	-1	0	-1	15	面具原始人5	3
9010013	17020605	5	-1	-1	-1	0	-1	22	弹弓原始人5	2
9010014	17020605	1	-1	-1	-1	0	1	28	弹弓原始人5	2
9010014	19010003	3	-1	-1	-1	0	1	-1	5骑鸟僵尸大格	6
										
9010016	17020206	1	-1	-1	-1	0	-1	18	路障原始人6	3
9010016	17020106	2	-1	-1	-1	0	-1	13	普通原始人6	1
9010016	17020206	3	-1	-1	-1	0	-1	19	路障原始人6	3
9010016	17020606	5	-1	-1	-1	0	-1	20	弹弓原始人6	2
9010017	17020206	1	-1	-1	-1	0	-1	15	路障原始人6	3
9010017	17020206	2	-1	-1	-1	0	-1	16	铁桶原始人6	3
9010017	17020206	3	-1	-1	-1	0	-1	17	路障原始人6	3
9010017	17020606	4	-1	-1	-1	0	-1	22	弹弓原始人6	2
9010017	18010013	5	-1	-1	-1	0	-1	-1	6蜂窝原始人BOSS	5
										
9010019	17020207	1	-1	-1	-1	0	-1	19	路障原始人7	3
9010019	17020507	2	-1	-1	-1	0	-1	13	木棍原始人7	3
9010019	17020407	3	-1	-1	-1	0	-1	18	面具原始人7	3
9010019	17020607	5	-1	-1	-1	0	-1	20	弹弓原始人7	2
9010020	17020607	1	-1	-1	-1	0	-1	15	铁桶原始人7	3
9010020	17020207	3	-1	-1	-1	0	-1	16	路障原始人7	3
9010020	18010014	2	-1	-1	-1	0	-1	22	7路障原始人BOSS	5
9010020	17020407	4	-1	-1	-1	0	-1	17	面具原始人7	3
9010020	17020607	5	-1	-1	-1	0	-1	-1	弹弓原始人7	2
										
9010022	17020208	1	-1	-1	-1	0	-1	15	路障原始人8	3
9010022	17020208	2	-1	-1	-1	0	-1	16	铁桶原始人8	3
9010022	17020508	3	-1	-1	-1	0	-1	17	木棍原始人8	3
9010022	17020608	5	-1	-1	-1	0	-1	22	弹弓原始人8	2
9010023	17020208	1	-1	-1	-1	0	-1	17	路障原始人8	3
9010023	18010015	2	-1	-1	-1	0	-1	19	8面具原始人BOSS	5
9010023	17020208	3	-1	-1	-1	0	-1	15	铁桶原始人8	3
9010023	17020608	5	-1	-1	-1	0	-1	-1	弹弓原始人8	2
9010023	17020108	4	-1	-1	-1	0	-1	21	普通原始人8	1
9010023	17020108	6	-1	-1	-1	0	-1	23	普通原始人8	1
										
9010025	17020208	1	-1	-1	-1	0	-1	15	路障原始人8	3
9010025	17020208	2	-1	-1	-1	0	-1	16	铁桶原始人8	3
9010025	17020508	3	-1	-1	-1	0	-1	17	木棍原始人8	3
9010025	17020608	5	-1	-1	-1	0	-1	22	弹弓原始人8	2
9010026	17020208	1	-1	-1	-1	0	-1	15	路障原始人9	3
9010026	17020409	2	-1	-1	-1	0	-1	16	面具原始人9	3
9010026	17020208	3	-1	-1	-1	0	-1	17	路障原始人9	3
9010026	17020603	4	-1	-1	-1	0	-1	21	弹弓原始人3	1
9010026	17020509	5	-1	-1	-1	0	-1	22	木棍原始人9	3
9010026	17020603	6	-1	-1	-1	0	-1	23	弹弓原始人3	2
9010026	18010016	8	-1	-1	-1	0	-1	-1	9弹弓原始人BOSS	5
										
9010028	17020410	1	-1	-1	-1	0	-1	15	面具原始人10	3
9010028	17020210	2	-1	-1	-1	0	-1	17	路障原始人10	3
9010028	17020510	3	-1	-1	-1	0	-1	16	木棍原始人10	3
9010028	17020710	5	-1	-1	-1	0	-1	22	蜂窝原始人10	4
9010029	17020610	2	-1	-1	-1	0	1	28	弹弓原始人10	2
9010029	19010004	3	-1	-1	-1	0	1	-1	10蜗牛僵尸大格	6
										
9010031	17020411	1	-1	-1	-1	0	-1	16	面具原始人11	3
9010031	17020511	2	-1	-1	-1	0	-1	18	木棍原始人11	3
9010031	17020211	3	-1	-1	-1	0	-1	20	路障原始人11	3
9010031	17020611	4	-1	-1	-1	0	-1	22	弹弓原始人11	2
9010032	17020211	1	-1	-1	-1	0	-1	18	铁桶原始人11	3
9010032	18010017	2	-1	-1	-1	0	-1	22	11木棍原始人BOSS	5
9010032	17020211	3	-1	-1	-1	0	-1	20	路障原始人11	3
9010032	17020411	6	-1	-1	-1	0	-1	16	面具原始人11	3
9010032	17020611	5	-1	-1	-1	0	-1	-1	弹弓原始人11	2
										
9010034	17020212	1	-1	-1	-1	0	-1	16	路障原始人12	3
9010034	17020412	2	-1	-1	-1	0	-1	18	面具原始人12	3
9010034	17020212	3	-1	-1	-1	0	-1	20	铁桶原始人12	3
9010034	17020612	6	-1	-1	-1	0	-1	22	弹弓原始人12	2
9010035	17020212	1	-1	-1	-1	0	-1	20	路障原始人12	3
9010035	17020212	2	-1	-1	-1	0	-1	16	路障原始人12	3
9010035	17020512	3	-1	-1	-1	0	-1	18	木棍原始人12	3
9010035	17020612	4	-1	-1	-1	0	-1	22	弹弓原始人12	2
9010035	18010018	5	-1	-1	-1	0	-1	-1	12蜂窝原始人BOSS	5
										
9010037	17020213	1	-1	-1	-1	0	-1	18	路障原始人13	3
9010037	17020513	2	-1	-1	-1	0	-1	16	木棍原始人13	3
9010037	17020213	3	-1	-1	-1	0	-1	20	路障原始人13	3
9010037	17020613	5	-1	-1	-1	0	-1	22	弹弓原始人13	2
9010038	17020213	1	-1	-1	-1	0	-1	20	路障原始人13	3
9010038	18010019	2	-1	-1	-1	0	-1	22	13路障原始人BOSS	5
9010038	17020213	3	-1	-1	-1	0	-1	18	路障原始人13	3
9010038	17020513	4	-1	-1	-1	0	-1	16	木棍原始人13	3
9010038	17020613	5	-1	-1	-1	0	-1	-1	弹弓原始人13	2
										
9010040	17020214	1	-1	-1	-1	0	-1	15	路障原始人14	3
9010040	17020414	2	-1	-1	-1	0	-1	16	面具原始人14	3
9010040	17020214	3	-1	-1	-1	0	-1	17	铁桶原始人14	3
9010040	17020614	3	-1	-1	-1	0	-1	22	弹弓原始人14	2
9010041	17020208	1	-1	-1	-1	0	-1	15	路障原始人8	3
9010041	18010020	2	-1	-1	-1	0	-1	22	14面具原始人BOSS	5
9010041	17020508	3	-1	-1	-1	0	-1	16	木棍原始人8	3
9010041	17020214	4	-1	-1	-1	0	-1	17	铁桶原始人14	3
9010041	17020614	5	-1	-1	-1	0	-1	-1	弹弓原始人14	2
9010041	17020614	6	-1	-1	-1	0	-1	25	弹弓原始人14	2
										
9010043	17020215	1	-1	-1	-1	0	-1	15	铁桶原始人15	3
9010043	17020215	2	-1	-1	-1	0	-1	17	路障原始人15	3
9010043	17020415	3	-1	-1	-1	0	-1	16	面具原始人15	3
9010043	17020615	4	-1	-1	-1	0	-1	22	弹弓原始人15	2
9010044	17020615	1	-1	-1	-1	0	1	28	弹弓原始人15	2
9010044	19010005	3	-1	-1	-1	0	1	-1	15力士僵尸大格	6
										
9010046	17020516	1	-1	-1	-1	0	-1	13	木棍原始人16	3
9010046	17020216	2	-1	-1	-1	0	-1	18	路障原始人16	3
9010046	17020216	3	-1	-1	-1	0	-1	20	路障原始人16	3
9010046	17020616	4	-1	-1	-1	0	-1	19	弹弓原始人16	2
9010047	17020216	1	-1	-1	-1	0	-1	13	路障原始人16	3
9010047	17020216	2	-1	-1	-1	0	-1	18	路障原始人16	3
9010047	17020516	3	-1	-1	-1	0	-1	20	木棍原始人16	3
9010047	17020616	4	-1	-1	-1	0	-1	19	弹弓原始人16	2
9010047	18010021	5	-1	-1	-1	0	-1	-1	16弹弓原始人BOSS	5
										
9010049	17020217	1	-1	-1	-1	0	-1	13	路障原始人17	3
9010049	17020217	2	-1	-1	-1	0	-1	18	铁桶原始人17	3
9010049	17020417	3	-1	-1	-1	0	-1	20	面具原始人17	3
9010049	17020617	4	-1	-1	-1	0	-1	19	弹弓原始人17	2
9010050	17020217	1	-1	-1	-1	0	-1	13	路障原始人17	3
9010050	18010022	2	-1	-1	-1	0	-1	19	17木棍原始人BOSS	5
9010050	17020217	3	-1	-1	-1	0	-1	18	路障原始人17	3
9010050	17020517	4	-1	-1	-1	0	-1	20	木棍原始人17	3
9010050	17020617	5	-1	-1	-1	0	-1	-1	弹弓原始人17	2
										
9010052	17020118	1	-1	-1	-1	0	-1	15	普通原始人18	1
9010052	17020118	2	-1	-1	-1	0	-1	17	普通原始人18	1
9010052	17020218	3	-1	-1	-1	0	-1	16	路障原始人18	3
9010052	17020618	5	-1	-1	-1	0	-1	22	弹弓原始人18	2
9010052	17020616	6	-1	-1	-1	0	-1	21	弹弓原始人16	2
9010052	17020616	6	-1	-1	-1	0	-1	23	弹弓原始人16	2
9010053	17020218	1	-1	-1	-1	0	-1	15	路障原始人16	3
9010053	17020218	2	-1	-1	-1	0	-1	16	路障原始人18	3
9010053	17020518	3	-1	-1	-1	0	-1	17	木棍原始人18	3
9010053	17020618	4	-1	-1	-1	0	-1	22	弹弓原始人18	2
9010053	18010023	5	-1	-1	-1	0	-1	-1	18蜂窝原始人BOSS	5
										
9010055	17020116	1	-1	-1	-1	0	-1	15	普通原始人16	1
9010055	17020116	2	-1	-1	-1	0	-1	17	普通原始人16	1
9010055	17020519	3	-1	-1	-1	0	-1	19	木棍原始人19	3
9010055	17020619	4	-1	-1	-1	0	-1	22	弹弓原始人19	2
9010055	17020612	5	-1	-1	-1	0	-1	21	弹弓原始人12	2
9010055	17020612	6	-1	-1	-1	0	-1	23	弹弓原始人12	2
9010056	17020212	1	-1	-1	-1	0	-1	15	路障原始人12	3
9010056	17020212	2	-1	-1	-1	0	-1	17	铁桶原始人12	3
9010056	17020219	3	-1	-1	-1	0	-1	16	路障原始人19	3
9010056	17020612	4	-1	-1	-1	0	-1	21	弹弓原始人12	2
9010056	18010024	5	-1	-1	-1	0	-1	-1	19蜂窝原始人BOSS	5
9010056	17020612	6	-1	-1	-1	0	-1	23	弹弓原始人12	2
										
9010058	17020420	1	-1	-1	-1	0	-1	15	面具原始人20	3
9010058	17020220	2	-1	-1	-1	0	-1	17	路障原始人20	3
9010058	17020520	3	-1	-1	-1	0	-1	16	木棍原始人20	3
9010058	17020620	4	-1	-1	-1	0	-1	21	弹弓原始人20	2
9010058	17020620	6	-1	-1	-1	0	-1	23	弹弓原始人20	2
9010059	17020620	1	-1	-1	-1	0	1	28	弹弓原始人20	2
9010059	19010006	3	-1	-1	-1	0	1	-1	20猛犸僵尸大格	6
										
9010061	17030201	1	-1	-1	-1	0	-1	15	长城旗帜1	1
9010061	17030301	2	-1	-1	-1	0	-1	16	长城路障1	3
9010061	17030101	3	-1	-1	-1	0	-1	17	长城普僵1	1
9010061	17030601	6	-1	-1	-1	0	-1	22	长城长矛1	2
9010062	18010025	2	-1	-1	-1	0	-1	22	1长城路障BOSS	5
9010062	17030501	3	-1	-1	-1	0	-1	15	长城大刀1	3
9010062	17030301	4	-1	-1	-1	0	-1	16	长城路障1	3
9010062	17030301	6	-1	-1	-1	0	-1	17	长城铁桶1	3
9010062	17030701	5	-1	-1	-1	0	-1	-1	长城投石车1	4
										
9010064	17030502	1	-1	-1	-1	0	-1	16	长城大刀2	3
9010064	17030202	2	-1	-1	-1	0	-1	15	长城旗帜2	1
9010064	17030102	3	-1	-1	-1	0	-1	17	长城普僵2	1
9010064	17030602	5	-1	-1	-1	0	-1	21	长城长矛2	2
9010064	17030602	5	-1	-1	-1	0	-1	23	长城长矛2	2
9010065	17030302	1	-1	-1	-1	0	-1	15	长城路障2	3
9010065	17030302	3	-1	-1	-1	0	-1	17	长城路障2	3
9010065	18010026	2	-1	-1	-1	0	-1	19	2长城大刀BOSS	5
9010065	17030602	4	-1	-1	-1	0	-1	21	长城长矛2	2
9010065	17030602	6	-1	-1	-1	0	-1	23	长城长矛2	2
9010065	17030702	5	-1	-1	-1	0	-1	-1	长城投石车2	4
										
9010067	17030303	1	-1	-1	-1	0	-1	15	长城铁桶3	3
9010067	17030103	2	-1	-1	-1	0	-1	17	长城普僵3	1
9010067	17030303	3	-1	-1	-1	0	-1	16	长城路障3	3
9010067	17030603	4	-1	-1	-1	0	-1	21	长城长矛3	2
9010067	17030603	5	-1	-1	-1	0	-1	23	长城长矛3	2
9010068	17030303	1	-1	-1	-1	0	-1	15	长城路障3	3
9010068	17030303	2	-1	-1	-1	0	-1	16	长城铁桶3	3
9010068	17030503	3	-1	-1	-1	0	-1	17	长城大刀3	3
9010068	17030703	4	-1	-1	-1	0	-1	22	长城投石车3	4
9010068	18010027	5	-1	-1	-1	0	-1	-1	3长城长矛BOSS	5
										
9010070	17030504	1	-1	-1	-1	0	-1	15	长城大刀4	3
9010070	17030304	2	-1	-1	-1	0	-1	16	长城路障4	3
9010070	17030504	3	-1	-1	-1	0	-1	17	长城大刀4	3
9010070	17030604	4	-1	-1	-1	0	-1	21	长城长矛4	2
9010070	17030604	5	-1	-1	-1	0	-1	23	长城长矛4	2
9010071	17030204	1	-1	-1	-1	0	-1	15	长城旗帜4	1
9010071	17030504	2	-1	-1	-1	0	-1	16	长城大刀4	3
9010071	17030504	3	-1	-1	-1	0	-1	17	长城铁桶4	3
9010071	17030604	4	-1	-1	-1	0	-1	21	长城长矛4	2
9010071	18010028	5	-1	-1	-1	0	-1	-1	4长城投石车BOSS	5
9010071	17030704	6	-1	-1	-1	0	-1	23	长城投石车4	4
										
9010073	17030305	1	-1	-1	-1	0	-1	15	长城路障5	3
9010073	17030505	2	-1	-1	-1	0	-1	16	长城大刀5	3
9010073	17030505	3	-1	-1	-1	0	-1	17	长城铁桶5	3
9010073	17030605	4	-1	-1	-1	0	-1	21	长城长矛5	2
9010073	17030605	5	-1	-1	-1	0	-1	23	长城长矛5	2
9010074	19010007	3	-1	-1	-1	0	1	-1	5长城大刀大格	6
9010074	17030705	5	-1	-1	-1	0	1	24	长城投石车5	4
9010074	17030705	6	-1	-1	-1	0	1	26	长城投石车5	4
										
9010076	17030206	1	-1	-1	-1	0	-1	15	长城旗帜6	1
9010076	17030206	2	-1	-1	-1	0	-1	17	长城旗帜6	1
9010076	17030506	4	-1	-1	-1	0	-1	19	长城大刀6	3
9010076	17030606	5	-1	-1	-1	0	-1	21	长城长矛6	2
9010076	17030606	6	-1	-1	-1	0	-1	23	长城长矛6	2
9010077	18010029	2	-1	-1	-1	0	-1	19	6灵符僵尸boss	5
9010077	17030306	7	-1	-1	-1	0	-1	15	长城路障6	3
9010077	17030506	3	-1	-1	-1	0	-1	17	长城大刀6	3
9010077	17030706	5	-1	-1	-1	0	-1	-1	长城投石车6	4
9010077	17030606	7	-1	-1	-1	0	-1	21	长城长矛6	2
9010077	17030606	6	-1	-1	-1	0	-1	23	长城长矛6	2
										
9010079	17030307	2	-1	-1	-1	0	-1	17	长城路障7	3
9010079	17030507	3	-1	-1	-1	0	-1	16	长城大刀7	3
9010079	17030507	4	-1	-1	-1	0	-1	15	长城大刀7	3
9010079	17030607	5	-1	-1	-1	0	-1	21	长城长矛7	2
9010079	17030607	5	-1	-1	-1	0	-1	22	长城长矛7	2
9010079	17030607	5	-1	-1	-1	0	-1	23	长城长矛7	2
9010080	18010030	2	-1	-1	-1	0	-1	22	7长城路障BOSS	5
9010080	17030507	3	-1	-1	-1	0	-1	15	长城大刀7	3
9010080	17030307	4	-1	-1	-1	0	-1	16	长城路障7	3
9010080	17030307	6	-1	-1	-1	0	-1	17	长城路障7	3
9010080	17030707	5	-1	-1	-1	0	-1	-1	长城投石车7	4
9010080	17030607	7	-1	-1	-1	0	-1	21	长城长矛7	2
9010080	17030607	8	-1	-1	-1	0	-1	23	长城长矛7	2
										
9010082	17030108	1	-1	-1	-1	0	-1	15	长城普僵8	1
9010082	17030508	2	-1	-1	-1	0	-1	16	长城大刀8	3
9010082	17030208	3	-1	-1	-1	0	-1	17	长城旗帜8	1
9010082	17030708	4	-1	-1	-1	0	-1	22	长城投石车8	4
9010082	17030608	5	-1	-1	-1	0	-1	21	长城长矛8	2
9010082	17030608	6	-1	-1	-1	0	-1	23	长城长矛8	2
9010083	17030308	1	-1	-1	-1	0	-1	15	长城路障8	3
9010083	18010031	2	-1	-1	-1	0	-1	22	8长城大刀BOSS	5
9010083	17030508	3	-1	-1	-1	0	-1	16	长城大刀8	3
9010083	17030508	3	-1	-1	-1	0	-1	17	长城大刀8	3
9010083	17030608	4	-1	-1	-1	0	-1	21	长城长矛8	2
9010083	17030608	6	-1	-1	-1	0	-1	23	长城长矛8	2
9010083	17030708	5	-1	-1	-1	0	-1	-1	长城投石车8	4
										
9010085	17030309	1	-1	-1	-1	0	-1	15	长城路障9	3
9010085	17030509	2	-1	-1	-1	0	-1	13	长城大刀9	3
9010085	17030609	5	-1	-1	-1	0	-1	21	长城长矛9	2
9010085	17030509	6	-1	-1	-1	0	-1	19	长城大刀9	3
9010085	17030509	6	-1	-1	-1	0	-1	17	长城大刀9	3
9010085	17030609	6	-1	-1	-1	0	-1	23	长城长矛9	2
9010086	17030309	1	-1	-1	-1	0	-1	13	长城路障9	3
9010086	17030409	8	-1	-1	-1	0	-1	15	长城铁桶9	3
9010086	17030509	3	-1	-1	-1	0	-1	17	长城大刀9	3
9010086	17030709	4	-1	-1	-1	0	-1	19	长城投石车9	4
9010086	17030609	5	-1	-1	-1	0	-1	21	长城长矛9	2
9010086	17030609	6	-1	-1	-1	0	-1	23	长城长矛9	2
9010086	18010032	2	-1	-1	-1	0	-1	-1	9长城长矛BOSS	5
										
9010088	17030210	1	-1	-1	-1	0	-1	13	长城旗帜10	1
9010088	17030510	2	-1	-1	-1	0	-1	15	长城大刀10	3
9010088	17030310	3	-1	-1	-1	0	-1	17	长城路障10	3
9010088	17030710	4	-1	-1	-1	0	-1	19	长城投石车10	4
9010088	17030610	5	-1	-1	-1	0	-1	21	长城长矛10	2
9010088	17030610	6	-1	-1	-1	0	-1	23	长城长矛10	2
9010089	19010008	3	-1	-1	-1	0	1	-1	10长城投石车大格	6
9010089	17030610	5	-1	-1	-1	0	1	25	长城长矛10	2
9010089	17030610	6	-1	-1	-1	0	1	28	长城长矛10	2
										
9010091	17030311	1	-1	-1	-1	0	-1	13	长城路障11	3
9010091	17030311	3	-1	-1	-1	0	-1	15	长城路障11	3
9010091	17030611	4	-1	-1	-1	0	-1	19	长城长矛11	2
9010091	17030411	5	-1	-1	-1	0	-1	17	长城铁桶11	3
9010091	17030611	6	-1	-1	-1	0	-1	21	长城长矛11	2
9010091	17030611	7	-1	-1	-1	0	-1	23	长城长矛11	2
9010092	17030211	1	-1	-1	-1	0	-1	13	长城旗帜11	1
9010092	17030411	2	-1	-1	-1	0	-1	15	长城铁桶11	3
9010092	17030511	3	-1	-1	-1	0	-1	17	长城大刀11	3
9010092	17030611	4	-1	-1	-1	0	-1	21	长城长矛11	2
9010092	18010033	5	-1	-1	-1	0	-1	-1	11长城投石车BOSS	5
9010092	17030711	6	-1	-1	-1	0	-1	19	长城投石车11	4
9010092	17030611	4	-1	-1	-1	0	-1	23	长城长矛11	2
										
9010094	17030512	1	-1	-1	-1	0	-1	13	长城大刀12	3
9010094	17030612	2	-1	-1	-1	0	-1	19	长城长矛12	2
9010094	17030512	3	-1	-1	-1	0	-1	15	长城大刀12	3
9010094	17030512	5	-1	-1	-1	0	-1	17	长城大刀12	3
9010094	17030612	8	-1	-1	-1	0	-1	21	长城长矛12	2
9010094	17030612	8	-1	-1	-1	0	-1	23	长城长矛12	2
9010095	18010034	2	-1	-1	-1	0	-1	19	12灵符僵尸boss	5
9010095	17030312	7	-1	-1	-1	0	-1	13	长城路障12	3
9010095	17030412	3	-1	-1	-1	0	-1	15	长城铁桶12	3
9010095	17030512	8	-1	-1	-1	0	-1	17	长城大刀12	3
9010095	17030712	5	-1	-1	-1	0	-1	-1	长城投石车12	4
9010095	17030612	4	-1	-1	-1	0	-1	21	长城长矛12	2
9010095	17030612	6	-1	-1	-1	0	-1	23	长城长矛12	2
										
9010097	17030313	1	-1	-1	-1	0	-1	13	长城路障13	3
9010097	17030613	4	-1	-1	-1	0	-1	19	长城长矛13	2
9010097	17030513	5	-1	-1	-1	0	-1	17	长城大刀13	3
9010097	17030413	6	-1	-1	-1	0	-1	15	长城铁桶13	3
9010097	17030613	9	-1	-1	-1	0	-1	21	长城长矛13	2
9010097	17030613	2	-1	-1	-1	0	-1	23	长城长矛13	2
9010098	18010035	2	-1	-1	-1	0	-1	19	13长城路障BOSS	5
9010098	17030513	7	-1	-1	-1	0	-1	13	长城大刀13	3
9010098	17030313	3	-1	-1	-1	0	-1	15	长城路障13	3
9010098	17030413	8	-1	-1	-1	0	-1	17	长城铁桶13	
9010098	17030613	6	-1	-1	-1	0	-1	21	长城长矛13	
9010098	17030713	5	-1	-1	-1	0	-1	-1	长城投石车13	4
9010098	17030613	4	-1	-1	-1	0	-1	23	长城长矛13	2
										
9010100	17030514	2	-1	-1	-1	0	-1	13	长城大刀14	3
9010100	17030514	4	-1	-1	-1	0	-1	15	长城大刀14	3
9010100	17030514	6	-1	-1	-1	0	-1	17	长城大刀14	3
9010100	17030614	2	-1	-1	-1	0	-1	19	长城长矛14	
9010100	17030614	4	-1	-1	-1	0	-1	21	长城长矛14	
9010100	17030614	6	-1	-1	-1	0	-1	23	长城长矛14	
9010101	17030314	1	-1	-1	-1	0	-1	13	长城路障14	3
9010101	17030314	7	-1	-1	-1	0	-1	15	长城路障14	3
9010101	17030514	3	-1	-1	-1	0	-1	17	长城大刀14	3
9010101	17030614	4	-1	-1	-1	0	-1	21	长城长矛14	2
9010101	17030614	6	-1	-1	-1	0	-1	23	长城长矛14	2
9010101	17030714	5	-1	-1	-1	0	-1	-1	长城投石车14	4
9010098	18010036	2	-1	-1	-1	0	-1	19	14长城大刀BOSS	5
										
9010103	17030315	1	-1	-1	-1	0	-1	13	长城路障15	3
9010103	17030515	2	-1	-1	-1	0	-1	15	长城大刀15	3
9010103	17030415	3	-1	-1	-1	0	-1	17	长城铁桶15	3
9010103	17030615	5	-1	-1	-1	0	-1	19	长城长矛15	2
9010103	17030615	6	-1	-1	-1	0	-1	21	长城长矛15	2
9010103	17030615	7	-1	-1	-1	0	-1	23	长城长矛15	2
9010104	19010009	3	-1	-1	-1	0	1	-1	15长城圆锤大格	6
9010104	17030715	4	-1	-1	-1	0	1	25	长城投石车15	4
9010104	17030615	5	-1	-1	-1	0	1	28	长城长矛15	2
										
9010106	17030516	2	-1	-1	-1	0	-1	15	长城大刀16	3
9010106	17030316	3	-1	-1	-1	0	-1	16	长城路障16	3
9010106	17030516	4	-1	-1	-1	0	-1	17	长城大刀16	3
9010106	17030616	5	-1	-1	-1	0	-1	21	长城长矛16	2
9010106	17030616	5	-1	-1	-1	0	-1	22	长城长矛16	2
9010106	17030616	5	-1	-1	-1	0	-1	23	长城长矛16	2
9010107	17030216	1	-1	-1	-1	0	-1	15	长城旗帜16	1
9010107	17030516	2	-1	-1	-1	0	-1	16	长城大刀16	3
9010107	17030416	3	-1	-1	-1	0	-1	17	长城铁桶16	3
9010107	17030716	4	-1	-1	-1	0	-1	22	长城投石车16	4
9010107	17030616	9	-1	-1	-1	0	-1	21	长城长矛16	2
9010107	17030616	6	-1	-1	-1	0	-1	23	长城长矛16	2
9010107	18010037	5	-1	-1	-1	0	-1	-1	16长城长矛BOSS	5
										
9010109	17030317	1	-1	-1	-1	0	-1	15	长城路障17	3
9010109	17030517	2	-1	-1	-1	0	-1	16	长城大刀17	3
9010109	17030417	3	-1	-1	-1	0	-1	17	长城铁桶17	3
9010109	17030617	5	-1	-1	-1	0	-1	21	长城长矛17	2
9010109	17030617	6	-1	-1	-1	0	-1	22	长城长矛17	2
9010109	17030617	7	-1	-1	-1	0	-1	23	长城长矛17	2
9010110	17030317	1	-1	-1	-1	0	-1	15	长城路障17	3
9010110	17030417	2	-1	-1	-1	0	-1	16	长城铁桶17	3
9010110	17030517	3	-1	-1	-1	0	-1	17	长城大刀17	3
9010110	17030617	4	-1	-1	-1	0	-1	21	长城长矛17	2
9010110	18010038	5	-1	-1	-1	0	-1	22	17长城投石车BOSS	5
9010110	17030717	6	-1	-1	-1	0	-1	23	长城投石车17	4
										
9010112	17030518	1	-1	-1	-1	0	-1	17	长城大刀18	3
9010112	17030117	2	-1	-1	-1	0	-1	16	长城普僵17	1
9010112	17030318	3	-1	-1	-1	0	-1	15	长城路障18	3
9010112	17030618	5	-1	-1	-1	0	-1	21	长城长矛18	2
9010112	17030618	6	-1	-1	-1	0	-1	22	长城长矛18	2
9010112	17030618	6	-1	-1	-1	0	-1	23	长城长矛18	2
9010113	18010039	2	-1	-1	-1	0	-1	22	18灵符僵尸boss	5
9010113	17030418	1	-1	-1	-1	0	-1	15	长城铁桶18	3
9010113	17030418	7	-1	-1	-1	0	-1	16	长城铁桶18	3
9010113	17030518	3	-1	-1	-1	0	-1	17	长城大刀18	3
9010113	17030718	5	-1	-1	-1	0	-1	-1	长城投石车18	4
9010113	17030618	4	-1	-1	-1	0	-1	21	长城长矛18	2
9010113	17030618	6	-1	-1	-1	0	-1	23	长城长矛18	2
										
9010115	17030319	1	-1	-1	-1	0	-1	15	长城路障19	3
9010115	17030519	2	-1	-1	-1	0	-1	17	长城大刀19	3
9010115	17030419	3	-1	-1	-1	0	-1	16	长城铁桶19	3
9010115	17030619	5	-1	-1	-1	0	-1	21	长城长矛19	2
9010115	17030619	5	-1	-1	-1	0	-1	22	长城长矛19	2
9010115	17030619	5	-1	-1	-1	0	-1	23	长城长矛19	2
9010116	18010040	2	-1	-1	-1	0	-1	22	19长城路障BOSS	5
9010116	17030519	1	-1	-1	-1	0	-1	15	长城大刀19	3
9010116	17030319	3	-1	-1	-1	0	-1	16	长城路障19	3
9010116	17030719	5	-1	-1	-1	0	-1	-1	长城投石车19	4
9010116	17030619	4	-1	-1	-1	0	-1	21	长城长矛19	2
9010116	17030619	6	-1	-1	-1	0	-1	23	长城长矛19	2
9010116	17030519	8	-1	-1	-1	0	-1	17	长城大刀19	3
										
9010118	17030520	2	-1	-1	-1	0	-1	15	长城大刀20	3
9010118	17030320	3	-1	-1	-1	0	-1	16	长城路障20	3
9010118	17030520	4	-1	-1	-1	0	-1	17	长城大刀20	3
9010118	17030620	5	-1	-1	-1	0	-1	21	长城长矛20	2
9010118	17030620	7	-1	-1	-1	0	-1	22	长城长矛20	2
9010118	17030620	7	-1	-1	-1	0	-1	23	长城长矛20	2
9010119	19010010	3	-1	-1	-1	0	1	-1	20长城战车大格	6
9010119	17030620	4	-1	-1	-1	0	1	24	长城长矛20	2
9010119	17030620	5	-1	-1	-1	0	1	26	长城长矛20	2
9010119	17030720	6	-1	-1	-1	0	1	28	长城投石车20	4
										
9010121	17030321	1	-1	-1	-1	0	-1	13	长城路障21	3
9010121	17030421	2	-1	-1	-1	0	-1	15	长城铁桶21	3
9010121	17030321	3	-1	-1	-1	0	-1	17	长城路障21	3
9010121	17030621	5	-1	-1	-1	0	-1	19	长城长矛21	2
9010121	17030621	6	-1	-1	-1	0	-1	21	长城长矛21	2
9010121	17030621	7	-1	-1	-1	0	-1	23	长城长矛21	2
9010122	18010041	2	-1	-1	-1	0	-1	19	21长城大刀BOSS	5
9010122	17030421	1	-1	-1	-1	0	-1	13	长城铁桶21	3
9010122	17030521	3	-1	-1	-1	0	-1	15	长城大刀21	3
9010122	17030321	3	-1	-1	-1	0	-1	17	长城路障21	3
9010122	17030721	5	-1	-1	-1	0	-1	-1	长城投石车21	4
9010122	17030621	4	-1	-1	-1	0	-1	21	长城长矛21	2
9010122	17030621	6	-1	-1	-1	0	-1	23	长城长矛21	2
										
9010124	17030522	1	-1	-1	-1	0	-1	19	长城大刀22	3
9010124	17030222	2	-1	-1	-1	0	-1	17	长城旗帜22	1
9010124	17030522	3	-1	-1	-1	0	-1	16	长城大刀22	3
9010124	17030522	5	-1	-1	-1	0	-1	18	长城大刀22	3
9010124	17030622	8	-1	-1	-1	0	-1	-1	长城长矛22	2
9010125	17030422	1	-1	-1	-1	0	-1	15	长城铁桶22	3
9010125	17030522	2	-1	-1	-1	0	-1	19	长城大刀22	3
9010125	17030322	3	-1	-1	-1	0	-1	17	长城路障22	3
9010125	17030722	4	-1	-1	-1	0	-1	-1	长城投石车22	4
9010125	17030622	7	-1	-1	-1	0	-1	-1	长城长矛22	2
9010125	17030622	6	-1	-1	-1	0	-1	-1	长城长矛22	2
9010125	18010042	5	-1	-1	-1	0	-1	-1	22长城长矛BOSS	5
										
9010127	17030323	1	-1	-1	-1	0	-1	15	长城路障23	3
9010127	17030523	2	-1	-1	-1	0	-1	17	长城大刀23	3
9010127	17030523	3	-1	-1	-1	0	-1	16	长城大刀23	3
9010127	17030623	5	-1	-1	-1	0	-1	21	长城长矛23	2
9010127	17030623	6	-1	-1	-1	0	-1	22	长城长矛23	2
9010127	17030623	6	-1	-1	-1	0	-1	23	长城长矛23	2
9010128	17030323	1	-1	-1	-1	0	-1	15	长城路障23	3
9010128	17030423	9	-1	-1	-1	0	-1	16	长城铁桶23	3
9010128	17030523	3	-1	-1	-1	0	-1	17	长城大刀23	3
9010128	17030623	4	-1	-1	-1	0	-1	21	长城长矛23	2
9010128	17030623	2	-1	-1	-1	0	-1	23	长城长矛23	2
9010128	17030723	6	-1	-1	-1	0	-1	22	长城投石车23	4
9010128	18010043	5	-1	-1	-1	0	-1	-1	23长城投石车BOSS	5
										
9010130	17030524	1	-1	-1	-1	0	-1	15	长城大刀24	3
9010130	17030424	2	-1	-1	-1	0	-1	16	长城铁桶24	3
9010130	17030524	3	-1	-1	-1	0	-1	17	长城大刀24	3
9010130	17030624	5	-1	-1	-1	0	-1	21	长城长矛24	2
9010130	17030624	8	-1	-1	-1	0	-1	22	长城长矛24	2
9010130	17030624	2	-1	-1	-1	0	-1	23	长城长矛24	2
9010131	18010044	2	-1	-1	-1	0	-1	22	24灵符僵尸boss	5
9010131	17030524	1	-1	-1	-1	0	-1	15	长城大刀24	3
9010131	17030524	3	-1	-1	-1	0	-1	17	长城大刀24	3
9010131	17030724	5	-1	-1	-1	0	-1	-1	长城投石车24	4
9010131	17030624	4	-1	-1	-1	0	-1	21	长城长矛24	2
9010131	17030624	6	-1	-1	-1	0	-1	23	长城长矛24	2
9010131	17030424	7	-1	-1	-1	0	-1	16	长城铁桶24	3
										
9010133	17030325	1	-1	-1	-1	0	-1	15	长城路障25	3
9010133	17030425	2	-1	-1	-1	0	-1	17	长城铁桶25	3
9010133	17030525	3	-1	-1	-1	0	-1	16	长城大刀25	3
9010133	17030625	4	-1	-1	-1	0	-1	21	长城长矛25	2
9010133	17030625	5	-1	-1	-1	0	-1	22	长城长矛25	2
9010133	17030625	8	-1	-1	-1	0	-1	23	长城长矛25	2
9010134	19010011	3	-1	-1	-1	0	1	-1	25皇帝僵尸大格	6
9010134	17030725	4	-1	-1	-1	0	1	24	长城投石车25	4
9010134	17030725	5	-1	-1	-1	0	1	28	长城投石车25	4
9010134	17030725	6	-1	-1	-1	0	1	26	长城投石车25	4
										
										
										
9020001	17040201	1	-1	-1	-1	0	-1	15	旗帜木乃伊1	1
9020001	17040301	2	-1	-1	-1	0	-1	16	路障木乃伊1	3
9020001	17040101	3	-1	-1	-1	0	-1	17	木乃伊僵尸1	1
9020001	17040701	4	-1	-1	-1	0	-1	21	探险家僵尸1	2
9020001	17040701	5	-1	-1	-1	0	-1	22	探险家僵尸1	2
9020001	17040701	6	-1	-1	-1	0	-1	23	探险家僵尸1	2
9020002	17040301	1	-1	-1	-1	0	-1	15	路障木乃伊1	3
9020002	17040301	2	-1	-1	-1	0	-1	16	路障木乃伊1	3
9020002	17040101	6	-1	-1	-1	0	-1	17	木乃伊僵尸1	1
9020002	17040701	5	-1	-1	-1	0	-1	21	探险家僵尸1	2
9020002	17040701	5	-1	-1	-1	0	-1	23	探险家僵尸1	2
9020002	17040601	5	-1	-1	-1	0	-1	-1	太阳神僵尸1	4
9020002	18010045	3	-1	-1	-1	0	-1	22	1路障木乃伊BOSS	5
										
9020004	17040502	1	-1	-1	-1	0	-1	15	死神僵尸2	3
9020004	17040202	2	-1	-1	-1	0	-1	17	旗帜木乃伊2	1
9020004	17040302	3	-1	-1	-1	0	-1	19	路障木乃伊2	3
9020004	17040702	5	-1	-1	-1	0	-1	21	探险家僵尸2	2
9020004	17040702	5	-1	-1	-1	0	-1	23	探险家僵尸2	2
9020004	17040702	5	-1	-1	-1	0	-1	25	探险家僵尸2	2
9020005	17040402	2	-1	-1	-1	0	-1	15	铁桶木乃伊2	3
9020005	17040302	3	-1	-1	-1	0	-1	17	路障木乃伊2	3
9020005	17040302	3	-1	-1	-1	0	-1	19	路障木乃伊2	3
9020005	17040702	4	-1	-1	-1	0	-1	21	探险家僵尸2	2
9020005	17040702	6	-1	-1	-1	0	-1	23	探险家僵尸2	2
9020005	17040702	5	-1	-1	-1	0	-1	-1	探险家僵尸2	2
9020005	18010046	1	-1	-1	-1	0	-1	25	2旗帜木乃伊BOSS	5
										
9020007	17040303	2	-1	-1	-1	0	-1	15	铁桶木乃伊1	3
9020007	17040303	3	-1	-1	-1	0	-1	17	路障木乃伊3	3
9020007	17040503	4	-1	-1	-1	0	-1	19	死神僵尸3	3
9020007	17040703	5	-1	-1	-1	0	-1	21	探险家僵尸3	2
9020007	17040703	5	-1	-1	-1	0	-1	23	探险家僵尸3	2
9020007	17040703	5	-1	-1	-1	0	-1	25	探险家僵尸3	2
9020008	17040303	1	-1	-1	-1	0	-1	17	路障木乃伊3	3
9020008	17040303	2	-1	-1	-1	0	-1	15	路障木乃伊3	3
9020008	17040503	3	-1	-1	-1	0	-1	19	死神僵尸3	3
9020008	17040703	4	-1	-1	-1	0	-1	21	探险家僵尸3	2
9020008	17040703	5	-1	-1	-1	0	-1	23	探险家僵尸3	2
9020008	17040703	5	-1	-1	-1	0	-1	25	探险家僵尸3	2
9020008	18010047	5	-1	-1	-1	0	-1	-1	3太阳神BOSS	5
										
9020010	17040504	1	-1	-1	-1	0	-1	17	死神僵尸4	3
9020010	17040204	2	-1	-1	-1	0	-1	15	旗帜木乃伊4	1
9020010	17040504	3	-1	-1	-1	0	-1	19	死神僵尸4	3
9020010	17040704	5	-1	-1	-1	0	-1	21	探险家僵尸4	2
9020010	17040704	3	-1	-1	-1	0	-1	23	探险家僵尸4	2
9020010	17040704	5	-1	-1	-1	0	-1	25	探险家僵尸4	2
9020011	18010048	1	-1	-1	-1	0	-1	25	4死神BOSS	5
9020011	17040304	2	-1	-1	-1	0	-1	17	铁桶木乃伊4	3
9020011	17040304	3	-1	-1	-1	0	-1	19	路障木乃伊4	3
9020011	17040704	4	-1	-1	-1	0	-1	21	探险家僵尸4	2
9020011	17040704	5	-1	-1	-1	0	-1	23	探险家僵尸4	2
9020011	17040604	5	-1	-1	-1	0	-1	-1	太阳神僵尸4	4
9020011	17040304	7	-1	-1	-1	0	-1	15	路障木乃伊4	3
										
9020013	17040305	1	-1	-1	-1	0	-1	17	路障木乃伊5	3
9020013	17040205	2	-1	-1	-1	0	-1	19	旗帜木乃伊5	1
9020013	17040505	3	-1	-1	-1	0	-1	15	死神僵尸5	3
9020013	17040705	5	-1	-1	-1	0	-1	21	探险家僵尸5	2
9020013	17040705	8	-1	-1	-1	0	-1	23	探险家僵尸5	2
9020013	17040705	8	-1	-1	-1	0	-1	25	探险家僵尸5	2
9020014	19010012	3	-1	-1	-1	0	1	-1	5死神大格	6
9020014	17040705	4	-1	-1	-1	0	1	26	探险家僵尸5	2
9020014	17040605	5	-1	-1	-1	0	1	28	太阳神僵尸5	4
9020014	17040705	6	-1	-1	-1	0	1	24	探险家僵尸5	2
										
9020016	17040706	2	-1	-1	-1	0	-1	21	探险家僵尸6	2
9020016	17040506	4	-1	-1	-1	0	-1	15	死神僵尸6	3
9020016	17040706	5	-1	-1	-1	0	-1	22	探险家僵尸6	2
9020016	17040506	6	-1	-1	-1	0	-1	16	死神僵尸6	3
9020016	17040706	5	-1	-1	-1	0	-1	23	探险家僵尸6	2
9020016	17040506	6	-1	-1	-1	0	-1	17	死神僵尸6	3
9020017	17040306	1	-1	-1	-1	0	-1	15	路障木乃伊6	3
9020017	18010049	2	-1	-1	-1	0	-1	22	6路障木乃伊BOSS	5
9020017	17040506	3	-1	-1	-1	0	-1	16	死神僵尸6	3
9020017	17040506	3	-1	-1	-1	0	-1	17	死神僵尸6	3
9020017	17040706	5	-1	-1	-1	0	-1	21	探险家僵尸6	2
9020017	17040606	5	-1	-1	-1	0	-1	-1	太阳神僵尸6	4
9020017	17040706	5	-1	-1	-1	0	-1	23	探险家僵尸6	2
										
9020019	17040307	2	-1	-1	-1	0	-1	16	路障木乃伊7	3
9020019	17040507	3	-1	-1	-1	0	-1	17	死神僵尸7	3
9020019	17040507	4	-1	-1	-1	0	-1	15	死神僵尸7	3
9020019	17040707	5	-1	-1	-1	0	-1	21	探险家僵尸7	2
9020019	17040707	5	-1	-1	-1	0	-1	22	探险家僵尸7	2
9020019	17040707	5	-1	-1	-1	0	-1	23	探险家僵尸7	2
9020020	17040307	1	-1	-1	-1	0	-1	15	路障木乃伊7	3
9020020	17040307	1	-1	-1	-1	0	-1	17	路障木乃伊7	3
9020020	18010050	2	-1	-1	-1	0	-1	22	7旗帜木乃伊BOSS	5
9020020	17040507	3	-1	-1	-1	0	-1	16	死神僵尸7	3
9020020	17040707	4	-1	-1	-1	0	-1	21	探险家僵尸7	2
9020020	17040707	6	-1	-1	-1	0	-1	23	探险家僵尸7	2
9020020	17040607	5	-1	-1	-1	0	-1	-1	太阳神僵尸7	4
										
9020022	17040208	1	-1	-1	-1	0	-1	17	旗帜木乃伊8	1
9020022	17040508	2	-1	-1	-1	0	-1	16	死神僵尸8	3
9020022	17040208	3	-1	-1	-1	0	-1	15	旗帜木乃伊8	1
9020022	17040608	4	-1	-1	-1	0	-1	22	太阳神僵尸8	4
9020022	17040708	5	-1	-1	-1	0	-1	21	探险家僵尸8	2
9020022	17040708	6	-1	-1	-1	0	-1	23	探险家僵尸8	2
9020023	17040208	1	-1	-1	-1	0	-1	17	旗帜木乃伊8	1
9020023	17040208	2	-1	-1	-1	0	-1	16	铁桶木乃伊8	3
9020023	17040508	3	-1	-1	-1	0	-1	15	死神僵尸8	3
9020023	18010051	5	-1	-1	-1	0	-1	-1	8太阳神BOSS	5
9020023	17040708	5	-1	-1	-1	0	-1	21	探险家僵尸8	2
9020023	17040708	5	-1	-1	-1	0	-1	23	探险家僵尸8	2
9020023	17040608	6	-1	-1	-1	0	-1	22	太阳神僵尸8	4
										
9020025	17040309	1	-1	-1	-1	0	-1	17	路障木乃伊9	3
9020025	17040309	2	-1	-1	-1	0	-1	16	铁桶木乃伊9	3
9020025	17040709	5	-1	-1	-1	0	-1	21	探险家僵尸9	2
9020025	17040509	6	-1	-1	-1	0	-1	15	死神僵尸9	3
9020025	17040609	5	-1	-1	-1	0	-1	22	太阳神僵尸9	4
9020025	17040709	5	-1	-1	-1	0	-1	23	探险家僵尸9	2
9020026	17040709	1	-1	-1	-1	0	-1	15	铁桶木乃伊9	3
9020026	17040509	2	-1	-1	-1	0	-1	16	死神僵尸9	3
9020026	17040309	1	-1	-1	-1	0	-1	17	路障木乃伊9	3
9020026	18010052	3	-1	-1	-1	0	-1	22	9死神BOSS	5
9020026	17040709	4	-1	-1	-1	0	-1	21	探险家僵尸9	2
9020026	17040709	5	-1	-1	-1	0	-1	23	探险家僵尸9	2
9020026	17040609	5	-1	-1	-1	0	-1	-1	太阳神僵尸9	4
										
9020028	17040510	2	-1	-1	-1	0	-1	15	死神僵尸10	3
9020028	17040310	3	-1	-1	-1	0	-1	19	路障木乃伊10	3
9020028	17040510	4	-1	-1	-1	0	-1	17	死神僵尸10	3
9020028	17040710	5	-1	-1	-1	0	-1	21	探险家僵尸10	2
9020028	17040710	7	-1	-1	-1	0	-1	23	探险家僵尸10	2
9020028	17040610	7	-1	-1	-1	0	-1	25	太阳神僵尸10	4
9020029	19010013	3	-1	-1	-1	0	1	-1	10太阳神大格	6
9020029	17040710	4	-1	-1	-1	0	1	24	探险家僵尸10	2
9020029	17040710	5	-1	-1	-1	0	1	26	探险家僵尸10	2
9020029	17040610	6	-1	-1	-1	0	1	28	太阳神僵尸10	4
										
9020031	17040311	1	-1	-1	-1	0	-1	16	路障木乃伊11	3
9020031	17040311	3	-1	-1	-1	0	-1	17	路障木乃伊11	3
9020031	17040711	4	-1	-1	-1	0	-1	21	探险家僵尸11	2
9020031	17040711	5	-1	-1	-1	0	-1	15	铁桶木乃伊11	3
9020031	17040611	6	-1	-1	-1	0	-1	22	太阳神僵尸11	4
9020031	17040711	6	-1	-1	-1	0	-1	23	探险家僵尸11	2
9020032	17040511	1	-1	-1	-1	0	-1	15	死神僵尸11	3
9020032	17040511	1	-1	-1	-1	0	-1	16	死神僵尸11	3
9020032	18010053	2	-1	-1	-1	0	-1	22	11路障木乃伊BOSS	5
9020032	17040511	3	-1	-1	-1	0	-1	17	死神僵尸11	3
9020032	17040611	5	-1	-1	-1	0	-1	-1	太阳神僵尸11	4
9020032	17040711	5	-1	-1	-1	0	-1	21	探险家僵尸11	2
9020032	17040711	6	-1	-1	-1	0	-1	23	探险家僵尸11	2
										
9020034	17040312	1	-1	-1	-1	0	-1	17	路障木乃伊12	3
9020034	17040312	2	-1	-1	-1	0	-1	16	铁桶木乃伊12	3
9020034	17040512	3	-1	-1	-1	0	-1	15	死神僵尸12	3
9020034	17040712	5	-1	-1	-1	0	-1	21	探险家僵尸12	2
9020034	17040612	5	-1	-1	-1	0	-1	22	太阳神僵尸12	4
9020034	17040712	5	-1	-1	-1	0	-1	23	探险家僵尸12	2
9020035	17040512	1	-1	-1	-1	0	-1	15	死神僵尸12	3
9020035	17040512	2	-1	-1	-1	0	-1	16	死神僵尸12	3
9020035	17040512	2	-1	-1	-1	0	-1	17	死神僵尸12	3
9020035	18010054	3	-1	-1	-1	0	-1	22	12旗帜木乃伊BOSS	5
9020035	17040612	5	-1	-1	-1	0	-1	-1	太阳神僵尸12	4
9020035	17040712	5	-1	-1	-1	0	-1	21	探险家僵尸12	2
9020035	17040712	6	-1	-1	-1	0	-1	23	探险家僵尸12	2
										
9020037	17040313	1	-1	-1	-1	0	-1	15	路障木乃伊13	3
9020037	17040513	2	-1	-1	-1	0	-1	17	死神僵尸13	3
9020037	17040713	5	-1	-1	-1	0	-1	21	探险家僵尸13	2
9020037	17040513	6	-1	-1	-1	0	-1	16	死神僵尸13	3
9020037	17040613	5	-1	-1	-1	0	-1	22	太阳神僵尸13	4
9020037	17040713	5	-1	-1	-1	0	-1	23	探险家僵尸13	2
9020038	17040313	1	-1	-1	-1	0	-1	15	路障木乃伊13	3
9020038	17040313	2	-1	-1	-1	0	-1	16	路障木乃伊13	3
9020038	17040313	2	-1	-1	-1	0	-1	17	路障木乃伊13	3
9020038	17040513	3	-1	-1	-1	0	-1	22	死神僵尸13	3
9020038	17040713	4	-1	-1	-1	0	-1	21	探险家僵尸13	2
9020038	17040713	5	-1	-1	-1	0	-1	23	探险家僵尸13	2
9020038	18010055	5	-1	-1	-1	0	-1	-1	13太阳神BOSS	5
										
9020040	17040514	1	-1	-1	-1	0	-1	13	死神僵尸14	3
9020040	17040314	2	-1	-1	-1	0	-1	15	路障木乃伊14	3
9020040	17040514	3	-1	-1	-1	0	-1	17	死神僵尸14	3
9020040	17040614	5	-1	-1	-1	0	-1	19	太阳神僵尸14	4
9020040	17040714	5	-1	-1	-1	0	-1	21	探险家僵尸14	2
9020040	17040714	5	-1	-1	-1	0	-1	23	探险家僵尸14	2
9020041	17040314	1	-1	-1	-1	0	-1	17	路障木乃伊14	3
9020041	17040314	2	-1	-1	-1	0	-1	16	铁桶木乃伊14	3
9020041	17040314	2	-1	-1	-1	0	-1	15	铁桶木乃伊14	3
9020041	18010056	3	-1	-1	-1	0	-1	22	14死神BOSS	5
9020041	17040714	4	-1	-1	-1	0	-1	21	探险家僵尸14	2
9020041	17040714	5	-1	-1	-1	0	-1	23	探险家僵尸14	2
9020041	17040614	5	-1	-1	-1	0	-1	-1	太阳神僵尸14	4
										
9020043	17040315	3	-1	-1	-1	0	-1	17	铁桶木乃伊15	3
9020043	17040315	4	-1	-1	-1	0	-1	16	路障木乃伊15	3
9020043	17040515	5	-1	-1	-1	0	-1	15	死神僵尸15	3
9020043	17040715	6	-1	-1	-1	0	-1	21	探险家僵尸15	2
9020043	17040615	6	-1	-1	-1	0	-1	22	太阳神僵尸15	4
9020043	17040715	6	-1	-1	-1	0	-1	23	探险家僵尸15	2
9020044	19010014	3	-1	-1	-1	0	1	-1	15埃及艳后大格	6
9020044	17040615	4	-1	-1	-1	0	1	28	太阳神僵尸15	4
9020044	17040715	5	-1	-1	-1	0	1	26	探险家僵尸15	2
9020044	17040715	6	-1	-1	-1	0	1	24	探险家僵尸15	2
										
9020046	17040516	2	-1	-1	-1	0	-1	17	死神僵尸16	3
9020046	17040316	3	-1	-1	-1	0	-1	16	路障木乃伊16	3
9020046	17040516	4	-1	-1	-1	0	-1	15	死神僵尸16	3
9020046	17040716	5	-1	-1	-1	0	-1	21	探险家僵尸16	2
9020046	17040616	5	-1	-1	-1	0	-1	22	太阳神僵尸16	4
9020046	17040716	5	-1	-1	-1	0	-1	23	探险家僵尸16	2
9020047	18010057	1	-1	-1	-1	0	-1	22	16路障木乃伊BOSS	5
9020047	17040316	2	-1	-1	-1	0	-1	15	铁桶木乃伊16	3
9020047	17040316	2	-1	-1	-1	0	-1	16	路障木乃伊16	3
9020047	17040516	3	-1	-1	-1	0	-1	17	死神僵尸16	3
9020047	17040716	4	-1	-1	-1	0	-1	21	探险家僵尸16	2
9020047	17040716	5	-1	-1	-1	0	-1	23	探险家僵尸16	2
9020047	17040616	5	-1	-1	-1	0	-1	-1	太阳神僵尸16	4
										
9020049	17040317	1	-1	-1	-1	0	-1	17	路障木乃伊17	3
9020049	17040517	2	-1	-1	-1	0	-1	16	死神僵尸17	3
9020049	17040717	5	-1	-1	-1	0	-1	21	探险家僵尸17	2
9020049	17040517	6	-1	-1	-1	0	-1	15	死神僵尸17	3
9020049	17040617	5	-1	-1	-1	0	-1	22	太阳神僵尸17	4
9020049	17040717	5	-1	-1	-1	0	-1	23	探险家僵尸17	2
9020050	17040217	1	-1	-1	-1	0	-1	15	旗帜木乃伊17	1
9020050	18010058	2	-1	-1	-1	0	-1	22	17旗帜木乃伊BOSS	5
9020050	17040517	3	-1	-1	-1	0	-1	17	死神僵尸17	3
9020050	17040517	3	-1	-1	-1	0	-1	16	死神僵尸17	3
9020050	17040617	5	-1	-1	-1	0	-1	-1	太阳神僵尸17	4
9020050	17040717	4	-1	-1	-1	0	-1	21	探险家僵尸17	2
9020050	17040717	6	-1	-1	-1	0	-1	23	探险家僵尸17	2
										
9020052	17040318	2	-1	-1	-1	0	-1	15	铁桶木乃伊18	3
9020052	17040318	3	-1	-1	-1	0	-1	17	路障木乃伊18	3
9020052	17040518	4	-1	-1	-1	0	-1	16	死神僵尸18	3
9020052	17040718	5	-1	-1	-1	0	-1	21	探险家僵尸18	2
9020052	17040618	6	-1	-1	-1	0	-1	22	太阳神僵尸18	4
9020052	17040718	6	-1	-1	-1	0	-1	23	探险家僵尸18	2
9020053	17040518	1	-1	-1	-1	0	-1	15	死神僵尸18	3
9020053	17040518	2	-1	-1	-1	0	-1	19	死神僵尸18	3
9020053	17040318	3	-1	-1	-1	0	-1	17	路障木乃伊18	3
9020053	18010059	5	-1	-1	-1	0	-1	-1	18太阳神BOSS	5
9020053	17040718	5	-1	-1	-1	0	-1	21	探险家僵尸18	2
9020053	17040318	3	-1	-1	-1	0	-1	22	路障木乃伊18	3
9020053	17040718	6	-1	-1	-1	0	-1	23	探险家僵尸18	2
										
9020055	17040319	1	-1	-1	-1	0	-1	15	路障木乃伊19	3
9020055	17040319	2	-1	-1	-1	0	-1	17	铁桶木乃伊19	3
9020055	17040719	5	-1	-1	-1	0	-1	21	探险家僵尸19	2
9020055	17040519	6	-1	-1	-1	0	-1	16	死神僵尸19	3
9020055	17040619	5	-1	-1	-1	0	-1	22	太阳神僵尸19	4
9020055	17040719	5	-1	-1	-1	0	-1	23	探险家僵尸19	2
9020056	18010060	1	-1	-1	-1	0	-1	22	19死神BOSS	5
9020056	17040319	2	-1	-1	-1	0	-1	16	路障木乃伊19	3
9020056	17040319	2	-1	-1	-1	0	-1	17	路障木乃伊19	3
9020056	17040519	3	-1	-1	-1	0	-1	15	死神僵尸19	3
9020056	17040719	4	-1	-1	-1	0	-1	21	探险家僵尸19	2
9020056	17040719	5	-1	-1	-1	0	-1	23	探险家僵尸19	2
9020056	17040619	5	-1	-1	-1	0	-1	-1	太阳神僵尸19	4
										
9020058	17040520	2	-1	-1	-1	0	-1	16	死神僵尸20	3
9020058	17040320	3	-1	-1	-1	0	-1	17	路障木乃伊20	3
9020058	17040520	4	-1	-1	-1	0	-1	15	死神僵尸20	3
9020058	17040720	5	-1	-1	-1	0	-1	21	探险家僵尸20	2
9020058	17040620	6	-1	-1	-1	0	-1	22	太阳神僵尸20	4
9020058	17040720	6	-1	-1	-1	0	-1	23	探险家僵尸20	2
9020059	19010014	3	-1	-1	-1	0	1	-1	15埃及艳后大格	6
9020059	17040620	4	-1	-1	-1	0	1	26	太阳神僵尸20	4
9020059	17040620	5	-1	-1	-1	0	1	28	太阳神僵尸20	4
9020059	17040620	6	-1	-1	-1	0	1	24	太阳神僵尸20	4
										
9020061	17040321	1	-1	-1	-1	0	-1	15	路障木乃伊21	3
9020061	17040321	3	-1	-1	-1	0	-1	17	路障木乃伊21	3
9020061	17040321	5	-1	-1	-1	0	-1	16	铁桶木乃伊21	3
9020061	17040721	6	-1	-1	-1	0	-1	21	探险家僵尸21	2
9020061	17040621	6	-1	-1	-1	0	-1	22	太阳神僵尸21	4
9020061	17040721	6	-1	-1	-1	0	-1	23	探险家僵尸21	2
9020062	17040321	1	-1	-1	-1	0	-1	15	路障木乃伊21	3
9020062	17040521	2	-1	-1	-1	0	-1	17	死神僵尸21	3
9020062	17040521	2	-1	-1	-1	0	-1	19	铁桶木乃伊21	3
9020062	18010061	3	-1	-1	-1	0	-1	25	21路障木乃伊BOSS	5
9020062	17040621	5	-1	-1	-1	0	-1	-1	太阳神僵尸21	4
9020062	17040721	5	-1	-1	-1	0	-1	21	探险家僵尸21	2
9020062	17040721	6	-1	-1	-1	0	-1	23	探险家僵尸21	2
										
9020064	17040622	1	-1	-1	-1	0	-1	25	太阳神僵尸22	4
9020064	17040222	2	-1	-1	-1	0	-1	15	旗帜木乃伊22	1
9020064	17040522	3	-1	-1	-1	0	-1	19	死神僵尸22	3
9020064	17040522	5	-1	-1	-1	0	-1	17	死神僵尸22	3
9020064	17040722	8	-1	-1	-1	0	-1	21	探险家僵尸22	2
9020064	17040722	8	-1	-1	-1	0	-1	23	探险家僵尸22	2
9020065	18010062	1	-1	-1	-1	0	-1	22	22旗帜木乃伊BOSS	5
9020065	17040522	2	-1	-1	-1	0	-1	16	铁桶木乃伊22	3
9020065	17040522	3	-1	-1	-1	0	-1	17	死神僵尸22	3
9020065	17040322	3	-1	-1	-1	0	-1	15	路障木乃伊22	3
9020065	17040722	4	-1	-1	-1	0	-1	21	探险家僵尸22	2
9020065	17040722	5	-1	-1	-1	0	-1	23	探险家僵尸22	2
9020065	17040622	5	-1	-1	-1	0	-1	-1	太阳神僵尸22	4
										
9020067	17040323	1	-1	-1	-1	0	-1	16	路障木乃伊23	3
9020067	17040523	3	-1	-1	-1	0	-1	17	死神僵尸23	3
9020067	17040523	5	-1	-1	-1	0	-1	15	死神僵尸23	3
9020067	17040723	6	-1	-1	-1	0	-1	21	探险家僵尸23	2
9020067	17040623	5	-1	-1	-1	0	-1	22	太阳神僵尸23	4
9020067	17040723	6	-1	-1	-1	0	-1	23	探险家僵尸23	2
9020068	17040323	1	-1	-1	-1	0	-1	17	路障木乃伊23	3
9020068	17040323	2	-1	-1	-1	0	-1	16	铁桶木乃伊23	3
9020068	17040523	3	-1	-1	-1	0	-1	15	死神僵尸23	3
9020068	18010063	5	-1	-1	-1	0	-1	-1	23太阳神BOSS	5
9020068	17040723	5	-1	-1	-1	0	-1	21	探险家僵尸23	2
9020068	17040523	5	-1	-1	-1	0	-1	22	死神僵尸23	3
9020068	17040723	6	-1	-1	-1	0	-1	23	探险家僵尸23	2
										
9020070	17040624	1	-1	-1	-1	0	-1	22	太阳神僵尸24	4
9020070	17040624	2	-1	-1	-1	0	-1	16	铁桶木乃伊24	3
9020070	17040524	4	-1	-1	-1	0	-1	17	死神僵尸24	3
9020070	17040524	6	-1	-1	-1	0	-1	15	死神僵尸24	3
9020070	17040724	7	-1	-1	-1	0	-1	21	探险家僵尸24	2
9020070	17040724	7	-1	-1	-1	0	-1	23	探险家僵尸24	2
9020071	18010064	1	-1	-1	-1	0	-1	22	24死神BOSS	5
9020071	17040524	2	-1	-1	-1	0	-1	17	死神僵尸24	3
9020071	17040324	3	-1	-1	-1	0	-1	16	路障木乃伊24	3
9020071	17040324	3	-1	-1	-1	0	-1	15	路障木乃伊24	3
9020071	17040624	5	-1	-1	-1	0	-1	-1	太阳神僵尸24	4
9020071	17040724	5	-1	-1	-1	0	-1	21	探险家僵尸24	2
9020071	17040724	6	-1	-1	-1	0	-1	23	探险家僵尸24	2
										
9020073	17040225	1	-1	-1	-1	0	-1	15	旗帜木乃伊25	1
9020073	17040225	2	-1	-1	-1	0	-1	17	铁桶木乃伊25	3
9020073	17040525	3	-1	-1	-1	0	-1	16	死神僵尸25	3
9020073	17040725	4	-1	-1	-1	0	-1	21	探险家僵尸25	2
9020073	17040625	4	-1	-1	-1	0	-1	22	太阳神僵尸25	4
9020073	17040725	4	-1	-1	-1	0	-1	23	探险家僵尸25	2
9020074	19010016	3	-1	-1	-1	0	1	-1	25太阳神大格	6
9020074	17040625	4	-1	-1	-1	0	1	24	太阳神僵尸25	4
9020074	17040625	5	-1	-1	-1	0	1	26	太阳神僵尸25	4
9020074	17040625	6	-1	-1	-1	0	1	28	太阳神僵尸25	4
										
9020076	17040126	1	-1	-1	-1	0	-1	16	木乃伊僵尸26	1
9020076	17040126	2	-1	-1	-1	0	-1	17	木乃伊僵尸26	1
9020076	17040326	3	-1	-1	-1	0	-1	15	路障木乃伊26	3
9020076	17040726	4	-1	-1	-1	0	-1	21	探险家僵尸26	2
9020076	17040726	5	-1	-1	-1	0	-1	23	探险家僵尸26	2
9020076	17040626	5	-1	-1	-1	0	-1	22	太阳神僵尸26	4
9020077	18010065	1	-1	-1	-1	0	-1	22	26路障木乃伊BOSS	5
9020077	17040526	2	-1	-1	-1	0	-1	16	铁桶木乃伊26	3
9020077	17040526	3	-1	-1	-1	0	-1	15	死神僵尸26	3
9020077	17040526	3	-1	-1	-1	0	-1	17	死神僵尸26	3
9020077	17040726	4	-1	-1	-1	0	-1	23	探险家僵尸26	2
9020077	17040726	5	-1	-1	-1	0	-1	21	探险家僵尸26	2
9020077	17040626	5	-1	-1	-1	0	-1	-1	太阳神僵尸26	4
										
9020079	17040327	1	-1	-1	-1	0	-1	17	路障木乃伊27	3
9020079	17040327	2	-1	-1	-1	0	-1	16	铁桶木乃伊27	3
9020079	17040527	3	-1	-1	-1	0	-1	15	死神僵尸27	3
9020079	17040727	5	-1	-1	-1	0	-1	21	探险家僵尸27	2
9020079	17040627	6	-1	-1	-1	0	-1	22	太阳神僵尸27	4
9020079	17040727	8	-1	-1	-1	0	-1	23	探险家僵尸27	2
9020080	17040327	1	-1	-1	-1	0	-1	17	路障木乃伊27	3
9020080	17040527	2	-1	-1	-1	0	-1	16	死神僵尸27	3
9020080	17040527	2	-1	-1	-1	0	-1	15	铁桶木乃伊27	3
9020080	18010066	3	-1	-1	-1	0	-1	22	27旗帜木乃伊BOSS	5
9020080	17040627	5	-1	-1	-1	0	-1	-1	太阳神僵尸27	4
9020080	17040727	5	-1	-1	-1	0	-1	21	探险家僵尸27	2
9020080	17040727	6	-1	-1	-1	0	-1	23	探险家僵尸27	2
										
9020082	17040328	1	-1	-1	-1	0	-1	17	路障木乃伊28	3
9020082	17040328	2	-1	-1	-1	0	-1	16	铁桶木乃伊28	3
9020082	17040528	4	-1	-1	-1	0	-1	15	死神僵尸28	3
9020082	17040728	5	-1	-1	-1	0	-1	21	探险家僵尸28	2
9020082	17040628	6	-1	-1	-1	0	-1	22	太阳神僵尸28	4
9020082	17040728	7	-1	-1	-1	0	-1	23	探险家僵尸28	2
9020083	17040328	1	-1	-1	-1	0	-1	13	路障木乃伊28	3
9020083	17040328	2	-1	-1	-1	0	-1	17	铁桶木乃伊28	3
9020083	17040528	3	-1	-1	-1	0	-1	15	死神僵尸28	3
9020083	17040728	4	-1	-1	-1	0	-1	23	探险家僵尸28	2
9020083	17040728	5	-1	-1	-1	0	-1	21	探险家僵尸28	2
9020083	17040728	5	-1	-1	-1	0	-1	19	探险家僵尸28	2
9020083	18010067	5	-1	-1	-1	0	-1	-1	28太阳神BOSS	5
										
9020085	17040529	1	-1	-1	-1	0	-1	16	死神僵尸29	3
9020085	17040529	2	-1	-1	-1	0	-1	17	死神僵尸29	3
9020085	17040529	3	-1	-1	-1	0	-1	15	死神僵尸29	3
9020085	17040729	4	-1	-1	-1	0	-1	21	探险家僵尸29	2
9020085	17040629	5	-1	-1	-1	0	-1	22	太阳神僵尸29	4
9020085	17040729	6	-1	-1	-1	0	-1	23	探险家僵尸29	2
9020086	18010068	1	-1	-1	-1	0	-1	22	29死神BOSS	5
9020086	17040229	2	-1	-1	-1	0	-1	17	旗帜木乃伊29	1
9020086	17040529	3	-1	-1	-1	0	-1	16	死神僵尸29	3
9020086	17040529	3	-1	-1	-1	0	-1	15	死神僵尸29	3
9020086	17040629	5	-1	-1	-1	0	-1	-1	太阳神僵尸29	4
9020086	17040729	5	-1	-1	-1	0	-1	21	探险家僵尸29	2
9020086	17040729	6	-1	-1	-1	0	-1	23	探险家僵尸29	2
9020086	17040729	8	-1	-1	-1	0	-1	-1	探险家僵尸29	2
										
9020088	17040230	1	-1	-1	-1	0	-1	17	旗帜木乃伊30	1
9020088	17040330	2	-1	-1	-1	0	-1	16	路障木乃伊30	3
9020088	17040130	3	-1	-1	-1	0	-1	15	木乃伊僵尸30	1
9020088	17040730	4	-1	-1	-1	0	-1	21	探险家僵尸30	2
9020088	17040730	6	-1	-1	-1	0	-1	23	探险家僵尸30	2
9020088	17040630	6	-1	-1	-1	0	-1	22	太阳神僵尸30	4
9020089	19010017	3	-1	-1	-1	0	1	-1	30埃及艳后大格	6
9020089	17040630	4	-1	-1	-1	0	1	24	太阳神僵尸30	4
9020089	17040630	5	-1	-1	-1	0	1	26	太阳神僵尸30	4
9020089	17040630	6	-1	-1	-1	0	1	28	太阳神僵尸30	4
										
										
										
9020091	17050101	1	-1	-1	-1	0	-1	17	海盗僵尸1	1
9020091	17050101	2	-1	-1	-1	0	-1	15	海盗僵尸1	1
9020091	17050101	3	-1	-1	-1	0	-1	19	海盗僵尸1	1
9020091	17050701	5	-1	-1	-1	0	-1	25	火炬武师1	4
9020091	17050601	6	-1	-1	-1	0	-1	21	海鸥海盗1	2
9020091	17050601	1	-1	-1	-1	0	-1	23	海鸥海盗1	2
9020092	17050301	2	-1	-1	-1	0	-1	15	路障海盗1	3
9020092	17050501	3	-1	-1	-1	0	-1	-1	飞索海盗1	3
9020092	17050301	4	-1	-1	-1	0	-1	16	路障海盗1	3
9020092	17050701	5	-1	-1	-1	0	-1	-1	火炬武师1	4
9020092	17050101	6	-1	-1	-1	0	-1	17	海盗僵尸1	1
9020092	17050601	6	-1	-1	-1	0	-1	21	海鸥海盗1	2
9020092	17050701	6	-1	-1	-1	0	-1	22	火炬武师1	4
9020092	17050601	6	-1	-1	-1	0	-1	23	海鸥海盗1	2
9020093	17050301	1	-1	-1	-1	0	-1	16	路障海盗1	3
9020093	18010069	2	-1	-1	-1	0	-1	22	1路障海盗BOSS	5
9020093	17050301	3	-1	-1	-1	0	-1	15	路障海盗1	3
9020093	17050201	4	-1	-1	-1	0	-1	17	旗帜海盗1	1
9020093	17050601	5	-1	-1	-1	0	-1	21	海鸥海盗1	2
9020093	17050701	5	-1	-1	-1	0	-1	-1	火炬武师1	4
9020093	17050601	9	-1	-1	-1	0	-1	23	海鸥海盗1	2
										
9020094	17050602	1	-1	-1	-1	0	-1	15	铁桶海盗2	3
9020094	17050602	2	-1	-1	-1	0	-1	21	海鸥海盗2	2
9020094	17050602	3	-1	-1	-1	0	-1	23	海鸥海盗2	2
9020094	17050302	5	-1	-1	-1	0	-1	17	路障海盗2	3
9020094	17050102	6	-1	-1	-1	0	-1	16	海盗僵尸2	1
9020094	17050702	3	-1	-1	-1	0	-1	22	火炬武师2	4
9020095	17050302	1	-1	-1	-1	0	-1	13	路障海盗2	3
9020095	17050302	2	-1	-1	-1	0	-1	17	铁桶海盗2	3
9020095	17050302	3	-1	-1	-1	0	-1	15	路障海盗2	3
9020095	17050702	6	-1	-1	-1	0	-1	19	火炬武师2	4
9020095	17050602	7	-1	-1	-1	0	-1	21	海鸥海盗2	2
9020095	17050602	8	-1	-1	-1	0	-1	23	海鸥海盗2	2
9020096	17050602	1	-1	-1	-1	0	-1	17	铁桶海盗2	3
9020096	17050102	2	-1	-1	-1	0	-1	16	海盗僵尸2	1
9020096	17050202	3	-1	-1	-1	0	-1	15	旗帜海盗2	1
9020096	18010070	5	-1	-1	-1	0	-1	-1	2飞索海盗BOSS	5
9020096	17050602	6	-1	-1	-1	0	-1	21	海鸥海盗2	2
9020096	17050602	7	-1	-1	-1	0	-1	23	海鸥海盗2	2
9020096	17050702	8	-1	-1	-1	0	-1	22	火炬武师2	4
9020096	17050702	9	-1	-1	-1	0	-1	28	火炬武师2	4
										
9020097	17050303	3	-1	-1	-1	0	-1	15	路障海盗3	3
9020097	17050503	5	-1	-1	-1	0	-1	-1	飞索海盗3	3
9020097	17050603	5	-1	-1	-1	0	-1	21	海鸥海盗3	2
9020097	17050303	3	-1	-1	-1	0	-1	17	路障海盗3	3
9020097	17050303	3	-1	-1	-1	0	-1	16	路障海盗3	3
9020097	17050603	5	-1	-1	-1	0	-1	23	海鸥海盗3	2
9020097	17050703	5	-1	-1	-1	0	-1	22	火炬武师3	4
9020098	17050303	1	-1	-1	-1	0	-1	15	路障海盗3	3
9020098	17050303	1	-1	-1	-1	0	-1	16	路障海盗3	3
9020098	17050303	1	-1	-1	-1	0	-1	17	路障海盗3	3
9020098	17050503	2	-1	-1	-1	0	-1	-1	飞索海盗3	3
9020098	17050603	4	-1	-1	-1	0	-1	21	海鸥海盗3	2
9020098	17050603	5	-1	-1	-1	0	-1	23	海鸥海盗3	2
9020098	17050703	6	-1	-1	-1	0	-1	22	火炬武师3	4
9020099	17050303	2	-1	-1	-1	0	-1	17	路障海盗3	3
9020099	17050303	3	-1	-1	-1	0	-1	16	路障海盗3	3
9020099	17050303	3	-1	-1	-1	0	-1	15	铁桶海盗3	3
9020099	17050503	5	-1	-1	-1	0	-1	-1	飞索海盗3	3
9020099	17050603	7	-1	-1	-1	0	-1	21	海鸥海盗3	2
9020099	17050603	7	-1	-1	-1	0	-1	23	海鸥海盗3	2
9020099	18010071	8	-1	-1	-1	0	-1	-1	3海鸥海盗BOSS	5
9020099	17050703	9	-1	-1	-1	0	-1	22	火炬武师3	4
										
9020100	17050204	2	-1	-1	-1	0	-1	15	旗帜海盗4	1
9020100	17050504	5	-1	-1	-1	0	-1	-1	飞索海盗4	3
9020100	17050204	2	-1	-1	-1	0	-1	16	旗帜海盗4	1
9020100	17050204	2	-1	-1	-1	0	-1	17	旗帜海盗4	1
9020100	17050604	2	-1	-1	-1	0	-1	21	海鸥海盗4	2
9020100	17050604	2	-1	-1	-1	0	-1	23	海鸥海盗4	2
9020100	17050704	2	-1	-1	-1	0	-1	22	火炬武师4	4
9020101	17050204	1	-1	-1	-1	0	-1	15	旗帜海盗4	1
9020101	17050204	2	-1	-1	-1	0	-1	16	铁桶海盗4	3
9020101	17050204	2	-1	-1	-1	0	-1	17	铁桶海盗4	3
9020101	17050504	5	-1	-1	-1	0	-1	-1	飞索海盗4	3
9020101	17050604	4	-1	-1	-1	0	-1	21	海鸥海盗4	2
9020101	17050704	6	-1	-1	-1	0	-1	22	火炬武师4	4
9020101	17050604	8	-1	-1	-1	0	-1	23	海鸥海盗4	2
9020102	17050304	1	-1	-1	-1	0	-1	15	路障海盗4	3
9020102	17050304	2	-1	-1	-1	0	-1	16	路障海盗4	3
9020102	17050304	2	-1	-1	-1	0	-1	17	路障海盗4	3
9020102	17050604	3	-1	-1	-1	0	-1	21	海鸥海盗4	2
9020102	17050604	4	-1	-1	-1	0	-1	23	海鸥海盗4	2
9020102	17050504	5	-1	-1	-1	0	-1	-1	飞索海盗4	3
9020102	17050704	7	-1	-1	-1	0	-1	22	火炬武师4	4
9020102	18010072	8	-1	-1	-1	0	-1	-1	4火炬武师BOSS	5
										
9020103	17050305	1	-1	-1	-1	0	-1	17	路障海盗5	3
9020103	17050205	2	-1	-1	-1	0	-1	16	旗帜海盗5	1
9020103	17050305	1	-1	-1	-1	0	-1	15	路障海盗5	3
9020103	17050605	5	-1	-1	-1	0	-1	21	海鸥海盗5	2
9020103	17050705	5	-1	-1	-1	0	-1	22	火炬武师5	4
9020103	17050605	5	-1	-1	-1	0	-1	23	海鸥海盗5	2
9020103	17050505	5	-1	-1	-1	0	-1	-1	飞索海盗5	3
9020104	17050305	1	-1	-1	-1	0	-1	15	路障海盗5	3
9020104	17050305	1	-1	-1	-1	0	-1	16	铁桶海盗5	3
9020104	17050605	2	-1	-1	-1	0	-1	17	海鸥海盗5	2
9020104	17050505	5	-1	-1	-1	0	-1	-1	飞索海盗5	3
9020104	17050705	4	-1	-1	-1	0	-1	22	火炬武师5	4
9020104	17050605	5	-1	-1	-1	0	-1	21	海鸥海盗5	2
9020104	17050605	9	-1	-1	-1	0	-1	23	海鸥海盗5	2
9020105	19010018	3	-1	-1	-1	0	1	-1	5飞索海盗大格	6
9020105	17050605	4	-1	-1	-1	0	1	28	海鸥海盗5	2
9020105	17050705	5	-1	-1	-1	0	1	26	火炬武师5	4
9020105	17050605	6	-1	-1	-1	0	1	25	海鸥海盗5	2
										
9020106	17050306	2	-1	-1	-1	0	-1	15	路障海盗6	3
9020106	17050306	4	-1	-1	-1	0	-1	16	路障海盗6	3
9020106	17050306	5	-1	-1	-1	0	-1	17	铁桶海盗6	3
9020106	17050506	5	-1	-1	-1	0	-1	-1	飞索海盗6	3
9020106	17050606	5	-1	-1	-1	0	-1	21	海鸥海盗6	2
9020106	17050706	5	-1	-1	-1	0	-1	22	火炬武师6	4
9020106	17050606	5	-1	-1	-1	0	-1	23	海鸥海盗6	2
9020107	17050606	1	-1	-1	-1	0	-1	17	铁桶海盗6	3
9020107	17050506	2	-1	-1	-1	0	-1	-1	飞索海盗6	3
9020107	17050306	3	-1	-1	-1	0	-1	16	路障海盗6	3
9020107	17050706	4	-1	-1	-1	0	-1	22	火炬武师6	4
9020107	17050606	5	-1	-1	-1	0	-1	21	海鸥海盗6	2
9020107	17050606	5	-1	-1	-1	0	-1	23	海鸥海盗6	2
9020107	17050606	5	-1	-1	-1	0	-1	15	铁桶海盗6	3
9020108	17050306	1	-1	-1	-1	0	-1	19	路障海盗6	3
9020108	17050306	2	-1	-1	-1	0	-1	17	路障海盗6	3
9020108	18010073	3	-1	-1	-1	0	-1	25	6路障海盗BOSS	5
9020108	17050306	2	-1	-1	-1	0	-1	15	路障海盗6	3
9020108	17050606	4	-1	-1	-1	0	-1	21	海鸥海盗6	2
9020108	17050606	8	-1	-1	-1	0	-1	23	海鸥海盗6	2
9020108	17050706	5	-1	-1	-1	0	-1	-1	火炬武师6	4
										
9020109	17050307	2	-1	-1	-1	0	-1	19	路障海盗7	3
9020109	17050307	3	-1	-1	-1	0	-1	17	铁桶海盗7	3
9020109	17050307	5	-1	-1	-1	0	-1	16	飞索海盗7	3
9020109	17050607	5	-1	-1	-1	0	-1	15	铁桶海盗7	3
9020109	17050607	5	-1	-1	-1	0	-1	21	海鸥海盗7	2
9020109	17050607	5	-1	-1	-1	0	-1	23	海鸥海盗7	2
9020109	17050707	5	-1	-1	-1	0	-1	25	火炬武师7	4
9020110	17050307	1	-1	-1	-1	0	-1	15	路障海盗7	3
9020110	17050307	2	-1	-1	-1	0	-1	16	路障海盗7	3
9020110	17050307	2	-1	-1	-1	0	-1	17	路障海盗7	3
9020110	17050507	5	-1	-1	-1	0	-1	-1	飞索海盗7	3
9020110	17050707	6	-1	-1	-1	0	-1	22	火炬武师7	4
9020110	17050607	7	-1	-1	-1	0	-1	21	海鸥海盗7	2
9020110	17050607	8	-1	-1	-1	0	-1	23	海鸥海盗7	2
9020111	18010074	5	-1	-1	-1	0	-1	-1	7飞索海盗BOSS	5
9020111	17050307	2	-1	-1	-1	0	-1	15	铁桶海盗7	3
9020111	17050307	3	-1	-1	-1	0	-1	19	路障海盗7	3
9020111	17050307	4	-1	-1	-1	0	-1	17	铁桶海盗7	3
9020111	17050607	6	-1	-1	-1	0	-1	21	海鸥海盗7	2
9020111	17050607	7	-1	-1	-1	0	-1	23	海鸥海盗7	2
9020111	17050707	5	-1	-1	-1	0	-1	25	火炬武师7	4
										
9020112	17050508	2	-1	-1	-1	0	-1	-1	飞索海盗8	3
9020112	17050308	4	-1	-1	-1	0	-1	15	路障海盗8	3
9020112	17050308	5	-1	-1	-1	0	-1	16	铁桶海盗8	3
9020112	17050308	6	-1	-1	-1	0	-1	17	铁桶海盗8	3
9020112	17050608	6	-1	-1	-1	0	-1	21	海鸥海盗8	2
9020112	17050608	6	-1	-1	-1	0	-1	23	海鸥海盗8	2
9020112	17050708	6	-1	-1	-1	0	-1	22	火炬武师8	4
9020113	17050308	2	-1	-1	-1	0	-1	15	铁桶海盗8	3
9020113	17050508	5	-1	-1	-1	0	-1	-1	飞索海盗8	3
9020113	17050308	4	-1	-1	-1	0	-1	16	路障海盗8	3
9020113	17050308	6	-1	-1	-1	0	-1	17	铁桶海盗8	3
9020113	17050608	8	-1	-1	-1	0	-1	21	海鸥海盗8	2
9020113	17050608	8	-1	-1	-1	0	-1	23	海鸥海盗8	2
9020113	17050708	8	-1	-1	-1	0	-1	22	火炬武师8	4
9020114	17050308	1	-1	-1	-1	0	-1	15	路障海盗8	3
9020114	17050308	2	-1	-1	-1	0	-1	17	铁桶海盗8	3
9020114	17050308	3	-1	-1	-1	0	-1	19	路障海盗8	3
9020114	17050708	5	-1	-1	-1	0	-1	-1	火炬武师8	4
9020114	17050608	5	-1	-1	-1	0	-1	21	海鸥海盗8	2
9020114	18010075	8	-1	-1	-1	0	-1	22	8海鸥海盗BOSS	5
9020114	17050608	9	-1	-1	-1	0	-1	23	海鸥海盗8	2
										
9020115	17050309	1	-1	-1	-1	0	-1	15	路障海盗9	3
9020115	17050309	5	-1	-1	-1	0	-1	17	铁桶海盗9	3
9020115	17050509	2	-1	-1	-1	0	-1	-1	飞索海盗9	3
9020115	17050309	1	-1	-1	-1	0	-1	19	路障海盗9	3
9020115	17050609	1	-1	-1	-1	0	-1	21	海鸥海盗9	2
9020115	17050709	5	-1	-1	-1	0	-1	25	火炬武师9	4
9020115	17050609	5	-1	-1	-1	0	-1	23	海鸥海盗9	2
9020116	17050309	1	-1	-1	-1	0	-1	16	路障海盗9	3
9020116	17050509	2	-1	-1	-1	0	-1	-1	飞索海盗9	3
9020116	17050309	4	-1	-1	-1	0	-1	15	路障海盗9	3
9020116	17050309	5	-1	-1	-1	0	-1	17	铁桶海盗9	3
9020116	17050609	6	-1	-1	-1	0	-1	21	海鸥海盗9	2
9020116	17050709	6	-1	-1	-1	0	-1	22	火炬武师9	4
9020116	17050609	6	-1	-1	-1	0	-1	23	海鸥海盗9	2
9020117	17050309	1	-1	-1	-1	0	-1	17	路障海盗9	3
9020117	17050309	2	-1	-1	-1	0	-1	19	铁桶海盗9	3
9020117	17050309	3	-1	-1	-1	0	-1	15	铁桶海盗9	3
9020117	18010076	4	-1	-1	-1	0	-1	25	9火炬武师BOSS	5
9020117	17050509	5	-1	-1	-1	0	-1	-1	飞索海盗9	3
9020117	17050609	8	-1	-1	-1	0	-1	21	海鸥海盗9	2
9020117	17050609	9	-1	-1	-1	0	-1	23	海鸥海盗9	2
										
9020118	17050310	2	-1	-1	-1	0	-1	15	铁桶海盗10	3
9020118	17050310	3	-1	-1	-1	0	-1	16	路障海盗10	3
9020118	17050510	5	-1	-1	-1	0	-1	-1	飞索海盗10	3
9020118	17050610	5	-1	-1	-1	0	-1	17	海鸥海盗10	2
9020118	17050610	5	-1	-1	-1	0	-1	21	海鸥海盗10	2
9020118	17050710	5	-1	-1	-1	0	-1	22	火炬武师10	4
9020118	17050610	5	-1	-1	-1	0	-1	23	海鸥海盗10	2
9020119	17050310	2	-1	-1	-1	0	-1	15	铁桶海盗10	3
9020119	17050510	5	-1	-1	-1	0	-1	-1	飞索海盗10	3
9020119	17050310	4	-1	-1	-1	0	-1	16	铁桶海盗10	3
9020119	17050310	5	-1	-1	-1	0	-1	17	路障海盗10	3
9020119	17050610	5	-1	-1	-1	0	-1	21	海鸥海盗10	2
9020119	17050710	5	-1	-1	-1	0	-1	22	火炬武师10	4
9020119	17050610	5	-1	-1	-1	0	-1	23	海鸥海盗10	2
9020120	19010020	3	-1	-1	-1	0	1	-1	10滚筒大格	6
9020120	17050710	5	-1	-1	-1	0	1	28	火炬武师10	4
9020120	17050710	7	-1	-1	-1	0	1	26	火炬武师10	4
9020120	17050710	9	-1	-1	-1	0	1	24	火炬武师10	4
										
9020121	17050311	1	-1	-1	-1	0	-1	16	路障海盗11	3
9020121	17050311	3	-1	-1	-1	0	-1	17	铁桶海盗11	3
9020121	17050311	5	-1	-1	-1	0	-1	15	铁桶海盗11	3
9020121	17050611	5	-1	-1	-1	0	-1	21	海鸥海盗11	2
9020121	17050711	5	-1	-1	-1	0	-1	22	火炬武师11	4
9020121	17050611	5	-1	-1	-1	0	-1	23	海鸥海盗11	2
9020121	17050511	5	-1	-1	-1	0	-1	-1	飞索海盗11	3
9020122	17050311	1	-1	-1	-1	0	-1	19	铁桶海盗11	3
9020122	17050311	2	-1	-1	-1	0	-1	17	铁桶海盗11	3
9020122	17050511	5	-1	-1	-1	0	-1	-1	飞索海盗11	3
9020122	17050311	4	-1	-1	-1	0	-1	15	路障海盗11	3
9020122	17050611	5	-1	-1	-1	0	-1	21	海鸥海盗11	2
9020122	17050611	6	-1	-1	-1	0	-1	23	海鸥海盗11	2
9020122	17050711	6	-1	-1	-1	0	-1	25	火炬武师11	4
9020123	17050311	1	-1	-1	-1	0	-1	15	路障海盗11	3
9020123	17050311	1	-1	-1	-1	0	-1	16	铁桶海盗11	3
9020123	17050311	1	-1	-1	-1	0	-1	17	路障海盗11	3
9020123	18010077	2	-1	-1	-1	0	-1	22	11路障海盗BOSS	5
9020123	17050611	4	-1	-1	-1	0	-1	21	海鸥海盗11	2
9020123	17050611	8	-1	-1	-1	0	-1	23	海鸥海盗11	2
9020123	17050711	5	-1	-1	-1	0	-1	-1	火炬武师11	4
										
9020124	17050312	1	-1	-1	-1	0	-1	15	铁桶海盗12	3
9020124	17050312	2	-1	-1	-1	0	-1	16	路障海盗12	3
9020124	17050312	3	-1	-1	-1	0	-1	17	铁桶海盗12	3
9020124	17050512	5	-1	-1	-1	0	-1	-1	飞索海盗12	3
9020124	17050612	3	-1	-1	-1	0	-1	21	海鸥海盗12	2
9020124	17050712	3	-1	-1	-1	0	-1	22	火炬武师12	4
9020124	17050612	3	-1	-1	-1	0	-1	23	海鸥海盗12	2
9020125	17050312	1	-1	-1	-1	0	-1	16	铁桶海盗12	3
9020125	17050512	2	-1	-1	-1	0	-1	-1	飞索海盗12	3
9020125	17050312	3	-1	-1	-1	0	-1	17	路障海盗12	3
9020125	17050312	4	-1	-1	-1	0	-1	15	路障海盗12	3
9020125	17050612	5	-1	-1	-1	0	-1	21	海鸥海盗12	2
9020125	17050712	5	-1	-1	-1	0	-1	22	火炬武师12	4
9020125	17050612	5	-1	-1	-1	0	-1	23	海鸥海盗12	2
9020126	17050312	1	-1	-1	-1	0	-1	15	路障海盗12	3
9020126	18010078	2	-1	-1	-1	0	-1	-1	12飞索海盗BOSS	5
9020126	17050312	3	-1	-1	-1	0	-1	16	路障海盗12	3
9020126	17050312	4	-1	-1	-1	0	-1	17	铁桶海盗12	3
9020126	17050712	5	-1	-1	-1	0	-1	22	火炬武师12	4
9020126	17050612	8	-1	-1	-1	0	-1	21	海鸥海盗12	2
9020126	17050612	8	-1	-1	-1	0	-1	23	海鸥海盗12	2
										
9020127	17050313	1	-1	-1	-1	0	-1	15	路障海盗13	3
9020127	17050313	5	-1	-1	-1	0	-1	16	铁桶海盗13	3
9020127	17050313	6	-1	-1	-1	0	-1	17	路障海盗13	3
9020127	17050613	6	-1	-1	-1	0	-1	21	海鸥海盗13	2
9020127	17050713	6	-1	-1	-1	0	-1	22	火炬武师13	4
9020127	17050613	6	-1	-1	-1	0	-1	23	海鸥海盗13	2
9020127	17050513	5	-1	-1	-1	0	-1	-1	飞索海盗13	3
9020128	17050313	1	-1	-1	-1	0	-1	17	路障海盗13	3
9020128	17050313	2	-1	-1	-1	0	-1	16	路障海盗13	3
9020128	17050313	3	-1	-1	-1	0	-1	15	铁桶海盗13	3
9020128	17050613	5	-1	-1	-1	0	-1	21	海鸥海盗13	2
9020128	17050713	6	-1	-1	-1	0	-1	22	火炬武师13	4
9020128	17050613	7	-1	-1	-1	0	-1	23	海鸥海盗13	2
9020128	17050613	5	-1	-1	-1	0	-1	-1	海鸥海盗13	2
9020129	17050313	1	-1	-1	-1	0	-1	17	铁桶海盗13	3
9020129	17050213	2	-1	-1	-1	0	-1	16	旗帜海盗13	1
9020129	17050313	3	-1	-1	-1	0	-1	15	铁桶海盗13	3
9020129	17050613	7	-1	-1	-1	0	-1	21	海鸥海盗13	2
9020129	17050713	6	-1	-1	-1	0	-1	22	火炬武师13	4
9020129	17050613	7	-1	-1	-1	0	-1	23	海鸥海盗13	2
9020129	18010079	8	-1	-1	-1	0	-1	-1	13海鸥海盗BOSS	5
										
9020130	17050314	2	-1	-1	-1	0	-1	15	路障海盗14	3
9020130	17050314	4	-1	-1	-1	0	-1	16	铁桶海盗14	3
9020130	17050314	6	-1	-1	-1	0	-1	17	路障海盗14	3
9020130	17050614	2	-1	-1	-1	0	-1	21	海鸥海盗14	2
9020130	17050714	4	-1	-1	-1	0	-1	22	火炬武师14	4
9020130	17050614	6	-1	-1	-1	0	-1	23	海鸥海盗14	2
9020130	17050514	5	-1	-1	-1	0	-1	-1	飞索海盗14	3
9020131	17050314	1	-1	-1	-1	0	-1	16	路障海盗14	3
9020131	17050314	2	-1	-1	-1	0	-1	15	铁桶海盗14	3
9020131	17050314	3	-1	-1	-1	0	-1	17	路障海盗14	3
9020131	17050614	4	-1	-1	-1	0	-1	21	海鸥海盗14	2
9020131	17050614	5	-1	-1	-1	0	-1	23	海鸥海盗14	2
9020131	17050714	6	-1	-1	-1	0	-1	22	火炬武师14	4
9020131	17050514	5	-1	-1	-1	0	-1	-1	飞索海盗14	3
9020132	17050314	1	-1	-1	-1	0	-1	15	路障海盗14	3
9020132	17050314	2	-1	-1	-1	0	-1	16	铁桶海盗14	3
9020132	17050314	2	-1	-1	-1	0	-1	17	铁桶海盗14	3
9020132	17050514	5	-1	-1	-1	0	-1	-1	飞索海盗14	3
9020132	18010080	5	-1	-1	-1	0	-1	22	14火炬武师BOSS	5
9020132	17050614	7	-1	-1	-1	0	-1	21	海鸥海盗14	2
9020132	17050614	9	-1	-1	-1	0	-1	23	海鸥海盗14	2
										
9020133	17050315	3	-1	-1	-1	0	-1	15	铁桶海盗15	3
9020133	17050315	4	-1	-1	-1	0	-1	16	路障海盗15	3
9020133	17050315	5	-1	-1	-1	0	-1	17	铁桶海盗15	3
9020133	17050615	6	-1	-1	-1	0	-1	21	海鸥海盗15	2
9020133	17050715	6	-1	-1	-1	0	-1	22	火炬武师15	4
9020133	17050615	6	-1	-1	-1	0	-1	23	海鸥海盗15	2
9020133	17050515	5	-1	-1	-1	0	-1	-1	飞索海盗15	3
9020134	17050315	1	-1	-1	-1	0	-1	15	路障海盗15	3
9020134	17050315	2	-1	-1	-1	0	-1	16	铁桶海盗15	3
9020134	17050315	4	-1	-1	-1	0	-1	17	路障海盗15	3
9020134	17050615	5	-1	-1	-1	0	-1	21	海鸥海盗15	2
9020134	17050715	6	-1	-1	-1	0	-1	22	火炬武师15	4
9020134	17050615	5	-1	-1	-1	0	-1	23	海鸥海盗15	2
9020134	17050515	5	-1	-1	-1	0	-1	-1	飞索海盗15	3
9020135	19010019	3	-1	-1	-1	0	1	-1	15海鸥海盗大格	6
9020135	17050715	4	-1	-1	-1	0	1	24	火炬武师15	4
9020135	17050715	5	-1	-1	-1	0	1	26	火炬武师15	4
9020135	17050715	6	-1	-1	-1	0	1	28	火炬武师15	4
										
9020136	17050316	2	-1	-1	-1	0	-1	15	路障海盗16	3
9020136	17050316	3	-1	-1	-1	0	-1	16	铁桶海盗16	3
9020136	17050316	4	-1	-1	-1	0	-1	17	路障海盗16	3
9020136	17050616	5	-1	-1	-1	0	-1	21	海鸥海盗16	2
9020136	17050616	5	-1	-1	-1	0	-1	23	海鸥海盗16	2
9020136	17050716	5	-1	-1	-1	0	-1	22	火炬武师16	4
9020136	17050516	5	-1	-1	-1	0	-1	-1	飞索海盗16	3
9020137	17050316	1	-1	-1	-1	0	-1	15	路障海盗16	3
9020137	17050316	2	-1	-1	-1	0	-1	17	铁桶海盗16	3
9020137	17050316	3	-1	-1	-1	0	-1	19	路障海盗16	3
9020137	17050616	4	-1	-1	-1	0	-1	21	海鸥海盗16	2
9020137	17050716	5	-1	-1	-1	0	-1	25	火炬武师16	4
9020137	17050616	9	-1	-1	-1	0	-1	23	海鸥海盗16	2
9020137	17050516	5	-1	-1	-1	0	-1	-1	飞索海盗16	3
9020138	17050316	1	-1	-1	-1	0	-1	15	路障海盗16	3
9020138	17050316	1	-1	-1	-1	0	-1	16	铁桶海盗16	3
9020138	18010081	2	-1	-1	-1	0	-1	22	16路障海盗BOSS	5
9020138	17050316	3	-1	-1	-1	0	-1	17	路障海盗16	3
9020138	17050716	5	-1	-1	-1	0	-1	-1	火炬武师16	4
9020138	17050616	6	-1	-1	-1	0	-1	21	海鸥海盗16	2
9020138	17050616	8	-1	-1	-1	0	-1	23	海鸥海盗16	2
										
9020139	17050317	1	-1	-1	-1	0	-1	13	路障海盗17	3
9020139	17050317	2	-1	-1	-1	0	-1	15	路障海盗17	3
9020139	17050317	5	-1	-1	-1	0	-1	17	铁桶海盗17	3
9020139	17050717	6	-1	-1	-1	0	-1	19	火炬武师17	4
9020139	17050617	5	-1	-1	-1	0	-1	21	海鸥海盗17	2
9020139	17050617	5	-1	-1	-1	0	-1	23	海鸥海盗17	2
9020139	17050517	5	-1	-1	-1	0	-1	-1	飞索海盗17	3
9020140	17050317	1	-1	-1	-1	0	-1	15	铁桶海盗17	3
9020140	17050317	3	-1	-1	-1	0	-1	16	路障海盗17	3
9020140	17050317	4	-1	-1	-1	0	-1	17	铁桶海盗17	3
9020140	17050617	5	-1	-1	-1	0	-1	21	海鸥海盗17	2
9020140	17050717	6	-1	-1	-1	0	-1	22	火炬武师17	4
9020140	17050617	8	-1	-1	-1	0	-1	23	海鸥海盗17	2
9020140	17050517	8	-1	-1	-1	0	-1	-1	飞索海盗17	3
9020141	17050217	1	-1	-1	-1	0	-1	15	旗帜海盗17	1
9020141	18010082	2	-1	-1	-1	0	-1	-1	17飞索海盗BOSS	5
9020141	17050217	3	-1	-1	-1	0	-1	16	旗帜海盗17	1
9020141	17050217	3	-1	-1	-1	0	-1	17	旗帜海盗17	1
9020141	17050617	5	-1	-1	-1	0	-1	21	海鸥海盗17	2
9020141	17050717	7	-1	-1	-1	0	-1	22	火炬武师17	4
9020141	17050617	9	-1	-1	-1	0	-1	23	海鸥海盗17	2
										
9020142	17050318	3	-1	-1	-1	0	-1	15	路障海盗18	3
9020142	17050318	4	-1	-1	-1	0	-1	16	铁桶海盗18	3
9020142	17050318	5	-1	-1	-1	0	-1	17	路障海盗18	3
9020142	17050618	6	-1	-1	-1	0	-1	21	海鸥海盗18	2
9020142	17050718	6	-1	-1	-1	0	-1	22	火炬武师18	4
9020142	17050618	6	-1	-1	-1	0	-1	23	海鸥海盗18	2
9020142	17050518	5	-1	-1	-1	0	-1	-1	飞索海盗18	3
9020143	17050318	1	-1	-1	-1	0	-1	15	路障海盗18	3
9020143	17050318	2	-1	-1	-1	0	-1	16	铁桶海盗18	3
9020143	17050318	3	-1	-1	-1	0	-1	17	路障海盗18	3
9020143	17050718	4	-1	-1	-1	0	-1	22	火炬武师18	4
9020143	17050618	5	-1	-1	-1	0	-1	21	海鸥海盗18	2
9020143	17050618	5	-1	-1	-1	0	-1	23	海鸥海盗18	2
9020143	17050518	5	-1	-1	-1	0	-1	-1	飞索海盗18	3
9020144	17050318	1	-1	-1	-1	0	-1	17	铁桶海盗18	3
9020144	17050318	2	-1	-1	-1	0	-1	15	路障海盗18	3
9020144	17050318	3	-1	-1	-1	0	-1	19	铁桶海盗18	3
9020144	17050718	4	-1	-1	-1	0	-1	21	火炬武师18	4
9020144	17050518	5	-1	-1	-1	0	-1	-1	飞索海盗18	3
9020144	17050618	6	-1	-1	-1	0	-1	23	海鸥海盗18	2
9020144	18010083	8	-1	-1	-1	0	-1	25	18海鸥海盗BOSS	5
										
9020145	17050319	1	-1	-1	-1	0	-1	15	路障海盗19	3
9020145	17050319	5	-1	-1	-1	0	-1	17	路障海盗19	3
9020145	17050319	6	-1	-1	-1	0	-1	19	铁桶海盗19	3
9020145	17050619	5	-1	-1	-1	0	-1	21	海鸥海盗19	2
9020145	17050619	5	-1	-1	-1	0	-1	23	海鸥海盗19	2
9020145	17050719	5	-1	-1	-1	0	-1	25	火炬武师19	4
9020145	17050519	5	-1	-1	-1	0	-1	-1	飞索海盗19	3
9020146	17050319	2	-1	-1	-1	0	-1	15	路障海盗19	3
9020146	17050319	3	-1	-1	-1	0	-1	17	路障海盗19	3
9020146	17050319	4	-1	-1	-1	0	-1	19	铁桶海盗19	3
9020146	17050619	6	-1	-1	-1	0	-1	21	海鸥海盗19	2
9020146	17050619	7	-1	-1	-1	0	-1	23	海鸥海盗19	2
9020146	17050719	8	-1	-1	-1	0	-1	25	火炬武师19	4
9020146	17050519	8	-1	-1	-1	0	-1	-1	飞索海盗19	3
9020147	17050319	1	-1	-1	-1	0	-1	15	铁桶海盗19	3
9020147	17050319	2	-1	-1	-1	0	-1	16	路障海盗19	3
9020147	17050319	3	-1	-1	-1	0	-1	17	铁桶海盗19	3
9020147	17050619	4	-1	-1	-1	0	-1	21	海鸥海盗19	2
9020147	18010084	8	-1	-1	-1	0	-1	22	19火炬武师BOSS	5
9020147	17050619	9	-1	-1	-1	0	-1	23	海鸥海盗19	2
9020147	17050519	5	-1	-1	-1	0	-1	-1	飞索海盗19	3
										
9020148	17050320	2	-1	-1	-1	0	-1	15	铁桶海盗20	3
9020148	17050320	3	-1	-1	-1	0	-1	16	路障海盗20	3
9020148	17050320	4	-1	-1	-1	0	-1	17	铁桶海盗20	3
9020148	17050620	5	-1	-1	-1	0	-1	21	海鸥海盗20	2
9020148	17050720	5	-1	-1	-1	0	-1	22	火炬武师20	4
9020148	17050620	5	-1	-1	-1	0	-1	23	海鸥海盗20	2
9020148	17050520	5	-1	-1	-1	0	-1	-1	飞索海盗20	3
9020149	17050320	1	-1	-1	-1	0	-1	15	路障海盗20	3
9020149	17050320	2	-1	-1	-1	0	-1	16	铁桶海盗20	3
9020149	17050320	3	-1	-1	-1	0	-1	17	路障海盗20	3
9020149	17050620	4	-1	-1	-1	0	-1	21	海鸥海盗20	2
9020149	17050720	6	-1	-1	-1	0	-1	22	火炬武师20	4
9020149	17050620	6	-1	-1	-1	0	-1	23	海鸥海盗20	2
9020149	17050520	5	-1	-1	-1	0	-1	-1	飞索海盗20	3
9020150	19010021	3	-1	-1	-1	0	1	-1	20飞索海盗大格	6
9020150	17050720	4	-1	-1	-1	0	1	28	火炬武师20	4
9020150	17050720	5	-1	-1	-1	0	1	26	火炬武师20	4
9020150	17050720	6	-1	-1	-1	0	1	24	火炬武师20	4
										
9020151	17050321	1	-1	-1	-1	0	-1	15	路障海盗21	3
9020151	17050321	3	-1	-1	-1	0	-1	17	路障海盗21	3
9020151	17050321	5	-1	-1	-1	0	-1	19	铁桶海盗21	3
9020151	17050621	5	-1	-1	-1	0	-1	21	海鸥海盗21	2
9020151	17050621	5	-1	-1	-1	0	-1	23	海鸥海盗21	2
9020151	17050721	5	-1	-1	-1	0	-1	25	火炬武师21	4
9020151	17050521	5	-1	-1	-1	0	-1	-1	飞索海盗21	3
9020152	17050321	1	-1	-1	-1	0	-1	15	路障海盗21	3
9020152	17050321	2	-1	-1	-1	0	-1	17	路障海盗21	3
9020152	17050321	4	-1	-1	-1	0	-1	19	铁桶海盗21	3
9020152	17050621	6	-1	-1	-1	0	-1	21	海鸥海盗21	2
9020152	17050621	8	-1	-1	-1	0	-1	23	海鸥海盗21	2
9020152	17050721	8	-1	-1	-1	0	-1	25	火炬武师21	4
9020152	17050521	8	-1	-1	-1	0	-1	-1	飞索海盗21	3
9020153	18010085	1	-1	-1	-1	0	-1	25	21路障海盗BOSS	5
9020153	17050321	2	-1	-1	-1	0	-1	19	路障海盗21	3
9020153	17050321	3	-1	-1	-1	0	-1	17	路障海盗21	3
9020153	17050321	4	-1	-1	-1	0	-1	15	铁桶海盗21	3
9020153	17050721	5	-1	-1	-1	0	-1	-1	火炬武师21	4
9020153	17050621	7	-1	-1	-1	0	-1	21	海鸥海盗21	2
9020153	17050621	9	-1	-1	-1	0	-1	23	海鸥海盗21	2
										
9020154	17050322	1	-1	-1	-1	0	-1	15	铁桶海盗22	3
9020154	17050322	2	-1	-1	-1	0	-1	17	铁桶海盗22	3
9020154	17050322	3	-1	-1	-1	0	-1	19	路障海盗22	3
9020154	17050622	5	-1	-1	-1	0	-1	21	海鸥海盗22	2
9020154	17050622	2	-1	-1	-1	0	-1	23	海鸥海盗22	2
9020154	17050722	2	-1	-1	-1	0	-1	25	火炬武师22	4
9020154	17050522	2	-1	-1	-1	0	-1	-1	飞索海盗22	3
9020155	17050322	1	-1	-1	-1	0	-1	15	路障海盗22	3
9020155	17050322	2	-1	-1	-1	0	-1	17	路障海盗22	3
9020155	17050322	3	-1	-1	-1	0	-1	19	铁桶海盗22	3
9020155	17050622	4	-1	-1	-1	0	-1	21	海鸥海盗22	2
9020155	17050622	8	-1	-1	-1	0	-1	23	海鸥海盗22	2
9020155	17050722	9	-1	-1	-1	0	-1	25	火炬武师22	4
9020155	17050522	5	-1	-1	-1	0	-1	-1	飞索海盗22	3
9020156	17050322	1	-1	-1	-1	0	-1	15	铁桶海盗22	3
9020156	18010086	5	-1	-1	-1	0	-1	-1	22飞索海盗BOSS	5
9020156	17050322	3	-1	-1	-1	0	-1	17	路障海盗22	3
9020156	17050322	4	-1	-1	-1	0	-1	19	路障海盗22	3
9020156	17050622	5	-1	-1	-1	0	-1	21	海鸥海盗22	2
9020156	17050622	6	-1	-1	-1	0	-1	23	海鸥海盗22	2
9020156	17050722	9	-1	-1	-1	0	-1	25	火炬武师22	4
										
9020157	17050323	1	-1	-1	-1	0	-1	15	铁桶海盗23	3
9020157	17050323	3	-1	-1	-1	0	-1	17	铁桶海盗23	3
9020157	17050323	5	-1	-1	-1	0	-1	19	路障海盗23	3
9020157	17050623	6	-1	-1	-1	0	-1	21	海鸥海盗23	2
9020157	17050623	6	-1	-1	-1	0	-1	23	海鸥海盗23	2
9020157	17050723	6	-1	-1	-1	0	-1	25	火炬武师23	4
9020157	17050523	5	-1	-1	-1	0	-1	-1	飞索海盗23	3
9020158	17050323	1	-1	-1	-1	0	-1	15	铁桶海盗23	3
9020158	17050323	2	-1	-1	-1	0	-1	16	路障海盗23	3
9020158	17050323	3	-1	-1	-1	0	-1	17	铁桶海盗23	3
9020158	17050623	4	-1	-1	-1	0	-1	21	海鸥海盗23	2
9020158	17050723	5	-1	-1	-1	0	-1	22	火炬武师23	4
9020158	17050623	6	-1	-1	-1	0	-1	23	海鸥海盗23	2
9020158	17050523	8	-1	-1	-1	0	-1	-1	飞索海盗23	3
9020159	17050323	1	-1	-1	-1	0	-1	15	铁桶海盗23	3
9020159	17050323	2	-1	-1	-1	0	-1	16	路障海盗23	3
9020159	17050323	3	-1	-1	-1	0	-1	17	铁桶海盗23	3
9020159	17050623	4	-1	-1	-1	0	-1	21	海鸥海盗23	2
9020159	17050723	5	-1	-1	-1	0	-1	22	火炬武师23	4
9020159	17050623	6	-1	-1	-1	0	-1	23	海鸥海盗23	2
9020159	18010087	5	-1	-1	-1	0	-1	-1	23海鸥海盗BOSS	5
										
9020160	17050324	1	-1	-1	-1	0	-1	15	铁桶海盗24	3
9020160	17050324	2	-1	-1	-1	0	-1	16	路障海盗24	3
9020160	17050324	4	-1	-1	-1	0	-1	17	铁桶海盗24	3
9020160	17050624	6	-1	-1	-1	0	-1	21	海鸥海盗24	2
9020160	17050724	2	-1	-1	-1	0	-1	22	火炬武师24	4
9020160	17050624	2	-1	-1	-1	0	-1	23	海鸥海盗24	2
9020160	17050524	2	-1	-1	-1	0	-1	-1	飞索海盗24	3
9020161	17050324	1	-1	-1	-1	0	-1	15	路障海盗24	3
9020161	17050324	2	-1	-1	-1	0	-1	17	路障海盗24	3
9020161	17050324	3	-1	-1	-1	0	-1	19	铁桶海盗24	3
9020161	17050624	5	-1	-1	-1	0	-1	21	海鸥海盗24	2
9020161	17050624	7	-1	-1	-1	0	-1	23	海鸥海盗24	2
9020161	17050724	9	-1	-1	-1	0	-1	25	火炬武师24	4
9020161	17050524	5	-1	-1	-1	0	-1	-1	飞索海盗24	3
9020162	17050324	1	-1	-1	-1	0	-1	15	路障海盗24	3
9020162	17050324	2	-1	-1	-1	0	-1	19	铁桶海盗24	3
9020162	17050324	3	-1	-1	-1	0	-1	17	路障海盗24	3
9020162	17050624	4	-1	-1	-1	0	-1	21	海鸥海盗24	2
9020162	17050624	5	-1	-1	-1	0	-1	23	海鸥海盗24	2
9020162	17050524	2	-1	-1	-1	0	-1	-1	飞索海盗24	3
9020162	18010088	8	-1	-1	-1	0	-1	25	24火炬武师BOSS	5
										
9020163	17050325	1	-1	-1	-1	0	-1	17	路障海盗25	3
9020163	17050325	2	-1	-1	-1	0	-1	16	铁桶海盗25	3
9020163	17050525	5	-1	-1	-1	0	-1	-1	飞索海盗25	3
9020163	17050325	4	-1	-1	-1	0	-1	15	路障海盗25	3
9020163	17050625	4	-1	-1	-1	0	-1	21	海鸥海盗25	2
9020163	17050625	4	-1	-1	-1	0	-1	23	海鸥海盗25	2
9020163	17050725	4	-1	-1	-1	0	-1	22	火炬武师25	4
9020164	17050325	1	-1	-1	-1	0	-1	15	路障海盗25	3
9020164	17050325	2	-1	-1	-1	0	-1	19	铁桶海盗25	3
9020164	17050325	3	-1	-1	-1	0	-1	17	路障海盗25	3
9020164	17050625	5	-1	-1	-1	0	-1	21	海鸥海盗25	2
9020164	17050625	5	-1	-1	-1	0	-1	23	海鸥海盗25	2
9020164	17050725	5	-1	-1	-1	0	-1	25	火炬武师25	4
9020164	17050525	5	-1	-1	-1	0	-1	-1	飞索海盗25	3
9020165	19010022	3	-1	-1	-1	0	1	-1	25船长大格	6
9020165	17050725	4	-1	-1	-1	0	1	26	火炬武师25	4
9020165	17050725	5	-1	-1	-1	0	1	24	火炬武师25	4
9020165	17050725	6	-1	-1	-1	0	1	28	火炬武师25	4
										
9020166	17050326	1	-1	-1	-1	0	-1	17	路障海盗26	3
9020166	17050326	2	-1	-1	-1	0	-1	16	铁桶海盗26	3
9020166	17050326	3	-1	-1	-1	0	-1	15	路障海盗26	3
9020166	17050626	5	-1	-1	-1	0	-1	21	海鸥海盗26	2
9020166	17050726	5	-1	-1	-1	0	-1	22	火炬武师26	4
9020166	17050626	5	-1	-1	-1	0	-1	23	海鸥海盗26	2
9020166	17050526	5	-1	-1	-1	0	-1	-1	飞索海盗26	3
9020167	17050326	2	-1	-1	-1	0	-1	15	路障海盗26	3
9020167	17050326	3	-1	-1	-1	0	-1	16	铁桶海盗26	3
9020167	17050326	4	-1	-1	-1	0	-1	17	路障海盗26	3
9020167	17050626	5	-1	-1	-1	0	-1	21	海鸥海盗26	2
9020167	17050726	4	-1	-1	-1	0	-1	22	火炬武师26	4
9020167	17050626	4	-1	-1	-1	0	-1	23	海鸥海盗26	2
9020167	17050526	5	-1	-1	-1	0	-1	-1	飞索海盗26	3
9020168	17050326	1	-1	-1	-1	0	-1	15	路障海盗26	3
9020168	18010089	2	-1	-1	-1	0	-1	22	26路障海盗BOSS	5
9020168	17050326	3	-1	-1	-1	0	-1	16	路障海盗26	3
9020168	17050326	4	-1	-1	-1	0	-1	17	铁桶海盗26	3
9020168	17050626	6	-1	-1	-1	0	-1	21	海鸥海盗26	2
9020168	17050626	7	-1	-1	-1	0	-1	23	海鸥海盗26	2
9020168	17050726	5	-1	-1	-1	0	-1	-1	火炬武师26	4
										
9020169	17050327	1	-1	-1	-1	0	-1	19	铁桶海盗27	3
9020169	17050327	3	-1	-1	-1	0	-1	17	路障海盗27	3
9020169	17050327	5	-1	-1	-1	0	-1	15	路障海盗27	3
9020169	17050627	5	-1	-1	-1	0	-1	21	海鸥海盗27	2
9020169	17050627	5	-1	-1	-1	0	-1	23	海鸥海盗27	2
9020169	17050727	5	-1	-1	-1	0	-1	25	火炬武师27	4
9020169	17050527	5	-1	-1	-1	0	-1	-1	飞索海盗27	3
9020170	17050327	1	-1	-1	-1	0	-1	15	路障海盗27	3
9020170	17050327	2	-1	-1	-1	0	-1	17	路障海盗27	3
9020170	17050327	3	-1	-1	-1	0	-1	19	铁桶海盗27	3
9020170	17050627	5	-1	-1	-1	0	-1	21	海鸥海盗27	2
9020170	17050627	6	-1	-1	-1	0	-1	23	海鸥海盗27	2
9020170	17050727	7	-1	-1	-1	0	-1	25	火炬武师27	4
9020170	17050527	5	-1	-1	-1	0	-1	-1	飞索海盗27	3
9020171	17050327	1	-1	-1	-1	0	-1	17	铁桶海盗27	3
9020171	18010090	2	-1	-1	-1	0	-1	-1	27飞索海盗BOSS	5
9020171	17050327	3	-1	-1	-1	0	-1	15	路障海盗27	3
9020171	17050327	4	-1	-1	-1	0	-1	19	铁桶海盗27	3
9020171	17050627	5	-1	-1	-1	0	-1	21	海鸥海盗27	2
9020171	17050727	6	-1	-1	-1	0	-1	25	火炬武师27	4
9020171	17050627	9	-1	-1	-1	0	-1	23	海鸥海盗27	2
										
9020172	17050328	1	-1	-1	-1	0	-1	19	路障海盗28	3
9020172	17050328	2	-1	-1	-1	0	-1	17	铁桶海盗28	3
9020172	17050328	4	-1	-1	-1	0	-1	15	铁桶海盗28	3
9020172	17050628	5	-1	-1	-1	0	-1	21	海鸥海盗28	2
9020172	17050628	6	-1	-1	-1	0	-1	23	海鸥海盗28	2
9020172	17050728	5	-1	-1	-1	0	-1	25	火炬武师28	4
9020172	17050528	5	-1	-1	-1	0	-1	-1	飞索海盗28	3
9020173	17050328	1	-1	-1	-1	0	-1	15	路障海盗28	3
9020173	17050328	2	-1	-1	-1	0	-1	19	铁桶海盗28	3
9020173	17050328	3	-1	-1	-1	0	-1	17	路障海盗28	3
9020173	17050628	4	-1	-1	-1	0	-1	21	海鸥海盗28	2
9020173	17050528	5	-1	-1	-1	0	-1	-1	飞索海盗28	3
9020173	17050628	6	-1	-1	-1	0	-1	23	海鸥海盗28	2
9020173	17050728	6	-1	-1	-1	0	-1	25	火炬武师28	4
9020174	17050328	1	-1	-1	-1	0	-1	15	路障海盗28	3
9020174	17050328	2	-1	-1	-1	0	-1	19	铁桶海盗28	3
9020174	17050328	3	-1	-1	-1	0	-1	17	路障海盗28	3
9020174	17050628	4	-1	-1	-1	0	-1	21	海鸥海盗28	2
9020174	17050628	5	-1	-1	-1	0	-1	23	海鸥海盗28	2
9020174	17050728	6	-1	-1	-1	0	-1	25	火炬武师28	4
9020174	18010091	5	-1	-1	-1	0	-1	-1	28海鸥海盗BOSS	5
										
9020175	17050329	2	-1	-1	-1	0	-1	15	铁桶海盗29	3
9020175	17050329	4	-1	-1	-1	0	-1	16	路障海盗29	3
9020175	17050329	5	-1	-1	-1	0	-1	17	铁桶海盗29	3
9020175	17050629	6	-1	-1	-1	0	-1	21	海鸥海盗29	2
9020175	17050729	6	-1	-1	-1	0	-1	22	火炬武师29	4
9020175	17050629	6	-1	-1	-1	0	-1	23	海鸥海盗29	2
9020175	17050529	5	-1	-1	-1	0	-1	-1	飞索海盗29	3
9020176	17050329	1	-1	-1	-1	0	-1	19	路障海盗29	3
9020176	17050329	2	-1	-1	-1	0	-1	17	路障海盗29	3
9020176	17050329	3	-1	-1	-1	0	-1	15	铁桶海盗29	3
9020176	17050629	5	-1	-1	-1	0	-1	21	海鸥海盗29	2
9020176	17050729	7	-1	-1	-1	0	-1	25	火炬武师29	4
9020176	17050629	9	-1	-1	-1	0	-1	23	海鸥海盗29	2
9020176	17050529	5	-1	-1	-1	0	-1	-1	飞索海盗29	3
9020177	17050329	1	-1	-1	-1	0	-1	19	路障海盗29	3
9020177	17050329	2	-1	-1	-1	0	-1	17	铁桶海盗29	3
9020177	17050329	3	-1	-1	-1	0	-1	15	路障海盗29	3
9020177	17050629	4	-1	-1	-1	0	-1	21	海鸥海盗29	2
9020177	17050529	5	-1	-1	-1	0	-1	-1	飞索海盗29	3
9020177	18010092	8	-1	-1	-1	0	-1	25	29火炬武师BOSS	5
9020177	17050629	9	-1	-1	-1	0	-1	23	海鸥海盗29	2
										
9020178	17050330	1	-1	-1	-1	0	-1	15	铁桶海盗30	3
9020178	17050330	2	-1	-1	-1	0	-1	16	路障海盗30	3
9020178	17050330	3	-1	-1	-1	0	-1	17	铁桶海盗30	3
9020178	17050630	4	-1	-1	-1	0	-1	21	海鸥海盗30	2
9020178	17050730	6	-1	-1	-1	0	-1	22	火炬武师30	4
9020178	17050630	6	-1	-1	-1	0	-1	23	海鸥海盗30	2
9020178	17050530	6	-1	-1	-1	0	-1	-1	飞索海盗30	3
9020179	17050330	1	-1	-1	-1	0	-1	15	路障海盗30	3
9020179	17050330	2	-1	-1	-1	0	-1	16	铁桶海盗30	3
9020179	17050330	3	-1	-1	-1	0	-1	17	路障海盗30	3
9020179	17050630	5	-1	-1	-1	0	-1	21	海鸥海盗30	2
9020179	17050730	5	-1	-1	-1	0	-1	22	火炬武师30	4
9020179	17050630	5	-1	-1	-1	0	-1	23	海鸥海盗30	2
9020179	17050530	5	-1	-1	-1	0	-1	-1	飞索海盗30	3
9020180	19010023	3	-1	-1	-1	0	1	-1	30船长大格	6
9020180	17050730	4	-1	-1	-1	0	1	26	火炬武师30	4
9020180	17050730	6	-1	-1	-1	0	1	24	火炬武师30	4
9020180	17050730	8	-1	-1	-1	0	1	28	火炬武师30	4
										
										
										
9020181	17060101	1	-1	-1	-1	0	-1	15	普通牛仔1	1
9020181	17060101	2	-1	-1	-1	0	-1	17	普通牛仔1	1
9020181	17060101	5	-1	-1	-1	0	-1	19	普通牛仔1	1
9020181	17060201	6	-1	-1	-1	0	-1	21	路障牛仔1	3
9020181	17060601	6	-1	-1	-1	0	-1	25	钢琴僵尸1	4
9020181	17060201	6	-1	-1	-1	0	-1	23	路障牛仔1	3
9020182	17060201	1	-1	-1	-1	0	-1	15	路障牛仔1	3
9020182	17060201	2	-1	-1	-1	0	-1	17	铁桶牛仔1	3
9020182	17060201	3	-1	-1	-1	0	-1	19	路障牛仔1	3
9020182	17060401	5	-1	-1	-1	0	-1	21	淘金僵尸1	2
9020182	17060601	6	-1	-1	-1	0	-1	23	钢琴僵尸1	4
9020182	17060401	6	-1	-1	-1	0	-1	25	淘金僵尸1	2
9020183	17060201	1	-1	-1	-1	0	-1	15	路障牛仔1	3
9020183	18010093	2	-1	-1	-1	0	-1	25	1路障牛仔BOSS	5
9020183	17060201	3	-1	-1	-1	0	-1	17	路障牛仔1	3
9020183	17060201	4	-1	-1	-1	0	-1	19	路障牛仔1	3
9020183	17060101	5	-1	-1	-1	0	-1	21	普通牛仔1	1
9020183	17060101	6	-1	-1	-1	0	-1	23	普通牛仔1	1
9020183	17060601	5	-1	-1	-1	0	-1	-1	钢琴僵尸1	4
										
9020184	17060102	2	-1	-1	-1	0	-1	15	普通牛仔2	1
9020184	17060202	4	-1	-1	-1	0	-1	16	路障牛仔2	3
9020184	17060102	5	-1	-1	-1	0	-1	17	普通牛仔2	1
9020184	17060202	6	-1	-1	-1	0	-1	21	铁桶牛仔2	3
9020184	17060602	5	-1	-1	-1	0	-1	22	钢琴僵尸2	4
9020184	17060202	5	-1	-1	-1	0	-1	23	铁桶牛仔2	3
9020185	17060202	1	-1	-1	-1	0	-1	17	路障牛仔2	3
9020185	17060202	2	-1	-1	-1	0	-1	16	路障牛仔2	3
9020185	17060202	3	-1	-1	-1	0	-1	15	路障牛仔2	3
9020185	17060602	4	-1	-1	-1	0	-1	22	钢琴僵尸2	4
9020185	17060102	5	-1	-1	-1	0	-1	21	普通牛仔2	1
9020185	17060102	6	-1	-1	-1	0	-1	23	普通牛仔2	1
9020186	17060202	1	-1	-1	-1	0	-1	15	铁桶牛仔2	3
9020186	17060202	2	-1	-1	-1	0	-1	16	铁桶牛仔2	3
9020186	17060202	3	-1	-1	-1	0	-1	17	路障牛仔2	3
9020186	17060602	6	-1	-1	-1	0	-1	21	钢琴僵尸2	4
9020186	17060602	7	-1	-1	-1	0	-1	23	钢琴僵尸2	4
9020186	17060202	3	-1	-1	-1	0	-1	22	路障牛仔2	3
9020186	18010094	8	-1	-1	-1	0	-1	-1	2钢琴BOSS	5
										
9020187	17060203	2	-1	-1	-1	0	-1	17	路障牛仔3	3
9020187	17060203	3	-1	-1	-1	0	-1	19	铁桶牛仔3	3
9020187	17060203	4	-1	-1	-1	0	-1	15	路障牛仔3	3
9020187	17060403	5	-1	-1	-1	0	-1	21	淘金僵尸3	2
9020187	17060403	5	-1	-1	-1	0	-1	23	淘金僵尸3	2
9020187	17060603	5	-1	-1	-1	0	-1	25	钢琴僵尸3	4
9020188	17060203	1	-1	-1	-1	0	-1	17	路障牛仔3	3
9020188	17060203	2	-1	-1	-1	0	-1	16	铁桶牛仔3	3
9020188	17060203	3	-1	-1	-1	0	-1	15	铁桶牛仔3	3
9020188	17060603	4	-1	-1	-1	0	-1	22	钢琴僵尸3	4
9020188	17060403	5	-1	-1	-1	0	-1	21	淘金僵尸3	2
9020188	17060403	6	-1	-1	-1	0	-1	23	淘金僵尸3	2
9020189	17060203	1	-1	-1	-1	0	-1	17	路障牛仔3	3
9020189	18010095	2	-1	-1	-1	0	-1	22	3路障牛仔BOSS	5
9020189	17060203	3	-1	-1	-1	0	-1	15	路障牛仔3	3
9020189	17060203	5	-1	-1	-1	0	-1	16	铁桶牛仔3	3
9020189	17060403	6	-1	-1	-1	0	-1	21	淘金僵尸3	2
9020189	17060403	7	-1	-1	-1	0	-1	23	淘金僵尸3	2
9020189	17060603	5	-1	-1	-1	0	-1	-1	钢琴僵尸3	4
										
9020190	17060204	2	-1	-1	-1	0	-1	15	路障牛仔4	3
9020190	17060204	4	-1	-1	-1	0	-1	16	铁桶牛仔4	3
9020190	17060204	5	-1	-1	-1	0	-1	17	路障牛仔4	3
9020190	17060404	6	-1	-1	-1	0	-1	21	淘金僵尸4	2
9020190	17060604	6	-1	-1	-1	0	-1	22	钢琴僵尸4	4
9020190	17060404	6	-1	-1	-1	0	-1	23	淘金僵尸4	2
9020191	17060204	1	-1	-1	-1	0	-1	19	路障牛仔4	3
9020191	17060204	2	-1	-1	-1	0	-1	17	路障牛仔4	3
9020191	17060204	3	-1	-1	-1	0	-1	15	铁桶牛仔4	3
9020191	17060404	4	-1	-1	-1	0	-1	21	淘金僵尸4	2
9020191	17060404	5	-1	-1	-1	0	-1	23	淘金僵尸4	2
9020191	17060604	6	-1	-1	-1	0	-1	25	钢琴僵尸4	4
9020192	17060204	1	-1	-1	-1	0	-1	19	路障牛仔4	3
9020192	17060204	2	-1	-1	-1	0	-1	17	铁桶牛仔4	3
9020192	17060204	3	-1	-1	-1	0	-1	15	路障牛仔4	3
9020192	17060404	4	-1	-1	-1	0	-1	21	淘金僵尸4	2
9020192	17060404	5	-1	-1	-1	0	-1	23	淘金僵尸4	2
9020192	17060204	7	-1	-1	-1	0	-1	25	铁桶牛仔4	3
9020192	18010096	8	-1	-1	-1	0	-1	-1	4钢琴BOSS	5
										
9020193	17060205	1	-1	-1	-1	0	-1	15	路障牛仔5	3
9020193	17060205	5	-1	-1	-1	0	-1	17	路障牛仔5	3
9020193	17060205	6	-1	-1	-1	0	-1	19	铁桶牛仔5	3
9020193	17060405	6	-1	-1	-1	0	-1	21	淘金僵尸5	2
9020193	17060405	6	-1	-1	-1	0	-1	23	淘金僵尸5	2
9020193	17060605	6	-1	-1	-1	0	-1	25	钢琴僵尸5	4
9020194	17060205	1	-1	-1	-1	0	-1	19	路障牛仔5	3
9020194	17060205	2	-1	-1	-1	0	-1	17	铁桶牛仔5	3
9020194	17060205	3	-1	-1	-1	0	-1	15	路障牛仔5	3
9020194	17060405	4	-1	-1	-1	0	-1	21	淘金僵尸5	2
9020194	17060405	5	-1	-1	-1	0	-1	23	淘金僵尸5	2
9020194	17060605	9	-1	-1	-1	0	-1	25	钢琴僵尸5	4
9020195	19010024	3	-1	-1	-1	0	1	-1	5鸡贼大格	6
9020195	17060605	4	-1	-1	-1	0	1	24	钢琴僵尸5	4
9020195	17060605	5	-1	-1	-1	0	1	26	钢琴僵尸5	4
9020195	17060605	6	-1	-1	-1	0	1	28	钢琴僵尸5	4
										
9020196	17060206	2	-1	-1	-1	0	-1	15	路障牛仔6	3
9020196	17060206	3	-1	-1	-1	0	-1	17	路障牛仔6	3
9020196	17060206	4	-1	-1	-1	0	-1	19	铁桶牛仔6	3
9020196	17060606	5	-1	-1	-1	0	-1	25	钢琴僵尸6	4
9020196	17060406	4	-1	-1	-1	0	-1	21	淘金僵尸6	2
9020196	17060406	4	-1	-1	-1	0	-1	23	淘金僵尸6	2
9020197	17060206	1	-1	-1	-1	0	-1	16	路障牛仔6	3
9020197	17060206	2	-1	-1	-1	0	-1	17	路障牛仔6	3
9020197	17060206	3	-1	-1	-1	0	-1	15	路障牛仔6	3
9020197	17060606	4	-1	-1	-1	0	-1	22	钢琴僵尸6	4
9020197	17060406	5	-1	-1	-1	0	-1	23	淘金僵尸6	2
9020197	17060406	6	-1	-1	-1	0	-1	21	淘金僵尸6	2
9020198	17060206	1	-1	-1	-1	0	-1	15	路障牛仔6	3
9020198	18010097	2	-1	-1	-1	0	-1	22	6路障牛仔BOSS	5
9020198	17060206	3	-1	-1	-1	0	-1	17	铁桶牛仔6	3
9020198	17060206	6	-1	-1	-1	0	-1	16	路障牛仔6	3
9020198	17060406	7	-1	-1	-1	0	-1	21	淘金僵尸6	2
9020198	17060406	8	-1	-1	-1	0	-1	23	淘金僵尸6	2
9020198	17060606	8	-1	-1	-1	0	-1	-1	钢琴僵尸6	4
										
9020199	17060207	1	-1	-1	-1	0	-1	15	路障牛仔7	3
9020199	17060207	3	-1	-1	-1	0	-1	16	路障牛仔7	3
9020199	17060207	5	-1	-1	-1	0	-1	17	铁桶牛仔7	3
9020199	17060407	5	-1	-1	-1	0	-1	21	淘金僵尸7	2
9020199	17060607	5	-1	-1	-1	0	-1	22	钢琴僵尸7	4
9020199	17060407	5	-1	-1	-1	0	-1	23	淘金僵尸7	2
9020200	17060207	1	-1	-1	-1	0	-1	15	路障牛仔7	3
9020200	17060207	2	-1	-1	-1	0	-1	19	铁桶牛仔7	3
9020200	17060207	3	-1	-1	-1	0	-1	17	路障牛仔7	3
9020200	17060607	5	-1	-1	-1	0	-1	25	钢琴僵尸7	4
9020200	17060407	6	-1	-1	-1	0	-1	21	淘金僵尸7	2
9020200	17060407	6	-1	-1	-1	0	-1	23	淘金僵尸7	2
9020201	17060207	1	-1	-1	-1	0	-1	15	路障牛仔7	3
9020201	17060207	2	-1	-1	-1	0	-1	17	路障牛仔7	3
9020201	17060207	3	-1	-1	-1	0	-1	19	铁桶牛仔7	3
9020201	17060407	5	-1	-1	-1	0	-1	21	淘金僵尸7	2
9020201	17060407	7	-1	-1	-1	0	-1	23	淘金僵尸7	2
9020201	18010098	8	-1	-1	-1	0	-1	-1	7钢琴BOSS	5
9020201	17060607	9	-1	-1	-1	0	-1	25	钢琴僵尸7	4
										
9020202	17060208	1	-1	-1	-1	0	-1	15	路障牛仔8	3
9020202	17060208	2	-1	-1	-1	0	-1	19	铁桶牛仔8	3
9020202	17060208	3	-1	-1	-1	0	-1	17	路障牛仔8	3
9020202	17060408	5	-1	-1	-1	0	-1	21	淘金僵尸8	2
9020202	17060408	5	-1	-1	-1	0	-1	23	淘金僵尸8	2
9020202	17060608	5	-1	-1	-1	0	-1	25	钢琴僵尸8	4
9020203	17060208	1	-1	-1	-1	0	-1	15	路障牛仔8	3
9020203	17060208	2	-1	-1	-1	0	-1	16	路障牛仔8	3
9020203	17060208	3	-1	-1	-1	0	-1	17	铁桶牛仔8	3
9020203	17060608	4	-1	-1	-1	0	-1	22	钢琴僵尸8	4
9020203	17060408	5	-1	-1	-1	0	-1	21	淘金僵尸8	2
9020203	17060408	6	-1	-1	-1	0	-1	23	淘金僵尸8	2
9020204	17060208	1	-1	-1	-1	0	-1	16	铁桶牛仔8	3
9020204	17060208	2	-1	-1	-1	0	-1	15	路障牛仔8	3
9020204	18010099	3	-1	-1	-1	0	-1	22	8路障牛仔BOSS	5
9020204	17060208	4	-1	-1	-1	0	-1	17	路障牛仔8	3
9020204	17060408	9	-1	-1	-1	0	-1	21	淘金僵尸8	2
9020204	17060408	9	-1	-1	-1	0	-1	23	淘金僵尸8	2
9020204	17060608	5	-1	-1	-1	0	-1	-1	钢琴僵尸8	4
										
9020205	17060209	1	-1	-1	-1	0	-1	17	路障牛仔9	3
9020205	17060209	3	-1	-1	-1	0	-1	19	铁桶牛仔9	3
9020205	17060209	5	-1	-1	-1	0	-1	15	路障牛仔9	3
9020205	17060609	6	-1	-1	-1	0	-1	25	钢琴僵尸9	4
9020205	17060409	3	-1	-1	-1	0	-1	21	淘金僵尸9	2
9020205	17060409	5	-1	-1	-1	0	-1	23	淘金僵尸9	2
9020206	17060209	1	-1	-1	-1	0	-1	17	路障牛仔9	3
9020206	17060209	2	-1	-1	-1	0	-1	16	铁桶牛仔9	3
9020206	17060209	3	-1	-1	-1	0	-1	15	路障牛仔9	3
9020206	17060409	4	-1	-1	-1	0	-1	21	淘金僵尸9	2
9020206	17060609	6	-1	-1	-1	0	-1	22	钢琴僵尸9	4
9020206	17060409	6	-1	-1	-1	0	-1	23	淘金僵尸9	2
9020207	17060209	1	-1	-1	-1	0	-1	19	路障牛仔9	3
9020207	17060209	2	-1	-1	-1	0	-1	17	铁桶牛仔9	3
9020207	17060209	3	-1	-1	-1	0	-1	15	铁桶牛仔9	3
9020207	17060409	5	-1	-1	-1	0	-1	21	淘金僵尸9	2
9020207	18010100	5	-1	-1	-1	0	-1	-1	9钢琴BOSS	5
9020207	17060409	8	-1	-1	-1	0	-1	23	淘金僵尸9	2
9020207	17060609	9	-1	-1	-1	0	-1	25	钢琴僵尸9	4
										
9020208	17060210	1	-1	-1	-1	0	-1	17	路障牛仔10	3
9020208	17060210	2	-1	-1	-1	0	-1	15	路障牛仔10	3
9020208	17060210	4	-1	-1	-1	0	-1	16	铁桶牛仔10	3
9020208	17060410	6	-1	-1	-1	0	-1	21	淘金僵尸10	2
9020208	17060610	6	-1	-1	-1	0	-1	22	钢琴僵尸10	4
9020208	17060410	6	-1	-1	-1	0	-1	23	淘金僵尸10	2
9020209	17060210	1	-1	-1	-1	0	-1	15	路障牛仔10	3
9020209	17060210	2	-1	-1	-1	0	-1	19	铁桶牛仔10	3
9020209	17060210	3	-1	-1	-1	0	-1	17	路障牛仔10	3
9020209	17060410	4	-1	-1	-1	0	-1	21	淘金僵尸10	2
9020209	17060610	5	-1	-1	-1	0	-1	22	钢琴僵尸10	4
9020209	17060410	6	-1	-1	-1	0	-1	23	淘金僵尸10	2
9020210	19010025	3	-1	-1	-1	0	1	-1	10淘金大格	6
9020210	17060610	5	-1	-1	-1	0	1	24	钢琴僵尸10	4
9020210	17060610	7	-1	-1	-1	0	1	26	钢琴僵尸10	4
9020210	17060610	9	-1	-1	-1	0	1	28	钢琴僵尸10	4
										
9020211	17060211	1	-1	-1	-1	0	-1	15	路障牛仔11	3
9020211	17060211	2	-1	-1	-1	0	-1	16	铁桶牛仔11	3
9020211	17060211	3	-1	-1	-1	0	-1	17	路障牛仔11	3
9020211	17060411	4	-1	-1	-1	0	-1	21	淘金僵尸11	2
9020211	17060611	4	-1	-1	-1	0	-1	22	钢琴僵尸11	4
9020211	17060411	4	-1	-1	-1	0	-1	23	淘金僵尸11	2
9020212	17060211	1	-1	-1	-1	0	-1	17	路障牛仔11	3
9020212	17060211	2	-1	-1	-1	0	-1	16	铁桶牛仔11	3
9020212	17060211	3	-1	-1	-1	0	-1	15	路障牛仔11	3
9020212	17060411	4	-1	-1	-1	0	-1	21	淘金僵尸11	2
9020212	17060611	5	-1	-1	-1	0	-1	22	钢琴僵尸11	4
9020212	17060411	5	-1	-1	-1	0	-1	23	淘金僵尸11	2
9020213	17060211	1	-1	-1	-1	0	-1	15	路障牛仔11	3
9020213	18010101	2	-1	-1	-1	0	-1	22	11路障牛仔BOSS	5
9020213	17060211	3	-1	-1	-1	0	-1	16	铁桶牛仔11	3
9020213	17060211	4	-1	-1	-1	0	-1	17	路障牛仔11	3
9020213	17060411	6	-1	-1	-1	0	-1	21	淘金僵尸11	2
9020213	17060411	8	-1	-1	-1	0	-1	23	淘金僵尸11	2
9020213	17060611	5	-1	-1	-1	0	-1	-1	钢琴僵尸11	4
										
9020214	17060212	1	-1	-1	-1	0	-1	17	路障牛仔12	3
9020214	17060212	2	-1	-1	-1	0	-1	16	铁桶牛仔12	3
9020214	17060212	3	-1	-1	-1	0	-1	15	路障牛仔12	3
9020214	17060412	5	-1	-1	-1	0	-1	21	淘金僵尸12	2
9020214	17060412	5	-1	-1	-1	0	-1	23	淘金僵尸12	2
9020214	17060612	5	-1	-1	-1	0	-1	22	钢琴僵尸12	4
9020215	17060212	1	-1	-1	-1	0	-1	15	路障牛仔12	3
9020215	17060212	2	-1	-1	-1	0	-1	19	路障牛仔12	3
9020215	17060212	3	-1	-1	-1	0	-1	17	铁桶牛仔12	3
9020215	17060612	4	-1	-1	-1	0	-1	25	钢琴僵尸12	4
9020215	17060412	5	-1	-1	-1	0	-1	23	淘金僵尸12	2
9020215	17060412	6	-1	-1	-1	0	-1	21	淘金僵尸12	2
9020216	17060212	1	-1	-1	-1	0	-1	15	路障牛仔12	3
9020216	17060212	2	-1	-1	-1	0	-1	19	铁桶牛仔12	3
9020216	17060212	3	-1	-1	-1	0	-1	17	路障牛仔12	3
9020216	17060412	4	-1	-1	-1	0	-1	21	淘金僵尸12	2
9020216	17060412	5	-1	-1	-1	0	-1	23	淘金僵尸12	2
9020216	17060612	6	-1	-1	-1	0	-1	25	钢琴僵尸12	4
9020216	18010102	5	-1	-1	-1	0	-1	-1	12钢琴BOSS	5
										
9020217	17060213	1	-1	-1	-1	0	-1	19	路障牛仔13	3
9020217	17060213	3	-1	-1	-1	0	-1	17	铁桶牛仔13	3
9020217	17060213	5	-1	-1	-1	0	-1	15	铁桶牛仔13	3
9020217	17060413	5	-1	-1	-1	0	-1	21	淘金僵尸13	2
9020217	17060413	5	-1	-1	-1	0	-1	23	淘金僵尸13	2
9020217	17060613	5	-1	-1	-1	0	-1	25	钢琴僵尸13	4
9020218	17060213	1	-1	-1	-1	0	-1	15	路障牛仔13	3
9020218	17060213	2	-1	-1	-1	0	-1	16	铁桶牛仔13	3
9020218	17060213	3	-1	-1	-1	0	-1	17	路障牛仔13	3
9020218	17060413	4	-1	-1	-1	0	-1	21	淘金僵尸13	2
9020218	17060613	6	-1	-1	-1	0	-1	22	钢琴僵尸13	4
9020218	17060413	6	-1	-1	-1	0	-1	23	淘金僵尸13	2
9020219	17060213	1	-1	-1	-1	0	-1	16	铁桶牛仔13	3
9020219	18010103	2	-1	-1	-1	0	-1	22	13路障牛仔BOSS	5
9020219	17060213	3	-1	-1	-1	0	-1	17	铁桶牛仔13	3
9020219	17060213	5	-1	-1	-1	0	-1	15	路障牛仔13	3
9020219	17060413	6	-1	-1	-1	0	-1	21	淘金僵尸13	2
9020219	17060413	7	-1	-1	-1	0	-1	23	淘金僵尸13	2
9020219	17060613	8	-1	-1	-1	0	-1	-1	钢琴僵尸13	4
										
9020220	17060214	1	-1	-1	-1	0	-1	16	路障牛仔14	3
9020220	17060214	2	-1	-1	-1	0	-1	17	铁桶牛仔14	3
9020220	17060214	4	-1	-1	-1	0	-1	15	铁桶牛仔14	3
9020220	17060614	5	-1	-1	-1	0	-1	22	钢琴僵尸14	4
9020220	17060414	6	-1	-1	-1	0	-1	21	淘金僵尸14	2
9020220	17060414	6	-1	-1	-1	0	-1	23	淘金僵尸14	2
9020221	17060214	1	-1	-1	-1	0	-1	15	路障牛仔14	3
9020221	17060214	2	-1	-1	-1	0	-1	17	路障牛仔14	3
9020221	17060214	4	-1	-1	-1	0	-1	19	铁桶牛仔14	3
9020221	17060414	5	-1	-1	-1	0	-1	21	淘金僵尸14	2
9020221	17060414	6	-1	-1	-1	0	-1	23	淘金僵尸14	2
9020221	17060614	6	-1	-1	-1	0	-1	25	钢琴僵尸14	4
9020222	17060214	1	-1	-1	-1	0	-1	17	路障牛仔14	3
9020222	17060214	2	-1	-1	-1	0	-1	16	铁桶牛仔14	3
9020222	17060214	2	-1	-1	-1	0	-1	15	铁桶牛仔14	3
9020222	18010104	5	-1	-1	-1	0	-1	-1	14钢琴BOSS	5
9020222	17060414	7	-1	-1	-1	0	-1	21	淘金僵尸14	2
9020222	17060414	8	-1	-1	-1	0	-1	23	淘金僵尸14	2
9020222	17060614	9	-1	-1	-1	0	-1	25	钢琴僵尸14	4
										
										
9020223	17060215	2	-1	-1	-1	0	-1	17	路障牛仔15	3
9020223	17060215	4	-1	-1	-1	0	-1	15	铁桶牛仔15	3
9020223	17060215	5	-1	-1	-1	0	-1	16	路障牛仔15	3
9020223	17060415	6	-1	-1	-1	0	-1	21	淘金僵尸15	2
9020223	17060615	6	-1	-1	-1	0	-1	22	钢琴僵尸15	4
9020223	17060415	6	-1	-1	-1	0	-1	23	淘金僵尸15	2
9020224	17060215	1	-1	-1	-1	0	-1	15	铁桶牛仔15	3
9020224	17060215	2	-1	-1	-1	0	-1	19	铁桶牛仔15	3
9020224	17060215	3	-1	-1	-1	0	-1	17	路障牛仔15	3
9020224	17060415	4	-1	-1	-1	0	-1	21	淘金僵尸15	2
9020224	17060415	5	-1	-1	-1	0	-1	23	淘金僵尸15	2
9020224	17060615	6	-1	-1	-1	0	-1	25	钢琴僵尸15	4
9020225	19010026	3	-1	-1	-1	0	1	-1	15钢琴大格	6
9020225	17060615	4	-1	-1	-1	0	1	28	钢琴僵尸15	4
9020225	17060615	5	-1	-1	-1	0	1	26	钢琴僵尸15	4
9020225	17060615	9	-1	-1	-1	0	1	24	钢琴僵尸15	4
										
9020226	17060216	1	-1	-1	-1	0	-1	15	铁桶牛仔16	3
9020226	17060216	2	-1	-1	-1	0	-1	16	路障牛仔16	3
9020226	17060216	3	-1	-1	-1	0	-1	17	铁桶牛仔16	3
9020226	17060416	4	-1	-1	-1	0	-1	21	淘金僵尸16	2
9020226	17060616	6	-1	-1	-1	0	-1	22	钢琴僵尸16	4
9020226	17060416	6	-1	-1	-1	0	-1	23	淘金僵尸16	2
9020227	17060216	1	-1	-1	-1	0	-1	15	路障牛仔16	3
9020227	17060216	2	-1	-1	-1	0	-1	17	路障牛仔16	3
9020227	17060216	3	-1	-1	-1	0	-1	19	铁桶牛仔16	3
9020227	17060416	4	-1	-1	-1	0	-1	21	淘金僵尸16	2
9020227	17060416	5	-1	-1	-1	0	-1	23	淘金僵尸16	2
9020227	17060616	6	-1	-1	-1	0	-1	25	钢琴僵尸16	4
9020228	18010105	1	-1	-1	-1	0	-1	25	16路障牛仔BOSS	5
9020228	17060216	2	-1	-1	-1	0	-1	15	铁桶牛仔16	3
9020228	17060216	3	-1	-1	-1	0	-1	17	路障牛仔16	3
9020228	17060216	3	-1	-1	-1	0	-1	19	路障牛仔16	3
9020228	17060416	4	-1	-1	-1	0	-1	21	淘金僵尸16	2
9020228	17060416	5	-1	-1	-1	0	-1	23	淘金僵尸16	2
9020228	17060616	5	-1	-1	-1	0	-1	25	钢琴僵尸16	4
										
9020229	17060217	1	-1	-1	-1	0	-1	15	铁桶牛仔17	3
9020229	17060217	2	-1	-1	-1	0	-1	17	铁桶牛仔17	3
9020229	17060217	3	-1	-1	-1	0	-1	19	路障牛仔17	3
9020229	17060417	5	-1	-1	-1	0	-1	21	淘金僵尸17	2
9020229	17060417	5	-1	-1	-1	0	-1	23	淘金僵尸17	2
9020229	17060617	5	-1	-1	-1	0	-1	25	钢琴僵尸17	4
9020230	17060217	1	-1	-1	-1	0	-1	19	铁桶牛仔17	3
9020230	17060217	2	-1	-1	-1	0	-1	17	路障牛仔17	3
9020230	17060217	3	-1	-1	-1	0	-1	15	路障牛仔17	3
9020230	17060417	4	-1	-1	-1	0	-1	21	淘金僵尸17	2
9020230	17060417	5	-1	-1	-1	0	-1	23	淘金僵尸17	2
9020230	17060617	5	-1	-1	-1	0	-1	25	钢琴僵尸17	4
9020231	17060217	1	-1	-1	-1	0	-1	15	路障牛仔17	3
9020231	17060217	2	-1	-1	-1	0	-1	19	铁桶牛仔17	3
9020231	17060217	3	-1	-1	-1	0	-1	17	铁桶牛仔17	3
9020231	17060417	4	-1	-1	-1	0	-1	21	淘金僵尸17	2
9020231	17060417	5	-1	-1	-1	0	-1	23	淘金僵尸17	2
9020231	17060617	7	-1	-1	-1	0	-1	25	钢琴僵尸17	4
9020231	18010106	8	-1	-1	-1	0	-1	-1	17钢琴BOSS	5
										
9020232	17060218	1	-1	-1	-1	0	-1	17	路障牛仔18	3
9020232	17060218	2	-1	-1	-1	0	-1	16	铁桶牛仔18	3
9020232	17060218	3	-1	-1	-1	0	-1	15	路障牛仔18	3
9020232	17060418	5	-1	-1	-1	0	-1	21	淘金僵尸18	2
9020232	17060618	6	-1	-1	-1	0	-1	22	钢琴僵尸18	4
9020232	17060418	6	-1	-1	-1	0	-1	23	淘金僵尸18	2
9020233	17060218	1	-1	-1	-1	0	-1	19	路障牛仔18	3
9020233	17060218	2	-1	-1	-1	0	-1	17	路障牛仔18	3
9020233	17060218	3	-1	-1	-1	0	-1	15	路障牛仔18	3
9020233	17060418	4	-1	-1	-1	0	-1	21	淘金僵尸18	2
9020233	17060418	5	-1	-1	-1	0	-1	23	淘金僵尸18	2
9020233	17060618	6	-1	-1	-1	0	-1	25	钢琴僵尸18	4
9020234	17060218	1	-1	-1	-1	0	-1	19	铁桶牛仔18	3
9020234	18010107	2	-1	-1	-1	0	-1	25	18路障牛仔BOSS	5
9020234	17060218	3	-1	-1	-1	0	-1	15	铁桶牛仔18	3
9020234	17060218	4	-1	-1	-1	0	-1	17	路障牛仔18	3
9020234	17060418	5	-1	-1	-1	0	-1	21	淘金僵尸18	2
9020234	17060418	6	-1	-1	-1	0	-1	23	淘金僵尸18	2
9020234	17060618	8	-1	-1	-1	0	-1	-1	钢琴僵尸18	4
										
9020235	17060219	1	-1	-1	-1	0	-1	16	路障牛仔19	3
9020235	17060219	2	-1	-1	-1	0	-1	15	铁桶牛仔19	3
9020235	17060219	3	-1	-1	-1	0	-1	17	铁桶牛仔19	3
9020235	17060419	5	-1	-1	-1	0	-1	21	淘金僵尸19	2
9020235	17060419	5	-1	-1	-1	0	-1	23	淘金僵尸19	2
9020235	17060619	5	-1	-1	-1	0	-1	22	钢琴僵尸19	4
9020236	17060219	2	-1	-1	-1	0	-1	19	铁桶牛仔19	3
9020236	17060219	3	-1	-1	-1	0	-1	17	路障牛仔19	3
9020236	17060219	4	-1	-1	-1	0	-1	15	路障牛仔19	3
9020236	17060419	5	-1	-1	-1	0	-1	21	淘金僵尸19	2
9020236	17060419	6	-1	-1	-1	0	-1	23	淘金僵尸19	2
9020236	17060619	6	-1	-1	-1	0	-1	25	钢琴僵尸19	4
9020237	17060219	1	-1	-1	-1	0	-1	15	铁桶牛仔19	3
9020237	17060219	2	-1	-1	-1	0	-1	19	路障牛仔19	3
9020237	17060219	3	-1	-1	-1	0	-1	17	铁桶牛仔19	3
9020237	17060419	4	-1	-1	-1	0	-1	21	淘金僵尸19	2
9020237	18010108	8	-1	-1	-1	0	-1	-1	19钢琴BOSS	5
9020237	17060419	8	-1	-1	-1	0	-1	23	淘金僵尸19	2
9020237	17060619	9	-1	-1	-1	0	-1	25	钢琴僵尸19	4
										
9020238	17060220	1	-1	-1	-1	0	-1	15	路障牛仔20	3
9020238	17060220	2	-1	-1	-1	0	-1	16	路障牛仔20	3
9020238	17060220	3	-1	-1	-1	0	-1	17	铁桶牛仔20	3
9020238	17060420	5	-1	-1	-1	0	-1	21	淘金僵尸20	2
9020238	17060420	6	-1	-1	-1	0	-1	23	淘金僵尸20	2
9020238	17060620	6	-1	-1	-1	0	-1	22	钢琴僵尸20	4
9020239	17060220	1	-1	-1	-1	0	-1	15	路障牛仔20	3
9020239	17060220	2	-1	-1	-1	0	-1	19	铁桶牛仔20	3
9020239	17060220	4	-1	-1	-1	0	-1	17	路障牛仔20	3
9020239	17060420	5	-1	-1	-1	0	-1	21	淘金僵尸20	2
9020239	17060420	6	-1	-1	-1	0	-1	23	淘金僵尸20	2
9020239	17060620	6	-1	-1	-1	0	-1	25	钢琴僵尸20	4
9020240	19010027	3	-1	-1	-1	0	1	-1	20机器牛大格	6
9020240	17060620	7	-1	-1	-1	0	1	24	钢琴僵尸20	4
9020240	17060620	8	-1	-1	-1	0	1	28	钢琴僵尸20	4
9020240	17060620	9	-1	-1	-1	0	1	26	钢琴僵尸20	4
										
9020241	17060221	1	-1	-1	-1	0	-1	15	铁桶牛仔21	3
9020241	17060221	2	-1	-1	-1	0	-1	16	路障牛仔21	3
9020241	17060221	3	-1	-1	-1	0	-1	17	铁桶牛仔21	3
9020241	17060421	5	-1	-1	-1	0	-1	21	淘金僵尸21	2
9020241	17060621	6	-1	-1	-1	0	-1	22	钢琴僵尸21	4
9020241	17060421	6	-1	-1	-1	0	-1	23	淘金僵尸21	2
9020242	17060221	1	-1	-1	-1	0	-1	17	路障牛仔21	3
9020242	17060221	2	-1	-1	-1	0	-1	16	铁桶牛仔21	3
9020242	17060221	3	-1	-1	-1	0	-1	15	路障牛仔21	3
9020242	17060421	4	-1	-1	-1	0	-1	21	淘金僵尸21	2
9020242	17060621	5	-1	-1	-1	0	-1	22	钢琴僵尸21	4
9020242	17060421	6	-1	-1	-1	0	-1	23	淘金僵尸21	2
9020243	17060221	1	-1	-1	-1	0	-1	17	路障牛仔21	3
9020243	17060221	2	-1	-1	-1	0	-1	16	路障牛仔21	3
9020243	17060221	2	-1	-1	-1	0	-1	15	路障牛仔21	3
9020243	18010109	3	-1	-1	-1	0	-1	22	21路障牛仔BOSS	5
9020243	17060421	5	-1	-1	-1	0	-1	23	淘金僵尸21	2
9020243	17060421	6	-1	-1	-1	0	-1	21	淘金僵尸21	2
9020243	17060621	5	-1	-1	-1	0	-1	-1	钢琴僵尸21	4
										
9020244	17060222	1	-1	-1	-1	0	-1	15	铁桶牛仔22	3
9020244	17060222	2	-1	-1	-1	0	-1	16	路障牛仔22	3
9020244	17060222	3	-1	-1	-1	0	-1	17	铁桶牛仔22	3
9020244	17060422	4	-1	-1	-1	0	-1	21	淘金僵尸22	2
9020244	17060622	5	-1	-1	-1	0	-1	22	钢琴僵尸22	4
9020244	17060422	5	-1	-1	-1	0	-1	23	淘金僵尸22	2
9020245	17060222	1	-1	-1	-1	0	-1	17	路障牛仔22	3
9020245	17060222	2	-1	-1	-1	0	-1	16	铁桶牛仔22	3
9020245	17060222	3	-1	-1	-1	0	-1	15	路障牛仔22	3
9020245	17060422	4	-1	-1	-1	0	-1	21	淘金僵尸22	2
9020245	17060622	5	-1	-1	-1	0	-1	22	钢琴僵尸22	4
9020245	17060422	6	-1	-1	-1	0	-1	23	淘金僵尸22	2
9020246	17060222	1	-1	-1	-1	0	-1	17	铁桶牛仔22	3
9020246	17060222	2	-1	-1	-1	0	-1	16	铁桶牛仔22	3
9020246	17060222	3	-1	-1	-1	0	-1	15	路障牛仔22	3
9020246	17060422	4	-1	-1	-1	0	-1	21	淘金僵尸22	2
9020246	17060222	5	-1	-1	-1	0	-1	22	铁桶牛仔22	3
9020246	17060422	6	-1	-1	-1	0	-1	23	淘金僵尸22	2
9020246	18010110	9	-1	-1	-1	0	-1	-1	22钢琴BOSS	5
										
9020247	17060223	1	-1	-1	-1	0	-1	15	路障牛仔23	3
9020247	17060223	2	-1	-1	-1	0	-1	17	铁桶牛仔23	3
9020247	17060223	3	-1	-1	-1	0	-1	19	路障牛仔23	3
9020247	17060623	4	-1	-1	-1	0	-1	25	钢琴僵尸23	4
9020247	17060423	6	-1	-1	-1	0	-1	23	淘金僵尸23	2
9020247	17060423	6	-1	-1	-1	0	-1	21	淘金僵尸23	2
9020248	17060223	1	-1	-1	-1	0	-1	15	路障牛仔23	3
9020248	17060223	2	-1	-1	-1	0	-1	17	路障牛仔23	3
9020248	17060223	3	-1	-1	-1	0	-1	19	铁桶牛仔23	3
9020248	17060623	4	-1	-1	-1	0	-1	25	钢琴僵尸23	4
9020248	17060423	5	-1	-1	-1	0	-1	23	淘金僵尸23	2
9020248	17060423	6	-1	-1	-1	0	-1	21	淘金僵尸23	2
9020249	18010111	1	-1	-1	-1	0	-1	22	23路障牛仔BOSS	5
9020249	17060223	2	-1	-1	-1	0	-1	15	铁桶牛仔23	3
9020249	17060223	3	-1	-1	-1	0	-1	16	路障牛仔23	3
9020249	17060223	4	-1	-1	-1	0	-1	17	铁桶牛仔23	3
9020249	17060423	5	-1	-1	-1	0	-1	21	淘金僵尸23	2
9020249	17060423	6	-1	-1	-1	0	-1	23	淘金僵尸23	2
9020249	17060623	5	-1	-1	-1	0	-1	-1	钢琴僵尸23	4
										
9020250	17060124	1	-1	-1	-1	0	-1	17	普通牛仔24	1
9020250	17060124	2	-1	-1	-1	0	-1	15	普通牛仔24	1
9020250	17060124	3	-1	-1	-1	0	-1	19	普通牛仔24	1
9020250	17060424	5	-1	-1	-1	0	-1	21	淘金僵尸24	2
9020250	17060424	6	-1	-1	-1	0	-1	23	淘金僵尸24	2
9020250	17060624	6	-1	-1	-1	0	-1	25	钢琴僵尸24	4
9020251	17060224	1	-1	-1	-1	0	-1	15	路障牛仔24	3
9020251	17060224	2	-1	-1	-1	0	-1	16	铁桶牛仔24	3
9020251	17060224	3	-1	-1	-1	0	-1	17	路障牛仔24	3
9020251	17060424	5	-1	-1	-1	0	-1	21	淘金僵尸24	2
9020251	17060624	5	-1	-1	-1	0	-1	22	钢琴僵尸24	4
9020251	17060424	5	-1	-1	-1	0	-1	23	淘金僵尸24	2
9020252	17060224	1	-1	-1	-1	0	-1	17	路障牛仔24	3
9020252	17060224	2	-1	-1	-1	0	-1	16	铁桶牛仔24	3
9020252	17060224	3	-1	-1	-1	0	-1	15	路障牛仔24	3
9020252	17060624	4	-1	-1	-1	0	-1	22	钢琴僵尸24	4
9020252	17060424	5	-1	-1	-1	0	-1	21	淘金僵尸24	2
9020252	17060424	6	-1	-1	-1	0	-1	23	淘金僵尸24	2
9020252	18010112	5	-1	-1	-1	0	-1	-1	24钢琴BOSS	5
										
9020253	17060225	1	-1	-1	-1	0	-1	15	路障牛仔25	3
9020253	17060225	2	-1	-1	-1	0	-1	17	路障牛仔25	3
9020253	17060225	3	-1	-1	-1	0	-1	19	铁桶牛仔25	3
9020253	17060625	4	-1	-1	-1	0	-1	25	钢琴僵尸25	4
9020253	17060425	6	-1	-1	-1	0	-1	21	淘金僵尸25	2
9020253	17060425	6	-1	-1	-1	0	-1	23	淘金僵尸25	2
9020254	17060225	2	-1	-1	-1	0	-1	15	路障牛仔25	3
9020254	17060225	3	-1	-1	-1	0	-1	16	铁桶牛仔25	3
9020254	17060225	4	-1	-1	-1	0	-1	17	路障牛仔25	3
9020254	17060425	5	-1	-1	-1	0	-1	21	淘金僵尸25	2
9020254	17060625	5	-1	-1	-1	0	-1	22	钢琴僵尸25	4
9020254	17060425	5	-1	-1	-1	0	-1	23	淘金僵尸25	2
9020255	19010028	3	-1	-1	-1	0	1	-1	25僵尸警长大格	6
9020255	17060625	5	-1	-1	-1	0	1	24	钢琴僵尸25	4
9020255	17060625	7	-1	-1	-1	0	1	26	钢琴僵尸25	4
9020255	17060625	9	-1	-1	-1	0	1	28	钢琴僵尸25	4
										
9020256	17060226	1	-1	-1	-1	0	-1	15	铁桶牛仔26	3
9020256	17060226	2	-1	-1	-1	0	-1	19	路障牛仔26	3
9020256	17060226	3	-1	-1	-1	0	-1	17	铁桶牛仔26	3
9020256	17060626	5	-1	-1	-1	0	-1	25	钢琴僵尸26	4
9020256	17060426	6	-1	-1	-1	0	-1	21	淘金僵尸26	2
9020256	17060426	6	-1	-1	-1	0	-1	23	淘金僵尸26	2
9020257	17060226	1	-1	-1	-1	0	-1	15	路障牛仔26	3
9020257	17060226	2	-1	-1	-1	0	-1	17	路障牛仔26	3
9020257	17060226	3	-1	-1	-1	0	-1	19	铁桶牛仔26	3
9020257	17060626	5	-1	-1	-1	0	-1	25	钢琴僵尸26	4
9020257	17060426	6	-1	-1	-1	0	-1	21	淘金僵尸26	2
9020257	17060426	6	-1	-1	-1	0	-1	23	淘金僵尸26	2
9020258	17060226	1	-1	-1	-1	0	-1	16	路障牛仔26	3
9020258	18010113	2	-1	-1	-1	0	-1	22	26路障牛仔BOSS	5
9020258	17060226	3	-1	-1	-1	0	-1	15	路障牛仔26	3
9020258	17060226	4	-1	-1	-1	0	-1	17	路障牛仔26	3
9020258	17060426	6	-1	-1	-1	0	-1	21	淘金僵尸26	2
9020258	17060426	7	-1	-1	-1	0	-1	23	淘金僵尸26	2
9020258	17060626	8	-1	-1	-1	0	-1	-1	钢琴僵尸26	4
										
9020259	17060227	1	-1	-1	-1	0	-1	15	铁桶牛仔27	3
9020259	17060227	2	-1	-1	-1	0	-1	16	路障牛仔27	3
9020259	17060227	6	-1	-1	-1	0	-1	17	铁桶牛仔27	3
9020259	17060427	6	-1	-1	-1	0	-1	21	淘金僵尸27	2
9020259	17060627	6	-1	-1	-1	0	-1	22	钢琴僵尸27	4
9020259	17060427	6	-1	-1	-1	0	-1	23	淘金僵尸27	2
9020260	17060227	1	-1	-1	-1	0	-1	17	路障牛仔27	3
9020260	17060227	2	-1	-1	-1	0	-1	16	铁桶牛仔27	3
9020260	17060227	3	-1	-1	-1	0	-1	15	路障牛仔27	3
9020260	17060627	4	-1	-1	-1	0	-1	22	钢琴僵尸27	4
9020260	17060427	5	-1	-1	-1	0	-1	21	淘金僵尸27	2
9020260	17060127	6	-1	-1	-1	0	-1	23	普通牛仔27	1
9020261	17060227	1	-1	-1	-1	0	-1	17	路障牛仔27	3
9020261	17060227	2	-1	-1	-1	0	-1	16	铁桶牛仔27	3
9020261	17060227	3	-1	-1	-1	0	-1	15	路障牛仔27	3
9020261	17060427	4	-1	-1	-1	0	-1	21	淘金僵尸27	2
9020261	17060627	5	-1	-1	-1	0	-1	22	钢琴僵尸27	4
9020261	17060427	6	-1	-1	-1	0	-1	23	淘金僵尸27	2
9020261	18010114	8	-1	-1	-1	0	-1	-1	27钢琴BOSS	5
										
9020262	17060228	1	-1	-1	-1	0	-1	17	路障牛仔28	3
9020262	17060228	2	-1	-1	-1	0	-1	15	铁桶牛仔28	3
9020262	17060228	3	-1	-1	-1	0	-1	19	路障牛仔28	3
9020262	17060628	5	-1	-1	-1	0	-1	22	钢琴僵尸28	4
9020262	17060428	5	-1	-1	-1	0	-1	21	淘金僵尸28	2
9020262	17060428	5	-1	-1	-1	0	-1	23	淘金僵尸28	2
9020263	17060228	1	-1	-1	-1	0	-1	15	路障牛仔28	3
9020263	17060228	2	-1	-1	-1	0	-1	16	路障牛仔28	3
9020263	17060228	3	-1	-1	-1	0	-1	17	铁桶牛仔28	3
9020263	17060428	4	-1	-1	-1	0	-1	21	淘金僵尸28	2
9020263	17060628	5	-1	-1	-1	0	-1	22	钢琴僵尸28	4
9020263	17060428	6	-1	-1	-1	0	-1	23	淘金僵尸28	2
9020264	18010115	1	-1	-1	-1	0	-1	22	28路障牛仔BOSS	5
9020264	17060228	2	-1	-1	-1	0	-1	15	路障牛仔28	3
9020264	17060228	3	-1	-1	-1	0	-1	16	路障牛仔28	3
9020264	17060228	5	-1	-1	-1	0	-1	17	铁桶牛仔28	3
9020264	17060428	6	-1	-1	-1	0	-1	21	淘金僵尸28	2
9020264	17060428	7	-1	-1	-1	0	-1	23	淘金僵尸28	2
9020264	17060628	5	-1	-1	-1	0	-1	-1	钢琴僵尸28	4
										
9020265	17060229	3	-1	-1	-1	0	-1	15	路障牛仔29	3
9020265	17060229	4	-1	-1	-1	0	-1	16	铁桶牛仔29	3
9020265	17060229	5	-1	-1	-1	0	-1	17	路障牛仔29	3
9020265	17060429	3	-1	-1	-1	0	-1	21	淘金僵尸29	2
9020265	17060629	4	-1	-1	-1	0	-1	22	钢琴僵尸29	4
9020265	17060429	5	-1	-1	-1	0	-1	23	淘金僵尸29	2
9020266	17060229	1	-1	-1	-1	0	-1	17	铁桶牛仔29	3
9020266	17060229	2	-1	-1	-1	0	-1	16	铁桶牛仔29	3
9020266	17060229	3	-1	-1	-1	0	-1	15	路障牛仔29	3
9020266	17060429	5	-1	-1	-1	0	-1	21	淘金僵尸29	2
9020266	17060429	6	-1	-1	-1	0	-1	23	淘金僵尸29	2
9020266	17060629	6	-1	-1	-1	0	-1	22	钢琴僵尸29	4
9020267	17060229	1	-1	-1	-1	0	-1	19	路障牛仔29	3
9020267	17060229	2	-1	-1	-1	0	-1	17	铁桶牛仔29	3
9020267	17060229	3	-1	-1	-1	0	-1	15	路障牛仔29	3
9020267	17060429	4	-1	-1	-1	0	-1	21	淘金僵尸29	2
9020267	17060429	5	-1	-1	-1	0	-1	23	淘金僵尸29	2
9020267	17060629	6	-1	-1	-1	0	-1	25	钢琴僵尸29	4
9020267	17060629	2	-1	-1	-1	0	-1	-1	钢琴僵尸29	4
9020267	18010116	5	-1	-1	-1	0	-1	-1	29钢琴BOSS	5
										
9020268	17060230	1	-1	-1	-1	0	-1	15	路障牛仔30	3
9020268	17060230	2	-1	-1	-1	0	-1	16	铁桶牛仔30	3
9020268	17060230	6	-1	-1	-1	0	-1	17	路障牛仔30	3
9020268	17060430	6	-1	-1	-1	0	-1	21	淘金僵尸30	2
9020268	17060630	6	-1	-1	-1	0	-1	22	钢琴僵尸30	4
9020268	17060430	6	-1	-1	-1	0	-1	23	淘金僵尸30	2
9020269	17060230	1	-1	-1	-1	0	-1	19	路障牛仔30	3
9020269	17060230	2	-1	-1	-1	0	-1	17	路障牛仔30	3
9020269	17060230	3	-1	-1	-1	0	-1	15	铁桶牛仔30	3
9020269	17060430	5	-1	-1	-1	0	-1	21	淘金僵尸30	2
9020269	17060430	6	-1	-1	-1	0	-1	23	淘金僵尸30	2
9020269	17060630	9	-1	-1	-1	0	-1	25	钢琴僵尸30	4
9020270	19010029	3	-1	-1	-1	0	1	-1	30僵尸酋长大格	6
9020270	17060630	4	-1	-1	-1	0	1	26	钢琴僵尸30	4
9020270	17060630	6	-1	-1	-1	0	1	24	钢琴僵尸30	4
9020270	17060630	8	-1	-1	-1	0	1	28	钢琴僵尸30	4
										
										
										
										
9020271	17070101	1	-1	-1	-1	0	-1	17	普通武师1	1
9020271	17070101	2	-1	-1	-1	0	-1	15	普通武师1	1
9020271	17070601	3	-1	-1	-1	0	-1	19	酒鬼武师1	3
9020271	17070701	5	-1	-1	-1	0	-1	21	炸弹僵尸1	2
9020271	17070701	5	-1	-1	-1	0	-1	23	炸弹僵尸1	2
9020271	17070801	5	-1	-1	-1	0	-1	25	气功师1	4
9020272	17070201	1	-1	-1	-1	0	-1	15	路障武师1	3
9020272	17070201	2	-1	-1	-1	0	-1	16	铁桶武师1	3
9020272	17070201	3	-1	-1	-1	0	-1	17	路障武师1	3
9020272	17070701	5	-1	-1	-1	0	-1	21	炸弹僵尸1	2
9020272	17070701	5	-1	-1	-1	0	-1	23	炸弹僵尸1	2
9020272	17070801	5	-1	-1	-1	0	-1	22	气功师1	4
9020273	17070201	1	-1	-1	-1	0	-1	19	路障武师1	3
9020273	18010117	2	-1	-1	-1	0	-1	25	1路障武师BOSS	5
9020273	17070601	3	-1	-1	-1	0	-1	17	酒鬼武师1	3
9020273	17070201	4	-1	-1	-1	0	-1	15	铁桶武师1	3
9020273	17070701	6	-1	-1	-1	0	-1	21	炸弹僵尸1	2
9020273	17070801	5	-1	-1	-1	0	-1	-1	气功师1	4
9020273	17070701	8	-1	-1	-1	0	-1	23	炸弹僵尸1	2
										
9020274	17070202	1	-1	-1	-1	0	-1	15	路障武师2	3
9020274	17070102	2	-1	-1	-1	0	-1	17	普通武师2	1
9020274	17070102	3	-1	-1	-1	0	-1	19	普通武师2	1
9020274	17070802	5	-1	-1	-1	0	-1	25	气功师2	4
9020274	17070702	6	-1	-1	-1	0	-1	23	炸弹僵尸2	2
9020274	17070702	6	-1	-1	-1	0	-1	21	炸弹僵尸2	2
9020275	17070602	2	-1	-1	-1	0	-1	17	酒鬼武师2	3
9020275	17070502	3	-1	-1	-1	0	-1	16	大锤武师2	3
9020275	17070602	4	-1	-1	-1	0	-1	15	酒鬼武师2	3
9020275	17070702	5	-1	-1	-1	0	-1	21	炸弹僵尸2	2
9020275	17070702	5	-1	-1	-1	0	-1	23	炸弹僵尸2	2
9020275	17070802	5	-1	-1	-1	0	-1	22	气功师2	4
9020276	17070202	1	-1	-1	-1	0	-1	15	铁桶武师2	3
9020276	18010118	2	-1	-1	-1	0	-1	22	2酒鬼BOSS	5
9020276	17070202	3	-1	-1	-1	0	-1	17	铁桶武师2	3
9020276	17070502	5	-1	-1	-1	0	-1	16	大锤武师2	3
9020276	17070702	6	-1	-1	-1	0	-1	21	炸弹僵尸2	2
9020276	17070702	7	-1	-1	-1	0	-1	23	炸弹僵尸2	2
9020276	17070802	8	-1	-1	-1	0	-1	-1	气功师2	4
										
9020277	17070203	1	-1	-1	-1	0	-1	17	路障武师3	3
9020277	17070103	2	-1	-1	-1	0	-1	16	普通武师3	1
9020277	17070603	3	-1	-1	-1	0	-1	15	酒鬼武师3	3
9020277	17070703	5	-1	-1	-1	0	-1	21	炸弹僵尸3	2
9020277	17070703	5	-1	-1	-1	0	-1	23	炸弹僵尸3	2
9020277	17070803	5	-1	-1	-1	0	-1	22	气功师3	4
9020278	17070203	1	-1	-1	-1	0	-1	15	路障武师3	3
9020278	17070203	2	-1	-1	-1	0	-1	19	路障武师3	3
9020278	17070103	3	-1	-1	-1	0	-1	17	普通武师3	1
9020278	17070703	4	-1	-1	-1	0	-1	21	炸弹僵尸3	2
9020278	17070703	5	-1	-1	-1	0	-1	23	炸弹僵尸3	2
9020278	17070803	6	-1	-1	-1	0	-1	25	气功师3	4
9020279	17070203	1	-1	-1	-1	0	-1	15	路障武师3	3
9020279	18010119	2	-1	-1	-1	0	-1	25	3炸弹僵尸BOSS	5
9020279	17070203	3	-1	-1	-1	0	-1	17	路障武师3	3
9020279	17070503	5	-1	-1	-1	0	-1	19	大锤武师3	3
9020279	17070703	6	-1	-1	-1	0	-1	21	炸弹僵尸3	2
9020279	17070703	7	-1	-1	-1	0	-1	23	炸弹僵尸3	2
9020279	17070803	8	-1	-1	-1	0	-1	-1	气功师3	4
										
9020280	17070404	1	-1	-1	-1	0	-1	15	铜锣僵尸4	3
9020280	17070504	2	-1	-1	-1	0	-1	17	大锤武师4	3
9020280	17070604	3	-1	-1	-1	0	-1	19	酒鬼武师4	3
9020280	17070804	5	-1	-1	-1	0	-1	25	气功师4	4
9020280	17070704	6	-1	-1	-1	0	-1	21	炸弹僵尸4	2
9020280	17070704	6	-1	-1	-1	0	-1	23	炸弹僵尸4	2
9020281	17070204	1	-1	-1	-1	0	-1	19	路障武师4	3
9020281	17070404	2	-1	-1	-1	0	-1	17	铜锣僵尸4	3
9020281	17070604	3	-1	-1	-1	0	-1	15	酒鬼武师4	3
9020281	17070704	4	-1	-1	-1	0	-1	21	炸弹僵尸4	2
9020281	17070704	5	-1	-1	-1	0	-1	23	炸弹僵尸4	2
9020281	17070804	6	-1	-1	-1	0	-1	25	气功师4	4
9020282	17070604	1	-1	-1	-1	0	-1	19	酒鬼武师4	3
9020282	17070604	2	-1	-1	-1	0	-1	17	酒鬼武师4	3
9020282	17070204	3	-1	-1	-1	0	-1	15	路障武师4	3
9020282	17070104	4	-1	-1	-1	0	-1	18	普通武师4	1
9020282	17070804	5	-1	-1	-1	0	-1	25	气功师4	4
9020282	17070704	7	-1	-1	-1	0	-1	21	炸弹僵尸4	2
9020282	18010120	8	-1	-1	-1	0	-1	-1	4气功师BOSS	5
9020282	17070704	9	-1	-1	-1	0	-1	23	炸弹僵尸4	2
										
9020283	17070205	1	-1	-1	-1	0	-1	15	路障武师5	3
9020283	17070205	2	-1	-1	-1	0	-1	17	铁桶武师5	3
9020283	17070705	5	-1	-1	-1	0	-1	21	炸弹僵尸5	2
9020283	17070505	6	-1	-1	-1	0	-1	19	大锤武师5	3
9020283	17070705	5	-1	-1	-1	0	-1	23	炸弹僵尸5	2
9020283	17070805	5	-1	-1	-1	0	-1	25	气功师5	4
9020284	17070205	1	-1	-1	-1	0	-1	17	路障武师5	3
9020284	17070605	2	-1	-1	-1	0	-1	16	酒鬼武师5	3
9020284	17070205	3	-1	-1	-1	0	-1	15	铁桶武师5	3
9020284	17070705	4	-1	-1	-1	0	-1	21	炸弹僵尸5	2
9020284	17070705	6	-1	-1	-1	0	-1	23	炸弹僵尸5	2
9020284	17070805	8	-1	-1	-1	0	-1	25	气功师5	4
9020285	19010030	3	-1	-1	-1	0	1	-1	5酒鬼武师大格	6
9020285	17070805	4	-1	-1	-1	0	1	26	气功师5	4
9020285	17070805	6	-1	-1	-1	0	1	28	气功师5	4
9020285	17070805	8	-1	-1	-1	0	1	24	气功师5	4
										
9020286	17070106	2	-1	-1	-1	0	-1	19	普通武师6	1
9020286	17070506	4	-1	-1	-1	0	-1	17	大锤武师6	3
9020286	17070706	5	-1	-1	-1	0	-1	21	炸弹僵尸6	2
9020286	17070506	6	-1	-1	-1	0	-1	15	大锤武师6	3
9020286	17070706	5	-1	-1	-1	0	-1	23	炸弹僵尸6	2
9020286	17070806	5	-1	-1	-1	0	-1	25	气功师6	4
9020287	17070206	1	-1	-1	-1	0	-1	17	路障武师6	3
9020287	17070506	2	-1	-1	-1	0	-1	15	大锤武师6	3
9020287	17070506	3	-1	-1	-1	0	-1	19	大锤武师6	3
9020287	17070706	5	-1	-1	-1	0	-1	21	炸弹僵尸6	2
9020287	17070706	6	-1	-1	-1	0	-1	23	炸弹僵尸6	2
9020287	17070806	6	-1	-1	-1	0	-1	25	气功师6	4
9020288	17070206	1	-1	-1	-1	0	-1	19	路障武师6	3
9020288	18010121	2	-1	-1	-1	0	-1	22	6路障武师BOSS	5
9020288	17070206	3	-1	-1	-1	0	-1	15	路障武师6	3
9020288	17070706	4	-1	-1	-1	0	-1	23	炸弹僵尸6	2
9020288	17070506	5	-1	-1	-1	0	-1	17	大锤武师6	3
9020288	17070806	8	-1	-1	-1	0	-1	-1	气功师6	4
9020288	17070706	9	-1	-1	-1	0	-1	21	炸弹僵尸6	2
										
9020289	17070207	2	-1	-1	-1	0	-1	17	路障武师7	3
9020289	17070507	3	-1	-1	-1	0	-1	15	大锤武师7	3
9020289	17070507	4	-1	-1	-1	0	-1	19	大锤武师7	3
9020289	17070707	5	-1	-1	-1	0	-1	21	炸弹僵尸7	2
9020289	17070707	5	-1	-1	-1	0	-1	23	炸弹僵尸7	2
9020289	17070807	5	-1	-1	-1	0	-1	-1	气功师7	4
9020290	17070207	1	-1	-1	-1	0	-1	15	路障武师7	3
9020290	17070207	2	-1	-1	-1	0	-1	17	路障武师7	3
9020290	17070507	3	-1	-1	-1	0	-1	19	大锤武师7	3
9020290	17070707	4	-1	-1	-1	0	-1	21	炸弹僵尸7	2
9020290	17070707	5	-1	-1	-1	0	-1	23	炸弹僵尸7	2
9020290	17070807	6	-1	-1	-1	0	-1	25	气功师7	4
9020291	17070207	1	-1	-1	-1	0	-1	15	路障武师7	3
9020291	18010122	2	-1	-1	-1	0	-1	22	7酒鬼BOSS	5
9020291	17070607	3	-1	-1	-1	0	-1	17	酒鬼武师7	3
9020291	17070807	5	-1	-1	-1	0	-1	-1	气功师7	4
9020291	17070507	5	-1	-1	-1	0	-1	19	大锤武师7	3
9020291	17070707	6	-1	-1	-1	0	-1	21	炸弹僵尸7	2
9020291	17070707	7	-1	-1	-1	0	-1	23	炸弹僵尸7	2
										
9020292	17070508	2	-1	-1	-1	0	-1	15	大锤武师8	3
9020292	17070208	4	-1	-1	-1	0	-1	16	铁桶武师8	3
9020292	17070408	5	-1	-1	-1	0	-1	17	铜锣僵尸8	3
9020292	17070708	6	-1	-1	-1	0	-1	21	炸弹僵尸8	2
9020292	17070708	6	-1	-1	-1	0	-1	22	炸弹僵尸8	2
9020292	17070808	6	-1	-1	-1	0	-1	23	气功师8	4
9020293	17070208	2	-1	-1	-1	0	-1	15	铁桶武师8	3
9020293	17070508	3	-1	-1	-1	0	-1	16	大锤武师8	3
9020293	17070608	4	-1	-1	-1	0	-1	17	酒鬼武师8	3
9020293	17070708	5	-1	-1	-1	0	-1	21	炸弹僵尸8	2
9020293	17070808	6	-1	-1	-1	0	-1	22	气功师8	4
9020293	17070708	5	-1	-1	-1	0	-1	23	炸弹僵尸8	2
9020294	17070208	1	-1	-1	-1	0	-1	15	路障武师8	3
9020294	18010123	2	-1	-1	-1	0	-1	22	8炸弹僵尸BOSS	5
9020294	17070108	3	-1	-1	-1	0	-1	17	普通武师8	1
9020294	17070808	5	-1	-1	-1	0	-1	-1	气功师8	4
9020294	17070508	5	-1	-1	-1	0	-1	19	大锤武师8	3
9020294	17070708	8	-1	-1	-1	0	-1	21	炸弹僵尸8	2
9020294	17070708	9	-1	-1	-1	0	-1	23	炸弹僵尸8	2
										
9020295	17070209	1	-1	-1	-1	0	-1	16	路障武师9	3
9020295	17070209	5	-1	-1	-1	0	-1	17	铁桶武师9	3
9020295	17070509	6	-1	-1	-1	0	-1	15	大锤武师9	3
9020295	17070709	5	-1	-1	-1	0	-1	21	炸弹僵尸9	2
9020295	17070709	5	-1	-1	-1	0	-1	23	炸弹僵尸9	2
9020295	17070809	5	-1	-1	-1	0	-1	22	气功师9	4
9020296	17070209	1	-1	-1	-1	0	-1	19	铁桶武师9	3
9020296	17070509	2	-1	-1	-1	0	-1	17	大锤武师9	3
9020296	17070609	4	-1	-1	-1	0	-1	15	酒鬼武师9	3
9020296	17070709	5	-1	-1	-1	0	-1	21	炸弹僵尸9	2
9020296	17070709	6	-1	-1	-1	0	-1	23	炸弹僵尸9	2
9020296	17070809	6	-1	-1	-1	0	-1	25	气功师9	4
9020297	17070209	1	-1	-1	-1	0	-1	15	路障武师9	3
9020297	17070209	2	-1	-1	-1	0	-1	19	铁桶武师9	3
9020297	17070209	3	-1	-1	-1	0	-1	17	铁桶武师9	3
9020297	17070809	4	-1	-1	-1	0	-1	23	气功师9	4
9020297	17070509	5	-1	-1	-1	0	-1	25	大锤武师9	3
9020297	18010124	8	-1	-1	-1	0	-1	-1	9气功师BOSS	5
9020297	17070709	9	-1	-1	-1	0	-1	21	炸弹僵尸9	2
										
9020298	17070610	2	-1	-1	-1	0	-1	19	酒鬼武师10	3
9020298	17070210	3	-1	-1	-1	0	-1	17	路障武师10	3
9020298	17070510	4	-1	-1	-1	0	-1	15	大锤武师10	3
9020298	17070710	5	-1	-1	-1	0	-1	21	炸弹僵尸10	2
9020298	17070710	5	-1	-1	-1	0	-1	23	炸弹僵尸10	2
9020298	17070810	5	-1	-1	-1	0	-1	25	气功师10	4
9020299	17070610	1	-1	-1	-1	0	-1	17	酒鬼武师10	3
9020299	17070210	2	-1	-1	-1	0	-1	15	铁桶武师10	3
9020299	17070510	3	-1	-1	-1	0	-1	19	大锤武师10	3
9020299	17070710	4	-1	-1	-1	0	-1	21	炸弹僵尸10	2
9020299	17070710	5	-1	-1	-1	0	-1	23	炸弹僵尸10	2
9020299	17070810	6	-1	-1	-1	0	-1	25	气功师10	4
9020300	19010031	3	-1	-1	-1	0	1	-1	10大锤武师大格	6
9020300	17070810	4	-1	-1	-1	0	1	24	气功师10	4
9020300	17070810	5	-1	-1	-1	0	1	28	气功师10	4
9020300	17070810	6	-1	-1	-1	0	1	26	气功师10	4
										
9020301	17070213	1	-1	-1	-1	0	-1	15	路障武师11	3
9020301	17070213	3	-1	-1	-1	0	-1	16	路障武师11	3
9020301	17070211	5	-1	-1	-1	0	-1	17	铁桶武师11	3
9020301	17070711	5	-1	-1	-1	0	-1	21	炸弹僵尸11	2
9020301	17070811	5	-1	-1	-1	0	-1	22	气功师11	4
9020301	17070711	5	-1	-1	-1	0	-1	23	炸弹僵尸11	2
9020302	17070512	1	-1	-1	-1	0	-1	15	大锤武师11	3
9020302	17070611	2	-1	-1	-1	0	-1	19	酒鬼武师11	3
9020302	17070512	3	-1	-1	-1	0	-1	17	大锤武师11	3
9020302	17070811	4	-1	-1	-1	0	-1	25	气功师11	4
9020302	17070711	5	-1	-1	-1	0	-1	23	炸弹僵尸11	2
9020302	17070711	6	-1	-1	-1	0	-1	21	炸弹僵尸11	2
9020303	17070211	1	-1	-1	-1	0	-1	15	铁桶武师11	3
9020303	18010125	2	-1	-1	-1	0	-1	25	11路障武师BOSS	5
9020303	17070512	3	-1	-1	-1	0	-1	17	大锤武师11	3
9020303	17070811	5	-1	-1	-1	0	-1	-1	气功师11	4
9020303	17070512	6	-1	-1	-1	0	-1	19	大锤武师11	3
9020303	17070711	8	-1	-1	-1	0	-1	21	炸弹僵尸11	2
9020303	17070711	9	-1	-1	-1	0	-1	23	炸弹僵尸11	2
										
9020304	17070512	1	-1	-1	-1	0	-1	19	大锤武师12	3
9020304	17070412	2	-1	-1	-1	0	-1	17	铜锣僵尸12	3
9020304	17070512	3	-1	-1	-1	0	-1	15	大锤武师12	3
9020304	17070712	5	-1	-1	-1	0	-1	21	炸弹僵尸12	2
9020304	17070712	5	-1	-1	-1	0	-1	23	炸弹僵尸12	2
9020304	17070812	5	-1	-1	-1	0	-1	25	气功师12	4
9020305	17070512	1	-1	-1	-1	0	-1	17	大锤武师12	3
9020305	17070512	2	-1	-1	-1	0	-1	15	大锤武师12	3
9020305	17070212	3	-1	-1	-1	0	-1	19	路障武师12	3
9020305	17070812	4	-1	-1	-1	0	-1	25	气功师12	4
9020305	17070712	5	-1	-1	-1	0	-1	21	炸弹僵尸12	2
9020305	17070712	5	-1	-1	-1	0	-1	23	炸弹僵尸12	2
9020306	17070212	1	-1	-1	-1	0	-1	15	路障武师12	3
9020306	17070201	2	-1	-1	-1	0	-1	16	铁桶武师12	3
9020306	17070412	3	-1	-1	-1	0	-1	17	铜锣僵尸12	3
9020306	17070512	4	-1	-1	-1	0	-1	21	大锤武师12	3
9020306	18010126	5	-1	-1	-1	0	-1	22	12酒鬼BOSS	5
9020306	17070612	4	-1	-1	-1	0	-1	23	酒鬼武师12	3
9020306	17070812	5	-1	-1	-1	0	-1	-1	气功师12	4
										
9020307	17070213	1	-1	-1	-1	0	-1	16	路障武师13	3
9020307	17070513	5	-1	-1	-1	0	-1	17	大锤武师13	3
9020307	17070513	6	-1	-1	-1	0	-1	15	大锤武师13	3
9020307	17070713	6	-1	-1	-1	0	-1	21	炸弹僵尸13	2
9020307	17070813	6	-1	-1	-1	0	-1	22	气功师13	4
9020307	17070713	6	-1	-1	-1	0	-1	23	炸弹僵尸13	2
9020308	17070213	1	-1	-1	-1	0	-1	19	路障武师13	3
9020308	17070213	2	-1	-1	-1	0	-1	17	路障武师13	3
9020308	17070513	3	-1	-1	-1	0	-1	15	大锤武师13	3
9020308	17070713	4	-1	-1	-1	0	-1	21	炸弹僵尸13	2
9020308	17070713	5	-1	-1	-1	0	-1	23	炸弹僵尸13	2
9020308	17070813	6	-1	-1	-1	0	-1	25	气功师13	4
9020309	17070213	1	-1	-1	-1	0	-1	19	铁桶武师13	3
9020309	17070613	2	-1	-1	-1	0	-1	17	酒鬼武师13	3
9020309	17070213	3	-1	-1	-1	0	-1	15	铁桶武师13	3
9020309	17070513	5	-1	-1	-1	0	-1	21	大锤武师13	3
9020309	17070613	5	-1	-1	-1	0	-1	23	酒鬼武师13	3
9020309	17070813	8	-1	-1	-1	0	-1	-1	气功师13	4
9020309	18010127	7	-1	-1	-1	0	-1	25	13炸弹僵尸BOSS	5
										
9020310	17070614	2	-1	-1	-1	0	-1	15	酒鬼武师14	3
9020310	17070514	4	-1	-1	-1	0	-1	17	大锤武师14	3
9020310	17070514	6	-1	-1	-1	0	-1	16	大锤武师14	3
9020310	17070714	2	-1	-1	-1	0	-1	21	炸弹僵尸14	2
9020310	17070714	2	-1	-1	-1	0	-1	23	炸弹僵尸14	2
9020310	17070814	2	-1	-1	-1	0	-1	22	气功师14	4
9020311	17070614	2	-1	-1	-1	0	-1	15	酒鬼武师14	3
9020311	17070514	3	-1	-1	-1	0	-1	16	大锤武师14	3
9020311	17070214	4	-1	-1	-1	0	-1	17	铁桶武师14	3
9020311	17070714	5	-1	-1	-1	0	-1	21	炸弹僵尸14	2
9020311	17070814	6	-1	-1	-1	0	-1	22	气功师14	4
9020311	17070714	6	-1	-1	-1	0	-1	23	炸弹僵尸14	2
9020312	17070514	1	-1	-1	-1	0	-1	15	大锤武师14	3
9020312	17070214	2	-1	-1	-1	0	-1	16	铁桶武师14	3
9020312	17070514	3	-1	-1	-1	0	-1	17	大锤武师14	3
9020312	18010128	5	-1	-1	-1	0	-1	-1	14气功师BOSS	5
9020312	17070714	7	-1	-1	-1	0	-1	21	炸弹僵尸14	2
9020312	17070814	8	-1	-1	-1	0	-1	22	气功师14	4
9020312	17070714	9	-1	-1	-1	0	-1	23	炸弹僵尸14	2
										
9020313	17070415	3	-1	-1	-1	0	-1	15	铜锣僵尸15	3
9020313	17070215	4	-1	-1	-1	0	-1	17	路障武师15	3
9020313	17070515	5	-1	-1	-1	0	-1	19	大锤武师15	3
9020313	17070715	6	-1	-1	-1	0	-1	21	炸弹僵尸15	2
9020313	17070715	6	-1	-1	-1	0	-1	23	炸弹僵尸15	2
9020313	17070815	6	-1	-1	-1	0	-1	25	气功师15	4
9020314	17070215	1	-1	-1	-1	0	-1	17	铁桶武师15	3
9020314	17070515	2	-1	-1	-1	0	-1	16	大锤武师15	3
9020314	17070815	4	-1	-1	-1	0	-1	22	气功师15	4
9020314	17070715	5	-1	-1	-1	0	-1	21	炸弹僵尸15	2
9020314	17070715	6	-1	-1	-1	0	-1	23	炸弹僵尸15	2
9020314	17070415	1	-1	-1	-1	0	-1	15	铜锣僵尸15	3
9020315	19010032	3	-1	-1	-1	0	1	-1	15气功师大格	6
9020315	17070815	4	-1	-1	-1	0	1	26	气功师15	4
9020315	17070815	5	-1	-1	-1	0	1	24	气功师15	4
9020315	17070815	6	-1	-1	-1	0	1	28	气功师15	4
										
9020316	17070516	2	-1	-1	-1	0	-1	17	大锤武师16	3
9020316	17070216	3	-1	-1	-1	0	-1	15	铁桶武师16	3
9020316	17070516	4	-1	-1	-1	0	-1	19	大锤武师16	3
9020316	17070716	5	-1	-1	-1	0	-1	21	炸弹僵尸16	2
9020316	17070716	5	-1	-1	-1	0	-1	23	炸弹僵尸16	2
9020316	17070816	5	-1	-1	-1	0	-1	25	气功师16	4
9020317	17070416	1	-1	-1	-1	0	-1	15	铜锣僵尸16	3
9020317	17070216	2	-1	-1	-1	0	-1	17	铁桶武师16	3
9020317	17070516	3	-1	-1	-1	0	-1	16	大锤武师16	3
9020317	17070716	4	-1	-1	-1	0	-1	21	炸弹僵尸16	2
9020317	17070816	6	-1	-1	-1	0	-1	22	气功师16	4
9020317	17070716	4	-1	-1	-1	0	-1	23	炸弹僵尸16	2
9020318	17070216	1	-1	-1	-1	0	-1	15	路障武师16	3
9020318	18010129	2	-1	-1	-1	0	-1	22	16路障武师BOSS	5
9020318	17070216	3	-1	-1	-1	0	-1	16	路障武师16	3
9020318	17070216	3	-1	-1	-1	0	-1	17	铁桶武师16	3
9020318	17070716	4	-1	-1	-1	0	-1	23	炸弹僵尸16	2
9020318	17070716	5	-1	-1	-1	0	-1	21	炸弹僵尸16	2
9020318	17070816	6	-1	-1	-1	0	-1	-1	气功师16	4
										
9020319	17070217	1	-1	-1	-1	0	-1	17	路障武师17	3
9020319	17070517	2	-1	-1	-1	0	-1	16	大锤武师17	3
9020319	17070717	5	-1	-1	-1	0	-1	21	炸弹僵尸17	2
9020319	17070617	6	-1	-1	-1	0	-1	15	酒鬼武师17	3
9020319	17070717	5	-1	-1	-1	0	-1	23	炸弹僵尸17	2
9020319	17070817	5	-1	-1	-1	0	-1	22	气功师17	4
9020320	17070217	1	-1	-1	-1	0	-1	15	铁桶武师17	3
9020320	17070617	2	-1	-1	-1	0	-1	19	酒鬼武师17	3
9020320	17070517	3	-1	-1	-1	0	-1	17	大锤武师17	3
9020320	17070817	4	-1	-1	-1	0	-1	25	气功师17	4
9020320	17070717	5	-1	-1	-1	0	-1	23	炸弹僵尸17	2
9020320	17070717	6	-1	-1	-1	0	-1	21	炸弹僵尸17	2
9020321	17070417	1	-1	-1	-1	0	-1	15	铜锣僵尸17	3
9020321	18010130	2	-1	-1	-1	0	-1	22	17酒鬼BOSS	5
9020321	17070517	3	-1	-1	-1	0	-1	17	大锤武师17	3
9020321	17070517	4	-1	-1	-1	0	-1	16	大锤武师17	3
9020321	17070717	5	-1	-1	-1	0	-1	21	炸弹僵尸17	2
9020321	17070817	8	-1	-1	-1	0	-1	-1	气功师17	4
9020321	17070717	9	-1	-1	-1	0	-1	23	炸弹僵尸17	2
										
9020322	17070218	3	-1	-1	-1	0	-1	17	路障武师18	3
9020322	17070518	4	-1	-1	-1	0	-1	16	大锤武师18	3
9020322	17070618	5	-1	-1	-1	0	-1	15	酒鬼武师18	3
9020322	17070718	6	-1	-1	-1	0	-1	21	炸弹僵尸18	2
9020322	17070818	6	-1	-1	-1	0	-1	22	气功师18	4
9020322	17070718	6	-1	-1	-1	0	-1	23	炸弹僵尸18	2
9020323	17070518	1	-1	-1	-1	0	-1	15	大锤武师18	3
9020323	17070518	2	-1	-1	-1	0	-1	19	大锤武师18	3
9020323	17070218	3	-1	-1	-1	0	-1	17	路障武师18	3
9020323	17070818	4	-1	-1	-1	0	-1	25	气功师18	4
9020323	17070718	5	-1	-1	-1	0	-1	21	炸弹僵尸18	2
9020323	17070718	5	-1	-1	-1	0	-1	23	炸弹僵尸18	2
9020324	17070218	1	-1	-1	-1	0	-1	17	铁桶武师18	3
9020324	17070218	2	-1	-1	-1	0	-1	15	铁桶武师18	3
9020324	17070218	3	-1	-1	-1	0	-1	19	铁桶武师18	3
9020324	17070818	5	-1	-1	-1	0	-1	-1	气功师18	4
9020324	17070718	5	-1	-1	-1	0	-1	23	炸弹僵尸18	2
9020324	17070718	6	-1	-1	-1	0	-1	21	炸弹僵尸18	2
9020324	18010131	8	-1	-1	-1	0	-1	25	18炸弹僵尸BOSS	5
										
9020325	17070219	1	-1	-1	-1	0	-1	15	路障武师19	3
9020325	17070419	5	-1	-1	-1	0	-1	19	铜锣僵尸19	3
9020325	17070519	6	-1	-1	-1	0	-1	17	大锤武师19	3
9020325	17070719	5	-1	-1	-1	0	-1	21	炸弹僵尸19	2
9020325	17070719	5	-1	-1	-1	0	-1	23	炸弹僵尸19	2
9020325	17070819	5	-1	-1	-1	0	-1	25	气功师19	4
9020326	17070219	1	-1	-1	-1	0	-1	15	路障武师19	3
9020326	17070219	2	-1	-1	-1	0	-1	16	路障武师19	3
9020326	17070519	3	-1	-1	-1	0	-1	17	大锤武师19	3
9020326	17070719	4	-1	-1	-1	0	-1	21	炸弹僵尸19	2
9020326	17070719	5	-1	-1	-1	0	-1	23	炸弹僵尸19	2
9020326	17070819	6	-1	-1	-1	0	-1	22	气功师19	4
9020327	17070219	1	-1	-1	-1	0	-1	16	铁桶武师19	3
9020327	17070619	2	-1	-1	-1	0	-1	15	酒鬼武师19	3
9020327	17070219	3	-1	-1	-1	0	-1	17	铁桶武师19	3
9020327	17070819	4	-1	-1	-1	0	-1	22	气功师19	4
9020327	18010132	5	-1	-1	-1	0	-1	-1	19气功师BOSS	5
9020327	17070719	8	-1	-1	-1	0	-1	21	炸弹僵尸19	2
9020327	17070719	9	-1	-1	-1	0	-1	23	炸弹僵尸19	2
										
9020328	17070520	2	-1	-1	-1	0	-1	17	大锤武师20	3
9020328	17070220	3	-1	-1	-1	0	-1	16	路障武师20	3
9020328	17070520	4	-1	-1	-1	0	-1	15	大锤武师20	3
9020328	17070720	5	-1	-1	-1	0	-1	21	炸弹僵尸20	2
9020328	17070720	5	-1	-1	-1	0	-1	23	炸弹僵尸20	2
9020328	17070820	5	-1	-1	-1	0	-1	22	气功师20	4
9020329	17070220	1	-1	-1	-1	0	-1	17	路障武师20	3
9020329	17070620	2	-1	-1	-1	0	-1	16	酒鬼武师20	3
9020329	17070520	3	-1	-1	-1	0	-1	15	大锤武师20	3
9020329	17070720	4	-1	-1	-1	0	-1	23	炸弹僵尸20	2
9020329	17070720	5	-1	-1	-1	0	-1	21	炸弹僵尸20	2
9020329	17070820	6	-1	-1	-1	0	-1	22	气功师20	4
9020330	19010033	3	-1	-1	-1	0	1	-1	20刀客大格	6
9020330	17070820	5	-1	-1	-1	0	1	24	气功师20	4
9020330	17070820	6	-1	-1	-1	0	1	26	气功师20	4
9020330	17070820	8	-1	-1	-1	0	1	28	气功师20	4
										
9020331	17070221	1	-1	-1	-1	0	-1	15	路障武师21	3
9020331	17070221	3	-1	-1	-1	0	-1	19	路障武师21	3
9020331	17070221	5	-1	-1	-1	0	-1	17	铁桶武师21	3
9020331	17070721	5	-1	-1	-1	0	-1	21	炸弹僵尸21	2
9020331	17070721	5	-1	-1	-1	0	-1	23	炸弹僵尸21	2
9020331	17070821	5	-1	-1	-1	0	-1	25	气功师21	4
9020332	17070221	1	-1	-1	-1	0	-1	15	铁桶武师21	3
9020332	17070421	1	-1	-1	-1	0	-1	16	铜锣僵尸21	3
9020332	17070521	2	-1	-1	-1	0	-1	17	大锤武师21	3
9020332	17070821	4	-1	-1	-1	0	-1	22	气功师21	4
9020332	17070721	5	-1	-1	-1	0	-1	21	炸弹僵尸21	2
9020332	17070721	6	-1	-1	-1	0	-1	23	炸弹僵尸21	2
9020333	17070221	1	-1	-1	-1	0	-1	17	路障武师21	3
9020333	18010133	2	-1	-1	-1	0	-1	22	21路障武师BOSS	5
9020333	17070121	3	-1	-1	-1	0	-1	15	普通武师21	1
9020333	17070521	4	-1	-1	-1	0	-1	16	大锤武师21	3
9020333	17070821	5	-1	-1	-1	0	-1	-1	气功师21	4
9020333	17070721	7	-1	-1	-1	0	-1	21	炸弹僵尸21	2
9020333	17070721	9	-1	-1	-1	0	-1	23	炸弹僵尸21	2
										
9020334	17070522	1	-1	-1	-1	0	-1	17	大锤武师22	3
9020334	17070222	2	-1	-1	-1	0	-1	19	铁桶武师22	3
9020334	17070622	3	-1	-1	-1	0	-1	15	酒鬼武师22	3
9020334	17070722	5	-1	-1	-1	0	-1	21	炸弹僵尸22	2
9020334	17070722	5	-1	-1	-1	0	-1	23	炸弹僵尸22	2
9020334	17070822	5	-1	-1	-1	0	-1	25	气功师22	4
9020335	17070422	1	-1	-1	-1	0	-1	17	铜锣僵尸22	3
9020335	17070222	2	-1	-1	-1	0	-1	16	铁桶武师22	3
9020335	17070522	3	-1	-1	-1	0	-1	15	大锤武师22	3
9020335	17070722	4	-1	-1	-1	0	-1	21	炸弹僵尸22	2
9020335	17070722	5	-1	-1	-1	0	-1	23	炸弹僵尸22	2
9020335	17070822	6	-1	-1	-1	0	-1	25	气功师22	4
9020336	17070222	1	-1	-1	-1	0	-1	17	铁桶武师22	3
9020336	18010134	2	-1	-1	-1	0	-1	25	22酒鬼BOSS	5
9020336	17070222	3	-1	-1	-1	0	-1	15	路障武师22	3
9020336	17070822	5	-1	-1	-1	0	-1	-1	气功师22	4
9020336	17070222	6	-1	-1	-1	0	-1	19	铁桶武师22	3
9020336	17070722	8	-1	-1	-1	0	-1	21	炸弹僵尸22	2
9020336	17070722	9	-1	-1	-1	0	-1	23	炸弹僵尸22	2
										
9020337	17070223	1	-1	-1	-1	0	-1	18	路障武师23	3
9020337	17070523	3	-1	-1	-1	0	-1	20	大锤武师23	3
9020337	17070523	5	-1	-1	-1	0	-1	15	大锤武师23	3
9020337	17070723	6	-1	-1	-1	0	-1	-1	炸弹僵尸23	2
9020338	17070123	1	-1	-1	-1	0	-1	17	普通武师23	1
9020338	17070123	2	-1	-1	-1	0	-1	16	普通武师23	1
9020338	17070523	3	-1	-1	-1	0	-1	18	大锤武师23	3
9020338	17070623	4	-1	-1	-1	0	-1	20	酒鬼武师23	3
9020338	17070723	5	-1	-1	-1	0	-1	-1	炸弹僵尸23	2
9020338	17070723	6	-1	-1	-1	0	-1	-1	炸弹僵尸23	2
9020339	17070123	1	-1	-1	-1	0	-1	17	普通武师23	1
9020339	18010135	2	-1	-1	-1	0	-1	-1	23炸弹僵尸BOSS	5
9020339	17070223	3	-1	-1	-1	0	-1	18	路障武师23	3
9020339	17070123	4	-1	-1	-1	0	-1	20	普通武师23	1
9020339	17070823	5	-1	-1	-1	0	-1	-1	气功师23	4
9020339	17070523	6	-1	-1	-1	0	-1	19	大锤武师23	3
9020339	17070123	7	-1	-1	-1	0	-1	17	普通武师23	1
9020339	17070723	8	-1	-1	-1	0	-1	-1	炸弹僵尸23	2
9020339	17070723	9	-1	-1	-1	0	-1	-1	炸弹僵尸23	2
										
9020340	17070424	1	-1	-1	-1	0	-1	15	铜锣僵尸24	3
9020340	17070724	2	-1	-1	-1	0	-1	21	炸弹僵尸24	2
9020340	17070524	4	-1	-1	-1	0	-1	19	大锤武师24	3
9020340	17070524	6	-1	-1	-1	0	-1	17	大锤武师24	3
9020340	17070724	2	-1	-1	-1	0	-1	23	炸弹僵尸24	2
9020340	17070824	2	-1	-1	-1	0	-1	25	气功师24	4
9020341	17070524	1	-1	-1	-1	0	-1	16	大锤武师24	3
9020341	17070524	2	-1	-1	-1	0	-1	15	大锤武师24	3
9020341	17070224	3	-1	-1	-1	0	-1	17	路障武师24	3
9020341	17070824	4	-1	-1	-1	0	-1	25	气功师24	4
9020341	17070724	5	-1	-1	-1	0	-1	21	炸弹僵尸24	2
9020341	17070724	5	-1	-1	-1	0	-1	23	炸弹僵尸24	2
9020342	17070224	1	-1	-1	-1	0	-1	17	路障武师24	3
9020342	17070224	2	-1	-1	-1	0	-1	16	铁桶武师24	3
9020342	17070224	3	-1	-1	-1	0	-1	15	路障武师24	3
9020342	17070724	4	-1	-1	-1	0	-1	21	炸弹僵尸24	2
9020342	17070624	5	-1	-1	-1	0	-1	25	酒鬼武师24	3
9020342	18010136	8	-1	-1	-1	0	-1	-1	24气功师BOSS	5
9020342	17070724	9	-1	-1	-1	0	-1	23	炸弹僵尸24	2
										
9020343	17070125	1	-1	-1	-1	0	-1	17	普通武师25	1
9020343	17070225	2	-1	-1	-1	0	-1	19	铁桶武师25	3
9020343	17070525	3	-1	-1	-1	0	-1	15	大锤武师25	3
9020343	17070725	4	-1	-1	-1	0	-1	21	炸弹僵尸25	2
9020343	17070725	4	-1	-1	-1	0	-1	23	炸弹僵尸25	2
9020343	17070825	4	-1	-1	-1	0	-1	25	气功师25	4
9020344	17070225	1	-1	-1	-1	0	-1	17	路障武师25	3
9020344	17070225	2	-1	-1	-1	0	-1	16	路障武师25	3
9020344	17070525	3	-1	-1	-1	0	-1	15	大锤武师25	3
9020344	17070725	4	-1	-1	-1	0	-1	21	炸弹僵尸25	2
9020344	17070725	5	-1	-1	-1	0	-1	23	炸弹僵尸25	2
9020344	17070825	6	-1	-1	-1	0	-1	25	气功师25	4
9020345	19010034	3	-1	-1	-1	0	1	-1	25刺客大格	6
9020345	17070825	4	-1	-1	-1	0	1	24	气功师25	4
9020345	17070825	5	-1	-1	-1	0	1	26	气功师25	4
9020345	17070825	6	-1	-1	-1	0	1	28	气功师25	4
										
9020346	17070126	1	-1	-1	-1	0	-1	15	普通武师26	1
9020346	17070126	2	-1	-1	-1	0	-1	19	普通武师26	1
9020346	17070226	3	-1	-1	-1	0	-1	17	路障武师26	3
9020346	17070726	5	-1	-1	-1	0	-1	21	炸弹僵尸26	2
9020346	17070726	5	-1	-1	-1	0	-1	23	炸弹僵尸26	2
9020346	17070826	5	-1	-1	-1	0	-1	25	气功师26	4
9020347	17070226	2	-1	-1	-1	0	-1	15	铁桶武师26	3
9020347	17070526	3	-1	-1	-1	0	-1	17	大锤武师26	3
9020347	17070826	4	-1	-1	-1	0	-1	25	气功师26	4
9020347	17070626	5	-1	-1	-1	0	-1	19	酒鬼武师26	3
9020347	17070726	6	-1	-1	-1	0	-1	21	炸弹僵尸26	2
9020347	17070726	6	-1	-1	-1	0	-1	23	炸弹僵尸26	2
9020348	17070226	1	-1	-1	-1	0	-1	16	路障武师26	3
9020348	18010137	2	-1	-1	-1	0	-1	22	26路障武师BOSS	5
9020348	17070226	3	-1	-1	-1	0	-1	15	路障武师26	3
9020348	17070726	4	-1	-1	-1	0	-1	21	炸弹僵尸26	2
9020348	17070626	7	-1	-1	-1	0	-1	17	酒鬼武师26	3
9020348	17070826	8	-1	-1	-1	0	-1	-1	气功师26	4
9020348	17070726	9	-1	-1	-1	0	-1	23	炸弹僵尸26	2
										
9020349	17070227	1	-1	-1	-1	0	-1	15	路障武师27	3
9020349	17070227	3	-1	-1	-1	0	-1	19	铁桶武师27	3
9020349	17070427	5	-1	-1	-1	0	-1	17	铜锣僵尸27	3
9020349	17070727	5	-1	-1	-1	0	-1	21	炸弹僵尸27	2
9020349	17070827	5	-1	-1	-1	0	-1	22	气功师27	4
9020349	17070727	5	-1	-1	-1	0	-1	23	炸弹僵尸27	2
9020350	17070427	1	-1	-1	-1	0	-1	16	铜锣僵尸27	3
9020350	17070527	2	-1	-1	-1	0	-1	15	大锤武师27	3
9020350	17070827	4	-1	-1	-1	0	-1	22	气功师27	4
9020350	17070727	5	-1	-1	-1	0	-1	23	炸弹僵尸27	2
9020350	17070527	2	-1	-1	-1	0	-1	17	大锤武师27	3
9020350	17070727	5	-1	-1	-1	0	-1	21	炸弹僵尸27	2
9020351	17070427	1	-1	-1	-1	0	-1	17	铜锣僵尸27	3
9020351	17070227	2	-1	-1	-1	0	-1	16	铁桶武师27	3
9020351	17070227	3	-1	-1	-1	0	-1	15	路障武师27	3
9020351	18010138	5	-1	-1	-1	0	-1	22	27酒鬼BOSS	5
9020351	17070827	5	-1	-1	-1	0	-1	-1	气功师27	4
9020351	17070727	8	-1	-1	-1	0	-1	23	炸弹僵尸27	2
9020351	17070727	9	-1	-1	-1	0	-1	21	炸弹僵尸27	2
										
9020352	17070428	1	-1	-1	-1	0	-1	17	铜锣僵尸28	3
9020352	17070528	2	-1	-1	-1	0	-1	15	大锤武师28	3
9020352	17070528	4	-1	-1	-1	0	-1	19	大锤武师28	3
9020352	17070728	5	-1	-1	-1	0	-1	21	炸弹僵尸28	2
9020352	17070728	6	-1	-1	-1	0	-1	23	炸弹僵尸28	2
9020352	17070828	6	-1	-1	-1	0	-1	25	气功师28	4
9020353	17070228	1	-1	-1	-1	0	-1	16	路障武师28	3
9020353	17070228	2	-1	-1	-1	0	-1	17	铁桶武师28	3
9020353	17070528	3	-1	-1	-1	0	-1	15	大锤武师28	3
9020353	17070728	4	-1	-1	-1	0	-1	21	炸弹僵尸28	2
9020353	17070728	5	-1	-1	-1	0	-1	23	炸弹僵尸28	2
9020353	17070828	6	-1	-1	-1	0	-1	25	气功师28	4
9020354	17070128	1	-1	-1	-1	0	-1	15	普通武师28	1
9020354	17070228	2	-1	-1	-1	0	-1	17	路障武师28	3
9020354	17070228	3	-1	-1	-1	0	-1	19	路障武师28	3
9020354	17070728	4	-1	-1	-1	0	-1	23	炸弹僵尸28	2
9020354	18010139	5	-1	-1	-1	0	-1	25	28炸弹僵尸BOSS	5
9020354	17070728	7	-1	-1	-1	0	-1	21	炸弹僵尸28	2
9020354	17070828	8	-1	-1	-1	0	-1	-1	气功师28	4
										
9020355	17070429	2	-1	-1	-1	0	-1	17	铜锣僵尸29	3
9020355	17070729	4	-1	-1	-1	0	-1	23	炸弹僵尸29	2
9020355	17070829	5	-1	-1	-1	0	-1	25	气功师29	4
9020355	17070729	6	-1	-1	-1	0	-1	21	炸弹僵尸29	2
9020355	17070529	2	-1	-1	-1	0	-1	19	大锤武师29	3
9020355	17070629	2	-1	-1	-1	0	-1	15	酒鬼武师29	3
9020356	17070229	1	-1	-1	-1	0	-1	17	路障武师29	3
9020356	17070229	2	-1	-1	-1	0	-1	15	铁桶武师29	3
9020356	17070529	3	-1	-1	-1	0	-1	19	大锤武师29	3
9020356	17070829	4	-1	-1	-1	0	-1	25	气功师29	4
9020356	17070729	5	-1	-1	-1	0	-1	23	炸弹僵尸29	2
9020356	17070729	6	-1	-1	-1	0	-1	21	炸弹僵尸29	2
9020357	17070229	1	-1	-1	-1	0	-1	17	路障武师29	3
9020357	17070529	2	-1	-1	-1	0	-1	15	大锤武师29	3
9020357	17070229	3	-1	-1	-1	0	-1	19	路障武师29	3
9020357	17070129	4	-1	-1	-1	0	-1	17	普通武师29	1
9020357	17070529	6	-1	-1	-1	0	-1	25	大锤武师29	3
9020357	17070729	7	-1	-1	-1	0	-1	23	炸弹僵尸29	2
9020357	17070729	8	-1	-1	-1	0	-1	21	炸弹僵尸29	2
9020357	18010140	5	-1	-1	-1	0	-1	-1	29气功师BOSS	5
										
9020358	17070230	1	-1	-1	-1	0	-1	17	铁桶武师30	3
9020358	17070230	2	-1	-1	-1	0	-1	16	路障武师30	3
9020358	17070430	3	-1	-1	-1	0	-1	15	铜锣僵尸30	3
9020358	17070730	4	-1	-1	-1	0	-1	21	炸弹僵尸30	2
9020358	17070730	6	-1	-1	-1	0	-1	23	炸弹僵尸30	2
9020358	17070830	6	-1	-1	-1	0	-1	22	气功师30	4
9020359	17070230	1	-1	-1	-1	0	-1	19	路障武师30	3
9020359	17070630	2	-1	-1	-1	0	-1	17	酒鬼武师30	3
9020359	17070530	3	-1	-1	-1	0	-1	15	大锤武师30	3
9020359	17070730	4	-1	-1	-1	0	-1	21	炸弹僵尸30	2
9020359	17070830	5	-1	-1	-1	0	-1	25	气功师30	4
9020359	17070730	6	-1	-1	-1	0	-1	23	炸弹僵尸30	2
9020360	19010035	3	-1	-1	-1	0	1	-1	30禅杖武僧大格	6
9020360	17070830	4	-1	-1	-1	0	1	26	气功师30	4
9020360	17070830	6	-1	-1	-1	0	1	24	气功师30	4
9020360	17070830	8	-1	-1	-1	0	1	28	气功师30	4
										
										
										
9020361	17080501	1	-1	-1	-1	0	-1	17	黑熊精1	3
9020361	17080101	2	-1	-1	-1	0	-1	15	普通小鬼1	1
9020361	17080201	3	-1	-1	-1	0	-1	19	铁锅小鬼1	3
9020361	17080601	5	-1	-1	-1	0	-1	21	蜘蛛精1	2
9020361	17080701	5	-1	-1	-1	0	-1	25	叉子小鬼1	4
9020361	17080601	5	-1	-1	-1	0	-1	23	蜘蛛精1	2
9020362	17080201	1	-1	-1	-1	0	-1	16	铁锅小鬼1	3
9020362	17080301	2	-1	-1	-1	0	-1	15	铁盘小鬼1	3
9020362	17080201	3	-1	-1	-1	0	-1	17	铁锅小鬼1	3
9020362	17080601	5	-1	-1	-1	0	-1	21	蜘蛛精1	2
9020362	17080601	5	-1	-1	-1	0	-1	23	蜘蛛精1	2
9020362	17080701	5	-1	-1	-1	0	-1	22	叉子小鬼1	4
9020363	17080201	1	-1	-1	-1	0	-1	19	铁锅小鬼1	3
9020363	18010141	2	-1	-1	-1	0	-1	25	1红孩儿BOSS	5
9020363	17080201	3	-1	-1	-1	0	-1	15	铁锅小鬼1	3
9020363	17080601	4	-1	-1	-1	0	-1	23	蜘蛛精1	2
9020363	17080501	5	-1	-1	-1	0	-1	17	黑熊精1	3
9020363	17080601	6	-1	-1	-1	0	-1	21	蜘蛛精1	2
9020363	17080701	8	-1	-1	-1	0	-1	-1	叉子小鬼1	4
										
9020364	17080202	1	-1	-1	-1	0	-1	15	铁锅小鬼2	3
9020364	17080502	2	-1	-1	-1	0	-1	16	黑熊精2	3
9020364	17080102	3	-1	-1	-1	0	-1	17	普通小鬼2	1
9020364	17080602	5	-1	-1	-1	0	-1	21	蜘蛛精2	2
9020364	17080602	6	-1	-1	-1	0	-1	23	蜘蛛精2	2
9020364	17080702	6	-1	-1	-1	0	-1	25	叉子小鬼2	4
9020365	17080202	2	-1	-1	-1	0	-1	17	铁锅小鬼2	3
9020365	17080402	3	-1	-1	-1	0	-1	16	红孩儿2	3
9020365	17080302	4	-1	-1	-1	0	-1	15	铁盘小鬼2	3
9020365	17080702	5	-1	-1	-1	0	-1	22	叉子小鬼2	4
9020365	17080602	4	-1	-1	-1	0	-1	21	蜘蛛精2	2
9020365	17080602	4	-1	-1	-1	0	-1	23	蜘蛛精2	2
9020366	17080302	1	-1	-1	-1	0	-1	15	铁盘小鬼2	3
9020366	17080102	2	-1	-1	-1	0	-1	19	普通小鬼2	1
9020366	17080502	3	-1	-1	-1	0	-1	17	黑熊精2	3
9020366	17080402	5	-1	-1	-1	0	-1	22	红孩儿2	3
9020366	17080602	6	-1	-1	-1	0	-1	21	蜘蛛精2	2
9020366	17080602	7	-1	-1	-1	0	-1	23	蜘蛛精2	2
9020366	18010142	8	-1	-1	-1	0	-1	-1	2蜘蛛精BOSS	5
										
9020367	17080203	1	-1	-1	-1	0	-1	17	铁锅小鬼3	3
9020367	17080103	2	-1	-1	-1	0	-1	16	普通小鬼3	1
9020367	17080203	3	-1	-1	-1	0	-1	15	铁锅小鬼3	3
9020367	17080603	5	-1	-1	-1	0	-1	21	蜘蛛精3	2
9020367	17080603	5	-1	-1	-1	0	-1	23	蜘蛛精3	2
9020367	17080703	5	-1	-1	-1	0	-1	22	叉子小鬼3	4
9020368	17080203	1	-1	-1	-1	0	-1	15	铁锅小鬼3	3
9020368	17080203	2	-1	-1	-1	0	-1	19	铁锅小鬼3	3
9020368	17080403	3	-1	-1	-1	0	-1	17	红孩儿3	3
9020368	17080703	4	-1	-1	-1	0	-1	25	叉子小鬼3	4
9020368	17080603	5	-1	-1	-1	0	-1	21	蜘蛛精3	2
9020368	17080603	6	-1	-1	-1	0	-1	23	蜘蛛精3	2
9020369	17080203	1	-1	-1	-1	0	-1	15	铁锅小鬼3	3
9020369	17080303	2	-1	-1	-1	0	-1	19	铁盘小鬼3	3
9020369	17080203	3	-1	-1	-1	0	-1	17	铁锅小鬼3	3
9020369	18010143	5	-1	-1	-1	0	-1	25	3黑熊精BOSS	5
9020369	17080703	8	-1	-1	-1	0	-1	-1	叉子小鬼3	4
9020369	17080603	7	-1	-1	-1	0	-1	21	蜘蛛精3	2
9020369	17080603	9	-1	-1	-1	0	-1	23	蜘蛛精3	2
										
9020370	17080204	1	-1	-1	-1	0	-1	15	铁锅小鬼4	3
9020370	17080305	2	-1	-1	-1	0	-1	16	铁盘小鬼4	3
9020370	17080404	3	-1	-1	-1	0	-1	17	红孩儿4	3
9020370	17080604	5	-1	-1	-1	0	-1	21	蜘蛛精4	2
9020370	17080604	6	-1	-1	-1	0	-1	23	蜘蛛精4	2
9020370	17080704	6	-1	-1	-1	0	-1	22	叉子小鬼4	4
9020371	17080204	1	-1	-1	-1	0	-1	15	铁锅小鬼4	3
9020371	17080504	2	-1	-1	-1	0	-1	19	黑熊精4	3
9020371	17080204	3	-1	-1	-1	0	-1	17	铁锅小鬼4	3
9020371	17080604	4	-1	-1	-1	0	-1	21	蜘蛛精4	2
9020371	17080604	5	-1	-1	-1	0	-1	23	蜘蛛精4	2
9020371	17080704	6	-1	-1	-1	0	-1	25	叉子小鬼4	4
9020372	17080204	1	-1	-1	-1	0	-1	15	铁锅小鬼4	3
9020372	17080305	2	-1	-1	-1	0	-1	19	铁盘小鬼4	3
9020372	17080204	3	-1	-1	-1	0	-1	17	铁锅小鬼4	3
9020372	17080704	5	-1	-1	-1	0	-1	-1	叉子小鬼4	4
9020372	18010144	5	-1	-1	-1	0	-1	25	4叉子小鬼BOSS	5
9020372	17080604	7	-1	-1	-1	0	-1	21	蜘蛛精4	2
9020372	17080604	9	-1	-1	-1	0	-1	23	蜘蛛精4	2
										
9020373	17080305	1	-1	-1	-1	0	-1	17	铁盘小鬼5	3
9020373	17080205	2	-1	-1	-1	0	-1	16	铁锅小鬼5	3
9020373	17080405	3	-1	-1	-1	0	-1	15	红孩儿5	3
9020373	17080705	5	-1	-1	-1	0	-1	22	叉子小鬼5	4
9020373	17080605	6	-1	-1	-1	0	-1	21	蜘蛛精5	2
9020373	17080605	6	-1	-1	-1	0	-1	23	蜘蛛精5	2
9020374	17080205	1	-1	-1	-1	0	-1	15	铁锅小鬼5	3
9020374	17080205	2	-1	-1	-1	0	-1	17	铁锅小鬼5	3
9020374	17080305	3	-1	-1	-1	0	-1	16	铁盘小鬼5	3
9020374	17080605	4	-1	-1	-1	0	-1	21	蜘蛛精5	2
9020374	17080605	5	-1	-1	-1	0	-1	23	蜘蛛精5	2
9020374	17080705	8	-1	-1	-1	0	-1	22	叉子小鬼5	4
9020375	19010036	3	-1	-1	-1	0	1	-1	5土地爷爷大格	6
9020375	17080705	4	-1	-1	-1	0	1	26	叉子小鬼5	4
9020375	17080705	6	-1	-1	-1	0	1	24	叉子小鬼5	4
9020375	17080705	7	-1	-1	-1	0	1	28	叉子小鬼5	4
										
9020376	17080406	1	-1	-1	-1	0	-1	17	红孩儿6	3
9020376	17080206	2	-1	-1	-1	0	-1	15	铁锅小鬼6	3
9020376	17080206	3	-1	-1	-1	0	-1	19	铁锅小鬼6	3
9020376	17080706	4	-1	-1	-1	0	-1	25	叉子小鬼6	4
9020376	17080606	5	-1	-1	-1	0	-1	21	蜘蛛精6	2
9020376	17080606	5	-1	-1	-1	0	-1	23	蜘蛛精6	2
9020377	17080306	1	-1	-1	-1	0	-1	17	铁盘小鬼6	3
9020377	17080306	2	-1	-1	-1	0	-1	16	铁盘小鬼6	3
9020377	17080206	3	-1	-1	-1	0	-1	15	铁锅小鬼6	3
9020377	17080706	5	-1	-1	-1	0	-1	22	叉子小鬼6	4
9020377	17080606	6	-1	-1	-1	0	-1	23	蜘蛛精6	2
9020377	17080606	6	-1	-1	-1	0	-1	21	蜘蛛精6	2
9020378	17080206	1	-1	-1	-1	0	-1	16	铁锅小鬼6	3
9020378	17080306	2	-1	-1	-1	0	-1	15	铁盘小鬼6	3
9020378	17080306	2	-1	-1	-1	0	-1	17	铁盘小鬼6	3
9020378	18010145	3	-1	-1	-1	0	-1	22	6红孩儿BOSS	5
9020378	17080606	4	-1	-1	-1	0	-1	21	蜘蛛精6	2
9020378	17080606	6	-1	-1	-1	0	-1	23	蜘蛛精6	2
9020378	17080706	2	-1	-1	-1	0	-1	-1	叉子小鬼6	4
9020378	17080606	8	-1	-1	-1	0	-1	-1	蜘蛛精6	2
										
9020379	17080207	2	-1	-1	-1	0	-1	17	铁锅小鬼7	3
9020379	17080407	3	-1	-1	-1	0	-1	16	红孩儿7	3
9020379	17080407	4	-1	-1	-1	0	-1	15	红孩儿7	3
9020379	17080607	5	-1	-1	-1	0	-1	21	蜘蛛精7	2
9020379	17080707	5	-1	-1	-1	0	-1	22	叉子小鬼7	4
9020379	17080607	5	-1	-1	-1	0	-1	23	蜘蛛精7	2
9020380	17080207	1	-1	-1	-1	0	-1	17	铁锅小鬼7	3
9020380	17080207	2	-1	-1	-1	0	-1	16	铁锅小鬼7	3
9020380	17080407	3	-1	-1	-1	0	-1	15	红孩儿7	3
9020380	17080607	4	-1	-1	-1	0	-1	21	蜘蛛精7	2
9020380	17080607	5	-1	-1	-1	0	-1	23	蜘蛛精7	2
9020380	17080707	6	-1	-1	-1	0	-1	22	叉子小鬼7	4
9020381	17080507	1	-1	-1	-1	0	-1	17	黑熊精7	3
9020381	17080307	2	-1	-1	-1	0	-1	16	铁盘小鬼7	3
9020381	17080207	3	-1	-1	-1	0	-1	15	铁锅小鬼7	3
9020381	17080707	5	-1	-1	-1	0	-1	-1	叉子小鬼7	4
9020381	18010146	5	-1	-1	-1	0	-1	22	7蜘蛛精BOSS	5
9020381	17080607	6	-1	-1	-1	0	-1	21	蜘蛛精7	2
9020381	17080607	7	-1	-1	-1	0	-1	23	蜘蛛精7	2
										
9020382	17080408	2	-1	-1	-1	0	-1	15	红孩儿8	3
9020382	17080708	4	-1	-1	-1	0	-1	22	叉子小鬼8	4
9020382	17080608	5	-1	-1	-1	0	-1	21	蜘蛛精8	2
9020382	17080608	6	-1	-1	-1	0	-1	23	蜘蛛精8	2
9020382	17080408	2	-1	-1	-1	0	-1	16	红孩儿8	3
9020382	17080408	2	-1	-1	-1	0	-1	17	红孩儿8	3
9020383	17080308	2	-1	-1	-1	0	-1	19	铁盘小鬼8	3
9020383	17080408	3	-1	-1	-1	0	-1	17	红孩儿8	3
9020383	17080708	4	-1	-1	-1	0	-1	25	叉子小鬼8	4
9020383	17080608	5	-1	-1	-1	0	-1	21	蜘蛛精8	2
9020383	17080608	6	-1	-1	-1	0	-1	23	蜘蛛精8	2
9020383	17080408	3	-1	-1	-1	0	-1	15	红孩儿8	3
9020384	17080208	1	-1	-1	-1	0	-1	15	铁锅小鬼8	3
9020384	18010147	2	-1	-1	-1	0	-1	25	8黑熊精BOSS	5
9020384	17080508	3	-1	-1	-1	0	-1	19	黑熊精8	3
9020384	17080508	3	-1	-1	-1	0	-1	17	黑熊精8	3
9020384	17080708	5	-1	-1	-1	0	-1	-1	叉子小鬼8	4
9020384	17080608	8	-1	-1	-1	0	-1	21	蜘蛛精8	2
9020384	17080608	9	-1	-1	-1	0	-1	23	蜘蛛精8	2
										
9020385	17080209	1	-1	-1	-1	0	-1	19	铁锅小鬼9	3
9020385	17080309	2	-1	-1	-1	0	-1	15	铁盘小鬼9	3
9020385	17080709	5	-1	-1	-1	0	-1	25	叉子小鬼9	4
9020385	17080409	6	-1	-1	-1	0	-1	17	红孩儿9	3
9020385	17080609	2	-1	-1	-1	0	-1	21	蜘蛛精9	2
9020385	17080609	2	-1	-1	-1	0	-1	23	蜘蛛精9	2
9020386	17080509	1	-1	-1	-1	0	-1	17	黑熊精9	3
9020386	17080409	2	-1	-1	-1	0	-1	15	红孩儿9	3
9020386	17080709	4	-1	-1	-1	0	-1	25	叉子小鬼9	4
9020386	17080609	5	-1	-1	-1	0	-1	23	蜘蛛精9	2
9020386	17080609	6	-1	-1	-1	0	-1	21	蜘蛛精9	2
9020386	17080509	1	-1	-1	-1	0	-1	19	黑熊精9	3
9020387	17080209	1	-1	-1	-1	0	-1	16	铁锅小鬼9	3
9020387	17080509	2	-1	-1	-1	0	-1	17	黑熊精9	3
9020387	17080309	3	-1	-1	-1	0	-1	15	铁盘小鬼9	3
9020387	17080609	4	-1	-1	-1	0	-1	21	蜘蛛精9	2
9020387	17080409	5	-1	-1	-1	0	-1	22	红孩儿9	3
9020387	18010148	8	-1	-1	-1	0	-1	-1	9叉子小鬼BOSS	5
9020387	17080609	9	-1	-1	-1	0	-1	23	蜘蛛精9	2
										
9020388	17080410	2	-1	-1	-1	0	-1	17	红孩儿10	3
9020388	17080210	3	-1	-1	-1	0	-1	15	铁锅小鬼10	3
9020388	17080410	4	-1	-1	-1	0	-1	19	红孩儿10	3
9020388	17080610	5	-1	-1	-1	0	-1	21	蜘蛛精10	2
9020388	17080610	5	-1	-1	-1	0	-1	23	蜘蛛精10	2
9020388	17080710	5	-1	-1	-1	0	-1	25	叉子小鬼10	4
9020389	17080510	1	-1	-1	-1	0	-1	16	黑熊精10	3
9020389	17080310	2	-1	-1	-1	0	-1	15	铁盘小鬼10	3
9020389	17080410	3	-1	-1	-1	0	-1	17	红孩儿10	3
9020389	17080610	4	-1	-1	-1	0	-1	21	蜘蛛精10	2
9020389	17080710	5	-1	-1	-1	0	-1	22	叉子小鬼10	4
9020389	17080610	6	-1	-1	-1	0	-1	23	蜘蛛精10	2
9020390	19010037	3	-1	-1	-1	0	1	-1	10黑熊精大格	6
9020390	17080710	5	-1	-1	-1	0	1	26	叉子小鬼10	4
9020390	17080710	7	-1	-1	-1	0	1	28	叉子小鬼10	4
9020390	17080710	9	-1	-1	-1	0	1	24	叉子小鬼10	4
										
9020391	17080211	1	-1	-1	-1	0	-1	19	铁锅小鬼11	3
9020391	17080211	3	-1	-1	-1	0	-1	17	铁锅小鬼11	3
9020391	17080311	5	-1	-1	-1	0	-1	15	铁盘小鬼11	3
9020391	17080611	5	-1	-1	-1	0	-1	21	蜘蛛精11	2
9020391	17080611	5	-1	-1	-1	0	-1	23	蜘蛛精11	2
9020391	17080311	5	-1	-1	-1	0	-1	25	铁盘小鬼11	3
9020392	17080511	1	-1	-1	-1	0	-1	17	黑熊精11	3
9020392	17080511	2	-1	-1	-1	0	-1	19	黑熊精11	3
9020392	17080411	3	-1	-1	-1	0	-1	15	红孩儿11	3
9020392	17080711	4	-1	-1	-1	0	-1	25	叉子小鬼11	4
9020392	17080611	5	-1	-1	-1	0	-1	21	蜘蛛精11	2
9020392	17080611	6	-1	-1	-1	0	-1	23	蜘蛛精11	2
9020393	17080511	1	-1	-1	-1	0	-1	16	黑熊精11	3
9020393	18010149	2	-1	-1	-1	0	-1	22	11红孩儿BOSS	5
9020393	17080411	3	-1	-1	-1	0	-1	15	红孩儿11	3
9020393	17080611	4	-1	-1	-1	0	-1	23	蜘蛛精11	2
9020393	17080411	6	-1	-1	-1	0	-1	17	红孩儿11	3
9020393	17080711	8	-1	-1	-1	0	-1	-1	叉子小鬼11	4
9020393	17080611	9	-1	-1	-1	0	-1	21	蜘蛛精11	2
										
9020394	17080412	1	-1	-1	-1	0	-1	17	红孩儿12	3
9020394	17080512	2	-1	-1	-1	0	-1	15	黑熊精12	3
9020394	17080412	3	-1	-1	-1	0	-1	19	红孩儿12	3
9020394	17080612	5	-1	-1	-1	0	-1	21	蜘蛛精12	2
9020394	17080612	5	-1	-1	-1	0	-1	23	蜘蛛精12	2
9020394	17080712	5	-1	-1	-1	0	-1	25	叉子小鬼12	4
9020395	17080412	1	-1	-1	-1	0	-1	16	红孩儿12	3
9020395	17080412	2	-1	-1	-1	0	-1	15	红孩儿12	3
9020395	17080212	3	-1	-1	-1	0	-1	17	铁锅小鬼12	3
9020395	17080612	4	-1	-1	-1	0	-1	21	蜘蛛精12	2
9020395	17080712	5	-1	-1	-1	0	-1	22	叉子小鬼12	4
9020395	17080612	4	-1	-1	-1	0	-1	23	蜘蛛精12	2
9020396	17080212	1	-1	-1	-1	0	-1	17	铁锅小鬼12	3
9020396	17080312	2	-1	-1	-1	0	-1	16	铁盘小鬼12	3
9020396	17080512	3	-1	-1	-1	0	-1	15	黑熊精12	3
9020396	18010150	4	-1	-1	-1	0	-1	22	12蜘蛛精BOSS	5
9020396	17080712	5	-1	-1	-1	0	-1	-1	叉子小鬼12	4
9020396	17080612	6	-1	-1	-1	0	-1	21	蜘蛛精12	2
9020396	17080612	6	-1	-1	-1	0	-1	23	蜘蛛精12	2
										
9020397	17080213	1	-1	-1	-1	0	-1	17	铁锅小鬼13	3
9020397	17080413	5	-1	-1	-1	0	-1	16	红孩儿13	3
9020397	17080413	6	-1	-1	-1	0	-1	15	红孩儿13	3
9020397	17080613	6	-1	-1	-1	0	-1	21	蜘蛛精13	2
9020397	17080713	6	-1	-1	-1	0	-1	22	叉子小鬼13	4
9020397	17080613	6	-1	-1	-1	0	-1	23	蜘蛛精13	2
9020398	17080213	1	-1	-1	-1	0	-1	17	铁锅小鬼13	3
9020398	17080213	2	-1	-1	-1	0	-1	15	铁锅小鬼13	3
9020398	17080413	3	-1	-1	-1	0	-1	19	红孩儿13	3
9020398	17080713	4	-1	-1	-1	0	-1	25	叉子小鬼13	4
9020398	17080613	5	-1	-1	-1	0	-1	21	蜘蛛精13	2
9020398	17080613	6	-1	-1	-1	0	-1	23	蜘蛛精13	2
9020399	17080313	1	-1	-1	-1	0	-1	15	铁盘小鬼13	3
9020399	18010151	2	-1	-1	-1	0	-1	22	13黑熊精BOSS	5
9020399	17080313	3	-1	-1	-1	0	-1	19	铁盘小鬼13	3
9020399	17080413	5	-1	-1	-1	0	-1	17	红孩儿13	3
9020399	17080713	5	-1	-1	-1	0	-1	-1	叉子小鬼13	4
9020399	17080613	6	-1	-1	-1	0	-1	21	蜘蛛精13	2
9020399	17080613	7	-1	-1	-1	0	-1	23	蜘蛛精13	2
										
9020400	17080414	2	-1	-1	-1	0	-1	16	红孩儿14	3
9020400	17080414	4	-1	-1	-1	0	-1	15	红孩儿14	3
9020400	17080614	5	-1	-1	-1	0	-1	21	蜘蛛精14	2
9020400	17080414	6	-1	-1	-1	0	-1	17	红孩儿14	3
9020400	17080614	5	-1	-1	-1	0	-1	23	蜘蛛精14	2
9020400	17080714	5	-1	-1	-1	0	-1	22	叉子小鬼14	4
9020401	17080314	2	-1	-1	-1	0	-1	15	铁盘小鬼14	3
9020401	17080414	3	-1	-1	-1	0	-1	17	红孩儿14	3
9020401	17080614	4	-1	-1	-1	0	-1	21	蜘蛛精14	2
9020401	17080614	5	-1	-1	-1	0	-1	23	蜘蛛精14	2
9020401	17080714	6	-1	-1	-1	0	-1	22	叉子小鬼14	4
9020401	17080314	2	-1	-1	-1	0	-1	16	铁盘小鬼14	3
9020402	17080214	1	-1	-1	-1	0	-1	17	铁锅小鬼14	3
9020402	17080314	2	-1	-1	-1	0	-1	16	铁盘小鬼14	3
9020402	17080414	3	-1	-1	-1	0	-1	15	红孩儿14	3
9020402	18010152	5	-1	-1	-1	0	-1	22	14叉子小鬼BOSS	5
9020402	17080614	7	-1	-1	-1	0	-1	21	蜘蛛精14	2
9020402	17080614	8	-1	-1	-1	0	-1	23	蜘蛛精14	2
9020402	17080714	5	-1	-1	-1	0	-1	-1	叉子小鬼14	4
										
9020403	17080515	3	-1	-1	-1	0	-1	15	黑熊精15	3
9020403	17080215	4	-1	-1	-1	0	-1	16	铁锅小鬼15	3
9020403	17080415	5	-1	-1	-1	0	-1	17	红孩儿15	3
9020403	17080615	6	-1	-1	-1	0	-1	21	蜘蛛精15	2
9020403	17080715	6	-1	-1	-1	0	-1	22	叉子小鬼15	4
9020403	17080615	6	-1	-1	-1	0	-1	23	蜘蛛精15	2
9020404	17080515	1	-1	-1	-1	0	-1	19	黑熊精15	3
9020404	17080415	2	-1	-1	-1	0	-1	17	红孩儿15	3
9020404	17080715	4	-1	-1	-1	0	-1	25	叉子小鬼15	4
9020404	17080615	5	-1	-1	-1	0	-1	23	蜘蛛精15	2
9020404	17080615	6	-1	-1	-1	0	-1	21	蜘蛛精15	2
9020404	17080415	2	-1	-1	-1	0	-1	15	红孩儿15	3
9020405	19010038	3	-1	-1	-1	0	1	-1	15黄梅大王大格	6
9020405	17080715	4	-1	-1	-1	0	1	28	叉子小鬼15	4
9020405	17080715	6	-1	-1	-1	0	1	26	叉子小鬼15	4
9020405	17080715	9	-1	-1	-1	0	1	24	叉子小鬼15	4
										
9020406	17080416	2	-1	-1	-1	0	-1	17	红孩儿16	3
9020406	17080516	3	-1	-1	-1	0	-1	16	黑熊精16	3
9020406	17080416	4	-1	-1	-1	0	-1	15	红孩儿16	3
9020406	17080616	5	-1	-1	-1	0	-1	21	蜘蛛精16	2
9020406	17080616	5	-1	-1	-1	0	-1	23	蜘蛛精16	2
9020406	17080716	5	-1	-1	-1	0	-1	22	叉子小鬼16	4
9020407	17080516	1	-1	-1	-1	0	-1	17	黑熊精16	3
9020407	17080316	2	-1	-1	-1	0	-1	16	铁盘小鬼16	3
9020407	17080416	3	-1	-1	-1	0	-1	15	红孩儿16	3
9020407	17080616	4	-1	-1	-1	0	-1	21	蜘蛛精16	2
9020407	17080716	6	-1	-1	-1	0	-1	22	叉子小鬼16	4
9020407	17080616	4	-1	-1	-1	0	-1	23	蜘蛛精16	2
9020408	18010153	1	-1	-1	-1	0	-1	22	16红孩儿BOSS	5
9020408	17080316	2	-1	-1	-1	0	-1	17	铁盘小鬼16	3
9020408	17080216	3	-1	-1	-1	0	-1	16	铁锅小鬼16	3
9020408	17080716	5	-1	-1	-1	0	-1	-1	叉子小鬼16	4
9020408	17080616	5	-1	-1	-1	0	-1	21	蜘蛛精16	2
9020408	17080616	5	-1	-1	-1	0	-1	23	蜘蛛精16	2
9020408	17080416	6	-1	-1	-1	0	-1	15	红孩儿16	3
										
9020409	17080217	1	-1	-1	-1	0	-1	19	铁锅小鬼17	3
9020409	17080417	2	-1	-1	-1	0	-1	17	红孩儿17	3
9020409	17080717	5	-1	-1	-1	0	-1	25	叉子小鬼17	4
9020409	17080417	6	-1	-1	-1	0	-1	15	红孩儿17	3
9020409	17080617	6	-1	-1	-1	0	-1	21	蜘蛛精17	2
9020409	17080617	6	-1	-1	-1	0	-1	23	蜘蛛精17	2
9020410	17080517	1	-1	-1	-1	0	-1	17	黑熊精17	3
9020410	17080517	2	-1	-1	-1	0	-1	15	黑熊精17	3
9020410	17080417	3	-1	-1	-1	0	-1	19	红孩儿17	3
9020410	17080717	4	-1	-1	-1	0	-1	25	叉子小鬼17	4
9020410	17080617	5	-1	-1	-1	0	-1	21	蜘蛛精17	2
9020410	17080617	6	-1	-1	-1	0	-1	23	蜘蛛精17	2
9020411	17080517	1	-1	-1	-1	0	-1	25	黑熊精17	3
9020411	17080317	2	-1	-1	-1	0	-1	15	铁盘小鬼17	3
9020411	17080517	3	-1	-1	-1	0	-1	19	黑熊精17	3
9020411	17080417	4	-1	-1	-1	0	-1	17	红孩儿17	3
9020411	17080417	5	-1	-1	-1	0	-1	16	红孩儿17	3
9020411	17080717	7	-1	-1	-1	0	-1	23	叉子小鬼17	4
9020411	18010154	8	-1	-1	-1	0	-1	-1	17蜘蛛精BOSS	5
9020411	17080617	9	-1	-1	-1	0	-1	21	蜘蛛精17	2
										
9020412	17080218	3	-1	-1	-1	0	-1	19	铁锅小鬼18	3
9020412	17080418	4	-1	-1	-1	0	-1	17	红孩儿18	3
9020412	17080618	5	-1	-1	-1	0	-1	23	蜘蛛精18	2
9020412	17080718	6	-1	-1	-1	0	-1	25	叉子小鬼18	4
9020412	17080418	4	-1	-1	-1	0	-1	15	红孩儿18	3
9020412	17080618	5	-1	-1	-1	0	-1	21	蜘蛛精18	2
9020413	17080418	1	-1	-1	-1	0	-1	17	红孩儿18	3
9020413	17080418	2	-1	-1	-1	0	-1	15	红孩儿18	3
9020413	17080218	3	-1	-1	-1	0	-1	19	铁锅小鬼18	3
9020413	17080618	4	-1	-1	-1	0	-1	21	蜘蛛精18	2
9020413	17080618	5	-1	-1	-1	0	-1	23	蜘蛛精18	2
9020413	17080718	6	-1	-1	-1	0	-1	25	叉子小鬼18	4
9020414	17080318	1	-1	-1	-1	0	-1	17	铁盘小鬼18	3
9020414	18010155	2	-1	-1	-1	0	-1	25	18黑熊精BOSS	5
9020414	17080318	3	-1	-1	-1	0	-1	19	铁盘小鬼18	3
9020414	17080718	5	-1	-1	-1	0	-1	-1	叉子小鬼18	4
9020414	17080418	5	-1	-1	-1	0	-1	15	红孩儿18	3
9020414	17080618	6	-1	-1	-1	0	-1	23	蜘蛛精18	2
9020414	17080618	8	-1	-1	-1	0	-1	21	蜘蛛精18	2
										
9020415	17080219	1	-1	-1	-1	0	-1	15	铁锅小鬼19	3
9020415	17080719	5	-1	-1	-1	0	-1	25	叉子小鬼19	4
9020415	17080419	6	-1	-1	-1	0	-1	17	红孩儿19	3
9020415	17080419	6	-1	-1	-1	0	-1	16	红孩儿19	3
9020415	17080619	6	-1	-1	-1	0	-1	21	蜘蛛精19	2
9020415	17080619	6	-1	-1	-1	0	-1	23	蜘蛛精19	2
9020416	17080219	1	-1	-1	-1	0	-1	16	铁锅小鬼19	3
9020416	17080219	2	-1	-1	-1	0	-1	15	铁锅小鬼19	3
9020416	17080419	3	-1	-1	-1	0	-1	17	红孩儿19	3
9020416	17080619	4	-1	-1	-1	0	-1	21	蜘蛛精19	2
9020416	17080619	5	-1	-1	-1	0	-1	23	蜘蛛精19	2
9020416	17080719	6	-1	-1	-1	0	-1	22	叉子小鬼19	4
9020417	17080319	1	-1	-1	-1	0	-1	16	铁盘小鬼19	3
9020417	17080419	2	-1	-1	-1	0	-1	15	红孩儿19	3
9020417	17080319	3	-1	-1	-1	0	-1	17	铁盘小鬼19	3
9020417	17080719	5	-1	-1	-1	0	-1	-1	叉子小鬼19	4
9020417	18010156	5	-1	-1	-1	0	-1	22	19叉子小鬼BOSS	5
9020417	17080619	8	-1	-1	-1	0	-1	21	蜘蛛精19	2
9020417	17080619	9	-1	-1	-1	0	-1	23	蜘蛛精19	2
										
9020418	17080420	2	-1	-1	-1	0	-1	16	红孩儿20	3
9020418	17080220	3	-1	-1	-1	0	-1	17	铁锅小鬼20	3
9020418	17080420	4	-1	-1	-1	0	-1	15	红孩儿20	3
9020418	17080720	5	-1	-1	-1	0	-1	22	叉子小鬼20	4
9020418	17080620	5	-1	-1	-1	0	-1	21	蜘蛛精20	2
9020418	17080620	5	-1	-1	-1	0	-1	23	蜘蛛精20	2
9020419	17080220	1	-1	-1	-1	0	-1	17	铁锅小鬼20	3
9020419	17080320	2	-1	-1	-1	0	-1	16	铁盘小鬼20	3
9020419	17080420	3	-1	-1	-1	0	-1	15	红孩儿20	3
9020419	17080720	4	-1	-1	-1	0	-1	22	叉子小鬼20	4
9020419	17080620	5	-1	-1	-1	0	-1	23	蜘蛛精20	2
9020419	17080620	6	-1	-1	-1	0	-1	21	蜘蛛精20	2
9020420	19010039	3	-1	-1	-1	0	1	-1	20白骨精大格	6
9020420	17080720	4	-1	-1	-1	0	1	24	叉子小鬼20	4
9020420	17080620	6	-1	-1	-1	0	1	26	蜘蛛精20	2
9020420	17080620	8	-1	-1	-1	0	1	28	蜘蛛精20	2
										
9020421	17080221	1	-1	-1	-1	0	-1	15	铁锅小鬼21	3
9020421	17080221	3	-1	-1	-1	0	-1	19	铁锅小鬼21	3
9020421	17080321	5	-1	-1	-1	0	-1	17	铁盘小鬼21	3
9020421	17080621	5	-1	-1	-1	0	-1	21	蜘蛛精21	2
9020421	17080621	5	-1	-1	-1	0	-1	23	蜘蛛精21	2
9020421	17080721	5	-1	-1	-1	0	-1	22	叉子小鬼21	4
9020422	17080521	1	-1	-1	-1	0	-1	16	黑熊精21	3
9020422	17080421	2	-1	-1	-1	0	-1	15	红孩儿21	3
9020422	17080421	2	-1	-1	-1	0	-1	17	红孩儿21	3
9020422	17080721	4	-1	-1	-1	0	-1	22	叉子小鬼21	4
9020422	17080621	5	-1	-1	-1	0	-1	21	蜘蛛精21	2
9020422	17080621	6	-1	-1	-1	0	-1	23	蜘蛛精21	2
9020423	17080221	1	-1	-1	-1	0	-1	17	铁锅小鬼21	3
9020423	18010157	2	-1	-1	-1	0	-1	22	21红孩儿BOSS	5
9020423	17080521	3	-1	-1	-1	0	-1	16	黑熊精21	3
9020423	17080421	4	-1	-1	-1	0	-1	15	红孩儿21	3
9020423	17080621	5	-1	-1	-1	0	-1	23	蜘蛛精21	2
9020423	17080721	5	-1	-1	-1	0	-1	-1	叉子小鬼21	4
9020423	17080621	9	-1	-1	-1	0	-1	21	蜘蛛精21	2
										
9020424	17080422	1	-1	-1	-1	0	-1	16	红孩儿22	3
9020424	17080522	2	-1	-1	-1	0	-1	17	黑熊精22	3
9020424	17080422	3	-1	-1	-1	0	-1	15	红孩儿22	3
9020424	17080622	5	-1	-1	-1	0	-1	21	蜘蛛精22	2
9020424	17080622	5	-1	-1	-1	0	-1	23	蜘蛛精22	2
9020424	17080722	5	-1	-1	-1	0	-1	22	叉子小鬼22	4
9020425	17080522	1	-1	-1	-1	0	-1	17	黑熊精22	3
9020425	17080322	2	-1	-1	-1	0	-1	16	铁盘小鬼22	3
9020425	17080422	3	-1	-1	-1	0	-1	15	红孩儿22	3
9020425	17080622	4	-1	-1	-1	0	-1	21	蜘蛛精22	2
9020425	17080722	5	-1	-1	-1	0	-1	22	叉子小鬼22	4
9020425	17080622	6	-1	-1	-1	0	-1	23	蜘蛛精22	2
9020426	17080322	1	-1	-1	-1	0	-1	17	铁盘小鬼22	3
9020426	17080222	2	-1	-1	-1	0	-1	16	铁锅小鬼22	3
9020426	17080222	3	-1	-1	-1	0	-1	15	铁锅小鬼22	3
9020426	17080622	4	-1	-1	-1	0	-1	21	蜘蛛精22	2
9020426	18010158	5	-1	-1	-1	0	-1	22	22蜘蛛精BOSS	5
9020426	17080622	8	-1	-1	-1	0	-1	23	蜘蛛精22	2
9020426	17080722	9	-1	-1	-1	0	-1	-1	叉子小鬼22	4
										
9020427	17080223	1	-1	-1	-1	0	-1	17	铁锅小鬼23	3
9020427	17080423	3	-1	-1	-1	0	-1	16	红孩儿23	3
9020427	17080423	5	-1	-1	-1	0	-1	15	红孩儿23	3
9020427	17080623	6	-1	-1	-1	0	-1	21	蜘蛛精23	2
9020427	17080623	6	-1	-1	-1	0	-1	23	蜘蛛精23	2
9020427	17080723	6	-1	-1	-1	0	-1	22	叉子小鬼23	4
9020428	17080523	1	-1	-1	-1	0	-1	17	黑熊精23	3
9020428	17080523	2	-1	-1	-1	0	-1	16	黑熊精23	3
9020428	17080423	3	-1	-1	-1	0	-1	15	红孩儿23	3
9020428	17080623	4	-1	-1	-1	0	-1	21	蜘蛛精23	2
9020428	17080623	5	-1	-1	-1	0	-1	23	蜘蛛精23	2
9020428	17080723	6	-1	-1	-1	0	-1	22	叉子小鬼23	4
9020429	18010159	1	-1	-1	-1	0	-1	22	23黑熊精BOSS	5
9020429	17080323	2	-1	-1	-1	0	-1	16	铁盘小鬼23	3
9020429	17080223	3	-1	-1	-1	0	-1	15	铁锅小鬼23	3
9020429	17080123	4	-1	-1	-1	0	-1	17	普通小鬼23	1
9020429	17080523	5	-1	-1	-1	0	-1	23	黑熊精23	3
9020429	17080423	6	-1	-1	-1	0	-1	21	红孩儿23	3
9020429	17080723	8	-1	-1	-1	0	-1	-1	叉子小鬼23	4
										
9020430	17080524	1	-1	-1	-1	0	-1	15	黑熊精24	3
9020430	17080724	2	-1	-1	-1	0	-1	25	叉子小鬼24	4
9020430	17080424	4	-1	-1	-1	0	-1	19	红孩儿24	3
9020430	17080424	6	-1	-1	-1	0	-1	17	红孩儿24	3
9020430	17080624	2	-1	-1	-1	0	-1	21	蜘蛛精24	2
9020430	17080624	2	-1	-1	-1	0	-1	23	蜘蛛精24	2
9020431	17080424	1	-1	-1	-1	0	-1	16	红孩儿24	3
9020431	17080424	2	-1	-1	-1	0	-1	17	红孩儿24	3
9020431	17080224	3	-1	-1	-1	0	-1	15	铁锅小鬼24	3
9020431	17080624	4	-1	-1	-1	0	-1	21	蜘蛛精24	2
9020431	17080724	5	-1	-1	-1	0	-1	22	叉子小鬼24	4
9020431	17080624	4	-1	-1	-1	0	-1	23	蜘蛛精24	2
9020432	17080224	1	-1	-1	-1	0	-1	17	铁锅小鬼24	3
9020432	17080324	2	-1	-1	-1	0	-1	16	铁盘小鬼24	3
9020432	17080224	3	-1	-1	-1	0	-1	15	铁锅小鬼24	3
9020432	18010160	5	-1	-1	-1	0	-1	-1	24叉子小鬼BOSS	5
9020432	17080424	6	-1	-1	-1	0	-1	22	红孩儿24	3
9020432	17080624	8	-1	-1	-1	0	-1	21	蜘蛛精24	2
9020432	17080624	9	-1	-1	-1	0	-1	23	蜘蛛精24	2
										
9020433	17080525	1	-1	-1	-1	0	-1	17	黑熊精25	3
9020433	17080325	2	-1	-1	-1	0	-1	16	铁盘小鬼25	3
9020433	17080425	3	-1	-1	-1	0	-1	15	红孩儿25	3
9020433	17080625	4	-1	-1	-1	0	-1	21	蜘蛛精25	2
9020433	17080725	4	-1	-1	-1	0	-1	22	叉子小鬼25	4
9020433	17080625	4	-1	-1	-1	0	-1	23	蜘蛛精25	2
9020434	17080225	1	-1	-1	-1	0	-1	17	铁锅小鬼25	3
9020434	17080225	2	-1	-1	-1	0	-1	16	铁锅小鬼25	3
9020434	17080425	3	-1	-1	-1	0	-1	15	红孩儿25	3
9020434	17080625	4	-1	-1	-1	0	-1	21	蜘蛛精25	2
9020434	17080725	5	-1	-1	-1	0	-1	22	叉子小鬼25	4
9020434	17080625	6	-1	-1	-1	0	-1	23	蜘蛛精25	2
9020435	19010040	3	-1	-1	-1	0	1	-1	25蜘蛛精大格	6
9020435	17080725	6	-1	-1	-1	0	1	24	叉子小鬼25	4
9020435	17080725	7	-1	-1	-1	0	1	26	叉子小鬼25	4
9020435	17080725	9	-1	-1	-1	0	1	28	叉子小鬼25	4
										
9020436	17080126	1	-1	-1	-1	0	-1	15	普通小鬼26	1
9020436	17080126	2	-1	-1	-1	0	-1	19	普通小鬼26	1
9020436	17080226	3	-1	-1	-1	0	-1	17	铁锅小鬼26	3
9020436	17080626	5	-1	-1	-1	0	-1	21	蜘蛛精26	2
9020436	17080626	5	-1	-1	-1	0	-1	23	蜘蛛精26	2
9020436	17080726	5	-1	-1	-1	0	-1	25	叉子小鬼26	4
9020437	17080326	2	-1	-1	-1	0	-1	15	铁盘小鬼26	3
9020437	17080426	3	-1	-1	-1	0	-1	16	红孩儿26	3
9020437	17080626	4	-1	-1	-1	0	-1	23	蜘蛛精26	2
9020437	17080626	5	-1	-1	-1	0	-1	21	蜘蛛精26	2
9020437	17080726	6	-1	-1	-1	0	-1	22	叉子小鬼26	4
9020437	17080726	6	-1	-1	-1	0	-1	17	叉子小鬼26	4
9020438	17080226	1	-1	-1	-1	0	-1	16	铁锅小鬼26	3
9020438	17080326	2	-1	-1	-1	0	-1	15	铁盘小鬼26	3
9020438	17080626	3	-1	-1	-1	0	-1	23	蜘蛛精26	2
9020438	17080626	4	-1	-1	-1	0	-1	21	蜘蛛精26	2
9020438	18010161	5	-1	-1	-1	0	-1	22	26红孩儿BOSS	5
9020438	17080726	5	-1	-1	-1	0	-1	-1	叉子小鬼26	4
										
9020439	17080227	1	-1	-1	-1	0	-1	15	铁锅小鬼27	3
9020439	17080527	3	-1	-1	-1	0	-1	19	黑熊精27	3
9020439	17080427	5	-1	-1	-1	0	-1	17	红孩儿27	3
9020439	17080627	5	-1	-1	-1	0	-1	21	蜘蛛精27	2
9020439	17080627	5	-1	-1	-1	0	-1	23	蜘蛛精27	2
9020439	17080727	5	-1	-1	-1	0	-1	25	叉子小鬼27	4
9020440	17080527	1	-1	-1	-1	0	-1	16	黑熊精27	3
9020440	17080427	2	-1	-1	-1	0	-1	15	红孩儿27	3
9020440	17080727	4	-1	-1	-1	0	-1	22	叉子小鬼27	4
9020440	17080627	5	-1	-1	-1	0	-1	21	蜘蛛精27	2
9020440	17080627	6	-1	-1	-1	0	-1	23	蜘蛛精27	2
9020440	17080427	2	-1	-1	-1	0	-1	17	红孩儿27	3
9020441	17080527	1	-1	-1	-1	0	-1	17	黑熊精27	3
9020441	17080327	2	-1	-1	-1	0	-1	16	铁盘小鬼27	3
9020441	17080227	3	-1	-1	-1	0	-1	15	铁锅小鬼27	3
9020441	17080627	4	-1	-1	-1	0	-1	21	蜘蛛精27	2
9020441	18010162	5	-1	-1	-1	0	-1	22	27蜘蛛精BOSS	5
9020441	17080627	6	-1	-1	-1	0	-1	23	蜘蛛精27	2
9020441	17080727	5	-1	-1	-1	0	-1	-1	叉子小鬼27	4
										
9020442	17080528	1	-1	-1	-1	0	-1	17	黑熊精28	3
9020442	17080328	2	-1	-1	-1	0	-1	15	铁盘小鬼28	3
9020442	17080428	4	-1	-1	-1	0	-1	19	红孩儿28	3
9020442	17080728	5	-1	-1	-1	0	-1	25	叉子小鬼28	4
9020442	17080628	6	-1	-1	-1	0	-1	23	蜘蛛精28	2
9020442	17080628	6	-1	-1	-1	0	-1	21	蜘蛛精28	2
9020443	17080528	1	-1	-1	-1	0	-1	13	黑熊精28	3
9020443	17080328	2	-1	-1	-1	0	-1	17	铁盘小鬼28	3
9020443	17080428	3	-1	-1	-1	0	-1	15	红孩儿28	3
9020443	17080628	4	-1	-1	-1	0	-1	21	蜘蛛精28	2
9020443	17080628	5	-1	-1	-1	0	-1	23	蜘蛛精28	2
9020443	17080728	6	-1	-1	-1	0	-1	19	叉子小鬼28	4
9020444	17080528	1	-1	-1	-1	0	-1	13	黑熊精28	3
9020444	17080228	2	-1	-1	-1	0	-1	15	铁锅小鬼28	3
9020444	18010163	3	-1	-1	-1	0	-1	19	28黑熊精BOSS	5
9020444	17080628	4	-1	-1	-1	0	-1	21	蜘蛛精28	2
9020444	17080228	5	-1	-1	-1	0	-1	17	铁锅小鬼28	3
9020444	17080628	6	-1	-1	-1	0	-1	23	蜘蛛精28	2
9020444	17080728	7	-1	-1	-1	0	-1	-1	叉子小鬼28	4
										
9020445	17080229	2	-1	-1	-1	0	-1	13	铁锅小鬼29	3
9020445	17080629	4	-1	-1	-1	0	-1	23	蜘蛛精29	2
9020445	17080729	5	-1	-1	-1	0	-1	19	叉子小鬼29	4
9020445	17080629	6	-1	-1	-1	0	-1	21	蜘蛛精29	2
9020445	17080429	2	-1	-1	-1	0	-1	15	红孩儿29	3
9020445	17080529	2	-1	-1	-1	0	-1	17	黑熊精29	3
9020446	17080529	1	-1	-1	-1	0	-1	17	黑熊精29	3
9020446	17080529	2	-1	-1	-1	0	-1	13	黑熊精29	3
9020446	17080429	3	-1	-1	-1	0	-1	15	红孩儿29	3
9020446	17080729	4	-1	-1	-1	0	-1	19	叉子小鬼29	4
9020446	17080629	5	-1	-1	-1	0	-1	21	蜘蛛精29	2
9020446	17080629	6	-1	-1	-1	0	-1	23	蜘蛛精29	2
9020447	17080229	1	-1	-1	-1	0	-1	13	铁锅小鬼29	3
9020447	17080529	2	-1	-1	-1	0	-1	17	黑熊精29	3
9020447	17080229	3	-1	-1	-1	0	-1	15	铁锅小鬼29	3
9020447	17080629	4	-1	-1	-1	0	-1	21	蜘蛛精29	2
9020447	17080629	5	-1	-1	-1	0	-1	23	蜘蛛精29	2
9020447	18010164	6	-1	-1	-1	0	-1	19	29叉子小鬼BOSS	5
9020447	17080729	5	-1	-1	-1	0	-1	-1	叉子小鬼29	4
										
9020448	17080530	1	-1	-1	-1	0	-1	19	黑熊精30	3
9020448	17080230	2	-1	-1	-1	0	-1	17	铁锅小鬼30	3
9020448	17080130	3	-1	-1	-1	0	-1	15	普通小鬼30	1
9020448	17080630	4	-1	-1	-1	0	-1	21	蜘蛛精30	2
9020448	17080630	4	-1	-1	-1	0	-1	23	蜘蛛精30	2
9020448	17080730	6	-1	-1	-1	0	-1	25	叉子小鬼30	4
9020449	17080230	1	-1	-1	-1	0	-1	15	铁锅小鬼30	3
9020449	17080530	2	-1	-1	-1	0	-1	19	黑熊精30	3
9020449	17080430	3	-1	-1	-1	0	-1	17	红孩儿30	3
9020449	17080630	4	-1	-1	-1	0	-1	21	蜘蛛精30	2
9020449	17080630	5	-1	-1	-1	0	-1	23	蜘蛛精30	2
9020449	17080730	6	-1	-1	-1	0	-1	25	叉子小鬼30	4
9020450	19010041	3	-1	-1	-1	0	1	-1	30牛魔王大格	6
9020450	17080730	4	-1	-1	-1	0	1	28	叉子小鬼30	4
9020450	17080730	5	-1	-1	-1	0	1	26	叉子小鬼30	4
9020450	17080730	9	-1	-1	-1	0	1	24	叉子小鬼30	4
										
										
										
9020451	17090101	1	-1	-1	-1	0	-1	15	维京普通僵尸1	1
9020451	17090101	2	-1	-1	-1	0	-1	17	维京普通僵尸1	1
9020451	17090201	3	-1	-1	-1	0	-1	16	维京路障僵尸1	3
9020451	17090401	5	-1	-1	-1	0	-1	21	飞龙饲养员1	2
9020451	17090401	5	-1	-1	-1	0	-1	23	飞龙饲养员1	2
9020451	17090501	5	-1	-1	-1	0	-1	22	号角僵尸1	4
9020452	17090201	1	-1	-1	-1	0	-1	17	维京路障僵尸1	3
9020452	17090201	2	-1	-1	-1	0	-1	16	维京铁桶僵尸1	3
9020452	17090201	3	-1	-1	-1	0	-1	15	维京路障僵尸1	3
9020452	17090401	5	-1	-1	-1	0	-1	21	飞龙饲养员1	2
9020452	17090401	5	-1	-1	-1	0	-1	23	飞龙饲养员1	2
9020452	17090501	5	-1	-1	-1	0	-1	22	号角僵尸1	4
9020453	17090201	1	-1	-1	-1	0	-1	15	维京路障僵尸1	3
9020453	18010165	2	-1	-1	-1	0	-1	22	1维京路障僵BOSS	5
9020453	17090201	3	-1	-1	-1	0	-1	17	维京路障僵尸1	3
9020453	17090501	5	-1	-1	-1	0	-1	-1	号角僵尸1	4
9020453	17090401	6	-1	-1	-1	0	-1	21	飞龙饲养员1	2
9020453	17090101	7	-1	-1	-1	0	-1	16	维京普通僵尸1	1
9020453	17090401	8	-1	-1	-1	0	-1	23	飞龙饲养员1	2
										
9020454	17090102	1	-1	-1	-1	0	-1	15	维京普通僵尸2	1
9020454	17090102	2	-1	-1	-1	0	-1	17	维京普通僵尸2	1
9020454	17090202	3	-1	-1	-1	0	-1	16	维京路障僵尸2	3
9020454	17090402	5	-1	-1	-1	0	-1	21	飞龙饲养员2	2
9020454	17090402	5	-1	-1	-1	0	-1	23	飞龙饲养员2	2
9020454	17090502	5	-1	-1	-1	0	-1	22	号角僵尸2	4
9020455	17090202	1	-1	-1	-1	0	-1	17	维京路障僵尸2	3
9020455	17090202	2	-1	-1	-1	0	-1	16	维京铁桶僵尸2	3
9020455	17090202	3	-1	-1	-1	0	-1	15	维京路障僵尸2	3
9020455	17090402	5	-1	-1	-1	0	-1	21	飞龙饲养员2	2
9020455	17090402	5	-1	-1	-1	0	-1	23	飞龙饲养员2	2
9020455	17090502	5	-1	-1	-1	0	-1	22	号角僵尸2	4
9020456	17090202	1	-1	-1	-1	0	-1	15	维京路障僵尸2	3
9020456	18010166	2	-1	-1	-1	0	-1	22	2飞龙饲养员BOSS	5
9020456	17090202	3	-1	-1	-1	0	-1	17	维京路障僵尸2	3
9020456	17090502	5	-1	-1	-1	0	-1	-1	号角僵尸2	4
9020456	17090402	6	-1	-1	-1	0	-1	21	飞龙饲养员2	2
9020456	17090102	7	-1	-1	-1	0	-1	16	维京普通僵尸2	1
9020456	17090402	8	-1	-1	-1	0	-1	23	飞龙饲养员2	2
										
9020457	17090203	1	-1	-1	-1	0	-1	15	维京路障僵尸3	3
9020457	17090203	2	-1	-1	-1	0	-1	17	维京铁桶僵尸3	3
9020457	17090203	3	-1	-1	-1	0	-1	16	维京路障僵尸3	3
9020457	17090403	5	-1	-1	-1	0	-1	21	飞龙饲养员3	2
9020457	17090403	5	-1	-1	-1	0	-1	23	飞龙饲养员3	2
9020457	17090503	5	-1	-1	-1	0	-1	22	号角僵尸3	4
9020458	17090203	1	-1	-1	-1	0	-1	17	维京路障僵尸3	3
9020458	17090203	2	-1	-1	-1	0	-1	19	维京铁桶僵尸3	3
9020458	17090203	3	-1	-1	-1	0	-1	15	维京路障僵尸3	3
9020458	17090403	5	-1	-1	-1	0	-1	21	飞龙饲养员3	2
9020458	17090403	5	-1	-1	-1	0	-1	23	飞龙饲养员3	2
9020458	17090503	5	-1	-1	-1	0	-1	25	号角僵尸3	4
9020459	17090203	1	-1	-1	-1	0	-1	15	维京路障僵尸3	3
9020459	18010167	2	-1	-1	-1	0	-1	22	3号角僵尸BOSS	5
9020459	17090203	3	-1	-1	-1	0	-1	17	维京路障僵尸3	3
9020459	17090503	5	-1	-1	-1	0	-1	-1	号角僵尸3	4
9020459	17090403	6	-1	-1	-1	0	-1	21	飞龙饲养员3	2
9020459	17090203	7	-1	-1	-1	0	-1	16	维京铁桶僵尸3	3
9020459	17090403	8	-1	-1	-1	0	-1	23	飞龙饲养员3	2
										
9020460	17090204	1	-1	-1	-1	0	-1	15	维京路障僵尸4	3
9020460	17090204	2	-1	-1	-1	0	-1	17	维京铁桶僵尸4	3
9020460	17090204	3	-1	-1	-1	0	-1	16	维京路障僵尸4	3
9020460	17090404	5	-1	-1	-1	0	-1	21	飞龙饲养员4	2
9020460	17090404	5	-1	-1	-1	0	-1	23	飞龙饲养员4	2
9020460	17090504	5	-1	-1	-1	0	-1	22	号角僵尸4	4
9020461	17090204	1	-1	-1	-1	0	-1	17	维京路障僵尸4	3
9020461	17090204	2	-1	-1	-1	0	-1	19	维京铁桶僵尸4	3
9020461	17090204	3	-1	-1	-1	0	-1	15	维京路障僵尸4	3
9020461	17090404	5	-1	-1	-1	0	-1	21	飞龙饲养员4	2
9020461	17090404	5	-1	-1	-1	0	-1	23	飞龙饲养员4	2
9020461	17090504	5	-1	-1	-1	0	-1	25	号角僵尸4	4
9020462	17090204	1	-1	-1	-1	0	-1	15	维京路障僵尸4	3
9020462	18010168	2	-1	-1	-1	0	-1	22	4飞龙饲养员BOSS	5
9020462	17090204	3	-1	-1	-1	0	-1	17	维京路障僵尸4	3
9020462	17090504	5	-1	-1	-1	0	-1	-1	号角僵尸4	4
9020462	17090404	6	-1	-1	-1	0	-1	21	飞龙饲养员4	2
9020462	17090204	7	-1	-1	-1	0	-1	16	维京铁桶僵尸4	3
9020462	17090404	8	-1	-1	-1	0	-1	23	飞龙饲养员4	2
										
9020463	17090205	1	-1	-1	-1	0	-1	15	维京路障僵尸5	3
9020463	17090205	2	-1	-1	-1	0	-1	17	维京铁桶僵尸5	3
9020463	17090205	3	-1	-1	-1	0	-1	16	维京路障僵尸5	3
9020463	17090405	5	-1	-1	-1	0	-1	21	飞龙饲养员5	2
9020463	17090405	5	-1	-1	-1	0	-1	23	飞龙饲养员5	2
9020463	17090505	5	-1	-1	-1	0	-1	22	号角僵尸5	4
9020464	17090205	1	-1	-1	-1	0	-1	17	维京路障僵尸5	3
9020464	17090205	2	-1	-1	-1	0	-1	19	维京铁桶僵尸5	3
9020464	17090205	3	-1	-1	-1	0	-1	15	维京路障僵尸5	3
9020464	17090405	5	-1	-1	-1	0	-1	21	飞龙饲养员5	2
9020464	17090405	5	-1	-1	-1	0	-1	23	飞龙饲养员5	2
9020464	17090505	5	-1	-1	-1	0	-1	25	号角僵尸5	4
9020465	19010042	3	-1	-1	-1	0	1	-1	5维京路障大格	6
9020465	17090505	4	-1	-1	-1	0	1	28	号角僵尸5	4
9020465	17090505	5	-1	-1	-1	0	1	26	号角僵尸5	4
9020465	17090505	6	-1	-1	-1	0	1	24	号角僵尸5	4
										
										
										
										
9020466	17090206	1	-1	-1	-1	0	-1	15	维京路障僵尸6	3
9020466	17090206	2	-1	-1	-1	0	-1	17	维京铁桶僵尸6	3
9020466	17090206	3	-1	-1	-1	0	-1	16	维京路障僵尸6	3
9020466	17090406	5	-1	-1	-1	0	-1	21	飞龙饲养员6	2
9020466	17090406	5	-1	-1	-1	0	-1	23	飞龙饲养员6	2
9020466	17090506	5	-1	-1	-1	0	-1	22	号角僵尸6	4
9020467	17090206	1	-1	-1	-1	0	-1	17	维京路障僵尸6	3
9020467	17090206	2	-1	-1	-1	0	-1	19	维京铁桶僵尸6	3
9020467	17090206	3	-1	-1	-1	0	-1	15	维京路障僵尸6	3
9020467	17090406	5	-1	-1	-1	0	-1	21	飞龙饲养员6	2
9020467	17090406	5	-1	-1	-1	0	-1	23	飞龙饲养员6	2
9020467	17090506	5	-1	-1	-1	0	-1	25	号角僵尸6	4
9020468	17090206	1	-1	-1	-1	0	-1	15	维京路障僵尸6	3
9020468	18010169	2	-1	-1	-1	0	-1	22	6维京路障僵BOSS	5
9020468	17090206	3	-1	-1	-1	0	-1	17	维京路障僵尸6	3
9020468	17090506	5	-1	-1	-1	0	-1	-1	号角僵尸6	4
9020468	17090406	6	-1	-1	-1	0	-1	21	飞龙饲养员6	2
9020468	17090206	7	-1	-1	-1	0	-1	16	维京铁桶僵尸6	3
9020468	17090406	8	-1	-1	-1	0	-1	23	飞龙饲养员6	2
										
9020469	17090207	1	-1	-1	-1	0	-1	15	维京路障僵尸7	3
9020469	17090207	2	-1	-1	-1	0	-1	17	维京铁桶僵尸7	3
9020469	17090207	3	-1	-1	-1	0	-1	16	维京路障僵尸7	3
9020469	17090407	5	-1	-1	-1	0	-1	21	飞龙饲养员7	2
9020469	17090407	5	-1	-1	-1	0	-1	23	飞龙饲养员7	2
9020469	17090507	5	-1	-1	-1	0	-1	22	号角僵尸7	4
9020470	17090207	1	-1	-1	-1	0	-1	17	维京路障僵尸7	3
9020470	17090207	2	-1	-1	-1	0	-1	19	维京铁桶僵尸7	3
9020470	17090207	3	-1	-1	-1	0	-1	15	维京路障僵尸7	3
9020470	17090407	5	-1	-1	-1	0	-1	21	飞龙饲养员7	2
9020470	17090407	5	-1	-1	-1	0	-1	23	飞龙饲养员7	2
9020470	17090507	5	-1	-1	-1	0	-1	25	号角僵尸7	4
9020471	17090207	1	-1	-1	-1	0	-1	15	维京路障僵尸7	3
9020471	18010170	2	-1	-1	-1	0	-1	22	7飞龙饲养员BOSS	5
9020471	17090207	3	-1	-1	-1	0	-1	17	维京路障僵尸7	3
9020471	17090507	5	-1	-1	-1	0	-1	-1	号角僵尸7	4
9020471	17090407	6	-1	-1	-1	0	-1	21	飞龙饲养员7	2
9020471	17090207	7	-1	-1	-1	0	-1	16	维京铁桶僵尸7	3
9020471	17090407	8	-1	-1	-1	0	-1	23	飞龙饲养员7	2
										
9020472	17090208	1	-1	-1	-1	0	-1	15	维京路障僵尸8	3
9020472	17090208	2	-1	-1	-1	0	-1	17	维京铁桶僵尸8	3
9020472	17090208	3	-1	-1	-1	0	-1	16	维京路障僵尸8	3
9020472	17090408	5	-1	-1	-1	0	-1	21	飞龙饲养员8	2
9020472	17090408	5	-1	-1	-1	0	-1	23	飞龙饲养员8	2
9020472	17090508	5	-1	-1	-1	0	-1	22	号角僵尸8	4
9020473	17090208	1	-1	-1	-1	0	-1	17	维京路障僵尸8	3
9020473	17090208	2	-1	-1	-1	0	-1	19	维京铁桶僵尸8	3
9020473	17090208	3	-1	-1	-1	0	-1	15	维京路障僵尸8	3
9020473	17090408	5	-1	-1	-1	0	-1	21	飞龙饲养员8	2
9020473	17090408	5	-1	-1	-1	0	-1	23	飞龙饲养员8	2
9020473	17090508	5	-1	-1	-1	0	-1	25	号角僵尸8	4
9020474	17090208	1	-1	-1	-1	0	-1	15	维京路障僵尸8	3
9020474	18010171	2	-1	-1	-1	0	-1	22	8号角僵尸BOSS	5
9020474	17090208	3	-1	-1	-1	0	-1	17	维京路障僵尸8	3
9020474	17090508	5	-1	-1	-1	0	-1	-1	号角僵尸8	4
9020474	17090408	6	-1	-1	-1	0	-1	21	飞龙饲养员8	2
9020474	17090208	7	-1	-1	-1	0	-1	16	维京铁桶僵尸8	3
9020474	17090408	8	-1	-1	-1	0	-1	23	飞龙饲养员8	2
										
9020475	17090209	1	-1	-1	-1	0	-1	15	维京路障僵尸9	3
9020475	17090209	2	-1	-1	-1	0	-1	17	维京铁桶僵尸9	3
9020475	17090209	3	-1	-1	-1	0	-1	16	维京路障僵尸9	3
9020475	17090409	5	-1	-1	-1	0	-1	21	飞龙饲养员9	2
9020475	17090409	5	-1	-1	-1	0	-1	23	飞龙饲养员9	2
9020475	17090509	5	-1	-1	-1	0	-1	22	号角僵尸9	4
9020476	17090209	1	-1	-1	-1	0	-1	17	维京路障僵尸9	3
9020476	17090209	2	-1	-1	-1	0	-1	19	维京铁桶僵尸9	3
9020476	17090209	3	-1	-1	-1	0	-1	15	维京路障僵尸9	3
9020476	17090409	5	-1	-1	-1	0	-1	21	飞龙饲养员9	2
9020476	17090409	5	-1	-1	-1	0	-1	23	飞龙饲养员9	2
9020476	17090509	5	-1	-1	-1	0	-1	25	号角僵尸9	4
9020477	17090209	1	-1	-1	-1	0	-1	15	维京路障僵尸9	3
9020477	18010172	2	-1	-1	-1	0	-1	22	9飞龙饲养员BOSS	5
9020477	17090209	3	-1	-1	-1	0	-1	17	维京路障僵尸9	3
9020477	17090509	5	-1	-1	-1	0	-1	-1	号角僵尸9	4
9020477	17090409	6	-1	-1	-1	0	-1	21	飞龙饲养员9	2
9020477	17090209	7	-1	-1	-1	0	-1	16	维京铁桶僵尸9	3
9020477	17090409	8	-1	-1	-1	0	-1	23	飞龙饲养员9	2
										
9020478	17090210	1	-1	-1	-1	0	-1	15	维京路障僵尸10	3
9020478	17090210	2	-1	-1	-1	0	-1	17	维京铁桶僵尸10	3
9020478	17090210	3	-1	-1	-1	0	-1	16	维京路障僵尸10	3
9020478	17090410	5	-1	-1	-1	0	-1	21	飞龙饲养员10	2
9020478	17090410	5	-1	-1	-1	0	-1	23	飞龙饲养员10	2
9020478	17090510	5	-1	-1	-1	0	-1	22	号角僵尸10	4
9020479	17090210	1	-1	-1	-1	0	-1	17	维京路障僵尸10	3
9020479	17090210	2	-1	-1	-1	0	-1	19	维京铁桶僵尸10	3
9020479	17090210	3	-1	-1	-1	0	-1	15	维京路障僵尸10	3
9020479	17090410	5	-1	-1	-1	0	-1	21	飞龙饲养员10	2
9020479	17090410	5	-1	-1	-1	0	-1	23	飞龙饲养员10	2
9020479	17090510	5	-1	-1	-1	0	-1	25	号角僵尸10	4
9020480	19010043	3	-1	-1	-1	0	1	-1	10飞龙饲养大格	6
9020480	17090510	4	-1	-1	-1	0	1	26	号角僵尸10	4
9020480	17090510	6	-1	-1	-1	0	1	24	号角僵尸10	4
9020480	17090510	7	-1	-1	-1	0	1	28	号角僵尸10	4
										
										
										
										
9020481	17090211	1	-1	-1	-1	0	-1	15	维京路障僵尸11	3
9020481	17090211	2	-1	-1	-1	0	-1	17	维京铁桶僵尸11	3
9020481	17090211	3	-1	-1	-1	0	-1	16	维京路障僵尸11	3
9020481	17090411	5	-1	-1	-1	0	-1	21	飞龙饲养员11	2
9020481	17090411	5	-1	-1	-1	0	-1	23	飞龙饲养员11	2
9020481	17090511	5	-1	-1	-1	0	-1	22	号角僵尸11	4
9020482	17090211	1	-1	-1	-1	0	-1	17	维京路障僵尸11	3
9020482	17090211	2	-1	-1	-1	0	-1	19	维京铁桶僵尸11	3
9020482	17090211	3	-1	-1	-1	0	-1	15	维京路障僵尸11	3
9020482	17090411	5	-1	-1	-1	0	-1	21	飞龙饲养员11	2
9020482	17090411	5	-1	-1	-1	0	-1	23	飞龙饲养员11	2
9020482	17090511	5	-1	-1	-1	0	-1	25	号角僵尸11	4
9020483	17090211	1	-1	-1	-1	0	-1	15	维京路障僵尸11	3
9020483	18010173	2	-1	-1	-1	0	-1	22	11维京路障僵BOSS	5
9020483	17090211	3	-1	-1	-1	0	-1	17	维京路障僵尸11	3
9020483	17090511	5	-1	-1	-1	0	-1	-1	号角僵尸11	4
9020483	17090411	6	-1	-1	-1	0	-1	21	飞龙饲养员11	2
9020483	17090211	7	-1	-1	-1	0	-1	16	维京铁桶僵尸11	3
9020483	17090411	8	-1	-1	-1	0	-1	23	飞龙饲养员11	2
										
9020484	17090212	1	-1	-1	-1	0	-1	15	维京路障僵尸12	3
9020484	17090212	2	-1	-1	-1	0	-1	17	维京铁桶僵尸12	3
9020484	17090212	3	-1	-1	-1	0	-1	16	维京路障僵尸12	3
9020484	17090412	5	-1	-1	-1	0	-1	21	飞龙饲养员12	2
9020484	17090412	5	-1	-1	-1	0	-1	23	飞龙饲养员12	2
9020484	17090512	5	-1	-1	-1	0	-1	22	号角僵尸12	4
9020485	17090212	1	-1	-1	-1	0	-1	17	维京路障僵尸12	3
9020485	17090212	2	-1	-1	-1	0	-1	19	维京铁桶僵尸12	3
9020485	17090212	3	-1	-1	-1	0	-1	15	维京路障僵尸12	3
9020485	17090412	5	-1	-1	-1	0	-1	21	飞龙饲养员12	2
9020485	17090412	5	-1	-1	-1	0	-1	23	飞龙饲养员12	2
9020485	17090512	5	-1	-1	-1	0	-1	25	号角僵尸12	4
9020486	17090212	1	-1	-1	-1	0	-1	15	维京路障僵尸12	3
9020486	18010174	2	-1	-1	-1	0	-1	22	12飞龙饲养员BOSS	5
9020486	17090212	3	-1	-1	-1	0	-1	17	维京路障僵尸12	3
9020486	17090512	5	-1	-1	-1	0	-1	-1	号角僵尸12	4
9020486	17090412	6	-1	-1	-1	0	-1	21	飞龙饲养员12	2
9020486	17090212	7	-1	-1	-1	0	-1	16	维京铁桶僵尸12	3
9020486	17090412	8	-1	-1	-1	0	-1	23	飞龙饲养员12	2
										
9020487	17090213	1	-1	-1	-1	0	-1	15	维京路障僵尸13	3
9020487	17090213	2	-1	-1	-1	0	-1	17	维京铁桶僵尸13	3
9020487	17090213	3	-1	-1	-1	0	-1	16	维京路障僵尸13	3
9020487	17090413	5	-1	-1	-1	0	-1	21	飞龙饲养员13	2
9020487	17090413	5	-1	-1	-1	0	-1	23	飞龙饲养员13	2
9020487	17090513	5	-1	-1	-1	0	-1	22	号角僵尸13	4
9020488	17090213	1	-1	-1	-1	0	-1	17	维京路障僵尸13	3
9020488	17090213	2	-1	-1	-1	0	-1	19	维京铁桶僵尸13	3
9020488	17090213	3	-1	-1	-1	0	-1	15	维京路障僵尸13	3
9020488	17090413	5	-1	-1	-1	0	-1	21	飞龙饲养员13	2
9020488	17090413	5	-1	-1	-1	0	-1	23	飞龙饲养员13	2
9020488	17090513	5	-1	-1	-1	0	-1	25	号角僵尸13	4
9020489	17090213	1	-1	-1	-1	0	-1	15	维京路障僵尸13	3
9020489	18010175	2	-1	-1	-1	0	-1	22	13号角僵尸BOSS	5
9020489	17090213	3	-1	-1	-1	0	-1	17	维京路障僵尸13	3
9020489	17090513	5	-1	-1	-1	0	-1	-1	号角僵尸13	4
9020489	17090413	6	-1	-1	-1	0	-1	21	飞龙饲养员13	2
9020489	17090213	7	-1	-1	-1	0	-1	16	维京铁桶僵尸13	3
9020489	17090413	8	-1	-1	-1	0	-1	23	飞龙饲养员13	2
										
9020490	17090214	1	-1	-1	-1	0	-1	15	维京路障僵尸14	3
9020490	17090214	2	-1	-1	-1	0	-1	17	维京铁桶僵尸14	3
9020490	17090214	3	-1	-1	-1	0	-1	16	维京路障僵尸14	3
9020490	17090414	5	-1	-1	-1	0	-1	21	飞龙饲养员14	2
9020490	17090414	5	-1	-1	-1	0	-1	23	飞龙饲养员14	2
9020490	17090514	5	-1	-1	-1	0	-1	22	号角僵尸14	4
9020491	17090214	1	-1	-1	-1	0	-1	17	维京路障僵尸14	3
9020491	17090214	2	-1	-1	-1	0	-1	19	维京铁桶僵尸14	3
9020491	17090214	3	-1	-1	-1	0	-1	15	维京路障僵尸14	3
9020491	17090414	5	-1	-1	-1	0	-1	21	飞龙饲养员14	2
9020491	17090414	5	-1	-1	-1	0	-1	23	飞龙饲养员14	2
9020491	17090514	5	-1	-1	-1	0	-1	25	号角僵尸14	4
9020492	17090214	1	-1	-1	-1	0	-1	15	维京路障僵尸14	3
9020492	18010176	2	-1	-1	-1	0	-1	22	14飞龙饲养员BOSS	5
9020492	17090214	3	-1	-1	-1	0	-1	17	维京路障僵尸14	3
9020492	17090514	5	-1	-1	-1	0	-1	-1	号角僵尸14	4
9020492	17090414	6	-1	-1	-1	0	-1	21	飞龙饲养员14	2
9020492	17090214	7	-1	-1	-1	0	-1	16	维京铁桶僵尸14	3
9020492	17090414	8	-1	-1	-1	0	-1	23	飞龙饲养员14	2
										
9020493	17090215	1	-1	-1	-1	0	-1	15	维京路障僵尸15	3
9020493	17090215	2	-1	-1	-1	0	-1	17	维京铁桶僵尸15	3
9020493	17090215	3	-1	-1	-1	0	-1	16	维京路障僵尸15	3
9020493	17090415	5	-1	-1	-1	0	-1	21	飞龙饲养员15	2
9020493	17090415	5	-1	-1	-1	0	-1	23	飞龙饲养员15	2
9020493	17090515	5	-1	-1	-1	0	-1	22	号角僵尸15	4
9020494	17090215	1	-1	-1	-1	0	-1	17	维京路障僵尸15	3
9020494	17090215	2	-1	-1	-1	0	-1	19	维京铁桶僵尸15	3
9020494	17090215	3	-1	-1	-1	0	-1	15	维京路障僵尸15	3
9020494	17090415	5	-1	-1	-1	0	-1	21	飞龙饲养员15	2
9020494	17090415	5	-1	-1	-1	0	-1	23	飞龙饲养员15	2
9020494	17090515	5	-1	-1	-1	0	-1	25	号角僵尸15	4
9020495	19010044	3	-1	-1	-1	0	1	-1	15号角僵尸大格	6
9020495	17090515	4	-1	-1	-1	0	1	24	号角僵尸15	4
9020495	17090515	6	-1	-1	-1	0	1	28	号角僵尸15	4
9020495	17090515	9	-1	-1	-1	0	1	26	号角僵尸15	4
										
										
										
										
9020496	17090216	1	-1	-1	-1	0	-1	15	维京路障僵尸16	3
9020496	17090216	2	-1	-1	-1	0	-1	17	维京铁桶僵尸16	3
9020496	17090216	3	-1	-1	-1	0	-1	16	维京路障僵尸16	3
9020496	17090416	5	-1	-1	-1	0	-1	21	飞龙饲养员16	2
9020496	17090416	5	-1	-1	-1	0	-1	23	飞龙饲养员16	2
9020496	17090516	5	-1	-1	-1	0	-1	22	号角僵尸16	4
9020497	17090216	1	-1	-1	-1	0	-1	17	维京路障僵尸16	3
9020497	17090216	2	-1	-1	-1	0	-1	19	维京铁桶僵尸16	3
9020497	17090216	3	-1	-1	-1	0	-1	15	维京路障僵尸16	3
9020497	17090416	5	-1	-1	-1	0	-1	21	飞龙饲养员16	2
9020497	17090416	5	-1	-1	-1	0	-1	23	飞龙饲养员16	2
9020497	17090516	5	-1	-1	-1	0	-1	25	号角僵尸16	4
9020498	17090216	1	-1	-1	-1	0	-1	15	维京路障僵尸16	3
9020498	18010177	2	-1	-1	-1	0	-1	22	16维京路障僵BOSS	5
9020498	17090216	3	-1	-1	-1	0	-1	17	维京路障僵尸16	3
9020498	17090516	5	-1	-1	-1	0	-1	-1	号角僵尸16	4
9020498	17090416	6	-1	-1	-1	0	-1	21	飞龙饲养员16	2
9020498	17090216	7	-1	-1	-1	0	-1	16	维京铁桶僵尸16	3
9020498	17090416	8	-1	-1	-1	0	-1	23	飞龙饲养员16	2
										
9020499	17090217	1	-1	-1	-1	0	-1	15	维京路障僵尸17	3
9020499	17090217	2	-1	-1	-1	0	-1	17	维京铁桶僵尸17	3
9020499	17090217	3	-1	-1	-1	0	-1	16	维京路障僵尸17	3
9020499	17090417	5	-1	-1	-1	0	-1	21	飞龙饲养员17	2
9020499	17090417	5	-1	-1	-1	0	-1	23	飞龙饲养员17	2
9020499	17090517	5	-1	-1	-1	0	-1	22	号角僵尸17	4
9020500	17090217	1	-1	-1	-1	0	-1	17	维京路障僵尸17	3
9020500	17090217	2	-1	-1	-1	0	-1	19	维京铁桶僵尸17	3
9020500	17090217	3	-1	-1	-1	0	-1	15	维京路障僵尸17	3
9020500	17090417	5	-1	-1	-1	0	-1	21	飞龙饲养员17	2
9020500	17090417	5	-1	-1	-1	0	-1	23	飞龙饲养员17	2
9020500	17090517	5	-1	-1	-1	0	-1	25	号角僵尸17	4
9020501	17090217	1	-1	-1	-1	0	-1	15	维京路障僵尸17	3
9020501	18010178	2	-1	-1	-1	0	-1	22	17飞龙饲养员BOSS	5
9020501	17090217	3	-1	-1	-1	0	-1	17	维京路障僵尸17	3
9020501	17090517	5	-1	-1	-1	0	-1	-1	号角僵尸17	4
9020501	17090417	6	-1	-1	-1	0	-1	21	飞龙饲养员17	2
9020501	17090217	7	-1	-1	-1	0	-1	16	维京铁桶僵尸17	3
9020501	17090417	8	-1	-1	-1	0	-1	23	飞龙饲养员17	2
										
9020502	17090218	1	-1	-1	-1	0	-1	15	维京路障僵尸18	3
9020502	17090218	2	-1	-1	-1	0	-1	17	维京铁桶僵尸18	3
9020502	17090218	3	-1	-1	-1	0	-1	16	维京路障僵尸18	3
9020502	17090418	5	-1	-1	-1	0	-1	21	飞龙饲养员18	2
9020502	17090418	5	-1	-1	-1	0	-1	23	飞龙饲养员18	2
9020502	17090518	5	-1	-1	-1	0	-1	22	号角僵尸18	4
9020503	17090218	1	-1	-1	-1	0	-1	17	维京路障僵尸18	3
9020503	17090218	2	-1	-1	-1	0	-1	19	维京铁桶僵尸18	3
9020503	17090218	3	-1	-1	-1	0	-1	15	维京路障僵尸18	3
9020503	17090418	5	-1	-1	-1	0	-1	21	飞龙饲养员18	2
9020503	17090418	5	-1	-1	-1	0	-1	23	飞龙饲养员18	2
9020503	17090518	5	-1	-1	-1	0	-1	25	号角僵尸18	4
9020504	17090218	1	-1	-1	-1	0	-1	15	维京路障僵尸18	3
9020504	18010179	2	-1	-1	-1	0	-1	22	18号角僵尸BOSS	5
9020504	17090218	3	-1	-1	-1	0	-1	17	维京路障僵尸18	3
9020504	17090518	5	-1	-1	-1	0	-1	-1	号角僵尸18	4
9020504	17090418	6	-1	-1	-1	0	-1	21	飞龙饲养员18	2
9020504	17090218	7	-1	-1	-1	0	-1	16	维京铁桶僵尸18	3
9020504	17090418	8	-1	-1	-1	0	-1	23	飞龙饲养员18	2
										
9020505	17090219	1	-1	-1	-1	0	-1	15	维京路障僵尸19	3
9020505	17090219	2	-1	-1	-1	0	-1	17	维京铁桶僵尸19	3
9020505	17090219	3	-1	-1	-1	0	-1	16	维京路障僵尸19	3
9020505	17090419	5	-1	-1	-1	0	-1	21	飞龙饲养员19	2
9020505	17090419	5	-1	-1	-1	0	-1	23	飞龙饲养员19	2
9020505	17090519	5	-1	-1	-1	0	-1	22	号角僵尸19	4
9020506	17090219	1	-1	-1	-1	0	-1	17	维京路障僵尸19	3
9020506	17090219	2	-1	-1	-1	0	-1	19	维京铁桶僵尸19	3
9020506	17090219	3	-1	-1	-1	0	-1	15	维京路障僵尸19	3
9020506	17090419	5	-1	-1	-1	0	-1	21	飞龙饲养员19	2
9020506	17090419	5	-1	-1	-1	0	-1	23	飞龙饲养员19	2
9020506	17090519	5	-1	-1	-1	0	-1	25	号角僵尸19	4
9020507	17090219	1	-1	-1	-1	0	-1	15	维京路障僵尸19	3
9020507	18010180	2	-1	-1	-1	0	-1	22	19飞龙饲养员BOSS	5
9020507	17090219	3	-1	-1	-1	0	-1	17	维京路障僵尸19	3
9020507	17090519	5	-1	-1	-1	0	-1	-1	号角僵尸19	4
9020507	17090419	6	-1	-1	-1	0	-1	21	飞龙饲养员19	2
9020507	17090219	7	-1	-1	-1	0	-1	16	维京铁桶僵尸19	3
9020507	17090419	8	-1	-1	-1	0	-1	23	飞龙饲养员19	2
										
9020508	17090220	1	-1	-1	-1	0	-1	15	维京路障僵尸20	3
9020508	17090220	2	-1	-1	-1	0	-1	17	维京铁桶僵尸20	3
9020508	17090220	3	-1	-1	-1	0	-1	16	维京路障僵尸20	3
9020508	17090420	5	-1	-1	-1	0	-1	21	飞龙饲养员20	2
9020508	17090420	5	-1	-1	-1	0	-1	23	飞龙饲养员20	2
9020508	17090520	5	-1	-1	-1	0	-1	22	号角僵尸20	4
9020509	17090220	1	-1	-1	-1	0	-1	17	维京路障僵尸20	3
9020509	17090220	2	-1	-1	-1	0	-1	19	维京铁桶僵尸20	3
9020509	17090220	3	-1	-1	-1	0	-1	15	维京路障僵尸20	3
9020509	17090420	5	-1	-1	-1	0	-1	21	飞龙饲养员20	2
9020509	17090420	5	-1	-1	-1	0	-1	23	飞龙饲养员20	2
9020509	17090520	5	-1	-1	-1	0	-1	25	号角僵尸20	4
9020510	19010045	3	-1	-1	-1	0	1	-1	20飞龙饲养大格	6
9020510	17090520	4	-1	-1	-1	0	1	26	号角僵尸20	4
9020510	17090520	6	-1	-1	-1	0	1	28	号角僵尸20	4
9020510	17090520	8	-1	-1	-1	0	1	24	号角僵尸20	4
										
										
										
										
9020511	17090221	1	-1	-1	-1	0	-1	15	维京路障僵尸21	3
9020511	17090221	2	-1	-1	-1	0	-1	17	维京铁桶僵尸21	3
9020511	17090221	3	-1	-1	-1	0	-1	16	维京路障僵尸21	3
9020511	17090421	5	-1	-1	-1	0	-1	21	飞龙饲养员21	2
9020511	17090421	5	-1	-1	-1	0	-1	23	飞龙饲养员21	2
9020511	17090521	5	-1	-1	-1	0	-1	22	号角僵尸21	4
9020512	17090221	1	-1	-1	-1	0	-1	17	维京路障僵尸21	3
9020512	17090221	2	-1	-1	-1	0	-1	19	维京铁桶僵尸21	3
9020512	17090221	3	-1	-1	-1	0	-1	15	维京路障僵尸21	3
9020512	17090421	5	-1	-1	-1	0	-1	21	飞龙饲养员21	2
9020512	17090421	5	-1	-1	-1	0	-1	23	飞龙饲养员21	2
9020512	17090521	5	-1	-1	-1	0	-1	25	号角僵尸21	4
9020513	17090221	1	-1	-1	-1	0	-1	15	维京路障僵尸21	3
9020513	18010181	2	-1	-1	-1	0	-1	22	21维京路障僵BOSS	5
9020513	17090221	3	-1	-1	-1	0	-1	17	维京路障僵尸21	3
9020513	17090521	5	-1	-1	-1	0	-1	-1	号角僵尸21	4
9020513	17090421	6	-1	-1	-1	0	-1	21	飞龙饲养员21	2
9020513	17090221	7	-1	-1	-1	0	-1	16	维京铁桶僵尸21	3
9020513	17090421	8	-1	-1	-1	0	-1	23	飞龙饲养员21	2
										
9020514	17090222	1	-1	-1	-1	0	-1	15	维京路障僵尸22	3
9020514	17090222	2	-1	-1	-1	0	-1	17	维京铁桶僵尸22	3
9020514	17090222	3	-1	-1	-1	0	-1	16	维京路障僵尸22	3
9020514	17090422	5	-1	-1	-1	0	-1	21	飞龙饲养员22	2
9020514	17090422	5	-1	-1	-1	0	-1	23	飞龙饲养员22	2
9020514	17090522	5	-1	-1	-1	0	-1	22	号角僵尸22	4
9020515	17090222	1	-1	-1	-1	0	-1	17	维京路障僵尸22	3
9020515	17090222	2	-1	-1	-1	0	-1	19	维京铁桶僵尸22	3
9020515	17090222	3	-1	-1	-1	0	-1	15	维京路障僵尸22	3
9020515	17090422	5	-1	-1	-1	0	-1	21	飞龙饲养员22	2
9020515	17090422	5	-1	-1	-1	0	-1	23	飞龙饲养员22	2
9020515	17090522	5	-1	-1	-1	0	-1	25	号角僵尸22	4
9020516	17090222	1	-1	-1	-1	0	-1	15	维京路障僵尸22	3
9020516	18010182	2	-1	-1	-1	0	-1	22	22飞龙饲养员BOSS	5
9020516	17090222	3	-1	-1	-1	0	-1	17	维京路障僵尸22	3
9020516	17090522	5	-1	-1	-1	0	-1	-1	号角僵尸22	4
9020516	17090422	6	-1	-1	-1	0	-1	21	飞龙饲养员22	2
9020516	17090222	7	-1	-1	-1	0	-1	16	维京铁桶僵尸22	3
9020516	17090422	8	-1	-1	-1	0	-1	23	飞龙饲养员22	2
										
9020517	17090223	1	-1	-1	-1	0	-1	15	维京路障僵尸23	3
9020517	17090223	2	-1	-1	-1	0	-1	17	维京铁桶僵尸23	3
9020517	17090223	3	-1	-1	-1	0	-1	16	维京路障僵尸23	3
9020517	17090423	5	-1	-1	-1	0	-1	21	飞龙饲养员23	2
9020517	17090423	5	-1	-1	-1	0	-1	23	飞龙饲养员23	2
9020517	17090523	5	-1	-1	-1	0	-1	22	号角僵尸23	4
9020518	17090223	1	-1	-1	-1	0	-1	17	维京路障僵尸23	3
9020518	17090223	2	-1	-1	-1	0	-1	19	维京铁桶僵尸23	3
9020518	17090223	3	-1	-1	-1	0	-1	15	维京路障僵尸23	3
9020518	17090423	5	-1	-1	-1	0	-1	21	飞龙饲养员23	2
9020518	17090423	5	-1	-1	-1	0	-1	23	飞龙饲养员23	2
9020518	17090523	5	-1	-1	-1	0	-1	25	号角僵尸23	4
9020519	17090223	1	-1	-1	-1	0	-1	15	维京路障僵尸23	3
9020519	18010183	2	-1	-1	-1	0	-1	22	23号角僵尸BOSS	5
9020519	17090223	3	-1	-1	-1	0	-1	17	维京路障僵尸23	3
9020519	17090523	5	-1	-1	-1	0	-1	-1	号角僵尸23	4
9020519	17090423	6	-1	-1	-1	0	-1	21	飞龙饲养员23	2
9020519	17090223	7	-1	-1	-1	0	-1	16	维京铁桶僵尸23	3
9020519	17090423	8	-1	-1	-1	0	-1	23	飞龙饲养员23	2
										
9020520	17090224	1	-1	-1	-1	0	-1	15	维京路障僵尸24	3
9020520	17090224	2	-1	-1	-1	0	-1	17	维京铁桶僵尸24	3
9020520	17090224	3	-1	-1	-1	0	-1	16	维京路障僵尸24	3
9020520	17090424	5	-1	-1	-1	0	-1	21	飞龙饲养员24	2
9020520	17090424	5	-1	-1	-1	0	-1	23	飞龙饲养员24	2
9020520	17090524	5	-1	-1	-1	0	-1	22	号角僵尸24	4
9020521	17090224	1	-1	-1	-1	0	-1	17	维京路障僵尸24	3
9020521	17090224	2	-1	-1	-1	0	-1	19	维京铁桶僵尸24	3
9020521	17090224	3	-1	-1	-1	0	-1	15	维京路障僵尸24	3
9020521	17090424	5	-1	-1	-1	0	-1	21	飞龙饲养员24	2
9020521	17090424	5	-1	-1	-1	0	-1	23	飞龙饲养员24	2
9020521	17090524	5	-1	-1	-1	0	-1	25	号角僵尸24	4
9020522	17090224	1	-1	-1	-1	0	-1	15	维京路障僵尸24	3
9020522	18010184	2	-1	-1	-1	0	-1	22	24飞龙饲养员BOSS	5
9020522	17090224	3	-1	-1	-1	0	-1	17	维京路障僵尸24	3
9020522	17090524	5	-1	-1	-1	0	-1	-1	号角僵尸24	4
9020522	17090424	6	-1	-1	-1	0	-1	21	飞龙饲养员24	2
9020522	17090224	7	-1	-1	-1	0	-1	16	维京铁桶僵尸24	3
9020522	17090424	8	-1	-1	-1	0	-1	23	飞龙饲养员24	2
										
9020523	17090225	1	-1	-1	-1	0	-1	15	维京路障僵尸25	3
9020523	17090225	2	-1	-1	-1	0	-1	17	维京铁桶僵尸25	3
9020523	17090225	3	-1	-1	-1	0	-1	16	维京路障僵尸25	3
9020523	17090425	5	-1	-1	-1	0	-1	21	飞龙饲养员25	2
9020523	17090425	5	-1	-1	-1	0	-1	23	飞龙饲养员25	2
9020523	17090525	5	-1	-1	-1	0	-1	22	号角僵尸25	4
9020524	17090225	1	-1	-1	-1	0	-1	17	维京路障僵尸25	3
9020524	17090225	2	-1	-1	-1	0	-1	19	维京铁桶僵尸25	3
9020524	17090225	3	-1	-1	-1	0	-1	15	维京路障僵尸25	3
9020524	17090425	5	-1	-1	-1	0	-1	21	飞龙饲养员25	2
9020524	17090425	5	-1	-1	-1	0	-1	23	飞龙饲养员25	2
9020524	17090525	5	-1	-1	-1	0	-1	25	号角僵尸25	4
9020525	19010046	3	-1	-1	-1	0	1	-1	25号角僵尸大格	6
9020525	17090525	5	-1	-1	-1	0	1	24	号角僵尸25	4
9020525	17090525	7	-1	-1	-1	0	1	26	号角僵尸25	4
9020525	17090525	9	-1	-1	-1	0	1	28	号角僵尸25	4
										
										
										
										
9020526	17090226	1	-1	-1	-1	0	-1	15	维京路障僵尸26	3
9020526	17090226	2	-1	-1	-1	0	-1	17	维京铁桶僵尸26	3
9020526	17090226	3	-1	-1	-1	0	-1	16	维京路障僵尸26	3
9020526	17090426	5	-1	-1	-1	0	-1	21	飞龙饲养员26	2
9020526	17090426	5	-1	-1	-1	0	-1	23	飞龙饲养员26	2
9020526	17090526	5	-1	-1	-1	0	-1	22	号角僵尸26	4
9020527	17090226	1	-1	-1	-1	0	-1	17	维京路障僵尸26	3
9020527	17090226	2	-1	-1	-1	0	-1	19	维京铁桶僵尸26	3
9020527	17090226	3	-1	-1	-1	0	-1	15	维京路障僵尸26	3
9020527	17090426	5	-1	-1	-1	0	-1	21	飞龙饲养员26	2
9020527	17090426	5	-1	-1	-1	0	-1	23	飞龙饲养员26	2
9020527	17090526	5	-1	-1	-1	0	-1	25	号角僵尸26	4
9020528	17090226	1	-1	-1	-1	0	-1	15	维京路障僵尸26	3
9020528	18010185	2	-1	-1	-1	0	-1	22	26维京路障僵BOSS	5
9020528	17090226	3	-1	-1	-1	0	-1	17	维京路障僵尸26	3
9020528	17090526	5	-1	-1	-1	0	-1	-1	号角僵尸26	4
9020528	17090426	6	-1	-1	-1	0	-1	21	飞龙饲养员26	2
9020528	17090226	7	-1	-1	-1	0	-1	16	维京铁桶僵尸26	3
9020528	17090426	8	-1	-1	-1	0	-1	23	飞龙饲养员26	2
										
9020529	17090227	1	-1	-1	-1	0	-1	15	维京路障僵尸27	3
9020529	17090227	2	-1	-1	-1	0	-1	17	维京铁桶僵尸27	3
9020529	17090227	3	-1	-1	-1	0	-1	16	维京路障僵尸27	3
9020529	17090427	5	-1	-1	-1	0	-1	21	飞龙饲养员27	2
9020529	17090427	5	-1	-1	-1	0	-1	23	飞龙饲养员27	2
9020529	17090527	5	-1	-1	-1	0	-1	22	号角僵尸27	4
9020530	17090227	1	-1	-1	-1	0	-1	17	维京路障僵尸27	3
9020530	17090227	2	-1	-1	-1	0	-1	19	维京铁桶僵尸27	3
9020530	17090227	3	-1	-1	-1	0	-1	15	维京路障僵尸27	3
9020530	17090427	5	-1	-1	-1	0	-1	21	飞龙饲养员27	2
9020530	17090427	5	-1	-1	-1	0	-1	23	飞龙饲养员27	2
9020530	17090527	5	-1	-1	-1	0	-1	25	号角僵尸27	4
9020531	17090227	1	-1	-1	-1	0	-1	15	维京路障僵尸27	3
9020531	18010186	2	-1	-1	-1	0	-1	22	27飞龙饲养员BOSS	5
9020531	17090227	3	-1	-1	-1	0	-1	17	维京路障僵尸27	3
9020531	17090527	5	-1	-1	-1	0	-1	-1	号角僵尸27	4
9020531	17090427	6	-1	-1	-1	0	-1	21	飞龙饲养员27	2
9020531	17090227	7	-1	-1	-1	0	-1	16	维京铁桶僵尸27	3
9020531	17090427	8	-1	-1	-1	0	-1	23	飞龙饲养员27	2
										
9020532	17090228	1	-1	-1	-1	0	-1	15	维京路障僵尸28	3
9020532	17090228	2	-1	-1	-1	0	-1	17	维京铁桶僵尸28	3
9020532	17090228	3	-1	-1	-1	0	-1	16	维京路障僵尸28	3
9020532	17090428	5	-1	-1	-1	0	-1	21	飞龙饲养员28	2
9020532	17090428	5	-1	-1	-1	0	-1	23	飞龙饲养员28	2
9020532	17090528	5	-1	-1	-1	0	-1	22	号角僵尸28	4
9020533	17090228	1	-1	-1	-1	0	-1	17	维京路障僵尸28	3
9020533	17090228	2	-1	-1	-1	0	-1	19	维京铁桶僵尸28	3
9020533	17090228	3	-1	-1	-1	0	-1	15	维京路障僵尸28	3
9020533	17090428	5	-1	-1	-1	0	-1	21	飞龙饲养员28	2
9020533	17090428	5	-1	-1	-1	0	-1	23	飞龙饲养员28	2
9020533	17090528	5	-1	-1	-1	0	-1	25	号角僵尸28	4
9020534	17090228	1	-1	-1	-1	0	-1	15	维京路障僵尸28	3
9020534	18010187	2	-1	-1	-1	0	-1	22	28号角僵尸BOSS	5
9020534	17090228	3	-1	-1	-1	0	-1	17	维京路障僵尸28	3
9020534	17090528	5	-1	-1	-1	0	-1	-1	号角僵尸28	4
9020534	17090428	6	-1	-1	-1	0	-1	21	飞龙饲养员28	2
9020534	17090228	7	-1	-1	-1	0	-1	16	维京铁桶僵尸28	3
9020534	17090428	8	-1	-1	-1	0	-1	23	飞龙饲养员28	2
										
9020535	17090229	1	-1	-1	-1	0	-1	15	维京路障僵尸29	3
9020535	17090229	2	-1	-1	-1	0	-1	17	维京铁桶僵尸29	3
9020535	17090229	3	-1	-1	-1	0	-1	16	维京路障僵尸29	3
9020535	17090429	5	-1	-1	-1	0	-1	21	飞龙饲养员29	2
9020535	17090429	5	-1	-1	-1	0	-1	23	飞龙饲养员29	2
9020535	17090529	5	-1	-1	-1	0	-1	22	号角僵尸29	4
9020536	17090229	1	-1	-1	-1	0	-1	17	维京路障僵尸29	3
9020536	17090229	2	-1	-1	-1	0	-1	19	维京铁桶僵尸29	3
9020536	17090229	3	-1	-1	-1	0	-1	15	维京路障僵尸29	3
9020536	17090429	5	-1	-1	-1	0	-1	21	飞龙饲养员29	2
9020536	17090429	5	-1	-1	-1	0	-1	23	飞龙饲养员29	2
9020536	17090529	5	-1	-1	-1	0	-1	25	号角僵尸29	4
9020537	17090229	1	-1	-1	-1	0	-1	15	维京路障僵尸29	3
9020537	18010188	2	-1	-1	-1	0	-1	22	29飞龙饲养员BOSS	5
9020537	17090229	3	-1	-1	-1	0	-1	17	维京路障僵尸29	3
9020537	17090529	5	-1	-1	-1	0	-1	-1	号角僵尸29	4
9020537	17090429	6	-1	-1	-1	0	-1	21	飞龙饲养员29	2
9020537	17090229	7	-1	-1	-1	0	-1	16	维京铁桶僵尸29	3
9020537	17090429	8	-1	-1	-1	0	-1	23	飞龙饲养员29	2
										
9020538	17090230	1	-1	-1	-1	0	-1	15	维京路障僵尸30	3
9020538	17090230	2	-1	-1	-1	0	-1	17	维京铁桶僵尸30	3
9020538	17090230	3	-1	-1	-1	0	-1	16	维京路障僵尸30	3
9020538	17090430	5	-1	-1	-1	0	-1	21	飞龙饲养员30	2
9020538	17090430	5	-1	-1	-1	0	-1	23	飞龙饲养员30	2
9020538	17090530	5	-1	-1	-1	0	-1	22	号角僵尸30	4
9020539	17090230	1	-1	-1	-1	0	-1	17	维京路障僵尸30	3
9020539	17090230	2	-1	-1	-1	0	-1	19	维京铁桶僵尸30	3
9020539	17090230	3	-1	-1	-1	0	-1	15	维京路障僵尸30	3
9020539	17090430	5	-1	-1	-1	0	-1	21	飞龙饲养员30	2
9020539	17090430	5	-1	-1	-1	0	-1	23	飞龙饲养员30	2
9020539	17090530	5	-1	-1	-1	0	-1	25	号角僵尸30	4
9020540	19010047	3	-1	-1	-1	0	1	-1	30维京龙骑兵大格	6
9020540	17090530	4	-1	-1	-1	0	1	24	号角僵尸30	4
9020540	17090530	8	-1	-1	-1	0	1	26	号角僵尸30	4
9020540	17090530	9	-1	-1	-1	0	1	28	号角僵尸30	4
										
										
										
										
9030001	17100301	1	-1	-1	-1	0	-1	15	未来路障僵尸1	3
9030001	17100401	2	-1	-1	-1	0	-1	16	未来铁桶僵尸1	3
9030001	17100301	3	-1	-1	-1	0	-1	17	未来路障僵尸1	3
9030001	17100501	1	-1	-1	-1	0	-1	21	喷射器舞者1	2
9030001	17100501	2	-1	-1	-1	0	-1	22	喷射器舞者1	2
9030001	17100501	3	-1	-1	-1	0	-1	23	喷射器舞者1	2
9030002	17100301	1	-1	-1	-1	0	-1	15	未来路障僵尸1	3
9030002	17100301	2	-1	-1	-1	0	-1	17	未来路障僵尸1	3
9030002	17100401	3	-1	-1	-1	0	-1	19	未来铁桶僵尸1	3
9030002	17100501	5	-1	-1	-1	0	-1	21	喷射器舞者1	2
9030002	17100501	5	-1	-1	-1	0	-1	23	喷射器舞者1	2
9030002	17100501	5	-1	-1	-1	0	-1	25	喷射器舞者1	2
9030003	17100301	1	-1	-1	-1	0	-1	13	未来路障僵尸1	3
9030003	18010189	2	-1	-1	-1	0	-1	19	1未来路障BOSS	5
9030003	17100301	3	-1	-1	-1	0	-1	15	未来路障僵尸1	3
9030003	17100401	4	-1	-1	-1	0	-1	17	未来铁桶僵尸1	3
9030003	17100501	5	-1	-1	-1	0	-1	21	喷射器舞者1	2
9030003	17100501	6	-1	-1	-1	0	-1	23	喷射器舞者1	2
9030003	17100501	2	-1	-1	-1	0	-1	-1	喷射器舞者1	2
9030003	17100501	8	-1	-1	-1	0	-1	-1	喷射器舞者1	2
										
9030004	17100302	1	-1	-1	-1	0	-1	15	未来路障僵尸2	3
9030004	17100402	2	-1	-1	-1	0	-1	16	未来铁桶僵尸2	3
9030004	17100302	3	-1	-1	-1	0	-1	17	未来路障僵尸2	3
9030004	17100502	1	-1	-1	-1	0	-1	21	喷射器舞者2	2
9030004	17100502	2	-1	-1	-1	0	-1	22	喷射器舞者2	2
9030004	17100502	3	-1	-1	-1	0	-1	23	喷射器舞者2	2
9030005	17100302	1	-1	-1	-1	0	-1	15	未来路障僵尸2	3
9030005	17100302	2	-1	-1	-1	0	-1	17	未来路障僵尸2	3
9030005	17100402	3	-1	-1	-1	0	-1	19	未来铁桶僵尸2	3
9030005	17100502	5	-1	-1	-1	0	-1	21	喷射器舞者2	2
9030005	17100502	5	-1	-1	-1	0	-1	23	喷射器舞者2	2
9030005	17100502	5	-1	-1	-1	0	-1	25	喷射器舞者2	2
9030006	17100302	1	-1	-1	-1	0	-1	13	未来路障僵尸2	3
9030006	18010190	2	-1	-1	-1	0	-1	19	2未来旗帜BOSS	5
9030006	17100302	3	-1	-1	-1	0	-1	15	未来路障僵尸2	3
9030006	17100402	4	-1	-1	-1	0	-1	17	未来铁桶僵尸2	3
9030006	17100502	5	-1	-1	-1	0	-1	21	喷射器舞者2	2
9030006	17100502	6	-1	-1	-1	0	-1	23	喷射器舞者2	2
9030006	17100502	2	-1	-1	-1	0	-1	-1	喷射器舞者2	2
9030006	17100502	8	-1	-1	-1	0	-1	-1	喷射器舞者2	2
										
9030007	17100303	1	-1	-1	-1	0	-1	15	未来路障僵尸3	3
9030007	17100403	2	-1	-1	-1	0	-1	16	未来铁桶僵尸3	3
9030007	17100303	3	-1	-1	-1	0	-1	17	未来路障僵尸3	3
9030007	17100503	1	-1	-1	-1	0	-1	21	喷射器舞者3	2
9030007	17100503	2	-1	-1	-1	0	-1	22	喷射器舞者3	2
9030007	17100503	3	-1	-1	-1	0	-1	23	喷射器舞者3	2
9030008	17100303	1	-1	-1	-1	0	-1	15	未来路障僵尸3	3
9030008	17100303	2	-1	-1	-1	0	-1	17	未来路障僵尸3	3
9030008	17100403	3	-1	-1	-1	0	-1	19	未来铁桶僵尸3	3
9030008	17100503	5	-1	-1	-1	0	-1	21	喷射器舞者3	2
9030008	17100503	5	-1	-1	-1	0	-1	23	喷射器舞者3	2
9030008	17100503	5	-1	-1	-1	0	-1	25	喷射器舞者3	2
9030009	17100303	1	-1	-1	-1	0	-1	13	未来路障僵尸3	3
9030009	18010191	2	-1	-1	-1	0	-1	19	3喷射器BOSS	5
9030009	17100303	3	-1	-1	-1	0	-1	15	未来路障僵尸3	3
9030009	17100403	4	-1	-1	-1	0	-1	17	未来铁桶僵尸3	3
9030009	17100503	5	-1	-1	-1	0	-1	21	喷射器舞者3	2
9030009	17100503	6	-1	-1	-1	0	-1	23	喷射器舞者3	2
9030009	17100503	2	-1	-1	-1	0	-1	-1	喷射器舞者3	2
9030009	17100503	8	-1	-1	-1	0	-1	-1	喷射器舞者3	2
										
9030010	17100304	1	-1	-1	-1	0	-1	15	未来路障僵尸4	3
9030010	17100404	2	-1	-1	-1	0	-1	16	未来铁桶僵尸4	3
9030010	17100304	3	-1	-1	-1	0	-1	17	未来路障僵尸4	3
9030010	17100504	1	-1	-1	-1	0	-1	21	喷射器舞者4	2
9030010	17100504	2	-1	-1	-1	0	-1	22	喷射器舞者4	2
9030010	17100504	3	-1	-1	-1	0	-1	23	喷射器舞者4	2
9030011	17100304	1	-1	-1	-1	0	-1	15	未来路障僵尸4	3
9030011	17100304	2	-1	-1	-1	0	-1	17	未来路障僵尸4	3
9030011	17100404	3	-1	-1	-1	0	-1	19	未来铁桶僵尸4	3
9030011	17100504	5	-1	-1	-1	0	-1	21	喷射器舞者4	2
9030011	17100504	5	-1	-1	-1	0	-1	23	喷射器舞者4	2
9030011	17100504	5	-1	-1	-1	0	-1	25	喷射器舞者4	2
9030012	17100304	1	-1	-1	-1	0	-1	13	未来路障僵尸4	3
9030012	18010192	2	-1	-1	-1	0	-1	19	4未来旗帜BOSS	5
9030012	17100304	3	-1	-1	-1	0	-1	15	未来路障僵尸4	3
9030012	17100404	4	-1	-1	-1	0	-1	17	未来铁桶僵尸4	3
9030012	17100504	5	-1	-1	-1	0	-1	21	喷射器舞者4	2
9030012	17100504	6	-1	-1	-1	0	-1	23	喷射器舞者4	2
9030012	17100504	2	-1	-1	-1	0	-1	-1	喷射器舞者4	2
9030012	17100504	8	-1	-1	-1	0	-1	-1	喷射器舞者4	2
										
9030013	17100305	1	-1	-1	-1	0	-1	15	未来路障僵尸5	3
9030013	17100405	2	-1	-1	-1	0	-1	16	未来铁桶僵尸5	3
9030013	17100305	3	-1	-1	-1	0	-1	17	未来路障僵尸5	3
9030013	17100505	1	-1	-1	-1	0	-1	21	喷射器舞者5	2
9030013	17100505	2	-1	-1	-1	0	-1	22	喷射器舞者5	2
9030013	17100505	3	-1	-1	-1	0	-1	23	喷射器舞者5	2
9030014	17100305	1	-1	-1	-1	0	-1	15	未来路障僵尸5	3
9030014	17100305	2	-1	-1	-1	0	-1	17	未来路障僵尸5	3
9030014	17100405	3	-1	-1	-1	0	-1	19	未来铁桶僵尸5	3
9030014	17100505	5	-1	-1	-1	0	-1	21	喷射器舞者5	2
9030014	17100505	5	-1	-1	-1	0	-1	23	喷射器舞者5	2
9030014	17100505	5	-1	-1	-1	0	-1	25	喷射器舞者5	2
9030015	19010048	3	-1	-1	-1	0	1	-1	5电磁盾僵尸大格	6
9030015	17100505	8	-1	-1	-1	0	1	24	喷射器舞者5	2
9030015	17100505	8	-1	-1	-1	0	1	26	喷射器舞者5	2
9030015	17100505	9	-1	-1	-1	0	1	28	喷射器舞者5	2
										
										
										
										
9030016	17100306	1	-1	-1	-1	0	-1	15	未来路障僵尸6	3
9030016	17100406	2	-1	-1	-1	0	-1	16	未来铁桶僵尸6	3
9030016	17100306	3	-1	-1	-1	0	-1	17	未来路障僵尸6	3
9030016	17100506	1	-1	-1	-1	0	-1	21	喷射器舞者6	2
9030016	17100506	2	-1	-1	-1	0	-1	22	喷射器舞者6	2
9030016	17100506	3	-1	-1	-1	0	-1	23	喷射器舞者6	2
9030017	17100306	1	-1	-1	-1	0	-1	15	未来路障僵尸6	3
9030017	17100306	2	-1	-1	-1	0	-1	17	未来路障僵尸6	3
9030017	17100406	3	-1	-1	-1	0	-1	19	未来铁桶僵尸6	3
9030017	17100506	5	-1	-1	-1	0	-1	21	喷射器舞者6	2
9030017	17100506	5	-1	-1	-1	0	-1	23	喷射器舞者6	2
9030017	17100506	5	-1	-1	-1	0	-1	25	喷射器舞者6	2
9030018	17100306	1	-1	-1	-1	0	-1	13	未来路障僵尸6	3
9030018	18010193	2	-1	-1	-1	0	-1	19	6未来路障BOSS	5
9030018	17100306	3	-1	-1	-1	0	-1	15	未来路障僵尸6	3
9030018	17100406	4	-1	-1	-1	0	-1	17	未来铁桶僵尸6	3
9030018	17100506	5	-1	-1	-1	0	-1	21	喷射器舞者6	2
9030018	17100506	6	-1	-1	-1	0	-1	23	喷射器舞者6	2
9030018	17100506	2	-1	-1	-1	0	-1	-1	喷射器舞者6	2
9030018	17100506	8	-1	-1	-1	0	-1	-1	喷射器舞者6	2
										
9030019	17100307	1	-1	-1	-1	0	-1	15	未来路障僵尸7	3
9030019	17100407	2	-1	-1	-1	0	-1	16	未来铁桶僵尸7	3
9030019	17100307	3	-1	-1	-1	0	-1	17	未来路障僵尸7	3
9030019	17100507	1	-1	-1	-1	0	-1	21	喷射器舞者7	2
9030019	17100507	2	-1	-1	-1	0	-1	22	喷射器舞者7	2
9030019	17100507	3	-1	-1	-1	0	-1	23	喷射器舞者7	2
9030020	17100307	1	-1	-1	-1	0	-1	15	未来路障僵尸7	3
9030020	17100307	2	-1	-1	-1	0	-1	17	未来路障僵尸7	3
9030020	17100407	3	-1	-1	-1	0	-1	19	未来铁桶僵尸7	3
9030020	17100507	5	-1	-1	-1	0	-1	21	喷射器舞者7	2
9030020	17100507	5	-1	-1	-1	0	-1	23	喷射器舞者7	2
9030020	17100507	5	-1	-1	-1	0	-1	25	喷射器舞者7	2
9030021	17100307	1	-1	-1	-1	0	-1	13	未来路障僵尸7	3
9030021	18010194	2	-1	-1	-1	0	-1	19	7未来旗帜BOSS	5
9030021	17100307	3	-1	-1	-1	0	-1	15	未来路障僵尸7	3
9030021	17100407	4	-1	-1	-1	0	-1	17	未来铁桶僵尸7	3
9030021	17100507	5	-1	-1	-1	0	-1	21	喷射器舞者7	2
9030021	17100507	6	-1	-1	-1	0	-1	23	喷射器舞者7	2
9030021	17100507	2	-1	-1	-1	0	-1	-1	喷射器舞者7	2
9030021	17100507	8	-1	-1	-1	0	-1	-1	喷射器舞者7	2
										
9030022	17100308	1	-1	-1	-1	0	-1	15	未来路障僵尸8	3
9030022	17100408	2	-1	-1	-1	0	-1	16	未来铁桶僵尸8	3
9030022	17100308	3	-1	-1	-1	0	-1	17	未来路障僵尸8	3
9030022	17100508	1	-1	-1	-1	0	-1	21	喷射器舞者8	2
9030022	17100508	2	-1	-1	-1	0	-1	22	喷射器舞者8	2
9030022	17100508	3	-1	-1	-1	0	-1	23	喷射器舞者8	2
9030023	17100308	1	-1	-1	-1	0	-1	15	未来路障僵尸8	3
9030023	17100308	2	-1	-1	-1	0	-1	17	未来路障僵尸8	3
9030023	17100408	3	-1	-1	-1	0	-1	19	未来铁桶僵尸8	3
9030023	17100508	5	-1	-1	-1	0	-1	21	喷射器舞者8	2
9030023	17100508	5	-1	-1	-1	0	-1	23	喷射器舞者8	2
9030023	17100508	5	-1	-1	-1	0	-1	25	喷射器舞者8	2
9030024	17100308	1	-1	-1	-1	0	-1	13	未来路障僵尸8	3
9030024	18010195	2	-1	-1	-1	0	-1	19	8喷射器BOSS	5
9030024	17100308	3	-1	-1	-1	0	-1	15	未来路障僵尸8	3
9030024	17100408	4	-1	-1	-1	0	-1	17	未来铁桶僵尸8	3
9030024	17100508	5	-1	-1	-1	0	-1	21	喷射器舞者8	2
9030024	17100508	6	-1	-1	-1	0	-1	23	喷射器舞者8	2
9030024	17100508	2	-1	-1	-1	0	-1	-1	喷射器舞者8	2
9030024	17100508	8	-1	-1	-1	0	-1	-1	喷射器舞者8	2
										
9030025	17100309	1	-1	-1	-1	0	-1	15	未来路障僵尸9	3
9030025	17100409	2	-1	-1	-1	0	-1	16	未来铁桶僵尸9	3
9030025	17100309	3	-1	-1	-1	0	-1	17	未来路障僵尸9	3
9030025	17100509	1	-1	-1	-1	0	-1	21	喷射器舞者9	2
9030025	17100509	2	-1	-1	-1	0	-1	22	喷射器舞者9	2
9030025	17100509	3	-1	-1	-1	0	-1	23	喷射器舞者9	2
9030026	17100309	1	-1	-1	-1	0	-1	15	未来路障僵尸9	3
9030026	17100309	2	-1	-1	-1	0	-1	17	未来路障僵尸9	3
9030026	17100409	3	-1	-1	-1	0	-1	19	未来铁桶僵尸9	3
9030026	17100509	5	-1	-1	-1	0	-1	21	喷射器舞者9	2
9030026	17100509	5	-1	-1	-1	0	-1	23	喷射器舞者9	2
9030026	17100509	5	-1	-1	-1	0	-1	25	喷射器舞者9	2
9030027	17100309	1	-1	-1	-1	0	-1	13	未来路障僵尸9	3
9030027	18010196	2	-1	-1	-1	0	-1	19	9未来旗帜BOSS	5
9030027	17100309	3	-1	-1	-1	0	-1	15	未来路障僵尸9	3
9030027	17100409	4	-1	-1	-1	0	-1	17	未来铁桶僵尸9	3
9030027	17100509	5	-1	-1	-1	0	-1	21	喷射器舞者9	2
9030027	17100509	6	-1	-1	-1	0	-1	23	喷射器舞者9	2
9030027	17100509	2	-1	-1	-1	0	-1	-1	喷射器舞者9	2
9030027	17100509	8	-1	-1	-1	0	-1	-1	喷射器舞者9	2
										
9030028	17100310	1	-1	-1	-1	0	-1	15	未来路障僵尸10	3
9030028	17100410	2	-1	-1	-1	0	-1	16	未来铁桶僵尸10	3
9030028	17100310	3	-1	-1	-1	0	-1	17	未来路障僵尸10	3
9030028	17100510	1	-1	-1	-1	0	-1	21	喷射器舞者10	2
9030028	17100510	2	-1	-1	-1	0	-1	22	喷射器舞者10	2
9030028	17100510	3	-1	-1	-1	0	-1	23	喷射器舞者10	2
9030029	17100310	1	-1	-1	-1	0	-1	15	未来路障僵尸10	3
9030029	17100310	2	-1	-1	-1	0	-1	17	未来路障僵尸10	3
9030029	17100410	3	-1	-1	-1	0	-1	19	未来铁桶僵尸10	3
9030029	17100510	5	-1	-1	-1	0	-1	21	喷射器舞者10	2
9030029	17100510	5	-1	-1	-1	0	-1	23	喷射器舞者10	2
9030029	17100510	5	-1	-1	-1	0	-1	25	喷射器舞者10	2
9030030	19010049	3	-1	-1	-1	0	1	-1	10舞者3000大格	6
9030030	17100510	7	-1	-1	-1	0	1	26	喷射器舞者10	2
9030030	17100510	8	-1	-1	-1	0	1	24	喷射器舞者10	2
9030030	17100510	9	-1	-1	-1	0	1	28	喷射器舞者10	2
										
9030031	17100311	1	-1	-1	-1	0	-1	15	未来路障僵尸11	3
9030031	17100411	2	-1	-1	-1	0	-1	16	未来铁桶僵尸11	3
9030031	17100311	3	-1	-1	-1	0	-1	17	未来路障僵尸11	3
9030031	17100511	1	-1	-1	-1	0	-1	21	喷射器舞者11	2
9030031	17100511	2	-1	-1	-1	0	-1	22	喷射器舞者11	2
9030031	17100511	3	-1	-1	-1	0	-1	23	喷射器舞者11	2
9030032	17100311	1	-1	-1	-1	0	-1	15	未来路障僵尸11	3
9030032	17100311	2	-1	-1	-1	0	-1	17	未来路障僵尸11	3
9030032	17100411	3	-1	-1	-1	0	-1	19	未来铁桶僵尸11	3
9030032	17100511	5	-1	-1	-1	0	-1	21	喷射器舞者11	2
9030032	17100511	5	-1	-1	-1	0	-1	23	喷射器舞者11	2
9030032	17100511	5	-1	-1	-1	0	-1	25	喷射器舞者11	2
9030033	17100311	1	-1	-1	-1	0	-1	13	未来路障僵尸11	3
9030033	18010197	2	-1	-1	-1	0	-1	19	11未来路障BOSS	5
9030033	17100311	3	-1	-1	-1	0	-1	15	未来路障僵尸11	3
9030033	17100411	4	-1	-1	-1	0	-1	17	未来铁桶僵尸11	3
9030033	17100511	5	-1	-1	-1	0	-1	21	喷射器舞者11	2
9030033	17100511	6	-1	-1	-1	0	-1	23	喷射器舞者11	2
9030033	17100511	2	-1	-1	-1	0	-1	-1	喷射器舞者11	2
9030033	17100511	8	-1	-1	-1	0	-1	-1	喷射器舞者11	2
										
9030034	17100312	1	-1	-1	-1	0	-1	15	未来路障僵尸12	3
9030034	17100412	2	-1	-1	-1	0	-1	16	未来铁桶僵尸12	3
9030034	17100312	3	-1	-1	-1	0	-1	17	未来路障僵尸12	3
9030034	17100512	1	-1	-1	-1	0	-1	21	喷射器舞者12	2
9030034	17100512	2	-1	-1	-1	0	-1	22	喷射器舞者12	2
9030034	17100512	3	-1	-1	-1	0	-1	23	喷射器舞者12	2
9030035	17100312	1	-1	-1	-1	0	-1	15	未来路障僵尸12	3
9030035	17100312	2	-1	-1	-1	0	-1	17	未来路障僵尸12	3
9030035	17100412	3	-1	-1	-1	0	-1	19	未来铁桶僵尸12	3
9030035	17100512	5	-1	-1	-1	0	-1	21	喷射器舞者12	2
9030035	17100512	5	-1	-1	-1	0	-1	23	喷射器舞者12	2
9030035	17100512	5	-1	-1	-1	0	-1	25	喷射器舞者12	2
9030036	17100312	1	-1	-1	-1	0	-1	13	未来路障僵尸12	3
9030036	18010198	2	-1	-1	-1	0	-1	19	12未来旗帜BOSS	5
9030036	17100312	3	-1	-1	-1	0	-1	15	未来路障僵尸12	3
9030036	17100412	4	-1	-1	-1	0	-1	17	未来铁桶僵尸12	3
9030036	17100512	5	-1	-1	-1	0	-1	21	喷射器舞者12	2
9030036	17100512	6	-1	-1	-1	0	-1	23	喷射器舞者12	2
9030036	17100512	2	-1	-1	-1	0	-1	-1	喷射器舞者12	2
9030036	17100512	8	-1	-1	-1	0	-1	-1	喷射器舞者12	2
										
9030037	17100313	1	-1	-1	-1	0	-1	15	未来路障僵尸13	3
9030037	17100413	2	-1	-1	-1	0	-1	16	未来铁桶僵尸13	3
9030037	17100313	3	-1	-1	-1	0	-1	17	未来路障僵尸13	3
9030037	17100513	1	-1	-1	-1	0	-1	21	喷射器舞者13	2
9030037	17100513	2	-1	-1	-1	0	-1	22	喷射器舞者13	2
9030037	17100513	3	-1	-1	-1	0	-1	23	喷射器舞者13	2
9030038	17100313	1	-1	-1	-1	0	-1	15	未来路障僵尸13	3
9030038	17100313	2	-1	-1	-1	0	-1	17	未来路障僵尸13	3
9030038	17100413	3	-1	-1	-1	0	-1	19	未来铁桶僵尸13	3
9030038	17100513	5	-1	-1	-1	0	-1	21	喷射器舞者13	2
9030038	17100513	5	-1	-1	-1	0	-1	23	喷射器舞者13	2
9030038	17100513	5	-1	-1	-1	0	-1	25	喷射器舞者13	2
9030039	17100313	1	-1	-1	-1	0	-1	13	未来路障僵尸13	3
9030039	18010199	2	-1	-1	-1	0	-1	19	13喷射器BOSS	5
9030039	17100313	3	-1	-1	-1	0	-1	15	未来路障僵尸13	3
9030039	17100413	4	-1	-1	-1	0	-1	17	未来铁桶僵尸13	3
9030039	17100513	5	-1	-1	-1	0	-1	21	喷射器舞者13	2
9030039	17100513	6	-1	-1	-1	0	-1	23	喷射器舞者13	2
9030039	17100513	2	-1	-1	-1	0	-1	-1	喷射器舞者13	2
9030039	17100513	8	-1	-1	-1	0	-1	-1	喷射器舞者13	2
										
9030040	17100314	1	-1	-1	-1	0	-1	15	未来路障僵尸14	3
9030040	17100414	2	-1	-1	-1	0	-1	16	未来铁桶僵尸14	3
9030040	17100314	3	-1	-1	-1	0	-1	17	未来路障僵尸14	3
9030040	17100514	1	-1	-1	-1	0	-1	21	喷射器舞者14	2
9030040	17100514	2	-1	-1	-1	0	-1	22	喷射器舞者14	2
9030040	17100514	3	-1	-1	-1	0	-1	23	喷射器舞者14	2
9030041	17100314	1	-1	-1	-1	0	-1	15	未来路障僵尸14	3
9030041	17100314	2	-1	-1	-1	0	-1	17	未来路障僵尸14	3
9030041	17100414	3	-1	-1	-1	0	-1	19	未来铁桶僵尸14	3
9030041	17100514	5	-1	-1	-1	0	-1	21	喷射器舞者14	2
9030041	17100514	5	-1	-1	-1	0	-1	23	喷射器舞者14	2
9030041	17100514	5	-1	-1	-1	0	-1	25	喷射器舞者14	2
9030042	17100314	1	-1	-1	-1	0	-1	13	未来路障僵尸14	3
9030042	18010200	2	-1	-1	-1	0	-1	19	14未来旗帜BOSS	5
9030042	17100314	3	-1	-1	-1	0	-1	15	未来路障僵尸14	3
9030042	17100414	4	-1	-1	-1	0	-1	17	未来铁桶僵尸14	3
9030042	17100514	5	-1	-1	-1	0	-1	21	喷射器舞者14	2
9030042	17100514	6	-1	-1	-1	0	-1	23	喷射器舞者14	2
9030042	17100514	2	-1	-1	-1	0	-1	-1	喷射器舞者14	2
9030042	17100514	8	-1	-1	-1	0	-1	-1	喷射器舞者14	2
										
9030043	17100315	1	-1	-1	-1	0	-1	15	未来路障僵尸15	3
9030043	17100415	2	-1	-1	-1	0	-1	16	未来铁桶僵尸15	3
9030043	17100315	3	-1	-1	-1	0	-1	17	未来路障僵尸15	3
9030043	17100515	1	-1	-1	-1	0	-1	21	喷射器舞者15	2
9030043	17100515	2	-1	-1	-1	0	-1	22	喷射器舞者15	2
9030043	17100515	3	-1	-1	-1	0	-1	23	喷射器舞者15	2
9030044	17100315	1	-1	-1	-1	0	-1	15	未来路障僵尸15	3
9030044	17100315	2	-1	-1	-1	0	-1	17	未来路障僵尸15	3
9030044	17100415	3	-1	-1	-1	0	-1	19	未来铁桶僵尸15	3
9030044	17100515	5	-1	-1	-1	0	-1	21	喷射器舞者15	2
9030044	17100515	5	-1	-1	-1	0	-1	23	喷射器舞者15	2
9030044	17100515	5	-1	-1	-1	0	-1	25	喷射器舞者15	2
9030045	19010050	3	-1	-1	-1	0	1	-1	15卡车司机大格	6
9030045	17100515	7	-1	-1	-1	0	1	28	喷射器舞者15	2
9030045	17100515	8	-1	-1	-1	0	1	26	喷射器舞者15	2
9030045	17100515	9	-1	-1	-1	0	1	24	喷射器舞者15	2
										
										
										
										
										
9030046	17100316	1	-1	-1	-1	0	-1	15	未来路障僵尸16	3
9030046	17100416	2	-1	-1	-1	0	-1	16	未来铁桶僵尸16	3
9030046	17100316	3	-1	-1	-1	0	-1	17	未来路障僵尸16	3
9030046	17100516	1	-1	-1	-1	0	-1	21	喷射器舞者16	2
9030046	17100516	2	-1	-1	-1	0	-1	22	喷射器舞者16	2
9030046	17100516	3	-1	-1	-1	0	-1	23	喷射器舞者16	2
9030047	17100316	1	-1	-1	-1	0	-1	15	未来路障僵尸16	3
9030047	17100316	2	-1	-1	-1	0	-1	17	未来路障僵尸16	3
9030047	17100416	3	-1	-1	-1	0	-1	19	未来铁桶僵尸16	3
9030047	17100516	5	-1	-1	-1	0	-1	21	喷射器舞者16	2
9030047	17100516	5	-1	-1	-1	0	-1	23	喷射器舞者16	2
9030047	17100516	5	-1	-1	-1	0	-1	25	喷射器舞者16	2
9030048	17100316	1	-1	-1	-1	0	-1	13	未来路障僵尸16	3
9030048	18010201	2	-1	-1	-1	0	-1	19	16未来路障BOSS	5
9030048	17100316	3	-1	-1	-1	0	-1	15	未来路障僵尸16	3
9030048	17100416	4	-1	-1	-1	0	-1	17	未来铁桶僵尸16	3
9030048	17100516	5	-1	-1	-1	0	-1	21	喷射器舞者16	2
9030048	17100516	6	-1	-1	-1	0	-1	23	喷射器舞者16	2
9030048	17100516	2	-1	-1	-1	0	-1	-1	喷射器舞者16	2
9030048	17100516	8	-1	-1	-1	0	-1	-1	喷射器舞者16	2
										
9030049	17100317	1	-1	-1	-1	0	-1	15	未来路障僵尸17	3
9030049	17100417	2	-1	-1	-1	0	-1	16	未来铁桶僵尸17	3
9030049	17100317	3	-1	-1	-1	0	-1	17	未来路障僵尸17	3
9030049	17100517	1	-1	-1	-1	0	-1	21	喷射器舞者17	2
9030049	17100517	2	-1	-1	-1	0	-1	22	喷射器舞者17	2
9030049	17100517	3	-1	-1	-1	0	-1	23	喷射器舞者17	2
9030050	17100317	1	-1	-1	-1	0	-1	15	未来路障僵尸17	3
9030050	17100317	2	-1	-1	-1	0	-1	17	未来路障僵尸17	3
9030050	17100417	3	-1	-1	-1	0	-1	19	未来铁桶僵尸17	3
9030050	17100517	5	-1	-1	-1	0	-1	21	喷射器舞者17	2
9030050	17100517	5	-1	-1	-1	0	-1	23	喷射器舞者17	2
9030050	17100517	5	-1	-1	-1	0	-1	25	喷射器舞者17	2
9030051	17100317	1	-1	-1	-1	0	-1	13	未来路障僵尸17	3
9030051	18010202	2	-1	-1	-1	0	-1	19	17未来旗帜BOSS	5
9030051	17100317	3	-1	-1	-1	0	-1	15	未来路障僵尸17	3
9030051	17100417	4	-1	-1	-1	0	-1	17	未来铁桶僵尸17	3
9030051	17100517	5	-1	-1	-1	0	-1	21	喷射器舞者17	2
9030051	17100517	6	-1	-1	-1	0	-1	23	喷射器舞者17	2
9030051	17100517	2	-1	-1	-1	0	-1	-1	喷射器舞者17	2
9030051	17100517	8	-1	-1	-1	0	-1	-1	喷射器舞者17	2
										
9030052	17100318	1	-1	-1	-1	0	-1	15	未来路障僵尸18	3
9030052	17100418	2	-1	-1	-1	0	-1	16	未来铁桶僵尸18	3
9030052	17100318	3	-1	-1	-1	0	-1	17	未来路障僵尸18	3
9030052	17100518	1	-1	-1	-1	0	-1	21	喷射器舞者18	2
9030052	17100518	2	-1	-1	-1	0	-1	22	喷射器舞者18	2
9030052	17100518	3	-1	-1	-1	0	-1	23	喷射器舞者18	2
9030053	17100318	1	-1	-1	-1	0	-1	15	未来路障僵尸18	3
9030053	17100318	2	-1	-1	-1	0	-1	17	未来路障僵尸18	3
9030053	17100418	3	-1	-1	-1	0	-1	19	未来铁桶僵尸18	3
9030053	17100518	5	-1	-1	-1	0	-1	21	喷射器舞者18	2
9030053	17100518	5	-1	-1	-1	0	-1	23	喷射器舞者18	2
9030053	17100518	5	-1	-1	-1	0	-1	25	喷射器舞者18	2
9030054	17100318	1	-1	-1	-1	0	-1	13	未来路障僵尸18	3
9030054	18010203	2	-1	-1	-1	0	-1	19	18喷射器BOSS	5
9030054	17100318	3	-1	-1	-1	0	-1	15	未来路障僵尸18	3
9030054	17100418	4	-1	-1	-1	0	-1	17	未来铁桶僵尸18	3
9030054	17100518	5	-1	-1	-1	0	-1	21	喷射器舞者18	2
9030054	17100518	6	-1	-1	-1	0	-1	23	喷射器舞者18	2
9030054	17100518	2	-1	-1	-1	0	-1	-1	喷射器舞者18	2
9030054	17100518	8	-1	-1	-1	0	-1	-1	喷射器舞者18	2
										
9030055	17100319	1	-1	-1	-1	0	-1	15	未来路障僵尸19	3
9030055	17100419	2	-1	-1	-1	0	-1	16	未来铁桶僵尸19	3
9030055	17100319	3	-1	-1	-1	0	-1	17	未来路障僵尸19	3
9030055	17100519	1	-1	-1	-1	0	-1	21	喷射器舞者19	2
9030055	17100519	2	-1	-1	-1	0	-1	22	喷射器舞者19	2
9030055	17100519	3	-1	-1	-1	0	-1	23	喷射器舞者19	2
9030056	17100319	1	-1	-1	-1	0	-1	15	未来路障僵尸19	3
9030056	17100319	2	-1	-1	-1	0	-1	17	未来路障僵尸19	3
9030056	17100419	3	-1	-1	-1	0	-1	19	未来铁桶僵尸19	3
9030056	17100519	5	-1	-1	-1	0	-1	21	喷射器舞者19	2
9030056	17100519	5	-1	-1	-1	0	-1	23	喷射器舞者19	2
9030056	17100519	5	-1	-1	-1	0	-1	25	喷射器舞者19	2
9030057	17100319	1	-1	-1	-1	0	-1	13	未来路障僵尸19	3
9030057	18010204	2	-1	-1	-1	0	-1	19	19未来旗帜BOSS	5
9030057	17100319	3	-1	-1	-1	0	-1	15	未来路障僵尸19	3
9030057	17100419	4	-1	-1	-1	0	-1	17	未来铁桶僵尸19	3
9030057	17100519	5	-1	-1	-1	0	-1	21	喷射器舞者19	2
9030057	17100519	6	-1	-1	-1	0	-1	23	喷射器舞者19	2
9030057	17100519	2	-1	-1	-1	0	-1	-1	喷射器舞者19	2
9030057	17100519	8	-1	-1	-1	0	-1	-1	喷射器舞者19	2
										
9030058	17100320	1	-1	-1	-1	0	-1	15	未来路障僵尸20	3
9030058	17100420	2	-1	-1	-1	0	-1	16	未来铁桶僵尸20	3
9030058	17100320	3	-1	-1	-1	0	-1	17	未来路障僵尸20	3
9030058	17100520	1	-1	-1	-1	0	-1	21	喷射器舞者20	2
9030058	17100520	2	-1	-1	-1	0	-1	22	喷射器舞者20	2
9030058	17100520	3	-1	-1	-1	0	-1	23	喷射器舞者20	2
9030059	17100320	1	-1	-1	-1	0	-1	15	未来路障僵尸20	3
9030059	17100320	2	-1	-1	-1	0	-1	17	未来路障僵尸20	3
9030059	17100420	3	-1	-1	-1	0	-1	19	未来铁桶僵尸20	3
9030059	17100520	5	-1	-1	-1	0	-1	21	喷射器舞者20	2
9030059	17100520	5	-1	-1	-1	0	-1	23	喷射器舞者20	2
9030059	17100520	5	-1	-1	-1	0	-1	25	喷射器舞者20	2
9030060	19010051	3	-1	-1	-1	0	1	-1	20橄榄球大格	6
9030060	17100520	7	-1	-1	-1	0	1	24	喷射器舞者20	2
9030060	17100520	8	-1	-1	-1	0	1	28	喷射器舞者20	2
9030060	17100520	9	-1	-1	-1	0	1	26	喷射器舞者20	2
										
										
										
										
										
9030061	17100321	1	-1	-1	-1	0	-1	15	未来路障僵尸21	3
9030061	17100421	2	-1	-1	-1	0	-1	16	未来铁桶僵尸21	3
9030061	17100321	3	-1	-1	-1	0	-1	17	未来路障僵尸21	3
9030061	17100521	1	-1	-1	-1	0	-1	21	喷射器舞者21	2
9030061	17100521	2	-1	-1	-1	0	-1	22	喷射器舞者21	2
9030061	17100521	3	-1	-1	-1	0	-1	23	喷射器舞者21	2
9030062	17100321	1	-1	-1	-1	0	-1	15	未来路障僵尸21	3
9030062	17100321	2	-1	-1	-1	0	-1	17	未来路障僵尸21	3
9030062	17100421	3	-1	-1	-1	0	-1	19	未来铁桶僵尸21	3
9030062	17100521	5	-1	-1	-1	0	-1	21	喷射器舞者21	2
9030062	17100521	5	-1	-1	-1	0	-1	23	喷射器舞者21	2
9030062	17100521	5	-1	-1	-1	0	-1	25	喷射器舞者21	2
9030063	17100321	1	-1	-1	-1	0	-1	13	未来路障僵尸21	3
9030063	18010205	2	-1	-1	-1	0	-1	19	21未来路障BOSS	5
9030063	17100321	3	-1	-1	-1	0	-1	15	未来路障僵尸21	3
9030063	17100421	4	-1	-1	-1	0	-1	17	未来铁桶僵尸21	3
9030063	17100521	5	-1	-1	-1	0	-1	21	喷射器舞者21	2
9030063	17100521	6	-1	-1	-1	0	-1	23	喷射器舞者21	2
9030063	17100521	2	-1	-1	-1	0	-1	-1	喷射器舞者21	2
9030063	17100521	8	-1	-1	-1	0	-1	-1	喷射器舞者21	2
										
9030064	17100322	1	-1	-1	-1	0	-1	15	未来路障僵尸22	3
9030064	17100422	2	-1	-1	-1	0	-1	16	未来铁桶僵尸22	3
9030064	17100322	3	-1	-1	-1	0	-1	17	未来路障僵尸22	3
9030064	17100522	1	-1	-1	-1	0	-1	21	喷射器舞者22	2
9030064	17100522	2	-1	-1	-1	0	-1	22	喷射器舞者22	2
9030064	17100522	3	-1	-1	-1	0	-1	23	喷射器舞者22	2
9030065	17100322	1	-1	-1	-1	0	-1	15	未来路障僵尸22	3
9030065	17100322	2	-1	-1	-1	0	-1	17	未来路障僵尸22	3
9030065	17100422	3	-1	-1	-1	0	-1	19	未来铁桶僵尸22	3
9030065	17100522	5	-1	-1	-1	0	-1	21	喷射器舞者22	2
9030065	17100522	5	-1	-1	-1	0	-1	23	喷射器舞者22	2
9030065	17100522	5	-1	-1	-1	0	-1	25	喷射器舞者22	2
9030066	17100322	1	-1	-1	-1	0	-1	13	未来路障僵尸22	3
9030066	18010206	2	-1	-1	-1	0	-1	19	22未来旗帜BOSS	5
9030066	17100322	3	-1	-1	-1	0	-1	15	未来路障僵尸22	3
9030066	17100422	4	-1	-1	-1	0	-1	17	未来铁桶僵尸22	3
9030066	17100522	5	-1	-1	-1	0	-1	21	喷射器舞者22	2
9030066	17100522	6	-1	-1	-1	0	-1	23	喷射器舞者22	2
9030066	17100522	2	-1	-1	-1	0	-1	-1	喷射器舞者22	2
9030066	17100522	8	-1	-1	-1	0	-1	-1	喷射器舞者22	2
										
9030067	17100323	1	-1	-1	-1	0	-1	15	未来路障僵尸23	3
9030067	17100423	2	-1	-1	-1	0	-1	16	未来铁桶僵尸23	3
9030067	17100323	3	-1	-1	-1	0	-1	17	未来路障僵尸23	3
9030067	17100523	1	-1	-1	-1	0	-1	21	喷射器舞者23	2
9030067	17100523	2	-1	-1	-1	0	-1	22	喷射器舞者23	2
9030067	17100523	3	-1	-1	-1	0	-1	23	喷射器舞者23	2
9030068	17100323	1	-1	-1	-1	0	-1	15	未来路障僵尸23	3
9030068	17100323	2	-1	-1	-1	0	-1	17	未来路障僵尸23	3
9030068	17100423	3	-1	-1	-1	0	-1	19	未来铁桶僵尸23	3
9030068	17100523	5	-1	-1	-1	0	-1	21	喷射器舞者23	2
9030068	17100523	5	-1	-1	-1	0	-1	23	喷射器舞者23	2
9030068	17100523	5	-1	-1	-1	0	-1	25	喷射器舞者23	2
9030069	17100323	1	-1	-1	-1	0	-1	13	未来路障僵尸23	3
9030069	18010207	2	-1	-1	-1	0	-1	19	23喷射器BOSS	5
9030069	17100323	3	-1	-1	-1	0	-1	15	未来路障僵尸23	3
9030069	17100423	4	-1	-1	-1	0	-1	17	未来铁桶僵尸23	3
9030069	17100523	5	-1	-1	-1	0	-1	21	喷射器舞者23	2
9030069	17100523	6	-1	-1	-1	0	-1	23	喷射器舞者23	2
9030069	17100523	2	-1	-1	-1	0	-1	-1	喷射器舞者23	2
9030069	17100523	8	-1	-1	-1	0	-1	-1	喷射器舞者23	2
										
9030070	17100324	1	-1	-1	-1	0	-1	15	未来路障僵尸24	3
9030070	17100424	2	-1	-1	-1	0	-1	16	未来铁桶僵尸24	3
9030070	17100324	3	-1	-1	-1	0	-1	17	未来路障僵尸24	3
9030070	17100524	1	-1	-1	-1	0	-1	21	喷射器舞者24	2
9030070	17100524	2	-1	-1	-1	0	-1	22	喷射器舞者24	2
9030070	17100524	3	-1	-1	-1	0	-1	23	喷射器舞者24	2
9030071	17100324	1	-1	-1	-1	0	-1	15	未来路障僵尸24	3
9030071	17100324	2	-1	-1	-1	0	-1	17	未来路障僵尸24	3
9030071	17100424	3	-1	-1	-1	0	-1	19	未来铁桶僵尸24	3
9030071	17100524	5	-1	-1	-1	0	-1	21	喷射器舞者24	2
9030071	17100524	5	-1	-1	-1	0	-1	23	喷射器舞者24	2
9030071	17100524	5	-1	-1	-1	0	-1	25	喷射器舞者24	2
9030072	17100324	1	-1	-1	-1	0	-1	13	未来路障僵尸24	3
9030072	18010208	2	-1	-1	-1	0	-1	19	24未来旗帜BOSS	5
9030072	17100324	3	-1	-1	-1	0	-1	15	未来路障僵尸24	3
9030072	17100424	4	-1	-1	-1	0	-1	17	未来铁桶僵尸24	3
9030072	17100524	5	-1	-1	-1	0	-1	21	喷射器舞者24	2
9030072	17100524	6	-1	-1	-1	0	-1	23	喷射器舞者24	2
9030072	17100524	2	-1	-1	-1	0	-1	-1	喷射器舞者24	2
9030072	17100524	8	-1	-1	-1	0	-1	-1	喷射器舞者24	2
										
9030073	17100325	1	-1	-1	-1	0	-1	15	未来路障僵尸25	3
9030073	17100425	2	-1	-1	-1	0	-1	16	未来铁桶僵尸25	3
9030073	17100325	3	-1	-1	-1	0	-1	17	未来路障僵尸25	3
9030073	17100525	1	-1	-1	-1	0	-1	21	喷射器舞者25	2
9030073	17100525	2	-1	-1	-1	0	-1	22	喷射器舞者25	2
9030073	17100525	3	-1	-1	-1	0	-1	23	喷射器舞者25	2
9030074	17100325	1	-1	-1	-1	0	-1	15	未来路障僵尸25	3
9030074	17100325	2	-1	-1	-1	0	-1	17	未来路障僵尸25	3
9030074	17100425	3	-1	-1	-1	0	-1	19	未来铁桶僵尸25	3
9030074	17100525	5	-1	-1	-1	0	-1	21	喷射器舞者25	2
9030074	17100525	5	-1	-1	-1	0	-1	23	喷射器舞者25	2
9030074	17100525	5	-1	-1	-1	0	-1	25	喷射器舞者25	2
9030075	19010052	3	-1	-1	-1	0	1	-1	25僵尸统领大格	6
9030075	17100525	7	-1	-1	-1	0	1	26	喷射器舞者25	2
9030075	17100525	8	-1	-1	-1	0	1	24	喷射器舞者25	2
9030075	17100525	9	-1	-1	-1	0	1	28	喷射器舞者25	2
										
										
										
										
										
9030076	17100326	1	-1	-1	-1	0	-1	15	未来路障僵尸26	3
9030076	17100426	2	-1	-1	-1	0	-1	16	未来铁桶僵尸26	3
9030076	17100326	3	-1	-1	-1	0	-1	17	未来路障僵尸26	3
9030076	17100526	1	-1	-1	-1	0	-1	21	喷射器舞者26	2
9030076	17100526	2	-1	-1	-1	0	-1	22	喷射器舞者26	2
9030076	17100526	3	-1	-1	-1	0	-1	23	喷射器舞者26	2
9030077	17100326	1	-1	-1	-1	0	-1	15	未来路障僵尸26	3
9030077	17100326	2	-1	-1	-1	0	-1	17	未来路障僵尸26	3
9030077	17100426	3	-1	-1	-1	0	-1	19	未来铁桶僵尸26	3
9030077	17100526	5	-1	-1	-1	0	-1	21	喷射器舞者26	2
9030077	17100526	5	-1	-1	-1	0	-1	23	喷射器舞者26	2
9030077	17100526	5	-1	-1	-1	0	-1	25	喷射器舞者26	2
9030078	17100326	1	-1	-1	-1	0	-1	13	未来路障僵尸26	3
9030078	18010209	2	-1	-1	-1	0	-1	19	26未来路障BOSS	5
9030078	17100326	3	-1	-1	-1	0	-1	15	未来路障僵尸26	3
9030078	17100426	4	-1	-1	-1	0	-1	17	未来铁桶僵尸26	3
9030078	17100526	5	-1	-1	-1	0	-1	21	喷射器舞者26	2
9030078	17100526	6	-1	-1	-1	0	-1	23	喷射器舞者26	2
9030078	17100526	2	-1	-1	-1	0	-1	-1	喷射器舞者26	2
9030078	17100526	8	-1	-1	-1	0	-1	-1	喷射器舞者26	2
										
9030079	17100327	1	-1	-1	-1	0	-1	15	未来路障僵尸27	3
9030079	17100427	2	-1	-1	-1	0	-1	16	未来铁桶僵尸27	3
9030079	17100327	3	-1	-1	-1	0	-1	17	未来路障僵尸27	3
9030079	17100527	1	-1	-1	-1	0	-1	21	喷射器舞者27	2
9030079	17100527	2	-1	-1	-1	0	-1	22	喷射器舞者27	2
9030079	17100527	3	-1	-1	-1	0	-1	23	喷射器舞者27	2
9030080	17100327	1	-1	-1	-1	0	-1	15	未来路障僵尸27	3
9030080	17100327	2	-1	-1	-1	0	-1	17	未来路障僵尸27	3
9030080	17100427	3	-1	-1	-1	0	-1	19	未来铁桶僵尸27	3
9030080	17100527	5	-1	-1	-1	0	-1	21	喷射器舞者27	2
9030080	17100527	5	-1	-1	-1	0	-1	23	喷射器舞者27	2
9030080	17100527	5	-1	-1	-1	0	-1	25	喷射器舞者27	2
9030081	17100327	1	-1	-1	-1	0	-1	13	未来路障僵尸27	3
9030081	18010210	2	-1	-1	-1	0	-1	19	27未来旗帜BOSS	5
9030081	17100327	3	-1	-1	-1	0	-1	15	未来路障僵尸27	3
9030081	17100427	4	-1	-1	-1	0	-1	17	未来铁桶僵尸27	3
9030081	17100527	5	-1	-1	-1	0	-1	21	喷射器舞者27	2
9030081	17100527	6	-1	-1	-1	0	-1	23	喷射器舞者27	2
9030081	17100527	2	-1	-1	-1	0	-1	-1	喷射器舞者27	2
9030081	17100527	8	-1	-1	-1	0	-1	-1	喷射器舞者27	2
										
										
9030082	17100328	1	-1	-1	-1	0	-1	15	未来路障僵尸28	3
9030082	17100428	2	-1	-1	-1	0	-1	16	未来铁桶僵尸28	3
9030082	17100328	3	-1	-1	-1	0	-1	17	未来路障僵尸28	3
9030082	17100528	1	-1	-1	-1	0	-1	21	喷射器舞者28	2
9030082	17100528	2	-1	-1	-1	0	-1	22	喷射器舞者28	2
9030082	17100528	3	-1	-1	-1	0	-1	23	喷射器舞者28	2
9030083	17100328	1	-1	-1	-1	0	-1	15	未来路障僵尸28	3
9030083	17100328	2	-1	-1	-1	0	-1	17	未来路障僵尸28	3
9030083	17100428	3	-1	-1	-1	0	-1	19	未来铁桶僵尸28	3
9030083	17100528	5	-1	-1	-1	0	-1	21	喷射器舞者28	2
9030083	17100528	5	-1	-1	-1	0	-1	23	喷射器舞者28	2
9030083	17100528	5	-1	-1	-1	0	-1	25	喷射器舞者28	2
9030084	17100328	1	-1	-1	-1	0	-1	13	未来路障僵尸28	3
9030084	18010211	2	-1	-1	-1	0	-1	19	28喷射器BOSS	5
9030084	17100328	3	-1	-1	-1	0	-1	15	未来路障僵尸28	3
9030084	17100428	4	-1	-1	-1	0	-1	17	未来铁桶僵尸28	3
9030084	17100528	5	-1	-1	-1	0	-1	21	喷射器舞者28	2
9030084	17100528	6	-1	-1	-1	0	-1	23	喷射器舞者28	2
9030084	17100528	2	-1	-1	-1	0	-1	-1	喷射器舞者28	2
9030084	17100528	8	-1	-1	-1	0	-1	-1	喷射器舞者28	2
										
9030085	17100329	1	-1	-1	-1	0	-1	15	未来路障僵尸29	3
9030085	17100429	2	-1	-1	-1	0	-1	16	未来铁桶僵尸29	3
9030085	17100329	3	-1	-1	-1	0	-1	17	未来路障僵尸29	3
9030085	17100529	1	-1	-1	-1	0	-1	21	喷射器舞者29	2
9030085	17100529	2	-1	-1	-1	0	-1	22	喷射器舞者29	2
9030085	17100529	3	-1	-1	-1	0	-1	23	喷射器舞者29	2
9030086	17100329	1	-1	-1	-1	0	-1	15	未来路障僵尸29	3
9030086	17100329	2	-1	-1	-1	0	-1	17	未来路障僵尸29	3
9030086	17100429	3	-1	-1	-1	0	-1	19	未来铁桶僵尸29	3
9030086	17100529	5	-1	-1	-1	0	-1	21	喷射器舞者29	2
9030086	17100529	5	-1	-1	-1	0	-1	23	喷射器舞者29	2
9030086	17100529	5	-1	-1	-1	0	-1	25	喷射器舞者29	2
9030087	17100329	1	-1	-1	-1	0	-1	13	未来路障僵尸29	3
9030087	18010212	2	-1	-1	-1	0	-1	19	29未来旗帜BOSS	5
9030087	17100329	3	-1	-1	-1	0	-1	15	未来路障僵尸29	3
9030087	17100429	4	-1	-1	-1	0	-1	17	未来铁桶僵尸29	3
9030087	17100529	5	-1	-1	-1	0	-1	21	喷射器舞者29	2
9030087	17100529	6	-1	-1	-1	0	-1	23	喷射器舞者29	2
9030087	17100529	2	-1	-1	-1	0	-1	-1	喷射器舞者29	2
9030087	17100529	8	-1	-1	-1	0	-1	-1	喷射器舞者29	2
										
9030088	17100330	1	-1	-1	-1	0	-1	15	未来路障僵尸30	3
9030088	17100430	2	-1	-1	-1	0	-1	16	未来铁桶僵尸30	3
9030088	17100330	3	-1	-1	-1	0	-1	17	未来路障僵尸30	3
9030088	17100530	1	-1	-1	-1	0	-1	21	喷射器舞者30	2
9030088	17100530	2	-1	-1	-1	0	-1	22	喷射器舞者30	2
9030088	17100530	3	-1	-1	-1	0	-1	23	喷射器舞者30	2
9030089	17100330	1	-1	-1	-1	0	-1	15	未来路障僵尸30	3
9030089	17100330	2	-1	-1	-1	0	-1	17	未来路障僵尸30	3
9030089	17100430	3	-1	-1	-1	0	-1	19	未来铁桶僵尸30	3
9030089	17100530	5	-1	-1	-1	0	-1	21	喷射器舞者30	2
9030089	17100530	5	-1	-1	-1	0	-1	23	喷射器舞者30	2
9030089	17100530	5	-1	-1	-1	0	-1	25	喷射器舞者30	2
9030090	19010053	3	-1	-1	-1	0	1	-1	30僵尸博士大格	6
9030090	17100530	7	-1	-1	-1	0	1	24	喷射器舞者30	2
9030090	17100530	8	-1	-1	-1	0	1	26	喷射器舞者30	2
9030090	17100530	9	-1	-1	-1	0	1	28	喷射器舞者30	2
										
										
9040001	17110101	1	-1	-1	-1	0	-1	18	黑暗僧侣1	
9040001	17110101	2	-1	-1	-1	0	-1	19	黑暗僧侣1	
9040001	17110101	3	-1	-1	-1	0	-1	20	黑暗僧侣1	
9040001	17110401	4	-1	-1	-1	0	-1	24	黑暗法师1	
9040001	17110401	5	-1	-1	-1	0	-1	25	黑暗法师1	
9040001	17110401	6	-1	-1	-1	0	-1	26	黑暗法师1	
9040002	17110201	1	-1	-1	-1	0	-1	18	黑暗小龙1	
9040002	17110201	2	-1	-1	-1	0	-1	19	黑暗小龙1	
9040002	17110201	3	-1	-1	-1	0	-1	20	黑暗小龙1	
9040002	17110401	4	-1	-1	-1	0	-1	24	黑暗法师1	
9040002	17110401	5	-1	-1	-1	0	-1	25	黑暗法师1	
9040002	17110401	6	-1	-1	-1	0	-1	26	黑暗法师1	
9040003	17110301	1	-1	-1	-1	0	-1	18	黑暗盗贼1	
9040003	17110801	2	-1	-1	-1	0	-1	19	黑暗旗帜1	
9040003	17110301	3	-1	-1	-1	0	-1	20	黑暗盗贼1	
9040003	17110401	4	-1	-1	-1	0	-1	24	黑暗法师1	
9040003	18010219	5	-1	-1	-1	0	-1	25	1黑暗僧侣boss	
9040003	17110401	6	-1	-1	-1	0	-1	26	黑暗法师1	
9040003	17110401	2	-1	-1	-1	0	-1	-1	黑暗法师1	
9040003	17110401	8	-1	-1	-1	0	-1	-1	黑暗法师1	
9040004	17110202	1	-1	-1	-1	0	-1	15	黑暗小龙2	
9040004	17110202	2	-1	-1	-1	0	-1	19	黑暗小龙2	
9040004	17110202	3	-1	-1	-1	0	-1	17	黑暗小龙2	
9040004	17110402	4	-1	-1	-1	0	-1	21	黑暗法师2	
9040004	17110402	5	-1	-1	-1	0	-1	25	黑暗法师2	
9040004	17110402	6	-1	-1	-1	0	-1	23	黑暗法师2	
9040005	17110302	1	-1	-1	-1	0	-1	15	黑暗盗贼2	
9040005	17110302	2	-1	-1	-1	0	-1	19	黑暗盗贼2	
9040005	17110302	3	-1	-1	-1	0	-1	17	黑暗盗贼2	
9040005	17110402	4	-1	-1	-1	0	-1	21	黑暗法师2	
9040005	17110402	5	-1	-1	-1	0	-1	25	黑暗法师2	
9040005	17110402	6	-1	-1	-1	0	-1	23	黑暗法师2	
9040006	17110502	1	-1	-1	-1	0	-1	15	黑暗小狼2	
9040006	17110802	2	-1	-1	-1	0	-1	19	黑暗旗帜2	
9040006	17110502	3	-1	-1	-1	0	-1	17	黑暗小狼2	
9040006	17110402	4	-1	-1	-1	0	-1	21	黑暗法师2	
9040006	18010220	5	-1	-1	-1	0	-1	25	2黑暗小龙boss	
9040006	17110402	6	-1	-1	-1	0	-1	23	黑暗法师2	
9040006	17110402	2	-1	-1	-1	0	-1	-1	黑暗法师2	
9040006	17110402	8	-1	-1	-1	0	-1	-1	黑暗法师2	
9040007	17110303	1	-1	-1	-1	0	-1	15	黑暗盗贼3	
9040007	17110303	2	-1	-1	-1	0	-1	19	黑暗盗贼3	
9040007	17110303	3	-1	-1	-1	0	-1	17	黑暗盗贼3	
9040007	17110403	4	-1	-1	-1	0	-1	21	黑暗法师3	
9040007	17110403	5	-1	-1	-1	0	-1	25	黑暗法师3	
9040007	17110403	6	-1	-1	-1	0	-1	23	黑暗法师3	
9040008	17110503	1	-1	-1	-1	0	-1	15	黑暗小狼3	
9040008	17110503	2	-1	-1	-1	0	-1	19	黑暗小狼3	
9040008	17110503	3	-1	-1	-1	0	-1	17	黑暗小狼3	
9040008	17110403	4	-1	-1	-1	0	-1	21	黑暗法师3	
9040008	17110403	5	-1	-1	-1	0	-1	25	黑暗法师3	
9040008	17110403	6	-1	-1	-1	0	-1	23	黑暗法师3	
9040009	17110703	1	-1	-1	-1	0	-1	15	黑暗铁盔3	
9040009	17110803	2	-1	-1	-1	0	-1	19	黑暗旗帜3	
9040009	17110703	3	-1	-1	-1	0	-1	17	黑暗铁盔3	
9040009	17110403	4	-1	-1	-1	0	-1	21	黑暗法师3	
9040009	18010221	5	-1	-1	-1	0	-1	25	3黑暗盗贼boss	
9040009	17110403	6	-1	-1	-1	0	-1	23	黑暗法师3	
9040009	17110403	2	-1	-1	-1	0	-1	-1	黑暗法师3	
9040009	17110403	8	-1	-1	-1	0	-1	-1	黑暗法师3	
9040010	17110504	1	-1	-1	-1	0	-1	12	黑暗小狼4	
9040010	17110504	2	-1	-1	-1	0	-1	13	黑暗小狼4	
9040010	17110504	3	-1	-1	-1	0	-1	14	黑暗小狼4	
9040010	17110404	4	-1	-1	-1	0	-1	18	黑暗法师4	
9040010	17110404	5	-1	-1	-1	0	-1	19	黑暗法师4	
9040010	17110404	6	-1	-1	-1	0	-1	20	黑暗法师4	
9040011	17110604	1	-1	-1	-1	0	-1	12	黑暗小丑4	
9040011	17110604	2	-1	-1	-1	0	-1	13	黑暗小丑4	
9040011	17110604	3	-1	-1	-1	0	-1	14	黑暗小丑4	
9040011	17110404	4	-1	-1	-1	0	-1	18	黑暗法师4	
9040011	17110404	5	-1	-1	-1	0	-1	19	黑暗法师4	
9040011	17110404	6	-1	-1	-1	0	-1	20	黑暗法师4	
9040012	17110804	1	-1	-1	-1	0	-1	12	黑暗旗帜4	
9040012	17110804	2	-1	-1	-1	0	-1	13	黑暗旗帜4	
9040012	17110804	3	-1	-1	-1	0	-1	14	黑暗旗帜4	
9040012	17110404	4	-1	-1	-1	0	-1	18	黑暗法师4	
9040012	18010222	5	-1	-1	-1	0	-1	19	4黑暗法师boss	
9040012	17110404	6	-1	-1	-1	0	-1	20	黑暗法师4	
9040012	17110404	2	-1	-1	-1	0	-1	-1	黑暗法师4	
9040012	17110404	8	-1	-1	-1	0	-1	-1	黑暗法师4	
9040013	17110605	1	-1	-1	-1	0	-1	15	黑暗小丑5	
9040013	17110605	2	-1	-1	-1	0	-1	16	黑暗小丑5	
9040013	17110605	3	-1	-1	-1	0	-1	17	黑暗小丑5	
9040013	17110405	4	-1	-1	-1	0	-1	21	黑暗法师5	
9040013	17110405	5	-1	-1	-1	0	-1	25	黑暗法师5	
9040013	17110405	6	-1	-1	-1	0	-1	23	黑暗法师5	
9040014	17110705	1	-1	-1	-1	0	-1	15	黑暗铁盔5	
9040014	17110705	2	-1	-1	-1	0	-1	16	黑暗铁盔5	
9040014	17110705	3	-1	-1	-1	0	-1	17	黑暗铁盔5	
9040014	17110405	4	-1	-1	-1	0	-1	21	黑暗法师5	
9040014	17110405	5	-1	-1	-1	0	-1	25	黑暗法师5	
9040014	17110405	6	-1	-1	-1	0	-1	23	黑暗法师5	
9040015	19010066	3	-1	-1	-1	0	1	-1	5黑暗狼人大格	
9040015	17110405	4	-1	-1	-1	0	1	27	黑暗法师5	
9040015	17110405	5	-1	-1	-1	0	1	28	黑暗法师5	
9040015	17110405	6	-1	-1	-1	0	1	29	黑暗法师5	
										
9040016	17110706	1	-1	-1	-1	0	-1	15	黑暗铁盔6	
9040016	17110706	2	-1	-1	-1	0	-1	13	黑暗铁盔6	
9040016	17110706	3	-1	-1	-1	0	-1	17	黑暗铁盔6	
9040016	17110406	4	-1	-1	-1	0	-1	21	黑暗法师6	
9040016	17110406	5	-1	-1	-1	0	-1	19	黑暗法师6	
9040016	17110406	6	-1	-1	-1	0	-1	23	黑暗法师6	
9040017	17110106	1	-1	-1	-1	0	-1	15	黑暗僧侣6	
9040017	17110106	2	-1	-1	-1	0	-1	13	黑暗僧侣6	
9040017	17110106	3	-1	-1	-1	0	-1	17	黑暗僧侣6	
9040017	17110406	4	-1	-1	-1	0	-1	21	黑暗法师6	
9040017	17110406	5	-1	-1	-1	0	-1	19	黑暗法师6	
9040017	17110406	6	-1	-1	-1	0	-1	23	黑暗法师6	
9040018	17110106	1	-1	-1	-1	0	-1	15	黑暗僧侣6	
9040018	17110806	2	-1	-1	-1	0	-1	13	黑暗旗帜6	
9040018	17110106	3	-1	-1	-1	0	-1	17	黑暗僧侣6	
9040018	17110406	4	-1	-1	-1	0	-1	21	黑暗法师6	
9040018	18010223	5	-1	-1	-1	0	-1	19	6黑暗小狼boss	
9040018	17110406	6	-1	-1	-1	0	-1	23	黑暗法师6	
9040018	17110406	2	-1	-1	-1	0	-1	-1	黑暗法师6	
9040018	17110406	8	-1	-1	-1	0	-1	-1	黑暗法师6	
9040019	17110107	1	-1	-1	-1	0	-1	12	黑暗僧侣7	
9040019	17110107	2	-1	-1	-1	0	-1	16	黑暗僧侣7	
9040019	17110107	3	-1	-1	-1	0	-1	14	黑暗僧侣7	
9040019	17110407	4	-1	-1	-1	0	-1	18	黑暗法师7	
9040019	17110407	5	-1	-1	-1	0	-1	22	黑暗法师7	
9040019	17110407	6	-1	-1	-1	0	-1	20	黑暗法师7	
9040020	17110207	1	-1	-1	-1	0	-1	12	黑暗小龙7	
9040020	17110207	2	-1	-1	-1	0	-1	16	黑暗小龙7	
9040020	17110207	3	-1	-1	-1	0	-1	14	黑暗小龙7	
9040020	17110407	4	-1	-1	-1	0	-1	18	黑暗法师7	
9040020	17110407	5	-1	-1	-1	0	-1	22	黑暗法师7	
9040020	17110407	6	-1	-1	-1	0	-1	20	黑暗法师7	
9040021	17110207	1	-1	-1	-1	0	-1	12	黑暗小龙7	
9040021	17110807	2	-1	-1	-1	0	-1	16	黑暗旗帜7	
9040021	17110207	3	-1	-1	-1	0	-1	14	黑暗小龙7	
9040021	17110407	4	-1	-1	-1	0	-1	18	黑暗法师7	
9040021	18010224	5	-1	-1	-1	0	-1	22	7黑暗小丑boss	
9040021	17110407	6	-1	-1	-1	0	-1	20	黑暗法师7	
9040021	17110407	2	-1	-1	-1	0	-1	-1	黑暗法师7	
9040021	17110407	8	-1	-1	-1	0	-1	-1	黑暗法师7	
9040022	17110208	1	-1	-1	-1	0	-1	15	黑暗小龙8	
9040022	17110208	2	-1	-1	-1	0	-1	16	黑暗小龙8	
9040022	17110208	3	-1	-1	-1	0	-1	17	黑暗小龙8	
9040022	17110408	4	-1	-1	-1	0	-1	21	黑暗法师8	
9040022	17110408	5	-1	-1	-1	0	-1	22	黑暗法师8	
9040022	17110408	6	-1	-1	-1	0	-1	23	黑暗法师8	
9040023	17110308	1	-1	-1	-1	0	-1	15	黑暗盗贼8	
9040023	17110308	2	-1	-1	-1	0	-1	16	黑暗盗贼8	
9040023	17110308	3	-1	-1	-1	0	-1	17	黑暗盗贼8	
9040023	17110408	4	-1	-1	-1	0	-1	21	黑暗法师8	
9040023	17110408	5	-1	-1	-1	0	-1	22	黑暗法师8	
9040023	17110408	6	-1	-1	-1	0	-1	23	黑暗法师8	
9040024	17110308	1	-1	-1	-1	0	-1	15	黑暗盗贼8	
9040024	17110808	2	-1	-1	-1	0	-1	16	黑暗旗帜8	
9040024	17110308	3	-1	-1	-1	0	-1	17	黑暗盗贼8	
9040024	17110408	4	-1	-1	-1	0	-1	21	黑暗法师8	
9040024	18010225	5	-1	-1	-1	0	-1	22	8黑暗铁盔boss	
9040024	17110408	6	-1	-1	-1	0	-1	23	黑暗法师8	
9040024	17110408	2	-1	-1	-1	0	-1	-1	黑暗法师8	
9040024	17110408	8	-1	-1	-1	0	-1	-1	黑暗法师8	
9040025	17110309	1	-1	-1	-1	0	-1	12	黑暗盗贼9	
9040025	17110309	2	-1	-1	-1	0	-1	10	黑暗盗贼9	
9040025	17110309	3	-1	-1	-1	0	-1	14	黑暗盗贼9	
9040025	17110409	4	-1	-1	-1	0	-1	18	黑暗法师9	
9040025	17110409	5	-1	-1	-1	0	-1	22	黑暗法师9	
9040025	17110409	6	-1	-1	-1	0	-1	20	黑暗法师9	
9040026	17110509	1	-1	-1	-1	0	-1	12	黑暗小狼9	
9040026	17110509	2	-1	-1	-1	0	-1	10	黑暗小狼9	
9040026	17110509	3	-1	-1	-1	0	-1	14	黑暗小狼9	
9040026	17110409	4	-1	-1	-1	0	-1	18	黑暗法师9	
9040026	17110409	5	-1	-1	-1	0	-1	22	黑暗法师9	
9040026	17110409	6	-1	-1	-1	0	-1	20	黑暗法师9	
9040027	17110509	1	-1	-1	-1	0	-1	12	黑暗小狼9	
9040027	17110809	2	-1	-1	-1	0	-1	10	黑暗旗帜9	
9040027	17110509	3	-1	-1	-1	0	-1	14	黑暗小狼9	
9040027	17110409	4	-1	-1	-1	0	-1	18	黑暗法师9	
9040027	18010226	5	-1	-1	-1	0	-1	22	9黑暗旗帜boss	
9040027	17110409	6	-1	-1	-1	0	-1	20	黑暗法师9	
9040027	17110409	2	-1	-1	-1	0	-1	-1	黑暗法师9	
9040027	17110409	8	-1	-1	-1	0	-1	-1	黑暗法师9	
9040028	17110510	1	-1	-1	-1	0	-1	15	黑暗小狼10	
9040028	17110510	2	-1	-1	-1	0	-1	16	黑暗小狼10	
9040028	17110510	3	-1	-1	-1	0	-1	14	黑暗小狼10	
9040028	17110410	4	-1	-1	-1	0	-1	21	黑暗法师10	
9040028	17110410	5	-1	-1	-1	0	-1	22	黑暗法师10	
9040028	17110410	6	-1	-1	-1	0	-1	23	黑暗法师10	
9040029	17110610	1	-1	-1	-1	0	-1	15	黑暗小丑10	
9040029	17110610	2	-1	-1	-1	0	-1	16	黑暗小丑10	
9040029	17110610	3	-1	-1	-1	0	-1	14	黑暗小丑10	
9040029	17110410	4	-1	-1	-1	0	-1	21	黑暗法师10	
9040029	17110410	5	-1	-1	-1	0	-1	22	黑暗法师10	
9040029	17110410	6	-1	-1	-1	0	-1	23	黑暗法师10	
9040030	19010067	3	-1	-1	-1	0	1	-1	10黑暗骑士大格	
9040030	17110410	4	-1	-1	-1	0	1	24	黑暗法师10	
9040030	17110410	5	-1	-1	-1	0	1	28	黑暗法师10	
9040030	17110410	6	-1	-1	-1	0	1	29	黑暗法师10	
										
9040031	17110611	1	-1	-1	-1	0	-1	15	黑暗小丑11	
9040031	17110611	2	-1	-1	-1	0	-1	19	黑暗小丑11	
9040031	17110611	3	-1	-1	-1	0	-1	17	黑暗小丑11	
9040031	17110411	4	-1	-1	-1	0	-1	21	黑暗法师11	
9040031	17110411	5	-1	-1	-1	0	-1	25	黑暗法师11	
9040031	17110411	6	-1	-1	-1	0	-1	23	黑暗法师11	
9040032	17110711	1	-1	-1	-1	0	-1	15	黑暗铁盔11	
9040032	17110711	2	-1	-1	-1	0	-1	19	黑暗铁盔11	
9040032	17110711	3	-1	-1	-1	0	-1	17	黑暗铁盔11	
9040032	17110411	4	-1	-1	-1	0	-1	21	黑暗法师11	
9040032	17110411	5	-1	-1	-1	0	-1	25	黑暗法师11	
9040032	17110411	6	-1	-1	-1	0	-1	23	黑暗法师11	
9040033	17110711	1	-1	-1	-1	0	-1	15	黑暗铁盔11	
9040033	17110811	2	-1	-1	-1	0	-1	19	黑暗旗帜11	
9040033	17110711	3	-1	-1	-1	0	-1	17	黑暗铁盔11	
9040033	17110411	4	-1	-1	-1	0	-1	21	黑暗法师11	
9040033	18010227	5	-1	-1	-1	0	-1	25	11黑暗僧侣boss	
9040033	17110411	6	-1	-1	-1	0	-1	23	黑暗法师11	
9040033	17110411	2	-1	-1	-1	0	-1	-1	黑暗法师11	
9040033	17110411	8	-1	-1	-1	0	-1	-1	黑暗法师11	
9040034	17110712	1	-1	-1	-1	0	-1	15	黑暗铁盔12	
9040034	17110712	2	-1	-1	-1	0	-1	16	黑暗铁盔12	
9040034	17110712	3	-1	-1	-1	0	-1	17	黑暗铁盔12	
9040034	17110412	4	-1	-1	-1	0	-1	21	黑暗法师12	
9040034	17110412	5	-1	-1	-1	0	-1	25	黑暗法师12	
9040034	17110412	6	-1	-1	-1	0	-1	23	黑暗法师12	
9040035	17110112	1	-1	-1	-1	0	-1	15	黑暗僧侣12	
9040035	17110112	2	-1	-1	-1	0	-1	16	黑暗僧侣12	
9040035	17110112	3	-1	-1	-1	0	-1	17	黑暗僧侣12	
9040035	17110412	4	-1	-1	-1	0	-1	21	黑暗法师12	
9040035	17110412	5	-1	-1	-1	0	-1	25	黑暗法师12	
9040035	17110412	6	-1	-1	-1	0	-1	23	黑暗法师12	
9040036	17110812	1	-1	-1	-1	0	-1	15	黑暗旗帜12	
9040036	17110812	2	-1	-1	-1	0	-1	16	黑暗旗帜12	
9040036	17110812	3	-1	-1	-1	0	-1	17	黑暗旗帜12	
9040036	17110412	4	-1	-1	-1	0	-1	21	黑暗法师12	
9040036	18010228	5	-1	-1	-1	0	-1	25	12黑暗小龙boss	
9040036	17110412	6	-1	-1	-1	0	-1	23	黑暗法师12	
9040036	17110412	2	-1	-1	-1	0	-1	-1	黑暗法师12	
9040036	17110412	8	-1	-1	-1	0	-1	-1	黑暗法师12	
9040037	17110113	1	-1	-1	-1	0	-1	12	黑暗僧侣13	
9040037	17110113	2	-1	-1	-1	0	-1	16	黑暗僧侣13	
9040037	17110113	3	-1	-1	-1	0	-1	14	黑暗僧侣13	
9040037	17110413	4	-1	-1	-1	0	-1	18	黑暗法师13	
9040037	17110413	5	-1	-1	-1	0	-1	22	黑暗法师13	
9040037	17110413	6	-1	-1	-1	0	-1	20	黑暗法师13	
9040038	17110213	1	-1	-1	-1	0	-1	12	黑暗小龙13	
9040038	17110213	2	-1	-1	-1	0	-1	16	黑暗小龙13	
9040038	17110213	3	-1	-1	-1	0	-1	14	黑暗小龙13	
9040038	17110413	4	-1	-1	-1	0	-1	18	黑暗法师13	
9040038	17110413	5	-1	-1	-1	0	-1	22	黑暗法师13	
9040038	17110413	6	-1	-1	-1	0	-1	20	黑暗法师13	
9040039	17110113	1	-1	-1	-1	0	-1	12	黑暗僧侣13	
9040039	17110813	2	-1	-1	-1	0	-1	16	黑暗旗帜13	
9040039	17110113	3	-1	-1	-1	0	-1	14	黑暗僧侣13	
9040039	17110413	4	-1	-1	-1	0	-1	18	黑暗法师13	
9040039	18010229	5	-1	-1	-1	0	-1	22	13黑暗盗贼boss	
9040039	17110413	6	-1	-1	-1	0	-1	20	黑暗法师13	
9040039	17110413	2	-1	-1	-1	0	-1	-1	黑暗法师13	
9040039	17110413	8	-1	-1	-1	0	-1	-1	黑暗法师13	
9040040	17110214	1	-1	-1	-1	0	-1	15	黑暗小龙14	
9040040	17110214	2	-1	-1	-1	0	-1	19	黑暗小龙14	
9040040	17110214	3	-1	-1	-1	0	-1	17	黑暗小龙14	
9040040	17110414	4	-1	-1	-1	0	-1	21	黑暗法师14	
9040040	17110414	5	-1	-1	-1	0	-1	25	黑暗法师14	
9040040	17110414	6	-1	-1	-1	0	-1	23	黑暗法师14	
9040041	17110314	1	-1	-1	-1	0	-1	15	黑暗盗贼14	
9040041	17110314	2	-1	-1	-1	0	-1	19	黑暗盗贼14	
9040041	17110314	3	-1	-1	-1	0	-1	17	黑暗盗贼14	
9040041	17110414	4	-1	-1	-1	0	-1	21	黑暗法师14	
9040041	17110414	5	-1	-1	-1	0	-1	25	黑暗法师14	
9040041	17110414	6	-1	-1	-1	0	-1	23	黑暗法师14	
9040042	17110214	1	-1	-1	-1	0	-1	15	黑暗小龙14	
9040042	17110814	2	-1	-1	-1	0	-1	19	黑暗旗帜14	
9040042	17110214	3	-1	-1	-1	0	-1	17	黑暗小龙14	
9040042	17110414	4	-1	-1	-1	0	-1	21	黑暗法师14	
9040042	18010230	5	-1	-1	-1	0	-1	25	14黑暗法师boss	
9040042	17110414	6	-1	-1	-1	0	-1	23	黑暗法师14	
9040042	17110414	2	-1	-1	-1	0	-1	-1	黑暗法师14	
9040042	17110414	8	-1	-1	-1	0	-1	-1	黑暗法师14	
9040043	17110315	1	-1	-1	-1	0	-1	15	黑暗盗贼15	
9040043	17110315	2	-1	-1	-1	0	-1	16	黑暗盗贼15	
9040043	17110315	3	-1	-1	-1	0	-1	17	黑暗盗贼15	
9040043	17110415	4	-1	-1	-1	0	-1	21	黑暗法师15	
9040043	17110415	5	-1	-1	-1	0	-1	22	黑暗法师15	
9040043	17110415	6	-1	-1	-1	0	-1	23	黑暗法师15	
9040044	17110515	1	-1	-1	-1	0	-1	15	黑暗小狼15	
9040044	17110515	2	-1	-1	-1	0	-1	16	黑暗小狼15	
9040044	17110515	3	-1	-1	-1	0	-1	17	黑暗小狼15	
9040044	17110415	4	-1	-1	-1	0	-1	21	黑暗法师15	
9040044	17110415	5	-1	-1	-1	0	-1	22	黑暗法师15	
9040044	17110415	6	-1	-1	-1	0	-1	23	黑暗法师15	
9040045	19010068	3	-1	-1	-1	0	1	-1	15黑暗国王大格	
9040045	17110415	4	-1	-1	-1	0	1	24	黑暗法师15	
9040045	17110415	5	-1	-1	-1	0	1	28	黑暗法师15	
9040045	17110415	6	-1	-1	-1	0	1	29	黑暗法师15	
										
9040046	17110516	1	-1	-1	-1	0	-1	15	黑暗小狼16	
9040046	17110516	2	-1	-1	-1	0	-1	16	黑暗小狼16	
9040046	17110516	3	-1	-1	-1	0	-1	17	黑暗小狼16	
9040046	17110416	4	-1	-1	-1	0	-1	21	黑暗法师16	
9040046	17110416	5	-1	-1	-1	0	-1	25	黑暗法师16	
9040046	17110416	6	-1	-1	-1	0	-1	23	黑暗法师16	
9040047	17110616	1	-1	-1	-1	0	-1	15	黑暗小丑16	
9040047	17110616	2	-1	-1	-1	0	-1	16	黑暗小丑16	
9040047	17110616	3	-1	-1	-1	0	-1	17	黑暗小丑16	
9040047	17110416	4	-1	-1	-1	0	-1	21	黑暗法师16	
9040047	17110416	5	-1	-1	-1	0	-1	25	黑暗法师16	
9040047	17110416	6	-1	-1	-1	0	-1	23	黑暗法师16	
9040048	17110316	1	-1	-1	-1	0	-1	15	黑暗盗贼16	
9040048	17110816	2	-1	-1	-1	0	-1	16	黑暗旗帜16	
9040048	17110316	3	-1	-1	-1	0	-1	17	黑暗盗贼16	
9040048	17110416	4	-1	-1	-1	0	-1	21	黑暗法师16	
9040048	18010231	5	-1	-1	-1	0	-1	25	16黑暗小狼boss	
9040048	17110416	6	-1	-1	-1	0	-1	23	黑暗法师16	
9040048	17110416	2	-1	-1	-1	0	-1	-1	黑暗法师16	
9040048	17110416	8	-1	-1	-1	0	-1	-1	黑暗法师16	
9040049	17110617	1	-1	-1	-1	0	-1	12	黑暗小丑17	
9040049	17110617	2	-1	-1	-1	0	-1	10	黑暗小丑17	
9040049	17110617	3	-1	-1	-1	0	-1	14	黑暗小丑17	
9040049	17110417	4	-1	-1	-1	0	-1	18	黑暗法师17	
9040049	17110417	5	-1	-1	-1	0	-1	22	黑暗法师17	
9040049	17110417	6	-1	-1	-1	0	-1	20	黑暗法师17	
9040050	17110717	1	-1	-1	-1	0	-1	12	黑暗铁盔17	
9040050	17110717	2	-1	-1	-1	0	-1	10	黑暗铁盔17	
9040050	17110717	3	-1	-1	-1	0	-1	14	黑暗铁盔17	
9040050	17110417	4	-1	-1	-1	0	-1	18	黑暗法师17	
9040050	17110417	5	-1	-1	-1	0	-1	22	黑暗法师17	
9040050	17110417	6	-1	-1	-1	0	-1	20	黑暗法师17	
9040051	17110517	1	-1	-1	-1	0	-1	12	黑暗小狼17	
9040051	17110817	2	-1	-1	-1	0	-1	10	黑暗旗帜17	
9040051	17110517	3	-1	-1	-1	0	-1	14	黑暗小狼17	
9040051	17110417	4	-1	-1	-1	0	-1	18	黑暗法师17	
9040051	18010232	5	-1	-1	-1	0	-1	22	17黑暗小丑boss	
9040051	17110417	6	-1	-1	-1	0	-1	20	黑暗法师17	
9040051	17110417	2	-1	-1	-1	0	-1	-1	黑暗法师17	
9040051	17110417	8	-1	-1	-1	0	-1	-1	黑暗法师17	
9040052	17110718	1	-1	-1	-1	0	-1	15	黑暗铁盔18	
9040052	17110718	2	-1	-1	-1	0	-1	16	黑暗铁盔18	
9040052	17110718	3	-1	-1	-1	0	-1	17	黑暗铁盔18	
9040052	17110418	4	-1	-1	-1	0	-1	21	黑暗法师18	
9040052	17110418	5	-1	-1	-1	0	-1	22	黑暗法师18	
9040052	17110418	6	-1	-1	-1	0	-1	23	黑暗法师18	
9040053	17110118	1	-1	-1	-1	0	-1	15	黑暗僧侣18	
9040053	17110118	2	-1	-1	-1	0	-1	16	黑暗僧侣18	
9040053	17110118	3	-1	-1	-1	0	-1	17	黑暗僧侣18	
9040053	17110418	4	-1	-1	-1	0	-1	21	黑暗法师18	
9040053	17110418	5	-1	-1	-1	0	-1	22	黑暗法师18	
9040053	17110418	6	-1	-1	-1	0	-1	23	黑暗法师18	
9040054	17110718	1	-1	-1	-1	0	-1	15	黑暗铁盔18	
9040054	17110818	2	-1	-1	-1	0	-1	16	黑暗旗帜18	
9040054	17110718	3	-1	-1	-1	0	-1	17	黑暗铁盔18	
9040054	17110418	4	-1	-1	-1	0	-1	21	黑暗法师18	
9040054	18010233	5	-1	-1	-1	0	-1	22	18黑暗铁盔boss	
9040054	17110418	6	-1	-1	-1	0	-1	23	黑暗法师18	
9040054	17110418	2	-1	-1	-1	0	-1	-1	黑暗法师18	
9040054	17110418	8	-1	-1	-1	0	-1	-1	黑暗法师18	
9040055	17110119	1	-1	-1	-1	0	-1	12	黑暗僧侣19	
9040055	17110119	2	-1	-1	-1	0	-1	13	黑暗僧侣19	
9040055	17110119	3	-1	-1	-1	0	-1	14	黑暗僧侣19	
9040055	17110419	4	-1	-1	-1	0	-1	18	黑暗法师19	
9040055	17110419	5	-1	-1	-1	0	-1	19	黑暗法师19	
9040055	17110419	6	-1	-1	-1	0	-1	20	黑暗法师19	
9040056	17110219	1	-1	-1	-1	0	-1	12	黑暗小龙19	
9040056	17110219	2	-1	-1	-1	0	-1	13	黑暗小龙19	
9040056	17110219	3	-1	-1	-1	0	-1	14	黑暗小龙19	
9040056	17110419	4	-1	-1	-1	0	-1	18	黑暗法师19	
9040056	17110419	5	-1	-1	-1	0	-1	19	黑暗法师19	
9040056	17110419	6	-1	-1	-1	0	-1	20	黑暗法师19	
9040057	17110819	1	-1	-1	-1	0	-1	12	黑暗旗帜19	
9040057	17110819	2	-1	-1	-1	0	-1	13	黑暗旗帜19	
9040057	17110819	3	-1	-1	-1	0	-1	14	黑暗旗帜19	
9040057	17110419	4	-1	-1	-1	0	-1	18	黑暗法师19	
9040057	18010234	5	-1	-1	-1	0	-1	19	19黑暗旗帜boss	
9040057	17110419	6	-1	-1	-1	0	-1	20	黑暗法师19	
9040057	17110419	2	-1	-1	-1	0	-1	-1	黑暗法师19	
9040057	17110419	8	-1	-1	-1	0	-1	-1	黑暗法师19	
9040058	17110220	1	-1	-1	-1	0	-1	15	黑暗小龙20	
9040058	17110220	2	-1	-1	-1	0	-1	19	黑暗小龙20	
9040058	17110220	3	-1	-1	-1	0	-1	17	黑暗小龙20	
9040058	17110420	4	-1	-1	-1	0	-1	21	黑暗法师20	
9040058	17110420	5	-1	-1	-1	0	-1	25	黑暗法师20	
9040058	17110420	6	-1	-1	-1	0	-1	23	黑暗法师20	
9040059	17110320	1	-1	-1	-1	0	-1	15	黑暗盗贼20	
9040059	17110320	2	-1	-1	-1	0	-1	19	黑暗盗贼20	
9040059	17110320	3	-1	-1	-1	0	-1	17	黑暗盗贼20	
9040059	17110420	4	-1	-1	-1	0	-1	21	黑暗法师20	
9040059	17110420	5	-1	-1	-1	0	-1	25	黑暗法师20	
9040059	17110420	6	-1	-1	-1	0	-1	23	黑暗法师20	
9040060	19010069	3	-1	-1	-1	0	1	-1	20黑暗巫师大格	
9040060	17110420	4	-1	-1	-1	0	1	27	黑暗法师20	
9040060	17110420	5	-1	-1	-1	0	1	28	黑暗法师20	
9040060	17110420	6	-1	-1	-1	0	1	29	黑暗法师20	
										
9040061	17110321	1	-1	-1	-1	0	-1	12	黑暗盗贼21	
9040061	17110321	2	-1	-1	-1	0	-1	16	黑暗盗贼21	
9040061	17110321	3	-1	-1	-1	0	-1	17	黑暗盗贼21	
9040061	17110421	4	-1	-1	-1	0	-1	21	黑暗法师21	
9040061	17110421	5	-1	-1	-1	0	-1	22	黑暗法师21	
9040061	17110421	6	-1	-1	-1	0	-1	23	黑暗法师21	
9040062	17110521	1	-1	-1	-1	0	-1	12	黑暗小狼21	
9040062	17110521	2	-1	-1	-1	0	-1	16	黑暗小狼21	
9040062	17110521	3	-1	-1	-1	0	-1	17	黑暗小狼21	
9040062	17110421	4	-1	-1	-1	0	-1	21	黑暗法师21	
9040062	17110421	5	-1	-1	-1	0	-1	22	黑暗法师21	
9040062	17110421	6	-1	-1	-1	0	-1	23	黑暗法师21	
9040063	17110121	1	-1	-1	-1	0	-1	12	黑暗僧侣21	
9040063	17110821	2	-1	-1	-1	0	-1	16	黑暗旗帜21	
9040063	17110121	3	-1	-1	-1	0	-1	17	黑暗僧侣21	
9040063	17110421	4	-1	-1	-1	0	-1	21	黑暗法师21	
9040063	18010235	5	-1	-1	-1	0	-1	22	21黑暗僧侣boss	
9040063	17110421	6	-1	-1	-1	0	-1	23	黑暗法师21	
9040063	17110421	2	-1	-1	-1	0	-1	-1	黑暗法师21	
9040063	17110421	8	-1	-1	-1	0	-1	-1	黑暗法师21	
9040064	17110522	1	-1	-1	-1	0	-1	12	黑暗小狼22	
9040064	17110522	2	-1	-1	-1	0	-1	13	黑暗小狼22	
9040064	17110522	3	-1	-1	-1	0	-1	14	黑暗小狼22	
9040064	17110422	4	-1	-1	-1	0	-1	18	黑暗法师22	
9040064	17110422	5	-1	-1	-1	0	-1	19	黑暗法师22	
9040064	17110422	6	-1	-1	-1	0	-1	20	黑暗法师22	
9040065	17110622	1	-1	-1	-1	0	-1	12	黑暗小丑22	
9040065	17110622	2	-1	-1	-1	0	-1	13	黑暗小丑22	
9040065	17110622	3	-1	-1	-1	0	-1	14	黑暗小丑22	
9040065	17110422	4	-1	-1	-1	0	-1	18	黑暗法师22	
9040065	17110422	5	-1	-1	-1	0	-1	19	黑暗法师22	
9040065	17110422	6	-1	-1	-1	0	-1	20	黑暗法师22	
9040066	17110222	1	-1	-1	-1	0	-1	12	黑暗小龙22	
9040066	17110822	2	-1	-1	-1	0	-1	13	黑暗旗帜22	
9040066	17110222	3	-1	-1	-1	0	-1	14	黑暗小龙22	
9040066	17110422	4	-1	-1	-1	0	-1	18	黑暗法师22	
9040066	18010236	5	-1	-1	-1	0	-1	19	22黑暗小龙boss	
9040066	17110422	6	-1	-1	-1	0	-1	20	黑暗法师22	
9040066	17110422	2	-1	-1	-1	0	-1	-1	黑暗法师22	
9040066	17110422	8	-1	-1	-1	0	-1	-1	黑暗法师22	
9040067	17110623	1	-1	-1	-1	0	-1	18	黑暗小丑23	
9040067	17110623	2	-1	-1	-1	0	-1	19	黑暗小丑23	
9040067	17110623	3	-1	-1	-1	0	-1	20	黑暗小丑23	
9040067	17110423	4	-1	-1	-1	0	-1	24	黑暗法师23	
9040067	17110423	5	-1	-1	-1	0	-1	25	黑暗法师23	
9040067	17110423	6	-1	-1	-1	0	-1	26	黑暗法师23	
9040068	17110723	1	-1	-1	-1	0	-1	18	黑暗铁盔23	
9040068	17110723	2	-1	-1	-1	0	-1	19	黑暗铁盔23	
9040068	17110723	3	-1	-1	-1	0	-1	20	黑暗铁盔23	
9040068	17110423	4	-1	-1	-1	0	-1	24	黑暗法师23	
9040068	17110423	5	-1	-1	-1	0	-1	25	黑暗法师23	
9040068	17110423	6	-1	-1	-1	0	-1	26	黑暗法师23	
9040069	17110323	1	-1	-1	-1	0	-1	18	黑暗盗贼23	
9040069	17110823	2	-1	-1	-1	0	-1	19	黑暗旗帜23	
9040069	17110323	3	-1	-1	-1	0	-1	20	黑暗盗贼23	
9040069	17110423	4	-1	-1	-1	0	-1	24	黑暗法师23	
9040069	18010237	5	-1	-1	-1	0	-1	25	23黑暗盗贼boss	
9040069	17110423	6	-1	-1	-1	0	-1	26	黑暗法师23	
9040069	17110423	2	-1	-1	-1	0	-1	-1	黑暗法师23	
9040069	17110423	8	-1	-1	-1	0	-1	-1	黑暗法师23	
9040070	17110724	1	-1	-1	-1	0	-1	12	黑暗铁盔24	
9040070	17110724	2	-1	-1	-1	0	-1	10	黑暗铁盔24	
9040070	17110724	3	-1	-1	-1	0	-1	14	黑暗铁盔24	
9040070	17110424	4	-1	-1	-1	0	-1	18	黑暗法师24	
9040070	17110424	5	-1	-1	-1	0	-1	22	黑暗法师24	
9040070	17110424	6	-1	-1	-1	0	-1	20	黑暗法师24	
9040071	17110124	1	-1	-1	-1	0	-1	12	黑暗僧侣24	
9040071	17110124	2	-1	-1	-1	0	-1	10	黑暗僧侣24	
9040071	17110124	3	-1	-1	-1	0	-1	14	黑暗僧侣24	
9040071	17110424	4	-1	-1	-1	0	-1	18	黑暗法师24	
9040071	17110424	5	-1	-1	-1	0	-1	22	黑暗法师24	
9040071	17110424	6	-1	-1	-1	0	-1	20	黑暗法师24	
9040072	17110524	1	-1	-1	-1	0	-1	12	黑暗小狼24	
9040072	17110824	2	-1	-1	-1	0	-1	10	黑暗旗帜24	
9040072	17110524	3	-1	-1	-1	0	-1	14	黑暗小狼24	
9040072	17110424	4	-1	-1	-1	0	-1	18	黑暗法师24	
9040072	18010238	5	-1	-1	-1	0	-1	22	24黑暗法师boss	
9040072	17110424	6	-1	-1	-1	0	-1	20	黑暗法师24	
9040072	17110424	2	-1	-1	-1	0	-1	-1	黑暗法师24	
9040072	17110424	8	-1	-1	-1	0	-1	-1	黑暗法师24	
9040073	17110125	1	-1	-1	-1	0	-1	15	黑暗僧侣25	
9040073	17110125	2	-1	-1	-1	0	-1	19	黑暗僧侣25	
9040073	17110125	3	-1	-1	-1	0	-1	17	黑暗僧侣25	
9040073	17110425	4	-1	-1	-1	0	-1	21	黑暗法师25	
9040073	17110425	5	-1	-1	-1	0	-1	25	黑暗法师25	
9040073	17110425	6	-1	-1	-1	0	-1	23	黑暗法师25	
9040074	17110225	1	-1	-1	-1	0	-1	15	黑暗小龙25	
9040074	17110225	2	-1	-1	-1	0	-1	19	黑暗小龙25	
9040074	17110225	3	-1	-1	-1	0	-1	17	黑暗小龙25	
9040074	17110425	4	-1	-1	-1	0	-1	21	黑暗法师25	
9040074	17110425	5	-1	-1	-1	0	-1	25	黑暗法师25	
9040074	17110425	6	-1	-1	-1	0	-1	23	黑暗法师25	
9040075	19010070	3	-1	-1	-1	0	1	-1	25暗黑伽刚特尔大格	
9040075	17110425	4	-1	-1	-1	0	1	27	黑暗法师25	
9040075	17110425	5	-1	-1	-1	0	1	28	黑暗法师25	
9040075	17110425	6	-1	-1	-1	0	1	29	黑暗法师25	
										
9040076	17110226	1	-1	-1	-1	0	-1	15	黑暗小龙26	
9040076	17110226	2	-1	-1	-1	0	-1	16	黑暗小龙26	
9040076	17110226	3	-1	-1	-1	0	-1	17	黑暗小龙26	
9040076	17110426	4	-1	-1	-1	0	-1	21	黑暗法师26	
9040076	17110426	5	-1	-1	-1	0	-1	22	黑暗法师26	
9040076	17110426	6	-1	-1	-1	0	-1	23	黑暗法师26	
9040077	17110326	1	-1	-1	-1	0	-1	15	黑暗盗贼26	
9040077	17110326	2	-1	-1	-1	0	-1	16	黑暗盗贼26	
9040077	17110326	3	-1	-1	-1	0	-1	17	黑暗盗贼26	
9040077	17110426	4	-1	-1	-1	0	-1	21	黑暗法师26	
9040077	17110426	5	-1	-1	-1	0	-1	22	黑暗法师26	
9040077	17110426	6	-1	-1	-1	0	-1	23	黑暗法师26	
9040078	17110726	1	-1	-1	-1	0	-1	15	黑暗铁盔26	
9040078	17110826	2	-1	-1	-1	0	-1	16	黑暗旗帜26	
9040078	17110726	3	-1	-1	-1	0	-1	17	黑暗铁盔26	
9040078	17110426	4	-1	-1	-1	0	-1	21	黑暗法师26	
9040078	18010239	5	-1	-1	-1	0	-1	22	26黑暗小狼boss	
9040078	17110426	6	-1	-1	-1	0	-1	23	黑暗法师26	
9040078	17110426	2	-1	-1	-1	0	-1	-1	黑暗法师26	
9040078	17110426	8	-1	-1	-1	0	-1	-1	黑暗法师26	
9040079	17110327	1	-1	-1	-1	0	-1	15	黑暗盗贼27	
9040079	17110327	2	-1	-1	-1	0	-1	16	黑暗盗贼27	
9040079	17110327	3	-1	-1	-1	0	-1	17	黑暗盗贼27	
9040079	17110427	4	-1	-1	-1	0	-1	21	黑暗法师27	
9040079	17110427	5	-1	-1	-1	0	-1	25	黑暗法师27	
9040079	17110427	6	-1	-1	-1	0	-1	23	黑暗法师27	
9040080	17110527	1	-1	-1	-1	0	-1	15	黑暗小狼27	
9040080	17110527	2	-1	-1	-1	0	-1	16	黑暗小狼27	
9040080	17110527	3	-1	-1	-1	0	-1	17	黑暗小狼27	
9040080	17110427	4	-1	-1	-1	0	-1	21	黑暗法师27	
9040080	17110427	5	-1	-1	-1	0	-1	25	黑暗法师27	
9040080	17110427	6	-1	-1	-1	0	-1	23	黑暗法师27	
9040081	17110827	1	-1	-1	-1	0	-1	15	黑暗旗帜27	
9040081	17110827	2	-1	-1	-1	0	-1	16	黑暗旗帜27	
9040081	17110827	3	-1	-1	-1	0	-1	17	黑暗旗帜27	
9040081	17110427	4	-1	-1	-1	0	-1	21	黑暗法师27	
9040081	18010240	5	-1	-1	-1	0	-1	25	27黑暗小丑boss	
9040081	17110427	6	-1	-1	-1	0	-1	23	黑暗法师27	
9040081	17110427	2	-1	-1	-1	0	-1	-1	黑暗法师27	
9040081	17110427	8	-1	-1	-1	0	-1	-1	黑暗法师27	
9040082	17110528	1	-1	-1	-1	0	-1	15	黑暗小狼28	
9040082	17110528	2	-1	-1	-1	0	-1	13	黑暗小狼28	
9040082	17110528	3	-1	-1	-1	0	-1	17	黑暗小狼28	
9040082	17110428	4	-1	-1	-1	0	-1	21	黑暗法师28	
9040082	17110428	5	-1	-1	-1	0	-1	19	黑暗法师28	
9040082	17110428	6	-1	-1	-1	0	-1	23	黑暗法师28	
9040083	17110628	1	-1	-1	-1	0	-1	15	黑暗小丑28	
9040083	17110628	2	-1	-1	-1	0	-1	13	黑暗小丑28	
9040083	17110628	3	-1	-1	-1	0	-1	17	黑暗小丑28	
9040083	17110428	4	-1	-1	-1	0	-1	21	黑暗法师28	
9040083	17110428	5	-1	-1	-1	0	-1	19	黑暗法师28	
9040083	17110428	6	-1	-1	-1	0	-1	23	黑暗法师28	
9040084	17110728	1	-1	-1	-1	0	-1	15	黑暗铁盔28	
9040084	17110828	2	-1	-1	-1	0	-1	13	黑暗旗帜28	
9040084	17110728	3	-1	-1	-1	0	-1	17	黑暗铁盔28	
9040084	17110428	4	-1	-1	-1	0	-1	21	黑暗法师28	
9040084	18010241	5	-1	-1	-1	0	-1	19	28黑暗铁盔boss	
9040084	17110428	6	-1	-1	-1	0	-1	23	黑暗法师28	
9040084	17110428	2	-1	-1	-1	0	-1	-1	黑暗法师28	
9040084	17110428	8	-1	-1	-1	0	-1	-1	黑暗法师28	
9040085	17110629	1	-1	-1	-1	0	-1	12	黑暗小丑29	
9040085	17110629	2	-1	-1	-1	0	-1	10	黑暗小丑29	
9040085	17110629	3	-1	-1	-1	0	-1	14	黑暗小丑29	
9040085	17110429	4	-1	-1	-1	0	-1	18	黑暗法师29	
9040085	17110429	5	-1	-1	-1	0	-1	22	黑暗法师29	
9040085	17110429	6	-1	-1	-1	0	-1	20	黑暗法师29	
9040086	17110729	1	-1	-1	-1	0	-1	12	黑暗铁盔29	
9040086	17110729	2	-1	-1	-1	0	-1	10	黑暗铁盔29	
9040086	17110729	3	-1	-1	-1	0	-1	14	黑暗铁盔29	
9040086	17110429	4	-1	-1	-1	0	-1	18	黑暗法师29	
9040086	17110429	5	-1	-1	-1	0	-1	22	黑暗法师29	
9040086	17110429	6	-1	-1	-1	0	-1	20	黑暗法师29	
9040087	17110829	1	-1	-1	-1	0	-1	12	黑暗旗帜29	
9040087	17110829	2	-1	-1	-1	0	-1	10	黑暗旗帜29	
9040087	17110829	3	-1	-1	-1	0	-1	14	黑暗旗帜29	
9040087	17110429	4	-1	-1	-1	0	-1	18	黑暗法师29	
9040087	17110429	5	-1	-1	-1	0	-1	22	黑暗法师29	
9040087	17110429	6	-1	-1	-1	0	-1	20	黑暗法师29	
9040087	17110429	2	-1	-1	-1	0	-1	-1	黑暗法师29	
9040087	17110429	8	-1	-1	-1	0	-1	-1	黑暗法师29	
9040088	17110730	1	-1	-1	-1	0	-1	12	黑暗铁盔30	
9040088	17110730	2	-1	-1	-1	0	-1	13	黑暗铁盔30	
9040088	17110730	3	-1	-1	-1	0	-1	14	黑暗铁盔30	
9040088	17110430	4	-1	-1	-1	0	-1	18	黑暗法师30	
9040088	17110430	5	-1	-1	-1	0	-1	19	黑暗法师30	
9040088	17110430	6	-1	-1	-1	0	-1	20	黑暗法师30	
9040089	17110730	1	-1	-1	-1	0	-1	12	黑暗铁盔30	
9040089	17110730	2	-1	-1	-1	0	-1	13	黑暗铁盔30	
9040089	17110730	3	-1	-1	-1	0	-1	14	黑暗铁盔30	
9040089	17110430	4	-1	-1	-1	0	-1	18	黑暗法师30	
9040089	17110430	5	-1	-1	-1	0	-1	19	黑暗法师30	
9040089	17110430	6	-1	-1	-1	0	-1	20	黑暗法师30	
9040090	19010071	3	-1	-1	-1	0	1	-1	30暗黑巨龙大格	
