僵尸ID（传到plantcard中去）	僵尸名	动作名（不读）	待机动作ID	动作名（不读）	移动动作ID	动作名（不读）	攻击动作ID	动作名（不读）	死亡动作ID	动作名（不读）	被攻击动作ID	动作名（不读）	头部隐藏部件1	头部隐藏部件2	头部隐藏部件3	手臂隐藏部件	废	废	攻击中哪帧产生伤害	废	废	废	废	眩晕动作ID	眩晕待机动作ID	眩晕结束动作ID	额外显示部件	掉落部件1	掉落部件2	掉落部件2	子弹ID	特殊子弹ID	发射帧	子弹偏移X	子弹偏移Y	废	技能类型	血量到达多少释放1	血量到达多少释放1	技能施法回合	技能冷却回合	大招ID	
INT	STRING	STRING	INT	STRING	INT	STRING	INT	STRING	INT	STRING	INT	STRING	INT	INT	INT	INT	INT	INT	INT	INT	INT	INT	INT	INT	INT	INT	INT	INT	INT	INT	INT	INT	INT	FLOAT	FLOAT	INT	INT	INT	INT	INT	INT	INT	STRING
id	name(不导出)	fla_name(不导出)	idle_actionid	idle_action_name	walk_actionid	walk_action_name(不导出)	attack_actionid	attack_action_name(不导出)	die_actionid	die_action_name(不导出)	hurt_actionid	hurt_action_name(不导出)	hide_part1	hide_part2	hide_part3	arm_part	start_walk_frame	end_walk_frame	attack_frame	attack_targetid	act_audio	walk_audio	die_audio	dizziness_start_actionid	dizziness_idle_actionid	dizziness_end_actionid	extra_part	particle_1	particle_2	particle_3	bulletid	specialBulletID	fire_frame	fire_posx	fire_posy	attackType	skillType	bloodPercent1	bloodPercent2	skillRound	skillCDRound	plantFood_id	name(不导出)
0	埃及普僵	zombie_egypt_basic	15001	_Zombie_Egypt_Idle	15002	_Zombie_Egypt_Walk	15007	_Zombie_Egypt_Eat	15004	_Zombie_Egypt_Die	15008	_Zombie_Egypt_Hurt	1	2	3	4	30	89	28	1	-1	-1	-1				-1	2	-1	1	-1	-1	-1	0	0	-1	-1	-1	-1	-1	-1	-1	埃及普僵
1	埃及路僵	zombie_egypt_basic	15001	_Zombie_Egypt_Idle	15002	_Zombie_Egypt_Walk	15007	_Zombie_Egypt_Eat	15004	_Zombie_Egypt_Die	15008	_Zombie_Egypt_Hurt	1	2	-1	4	30	89	28	1	-1	-1	-1				3	2	-1	1	-1	-1	-1	0	0	-1	-1	-1	-1	-1	-1	-1	埃及铁僵
2	埃及铁僵	zombie_egypt_basic	15001	_Zombie_Egypt_Idle	15002	_Zombie_Egypt_Walk	15007	_Zombie_Egypt_Eat	15004	_Zombie_Egypt_Die	15008	_Zombie_Egypt_Hurt	1	3	-1	4	30	89	28	1	-1	-1	-1				2	2	-1	1	-1	-1	-1	0	0	-1	-1	-1	-1	-1	-1	-1	埃及路僵
3	埃及旗僵	zombie_egypt_flag	15101	_Zombie_Egypt_Flag_Idle	15102	_Zombie_Egypt_Flag_Walk	15106	_zombie_egyptflag_Basic_Eat	15104	_Zombie_Egypt_Flag_Die	15107	none	1	-1	-1	5	30	89	19	1	-1	-1	-1				-1	4	-1	3	-1	-1	-1	0	0	-1	-1	-1	-1	-1	-1	-1	埃及旗僵
4	海盗普僵	zombie_pirate_basic	16201	_Zombie_Barrel_Idle	16202	_Zombie_Barrel_Walk	16206	_Zombie_Barrel_Eat	16204	_Zombie_Barrel_Die	16207	none	1	6	7	8	10	59	24	1	-1	-1	-1				-1	18	-1	17	-1	-1	-1	0	0	-1	-1	-1	-1	-1	-1	-1	海盗普僵
5	海盗铁僵	zombie_pirate_basic	16201	_Zombie_Barrel_Idle	16202	_Zombie_Barrel_Walk	16206	_Zombie_Barrel_Eat	16204	_Zombie_Barrel_Die	16207	none	1	6	-1	8	10	59	24	1	-1	-1	-1				7	18	-1	17	-1	-1	-1	0	0	-1	-1	-1	-1	-1	-1	-1	海盗铁僵
6	海盗路僵	zombie_pirate_basic	16201	_Zombie_Barrel_Idle	16202	_Zombie_Barrel_Walk	16206	_Zombie_Barrel_Eat	16204	_Zombie_Barrel_Die	16207	none	1	7	-1	8	10	59	24	1	-1	-1	-1				6	18	-1	17	-1	-1	-1	0	0	-1	-1	-1	-1	-1	-1	-1	海盗路僵
7	海盗旗僵	zombie_pirate_basic_flag	16301	_Zombie_Barrel_Idle	16302	_Zombie_Barrel_Walk	16306	_Zombie_Barrel_Eat	16304	_Zombie_Barrel_Die	16307	none	1	-1	-1	8	10	59	39	1	-1	-1	-1				-1	18	-1	17	-1	-1	-1	0	0	-1	-1	-1	-1	-1	-1	-1	海盗旗僵
8	美国普僵	zombie_tutorial	17001	_Zombie_Idle	17002	_Zombie_Walk	17006	_Zombie_Eat	17004	_Zombie_Die	17007	none	1	9	10	11	40	89	22	1	-1	-1	-1				-1	34	-1	33	-1	-1	-1	0	0	-1	-1	-1	-1	-1	-1	-1	美国普僵
9	美国铁僵	zombie_tutorial	17001	_Zombie_Idle	17002	_Zombie_Walk	17006	_Zombie_Eat	17004	_Zombie_Die	17007	none	1	9	-1	11	40	89	22	1	-1	-1	-1				10	34	-1	33	-1	-1	-1	0	0	-1	-1	-1	-1	-1	-1	-1	美国铁僵
10	美国路僵	zombie_tutorial	17001	_Zombie_Idle	17002	_Zombie_Walk	17006	_Zombie_Eat	17004	_Zombie_Die	17007	none	1	10	-1	11	40	89	22	1	-1	-1	-1				9	34	-1	33	-1	-1	-1	0	0	-1	-1	-1	-1	-1	-1	-1	美国路僵
11	美国旗僵	zombie_tutorial_flag	17101	_Zombie_Idle	17102	_Zombie_Walk	17106	_Zombie_Eat	17104	_Zombie_Die	17107	none	1	-1	-1	11	40	89	39	1	-1	-1	-1				-1	34	-1	33	-1	-1	-1	0	0	-1	-1	-1	-1	-1	-1	-1	美国旗僵
12	西部普僵	zombie_west_basic	16801	_Zombie_West_Basic_Idle	16802	_Zombie_West_Basic_Walk	16809	_Zombie_West_Basic_Eat	16804	_Zombie_West_Basic_Die	16810	none	1	13	14	15	14	59	18	1	-1	-1	-1				-1	38	-1	37	-1	-1	-1	0	0	-1	-1	-1	-1	-1	-1	-1	西部普僵
13	西部铁僵	zombie_west_basic	16801	_Zombie_West_Basic_Idle	16802	_Zombie_West_Basic_Walk	16809	_Zombie_West_Basic_Eat	16804	_Zombie_West_Basic_Die	16810	none	1	12	13	15	14	59	18	1	-1	-1	-1				14	38	-1	37	-1	-1	-1	0	0	-1	-1	-1	-1	-1	-1	-1	西部铁僵
14	西部路僵	zombie_west_basic	16801	_Zombie_West_Basic_Idle	16802	_Zombie_West_Basic_Walk	16809	_Zombie_West_Basic_Eat	16804	_Zombie_West_Basic_Die	16810	none	1	12	14	15	14	59	18	1	-1	-1	-1				13	38	-1	37	-1	-1	-1	0	0	-1	-1	-1	-1	-1	-1	-1	西部路僵
15	西部旗僵	zombie_west_flag.fla	16901	_Zombie_West_Basic_Idle	16902	_Zombie_West_Basic_Walk	16906	_Zombie_West_Basic_Eat	16904	_Zombie_West_Basic_Die	16907	none	1	-1	-1	15	30	89	19	1	-1	-1	-1				-1	38	-1	37	-1	-1	-1	0	0	-1	-1	-1	-1	-1	-1	-1	西部旗僵
16	埃及骆驼	zombie_egypt_camel.fla	17701	_Zombie_Egypt_Camel_Idle	17702	_Zombie_Egypt_Camel_Walk	17705	_Zombie_Egypt_Camel_Eat	17704	_Zombie_Egypt_Camel_Die	17706	none	-1	-1	-1	-1	30	89	15	1	-1	-1	-1				-1	-1	-1	-1	-1	-1	-1	0	0	-1	-1	-1	-1	-1	-1	-1	埃及骆驼
17	埃及死神	zombie_egypt_tombraiser.fla	15501	_Zombie_Tombraiser_Idle	15502	_Zombie_Tombraiser_Walk	15507	_Zombie_Tombraiser_Eat	15503	_Zombie_Tombraiser_Die	15505	none	1	-1	-1	16	30	89	25	1	-1	-1	-1				-1	10	-1	9	-1	-1	-1	-1	-1	-1	-1	-1	-1	-1	-1	-1	埃及死神
18	埃及探险	zombie_explorer.fla	15601	_Zombie_Explorer_Idle	15602	_Zombie_Explorer_Walk	15605	_Zombie_Explorer_Eat	15603	_Zombie_Explorer_Die	15608	none	1	-1	-1	17	30	89	20	1	-1	-1	-1				-1	12	-1	11	-1	-1	-1	-1	-1	-1	-1	-1	-1	-1	-1	-1	埃及探险
19	海盗推桶	zombie_pirate_barrel	17501	_Zombie_Barrel_Idle	17502	_Zombie_Barrel_Walk	17503	_Zombie_Barrel_Eat	17507	_Zombie_Barrel_Die	17501	none	1	-1	-1	18	30	89	50	1	-1	-1	-1				-1	-1	-1	1	-1	-1	-1	0	0	-1	-1	-1	-1	-1	-1	-1	海盗推桶
20	海盗非推桶	zombie_pirate_barrel	17506	_Zombie_Barrel_Idle2	17505	_Zombie_Barrel_Walk2	17509	_Zombie_Barrel_Eat2	17507	_Zombie_Barrel_Die2	17510	none	1	-1	-1	18	30	89	18	1	-1	-1	-1				-1	-1	-1	1	-1	-1	-1	0	0	-1	-1	-1	-1	-1	-1	-1	海盗非推桶
21	海盗小鬼	zombie_pirate_imp.fla	16501	_Zombie_Imp_Idle	16502	_Zombie_Imp_Walk	16508	_Zombie_Imp_Eat	16504	_Zombie_Imp_Die	16509	none	1	-1	-1	19	30	89	25	1	-1	-1	-1				-1	-1	-1	-1	-1	-1	-1	0	0	-1	-1	-1	-1	-1	-1	-1	海盗小鬼
22	海鸥僵尸	zombie_pirate_seagull.fla	17601	_Zombie_Seagull_Idle	17602	_Zombie_Seagull_Walk	17606	_Zombie_Seagull_Eat	17604	_Zombie_Seagull_Die	17607	none	1	-1	-1	-1	30	89	34	1	-1	-1	-1				-1	-1	-1	-1	-1	-1	-1	0	0	-1	-1	-1	-1	-1	-1	-1	海盗鹦鹉僵尸
23	西部斗篷	zombie_poncho.fla	16701	_Zombie_Poncho_Basic_Idle	16702	_Zombie_Poncho_Basic_Walk	16706	_Zombie_Poncho_Basic_Eat	16704	_Zombie_Poncho_Basic_Die	16707	none	1	-1	-1	20	30	89	23	1	-1	-1	-1				-1	2	-1	1	-1	-1	-1	0	0	-1	-1	-1	-1	-1	-1	-1	西部斗篷
24	淘金僵尸	zombie_prospector.fla	17201	_Zombie_pros_Basic_Idle	17202	_Zombie_pros_Basic_Walk	17205	_Zombie_pros_Basic_Eat	17203	_Zombie_pros_Basic_Death	17206	none	1	-1	-1	21	3	58	20	1	-1	-1	-1				-1	2	-1	1	-1	-1	-1	0	0	-1	-1	-1	-1	3	3	404	淘金僵尸
25	飞梭僵尸	zombie_swashbuckler.fla	17301	_Zombie_Swashbuckler_Idle	17302	_Zombie_Swashbuckler_Walk	17306	_Zombie_Swashbuckler_Eat	17303	_Zombie_Swashbuckler_Die	17305	none	1	-1	-1	22	30	89	50	1	-1	-1	-1				-1	2	-1	1	-1	-1	-1	0	0	-1	-1	-1	-1	-1	-1	-1	飞梭僵尸
26	僵尸博士	gargantuar.fla	14501	-1	14502	-1	14503	-1	14511	-1	-1	-1	1	-1	-1	-1	30	89	20	1	-1	-1	-1				-1	-1	-1	-1	-1	-1	-1	0	0	-1	-1	-1	-1	-1	-1	-1	僵尸博士
27	雪人僵尸	yeti.fla	14601	-1	14602	-1	14603	-1	14604	-1	14612	-1	1	23	-1	-1	30	89	20	1	-1	-1	-1				-1	-1	-1	-1	1810	-1	35	0	170	-1	2	-1	-1	4	4	101	雪人僵尸
28	小鬼僵尸炮	zombie_pirate_cannon.fla	14801	-1	14802	-1	14804	-1	14805	-1	14807	-1	1	-1	-1	-1	1	29	20	1	-1	-1	-1				-1	-1	-1	-1	1206	-1	5	50	22	-1	2	-1	-1	3	4	132	小鬼僵尸炮
29	橄榄球僵尸	zombie_football	15701	-1	15702	-1	15707	-1	15704	-1	15705	-1	1	-1	-1	-1	30	45	20	1	-1	-1	-1				-1	-1	-1	-1	1157	-1	35	82.5	75	-1	-1	-1	-1	-1	-1	-1	橄榄球僵尸
30	法老僵尸	zombie_egypt_sarcophagus	15402	-1	15401	-1	15410	-1	15408	-1	15411	-1	1	-1	-1	-1	30	89	18	1	-1	-1	-1				-1	-1	-1	-1	-1	8	-1	0	0	-1	2	-1	-1	2	3	163	法老僵尸
31	太阳神僵尸	zombie_egypt_ra	15301	-1	15302	-1	15309	-1	15307	-1	15310	-1	1	-1	-1	-1	1	119	20	1	-1	-1	-1				-1	2	-1	1	1195	-1	21	150	0	-1	2	-1	-1	3	4	104	太阳神僵尸
32	埃及艳后	zombie_hero_cleopatra	15801	-1	15802	-1	15807	-1	15805	-1	15808	-1	1	-1	-1	-1	2	59	25	1	-1	-1	-1				-1	2	-1	1	-1	-1	-1	0	0	-1	2	-1	-1	3	4	133	埃及艳后
33	扶梯僵尸	zombie_ladder	15901	-1	15902	-1	15903	-1	15907	-1	15904	-1	1	-1	-1	-1	30	89	20	1	-1	-1	-1				-1	-1	-1	-1	-1	-1	-1	0	0	-1	-1	-1	-1	-1	-1	-1	扶梯僵尸
34	海盗船长	zombie_pirate_captain	16401	-1	16402	-1	16409	-1	16405	-1	16408	-1	1	-1	-1	-1	30	89	20	1	-1	-1	-1				-1	2	-1	1	-1	-1	32	0	0	-1	2	-1	-1	2	3	225	海盗船长
35	骑牛小鬼僵尸	zombie_west_bullrider	17401	-1	17402	-1	17420	-1	17417	-1	17419	-1	1	-1	-1	-1	30	89	20	1	-1	-1	-1				-1	2	-1	1	-1	-1	-1	0	0	-1	-1	-1	-1	-1	-1	-1	骑牛小鬼僵尸
36	僵尸小鬼	zombie_west_bullrider	17411	-1	17412	-1	17413	-1	17414	-1	17422	-1	1	-1	-1	-1	30	89	20	1	-1	-1	-1				-1	2	-1	1	-1	-1	-1	0	0	-1	-1	-1	-1	-1	-1	-1	僵尸小鬼
37	伽刚特尔	legend_zombie_boss_gargantuar	17901	-1	17902	-1	17903	-1	17904	-1	17907	-1	1	-1	-1	-1	30	89	20	1	-1	-1	-1				-1	-1	-1	-1	-1	-1	-1	0	0	-1	2	-1	-1	3	3	100	伽刚特尔
38	撑杆僵尸	legend_zombie_Sprinter	18001	-1	18007	-1	18003	-1	18002	-1	18004	-1	1	-1	-1	-1	30	89	20	1	-1	-1	-1				-1	2	-1	-1	18006	-1	26	0	0	1	-1	-1	-1	-1	-1	-1	撑杆僵尸
39	僵尸牛	zombie_west_bull	17801	-1	17802	-1	17810	-1	17807	-1	17809	-1	1	-1	-1	-1	75	135	20	1	-1	-1	-1				-1	2	-1	1	-1	-1	-1	0	0	-1	2	-1	-1	3	4	172	僵尸牛
40	卡车司机僵尸	truckman_Zombie	18201	-1	18202	-1	18203	-1	18205	-1	18204	-1	1	-1	-1	-1	45	105	40	1	-1	-1	-1				-1	-1	-1	-1	-1	-1	-1	0	0	-1	2	-1	-1	2	5	102	卡车司机僵尸
41	僵尸酋长	Zombie_Boss_chief	20101	-1	20102	-1	20103	-1	20105	-1	20104	-1	-1	-1	-1	-1	45	105	27	1	-1	-1	-1				-1	-1	-1	-1	-1	-1	-1	0	0	-1	2	-1	-1	2	4	220	僵尸酋长
42	僵尸警长（作废）	Zombie_Boss_police_140324	20401	-1	20402	-1	20403	-1	20405	-1	20404	-1	-1	-1	-1	-1	1	49	41	1	-1	-1	-1				-1	-1	-1	-1	-1	-1	-1	0	0	-1	-1	-1	-1	-1	-1	130	僵尸警长
43	鸡贼僵尸	zombie_farmer	18901	-1	18902	-1	18908	-1	18905	-1	18907	-1	-1	-1	-1	-1	21	59	20	1	-1	-1	-1				-1	-1	-1	-1	-1	-1	-1	0	0	-1	-1	-1	-1	-1	-1	-1	鸡贼僵尸
44	雪人僵尸	yeti.fla	14601	-1	14602	-1	14603	-1	14604	-1	14612	-1	1	23	-1	-1	30	89	20	1	-1	-1	-1				-1	-1	-1	-1	1810	-1	35	0	170	-1	-1	-1	-1	-1	-1	101	雪人僵尸
45	卡车司机僵尸	truckman_Zombie	18201	-1	18202	-1	18203	-1	18205	-1	18204	-1	1	-1	-1	-1	45	105	20	1	-1	-1	-1				-1	-1	-1	-1	-1	-1	-1	0	0	-1	-1	-1	-1	-1	-1	102	卡车司机僵尸
46	普通原始人	zombie_primitive	21801	-1	21802	-1	21803	-1	21805	-1	21804	-1	1	25	26	-1	30	89	20	1	-1	-1	-1				-1	-1	-1	-1	-1	-1	-1	0	0	-1	-1	-1	-1	-1	-1	-1	普通原始人
47	面具原始人	zombie_masker	21601	-1	21602	-1	21603	-1	21608	-1	21604	-1	-1	-1	-1	-1	30	89	20	1	-1	-1	-1				-1	-1	-1	-1	-1	-1	-1	0	0	-1	-1	-1	-1	-1	-1	-1	面具原始人
48	木棍原始人	zombie_stick.fla	21701	-1	21702	-1	21703	-1	21705	-1	21704	-1	-1	-1	-1	-1	30	89	20	1	-1	-1	-1				-1	-1	-1	-1	-1	-1	-1	0	0	-1	-1	-1	-1	-1	-1	-1	木棍原始人
49	弹弓原始人	zombie_slingshot	21301	-1	21302	-1	21303	-1	21305	-1	21304	-1	-1	-1	-1	-1	30	89	20	1	-1	-1	-1				-1	-1	-1	-1	2001	-1	29	0	100	-1	-1	-1	-1	-1	-1	-1	弹弓原始人
50	骑鸟僵尸	zombie_birdrider	21901	-1	21902	-1	21907	-1	21905	-1	21904	-1	-1	-1	-1	-1	30	89	19	1	-1	-1	-1				-1	-1	-1	-1	-1	-1	-1	0	0	-1	2	-1	-1	2	3	114	骑鸟僵尸
51	蜗牛僵尸	zombie_snai	22001	-1	22002	-1	22009	-1	22006	-1	22005	-1	-1	-1	-1	-1	30	89	22	1	-1	-1	-1				-1	-1	-1	-1	-1	-1	-1	0	0	-1	2	-1	-1	2	3	103	蜗牛僵尸
52	猛犸僵尸	zombie_elephant	21201	-1	21202	-1	21203	-1	21205	-1	21204	-1	1	-1	-1	-1	1	88	43	1	-1	-1	-1				-1	-1	-1	-1	-1	-1	-1	0	0	-1	2	-1	-1	2	2	134	猛犸僵尸
53	蜂窝僵尸	zombie_bee	21401	-1	21402	-1	21403	-1	21405	-1	21404	-1	-1	-1	-1	-1	30	89	24	1	-1	-1	-1				-1	-1	-1	-1	2157	-1	14	0	100	-1	-1	-1	-1	-1	-1	-1	蜂窝僵尸
54	力士僵尸	zombie_stone_carrier	21101	-1	21102	-1	21103	-1	21106	-1	21105	-1	1	-1	-1	-1	1	59	41	1	-1	-1	-1				-1	-1	-1	-1	-1	-1	-1	0	0	-1	2	-1	-1	3	3	138	力士僵尸
55	长城旗帜	zombie_greetwall_basic	23001	-1	23002	-1	23003	-1	23005	-1	23004	-1	-1	-1	-1	-1	30	89	39	1	-1	-1	-1				-1	-1	-1	-1	-1	-1	-1	0	0	-1	-1	-1	-1	-1	-1	-1	长城普通
56	长城路障	zombie_greetwall_basic1	23601	-1	23602	-1	23603	-1	23605	-1	23604	-1	1	-1	-1	-1	30	89	24	1	-1	-1	-1				-1	-1	-1	-1	-1	-1	-1	0	0	-1	-1	-1	-1	-1	-1	155	长城路障
57	长城铁桶	zombie_greetwall_basic2	23701	-1	23702	-1	23703	-1	23705	-1	23704	-1	1	-1	-1	-1	30	89	23	1	-1	-1	-1				-1	-1	-1	-1	-1	-1	-1	0	0	-1	-1	-1	-1	-1	-1	-1	长城铁桶
58	灵符僵尸	zombie_greetwall_linfu	23101	-1	23102	-1	23103	-1	23105	-1	23104	-1	-1	-1	-1	-1	30	89	34	1	-1	-1	-1				-1	-1	-1	-1	-1	-1	-1	0	0	-1	-1	-1	-1	-1	-1	-1	灵符僵尸
60	长城铁盔	zombie_greetwall_helmet	23201	-1	23202	-1	23203	-1	23205	-1	23204	-1	1	-1	-1	-1	30	89	22	1	-1	-1	-1				-1	-1	-1	-1	-1	-1	-1	0	0	-1	-1	-1	-1	-1	-1	-1	长城铁盔
61	长城投石车	zombie_greetwall_catapult	23401	-1	23402	-1	23403	-1	23405	-1	23404	-1	1	-1	-1	-1	30	89	27	1	-1	-1	-1				-1	-1	-1	-1	2002	-1	26	60	170	-1	-1	-1	-1	-1	-1	-1	长城投石车
62	长城圆锤	zombie_greetwall_hammer	23501	-1	23502	-1	23503	-1	23505	-1	23504	-1	1	-1	-1	-1	30	89	26	1	-1	-1	-1				-1	-1	-1	-1	-1	-1	-1	0	0	-1	2	-1	-1	2	2	160	长城圆锤
63	大刀僵尸	zombie_greetwall_broadsword	23301	-1	23302	-1	23303	-1	23305	-1	23304	-1	1	-1	-1	-1	20	59	34	1	-1	-1	-1				-1	-1	-1	-1	-1	-1	-1	0	0	-1	-1	-1	-1	-1	-1	-1	长城大刀
64	皇帝僵尸	zombie_greetwall_king	23801	-1	23802	-1	23803	-1	23805	-1	23804	-1	1	-1	-1	-1	30	89	27	1	-1	-1	-1				-1	-1	-1	-1	2003	-1	27	82.5	75	-1	2	-1	-1	3	4	158	皇帝僵尸
65	长城战车	zombie_greatwall_gun	23901	-1	23902	-1	23903	-1	23905	-1	23904	-1	1	-1	-1	-1	60	120	20	1	-1	-1	-1				-1	-1	-1	-1	12400	-1	20	50	250	-1	2	-1	-1	3	4	161	长城战车
66	僵尸警长	Zombie_Boss_police_140324	20401	-1	20402	-1	20403	-1	20405	-1	20404	-1	1	-1	-1	-1	1	49	41	1	-1	-1	-1				-1	-1	-1	-1	-1	-1	-1	0	0	-1	2	-1	-1	3	4	130	僵尸警长
67	蜗牛僵尸	zombie_snai	22001	-1	22002	-1	22003	-1	22006	-1	22005	-1	-1	-1	-1	-1	30	89	22	1	-1	-1	-1				-1	-1	-1	-1	-1	-1	-1	0	0	-1	2	-1	-1	2	3	107	蜗牛僵尸
68	模拟战僵尸博士	Zombie_Future_Zomboss	24103	-1	24104	-1	24111	-1	24126	-1	-1	-1	-1	-1	-1	-1	13	36	49	1	-1	-1	-1				-1	-1	-1	-1	-1	-1	49	0	0	-1	-1	-1	-1	-1	-1	110	模拟战僵尸博士
69	精英美国路障	zombie_tutorial	330001	-1	330002	-1	330006	-1	330004	-1	330007	-1	1	10	24	11	40	89	22	1	-1	-1	-1				-1	34	-1	33	-1	-1	-1	0	0	-1	2	-1	-1	4	4	109	美国路僵
70	精英美国旗帜	zombie_tutorial_flag	330101	-1	330102	-1	330106	-1	330104	-1	330107	-1	1	-1	-1	11	40	89	39	1	-1	-1	-1				-1	34	-1	33	-1	-1	-1	0	0	-1	2	-1	-1	3	4	112	美国旗僵
71	精英美国铁桶	zombie_tutorial	330001	-1	330002	-1	330006	-1	330004	-1	330007	-1	1	9	-1	11	40	89	22	1	-1	-1	-1				10	34	-1	33	-1	-1	-1	0	0	-1	2	-1	-1	4	4	108	美国铁僵
72	精英美国橄榄	zombie_football	330201	-1	330202	-1	330207	-1	330204	-1	330205	-1	1	-1	-1	-1	30	45	20	1	-1	-1	-1				-1	-1	-1	-1	13002	-1	34	100	110	-1	2	-1	-1	3	5	113	橄榄球僵尸
73	精英美国撑杆	zombie_Sprinter	330301	-1	330307	-1	330303	-1	330302	-1	330304	-1	1	-1	-1	-1	30	89	20	1	-1	-1	-1				-1	2	-1	-1	330306	-1	26	0	0	1	2	-1	-1	3	3	111	撑杆僵尸
74	普通武师	zombie_kungfu_basic	24701	-1	24702	-1	24705	-1	24703	-1	24706	-1	1	28	31	-1	35	89	39	1	-1	-1	-1				-1	-1	-1	-1	-1	-1	-1	-1	-1	-1	-1	-1	-1	-1	-1	-1	普通武师
75	路障武师	zombie_kungfu_basic	24701	-1	24702	-1	24705	-1	24703	-1	24706	-1	1	31	29	-1	30	89	39	1	-1	-1	-1				28	-1	-1	-1	-1	-1	-1	-1	-1	-1	-1	-1	-1	-1	-1	-1	路障武师
76	铁桶武师	zombie_kungfu_basic	24701	-1	24702	-1	24705	-1	24703	-1	24706	-1	1	28	29	-1	30	89	39	1	-1	-1	-1				29	-1	-1	-1	-1	-1	-1	-1	-1	-1	-1	-1	-1	-1	-1	-1	铁桶武师
77	炸弹僵尸	zombie_kungfu_bomberman	24801	-1	24802	-1	24803	-1	24804	-1	-1	-1	1	-1	-1	-1	30	89	99	1	-1	-1	-1				-1	-1	-1	-1	-1	-1	-1	-1	-1	-1	-1	-1	-1	-1	-1	-1	炸弹僵尸
78	禅杖武僧		25202	-1	25203	-1	25204	-1	25205	-1	25208	-1	1	-1	-1	-1	30	89	40	1	-1	-1	-1				-1	-1	-1	-1	-1	-1	-1	-1	-1	-1	-1	-1	-1	-1	-1	-1	禅杖武僧
79	刺客	zombie_assassin	331805	-1	331804	-1	331801	-1	331806	-1	331803	-1	1	-1	-1	-1	30	89	39	1	-1	-1	-1				-1	-1	-1	-1	3100	-1	26	-1	-1	-1	2	-1	-1	3	3	300	刺客
80	大锤武师	zombie_kungfu_hammer	25101	-1	25102	-1	25105	-1	25103	-1	25107	-1	1	-1	-1	-1	30	89	29	1	-1	-1	-1				-1	-1	-1	-1	-1	-1	-1	-1	-1	-1	2	-1	-1	3	4	221	大锤武师
81	刀客	没有用74代替	341004	-1	341003	-1	341000	-1	341005	-1	341002	-1	1	-1	-1	-1	30	89	39	1	-1	-1	-1				-1	-1	-1	-1	-1	-1	-1	-1	-1	-1	2	-1	-1	3	4	401	刀客
82	酒鬼武师	zombie_kungfu_drinker	24901	-1	24902	-1	24912	-1	24910	-1	24914	-1	1	-1	-1	-1	30	89	30	1	-1	-1	-1				-1	-1	-1	-1	-1	-1	-1	-1	-1	-1	-1	-1	-1	-1	-1	-1	酒鬼武师
83	火炬武师	zombie_kungfu_torch	25601	-1	25602	-1	25605	-1	25603	-1	25606	-1	1	-1	-1	-1	30	89	26	1	-1	-1	-1				-1	-1	-1	-1	1197	-1	26	0	0	-1	-1	-1	-1	-1	-1	-1	火炬武师
84	气功师	zombie_kungfu_qigong	25301	-1	25302	-1	25307	-1	25304	-1	25309	-1	1	-1	-1	-1	30	89	30	1	-1	-1	-1				-1	-1	-1	-1	12540	33	30	0	0	-1	-1	-1	-1	-1	-1	-1	气功师
85	铜锣僵尸	zombie_tongluo	26001	-1	26002	-1	26005	-1	26003	-1	26012	-1	1	-1	-1	-1	30	89	39	1	-1	-1	-1				-1	-1	-1	-1	-1	-1	-1	-1	-1	-1	-1	-1	-1	-1	-1	-1	铜锣僵尸
86	旗帜武师		25001	-1	25002	-1	25005	-1	25003	-1	25006	-1	1	-1	-1	-1	30	89	39	1	-1	-1	-1				-1	-1	-1	-1	-1	-1	-1	-1	-1	-1	-1	-1	-1	-1	-1	-1	旗帜武师
87	火箭僵尸		25501	-1	25502	-1	25509	-1	25504	-1	25510	-1	1	-1	-1	-1	30	89	29	1	-1	-1	-1				-1	-1	-1	-1	-1	-1	-1	-1	-1	-1	-1	-1	-1	-1	-1	-1	火箭僵尸
88	boss埃及路僵	zombie_egypt_basic	915001	_Zombie_Egypt_Idle	915002	_Zombie_Egypt_Walk	915007	_Zombie_Egypt_Eat	915004	_Zombie_Egypt_Die	915008	_Zombie_Egypt_Hurt	1	2	-1	4	30	89	28	1	-1	-1	-1				2	2	-1	1	-1	-1	-1	0	0	-1	2	-1	-1	3	4	151	埃及路僵
89	boss埃及旗僵	zombie_egypt_flag	915101	_Zombie_Egypt_Flag_Idle	915102	_Zombie_Egypt_Flag_Walk	915106	_zombie_egyptflag_Basic_Eat	915104	_Zombie_Egypt_Flag_Die	915107	none	1	-1	-1	5	30	89	19	1	-1	-1	-1				-1	4	-1	3	-1	-1	-1	0	0	-1	2	-1	-1	3	4	153	埃及旗僵
90	boss埃及铁僵	zombie_egypt_basic	915001	_Zombie_Egypt_Idle	915002	_Zombie_Egypt_Walk	915007	_Zombie_Egypt_Eat	915004	_Zombie_Egypt_Die	915008	_Zombie_Egypt_Hurt	1	3	-1	4	30	89	28	1	-1	-1	-1				3	2	-1	1	-1	-1	-1	0	0	-1	1	50	-1	3	2	152	埃及铁僵
91	boss埃及探险	zombie_explorer.fla	915601	_Zombie_Explorer_Idle	915602	_Zombie_Explorer_Walk	915605	_Zombie_Explorer_Eat	915603	_Zombie_Explorer_Die	915608	none	1	-1	-1	17	30	89	20	1	-1	-1	-1				-1	12	-1	11	-1	-1	-1	-1	-1	-1	2	-1	2	3	4	154	埃及探险
92	boss埃及死神	zombie_egypt_tombraiser.fla	915501	_Zombie_Tombraiser_Idle	915502	_Zombie_Tombraiser_Walk	915507	_Zombie_Tombraiser_Eat	915503	_Zombie_Tombraiser_Die	915505	none	1	-1	-1	16	30	89	25	1	-1	-1	-1				-1	10	-1	9	-1	-1	-1	-1	-1	-1	-1	-1	-1	3	3	403	埃及死神
93	boss海盗路僵	zombie_pirate_basic	916201	_Zombie_Barrel_Idle	916202	_Zombie_Barrel_Walk	916206	_Zombie_Barrel_Eat	916204	_Zombie_Barrel_Die	916207	none	1	7	-1	8	10	59	24	1	-1	-1	-1				6	18	-1	17	-1	-1	-1	0	0	-1	2	-1	-1	3	4	136	海盗路僵
94	boss海盗铁僵	zombie_pirate_basic	916201	_Zombie_Barrel_Idle	916202	_Zombie_Barrel_Walk	916206	_Zombie_Barrel_Eat	916204	_Zombie_Barrel_Die	916207	none	1	6	-1	8	10	59	24	1	-1	-1	-1				7	18	-1	17	-1	-1	-1	0	0	-1	2	50	-1	3	4	137	海盗铁僵
95	boss海盗旗僵	zombie_pirate_basic_flag	916301	_Zombie_Barrel_Idle	916302	_Zombie_Barrel_Walk	916306	_Zombie_Barrel_Eat	916304	_Zombie_Barrel_Die	916307	none	1	-1	-1	8	10	59	39	1	-1	-1	-1				-1	18	-1	17	-1	-1	-1	0	0	-1	2	-1	-1	3	4	169	海盗旗僵
96	boss飞梭僵尸	zombie_swashbuckler.fla	917301	_Zombie_Swashbuckler_Idle	917302	_Zombie_Swashbuckler_Walk	917306	_Zombie_Swashbuckler_Eat	917303	_Zombie_Swashbuckler_Die	917305	none	1	-1	-1	22	30	89	50	1	-1	-1	-1				-1	2	-1	1	-1	-1	-1	0	0	-1	-1	-1	-1	-1	-1	-1	飞梭僵尸
97	boss海鸥僵尸	zombie_pirate_seagull.fla	917601	_Zombie_Seagull_Idle	917602	_Zombie_Seagull_Walk	917606	_Zombie_Seagull_Eat	917604	_Zombie_Seagull_Die	917607	none	1	-1	-1	-1	30	89	34	1	-1	-1	-1				-1	-1	-1	-1	-1	-1	-1	0	0	-1	2	-1	-1	2	3	400	海盗鹦鹉僵尸
98	boss海盗推桶	zombie_pirate_barrel	917501	_Zombie_Barrel_Idle	917502	_Zombie_Barrel_Walk	917503	_Zombie_Barrel_Eat	917507	_Zombie_Barrel_Die	917501	none	1	-1	-1	18	30	89	50	1	-1	-1	-1				-1	-1	-1	1	-1	-1	-1	0	0	-1	2	-1	-1	3	4	129	海盗推桶
99	boss西部路僵	zombie_west_basic	916801	_Zombie_West_Basic_Idle	916802	_Zombie_West_Basic_Walk	916809	_Zombie_West_Basic_Eat	916804	_Zombie_West_Basic_Die	916810	none	1	12	14	15	40	89	18	1	-1	-1	-1				13	38	-1	37	-1	-1	-1	0	0	-1	2	-1	-1	3	4	167	西部路僵
100	boss西部铁僵	zombie_west_basic	916801	_Zombie_West_Basic_Idle	916802	_Zombie_West_Basic_Walk	916809	_Zombie_West_Basic_Eat	916804	_Zombie_West_Basic_Die	916810	none	1	12	13	15	14	59	18	1	-1	-1	-1				14	38	-1	37	-1	-1	-1	0	0	-1	2	50	-1	3	4	164	西部铁僵
101	boss西部旗僵	zombie_west_flag.fla	916901	_Zombie_West_Basic_Idle	916902	_Zombie_West_Basic_Walk	916906	_Zombie_West_Basic_Eat	916904	_Zombie_West_Basic_Die	916907	none	1	-1	-1	15	30	89	19	1	-1	-1	-1				-1	38	-1	37	-1	-1	-1	0	0	-1	2	-1	-1	3	4	165	西部旗僵
102	boss淘金僵尸	zombie_prospector.fla	917201	_Zombie_pros_Basic_Idle	917202	_Zombie_pros_Basic_Walk	917205	_Zombie_pros_Basic_Eat	917203	_Zombie_pros_Basic_Death	917206	none	1	-1	-1	21	3	58	20	1	-1	-1	-1				-1	2	-1	1	-1	-1	-1	0	0	-1	2	-1	-1	3	4	404	淘金僵尸
103	boss鸡贼僵尸	zombie_farmer	918901	-1	918902	-1	918908	-1	918905	-1	918907	-1	-1	1	-1	-1	21	59	20	1	-1	-1	-1				-1	-1	-1	-1	-1	-1	-1	0	0	-1	2	-1	-1	3	4	135	鸡贼僵尸
104	boss僵尸牛	zombie_west_bull	917801	-1	917802	-1	917810	-1	917807	-1	917809	-1	1	-1	-1	-1	75	135	20	1	-1	-1	-1				-1	2	-1	1	-1	-1	-1	0	0	-1	-1	-1	-1	-1	-1		僵尸牛
105	boss长城路障	zombie_greetwall_basic1	923601	-1	923602	-1	923603	-1	923605	-1	923604	-1	1	-1	-1	-1	1	64	24	1	-1	-1	-1				-1	-1	-1	-1	-1	-1	-1	0	0	-1	2	-1	2	3	4	155	长城路障
106	boss长城铁桶	zombie_greetwall_basic2	923701	-1	923702	-1	923703	-1	923705	-1	923704	-1	1	-1	-1	-1	1	64	24	1	-1	-1	-1				-1	-1	-1	-1	-1	-1	-1	0	0	-1	1	50	-1	3	4	156	长城铁桶
107	boss灵符僵尸	zombie_greetwall_linfu	923101	-1	923102	-1	923103	-1	923105	-1	923104	-1	1	-1	-1	-1	15	29	30	1	-1	-1	-1				-1	-1	-1	-1	-1	-1	-1	0	0	-1	2	-1	2	3	4	159	灵符僵尸
108	boss长城投石车	zombie_greetwall_catapult	923401	-1	923402	-1	923403	-1	923405	-1	923404	-1	1	-1	-1	-1	30	89	27	1	-1	-1	-1				-1	-1	-1	-1	92002	-1	26	60	170	-1	2	-1	-1	3	4	150	长城投石车
109	boss木棍原始人	zombie_stick.fla	921701	-1	921702	-1	921703	-1	921705	-1	921704	-1	-1	-1	-1	-1	30	89	20	1	-1	-1	-1				-1	-1	-1	-1	-1	-1	-1	0	0	-1	2	-1	-1	6	3	116	木棍原始人
110	boss弹弓原始人	zombie_slingshot	921301	-1	921302	-1	921303	-1	921305	-1	921304	-1	-1	-1	-1	-1	30	89	20	1	-1	-1	-1				-1	-1	-1	-1	92001	-1	29	0	100	-1	2	-1	-1	2	5	118	弹弓原始人
111	boss面具原始人	zombie_masker	921601	-1	921602	-1	921603	-1	921608	-1	921604	-1	-1	-1	-1	-1	30	89	20	1	-1	-1	-1				-1	-1	-1	-1	-1	-1	-1	0	0	-1	2	-1	-1	3	4	115	面具原始人
112	boss蜂窝僵尸	zombie_bee	921401	-1	921402	-1	921403	-1	921405	-1	921404	-1	-1	-1	-1	-1	30	89	18	1	-1	-1	-1				-1	-1	-1	-1	-1	-1	-1	0	0	-1	2	-1	-1	4	4	117	蜂窝僵尸
113	boss火炬武师	zombie_kungfu_torch	925601	-1	925602	-1	925605	-1	925603	-1	925606	-1	1	-1	-1	-1	30	89	26	1	-1	-1	-1				-1	-1	-1	-1	91197	-1	26	0	0	-1	-1	-1	-1	-1	-1	-1	火炬武师
114	boss炸弹僵尸	zombie_kungfu_bomberman	924801	-1	924802	-1	924803	-1	924804	-1	-1	-1	1	-1	-1	-1	30	89	99	1	-1	-1	-1				-1	-1	-1	-1	-1	-1	-1	-1	-1	-1	-1	-1	-1	-1	-1	-1	炸弹僵尸
115	boss酒鬼武师	zombie_kungfu_drinker	924901	-1	924902	-1	924912	-1	924910	-1	924914	-1	1	-1	-1	-1	30	89	30	1	-1	-1	-1				-1	-1	-1	-1	-1	-1	-1	-1	-1	-1	-1	-1	-1	-1	-1	-1	酒鬼武师
116	boss大锤武师	zombie_kungfu_hammer	925101	-1	925102	-1	925105	-1	925103	-1	925107	-1	1	-1	-1	-1	30	89	29	1	-1	-1	-1				-1	-1	-1	-1	-1	-1	-1	-1	-1	-1	2	-1	-1	1	2	221	大锤武师
117	boss气功师	zombie_kungfu_qigong	925301	-1	925302	-1	925307	-1	925304	-1	925309	-1	1	-1	-1	-1	30	89	30	1	-1	-1	-1				-1	-1	-1	-1	12540	-1	30	0	0	-1	2	-1	-1	3	4	170	气功师
118	铁桶原始人	zombie_primitive	21801	-1	21802	-1	21803	-1	21805	-1	21804	-1	1	25	-1	-1	30	89	20	1	-1	-1	-1				26	-1	-1	-1	-1	-1	-1	0	0	-1	-1	-1	-1	-1	-1	-1	铁桶原始人
119	路障原始人	zombie_primitive	21801	-1	21802	-1	21803	-1	21805	-1	21804	-1	1	26	-1	-1	30	89	20	1	-1	-1	-1				25	-1	-1	-1	-1	-1	-1	0	0	-1	-1	-1	-1	-1	-1	-1	路障原始人
120	boss铁桶原始人	zombie_primitive	921801	-1	921802	-1	921803	-1	921805	-1	921804	-1	1	25	-1	-1	30	89	20	1	-1	-1	-1				26	-1	-1	-1	-1	-1	-1	0	0	-1	2	-1	-1	4	5	119	boss铁桶原始人
121	大墓地BOSS	necropolis_Future_Boss	25801	-1	-1	-1	-1	-1	-1	-1	-1	-1	-1	-1	-1	-1	-1	-1	-1	1	-1	-1	-1				-1	-1	-1	-1	-1	-1	-1	0	0	-1	2	-1	-1	1	1	128	大墓地BOSS
130	boss长城旗尸	zombie_greatwall_flag	925901	-1	925902	-1	925903	-1	925905	-1	925904	-1	-1	-1	-1	-1	1	64	38	1	-1	-1	-1				-1	-1	-1	-1	-1	-1	-1	0	0	-1	2	-1	-1	3	4	157	boss长城旗尸
131	boss大刀僵尸	zombie_greetwall_broadsword	923301	-1	923302	-1	923303	-1	923305	-1	923304	-1	1	-1	-1	-1	20	59	34	1	-1	-1	-1				-1	-1	-1	-1	-1	-1	-1	0	0	-1	2	-1	-1	3	4	162	boss长城大刀
132	长城长矛	zombie_greetwall_changmao	925501	-1	925502	-1	925503	-1	925505	-1	925504	-1	1	-1	-1	-1	30	89	30	1	-1	-1	-1				-1	-1	-1	-1	925507	-1	13	0	0	1	-1	-1	-1	-1	-1	-1	长城长矛
133	boss路障武师	zombie_kungfu_basic	924701	-1	924702	-1	924705	-1	924703	-1	924706	-1	1	29	-1	-1	30	89	39	1	-1	-1	-1				28	-1	-1	-1	-1	-1	-1	-1	-1	-1	2	-1	-1	3	4	166	路障武师
134	长城普僵	zombie_greetwall_basic1	923601	-1	923602	-1	923603	-1	923605	-1	923604	-1	1	32	-1	-1	1	64	24	1	-1	-1	-1				-1	-1	-1	-1	-1	-1	-1	0	0	-1	-1	-1	-1	-1	-1	-1	长城普僵
135	boss铁桶武师	zombie_kungfu_basic	924701	-1	924702	-1	924705	-1	924703	-1	924706	-1	1	6	-1	8	10	59	39	1	-1	-1	-1				7	18	-1	17	-1	-1	-1	0	0	-1	2	-1	-1	3	4	-1	boss铁桶武师
136	西游普僵	zombie_JourneyWest_basic	330701	-1	330702	-1	330703	-1	330705	-1	330704	-1	1	33	-1	-1	30	89	23	1	-1	-1	-1				-1	-1	-1	-1	-1	-1	-1	0	0	-1	-1	-1	-1	-1	-1	-1	西游普僵
137	西游铁僵	zombie_JourneyWest_basic	330701	-1	330702	-1	330703	-1	330705	-1	330704	-1	1	-1	-1	-1	30	89	23	1	-1	-1	-1				-1	-1	-1	-1	-1	-1	-1	0	0	-1	-1	-1	-1	-1	-1	-1	西游铁僵
138	西游旗僵	zombie_JourneyWest_flag	330801	-1	330802	-1	330806	-1	330804	-1	330807	-1	1	-1	-1	-1	30	89	38	1	-1	-1	-1				-1	-1	-1	-1	-1	-1	-1	0	0	-1	-1	-1	-1	-1	-1	-1	西游旗僵
139	铁锅僵尸	zombie_JourneyWest_tieguo	330907	-1	330906	-1	330901	-1	330908	-1	330905	-1	1	-1	-1	-1	30	89	22	1	-1	-1	-1				-1	-1	-1	-1	-1	-1	-1	0	0	-1	-1	-1	-1	-1	-1	-1	铁锅僵尸
140	叉子小鬼	zombie_JourneyWest_chazi	331001	-1	331002	-1	331006	-1	331004	-1	331003	-1	1	-1	-1	-1	30	89	25	1	-1	-1	-1				-1	-1	-1	-1	331008	-1	25	0	0	1	-1	-1	-1	-1	-1	-1	叉子小鬼
141	土地爷爷	zombie_JourneyWest_tudi	331101	-1	331102	-1	331103	-1	331105	-1	331104	-1	1	-1	-1	-1	30	89	31	1	-1	-1	-1				-1	-1	-1	-1	-1	-1	-1	0	0	-1	-1	-1	-1	-1	-1	-1	土地爷爷
142	红孩儿	zombie_JourneyWest_redboy	331201	-1	331202	-1	331203	-1	331205	-1	331204	-1	1	-1	-1	-1	30	89	28	1	-1	-1	-1				-1	-1	-1	-1	-1	-1	-1	0	0	-1	-1	-1	-1	-1	-1	-1	红孩儿
143	黑熊精	zombie_JourneyWest_heixiong	331301	-1	331302	-1	331303	-1	331305	-1	331304	-1	1	-1	-1	-1	30	89	38	1	-1	-1	-1				-1	-1	-1	-1	-1	-1	-1	0	0	-1	-1	-1	-1	-1	-1	-1	黑熊精
144	黄梅大王	zombie_JourneyWest_huangmei	331405	-1	331401	-1	331403	-1	331406	-1	331402	-1	1	-1	-1	-1	30	89	30	1	-1	-1	-1				-1	-1	-1	-1	-1	-1	-1	0	0	-1	2	-1	-1	2	3	178	黄梅大王
145	白骨精	zombie_JourneyWest_baigu	331501	-1	331502	-1	331506	-1	331508	-1	331503	-1	1	-1	-1	-1	30	89	12	1	-1	-1	-1				-1	-1	-1	-1	13315	-1	12	0	0	-1	-1	-1	-1	-1	-1	173	白骨精
146	蜘蛛精	zombie_JourneyWest_zhizhu	331601	-1	331602	-1	331604	-1	331606	-1	331603	-1	1	-1	-1	-1	30	89	47	1	-1	-1	-1				-1	-1	-1	-1	13316	-1	47	0	0	-1	2	-1	-1	3	4	174	蜘蛛精
147	牛魔王	zombie_JourneyWest_bullking	331701	-1	331702	-1	331703	-1	331705	-1	331704	-1	1	-1	-1	-1	30	89	13	1	-1	-1	-1				-1	-1	-1	-1	-1	-1	-1	0	0	-1	2	-1	-1	3	4	175	牛魔王
148	红孩儿BOSS	zombie_JourneyWest_redboy	9331201	-1	9331202	-1	9331203	-1	9331205	-1	9331204	-1	1	-1	-1	-1	30	89	28	1	-1	-1	-1				-1	-1	-1	-1	-1	-1	-1	0	0	-1	2	-1	-1	3	4	176	红孩儿BOSS
149	土地爷爷BOSS	zombie_JourneyWest_tudi	9331101	-1	9331102	-1	9331103	-1	9331105	-1	9331104	-1	1	-1	-1	-1	30	89	31	1	-1	-1	-1				-1	-1	-1	-1	-1	-1	-1	0	0	-1	2	-1	-1	3	4	177	土地爷爷BOSS
150	黄梅大王BOSS	zombie_JourneyWest_huangmei	9331405	-1	9331401	-1	9331403	-1	9331406	-1	9331402	-1	1	-1	-1	-1	30	89	30	1	-1	-1	-1				-1	-1	-1	-1	-1	-1	-1	0	0	-1	2	-1	-1	2	3	178	黄梅大王BOSS
151	黑熊精BOSS	zombie_JourneyWest_heixiong	9331301	-1	9331302	-1	9331303	-1	9331305	-1	9331304	-1	1	-1	-1	-1	30	89	38	1	-1	-1	-1				-1	-1	-1	-1	-1	-1	-1	0	0	-1	2	-1	-1	3	4	179	黑熊精BOSS
152	叉子小鬼BOSS	zombie_JourneyWest_chazi	9331001	-1	9331002	-1	9331006	-1	9331004	-1	9331003	-1	1	-1	-1	-1	30	89	25	1	-1	-1	-1				-1	-1	-1	-1	9331008	-1	25	0	0	1	2	-1	-1	3	4	180	叉子小鬼BOSS
153	铁锅小鬼BOSS	zombie_JourneyWest_tieguo	9330907	-1	9330906	-1	9330901	-1	9330908	-1	9330905	-1	1	-1	-1	-1	30	89	22	1	-1	-1	-1				-1	-1	-1	-1	-1	-1	-1	0	0	-1	-1	-1	-1	-1	-1	181	铁锅小鬼BOSS
154	钢琴僵尸	Piano_zombies	16101	-1	16101	-1	16102	-1	16103	-1	16105	-1	1	-1	-1	-1	30	89	22	1	-1	-1	-1				-1	-1	-1	-1	1200	-1	4	0	0	-1	2	-1	-1	-1	-1	-1	钢琴僵尸
155	钢琴BOSS	Piano_zombies	916101	-1	916101	-1	916102	-1	916103	-1	916105	-1	1	-1	-1	-1	30	89	22	1	-1	-1	-1				-1	-1	-1	-1	91200	23	4	0	0	-1	2	-1	-1	3	3	226	钢琴BOSS
156	传送带伽刚特尔	legend_zombie_boss_gargantuar	17901	-1	17902	-1	17903	-1	17904	-1	17907	-1	1	-1	-1	-1	30	89	20	1	-1	-1	-1				-1	-1	-1	-1	-1	-1	-1	0	0	-1	2	-1	-1	3	4	439	传送带伽刚特尔
157	维京普通僵尸	zombie_viking	310000	-1	310001	-1	310003	-1	310002	-1	310004	-1	1	34	35	36	30	89	22	1	-1	-1	-1				-1	-1	-1	-1	-1	-1	-1	0	0	-1	-1	-1	-1	-1	-1	-1	维京普通僵尸
158	维京路障僵尸	zombie_viking	310000	-1	310001	-1	310003	-1	310002	-1	310004	-1	1	35	-1	36	30	89	22	1	-1	-1	-1				34	-1	-1	-1	-1	-1	-1	0	0	-1	-1	-1	-1	-1	-1	-1	维京路障僵尸
159	维京路障僵尸boss	zombie_viking	9310000	-1	9310001	-1	9310003	-1	9310002	-1	9310004	-1	1	35	-1	36	30	89	22	1	-1	-1	-1				34	-1	-1	-1	-1	-1	-1	0	0	-1	2	-1	-1	3	3	431	维京路障僵尸boss
160	维京铁桶僵尸	zombie_viking	310000	-1	310001	-1	310003	-1	310002	-1	310004	-1	1	34	-1	36	30	89	22	1	-1	-1	-1				35	-1	-1	-1	-1	-1	-1	0	0	-1	-1	-1	-1	-1	-1	-1	维京铁桶僵尸
161	维京铁桶僵尸boss	zombie_viking	9310000	-1	9310001	-1	9310003	-1	9310002	-1	9310004	-1	1	34	-1	36	30	89	22	1	-1	-1	-1				35	-1	-1	-1	-1	-1	-1	0	0	-1	2	-1	-1	3	3	432	维京铁桶僵尸boss
162	维京号角僵尸	zombie_horn	310101	-1	310102	-1	310105	-1	310104	-1	310103	-1	1	-1	-1	-1	30	89	25	1	-1	-1	-1				-1	-1	-1	-1	2129	33	25	0	0	-1	-1	-1	-1	-1	-1	-1	维京号角僵尸
163	维京号角僵尸Boss	zombie_horn	9310101	-1	9310102	-1	9310105	-1	9310104	-1	9310103	-1	1	-1	-1	-1	30	89	25	1	-1	-1	-1				-1	-1	-1	-1	92129	-1	25	0	0	-1	2	-1	-1	3	3	426	维京号角僵尸Boss
164	维京飞龙饲养员	wyvern_feeder	310202	-1	310205	-1	310211	-1	310210	-1	310208	-1	1	-1	-1	-1	30	89	19	1	-1	-1	-1				-1	-1	-1	-1	2130	26	19	0	0	-1	-1	-1	-1	-1	-1	-1	维京飞龙饲养员
165	维京飞龙饲养员Boss	wyvern_feeder	9310202	-1	9310205	-1	9310211	-1	9310210	-1	9310208	-1	1	-1	-1	-1	30	89	19	1	-1	-1	-1				-1	-1	-1	-1	92130	28	19	0	0	-1	2	-1	-1	3	3	427	维京飞龙饲养员Boss
166	维京飞龙饲养员（带金币）	wyvern_feeder	310201	-1	310204	-1	310212	-1	310209	-1	310207	-1	1	-1	-1	-1	30	89	19	1	-1	-1	-1				-1	-1	-1	-1	2131	27	19	0	0	-1	-1	-1	-1	-1	-1	-1	维京飞龙饲养员（带金币）
167	维京飞龙饲养员Boss（带金币）	wyvern_feeder	9310201	-1	9310204	-1	9310212	-1	9310209	-1	9310207	-1	1	-1	-1	-1	30	89	19	1	-1	-1	-1				-1	-1	-1	-1	92131	29	19	0	0	-1	2	-1	-1	3	3	428	维京飞龙饲养员Boss（带金币）
168	维京龙骑兵	zombie_dragoon	310301	-1	310305	-1	310311	-1	310309	-1	310307	-1	1	-1	-1	-1	30	89	39	1	-1	-1	-1				-1	-1	-1	-1	2132	30	34	0	0	-1	2	-1	-1	3	3	429	维京龙骑兵
169	维京龙骑兵（吞金币）	zombie_dragoon	310303	-1	310306	-1	310312	-1	310310	-1	310308	-1	1	-1	-1	-1	30	89	39	1	-1	-1	-1				-1	-1	-1	-1	-1	30	-1	0	0	-1	2	-1	-1	3	3	430	维京龙骑兵（吞金币）
170	精英美国路障无技能	zombie_tutorial	330001	-1	330002	-1	330006	-1	330004	-1	330007	-1	1	10	24	11	40	89	22	1	-1	-1	-1				-1	34	-1	33	-1	-1	-1	0	0	-1	2	-1	-1	-1	-1	-1	美国路僵
171	精英美国撑杆无技能	zombie_Sprinter	330301	-1	330307	-1	330303	-1	330302	-1	330304	-1	1	-1	-1	-1	30	89	20	1	-1	-1	-1				-1	2	-1	-1	330306	-1	26	0	0	1	2	-1	-1	-1	-1	-1	撑杆僵尸
172	太阳神僵尸	zombie_egypt_ra	15301	-1	15302	-1	15309	-1	15307	-1	15310	-1	1	-1	-1	-1	1	119	20	1	-1	-1	-1				-1	2	-1	1	1195	-1	21	150	0	-1	2	-1	-1	3	4	-1	太阳神僵尸
1000	伽刚特尔（无小僵尸）	legend_zombie_boss_gargantuar	17909	-1	17910	-1	17911	-1	17912	-1	17915	-1	1	-1	-1	-1	30	89	20	1	-1	-1	-1				-1	-1	-1	-1	-1	-1	-1	0	0	-1	2	-1	-1	-1	-1	-1	伽刚特尔（无小僵尸）
1001	埃及探险（无火）	zombie_explorer.fla	15611	_Zombie_Explorer_Idle	15612	_Zombie_Explorer_Walk	15614	_Zombie_Explorer_Eat	15613	_Zombie_Explorer_Die	15609	none	1	-1	-1	17	30	89	20	1	-1	-1	-1				-1	12	-1	11	-1	-1	-1	-1	-1	-1	-1	-1	-1	-1	-1	-1	埃及探险
1002	boss埃及探险（无火）	zombie_explorer.fla	915611	_Zombie_Explorer_Idle	915612	_Zombie_Explorer_Walk	915614	_Zombie_Explorer_Eat	915613	_Zombie_Explorer_Die	915609	none	1	-1	-1	17	30	89	20	1	-1	-1	-1				-1	12	-1	11	-1	-1	-1	-1	-1	-1	-1	-1	-1	-1	-1	-1	埃及探险
1003	推桶小鬼	zombie_son_pirate_barrel	17511	-1	17512	-1	17517	-1	17513	-1	17518	-1	1	-1	-1	-1	30	89	20	1	-1	-1	-1				-1	12	-1	11	-1	-1	-1	-1	-1	-1	-1	-1	-1	-1	-1	-1	推桶小鬼
1004	推桶小鬼Boss	zombie_son_pirate_barrel	917511	-1	917512	-1	917517	-1	917513	-1	917518	-1	1	-1	-1	-1	30	89	20	1	-1	-1	-1				-1	12	-1	11	-1	-1	-1	-1	-1	-1	-1	-1	-1	-1	-1	-1	推桶小鬼Boss
1005	海盗非推桶Boss	zombie_pirate_barrel	917506	_Zombie_Barrel_Idle2	917505	_Zombie_Barrel_Walk2	917509	_Zombie_Barrel_Eat2	917507	_Zombie_Barrel_Die2	917510	none	1	-1	-1	18	30	89	18	1	-1	-1	-1				-1	-1	-1	1	-1	-1	-1	0	0	-1	-1	-1	-1	-1	-1	-1	海盗非推桶Boss
1006	淘金僵尸（熄火）	zombie_prospector_fo	17208	-1	17209	-1	17213	-1	17210	-1	17212	none	1	-1	-1	21	3	58	20	1	-1	-1	-1				-1	2	-1	1	-1	-1	-1	0	0	-1	-1	-1	-1	-1	-1	-1	淘金僵尸
1007	淘金BOSS（熄火）	zombie_prospector_fo	917208	-1	917209	-1	917213	-1	917210	-1	917212	none	1	-1	-1	21	3	58	20	1	-1	-1	-1				-1	2	-1	1	-1	-1	-1	0	0	-1	-1	-1	-1	-1	-1	-1	淘金僵尸
1008	铜锣僵尸Boss	zombie_tongluo	926001	-1	926002	-1	926005	-1	926003	-1	926012	-1	1	-1	-1	-1	30	89	39	1	-1	-1	-1				-1	-1	-1	-1	-1	-1	-1	-1	-1	-1	-1	-1	-1	3	2	405	铜锣僵尸Boss
1009	无铜锣僵尸	zombie_tongluo	26008	-1	26009	-1	26011	-1	26010	-1	26013	-1	1	-1	-1	-1	30	89	39	1	-1	-1	-1				-1	-1	-1	-1	-1	-1	-1	-1	-1	-1	-1	-1	-1	-1	-1	-1	无铜锣僵尸
1010	无铜锣僵尸Boss	zombie_tongluo	926008	-1	926009	-1	926011	-1	926010	-1	926013	-1	1	-1	-1	-1	30	89	39	1	-1	-1	-1				-1	-1	-1	-1	-1	-1	-1	-1	-1	-1	-1	-1	-1	-1	-1	-1	无铜锣僵尸Boss
1011	炮弹小鬼	zombie_pirate_cannon_re	20601	-1	20602	-1	20603	-1	20604	-1	20606	-1	1	-1	-1	-1	30	89	39	1	-1	-1	-1				-1	-1	-1	-1	-1	-1	-1	-1	-1	-1	-1	-1	-1	-1	-1	-1	炮弹小鬼
1012	伽刚小鬼	zombie_pirate_cannon_re	14512	-1	14513	-1	14517	-1	14514	-1	14518	-1	1	-1	-1	-1	30	89	39	1	-1	-1	-1				-1	-1	-1	-1	-1	-1	-1	-1	-1	-1	-1	-1	-1	-1	-1	-1	伽刚小鬼
1013	绵羊僵尸（年兽）	zombie_sheep	341101	-1	341102	-1	341103	-1	341106	-1	341105	-1	1	-1	-1	-1	30	89	69	1	-1	-1	-1				-1	-1	-1	-1	2128	25	-1	-1	-1	-1	2	-1	-1	2	1	425	绵羊僵尸（年兽）
1014	歌王僵尸BOSS	xiaojingteng	161002	-1	165003	-1	161004	-1	165002	-1	161003	-1	1	-1	-1	-1	30	89	69	1	-1	-1	-1				-1	-1	-1	-1	2156	-1	-1	-1	-1	-1	2	-1	-1	1	3	701	歌王僵尸BOSS
1015	歌王僵尸世界BOSS	xiaojingteng	161302	-1	161403	-1	161304	-1	161402	-1	161303	-1	1	-1	-1	-1	30	89	69	1	-1	-1	-1				-1	-1	-1	-1	2156	-1	-1	-1	-1	-1	2	-1	-1	2	1	703	歌王僵尸世界BOSS
1020	未来普通僵尸(普通)	weilaiputongjiangshi	930001	-1	930002	-1	930004	-1	930003	-1	930005	-1	1	37	38	-1	30	89	20	1	-1	-1	-1				-1	-1	-1	-1	-1	-1	-1	0	0	-1	-1	-1	-1	-1	-1	-1	未来普通僵尸
1021	未来路障僵尸(技能)	weilailuzhangjiangshi	930201	-1	930202	-1	930204	-1	930203	-1	930205	-1	1	38	-1	-1	30	89	24	1	-1	-1	-1				-1	-1	-1	-1	-1	-1	-1	0	0	-1	2	-1	-1	3	3	450	未来路障僵尸
1022	未来铁桶僵尸(技能)	weilaitietongjiangshi	930101	-1	930102	-1	930104	-1	930103	-1	930105	-1	1	37	-1	-1	30	89	23	1	-1	-1	-1				-1	-1	-1	-1	-1	-1	-1	0	0	-1	2	-1	-1	3	3	451	未来铁桶僵尸
1023	未来旗子僵尸(技能)	weilaiqizijiangshi	930301	-1	930302	-1	930304	-1	930303	-1	930306	-1	1	-1	-1	-1	10	59	39	1	-1	-1	-1				-1	-1	-1	-1	-1	-1	-1	0	0	-1	2	-1	-1	2	3	452	未来旗子僵尸
1024	未来喷射器僵尸(技能)	weilaipensheqijiangshi	930401	-1	930402	-1	930406	-1	930404	-1	930407	-1	1	-1	-1	-1	30	89	23	1	-1	-1	-1				-1	-1	-1	-1	-1	-1	-1	0	0	-1	2	-1	-1	3	3	-1	未来世界喷射器僵尸
1025	未来电磁盾僵尸(BOSS)	weilaidiancidunjiangshi	930501	-1	930502	-1	930503	-1	930504	-1	930510	-1	1	-1	-1	-1	30	89	23	1	-1	-1	-1	930505	930506	930507	-1	-1	-1	-1	-1	-1	-1	0	0	-1	2	-1	-1	3	3	453	未来世界电磁盾僵尸
1026	未来舞者3000僵尸(BOSS)	weilaishijiewuzhe3000	930601	-1	930602	-1	930603	-1	930607	-1	930609	-1	1	-1	-1	-1	30	89	23	1	-1	-1	-1	930604	930605	930606	-1	-1	-1	-1	-1	-1	-1	0	0	-1	2	-1	-1	3	3	454	未来世界舞者3000僵尸
1027	未来僵尸博士(BOSS)	weilaijiangshiboshi	930701	-1	930702	-1	930703	-1	930707	-1	930708	-1	1	-1	-1	-1	30	89	23	1	-1	-1	-1	930704	930705	930706	-1	-1	-1	-1	-1	-1	-1	0	0	-1	2	-1	-1	2	3	455	未来世界僵尸博士
1028	未来橄榄球僵尸(BOSS)	weilaiganlanqiujiangshi	930801	-1	930802	-1	930803	-1	930804	-1	930809	-1	1	-1	-1	-1	30	89	23	1	-1	-1	-1	930805	930806	930807	-1	-1	-1	-1	-1	-1	-1	0	0	-1	2	-1	-1	2	3	457	未来世界橄榄球僵尸
1029	未来机甲蝗虫小鬼僵尸(普通)	weilaijijiahuangchongxiaogui	930908	-1	930902	-1	930903	-1	930907	-1	930908	-1	1	-1	-1	-1	30	89	23	1	-1	-1	-1	930904	930905	930906	-1	-1	-1	-1	-1	-1	-1	0	0	-1	-1	-1	-1	-1	-1	-1	未来世界机甲蝗虫小鬼
1030	未来巨人统领僵尸（BOSS）	weilaijurentongling	931001	-1	931002	-1	931007	-1	931006	-1	931009	-1	1	-1	-1	-1	30	89	23	1	-1	-1	-1	931003	931004	931005	-1	-1	-1	-1	2169	34	-1	0	0	-1	2	-1	-1	3	3	458	未来世界机甲蝗虫小鬼
1031	未来路障僵尸(普通)	weilailuzhangjiangshi	930207	-1	930208	-1	930210	-1	930209	-1	930211	-1	1	38	-1	-1	30	89	24	1	-1	-1	-1				-1	-1	-1	-1	-1	-1	-1	0	0	-1	-1	-1	-1	-1	-1	-1	未来路障僵尸
1032	未来铁桶僵尸(普通)	weilaitietongjiangshi	930107	-1	930108	-1	930110	-1	930109	-1	930111	-1	1	37	-1	-1	30	89	23	1	-1	-1	-1				-1	-1	-1	-1	-1	-1	-1	0	0	-1	-1	-1	-1	-1	-1	-1	未来铁桶僵尸
1033	未来旗子僵尸(普通)	weilaiqizijiangshi	930307	-1	930308	-1	930310	-1	930309	-1	930312	-1	1	-1	-1	-1	10	59	39	1	-1	-1	-1				-1	-1	-1	-1	-1	-1	-1	0	0	-1	-1	-1	-1	-1	-1	-1	未来旗子僵尸
1034	未来喷射器僵尸(普通)	weilaipensheqijiangshi	930408	-1	930409	-1	930413	-1	930411	-1	930414	-1	1	-1	-1	-1	30	89	23	1	-1	-1	-1				-1	-1	-1	-1	-1	-1	-1	0	0	-1	-1	-1	-1	-1	-1	-1	未来世界喷射器僵尸
1051	黑暗蓝袍法师（普通）	zombie_dark_wizard	950001	-1	950003	-1	950004	-1	950006	-1	950002	-1	1	-1	-1	-1	30	89	23	1	-1	-1	-1				-1	-1	-1	-1	2172	-1	-1	0	0	-1	-1	-1	-1	-1	-1	-1	黑暗蓝袍法师（普通）
1052	黑暗僧侣小鬼（普通）	zombie_dark_imp_monk	951001	-1	951003	-1	951004	-1	951005	-1	951002	-1	1	-1	-1	-1	30	89	23	1	-1	-1	-1				-1	-1	-1	-1	-1	-1	-1	0	0	-1	-1	-1	-1	-1	-1	-1	黑暗僧侣小鬼（普通）
1053	黑暗小龙小鬼（普通）	zombie_dark_imp_dragon	952001	-1	952003	-1	952004	-1	952005	-1	952002	-1	1	-1	-1	-1	30	89	23	1	-1	-1	-1				-1	-1	-1	-1	-1	-1	-1	0	0	-1	-1	-1	-1	-1	-1	-1	黑暗小龙小鬼（普通）
1054	黑暗盗贼僵尸（普通）	zombie_dark_thief	953001	-1	953003	-1	953004	-1	953005	-1	953004	-1	1	-1	-1	-1	30	89	23	1	-1	-1	-1				-1	-1	-1	-1	-1	-1	-1	0	0	-1	-1	-1	-1	-1	-1	-1	黑暗盗贼僵尸（普通）
1055	黑暗旗帜僵尸（技能）	zombie_dark_flag	954001	-1	954003	-1	954004	-1	954006	-1	954002	-1	1	-1	-1	-1	30	89	23	1	-1	-1	-1				-1	-1	-1	-1	-1	-1	-1	0	0	-1	2	-1	-1	1	3	1152	黑暗旗帜僵尸（技能）
1056	黑暗小丑僵尸（技能）	zombie_dark_jester	955001	-1	955003	-1	955008	-1	955009	-1	955002	-1	1	-1	-1	-1	30	89	23	1	-1	-1	-1				-1	-1	-1	-1	-1	-1	-1	0	0	-1	2	-1	-1	1	3	1153	黑暗小丑僵尸（技能）
1057	黑暗小狼僵尸（技能）	zombie_dark_imp_wolf	956001	-1	956003	-1	956004	-1	956005	-1	956002	-1	1	-1	-1	-1	30	89	23	1	-1	-1	-1				-1	-1	-1	-1	-1	-1	-1	0	0	-1	2	-1	-1	1	3	1154	黑暗小狼僵尸（技能）
1058	黑暗盔甲僵尸（技能）	zombie_dark_kuijiajiangshi	957001	-1	957003	-1	957004	-1	957005	-1	957002	-1	1	-1	-1	-1	30	89	23	1	-1	-1	-1				-1	-1	-1	-1	-1	-1	-1	0	0	-1	2	-1	-1	1	3	1155	黑暗盔甲僵尸（技能）
																																											
208	歌王僵尸大格	xiaojingteng	161302	-1	161403	-1	161304	-1	161402	-1	161303	-1	1	-1	-1	-1	30	89	69	1	-1	-1	-1				-1	-1	-1	-1	2191	-1	-1	-1	-1	-1	2	-1	-1	4	4	701	歌王僵尸（大格子僵尸）
209	雪人僵尸大格	yeti.fla	60010	-1	60011	-1	60012	-1	60013	-1	60021	-1	1	23	-1	-1	30	89	20	1	-1	-1	-1				-1	-1	-1	-1	1810	-1	35	0	170	-1	2	-1	-1	4	4	1103	雪人僵尸（大格子僵尸）
210	卡车司机大格	truckman_Zombie	18211	-1	18212	-1	18213	-1	18215	-1	18214	-1	1	-1	-1	-1	45	105	40	1	-1	-1	-1				-1	-1	-1	-1	2182	-1	20	0	0	-1	2	-1	-1	4	4	1102	卡车司机(大格子僵尸)
211	骑鸟僵尸大格	zombie_birdrider	60101	-1	60102	-1	63921	-1	60105	-1	60104	-1	-1	-1	-1	-1	30	89	19	1	-1	-1	-1				-1	-1	-1	-1	2183	-1	-1	0	0	-1	2	-1	-1	4	4	1104	骑鸟僵尸(大格子僵尸)
212	蜗牛僵尸大格	zombie_snai	60201	-1	60202	-1	60203	-1	60206	-1	60205	-1	-1	-1	-1	-1	30	89	22	1	-1	-1	-1				-1	-1	-1	-1	2183	-1	-1	0	0	-1	2	-1	-1	4	4	1105	蜗牛僵尸(大格子僵尸)
213	力士僵尸大格	zombie_stone_carrier	60301	-1	60302	-1	60303	-1	60306	-1	60305	-1	1	-1	-1	-1	1	59	41	1	-1	-1	-1				-1	-1	-1	-1	2184	-1	-1	0	0	-1	2	-1	-1	4	4	1106	力士僵尸(大格子僵尸)
214	猛犸僵尸大格	zombie_elephant	60401	-1	60402	-1	60403	-1	60405	-1	60404	-1	1	-1	-1	-1	1	88	43	1	-1	-1	-1				-1	-1	-1	-1	2182	-1	-1	0	0	-1	2	-1	-1	4	4	1107	猛犸僵尸(大格子僵尸)
215	长城大刀boss大格	zombie_greetwall_broadsword	60501	-1	60502	-1	60503	-1	60505	-1	60504	-1	1	-1	-1	-1	20	59	34	1	-1	-1	-1				-1	-1	-1	-1	2181	-1	35	0	0	-1	2	-1	-1	4	4	1108	长城大刀boss(大格子僵尸)
216	长城投石车boss大格	zombie_greetwall_catapult	60601	-1	60602	-1	60603	-1	60605	-1	60604	-1	1	-1	-1	-1	30	89	27	1	-1	-1	-1				-1	-1	-1	-1	2188	-1	26	60	170	-1	2	-1	-1	4	4	1109	长城投石车boss(大格子僵尸)
217	长城圆锤大格	zombie_greetwall_hammer	60701	-1	60702	-1	60703	-1	60705	-1	60704	-1	1	-1	-1	-1	30	89	26	1	-1	-1	-1				-1	-1	-1	-1	2184	-1	-1	0	0	-1	2	-1	-1	4	4	1110	长城圆锤(大格子僵尸)
218	长城战车大格	zombie_greatwall_gun	60801	-1	60802	-1	60803	-1	60805	-1	60804	-1	1	-1	-1	-1	60	120	20	1	-1	-1	-1				-1	-1	-1	-1	2189	-1	20	50	250	-1	2	-1	-1	4	4	1111	长城战车(大格子僵尸)
219	皇帝僵尸大格	zombie_greetwall_king	60901	-1	60902	-1	60903	-1	60905	-1	60904	-1	1	-1	-1	-1	30	89	27	1	-1	-1	-1				-1	-1	-1	-1	2003	-1	27	82.5	75	-1	2	-1	-1	4	4	1112	皇帝僵尸(大格子僵尸)
220	死神boss大格	zombie_egypt_tombraiser.fla	61001	_Zombie_Tombraiser_Idle	61002	_Zombie_Tombraiser_Walk	61007	_Zombie_Tombraiser_Eat	61003	_Zombie_Tombraiser_Die	61005	-1	1	-1	-1	16	30	89	25	1	-1	-1	-1				-1	10	-1	9	2182	-1	-1	-1	-1	-1	2	-1	-1	4	4	1113	死神boss(大格子僵尸)
221	太阳神boss大格	zombie_egypt_ra	61101	-1	61102	-1	61109	-1	61107	-1	61110	-1	1	-1	-1	-1	1	119	20	1	-1	-1	-1				-1	2	-1	1	2182	-1	21	150	0	-1	2	-1	-1	4	4	1114	太阳神boss(大格子僵尸)
222	大锤武师boss大格	zombie_egypt_ra	61101	-1	61102	-1	61109	-1	61107	-1	3093715	-1	1	-1	-1	-1	1	119	20	1	-1	-1	-1				-1	2	-1	1	1195	-1	21	150	0	-1	2	-1	-1	4	4	1114	大锤武师boss(大格子僵尸)
223	埃及艳后boss大格	zombie_hero_cleopatra	61201	-1	61202	-1	63924	-1	61205	-1	61208	-1	1	-1	-1	-1	2	59	25	1	-1	-1	-1				-1	-1	-1	-1	2185	-1	-1	0	0	-1	2	-1	-1	4	4	1115	埃及艳后boss(大格子僵尸)
224	死神boss大格	zombie_egypt_tombraiser.fla	61001	_Zombie_Tombraiser_Idle	61002	_Zombie_Tombraiser_Walk	61007	_Zombie_Tombraiser_Eat	61003	_Zombie_Tombraiser_Die	61005	-1	1	-1	-1	16	30	89	25	1	-1	-1	-1				-1	10	-1	9	2182	-1	-1	-1	-1	-1	2	-1	-1	4	4	1113	死神boss(大格子僵尸)
226	飞索海盗boss大格	zombie_swashbuckler.fla	61301	_Zombie_Swashbuckler_Idle	61302	_Zombie_Swashbuckler_Walk	61306	_Zombie_Swashbuckler_Eat	61303	_Zombie_Swashbuckler_Die	61305	-1	1	-1	-1	22	30	89	50	1	-1	-1	-1				-1	2	-1	1	2182	-1	-1	0	0	-1	2	-1	-1	4	4	1119	飞索海盗boss(大格子僵尸)
227	海鸥海盗boss大格	zombie_pirate_seagull.fla	61401	_Zombie_Seagull_Idle	61402	_Zombie_Seagull_Walk	61406	_Zombie_Seagull_Eat	61404	_Zombie_Seagull_Die	61407	-1	1	-1	-1	-1	30	89	34	1	-1	-1	-1				-1	-1	-1	-1	2182	-1	-1	0	0	-1	2	-1	-1	4	4	1120	海鸥海盗boss(大格子僵尸)
228	船长boss大格	zombie_pirate_captain	61501	-1	61502	-1	61509	-1	61505	-1	61508	-1	1	-1	-1	-1	30	89	20	1	-1	-1	-1				-1	2	-1	1	2182	-1	32	0	0	-1	2	-1	-1	4	4	1121	船长boss(大格子僵尸)
230	鸡贼boss大格	zombie_farmer	61601	-1	61602	-1	61608	-1	61605	-1	61607	-1	-1	1	-1	-1	21	59	20	1	-1	-1	-1				-1	-1	-1	-1	2182	-1	-1	0	0	-1	2	-1	-1	4	4	1122	鸡贼boss(大格子僵尸)
231	淘金boss大格	zombie_prospector.fla	61701	_Zombie_pros_Basic_Idle	61702	_Zombie_pros_Basic_Walk	63928	_Zombie_pros_Basic_Eat	61703	_Zombie_pros_Basic_Death	61706	-1	1	-1	-1	21	3	58	20	1	-1	-1	-1				-1	2	-1	1	2187	-1	-1	0	0	-1	2	-1	-1	6	6	1123	淘金boss(大格子僵尸)
232	钢琴boss大格	Piano_zombies	61801	-1	61801	-1	61802	-1	61803	-1	61805	-1	1	-1	-1	-1	30	89	22	1	-1	-1	-1				-1	-1	-1	-1	2191	23	4	0	0	-1	2	-1	-1	4	4	1124	钢琴boss(大格子僵尸)
233	机器牛boss大格	zombie_west_bull	61901	-1	61902	-1	61910	-1	61907	-1	61909	-1	1	-1	-1	-1	75	135	20	1	-1	-1	-1				-1	2	-1	1	2182	-1	-1	0	0	-1	2	-1	-1	4	4	1125	机器牛boss(大格子僵尸)
234	僵尸警长大格	Zombie_Boss_police_140324	62001	-1	62002	-1	63926	-1	62005	-1	62004	-1	1	-1	-1	-1	1	49	41	1	-1	-1	-1				-1	-1	-1	-1	2186	-1	-1	0	0	-1	2	-1	-1	4	4	1126	僵尸警长(大格子僵尸)
235	僵尸酋长大格	Zombie_Boss_chief	62101	-1	62102	-1	62103	-1	62105	-1	62104	-1	1	-1	-1	-1	45	105	27	1	-1	-1	-1				-1	-1	-1	-1	2182	-1	-1	0	0	-1	2	-1	-1	4	4	1127	僵尸酋长(大格子僵尸)
236	酒鬼武师大格	zombie_kungfu_drinker	62201	-1	62202	-1	62212	-1	62210	-1	62214	-1	1	-1	-1	-1	30	89	30	1	-1	-1	-1				-1	-1	-1	-1	2182	-1	-1	-1	-1	-1	2	-1	-1	4	4	1128	酒鬼武师(大格子僵尸)
237	大锤武师boss大格	zombie_kungfu_hammer	62301	-1	62302	-1	62305	-1	62303	-1	62307	-1	1	-1	-1	-1	30	89	29	1	-1	-1	-1				-1	-1	-1	-1	2184	-1	20	-1	-1	-1	2	-1	-1	4	4	1129	大锤武师boss(大格子僵尸)
238	气功师boss大格	zombie_kungfu_qigong	62401	-1	62402	-1	62407	-1	62404	-1	62409	-1	1	-1	-1	-1	30	89	30	1	-1	-1	-1				-1	-1	-1	-1	2182	-1	30	0	0	-1	2	-1	-1	4	4	1130	气功师boss(大格子僵尸)
239	刀客boss大格	Swordsman	62504	-1	62503	-1	62501	-1	62505	-1	62502	-1	1	-1	-1	-1	30	89	39	1	-1	-1	-1				-1	-1	-1	-1	2181	-1	-1	-1	-1	-1	2	-1	-1	4	4	1131	刀客boss(大格子僵尸)
240	刺客大格	zombie_assassin	62605	-1	62604	-1	62601	-1	62606	-1	62603	-1	1	-1	-1	-1	30	89	39	1	-1	-1	-1				-1	-1	-1	-1	2181	-1	26	-1	-1	-1	2	-1	-1	4	4	1132	刺客(大格子僵尸)
241	禅杖武僧大格	zombie_kungfu_luzhishen	62702	-1	62703	-1	62704	-1	62705	-1	62708	-1	1	-1	-1	-1	30	89	40	1	-1	-1	-1				-1	-1	-1	-1	2184	-1	-1	-1	-1	-1	2	-1	-1	4	4	1133	禅杖武僧(大格子僵尸)
242	土地爷爷BOSS大格	zombie_JourneyWest_tudi	62801	-1	62802	-1	62803	-1	62805	-1	62804	-1	1	-1	-1	-1	30	89	31	1	-1	-1	-1				-1	-1	-1	-1	2184	-1	-1	0	0	-1	2	-1	-1	4	4	1134	土地爷爷BOSS(大格子僵尸)
243	黑熊精BOSS大格	zombie_JourneyWest_heixiong	62901	-1	62902	-1	62903	-1	62905	-1	62904	-1	1	-1	-1	-1	30	89	38	1	-1	-1	-1				-1	-1	-1	-1	2181	-1	-1	0	0	-1	2	-1	-1	4	4	1136	黑熊精BOSS(大格子僵尸)
244	黄梅大王BOSS大格	zombie_JourneyWest_huangmei	63005	-1	63001	-1	63003	-1	63006	-1	63002	-1	1	-1	-1	-1	30	89	30	1	-1	-1	-1				-1	-1	-1	-1	2184	-1	-1	0	0	-1	2	-1	-1	4	4	1135	黄梅大王BOSS(大格子僵尸)
245	白骨精大格	zombie_JourneyWest_baigu	63101	-1	63102	-1	63106	-1	63108	-1	63103	-1	1	-1	-1	-1	30	89	12	1	-1	-1	-1				-1	-1	-1	-1	2197	-1	12	0	0	-1	2	-1	-1	4	4	1137	白骨精(大格子僵尸)
246	蜘蛛精大格	zombie_JourneyWest_zhizhu	63201	-1	63202	-1	63204	-1	63206	-1	63203	-1	1	-1	-1	-1	30	89	47	1	-1	-1	-1				-1	-1	-1	-1	2198	-1	47	0	0	-1	2	-1	-1	4	4	1138	蜘蛛精(大格子僵尸)
247	牛魔王大格	zombie_JourneyWest_bullking	63301	-1	63302	-1	63303	-1	63305	-1	63304	-1	1	-1	-1	-1	30	89	13	1	-1	-1	-1				-1	-1	-1	-1	2184	-1	-1	0	0	-1	2	-1	-1	4	4	1139	牛魔王(大格子僵尸)
248	维京路障僵尸boss大格	zombie_viking	63401	-1	63402	-1	63404	-1	63403	-1	63405	-1	1	35	-1	36	30	89	22	1	-1	-1	-1				34	-1	-1	-1	2182	-1	-1	0	0	-1	2	-1	-1	4	4	1140	维京路障僵尸boss(大格子僵尸)
249	飞龙饲养员Boss大格	wyvern_feeder	63502	-1	63505	-1	63511	-1	63510	-1	63508	-1	1	-1	-1	-1	30	89	19	1	-1	-1	-1				-1	-1	-1	-1	2194	35	19	0	0	-1	2	-1	-1	4	4	1141	飞龙饲养员Boss(大格子僵尸)
250	号角僵尸BOSS大格	zombie_horn	63601	-1	63602	-1	63605	-1	63604	-1	63603	-1	1	-1	-1	-1	30	89	25	1	-1	-1	-1				-1	-1	-1	-1	2193	-1	25	0	0	-1	2	-1	-1	4	4	1142	号角僵尸BOSS(大格子僵尸)
252	维京龙骑兵大格	zombie_dragoon	63701	-1	63705	-1	63711	-1	63709	-1	63707	-1	1	-1	-1	-1	30	89	39	1	-1	-1	-1				-1	-1	-1	-1	2132	30	34	0	0	-1	2	-1	-1	4	4	1143	维京龙骑兵(大格子僵尸)
253	维京龙骑兵大格吞金币	zombie_dragoon	63701	-1	63705	-1	63711	-1	63709	-1	63707	-1	1	-1	-1	-1	30	89	39	1	-1	-1	-1				-1	-1	-1	-1	2132	30	34	0	0	-1	2	-1	-1	4	4	1145	维京龙骑兵吞金币(大格子僵尸)
254	滚筒大格	zombie_pirate_barrel	63801	_Zombie_Barrel_Idle	63802	_Zombie_Barrel_Walk	63803	_Zombie_Barrel_Eat	63807	_Zombie_Barrel_Die	63810	-1	1	-1	-1	18	30	89	50	1	-1	-1	-1				-1	-1	-1	1	2184	-1	-1	0	0	-1	2	-1	-1	4	4	1144	海盗推桶
255	未来电磁盾僵尸大格	weilaidiancidunjiangshi	64001	-1	64002	-1	64003	-1	64004	-1	64010	-1	1	-1	-1	-1	30	89	23	1	-1	-1	-1	64005	64006	64007	-1	-1	-1	-1	-1	-1	-1	0	0	-1	2	-1	-1	4	4	1146	未来世界电磁盾僵尸
256	未来舞者3000僵尸大格	weilaiwuzhe3000	64101	-1	64102	-1	64103	-1	64107	-1	64109	-1	1	-1	-1	-1	30	89	23	1	-1	-1	-1	64104	64105	64106	-1	-1	-1	-1	-1	-1	-1	0	0	-1	2	-1	-1	4	4	1147	未来世界舞者3000僵尸
257	未来僵尸博士大格	weilaijiangshiboshi	64201	-1	64202	-1	64203	-1	64207	-1	64208	-1	1	-1	-1	-1	30	89	23	1	-1	-1	-1	64204	64205	64206	-1	-1	-1	-1	-1	-1	-1	0	0	-1	2	-1	-1	4	4	1148	未来世界僵尸博士
258	未来橄榄球僵尸大格	weilaiganlanqiujiche	64301	-1	64302	-1	64303	-1	64304	-1	64309	-1	1	-1	-1	-1	30	89	23	1	-1	-1	-1	64305	64306	64307	-1	-1	-1	-1	-1	-1	-1	0	0	-1	2	-1	-1	4	4	1150	未来世界橄榄球僵尸
259	未来僵尸统领大格	weilaijurentongling	64401	-1	64402	-1	64407	-1	64406	-1	64409	-1	1	-1	-1	-1	30	89	23	1	-1	-1	-1	64403	64404	64405	-1	-1	-1	-1	2182	-1	-1	0	0	-1	2	-1	-1	4	4	1151	未来世界僵尸统领
260	黑暗狼人僵尸大格	zombie_dark_boss_wolf	67001	-1	67003	-1	67004	-1	67005	-1	67002	-1	1	-1	-1	-1	30	89	23	1	-1	-1	-1				-1	-1	-1	-1	2182	-1	-1	0	0	-1	2	-1	-1	4	4	1156	黑暗狼人僵尸大格
261	黑暗骑士僵尸大格	zombie_dark_horseknight	68001	-1	68004	-1	68005	-1	68006	-1	68002	-1	1	-1	-1	-1	30	89	23	1	-1	-1	-1				-1	-1	-1	-1	2182	-1	-1	0	0	-1	2	-1	-1	4	4	1157	黑暗骑士僵尸大格
262	黑暗黑袍巫师大格	zombie_dark_icewizard	69001	-1	69003	-1	69004	-1	69006	-1	69002	-1	1	-1	-1	-1	30	89	23	1	-1	-1	-1				-1	-1	-1	-1	2182	-1	-1	0	0	-1	2	-1	-1	4	4	1158	黑暗黑袍巫师大格
263	黑暗国王僵尸大格	zombie_dark_king	70002	-1	-1	-1	70004	-1	70006	-1	70003	-1	1	-1	-1	-1	30	89	23	1	-1	-1	-1				-1	-1	-1	-1	2182	-1	-1	0	0	-1	2	-1	-1	4	4	1159	黑暗国王僵尸大格
264	黑暗加刚特尔大格	dark_gargantuar	71001	-1	71003	-1	71004	-1	71005	-1	71002	-1	1	-1	-1	-1	30	89	23	1	-1	-1	-1				-1	-1	-1	-1	2182	-1	-1	0	0	-1	2	-1	-1	4	4	1160	黑暗加刚特尔大格
265	黑暗机械巨龙	Zombie_Dark_ZombossNEW	72002	-1	-1	-1	72004	-1	72012	-1	72006	-1	1	-1	-1	-1	30	89	23	1	-1	-1	-1				-1	-1	-1	-1	2200	-1	60	0	0	-1	2	-1	-1	4	4	1161	黑暗巨龙大格
																																											
301	摇滚僵尸	zombie_80s_arcade	177210	-1	177211		177214		177213		177215	-1	1	40	41	42	65	152	23	1	-1	-1	-1				-1	-1	-1	-1	-1	-1	-1	0	0	-1	2	-1	-1	4	4	-1	摇滚僵尸
302	摇滚路障僵尸	zombie_80s_arcade	177210	-1	177211		177214		177213		177215	-1	1	41	-1	42	30	89	23	1	-1	-1	-1				40	-1	-1	-1	-1	-1	-1	0	0	-1	2	-1	-1	3	3	1171	摇滚路障僵尸
303	摇滚铁桶僵尸	zombie_80s_arcade	177210	-1	177211		177214		177213		177215	-1	1	40	-1	42	30	89	23	1	-1	-1	-1				41	-1	-1	-1	-1	-1	-1	0	0	-1	2	-1	-1	3	3	1172	摇滚铁桶僵尸
304	摇滚旗子僵尸	zombie_80s_basic_flag	177310	-1	177311		177314		177313		-1	-1	1	-1	-1	-1	30	89	23	1	-1	-1	-1				-1	-1	-1	-1	-1	-1	-1	0	0	-1	2	-1	-1	2	3	1180	旗子僵尸
305	摇滚小鬼僵尸	zombie_80s_imp	177410	-1	177411		177414		177413		-1	-1	1	-1	-1	-1	30	89	23	1	-1	-1	-1				-1	-1	-1	-1	-1	-1	-1	0	0	-1	2	-1	-1	4	4	-1	小鬼僵尸
306	录音机僵尸	zombie_80s_boombox	177510	-1	177511		177517		177513		-1	-1	1	-1	-1	-1	30	89	23	1	-1	-1	-1				-1	-1	-1	-1	-1	-1	-1	0	0	-1	2	-1	-1	4	4	-1	录音机僵尸
307	霹雳舞僵尸	zombie_80s_breakdancer	177610	-1	177611		177614		177613		-1	-1	1	-1	-1	-1	30	89	23	1	-1	-1	-1				-1	-1	-1	-1	-1	-1	-1	0	0	-1	2	-1	-1	4	4	-1	霹雳舞僵尸
308	说唱僵尸	zombie_80s_mczombie	177710	-1	177711		177714		177713		-1	-1	1	-1	-1	-1	30	89	23	1	-1	-1	-1				-1	-1	-1	-1	-1	-1	-1	0	0	-1	2	-1	-1	4	4	1173	说唱僵尸
309	朋克僵尸	zombie_80s_punk	300000	-1	300001		300004		300003		-1	-1	1	-1	-1	-1	30	89	23	1	-1	-1	-1				-1	-1	-1	-1	-1	-1	-1	0	0	-1	2	-1	-1	4	4	1174	朋克僵尸
310	街机僵尸	zombie_80s_arcade	301000	-1	301001		301004		301003		-1	-1	1	-1	-1	-1	30	89	75	1	-1	-1	-1				-1	-1	-1	-1	-1	-1	-1	0	0	-1	2	-1	-1	4	4	1175	街机僵尸
311	贝斯手僵尸	zombie_eighties_bass	302000	-1	302001		302004		302003		-1	-1	1	-1	-1	-1	30	89	20	1	-1	-1	-1				-1	-1	-1	-1	-1	-1	-1	0	0	-1	2	-1	-1	4	4	1176	贝斯手僵尸
312	重金属僵尸	zombie_80s_gargantuar	303000	-1	303001		303004		303003		-1	-1	1	-1	-1	-1	30	89	23	1	-1	-1	-1				-1	-1	-1	-1	-1	-1	-1	0	0	-1	2	-1	-1	4	4	1177	重金属僵尸
313	摇滚僵尸博士	zombie_eighties_zomboss	304000	-1	-1		304004		304003		-1	-1	1	-1	-1	-1	30	89	70	1	-1	-1	-1				-1	-1	-1	-1	-1	-1	-1	0	0	-1	2	-1	-1	4	4	1178	摇滚僵博
																																											
																																											
																																											
																																											
																																											
																																											
																																											
																																											
																																											
																																											
																																											
																																											
																																											
																																											
																																											
																																											
																																											
																																											
																																											
																																											
																																											
																																											
																																											
																																											
																																											
																																											
																																											
																																											
																																											
																																											
																																											
																																											
																																											
																																											
																																											
																																											
																																											
																																											
																																											
																																											
																																											
																																											
																																											
																																											
																																											
																																											
																																											
																																											
																																											
																																											
																																											
																																											
																																											
																																											
																																											
																																											
																																											
																																											
																																											
																																											
																																											
																																											
																																											
																																											
																																											
																																											
																																											
																																											
																																											
																																											
																																											
																																											
																																											
																																											
																																											
																																											
																																											
																																											
																																											
																																											
																																											
																																											
																																											
																																											
																																											
																																											
																																											
																																											
																																											
																																											
																																											
																																											
																																											
																																											
																																											
																																											
																																											
																																											
																																											
																																											
																																											
																																											
																																											
																																											
																																											
																																											
																																											
																																											
																																											
																																											
																																											
																																											
																																											
																																											
																																											
																																											
																																											
																																											
																																											
																																											
																																											
																																											
																																											
																																											
																																											
																																											
																																											
																																											
																																											
																																											
																																											
																																											
																																											
																																											
																																											
																																											
																																											
																																											
																																											
																																											
																																											
																																											
																																											
																																											
																																											
																																											
																																											
																																											
																																											
																																											
																																											
																																											
																																											
																																											
																																											
																																											
																																											
																																											
																																											
																																											
																																											
																																											
																																											
																																											
																																											
																																											
																																											
																																											
																																											
																																											
																																											
																																											
																																											
																																											
																																											
																																											
																																											
																																											
																																											
																																											
																																											
																																											
																																											
																																											
																																											
																																											
																																											
																																											
																																											
																																											
																																											
																																											
																																											
																																											
																																											
																																											
																																											
																																											
																																											
																																											
																																											
																																											
																																											
																																											
																																											
																																											
																																											
																																											
																																											
																																											
																																											
																																											
																																											
																																											
																																											
																																											
																																											
																																											
																																											
																																											
																																											
																																											
																																											
																																											
																																											
																																											
																																											
																																											
																																											
																																											
																																											
																																											
																																											
																																											
																																											
																																											
																																											
																																											
																																											
																																											
																																											
																																											
																																											
																																											
																																											
																																											
																																											
																																											
																																											
																																											
																																											
																																											
																																											
																																											
																																											
																																											
																																											
																																											
																																											
																																											
																																											
																																											
																																											
																																											
																																											
																																											
																																											
																																											
																																											
																																											
																																											
																																											
																																											
																																											
																																											
																																											
																																											
																																											
																																											
																																											
																																											
																																											
																																											
																																											
																																											
																																											
																																											
																																											
																																											
																																											
																																											
																																											
																																											
																																											
																																											
																																											
																																											
																																											
																																											
																																											
																																											
																																											
																																											
																																											
																																											
																																											
																																											
																																											
																																											
																																											
																																											
																																											
																																											
																																											
																																											
																																											
																																											
																																											
																																											
																																											
																																											
																																											
																																											
																																											
																																											
																																											
																																											
																																											
																																											
																																											
																																											
																																											
																																											
																																											
																																											
																																											
																																											
																																											
																																											
																																											
																																											
																																											
																																											
																																											
																																											
																																											
																																											
																																											
																																											
																																											
																																											
																																											
																																											
																																											
																																											
																																											
																																											
																																											
																																											
																																											
																																											
																																											
																																											
																																											
																																											
																																											
																																											
																																											
																																											
																																											
																																											
																																											
																																											
																																											
																																											
																																											
																																											
																																											
																																											
																																											
																																											
																																											
																																											
																																											
																																											
																																											
																																											
																																											
																																											
																																											
																																											
																																											
																																											
																																											
																																											
																																											
																																											
																																											
																																											
																																											
																																											
																																											
																																											
																																											
																																											
																																											
																																											
																																											
																																											
																																											
																																											
																																											
																																											
																																											
																																											
																																											
																																											
																																											
																																											
																																											
																																											
																																											
																																											
																																											
																																											
																																											
																																											
																																											
																																											
																																											
																																											
																																											
																																											
																																											
																																											
																																											
																																											
																																											
																																											
																																											
																																											
																																											
																																											
																																											
																																											
																																											
																																											
																																											
																																											
																																											
																																											
																																											
																																											
																																											
																																											
																																											
																																											
																																											
																																											
																																											
																																											
																																											
																																											
																																											
																																											
																																											
																																											
																																											
																																											
																																											
																																											
																																											
																																											
																																											
																																											
																																											
																																											
																																											
																																											
																																											
																																											
																																											
																																											
																																											
																																											
																																											
																																											
																																											
																																											
																																											
																																											
																																											
																																											
																																											
																																											
																																											
																																											
																																											
																																											
																																											
																																											
																																											
																																											
																																											
																																											
																																											
																																											
																																											
																																											
																																											
																																											
																																											
																																											
																																											
																																											
																																											
																																											
																																											
																																											
																																											
																																											
																																											
																																											
																																											
																																											
																																											
																																											
																																											
																																											
																																											
																																											
																																											
																																											
																																											
																																											
																																											
																																											
																																											
																																											
																																											
																																											
																																											
																																											
																																											
																																											
																																											
																																											
																																											
																																											
																																											
																																											
																																											
																																											
																																											
																																											
																																											
																																											
																																											
																																											
																																											
																																											
																																											
																																											
																																											
																																											
																																											
																																											
																																											
																																											
																																											
																																											
																																											
																																											
																																											
																																											
																																											
																																											
																																											
																																											
																																											
																																											
																																											
																																											
																																											
																																											
																																											
																																											
																																											
																																											
																																											
																																											
																																											
																																											
																																											
																																											
																																											
																																											
																																											
																																											
																																											
																																											
																																											
																																											
																																											
																																											
																																											
																																											
																																											
																																											
																																											
																																											
																																											
																																											
																																											
																																											
																																											
																																											
																																											
																																											
																																											
																																											
																																											
																																											
																																											
																																											
																																											
																																											
																																											
																																											
																																											
																																											
																																											
																																											
																																											
																																											
																																											
																																											
																																											
																																											
																																											
																																											
																																											
																																											
																																											
																																											
																																											
																																											
																																											
																																											
																																											
																																											
																																											
																																											
																																											
																																											
																																											
																																											
																																											
																																											
																																											
																																											
																																											
																																											
																																											
																																											
																																											
																																											
																																											
																																											
																																											
																																											
																																											
																																											
																																											
																																											
																																											
																																											
																																											
																																											
																																											
																																											
																																											
																																											
																																											
																																											
																																											
																																											
																																											
																																											
																																											
																																											
																																											
																																											
																																											
																																											
																																											
																																											
																																											
																																											
																																											
																																											
																																											
																																											
																																											
																																											
																																											
																																											
																																											
																																											
																																											
																																											
																																											
																																											
																																											
																																											
																																											
																																											
																																											
																																											
																																											
																																											
																																											
																																											
																																											
																																											
																																											
																																											
																																											
																																											
																																											
																																											
																																											
																																											
																																											
																																											
																																											
																																											
																																											
																																											
																																											
																																											
																																											
																																											
																																											
																																											
																																											
																																											
																																											
																																											
																																											
																																											
																																											
																																											
																																											
																																											
																																											
																																											
																																											
																																											
																																											
																																											
																																											
																																											
																																											
																																											
																																											
																																											
																																											
																																											
																																											
																																											
																																											
																																											
																																											
																																											
																																											
																																											
																																											
																																											
																																											
																																											
																																											
																																											
																																											
																																											
																																											
																																											
																																											
																																											
																																											
																																											
																																											
																																											
																																											
																																											
																																											
																																											
																																											
																																											
																																											
																																											
																																											
																																											
																																											
																																											
																																											
																																											
																																											
																																											
																																											
																																											
																																											
																																											
																																											
																																											
																																											
																																											
																																											
																																											
																																											
																																											
																																											
																																											
																																											
																																											
																																											
																																											
																																											
																																											
																																											
																																											
																																											
																																											
																																											
																																											
																																											
																																											
																																											
																																											
																																											
																																											
																																											
																																											
																																											
																																											
																																											
																																											
																																											
																																											
																																											
																																											
																																											
																																											
																																											
																																											
																																											
																																											
																																											
																																											
																																											
																																											
																																											
																																											
																																											
																																											
																																											
																																											
																																											
																																											
																																											
																																											
																																											
																																											
																																											
																																											
																																											
																																											
																																											
																																											
																																											
																																											
																																											
																																											
																																											
																																											
																																											
																																											
																																											
																																											
																																											
																																											
																																											
																																											
																																											
																																											
																																											
																																											
																																											
																																											
																																											
																																											
																																											
																																											
																																											
																																											
																																											
																																											
																																											
																																											
																																											
																																											
																																											
																																											
																																											
																																											
																																											
																																											
																																											
																																											
																																											
																																											
																																											
																																											
																																											
																																											
																																											
																																											
																																											
																																											
																																											
																																											
																																											
																																											
																																											
																																											
																																											
																																											
																																											
																																											
																																											
																																											
																																											
																																											
																																											
																																											
																																											
																																											
																																											
																																											
																																											
																																											
																																											
																																											
																																											
																																											
																																											
																																											
																																											
																																											
																																											
																																											
																																											
																																											
																																											
																																											
																																											
																																											
																																											
																																											
																																											
																																											
																																											
																																											
																																											
																																											
																																											
																																											
																																											
																																											
																																											
																																											
																																											
																																											
																																											
																																											
																																											
																																											
																																											
																																											
																																											
																																											
																																											
																																											
																																											
																																											
																																											
																																											
																																											
																																											
																																											
																																											
																																											
																																											
																																											
																																											
																																											
																																											
																																											
																																											
																																											
																																											
																																											
																																											
																																											
																																											
																																											
																																											
																																											
																																											
																																											
																																											
																																											
																																											
																																											
																																											
																																											
																																											
																																											
																																											
																																											
																																											
																																											
																																											
																																											
																																											
																																											
																																											
																																											
																																											
																																											
																																											
																																											
																																											
																																											
																																											
																																											
																																											
																																											
																																											
																																											
																																											
																																											
																																											
																																											
																																											
																																											
																																											
																																											
																																											
																																											
																																											
																																											
																																											
																																											
																																											
																																											
																																											
																																											
																																											
																																											
																																											
																																											
																																											
																																											
																																											
																																											
																																											
																																											
																																											
																																											
																																											
																																											
																																											
																																											
																																											
																																											
																																											
																																											
																																											
																																											
																																											
																																											
																																											
																																											
																																											
																																											
																																											
																																											
																																											
																																											
																																											
																																											
																																											
																																											
																																											
																																											
																																											
																																											
																																											
																																											
																																											
																																											
																																											
																																											
																																											
																																											
																																											
																																											
																																											
																																											
																																											
																																											
																																											
																																											
																																											
																																											
																																											
																																											
																																											
																																											
																																											
																																											
																																											
																																											
																																											
																																											
																																											
																																											
																																											
																																											
																																											
																																											
																																											
																																											
																																											
																																											
																																											
																																											
																																											
																																											
																																											
																																											
																																											
																																											
																																											
																																											
																																											
																																											
																																											
																																											
																																											
																																											
																																											
																																											
																																											
																																											
																																											
																																											
																																											
																																											
																																											
																																											
																																											
																																											
																																											
																																											
																																											
																																											
																																											
																																											
																																											
																																											
																																											
																																											
																																											
																																											
																																											
																																											
																																											
																																											
																																											
																																											
																																											
																																											
																																											
																																											
																																											
																																											
																																											
																																											
																																											
																																											
																																											
																																											
																																											
																																											
																																											
																																											
																																											
																																											
																																											
																																											
																																											
																																											
																																											
																																											
																																											
																																											
																																											
																																											
																																											
																																											
																																											
																																											
																																											
																																											
																																											
																																											
																																											
																																											
																																											
																																											
																																											
																																											
																																											
																																											
																																											
																																											
																																											
																																											
																																											
																																											
																																											
																																											
																																											
																																											
																																											
																																											
																																											
																																											
																																											
																																											
																																											
																																											
																																											
																																											
																																											
																																											
																																											
																																											
																																											
																																											
																																											
																																											
																																											
																																											
																																											
																																											
																																											
																																											
																																											
																																											
																																											
																																											
																																											
																																											
																																											
																																											
																																											
																																											
																																											
																																											
																																											
																																											
																																											
																																											
																																											
																																											
																																											
																																											
																																											
																																											
																																											
																																											
																																											
																																											
																																											
																																											
																																											
																																											
																																											
																																											
																																											
																																											
																																											
																																											
																																											
																																											
																																											
																																											
																																											
																																											
																																											
																																											
																																											
																																											
																																											
																																											
																																											
																																											
																																											
																																											
																																											
																																											
																																											
																																											
																																											
																																											
																																											
																																											
																																											
																																											
																																											
																																											
																																											
																																											
																																											
																																											
																																											
																																											
																																											
																																											
																																											
																																											
																																											
																																											
																																											
																																											
																																											
																																											
																																											
																																											
																																											
																																											
																																											
																																											
																																											
																																											
																																											
																																											
																																											
																																											
																																											
																																											
																																											
																																											
																																											
																																											
																																											
																																											
																																											
																																											
																																											
																																											
																																											
																																											
																																											
																																											
																																											
																																											
																																											
																																											
																																											
																																											
																																											
																																											
																																											
																																											
																																											
																																											
																																											
																																											
																																											
																																											
																																											
																																											
																																											
																																											
																																											
																																											
																																											
																																											
																																											
																																											
																																											
																																											
																																											
																																											
																																											
																																											
																																											
																																											
																																											
																																											
																																											
																																											
																																											
																																											
																																											
																																											
																																											
																																											
																																											
																																											
																																											
																																											
																																											
																																											
																																											
																																											
																																											
																																											
																																											
																																											
																																											
																																											
																																											
																																											
																																											
																																											
																																											
																																											
																																											
																																											
																																											
																																											
																																											
																																											
																																											
																																											
																																											
																																											
																																											
																																											
																																											
																																											
																																											
																																											
																																											
																																											
																																											
																																											
																																											
																																											
																																											
																																											
																																											
																																											
																																											
																																											
																																											
																																											
																																											
																																											
																																											
																																											
																																											
																																											
																																											
																																											
																																											
																																											
																																											
																																											
																																											
																																											
																																											
																																											
																																											
																																											
																																											
																																											
																																											
																																											
																																											
																																											
																																											
																																											
																																											
																																											
																																											
																																											
																																											
																																											
																																											
																																											
																																											
																																											
																																											
																																											
																																											
																																											
																																											
																																											
																																											
																																											
																																											
																																											
																																											
																																											
																																											
																																											
																																											
																																											
																																											
																																											
																																											
																																											
																																											
																																											
																																											
																																											
																																											
																																											
																																											
																																											
																																											
																																											
																																											
																																											
																																											
																																											
																																											
																																											
																																											
																																											
																																											
																																											
																																											
																																											
																																											
																																											
																																											
																																											
																																											
																																											
																																											
																																											
																																											
																																											
																																											
																																											
																																											
																																											
																																											
																																											
																																											
																																											
																																											
																																											
																																											
																																											
																																											
																																											
																																											
																																											
																																											
																																											
																																											
																																											
																																											
																																											
																																											
																																											
																																											
																																											
																																											
																																											
																																											
																																											
																																											
																																											
																																											
																																											
																																											
																																											
																																											
																																											
																																											
																																											
																																											
																																											
																																											
																																											
																																											
																																											
																																											
																																											
																																											
																																											
																																											
																																											
																																											
																																											
																																											
																																											
																																											
																																											
																																											
																																											
																																											
																																											
																																											
																																											
																																											
																																											
																																											
																																											
																																											
																																											
																																											
																																											
																																											
																																											
																																											
																																											
																																											
																																											
																																											
																																											
																																											
																																											
																																											
																																											
																																											
																																											
																																											
																																											
																																											
																																											
																																											
																																											
																																											
																																											
																																											
																																											
																																											
																																											
																																											
																																											
																																											
																																											
																																											
																																											
																																											
																																											
																																											
																																											
																																											
																																											
																																											
																																											
																																											
																																											
																																											
																																											
																																											
																																											
																																											
																																											
																																											
																																											
																																											
																																											
																																											
																																											
																																											
																																											
																																											
																																											
																																											
																																											
																																											
																																											
																																											
																																											
																																											
																																											
																																											
																																											
																																											
																																											
																																											
																																											
																																											
																																											
																																											
																																											
																																											
																																											
																																											
																																											
																																											
																																											
																																											
																																											
																																											
																																											
																																											
																																											
																																											
																																											
																																											
																																											
																																											
																																											
																																											
																																											
																																											
																																											
																																											
																																											
																																											
																																											
																																											
																																											
																																											
																																											
																																											
																																											
																																											
																																											
																																											
																																											
																																											
																																											
																																											
																																											
																																											
																																											
																																											
																																											
																																											
																																											
																																											
																																											
																																											
																																											
																																											
																																											
																																											
																																											
																																											
																																											
																																											
																																											
																																											
																																											
																																											
																																											
																																											
																																											
																																											
																																											
																																											
																																											
																																											
																																											
																																											
																																											
																																											
																																											
																																											
																																											
																																											
																																											
																																											
																																											
																																											
																																											
																																											
																																											
																																											
																																											
																																											
																																											
																																											
																																											
																																											
																																											
																																											
																																											
																																											
																																											
																																											
																																											
																																											
																																											
																																											
																																											
																																											
																																											
																																											
																																											
																																											
																																											
																																											
																																											
																																											
																																											
																																											
																																											
																																											
																																											
																																											
																																											
																																											
																																											
																																											
																																											
																																											
																																											
																																											
																																											
																																											
																																											
																																											
																																											
																																											
																																											
																																											
																																											
																																											
																																											
																																											
																																											
																																											
																																											
																																											
																																											
																																											
																																											
																																											
																																											
																																											
																																											
																																											
																																											
																																											
																																											
																																											
																																											
																																											
																																											
																																											
																																											
																																											
																																											
																																											
																																											
																																											
																																											
																																											
																																											
																																											
																																											
																																											
																																											
																																											
																																											
																																											
																																											
																																											
																																											
																																											
																																											
																																											
																																											
																																											
																																											
																																											
																																											
																																											
																																											
																																											
																																											
																																											
																																											
																																											
																																											
																																											
																																											
																																											
																																											
																																											
																																											
																																											
																																											
																																											
																																											
																																											
																																											
																																											
																																											
																																											
																																											
																																											
																																											
																																											
																																											
																																											
																																											
																																											
																																											
																																											
																																											
																																											
																																											
																																											
																																											
																																											
																																											
																																											
																																											
																																											
																																											
																																											
																																											
																																											
																																											
																																											
																																											
																																											
																																											
																																											
																																											
																																											
																																											
																																											
																																											
																																											
																																											
																																											
																																											
																																											
																																											
																																											
																																											
																																											
																																											
																																											
																																											
																																											
																																											
																																											
																																											
																																											
																																											
																																											
																																											
																																											
																																											
																																											
																																											
																																											
																																											
																																											
																																											
																																											
																																											
																																											
																																											
																																											
																																											
																																											
																																											
																																											
																																											
																																											
																																											
																																											
																																											
																																											
																																											
																																											
																																											
																																											
																																											
																																											
																																											
																																											
																																											
																																											
																																											
																																											
																																											
																																											
																																											
																																											
																																											
																																											
																																											
																																											
																																											
																																											
																																											
																																											
																																											
																																											
																																											
																																											
																																											
																																											
																																											
																																											
																																											
																																											
																																											
																																											
																																											
																																											
																																											
																																											
																																											
																																											
																																											
																																											
																																											
																																											
																																											
																																											
																																											
																																											
																																											
																																											
																																											
																																											
																																											
																																											
																																											
																																											
																																											
																																											
																																											
																																											
																																											
																																											
																																											
																																											
																																											
																																											
																																											
																																											
																																											
																																											
																																											
																																											
																																											
																																											
																																											
																																											
																																											
																																											
																																											
																																											
																																											
																																											
																																											
																																											
																																											
																																											
																																											
																																											
																																											
																																											
																																											
																																											
																																											
																																											
																																											
																																											
																																											
																																											
																																											
																																											
																																											
																																											
																																											
																																											
																																											
																																											
																																											
																																											
																																											
																																											
																																											
																																											
																																											
																																											
																																											
																																											
																																											
																																											
																																											
																																											
																																											
																																											
																																											
																																											
																																											
																																											
																																											
																																											
																																											
																																											
																																											
																																											
																																											
																																											
																																											
																																											
																																											
																																											
																																											
																																											
																																											
																																											
																																											
																																											
																																											
																																											
																																											
																																											
																																											
																																											
																																											
																																											
																																											
																																											
																																											
																																											
																																											
																																											
																																											
																																											
																																											
																																											
																																											
																																											
																																											
																																											
																																											
																																											
																																											
																																											
																																											
																																											
																																											
																																											
																																											
																																											
																																											
																																											
																																											
																																											
																																											
																																											
																																											
																																											
																																											
																																											
																																											
																																											
																																											
																																											
																																											
																																											
																																											
																																											
																																											
																																											
																																											
																																											
																																											
																																											
																																											
																																											
																																											
																																											
																																											
																																											
																																											
																																											
																																											
																																											
																																											
																																											
																																											
																																											
																																											
																																											
																																											
																																											
																																											
																																											
																																											
																																											
																																											
																																											
																																											
																																											
																																											
																																											
																																											
																																											
																																											
																																											
																																											
																																											
																																											
																																											
																																											
																																											
																																											
																																											
																																											
																																											
																																											
																																											
																																											
																																											
																																											
																																											
																																											
																																											
																																											
																																											
																																											
																																											
																																											
																																											
																																											
																																											
																																											
																																											
																																											
																																											
																																											
																																											
																																											
																																											
																																											
																																											
																																											
																																											
																																											
																																											
																																											
																																											
																																											
																																											
																																											
																																											
																																											
																																											
																																											
																																											
																																											
																																											
																																											
																																											
																																											
																																											
																																											
																																											
																																											
																																											
																																											
																																											
																																											
																																											
																																											
																																											
																																											
																																											
																																											
																																											
																																											
																																											
																																											
																																											
																																											
																																											
																																											
																																											
																																											
																																											
																																											
																																											
																																											
																																											
																																											
																																											
																																											
																																											
																																											
																																											
																																											
																																											
																																											
																																											
																																											
																																											
																																											
																																											
																																											
																																											
																																											
																																											
																																											
																																											
																																											
																																											
																																											
																																											
																																											
																																											
																																											
																																											
																																											
																																											
																																											
																																											
																																											
																																											
																																											
																																											
																																											
																																											
																																											
																																											
																																											
																																											
																																											
																																											
																																											
																																											
																																											
																																											
																																											
																																											
																																											
																																											
																																											
																																											
																																											
																																											
																																											
																																											
																																											
																																											
																																											
																																											
																																											
																																											
																																											
																																											
																																											
																																											
																																											
																																											
																																											
																																											
																																											
																																											
																																											
																																											
																																											
																																											
																																											
																																											
																																											
																																											
																																											
																																											
																																											
																																											
																																											
																																											
																																											
																																											
																																											
																																											
																																											
																																											
																																											
																																											
																																											
																																											
																																											
																																											
																																											
																																											
																																											
																																											
																																											
																																											
																																											
																																											
																																											
																																											
																																											
																																											
																																											
																																											
																																											
																																											
																																											
																																											
																																											
																																											
																																											
																																											
																																											
																																											
																																											
																																											
																																											
																																											
																																											
																																											
																																											
																																											
																																											
																																											
																																											
																																											
																																											
																																											
																																											
																																											
																																											
																																											
																																											
																																											
																																											
																																											
																																											
																																											
																																											
																																											
																																											
																																											
																																											
																																											
																																											
																																											
																																											
																																											
																																											
																																											
																																											
																																											
																																											
																																											
																																											
																																											
																																											
																																											
																																											
																																											
																																											
																																											
																																											
																																											
																																											
																																											
																																											
																																											
																																											
																																											
																																											
																																											
																																											
																																											
																																											
																																											
																																											
																																											
																																											
																																											
																																											
																																											
																																											
																																											
																																											
																																											
																																											
																																											
																																											
																																											
																																											
																																											
																																											
																																											
																																											
																																											
																																											
																																											
																																											
																																											
																																											
																																											
																																											
																																											
																																											
																																											
																																											
																																											
																																											
																																											
																																											
																																											
																																											
																																											
																																											
																																											
																																											
																																											
																																											
																																											
																																											
																																											
																																											
																																											
																																											
																																											
																																											
																																											
																																											
																																											
																																											
																																											
																																											
																																											
																																											
																																											
																																											
																																											
																																											
																																											
																																											
																																											
																																											
																																											
																																											
																																											
																																											
																																											
																																											
																																											
																																											
																																											
																																											
																																											
																																											
																																											
																																											
																																											
																																											
																																											
																																											
																																											
																																											
																																											
																																											
																																											
																																											
																																											
																																											
																																											
																																											
																																											
																																											
																																											
																																											
																																											
																																											
																																											
																																											
																																											
																																											
																																											
																																											
																																											
																																											
																																											
																																											
																																											
																																											
																																											
																																											
																																											
																																											
																																											
																																											
																																											
																																											
																																											
																																											
																																											
																																											
																																											
																																											
																																											
16101																																											
